listing_key,ticker,exchange,name,fd_symbol,fd_name,fd_isin,official_ticker,official_name,official_isin,official_source_key,official_sector,official_reference_asset_type,reference_asset_type_conflict,local_same_isin_any_venue,local_same_isin_venues,openfigi_query_type,openfigi_query_value,openfigi_common_stock_match_count,openfigi_common_stock_figis,openfigi_common_stock_names,openfigi_common_stock_exchange_codes,openfigi_security_types,openfigi_match_status,apply_action,reason,stock_sector_action,isin_action
ASX::ACP,ACP,ASX,AUDALIA RESOURCES LIMITED,ACP.AX,Audalia Resources Limited,,ACP,AUDALIA RESOURCES LIMITED,,asx_listed_companies,Materials,Stock,false,false,,TICKER,ACP,3,BBG001P2S8D3|BBG001P2S8F1|BBG001VKS659,AUDALIA RESOURCES LTD|AUDALIA RESOURCES LTD|AUDALIA RESOURCES LTD,AH|AT|AU,Common Stock,common_stock_name_match,add_coverage_expansion,Active official Stock reference plus OpenFIGI Common Stock issuer-name match.,use_official_reference,leave_blank_until_official_identifier
ASX::ACU,ACU,ASX,ACUMENTIS GROUP LIMITED,ACU.AX,Acumentis Group Limited,,ACU,ACUMENTIS GROUP LIMITED,,asx_listed_companies,Real Estate,Stock,false,false,,TICKER,ACU,3,BBG000BZMJ67|BBG000BZMJY6|BBG002F3HB09,ACUMENTIS GROUP LTD|ACUMENTIS GROUP LTD|ACUMENTIS GROUP LTD,AH|AT|AU,Common Stock,common_stock_name_match,add_coverage_expansion,Active official Stock reference plus OpenFIGI Common Stock issuer-name match.,use_official_reference,leave_blank_until_official_identifier
ASX::ADY,ADY,ASX,ADMIRALTY RESOURCES NL.,ADY.AX,Admiralty Resources NL,AU000000ADY7,ADY,ADMIRALTY RESOURCES NL.,,asx_listed_companies,Materials,Stock,false,false,,TICKER,ADY,21,BBG000PLJXX6|BBG000PLJYH2|BBG002F3K6K4|BBG00M0XVL25|BBG00M0XVL52|BBG00M0XVL98|BBG00M0XVLD3|BBG00M0XVLH9|BBG00M0XVLJ7|BBG00M0XVLK5|BBG00M0XVLL4|BBG00M0XVLP0|BBG00M0XVLQ9|BBG00M0XVLS7|BBG00M0XVLT6|BBG00M0XVLV3|BBG00M0XVLX1|BBG00M0XVM23|BBG019LPMKL8|BBG01J14TKN6|BBG01J15JVK3,ADMIRALTY RESOURCES NL|ADMIRALTY RESOURCES NL|ADMIRALTY RESOURCES NL|ADYTON RESOURCES CORP|ADYTON RESOURCES CORP|ADYTON RESOURCES CORP|ADYTON RESOURCES CORP|ADYTON RESOURCES CORP|ADYTON RESOURCES CORP|ADYTON RESOURCES CORP|ADYTON RESOURCES CORP|ADYTON RESOURCES CORP|ADYTON RESOURCES CORP|ADYTON RESOURCES CORP|ADYTON RESOURCES CORP|ADYTON RESOURCES CORP|ADYTON RESOURCES CORP|ADYTON RESOURCES CORP|ADYTON RESOURCES CORP|ADYTON RESOURCES CORP|ADYTON RESOURCES CORP,AH|AT|AU|BF|CJ|CN|CV|DG|DK|DS|DV|HD|HX|QF|QG|QH|TG|TK|TN|TV|TW,Common Stock,common_stock_name_match,add_coverage_expansion,Active official Stock reference plus OpenFIGI Common Stock issuer-name match.,use_official_reference,leave_blank_until_official_identifier
ASX::AEI,AEI,ASX,AERIS ENVIRONMENTAL LTD,AEI.AX,Aeris Environmental Ltd,,AEI,AERIS ENVIRONMENTAL LTD,,asx_listed_companies,Industrials,Stock,false,false,,TICKER,AEI,3,BBG000F7R695|BBG000F7R766|BBG002F3K786,AERIS ENVIRONMENTAL LTD|AERIS ENVIRONMENTAL LTD|AERIS ENVIRONMENTAL LTD,AH|AT|AU,Common Stock,common_stock_name_match,add_coverage_expansion,Active official Stock reference plus OpenFIGI Common Stock issuer-name match.,use_official_reference,leave_blank_until_official_identifier
ASX::AER,AER,ASX,AEERIS LTD,AER.AX,Aeeris Limited,,AER,AEERIS LTD,,asx_listed_companies,Communication Services,Stock,false,false,,TICKER,AER,3,BBG007DN3GH2|BBG007DN8NZ2|BBG007DN8SC6,AEERIS LTD|AEERIS LTD|AEERIS LTD,AH|AT|AU,Common Stock,common_stock_name_match,add_coverage_expansion,Active official Stock reference plus OpenFIGI Common Stock issuer-name match.,use_official_reference,leave_blank_until_official_identifier
ASX::AFG,AFG,ASX,AUSTRALIAN FINANCE GROUP LTD,AFG.AX,Australian Finance Group Limited,,AFG,AUSTRALIAN FINANCE GROUP LTD,,asx_listed_companies,Financials,Stock,false,false,,TICKER,AFG,3,BBG000Q6DRL0|BBG008NMQTD2|BBG008NMQTJ6,AUSTRALIAN FINANCE GROUP LTD|AUSTRALIAN FINANCE GROUP LTD|AUSTRALIAN FINANCE GROUP LTD,AH|AT|AU,Common Stock,common_stock_name_match,add_coverage_expansion,Active official Stock reference plus OpenFIGI Common Stock issuer-name match.,use_official_reference,leave_blank_until_official_identifier
ASX::AFL,AFL,ASX,AF LEGAL GROUP LTD,AFL.AX,AF Legal Group Limited,,AFL,AF LEGAL GROUP LTD,,asx_listed_companies,Industrials,Stock,false,false,,TICKER,AFL,3,BBG000JQSX53|BBG000JQSXS8|BBG002F3JSS0,AF LEGAL GROUP|AF LEGAL GROUP|AF LEGAL GROUP,AH|AT|AU,Common Stock,common_stock_name_match,add_coverage_expansion,Active official Stock reference plus OpenFIGI Common Stock issuer-name match.,use_official_reference,leave_blank_until_official_identifier
ASX::AFP,AFP,ASX,AFT PHARMACEUTICALS LIMITED,AFP.AX,AFT Pharmaceuticals Limited,,AFP,AFT PHARMACEUTICALS LIMITED,,asx_listed_companies,Health Care,Stock,false,false,,TICKER,AFP,3,BBG00BQXDKJ5|BBG00BQXDKK3|BBG00BQXDKP8,AFT PHARMACEUTICALS LTD|AFT PHARMACEUTICALS LTD|AFT PHARMACEUTICALS LTD,AH|AT|AU,Common Stock,common_stock_name_match,add_coverage_expansion,Active official Stock reference plus OpenFIGI Common Stock issuer-name match.,use_official_reference,leave_blank_until_official_identifier
ASX::AIV,AIV,ASX,ACTIVEX LIMITED,AIV.AX,ActivEX Limited,,AIV,ACTIVEX LIMITED,,asx_listed_companies,Materials,Stock,false,false,,TICKER,AIV,3,BBG000BPLVG2|BBG000BPLW25|BBG002F3J4D9,ACTIVEX LTD|ACTIVEX LTD|ACTIVEX LTD,AH|AT|AU,Common Stock,common_stock_name_match,add_coverage_expansion,Active official Stock reference plus OpenFIGI Common Stock issuer-name match.,use_official_reference,leave_blank_until_official_identifier
ASX::ALB,ALB,ASX,ALBION RESOURCES LIMITED,ALB.AX,Albion Resources Limited,AU0000142002,ALB,ALBION RESOURCES LIMITED,,asx_listed_companies,Materials,Stock,false,false,,TICKER,ALB,3,BBG00ZVZ34C5|BBG00ZVZ34D4|BBG00ZVZ34J8,ALBION RESOURCES LTD/AU|ALBION RESOURCES LTD/AU|ALBION RESOURCES LTD/AU,AH|AT|AU,Common Stock,common_stock_name_match,add_coverage_expansion,Active official Stock reference plus OpenFIGI Common Stock issuer-name match.,use_official_reference,leave_blank_until_official_identifier
ASX::ALC,ALC,ASX,ALCIDION GROUP LIMITED,ALC.AX,Alcidion Group Limited,,ALC,ALCIDION GROUP LIMITED,,asx_listed_companies,Health Care,Stock,false,false,,TICKER,ALC,3,BBG001P0XB53|BBG001P0XB62|BBG002F3T5N4,ALCIDION GROUP LTD|ALCIDION GROUP LTD|ALCIDION GROUP LTD,AH|AT|AU,Common Stock,common_stock_name_match,add_coverage_expansion,Active official Stock reference plus OpenFIGI Common Stock issuer-name match.,use_official_reference,leave_blank_until_official_identifier
ASX::AMH,AMH,ASX,AMCIL LIMITED,AMH.AX,Amcil Limited,,AMH,AMCIL LIMITED,,asx_listed_companies,,Stock,false,false,,TICKER,AMH,0,,,,Common Stock,common_stock_name_mismatch,blocked_openfigi_name_mismatch,"OpenFIGI returned Common Stock results, but none matched the official issuer name.",leave_blank_until_official_sector,leave_blank_until_official_identifier
ASX::AMN,AMN,ASX,AGRIMIN LIMITED,AMN.AX,Agrimin Limited,,AMN,AGRIMIN LIMITED,,asx_listed_companies,Materials,Stock,false,false,,TICKER,AMN,3,BBG000T1BW39|BBG000T1BWD8|BBG002F3NBP5,AGRIMIN LTD|AGRIMIN LTD|AGRIMIN LTD,AH|AT|AU,Common Stock,common_stock_name_match,add_coverage_expansion,Active official Stock reference plus OpenFIGI Common Stock issuer-name match.,use_official_reference,leave_blank_until_official_identifier
ASX::AOA,AOA,ASX,AUSMON RESOURCES LIMITED,AOA.AX,Ausmon Resources Limited,,AOA,AUSMON RESOURCES LIMITED,,asx_listed_companies,Materials,Stock,false,false,,TICKER,AOA,3,BBG000BHD282|BBG000BHD2J0|BBG002F3K492,AUSMON RESOURCES LTD|AUSMON RESOURCES LTD|AUSMON RESOURCES LTD,AH|AT|AU,Common Stock,common_stock_name_match,add_coverage_expansion,Active official Stock reference plus OpenFIGI Common Stock issuer-name match.,use_official_reference,leave_blank_until_official_identifier
ASX::ASH,ASH,ASX,ASHLEY SERVICES GROUP LIMITED,ASH.AX,Ashley Services Group Limited,,ASH,ASHLEY SERVICES GROUP LIMITED,,asx_listed_companies,Industrials,Stock,false,false,,TICKER,ASH,3,BBG005CX94T3|BBG005CX94V0|BBG005CX94Z6,ASHLEY SERVICES GROUP LTD|ASHLEY SERVICES GROUP LTD|ASHLEY SERVICES GROUP LTD,AH|AT|AU,Common Stock,common_stock_name_match,add_coverage_expansion,Active official Stock reference plus OpenFIGI Common Stock issuer-name match.,use_official_reference,leave_blank_until_official_identifier
ASX::ATR,ATR,ASX,ASTRON LIMITED,ATR.AX,Astron Corporation Limited,AU000000ATR7,ATR,ASTRON LIMITED,,asx_listed_companies,Materials,Stock,false,false,,TICKER,ATR,3,BBG01W6GQ846|BBG01W6GQ855|BBG01W6GQ891,ASTRON LTD|ASTRON LTD|ASTRON LTD,AH|AT|AU,Common Stock,common_stock_name_match,add_coverage_expansion,Active official Stock reference plus OpenFIGI Common Stock issuer-name match.,use_official_reference,leave_blank_until_official_identifier
ASX::AVA,AVA,ASX,AVA RISK GROUP LIMITED,AVA.AX,Ava Risk Group Limited,,AVA,AVA RISK GROUP LIMITED,,asx_listed_companies,Information Technology,Stock,false,false,,TICKER,AVA,3,BBG008KF3P61|BBG008KF3P89|BBG008KF3PD3,AVA RISK GROUP LTD|AVA RISK GROUP LTD|AVA RISK GROUP LTD,AH|AT|AU,Common Stock,common_stock_name_match,add_coverage_expansion,Active official Stock reference plus OpenFIGI Common Stock issuer-name match.,use_official_reference,leave_blank_until_official_identifier
ASX::AZI,AZI,ASX,ALTAMIN LIMITED,AZI.AX,Altamin Limited,,AZI,ALTAMIN LIMITED,,asx_listed_companies,Materials,Stock,false,false,,TICKER,AZI,3,BBG000PXN0W8|BBG000PXN110|BBG002F3Q9N9,ALTAMIN LTD|ALTAMIN LTD|ALTAMIN LTD,AH|AT|AU,Common Stock,common_stock_name_match,add_coverage_expansion,Active official Stock reference plus OpenFIGI Common Stock issuer-name match.,use_official_reference,leave_blank_until_official_identifier
ASX::BAP,BAP,ASX,BAPCOR LIMITED,BAP.AX,Bapcor Limited,,BAP,BAPCOR LIMITED,,asx_listed_companies,Consumer Discretionary,Stock,false,false,,TICKER,BAP,3,BBG0068LJSL6|BBG0068LJSM5|BBG0068LJSR0,BAPCOR LTD|BAPCOR LTD|BAPCOR LTD,AH|AT|AU,Common Stock,common_stock_name_match,add_coverage_expansion,Active official Stock reference plus OpenFIGI Common Stock issuer-name match.,use_official_reference,leave_blank_until_official_identifier
ASX::BNR,BNR,ASX,BULLETIN RESOURCES LIMITED,BNR.AX,Bulletin Resources Limited,,BNR,BULLETIN RESOURCES LIMITED,,asx_listed_companies,Materials,Stock,false,false,,TICKER,BNR,3,BBG0019PDF13|BBG0019PDF22|BBG002F3S225,BULLETIN RESOURCES LTD|BULLETIN RESOURCES LTD|BULLETIN RESOURCES LTD,AH|AT|AU,Common Stock,common_stock_name_match,add_coverage_expansion,Active official Stock reference plus OpenFIGI Common Stock issuer-name match.,use_official_reference,leave_blank_until_official_identifier
ASX::BTR,BTR,ASX,BRIGHTSTAR RESOURCES LIMITED,BTR.AX,Brightstar Resources Limited,,BTR,BRIGHTSTAR RESOURCES LIMITED,,asx_listed_companies,Materials,Stock,false,false,,TICKER,BTR,21,BBG000CP96Y0|BBG000CP97F9|BBG000DD90R7|BBG000DD9220|BBG000DD94B6|BBG000DD96V9|BBG000DDB9Q6|BBG000DDB9X8|BBG000DDCCM2|BBG001QLJCV1|BBG002F3HZH8|BBG003G88SF2|BBG004J9XJH5|BBG005XRK394|BBG0086KHWP5|BBG0086KHWQ4|BBG00DVN3048|BBG00LN9KK29|BBG019LPJ9X4|BBG01J14Q9P2|BBG01J15FLN6,BRIGHTSTAR RESOURCES LTD|BRIGHTSTAR RESOURCES LTD|BONTERRA RESOURCES INC|BONTERRA RESOURCES INC|BONTERRA RESOURCES INC|BONTERRA RESOURCES INC|BONTERRA RESOURCES INC|BONTERRA RESOURCES INC|BONTERRA RESOURCES INC|BONTERRA RESOURCES INC|BRIGHTSTAR RESOURCES LTD|BONTERRA RESOURCES INC|BONTERRA RESOURCES INC|BONTERRA RESOURCES INC|BONTERRA RESOURCES INC|BONTERRA RESOURCES INC|BONTERRA RESOURCES INC|BONTERRA RESOURCES INC|BONTERRA RESOURCES INC|BONTERRA RESOURCES INC|BONTERRA RESOURCES INC,AH|AT|AU|BF|CJ|CN|CV|DG|DK|DS|DV|HD|HX|QF|QG|QH|TG|TK|TN|TV|TW,Common Stock,common_stock_name_match,add_coverage_expansion,Active official Stock reference plus OpenFIGI Common Stock issuer-name match.,use_official_reference,leave_blank_until_official_identifier
ASX::CAE,CAE,ASX,CANNINDAH RESOURCES LIMITED,CAE.AX,Cannindah Resources Limited,,CAE,CANNINDAH RESOURCES LIMITED,,asx_listed_companies,Materials,Stock,false,false,,TICKER,CAE,3,BBG000DLMB36|BBG000DLMBQ1|BBG002F3KST7,CANNINDAH RESOURCES LTD|CANNINDAH RESOURCES LTD|CANNINDAH RESOURCES LTD,AH|AT|AU,Common Stock,common_stock_name_match,add_coverage_expansion,Active official Stock reference plus OpenFIGI Common Stock issuer-name match.,use_official_reference,leave_blank_until_official_identifier
ASX::CCR,CCR,ASX,CREDIT CLEAR LIMITED,CCR.AX,Credit Clear Limited,,CCR,CREDIT CLEAR LIMITED,,asx_listed_companies,Information Technology,Stock,false,false,,TICKER,CCR,3,BBG00XP35N25|BBG00XP35N43|BBG00XP35NB5,CREDIT CLEAR LTD|CREDIT CLEAR LTD|CREDIT CLEAR LTD,AH|AT|AU,Common Stock,common_stock_name_match,add_coverage_expansion,Active official Stock reference plus OpenFIGI Common Stock issuer-name match.,use_official_reference,leave_blank_until_official_identifier
ASX::CDT,CDT,ASX,CASTLE MINERALS LIMITED,CDT.AX,Castle Minerals Limited,,CDT,CASTLE MINERALS LIMITED,,asx_listed_companies,Materials,Stock,false,false,,TICKER,CDT,3,BBG000NP8SC5|BBG000NP8SX2|BBG002F3M285,CASTLE MINERALS LTD|CASTLE MINERALS LTD|CASTLE MINERALS LTD,AH|AT|AU,Common Stock,common_stock_name_match,add_coverage_expansion,Active official Stock reference plus OpenFIGI Common Stock issuer-name match.,use_official_reference,leave_blank_until_official_identifier
ASX::CGO,CGO,ASX,CPT GLOBAL LIMITED,CGO.AX,CPT Global Limited,,CGO,CPT GLOBAL LIMITED,,asx_listed_companies,Information Technology,Stock,false,false,,TICKER,CGO,3,BBG000C2YVD1|BBG000C2YVR6|BBG002F3J4H5,CPT GLOBAL LIMITED|CPT GLOBAL LIMITED|CPT GLOBAL LIMITED,AH|AT|AU,Common Stock,common_stock_name_match,add_coverage_expansion,Active official Stock reference plus OpenFIGI Common Stock issuer-name match.,use_official_reference,leave_blank_until_official_identifier
ASX::CLU,CLU,ASX,CLUEY LTD,CLU.AX,Cluey Ltd,,CLU,CLUEY LTD,,asx_listed_companies,Consumer Discretionary,Stock,false,false,,TICKER,CLU,3,BBG00P1BBQD4|BBG00XYKDX26|BBG00XYKDX62,CLUEY LTD|CLUEY LTD|CLUEY LTD,AH|AT|AU,Common Stock,common_stock_name_match,add_coverage_expansion,Active official Stock reference plus OpenFIGI Common Stock issuer-name match.,use_official_reference,leave_blank_until_official_identifier
ASX::CLX,CLX,ASX,CTI LOGISTICS LIMITED,CLX.AX,CTI Logistics Limited,,CLX,CTI LOGISTICS LIMITED,,asx_listed_companies,Industrials,Stock,false,false,,TICKER,CLX,3,BBG000C0ZDV4|BBG000C0ZFW8|BBG002F3H478,CTI LOGISTICS LTD|CTI LOGISTICS LTD|CTI LOGISTICS LTD,AH|AT|AU,Common Stock,common_stock_name_match,add_coverage_expansion,Active official Stock reference plus OpenFIGI Common Stock issuer-name match.,use_official_reference,leave_blank_until_official_identifier
ASX::CVV,CVV,ASX,CARAVEL MINERALS LIMITED,CVV.AX,Caravel Minerals Limited,,CVV,CARAVEL MINERALS LIMITED,,asx_listed_companies,Materials,Stock,false,false,,TICKER,CVV,3,BBG000C1K2R7|BBG000C1K377|BBG002F3K535,CARAVEL MINERALS LTD|CARAVEL MINERALS LTD|CARAVEL MINERALS LTD,AH|AT|AU,Common Stock,common_stock_name_match,add_coverage_expansion,Active official Stock reference plus OpenFIGI Common Stock issuer-name match.,use_official_reference,leave_blank_until_official_identifier
ASX::CYG,CYG,ASX,COVENTRY GROUP LIMITED,CYG.AX,Coventry Group Ltd,,CYG,COVENTRY GROUP LIMITED,,asx_listed_companies,Industrials,Stock,false,false,,TICKER,CYG,3,BBG000BKB072|BBG000BKB1C4|BBG002F3FJR5,COVENTRY GROUP LTD|COVENTRY GROUP LTD|COVENTRY GROUP LTD,AH|AT|AU,Common Stock,common_stock_name_match,add_coverage_expansion,Active official Stock reference plus OpenFIGI Common Stock issuer-name match.,use_official_reference,leave_blank_until_official_identifier
ASX::DTM,DTM,ASX,DART MINING NL,DTM.AX,Dart Mining NL,,DTM,DART MINING NL,,asx_listed_companies,Materials,Stock,false,false,,TICKER,DTM,3,BBG000PSV6B0|BBG000PSV8D4|BBG002F3MB85,DART MINING NL|DART MINING NL|DART MINING NL,AH|AT|AU,Common Stock,common_stock_name_match,add_coverage_expansion,Active official Stock reference plus OpenFIGI Common Stock issuer-name match.,use_official_reference,leave_blank_until_official_identifier
ASX::EGG,EGG,ASX,ENERO GROUP LIMITED,EGG.AX,Enero Group Limited,,EGG,ENERO GROUP LIMITED,,asx_listed_companies,Communication Services,Stock,false,false,,TICKER,EGG,3,BBG000NPXV94|BBG000NPXVX7|BBG002F3K5Z0,ENERO GROUP LTD|ENERO GROUP LTD|ENERO GROUP LTD,AH|AT|AU,Common Stock,common_stock_name_match,add_coverage_expansion,Active official Stock reference plus OpenFIGI Common Stock issuer-name match.,use_official_reference,leave_blank_until_official_identifier
ASX::ELD,ELD,ASX,ELDERS LIMITED,ELD.AX,Elders Limited,AU000000ELD6,ELD,ELDERS LIMITED,,asx_listed_companies,Consumer Staples,Stock,false,false,,TICKER,ELD,3,BBG000BKCVW5|BBG000BKCW80|BBG002F3FKB9,ELDERS LTD|ELDERS LTD|ELDERS LTD,AH|AT|AU,Common Stock,common_stock_name_match,add_coverage_expansion,Active official Stock reference plus OpenFIGI Common Stock issuer-name match.,use_official_reference,leave_blank_until_official_identifier
ASX::ENR,ENR,ASX,ENCOUNTER RESOURCES LIMITED,ENR.AX,Encounter Resources Limited,,ENR,ENCOUNTER RESOURCES LIMITED,,asx_listed_companies,Materials,Stock,false,false,,TICKER,ENR,3,BBG000N01CM1|BBG000N01D58|BBG002F3LZR2,ENCOUNTER RESOURCES LTD|ENCOUNTER RESOURCES LTD|ENCOUNTER RESOURCES LTD,AH|AT|AU,Common Stock,common_stock_name_match,add_coverage_expansion,Active official Stock reference plus OpenFIGI Common Stock issuer-name match.,use_official_reference,leave_blank_until_official_identifier
ASX::EQX,EQX,ASX,EQUATORIAL RESOURCES LIMITED,EQX.AX,Equatorial Resources Limited,,EQX,EQUATORIAL RESOURCES LIMITED,,asx_listed_companies,Materials,Stock,false,false,,TICKER,EQX,3,BBG000BR0T30|BBG000BR0TG6|BBG002F3HFP3,EQUATORIAL RESOURCES LTD|EQUATORIAL RESOURCES LTD|EQUATORIAL RESOURCES LTD,AH|AT|AU,Common Stock,common_stock_name_match,add_coverage_expansion,Active official Stock reference plus OpenFIGI Common Stock issuer-name match.,use_official_reference,leave_blank_until_official_identifier
ASX::EXP,EXP,ASX,EXPERIENCE CO LIMITED,EXP.AX,Experience Co Limited,,EXP,EXPERIENCE CO LIMITED,,asx_listed_companies,Consumer Discretionary,Stock,false,false,,TICKER,EXP,3,BBG0084FFRX2|BBG0084FFRY1|BBG0084FFS24,EXPERIENCE CO LTD|EXPERIENCE CO LTD|EXPERIENCE CO LTD,AH|AT|AU,Common Stock,common_stock_name_match,add_coverage_expansion,Active official Stock reference plus OpenFIGI Common Stock issuer-name match.,use_official_reference,leave_blank_until_official_identifier
ASX::FDV,FDV,ASX,FRONTIER DIGITAL VENTURES LIMITED,FDV.AX,Frontier Digital Ventures Limited,,FDV,FRONTIER DIGITAL VENTURES LIMITED,,asx_listed_companies,Communication Services,Stock,false,false,,TICKER,FDV,3,BBG00DKK7BG5|BBG00DKK7BT1|BBG00DKK7BY5,FRONTIER DIGITAL VENTURES LT|FRONTIER DIGITAL VENTURES LT|FRONTIER DIGITAL VENTURES LT,AH|AT|AU,Common Stock,common_stock_name_match,add_coverage_expansion,Active official Stock reference plus OpenFIGI Common Stock issuer-name match.,use_official_reference,leave_blank_until_official_identifier
ASX::FLX,FLX,ASX,FELIX GROUP HOLDINGS LTD,FLX.AX,Felix Group Holdings Ltd,,FLX,FELIX GROUP HOLDINGS LTD,,asx_listed_companies,Information Technology,Stock,false,false,,TICKER,FLX,3,BBG00YJWBXK7|BBG00YJWBXL6|BBG00YJWBXQ1,FELIX GROUP HOLDINGS LTD|FELIX GROUP HOLDINGS LTD|FELIX GROUP HOLDINGS LTD,AH|AT|AU,Common Stock,common_stock_name_match,add_coverage_expansion,Active official Stock reference plus OpenFIGI Common Stock issuer-name match.,use_official_reference,leave_blank_until_official_identifier
ASX::FSI,FSI,ASX,FLAGSHIP INVESTMENTS LIMITED,FSI.AX,Flagship Investments Limited,,FSI,FLAGSHIP INVESTMENTS LIMITED,,asx_listed_companies,,Stock,false,false,,TICKER,FSI,1,BBG000BQBVS8,FIRST SHANGHAI INVESTMENTS,GR,Common Stock,common_stock_name_match,add_coverage_expansion,Active official Stock reference plus OpenFIGI Common Stock issuer-name match.,leave_blank_until_official_sector,leave_blank_until_official_identifier
ASX::FWD,FWD,ASX,FLEETWOOD LIMITED,FWD.AX,Fleetwood Limited,,FWD,FLEETWOOD LIMITED,,asx_listed_companies,Consumer Discretionary,Stock,false,false,,TICKER,FWD,3,BBG000BM78Q5|BBG000BM7910|BBG0027TW641,FLEETWOOD LTD|FLEETWOOD LTD|FLEETWOOD LTD,AH|AT|AU,Common Stock,common_stock_name_match,add_coverage_expansion,Active official Stock reference plus OpenFIGI Common Stock issuer-name match.,use_official_reference,leave_blank_until_official_identifier
ASX::GAL,GAL,ASX,GALILEO MINING LTD,GAL.AX,Galileo Mining Ltd,,GAL,GALILEO MINING LTD,,asx_listed_companies,Materials,Stock,false,false,,TICKER,GAL,3,BBG00KY19158|BBG00KY19167|BBG00KY191B1,GALILEO MINING LTD|GALILEO MINING LTD|GALILEO MINING LTD,AH|AT|AU,Common Stock,common_stock_name_match,add_coverage_expansion,Active official Stock reference plus OpenFIGI Common Stock issuer-name match.,use_official_reference,leave_blank_until_official_identifier
ASX::GIB,GIB,ASX,GIBB RIVER DIAMONDS LIMITED,GIB.AX,Gibb River Diamonds Limited,,GIB,GIBB RIVER DIAMONDS LIMITED,,asx_listed_companies,Materials,Stock,false,false,,TICKER,GIB,3,BBG000BG3NV3|BBG000BG3P39|BBG002F3JNL8,GIBB RIVER DIAMONDS LTD|GIBB RIVER DIAMONDS LTD|GIBB RIVER DIAMONDS LTD,AH|AT|AU,Common Stock,common_stock_name_match,add_coverage_expansion,Active official Stock reference plus OpenFIGI Common Stock issuer-name match.,use_official_reference,leave_blank_until_official_identifier
ASX::GLL,GLL,ASX,GALILEE ENERGY LIMITED,GLL.AX,Galilee Energy Limited,,GLL,GALILEE ENERGY LIMITED,,asx_listed_companies,Energy,Stock,false,false,,TICKER,GLL,3,BBG000FT0Q74|BBG000FT0QL8|BBG002F3GGK7,GALILEE ENERGY LTD|GALILEE ENERGY LTD|GALILEE ENERGY LTD,AH|AT|AU,Common Stock,common_stock_name_match,add_coverage_expansion,Active official Stock reference plus OpenFIGI Common Stock issuer-name match.,use_official_reference,leave_blank_until_official_identifier
ASX::GNE,GNE,ASX,GENESIS ENERGY LIMITED,GNE.AX,Genesis Energy Limited,,GNE,GENESIS ENERGY LIMITED,,asx_listed_companies,Utilities,Stock,false,false,,TICKER,GNE,4,BBG0067SKPB7|BBG0067V87S6|BBG0067V87V2|BBG0067V87Z8,GENESIS ENERGY LTD|GENESIS ENERGY LTD|GENESIS ENERGY LTD|GENESIS ENERGY LTD,AH|AT|AU|NZ,Common Stock,common_stock_name_match,add_coverage_expansion,Active official Stock reference plus OpenFIGI Common Stock issuer-name match.,use_official_reference,leave_blank_until_official_identifier
ASX::GSM,GSM,ASX,GOLDEN STATE MINING LIMITED,GSM.AX,Golden State Mining Limited,AU0000023574,GSM,GOLDEN STATE MINING LIMITED,,asx_listed_companies,Materials,Stock,false,false,,TICKER,GSM,3,BBG00LTTBCR0|BBG00LTTBCS9|BBG00LTTBCX3,GOLDEN STATE MINING LTD|GOLDEN STATE MINING LTD|GOLDEN STATE MINING LTD,AH|AT|AU,Common Stock,common_stock_name_match,add_coverage_expansion,Active official Stock reference plus OpenFIGI Common Stock issuer-name match.,use_official_reference,leave_blank_until_official_identifier
ASX::GTK,GTK,ASX,GENTRACK GROUP LIMITED,GTK.AX,Gentrack Group Limited,,GTK,GENTRACK GROUP LIMITED,,asx_listed_companies,Information Technology,Stock,false,false,,TICKER,GTK,4,BBG006L0RX64|BBG006LDSFX4|BBG006LDSFY3|BBG006LDSG26,GENTRACK GROUP LTD|GENTRACK GROUP LTD|GENTRACK GROUP LTD|GENTRACK GROUP LTD,AH|AT|AU|NZ,Common Stock,common_stock_name_match,add_coverage_expansion,Active official Stock reference plus OpenFIGI Common Stock issuer-name match.,use_official_reference,leave_blank_until_official_identifier
ASX::HIT,HIT,ASX,HITECH GROUP AUSTRALIA LIMITED,HIT.AX,HiTech Group Australia Limited,,HIT,HITECH GROUP AUSTRALIA LIMITED,,asx_listed_companies,Industrials,Stock,false,false,,TICKER,HIT,3,BBG000BK7R50|BBG000BK7RX9|BBG002F3GMH8,HITECH GROUP AUSTRALIA LTD|HITECH GROUP AUSTRALIA LTD|HITECH GROUP AUSTRALIA LTD,AH|AT|AU,Common Stock,common_stock_name_match,add_coverage_expansion,Active official Stock reference plus OpenFIGI Common Stock issuer-name match.,use_official_reference,leave_blank_until_official_identifier
ASX::HYD,HYD,ASX,HYDRIX LIMITED,HYD.AX,Hydrix Limited,,HYD,HYDRIX LIMITED,,asx_listed_companies,Information Technology,Stock,false,false,,TICKER,HYD,3,BBG000BWBR86|BBG000BWBS20|BBG002F3H3R8,HYDRIX LTD|HYDRIX LTD|HYDRIX LTD,AH|AT|AU,Common Stock,common_stock_name_match,add_coverage_expansion,Active official Stock reference plus OpenFIGI Common Stock issuer-name match.,use_official_reference,leave_blank_until_official_identifier
ASX::IMR,IMR,ASX,IMRICOR MEDICAL SYSTEMS INC.,IMR.AX,"Imricor Medical Systems, Inc.",AU0000054942,IMR,IMRICOR MEDICAL SYSTEMS INC.,,asx_listed_companies,Health Care,Stock,false,false,,TICKER,IMR,0,,,,Common Stock,common_stock_name_mismatch,blocked_openfigi_name_mismatch,"OpenFIGI returned Common Stock results, but none matched the official issuer name.",use_official_reference,leave_blank_until_official_identifier
ASX::INF,INF,ASX,INFINITY METALS LIMITED,INF.AX,Infinity Metals Limited,AU0000007627,INF,INFINITY METALS LIMITED,,asx_listed_companies,Materials,Stock,false,false,,TICKER,INF,3,BBG001KRNB32|BBG001KRNB41|BBG002F3SNT0,INFINITY METALS LTD|INFINITY METALS LTD|INFINITY METALS LTD,AH|AT|AU,Common Stock,common_stock_name_match,add_coverage_expansion,Active official Stock reference plus OpenFIGI Common Stock issuer-name match.,use_official_reference,leave_blank_until_official_identifier
ASX::INV,INV,ASX,INVESTSMART GROUP LIMITED,INV.AX,InvestSMART Group Limited,,INV,INVESTSMART GROUP LIMITED,,asx_listed_companies,Financials,Stock,false,false,,TICKER,INV,3,BBG000C097N5|BBG000C097Y3|BBG002F3K1Z9,INVESTSMART GROUP LTD|INVESTSMART GROUP LTD|INVESTSMART GROUP LTD,AH|AT|AU,Common Stock,common_stock_name_match,add_coverage_expansion,Active official Stock reference plus OpenFIGI Common Stock issuer-name match.,use_official_reference,leave_blank_until_official_identifier
ASX::IXC,IXC,ASX,INVEX THERAPEUTICS LTD,IXC.AX,Invex Therapeutics Ltd,,IXC,INVEX THERAPEUTICS LTD,,asx_listed_companies,Health Care,Stock,false,false,,TICKER,IXC,3,BBG00PD615R4|BBG00PD615S3|BBG00PD615X7,INVEX THERAPEUTICS LTD|INVEX THERAPEUTICS LTD|INVEX THERAPEUTICS LTD,AH|AT|AU,Common Stock,common_stock_name_match,add_coverage_expansion,Active official Stock reference plus OpenFIGI Common Stock issuer-name match.,use_official_reference,leave_blank_until_official_identifier
ASX::KAT,KAT,ASX,KATANA CAPITAL LIMITED,KAT.AX,Katana Capital Limited,,KAT,KATANA CAPITAL LIMITED,,asx_listed_companies,,Stock,false,false,,TICKER,KAT,0,,,,,no_common_stock,blocked_openfigi_no_common_stock,OpenFIGI returned no Common Stock result for the query.,leave_blank_until_official_sector,leave_blank_until_official_identifier
ASX::KLR,KLR,ASX,KAILI RESOURCES LIMITED,KLR.AX,Kaili Resources Limited,US4833792025,KLR,KAILI RESOURCES LIMITED,,asx_listed_companies,Energy,Stock,false,false,,TICKER,KLR,3,BBG000BPD8G2|BBG000BPD8V5|BBG002F3GPM5,KAILI RESOURCES LTD|KAILI RESOURCES LTD|KAILI RESOURCES LTD,AH|AT|AU,Common Stock,common_stock_name_match,add_coverage_expansion,Active official Stock reference plus OpenFIGI Common Stock issuer-name match.,use_official_reference,leave_blank_until_official_identifier
ASX::KNO,KNO,ASX,KNOSYS LIMITED,KNO.AX,Knosys Limited,,KNO,KNOSYS LIMITED,,asx_listed_companies,Information Technology,Stock,false,false,,TICKER,KNO,3,BBG009NWXCG4|BBG009NWXD54|BBG009NWXD90,KNOSYS LTD|KNOSYS LTD|KNOSYS LTD,AH|AT|AU,Common Stock,common_stock_name_match,add_coverage_expansion,Active official Stock reference plus OpenFIGI Common Stock issuer-name match.,use_official_reference,leave_blank_until_official_identifier
ASX::KSL,KSL,ASX,KINA SECURITIES LIMITED,KSL.AX,Kina Securities Limited,,KSL,KINA SECURITIES LIMITED,,asx_listed_companies,Financials,Stock,false,false,,TICKER,KSL,4,BBG009HXGTS8|BBG009HXGTX2|BBG009HXGV12|BBG00DR84BP8,KINA SECURITIES LTD|KINA SECURITIES LTD|KINA SECURITIES LTD|KINA SECURITIES LTD,AH|AT|AU|PB,Common Stock,common_stock_name_match,add_coverage_expansion,Active official Stock reference plus OpenFIGI Common Stock issuer-name match.,use_official_reference,leave_blank_until_official_identifier
ASX::LEX,LEX,ASX,LEFROY EXPLORATION LIMITED,LEX.AX,Lefroy Exploration Limited,,LEX,LEFROY EXPLORATION LIMITED,,asx_listed_companies,Materials,Stock,false,false,,TICKER,LEX,3,BBG000BSY9P1|BBG000BSY9W3|BBG002F3G4T5,LEFROY EXPLORATION LTD|LEFROY EXPLORATION LTD|LEFROY EXPLORATION LTD,AH|AT|AU,Common Stock,common_stock_name_match,add_coverage_expansion,Active official Stock reference plus OpenFIGI Common Stock issuer-name match.,use_official_reference,leave_blank_until_official_identifier
ASX::MEM,MEM,ASX,MEMPHASYS LIMITED.,MEM.AX,Memphasys Ltd,AU000000MEM5,MEM,MEMPHASYS LIMITED.,,asx_listed_companies,Health Care,Stock,false,false,,TICKER,MEM,3,BBG000QRTHS2|BBG000QRTJ80|BBG002F3MPG5,MEMPHASYS LTD|MEMPHASYS LTD|MEMPHASYS LTD,AH|AT|AU,Common Stock,common_stock_name_match,add_coverage_expansion,Active official Stock reference plus OpenFIGI Common Stock issuer-name match.,use_official_reference,leave_blank_until_official_identifier
ASX::MHK,MHK,ASX,METAL HAWK LIMITED.,MHK.AX,Metal Hawk Limited,,MHK,METAL HAWK LIMITED.,,asx_listed_companies,Materials,Stock,false,false,,TICKER,MHK,3,BBG00QT8WCM7|BBG00QT8WCN6|BBG00QT8WCS1,METAL HAWK LTD|METAL HAWK LTD|METAL HAWK LTD,AH|AT|AU,Common Stock,common_stock_name_match,add_coverage_expansion,Active official Stock reference plus OpenFIGI Common Stock issuer-name match.,use_official_reference,leave_blank_until_official_identifier
ASX::MTC,MTC,ASX,METALSTECH LIMITED,MTC.AX,MetalsTech Ltd,AU000000MTC4,MTC,METALSTECH LIMITED,,asx_listed_companies,Materials,Stock,false,false,,TICKER,MTC,3,BBG00FF74LL0|BBG00FF74LM9|BBG00FF74LR4,METALSTECH LTD|METALSTECH LTD|METALSTECH LTD,AH|AT|AU,Common Stock,common_stock_name_match,add_coverage_expansion,Active official Stock reference plus OpenFIGI Common Stock issuer-name match.,use_official_reference,leave_blank_until_official_identifier
ASX::MXI,MXI,ASX,MAXIPARTS LIMITED,MXI.AX,MaxiPARTS Limited,,MXI,MAXIPARTS LIMITED,,asx_listed_companies,Industrials,Stock,false,false,,TICKER,MXI,3,BBG000BHHYV2|BBG000BHHZ30|BBG002F3FH62,MAXIPARTS LTD|MAXIPARTS LTD|MAXIPARTS LTD,AH|AT|AU,Common Stock,common_stock_name_match,add_coverage_expansion,Active official Stock reference plus OpenFIGI Common Stock issuer-name match.,use_official_reference,leave_blank_until_official_identifier
ASX::MYE,MYE,ASX,MASTERMYNE GROUP LIMITED,MYE.AX,Mastermyne Group Limited,,MYE,MASTERMYNE GROUP LIMITED,,asx_listed_companies,Materials,Stock,false,false,,TICKER,MYE,3,BBG000QFYPH6|BBG000QFYPQ6|BBG002F3QZQ8,MASTERMYNE GROUP LTD|MASTERMYNE GROUP LTD|MASTERMYNE GROUP LTD,AH|AT|AU,Common Stock,common_stock_name_match,add_coverage_expansion,Active official Stock reference plus OpenFIGI Common Stock issuer-name match.,use_official_reference,leave_blank_until_official_identifier
ASX::NGS,NGS,ASX,NUTRITIONAL GROWTH SOLUTIONS LTD,NGS.AX,Nutritional Growth Solutions Ltd.,,NGS,NUTRITIONAL GROWTH SOLUTIONS LTD,,asx_listed_companies,Consumer Staples,Stock,false,false,,TICKER,NGS,3,BBG00XGXL227|BBG00XGXL236|BBG00XGXL272,NUTRITIONAL GROWTH SOLUTIONS|NUTRITIONAL GROWTH SOLUTIONS|NUTRITIONAL GROWTH SOLUTIONS,AH|AT|AU,Common Stock,common_stock_name_match,add_coverage_expansion,Active official Stock reference plus OpenFIGI Common Stock issuer-name match.,use_official_reference,leave_blank_until_official_identifier
ASX::NWL,NWL,ASX,NETWEALTH GROUP LIMITED,NWL.AX,Netwealth Group Limited,,NWL,NETWEALTH GROUP LIMITED,,asx_listed_companies,Financials,Stock,false,false,,TICKER,NWL,3,BBG006Q7PZM3|BBG00J25WMD6|BBG00J25WMJ0,NETWEALTH GROUP LTD|NETWEALTH GROUP LTD|NETWEALTH GROUP LTD,AH|AT|AU,Common Stock,common_stock_name_match,add_coverage_expansion,Active official Stock reference plus OpenFIGI Common Stock issuer-name match.,use_official_reference,leave_blank_until_official_identifier
ASX::NYR,NYR,ASX,NYRADA INC.,NYR.AX,Nyrada Inc.,,NYR,NYRADA INC.,,asx_listed_companies,Health Care,Stock,false,false,,TICKER,NYR,0,,,,Common Stock,common_stock_name_mismatch,blocked_openfigi_name_mismatch,"OpenFIGI returned Common Stock results, but none matched the official issuer name.",use_official_reference,leave_blank_until_official_identifier
ASX::OCC,OCC,ASX,ORTHOCELL LIMITED,OCC.AX,Orthocell Limited,,OCC,ORTHOCELL LIMITED,,asx_listed_companies,Health Care,Stock,false,false,,TICKER,OCC,3,BBG006N6HL57|BBG006N6HL75|BBG006N6HLC9,ORTHOCELL LTD|ORTHOCELL LTD|ORTHOCELL LTD,AH|AT|AU,Common Stock,common_stock_name_match,add_coverage_expansion,Active official Stock reference plus OpenFIGI Common Stock issuer-name match.,use_official_reference,leave_blank_until_official_identifier
ASX::PRM,PRM,ASX,PROMINENCE ENERGY LIMITED,PRM.AX,Prominence Energy NL,,PRM,PROMINENCE ENERGY LIMITED,,asx_listed_companies,Energy,Stock,false,false,,TICKER,PRM,3,BBG000BL5638|BBG000BL5683|BBG002F3G7H1,PROMINENCE ENERGY LTD|PROMINENCE ENERGY LTD|PROMINENCE ENERGY LTD,AH|AT|AU,Common Stock,common_stock_name_match,add_coverage_expansion,Active official Stock reference plus OpenFIGI Common Stock issuer-name match.,use_official_reference,leave_blank_until_official_identifier
ASX::PSL,PSL,ASX,PATERSON RESOURCES LTD,PSL.AX,Paterson Resources Ltd.,,PSL,PATERSON RESOURCES LTD,,asx_listed_companies,Materials,Stock,false,false,,TICKER,PSL,3,BBG000PYBTX5|BBG000PYBVL3|BBG002F3MCQ3,PATERSON RESOURCES LTD|PATERSON RESOURCES LTD|PATERSON RESOURCES LTD,AH|AT|AU,Common Stock,common_stock_name_match,add_coverage_expansion,Active official Stock reference plus OpenFIGI Common Stock issuer-name match.,use_official_reference,leave_blank_until_official_identifier
ASX::PTL,PTL,ASX,PRESTAL HOLDINGS LIMITED,PTL.AX,Prestal Holdings Limited,,PTL,PRESTAL HOLDINGS LIMITED,,asx_listed_companies,Consumer Staples,Stock,false,false,,TICKER,PTL,3,BBG000BWVKG0|BBG000BWVKV3|BBG002F3HXJ1,PRESTAL HOLDINGS LTD|PRESTAL HOLDINGS LTD|PRESTAL HOLDINGS LTD,AH|AT|AU,Common Stock,common_stock_name_match,add_coverage_expansion,Active official Stock reference plus OpenFIGI Common Stock issuer-name match.,use_official_reference,leave_blank_until_official_identifier
ASX::PVL,PVL,ASX,POWERHOUSE VENTURES LIMITED,PVL.AX,Powerhouse Ventures Limited,,PVL,POWERHOUSE VENTURES LIMITED,,asx_listed_companies,Financials,Stock,false,false,,TICKER,PVL,3,BBG00DLH1M19|BBG00DLH1M37|BBG00DLH1M73,POWERHOUSE VENTURES LTD|POWERHOUSE VENTURES LTD|POWERHOUSE VENTURES LTD,AH|AT|AU,Common Stock|Royalty Trst,common_stock_name_match,add_coverage_expansion,Active official Stock reference plus OpenFIGI Common Stock issuer-name match.,use_official_reference,leave_blank_until_official_identifier
ASX::RND,RND,ASX,RAND MINING LIMITED,RND.AX,Rand Mining Limited,,RND,RAND MINING LIMITED,,asx_listed_companies,Materials,Stock,false,false,,TICKER,RND,3,BBG000F5HNF6|BBG000F5HNS2|BBG002F3GG54,RAND MINING LTD|RAND MINING LTD|RAND MINING LTD,AH|AT|AU,Common Stock,common_stock_name_match,add_coverage_expansion,Active official Stock reference plus OpenFIGI Common Stock issuer-name match.,use_official_reference,leave_blank_until_official_identifier
ASX::SFC,SFC,ASX,SCHAFFER CORPORATION LIMITED,SFC.AX,Schaffer Corporation Limited,,SFC,SCHAFFER CORPORATION LIMITED,,asx_listed_companies,Consumer Discretionary,Stock,false,false,,TICKER,SFC,3,BBG000BFHWM0|BBG000BFHWZ6|BBG002F3FF11,SCHAFFER CORP LTD|SCHAFFER CORP LTD|SCHAFFER CORP LTD,AH|AT|AU,Common Stock,common_stock_name_match,add_coverage_expansion,Active official Stock reference plus OpenFIGI Common Stock issuer-name match.,use_official_reference,leave_blank_until_official_identifier
ASX::SIO,SIO,ASX,SIMONDS GROUP LIMITED,SIO.AX,Simonds Group Limited,,SIO,SIMONDS GROUP LIMITED,,asx_listed_companies,Consumer Discretionary,Stock,false,false,,TICKER,SIO,3,BBG007J7QFZ8|BBG007J7QG04|BBG007J7QG40,SIMONDS GROUP LTD|SIMONDS GROUP LTD|SIMONDS GROUP LTD,AH|AT|AU,Common Stock,common_stock_name_match,add_coverage_expansion,Active official Stock reference plus OpenFIGI Common Stock issuer-name match.,use_official_reference,leave_blank_until_official_identifier
ASX::SKT,SKT,ASX,SKY NETWORK TELEVISION LIMITED.,SKT.AX,SKY Network Television Limited,,SKT,SKY NETWORK TELEVISION LIMITED.,,asx_listed_companies,Communication Services,Stock,false,false,,TICKER,SKT,4,BBG000F08R04|BBG000F08RL1|BBG000H3YT67|BBG002F3L6B3,SKY NETWORK TELEVISION LTD|SKY NETWORK TELEVISION LTD|SKY NETWORK TELEVISION LTD|SKY NETWORK TELEVISION LTD,AH|AT|AU|NZ,Common Stock,common_stock_name_match,add_coverage_expansion,Active official Stock reference plus OpenFIGI Common Stock issuer-name match.,use_official_reference,leave_blank_until_official_identifier
ASX::SKY,SKY,ASX,SKY METALS LIMITED,SKY.AX,Sky Metals Limited,,SKY,SKY METALS LIMITED,,asx_listed_companies,Materials,Stock,false,false,,TICKER,SKY,3,BBG000JZBZP4|BBG000JZC0B5|BBG002F3JTN3,SKY METALS LTD|SKY METALS LTD|SKY METALS LTD,AH|AT|AU,Common Stock,common_stock_name_match,add_coverage_expansion,Active official Stock reference plus OpenFIGI Common Stock issuer-name match.,use_official_reference,leave_blank_until_official_identifier
ASX::SMN,SMN,ASX,STRUCTURAL MONITORING SYSTEMS PLC,SMN.AX,Structural Monitoring Systems Plc,,SMN,STRUCTURAL MONITORING SYSTEMS PLC,,asx_listed_companies,Information Technology,Stock,false,false,,TICKER,SMN,0,,,,Common Stock,common_stock_name_mismatch,blocked_openfigi_name_mismatch,"OpenFIGI returned Common Stock results, but none matched the official issuer name.",use_official_reference,leave_blank_until_official_identifier
ASX::SND,SND,ASX,SAUNDERS INTERNATIONAL LIMITED,SND.AX,Saunders International Limited,,SND,SAUNDERS INTERNATIONAL LIMITED,,asx_listed_companies,Industrials,Stock,false,false,,TICKER,SND,3,BBG000TVDGN4|BBG000TVDH16|BBG002F3NMY1,SAUNDERS INTERNATIONAL LTD|SAUNDERS INTERNATIONAL LTD|SAUNDERS INTERNATIONAL LTD,AH|AT|AU,Common Stock,common_stock_name_match,add_coverage_expansion,Active official Stock reference plus OpenFIGI Common Stock issuer-name match.,use_official_reference,leave_blank_until_official_identifier
ASX::SOP,SOP,ASX,SYNERTEC CORPORATION LIMITED,SOP.AX,Synertec Corporation Limited,,SOP,SYNERTEC CORPORATION LIMITED,,asx_listed_companies,Industrials,Stock,false,false,,TICKER,SOP,3,BBG000D2MJT3|BBG000D2NM33|BBG002F3JY89,SYNERTEC CORP LTD|SYNERTEC CORP LTD|SYNERTEC CORP LTD,AH|AT|AU,Common Stock,common_stock_name_match,add_coverage_expansion,Active official Stock reference plus OpenFIGI Common Stock issuer-name match.,use_official_reference,leave_blank_until_official_identifier
ASX::SOR,SOR,ASX,STRATEGIC ELEMENTS LIMITED,SOR.AX,Strategic Elements Ltd,,SOR,STRATEGIC ELEMENTS LIMITED,,asx_listed_companies,Financials,Stock,false,false,,TICKER,SOR,3,BBG001Q6BFL6|BBG001Q6BFM5|BBG001Z6C4S3,STRATEGIC ELEMENTS LTD|STRATEGIC ELEMENTS LTD|STRATEGIC ELEMENTS LTD,AH|AT|AU,Common Stock,common_stock_name_match,add_coverage_expansion,Active official Stock reference plus OpenFIGI Common Stock issuer-name match.,use_official_reference,leave_blank_until_official_identifier
ASX::SSG,SSG,ASX,SHAVER SHOP GROUP LIMITED,SSG.AX,Shaver Shop Group Limited,,SSG,SHAVER SHOP GROUP LIMITED,,asx_listed_companies,Consumer Discretionary,Stock,false,false,,TICKER,SSG,3,BBG00D24CCT9|BBG00D24CCW5|BBG00D24CD08,SHAVER SHOP GROUP LTD|SHAVER SHOP GROUP LTD|SHAVER SHOP GROUP LTD,AH|AT|AU,Common Stock,common_stock_name_match,add_coverage_expansion,Active official Stock reference plus OpenFIGI Common Stock issuer-name match.,use_official_reference,leave_blank_until_official_identifier
ASX::SST,SST,ASX,STEAMSHIPS TRADING COMPANY LIMITED,SST.AX,Steamships Trading Company Limited,,SST,STEAMSHIPS TRADING COMPANY LIMITED,,asx_listed_companies,Industrials,Stock,false,false,,TICKER,SST,4,BBG000BF9X74|BBG000BF9XM7|BBG0024W4Q26|BBG002F3FFX6,STEAMSHIPS TRADING COMPANY|STEAMSHIPS TRADING COMPANY|STEAMSHIPS TRADING COMPANY|STEAMSHIPS TRADING COMPANY,AH|AT|AU|PB,Common Stock,common_stock_name_match,add_coverage_expansion,Active official Stock reference plus OpenFIGI Common Stock issuer-name match.,use_official_reference,leave_blank_until_official_identifier
ASX::STN,STN,ASX,SATURN METALS LIMITED,STN.AX,Saturn Metals Limited,,STN,SATURN METALS LIMITED,,asx_listed_companies,Materials,Stock,false,false,,TICKER,STN,3,BBG00JQD16V2|BBG00JQD16W1|BBG00JQD1704,SATURN METALS LTD|SATURN METALS LTD|SATURN METALS LTD,AH|AT|AU,Common Stock,common_stock_name_match,add_coverage_expansion,Active official Stock reference plus OpenFIGI Common Stock issuer-name match.,use_official_reference,leave_blank_until_official_identifier
ASX::TOP,TOP,ASX,THORNEY OPPORTUNITIES LTD,TOP.AX,Thorney Opportunities Ltd,DK0060477503,TOP,THORNEY OPPORTUNITIES LTD,,asx_listed_companies,,Stock,false,false,,TICKER,TOP,0,,,,Common Stock,common_stock_name_mismatch,blocked_openfigi_name_mismatch,"OpenFIGI returned Common Stock results, but none matched the official issuer name.",leave_blank_until_official_sector,leave_blank_until_official_identifier
ASX::TRU,TRU,ASX,TRUSCREEN GROUP LIMITED,TRU.AX,TruScreen Group Limited,NZTRUE0001S7,TRU,TRUSCREEN GROUP LIMITED,,asx_listed_companies,Health Care,Stock,false,false,,TICKER,TRU,4,BBG007HRDYR8|BBG00YJVZPZ4|BBG00YJVZQ00|BBG00YJVZQ46,TRUSCREEN GROUP LTD|TRUSCREEN GROUP LTD|TRUSCREEN GROUP LTD|TRUSCREEN GROUP LTD,AH|AT|AU|NZ,Common Stock,common_stock_name_match,add_coverage_expansion,Active official Stock reference plus OpenFIGI Common Stock issuer-name match.,use_official_reference,leave_blank_until_official_identifier
ASX::TWR,TWR,ASX,TOWER LIMITED,TWR.AX,Tower Limited,,TWR,TOWER LIMITED,,asx_listed_companies,Financials,Stock,false,false,,TICKER,TWR,22,BBG000D4BY54|BBG000DC99V5|BBG000DC9BJ4|BBG000GJYPV3|BBG000GJZTY1|BBG000GJZYG0|BBG000GK00L3|BBG000GK02X6|BBG000GK03H2|BBG000GK0426|BBG001QLCJX1|BBG002F3H9C1|BBG003G81685|BBG004J9QVW9|BBG005XRCC84|BBG0086K43C7|BBG0086K43D6|BBG00DVMX984|BBG00LN9CTD7|BBG019LPBKW8|BBG01J14JKP5|BBG01J157VN3,TOWER LTD|TOWER LTD|TOWER LTD|TOWER RESOURCES LTD|TOWER RESOURCES LTD|TOWER RESOURCES LTD|TOWER RESOURCES LTD|TOWER RESOURCES LTD|TOWER RESOURCES LTD|TOWER RESOURCES LTD|TOWER RESOURCES LTD|TOWER LTD|TOWER RESOURCES LTD|TOWER RESOURCES LTD|TOWER RESOURCES LTD|TOWER RESOURCES LTD|TOWER RESOURCES LTD|TOWER RESOURCES LTD|TOWER RESOURCES LTD|TOWER RESOURCES LTD|TOWER RESOURCES LTD|TOWER RESOURCES LTD,AH|AT|AU|BF|CJ|CN|CV|DG|DK|DS|DV|HD|HX|NZ|QF|QG|QH|TG|TK|TN|TV|TW,Common Stock,common_stock_name_match,add_coverage_expansion,Active official Stock reference plus OpenFIGI Common Stock issuer-name match.,use_official_reference,leave_blank_until_official_identifier
ASX::UNI,UNI,ASX,UNIVERSAL STORE HOLDINGS LIMITED,UNI.AX,Universal Store Holdings Limited,,UNI,UNIVERSAL STORE HOLDINGS LIMITED,,asx_listed_companies,Consumer Discretionary,Stock,false,false,,TICKER,UNI,3,BBG002YMF9F7|BBG00XYGHPM6|BBG00XYGHPR1,UNIVERSAL STORE HOLDINGS LTD|UNIVERSAL STORE HOLDINGS LTD|UNIVERSAL STORE HOLDINGS LTD,AH|AT|AU,Common Stock,common_stock_name_match,add_coverage_expansion,Active official Stock reference plus OpenFIGI Common Stock issuer-name match.,use_official_reference,leave_blank_until_official_identifier
ASX::VAL,VAL,ASX,VALIANT GOLD LIMITED,VAL.AX,Valiant Gold Limited,,VAL,VALIANT GOLD LIMITED,,asx_listed_companies,Materials,Stock,false,false,,TICKER,VAL,3,BBG020HM3ZW4|BBG020HM3ZY2|BBG020HM4041,VALIANT GOLD LTD|VALIANT GOLD LTD|VALIANT GOLD LTD,AH|AT|AU,Common Stock,common_stock_name_match,add_coverage_expansion,Active official Stock reference plus OpenFIGI Common Stock issuer-name match.,use_official_reference,leave_blank_until_official_identifier
ASX::WAT,WAT,ASX,WATERCO LIMITED,WAT.AX,Waterco Limited,,WAT,WATERCO LIMITED,,asx_listed_companies,Consumer Discretionary,Stock,false,false,,TICKER,WAT,3,BBG000BMF4G6|BBG000BMF4M9|BBG002F3FZV4,WATERCO LTD|WATERCO LTD|WATERCO LTD,AH|AT|AU,Common Stock,common_stock_name_match,add_coverage_expansion,Active official Stock reference plus OpenFIGI Common Stock issuer-name match.,use_official_reference,leave_blank_until_official_identifier
ASX::WCN,WCN,ASX,WHITE CLIFF MINERALS LIMITED,WCN.AX,White Cliff Minerals Limited,,WCN,WHITE CLIFF MINERALS LIMITED,,asx_listed_companies,Materials,Stock,false,false,,TICKER,WCN,3,BBG000TTK4S3|BBG000TTK564|BBG002F3NMR9,WHITE CLIFF MINERALS LTD|WHITE CLIFF MINERALS LTD|WHITE CLIFF MINERALS LTD,AH|AT|AU,Common Stock,common_stock_name_match,add_coverage_expansion,Active official Stock reference plus OpenFIGI Common Stock issuer-name match.,use_official_reference,leave_blank_until_official_identifier
ASX::ZEO,ZEO,ASX,ZEOTECH LIMITED,ZEO.AX,Zeotech Limited,,ZEO,ZEOTECH LIMITED,,asx_listed_companies,Materials,Stock,false,false,,TICKER,ZEO,3,BBG000PDKX62|BBG000PDKXM4|BBG002F3Q3N2,ZEOTECH LTD|ZEOTECH LTD|ZEOTECH LTD,AH|AT|AU,Common Stock,common_stock_name_match,add_coverage_expansion,Active official Stock reference plus OpenFIGI Common Stock issuer-name match.,use_official_reference,leave_blank_until_official_identifier
BSE_IN::ACGL,ACGL,BSE_IN,Automobile Corporation of Goa Ltd-$,ACGL.BO,Automobile Corporation of Goa Limited,,ACGL,Automobile Corporation of Goa Ltd-$,INE451C01013,bse_india_scrips,,Stock,false,false,,ID_ISIN,INE451C01013,2,BBG000CNRC09|BBG000CNRCR0,AUTOMOBILE CORP OF GOA LTD|AUTOMOBILE CORP OF GOA LTD,IB|IN,Common Stock,common_stock_name_match,add_coverage_expansion,Active official Stock reference plus OpenFIGI Common Stock issuer-name match.,leave_blank_until_official_sector,use_official_reference
BSE_IN::AEL,AEL,BSE_IN,Amba Enterprises Ltd,AEL.BO,Amba Enterprises Limited,,AEL,Amba Enterprises Ltd,INE829P01020,bse_india_scrips,,Stock,false,false,,ID_ISIN,INE829P01020,2,BBG009H8GQZ1|BBG009H8GR16,AMBA ENTERPRISES LTD|AMBA ENTERPRISES LTD,IB|IN,Common Stock,common_stock_name_match,add_coverage_expansion,Active official Stock reference plus OpenFIGI Common Stock issuer-name match.,leave_blank_until_official_sector,use_official_reference
BSE_IN::AKI,AKI,BSE_IN,AKI India Ltd,AKI.BO,AKI India Limited,,AKI,AKI India Ltd,INE642Z01026,bse_india_scrips,,Stock,false,false,,ID_ISIN,INE642Z01026,3,BBG00KHS6FZ7|BBG00M4CN3V4|BBG00M4CN3X2,AKI INDIA LTD|AKI INDIA LTD|AKI INDIA LTD,IB|IN|IS,Common Stock,common_stock_name_match,add_coverage_expansion,Active official Stock reference plus OpenFIGI Common Stock issuer-name match.,leave_blank_until_official_sector,use_official_reference
BSE_IN::AKSHAR,AKSHAR,BSE_IN,Akshar Spintex Ltd,AKSHAR.BO,Akshar Spintex Limited,,AKSHAR,Akshar Spintex Ltd,INE256Z01025,bse_india_scrips,,Stock,false,false,,ID_ISIN,INE256Z01025,3,BBG00KHSKF54|BBG00KWX0WB4|BBG00KWX0WD2,AKSHAR SPINTEX LTD|AKSHAR SPINTEX LTD|AKSHAR SPINTEX LTD,IB|IN|IS,Common Stock,common_stock_name_match,add_coverage_expansion,Active official Stock reference plus OpenFIGI Common Stock issuer-name match.,leave_blank_until_official_sector,use_official_reference
BSE_IN::ANUHPHR,ANUHPHR,BSE_IN,Anuh Pharma Ltd,ANUHPHR.BO,Anuh Pharma Limited,,ANUHPHR,Anuh Pharma Ltd,INE489G01022,bse_india_scrips,,Stock,false,false,,ID_ISIN,INE489G01022,3,BBG000CN9HZ0|BBG000CN9JN9|BBG000CN9KV7,ANUH PHARMA LTD|ANUH PHARMA LTD|ANUH PHARMA LTD,IB|IN|IS,Common Stock,common_stock_name_match,add_coverage_expansion,Active official Stock reference plus OpenFIGI Common Stock issuer-name match.,leave_blank_until_official_sector,use_official_reference
BSE_IN::ARL,ARL,BSE_IN,Anand Rayons Ltd,ARL.BO,Anand Rayons Limited,,ARL,Anand Rayons Ltd,INE02GA01012,bse_india_scrips,,Stock,false,false,,ID_ISIN,INE02GA01012,2,BBG00PGDR044|BBG00PGDR053,ANAND RAYONS LTD|ANAND RAYONS LTD,IB|IN,Common Stock,common_stock_name_match,add_coverage_expansion,Active official Stock reference plus OpenFIGI Common Stock issuer-name match.,leave_blank_until_official_sector,use_official_reference
BSE_IN::AVL,AVL,BSE_IN,Aditya Vision Ltd,AVL.BO,Aditya Vision Limited,,AVL,Aditya Vision Ltd,INE679V01027,bse_india_scrips,,Stock,false,false,,ID_ISIN,INE679V01027,3,BBG00FF8WWY9|BBG00FF8WWZ8|BBG00FF8WX13,ADITYA VISION LTD|ADITYA VISION LTD|ADITYA VISION LTD,IB|IN|IS,Common Stock,common_stock_name_match,add_coverage_expansion,Active official Stock reference plus OpenFIGI Common Stock issuer-name match.,leave_blank_until_official_sector,use_official_reference
BSE_IN::BALUFORGE,BALUFORGE,BSE_IN,Balu Forge Industries Ltd,BALUFORGE.BO,BALU FORGE INDUSTRIES LIMITED,,BALUFORGE,Balu Forge Industries Ltd,INE011E01029,bse_india_scrips,,Stock,false,false,,ID_ISIN,INE011E01029,3,BBG000FLM6M4|BBG000FLM706|BBG000FLM8H6,BALU FORGE INDUSTRIES LTD|BALU FORGE INDUSTRIES LTD|BALU FORGE INDUSTRIES LTD,IB|IN|IS,Common Stock,common_stock_name_match,add_coverage_expansion,Active official Stock reference plus OpenFIGI Common Stock issuer-name match.,leave_blank_until_official_sector,use_official_reference
BSE_IN::BCP,BCP,BSE_IN,B.C. Power Controls Ltd,BCP.BO,B.C. Power Controls Limited,,BCP,B.C. Power Controls Ltd,INE905P01028,bse_india_scrips,,Stock,false,false,,ID_ISIN,INE905P01028,3,BBG0060NDK51|BBG0060NDK60|BBG0060NDK88,B C POWER CONTROLS LTD|B C POWER CONTROLS LTD|B C POWER CONTROLS LTD,IB|IN|IS,Common Stock,common_stock_name_match,add_coverage_expansion,Active official Stock reference plus OpenFIGI Common Stock issuer-name match.,leave_blank_until_official_sector,use_official_reference
BSE_IN::BCPL,BCPL,BSE_IN,BCPL Railway Infrastructure Ltd,BCPL.BO,BCPL Railway Infrastructure Li,,BCPL,BCPL Railway Infrastructure Ltd,INE00SW01015,bse_india_scrips,,Stock,false,false,,ID_ISIN,INE00SW01015,3,BBG00KHSRP64|BBG00M4VY7W0|BBG00M4VY7Y8,BCPL RAILWAY INFRASTRUCTURE|BCPL RAILWAY INFRASTRUCTURE|BCPL RAILWAY INFRASTRUCTURE,IB|IN|IS,Common Stock,common_stock_name_match,add_coverage_expansion,Active official Stock reference plus OpenFIGI Common Stock issuer-name match.,leave_blank_until_official_sector,use_official_reference
BSE_IN::BHARATSE,BHARATSE,BSE_IN,Bharat Seats Ltd-$,BHARATSE.BO,Bharat Seats Limited,,BHARATSE,Bharat Seats Ltd-$,INE415D01024,bse_india_scrips,,Stock,false,false,,ID_ISIN,INE415D01024,3,BBG000CP6FL7|BBG000CP6FT9|BBG000CP7K08,BHARAT SEATS LTD|BHARAT SEATS LTD|BHARAT SEATS LTD,IB|IN|IS,Common Stock,common_stock_name_match,add_coverage_expansion,Active official Stock reference plus OpenFIGI Common Stock issuer-name match.,leave_blank_until_official_sector,use_official_reference
BSE_IN::BKV,BKV,BSE_IN,BKV Industries Ltd,BKV.BO,BKV Industries Limited,,BKV,BKV Industries Ltd,INE356C01022,bse_india_scrips,,Stock,false,false,,ID_ISIN,INE356C01022,2,BBG000BHDHQ9|BBG000BHDJC0,BKV INDUSTRIES LTD|BKV INDUSTRIES LTD,IB|IN,Common Stock,common_stock_name_match,add_coverage_expansion,Active official Stock reference plus OpenFIGI Common Stock issuer-name match.,leave_blank_until_official_sector,use_official_reference
BSE_IN::BLOOM,BLOOM,BSE_IN,Bloom Dekor Ltd-$,BLOOM.BO,Bloom Dekor Limited,,BLOOM,Bloom Dekor Ltd-$,INE253C01013,bse_india_scrips,,Stock,false,false,,ID_ISIN,INE253C01013,2,BBG000D2ZVC0|BBG000D2ZW29,BLOOM DEKOR LTD|BLOOM DEKOR LTD,IB|IN,Common Stock,common_stock_name_match,add_coverage_expansion,Active official Stock reference plus OpenFIGI Common Stock issuer-name match.,leave_blank_until_official_sector,use_official_reference
BSE_IN::BLUECOAST,BLUECOAST,BSE_IN,Blue Coast Hotels Ltd,BLUECOAST.BO,Blue Coast Hotels Limited,,BLUECOAST,Blue Coast Hotels Ltd,INE472B01011,bse_india_scrips,,Stock,false,false,,ID_ISIN,INE472B01011,3,BBG000G8YGL8|BBG000G8YH90|BBG000G8ZKG4,BLUE COAST HOTELS LTD|BLUE COAST HOTELS LTD|BLUE COAST HOTELS LTD,IB|IN|IS,Common Stock,common_stock_name_match,add_coverage_expansion,Active official Stock reference plus OpenFIGI Common Stock issuer-name match.,leave_blank_until_official_sector,use_official_reference
BSE_IN::BOMDYEING,BOMDYEING,BSE_IN,Bombay Dyeing & Manufacturing Company Ltd,BOMDYEING.BO,The Bombay Dyeing and Manufacturing Company Limited,,BOMDYEING,Bombay Dyeing & Manufacturing Company Ltd,INE032A01023,bse_india_scrips,,Stock,false,true,NSE_IN:BOMDYEING:Stock,ID_ISIN,INE032A01023,4,BBG000BMYR74|BBG000BMYRR2|BBG000BMYTT6|BBG003NVW469,BOMBAY DYEING & MFG CO LTD|BOMBAY DYEING & MFG CO LTD|BOMBAY DYEING & MFG CO LTD|BOMBAY DYEING & MFG CO LTD,IB|IG|IN|IS,Common Stock,common_stock_name_match,add_coverage_expansion,Active official Stock reference plus OpenFIGI Common Stock issuer-name match.,leave_blank_until_official_sector,use_official_reference
BSE_IN::BONLON,BONLON,BSE_IN,Bonlon Industries Ltd,BONLON.BO,BONLON INDUSTRIES LIMITED,,BONLON,Bonlon Industries Ltd,INE0B9A01018,bse_india_scrips,,Stock,false,false,,ID_ISIN,INE0B9A01018,3,BBG00VZQLJW5|BBG00VZQLJX4|BBG00VZQLJZ2,BONLON INDUSTRIES LTD|BONLON INDUSTRIES LTD|BONLON INDUSTRIES LTD,IB|IN|IS,Common Stock,common_stock_name_match,add_coverage_expansion,Active official Stock reference plus OpenFIGI Common Stock issuer-name match.,leave_blank_until_official_sector,use_official_reference
BSE_IN::CFL,CFL,BSE_IN,Classic Filaments Ltd,CFL.BO,Classic Filaments Limited,,CFL,Classic Filaments Ltd,INE181U01018,bse_india_scrips,,Stock,false,false,,ID_ISIN,INE181U01018,2,BBG000G8Y7N6|BBG002HJQGR2,CLASSIC FILAMENTS LTD|CLASSIC FILAMENTS LTD,IB|IN,Common Stock,common_stock_name_match,add_coverage_expansion,Active official Stock reference plus OpenFIGI Common Stock issuer-name match.,leave_blank_until_official_sector,use_official_reference
BSE_IN::CHAMBLFERT,CHAMBLFERT,BSE_IN,Chambal Fertilisers & Chemicals Ltd,CHAMBLFERT.BO,Chambal Fertilisers and Chemicals Limited,,CHAMBLFERT,Chambal Fertilisers & Chemicals Ltd,INE085A01013,bse_india_scrips,,Stock,false,true,NSE_IN:CHAMBLFERT:Stock,ID_ISIN,INE085A01013,4,BBG000CPW095|BBG000CPW0Q6|BBG000CPW1B0|BBG003NVW673,CHAMBAL FERTILISERS & CHEM|CHAMBAL FERTILISERS & CHEM|CHAMBAL FERTILISERS & CHEM|CHAMBAL FERTILISERS & CHEM,IB|IG|IN|IS,Common Stock,common_stock_name_match,add_coverage_expansion,Active official Stock reference plus OpenFIGI Common Stock issuer-name match.,leave_blank_until_official_sector,use_official_reference
BSE_IN::CIFL,CIFL,BSE_IN,Capital India Finance Ltd,CIFL.BO,Capital India Finance Limited,,CIFL,Capital India Finance Ltd,INE345H01024,bse_india_scrips,,Stock,false,false,,ID_ISIN,INE345H01024,3,BBG000BH23W5|BBG000BH2532|BBG000BH25P8,CAPITAL INDIA FINANCE LTD|CAPITAL INDIA FINANCE LTD|CAPITAL INDIA FINANCE LTD,IB|IN|IS,Common Stock,common_stock_name_match,add_coverage_expansion,Active official Stock reference plus OpenFIGI Common Stock issuer-name match.,leave_blank_until_official_sector,use_official_reference
BSE_IN::CPL,CPL,BSE_IN,Captain Polyplast Ltd,CPL.BO,Captain Polyplast Limited,,CPL,Captain Polyplast Ltd,INE536P01021,bse_india_scrips,,Stock,false,false,,ID_ISIN,INE536P01021,2,BBG005MWY0H7|BBG005MWY0K3,CAPTAIN POLYPLAST LTD|CAPTAIN POLYPLAST LTD,IB|IN,Common Stock,common_stock_name_match,add_coverage_expansion,Active official Stock reference plus OpenFIGI Common Stock issuer-name match.,leave_blank_until_official_sector,use_official_reference
BSE_IN::CSL,CSL,BSE_IN,Continental Securities Ltd,CSL.BO,Continental Securities Limited,,CSL,Continental Securities Ltd,INE183Q01020,bse_india_scrips,,Stock,false,false,,ID_ISIN,INE183Q01020,2,BBG007VD9HF8|BBG007VD9HH6,CONTINENTAL SECURITIES LTD|CONTINENTAL SECURITIES LTD,IB|IN,Common Stock,common_stock_name_match,add_coverage_expansion,Active official Stock reference plus OpenFIGI Common Stock issuer-name match.,leave_blank_until_official_sector,use_official_reference
BSE_IN::CTL,CTL,BSE_IN,Capital Trade Links Ltd,CTL.BO,Capital Trade Links Limited,JE00BPCP3Z37,CTL,Capital Trade Links Ltd,INE172D01021,bse_india_scrips,,Stock,false,false,,ID_ISIN,INE172D01021,2,BBG006NK3404|BBG006NK3422,CAPITAL TRADE LINKS LTD|CAPITAL TRADE LINKS LTD,IB|IN,Common Stock,common_stock_name_match,add_coverage_expansion,Active official Stock reference plus OpenFIGI Common Stock issuer-name match.,leave_blank_until_official_sector,use_official_reference
BSE_IN::DEEP,DEEP,BSE_IN,Deep Polymers Ltd,DEEP.BO,Deep Polymers Limited,,DEEP,Deep Polymers Ltd,INE00IY01012,bse_india_scrips,,Stock,false,false,,ID_ISIN,INE00IY01012,2,BBG00LNNH4L7|BBG00LNNH4M6,DEEP POLYMERS LTD|DEEP POLYMERS LTD,IB|IN,Common Stock,common_stock_name_match,add_coverage_expansion,Active official Stock reference plus OpenFIGI Common Stock issuer-name match.,leave_blank_until_official_sector,use_official_reference
BSE_IN::DEL,DEL,BSE_IN,Dhanashree Electronics Ltd,DEL.BO,Dhanashree Electronics Limited,,DEL,Dhanashree Electronics Ltd,INE413F01016,bse_india_scrips,,Stock,false,false,,ID_ISIN,INE413F01016,2,BBG00PFB4HV7|BBG00PFB4KP7,DHANASHREE ELECTRONICS LTD|DHANASHREE ELECTRONICS LTD,IB|IN,Common Stock,common_stock_name_match,add_coverage_expansion,Active official Stock reference plus OpenFIGI Common Stock issuer-name match.,leave_blank_until_official_sector,use_official_reference
BSE_IN::ECS,ECS,BSE_IN,ECS Biztech Ltd,ECS.BO,ECS Biztech Limited,,ECS,ECS Biztech Ltd,INE925Q01024,bse_india_scrips,,Stock,false,false,,ID_ISIN,INE925Q01024,2,BBG005KPNR96|BBG00DPDCR93,ECS BIZTECH LTD|ECS BIZTECH LTD,IB|IN,Common Stock,common_stock_name_match,add_coverage_expansion,Active official Stock reference plus OpenFIGI Common Stock issuer-name match.,leave_blank_until_official_sector,use_official_reference
BSE_IN::EKI,EKI,BSE_IN,EKI Energy Services Ltd,EKI.BO,EKI Energy Services Limited,,EKI,EKI Energy Services Ltd,INE0CPR01018,bse_india_scrips,,Stock,false,false,,ID_ISIN,INE0CPR01018,2,BBG00ZW04733|BBG00ZW04742,EKI ENERGY SERVICES LTD|EKI ENERGY SERVICES LTD,IB|IN,Common Stock,common_stock_name_match,add_coverage_expansion,Active official Stock reference plus OpenFIGI Common Stock issuer-name match.,leave_blank_until_official_sector,use_official_reference
BSE_IN::EMPOWER,EMPOWER,BSE_IN,Empower India Ltd,EMPOWER.BO,Empower India Limited,,EMPOWER,Empower India Ltd,INE507F01023,bse_india_scrips,,Stock,false,false,,ID_ISIN,INE507F01023,3,BBG000D4F5R9|BBG000D4F5Z0|BBG000D4F7Z6,EMPOWER INDIA LTD|EMPOWER INDIA LTD|EMPOWER INDIA LTD,IB|IN|IS,Common Stock,common_stock_name_match,add_coverage_expansion,Active official Stock reference plus OpenFIGI Common Stock issuer-name match.,leave_blank_until_official_sector,use_official_reference
BSE_IN::FILATFASH,FILATFASH,BSE_IN,Filatex Fashions Ltd,FILATFASH.BO,Filatex Fashions Limited,,FILATFASH,Filatex Fashions Ltd,INE185E01021,bse_india_scrips,,Stock,false,false,,ID_ISIN,INE185E01021,3,BBG000HFP7H6|BBG000HFP8N7|BBG000HFPC85,FILATEX FASHIONS LTD|FILATEX FASHIONS LTD|FILATEX FASHIONS LTD,IB|IN|IS,Common Stock,common_stock_name_match,add_coverage_expansion,Active official Stock reference plus OpenFIGI Common Stock issuer-name match.,leave_blank_until_official_sector,use_official_reference
BSE_IN::GGL,GGL,BSE_IN,Gautam Gems Ltd,GGL.BO,Gautam Gems Limited,,GGL,Gautam Gems Ltd,INE063Z01017,bse_india_scrips,,Stock,false,false,,ID_ISIN,INE063Z01017,2,BBG00JVDGLW6|BBG00JVDGLX5,GAUTAM GEMS LTD|GAUTAM GEMS LTD,IB|IN,Common Stock,common_stock_name_match,add_coverage_expansion,Active official Stock reference plus OpenFIGI Common Stock issuer-name match.,leave_blank_until_official_sector,use_official_reference
BSE_IN::GNA,GNA,BSE_IN,G N A Axles Ltd,GNA.BO,G N A Axles Limited,,GNA,G N A Axles Ltd,INE934S01014,bse_india_scrips,,Stock,false,true,NSE_IN:GNA:Stock,ID_ISIN,INE934S01014,3,BBG001BN0WR4|BBG00DRDFQB7|BBG00DRDFQD5,GNA AXLES LTD|GNA AXLES LTD|GNA AXLES LTD,IB|IN|IS,Common Stock,common_stock_name_match,add_coverage_expansion,Active official Stock reference plus OpenFIGI Common Stock issuer-name match.,leave_blank_until_official_sector,use_official_reference
BSE_IN::GSTL,GSTL,BSE_IN,Globalspace Technologies Ltd,GSTL.BO,GlobalSpace Technologies Limited,,GSTL,Globalspace Technologies Ltd,INE632W01016,bse_india_scrips,,Stock,false,false,,ID_ISIN,INE632W01016,2,BBG00H9LCYD4|BBG00H9LCYF2,GLOBALSPACE TECHNOLOGIES LTD|GLOBALSPACE TECHNOLOGIES LTD,IB|IN,Common Stock,common_stock_name_match,add_coverage_expansion,Active official Stock reference plus OpenFIGI Common Stock issuer-name match.,leave_blank_until_official_sector,use_official_reference
BSE_IN::GTV,GTV,BSE_IN,GTV Engineering Ltd,GTV.BO,GTV Engineering Limited,,GTV,GTV Engineering Ltd,INE910R01024,bse_india_scrips,,Stock,false,false,,ID_ISIN,INE910R01024,0,,,,Common Stock,common_stock_name_mismatch,blocked_openfigi_name_mismatch,"OpenFIGI returned Common Stock results, but none matched the official issuer name.",leave_blank_until_official_sector,use_official_reference
BSE_IN::GUJTHEM,GUJTHEM,BSE_IN,Gujarat Themis Biosyn Ltd,GUJTHEM.BO,Gujarat Themis Biosyn Limited,,GUJTHEM,Gujarat Themis Biosyn Ltd,INE942C01045,bse_india_scrips,,Stock,false,false,,ID_ISIN,INE942C01045,3,BBG000CS5QP4|BBG000CS5QV7|BBG000CS5S61,GUJARAT THEMIS BIOSYN LTD|GUJARAT THEMIS BIOSYN LTD|GUJARAT THEMIS BIOSYN LTD,IB|IN|IS,Common Stock,common_stock_name_match,add_coverage_expansion,Active official Stock reference plus OpenFIGI Common Stock issuer-name match.,leave_blank_until_official_sector,use_official_reference
BSE_IN::HARDWYN,HARDWYN,BSE_IN,Hardwyn India Ltd,HARDWYN.BO,HARDWYN INDIA LIMITED,,HARDWYN,Hardwyn India Ltd,INE626Z01029,bse_india_scrips,,Stock,false,false,,ID_ISIN,INE626Z01029,3,BBG00KRM6JM5|BBG00KRM6JN4|BBG00KRM6JQ1,HARDWYN INDIA LTD|HARDWYN INDIA LTD|HARDWYN INDIA LTD,IB|IN|IS,Common Stock,common_stock_name_match,add_coverage_expansion,Active official Stock reference plus OpenFIGI Common Stock issuer-name match.,leave_blank_until_official_sector,use_official_reference
BSE_IN::ICL,ICL,BSE_IN,Indo Cotspin Ltd,ICL.BO,Indo Cotspin Limited,,ICL,Indo Cotspin Ltd,INE407P01017,bse_india_scrips,,Stock,false,false,,ID_ISIN,INE407P01017,2,BBG002WN34X1|BBG007R9Q1P7,INDO COTSPIN LTD|INDO COTSPIN LTD,IB|IN,Common Stock,common_stock_name_match,add_coverage_expansion,Active official Stock reference plus OpenFIGI Common Stock issuer-name match.,leave_blank_until_official_sector,use_official_reference
BSE_IN::ISHANCH,ISHANCH,BSE_IN,Ishan Dyes and Chemicals Ltd,ISHANCH.BO,Ishan Dyes & Chemicals Limited,,ISHANCH,Ishan Dyes and Chemicals Ltd,INE561M01018,bse_india_scrips,,Stock,false,false,,ID_ISIN,INE561M01018,3,BBG000BVHTL3|BBG000BVHTR7|BBG000BVHVH3,ISHAN DYES AND CHEMICALS LTD|ISHAN DYES AND CHEMICALS LTD|ISHAN DYES AND CHEMICALS LTD,IB|IN|IS,Common Stock,common_stock_name_match,add_coverage_expansion,Active official Stock reference plus OpenFIGI Common Stock issuer-name match.,leave_blank_until_official_sector,use_official_reference
BSE_IN::JAYBARMARU,JAYBARMARU,BSE_IN,Jay Bharat Maruti Ltd,JAYBARMARU.BO,Jay Bharat Maruti Limited,,JAYBARMARU,Jay Bharat Maruti Ltd,INE571B01036,bse_india_scrips,,Stock,false,false,,ID_ISIN,INE571B01036,4,BBG000CTQ4B3|BBG000CTQ511|BBG000CTQ5Q4|BBG003NVWX56,JAY BHARAT MARUTI LTD|JAY BHARAT MARUTI LTD|JAY BHARAT MARUTI LTD|JAY BHARAT MARUTI LTD,IB|IG|IN|IS,Common Stock,common_stock_name_match,add_coverage_expansion,Active official Stock reference plus OpenFIGI Common Stock issuer-name match.,leave_blank_until_official_sector,use_official_reference
BSE_IN::KABRAEXTRU,KABRAEXTRU,BSE_IN,Kabra Extrusiontechnik Ltd,KABRAEXTRU.BO,Kabra Extrusiontechnik Limited,,KABRAEXTRU,Kabra Extrusiontechnik Ltd,INE900B01029,bse_india_scrips,,Stock,false,true,NSE_IN:KABRAEXTRU:Stock,ID_ISIN,INE900B01029,0,,,,Common Stock,common_stock_name_mismatch,blocked_openfigi_name_mismatch,"OpenFIGI returned Common Stock results, but none matched the official issuer name.",leave_blank_until_official_sector,use_official_reference
BSE_IN::KAUSHALYA,KAUSHALYA,BSE_IN,Kaushalya Infrastructure Development Corporation Ltd,KAUSHALYA.BO,Kaushalya Infrastructure Development Corporation Limited,,KAUSHALYA,Kaushalya Infrastructure Development Corporation Ltd,INE234I01028,bse_india_scrips,,Stock,false,false,,ID_ISIN,INE234I01028,3,BBG000QGCRZ4|BBG000QGCSK8|BBG000QGCT17,KAUSHALYA INFRASTRUCTURE DEV|KAUSHALYA INFRASTRUCTURE DEV|KAUSHALYA INFRASTRUCTURE DEV,IB|IN|IS,Common Stock,common_stock_name_match,add_coverage_expansion,Active official Stock reference plus OpenFIGI Common Stock issuer-name match.,leave_blank_until_official_sector,use_official_reference
BSE_IN::KCL,KCL,BSE_IN,Kabra Commercial Ltd,KCL.BO,Kabra Commercial Limited,,KCL,Kabra Commercial Ltd,INE926E01010,bse_india_scrips,,Stock,false,false,,ID_ISIN,INE926E01010,2,BBG00B697YF1|BBG00B697YH9,KABRA COMMERCIAL LTD|KABRA COMMERCIAL LTD,IB|IN,Common Stock,common_stock_name_match,add_coverage_expansion,Active official Stock reference plus OpenFIGI Common Stock issuer-name match.,leave_blank_until_official_sector,use_official_reference
BSE_IN::KEL,KEL,BSE_IN,Kotia Enterprises Ltd,KEL.BO,Kotia Enterprises Limited,US4878361082,KEL,Kotia Enterprises Ltd,INE079C01012,bse_india_scrips,,Stock,false,false,,ID_ISIN,INE079C01012,3,BBG007PDQQK0|BBG007PDQQL9|BBG007PDQQP5,KOTIA ENTERPRISES LTD|KOTIA ENTERPRISES LTD|KOTIA ENTERPRISES LTD,IB|IG|IN,Common Stock,common_stock_name_match,add_coverage_expansion,Active official Stock reference plus OpenFIGI Common Stock issuer-name match.,leave_blank_until_official_sector,use_official_reference
BSE_IN::KMEW,KMEW,BSE_IN,Knowledge Marine & Engineering Works Ltd,KMEW.BO,Knowledge Marine & Engineering,,KMEW,Knowledge Marine & Engineering Works Ltd,INE0CJD01029,bse_india_scrips,,Stock,false,false,,ID_ISIN,INE0CJD01029,3,BBG00ZQT3MM4|BBG00ZQT3MN3|BBG00ZQT3MQ0,KNOWLEDGE MARINE & ENG LTD|KNOWLEDGE MARINE & ENG LTD|KNOWLEDGE MARINE & ENG LTD,IB|IN|IS,Common Stock,common_stock_name_match,add_coverage_expansion,Active official Stock reference plus OpenFIGI Common Stock issuer-name match.,leave_blank_until_official_sector,use_official_reference
BSE_IN::KPT,KPT,BSE_IN,KPT Industries Ltd,KPT.BO,KPT INDUSTRIES LIMITED,,KPT,KPT Industries Ltd,INE731D01024,bse_india_scrips,,Stock,false,false,,ID_ISIN,INE731D01024,2,BBG000CVGY78|BBG000CVGYK3,KPT INDUSTRIES LTD|KPT INDUSTRIES LTD,IB|IN,Common Stock,common_stock_name_match,add_coverage_expansion,Active official Stock reference plus OpenFIGI Common Stock issuer-name match.,leave_blank_until_official_sector,use_official_reference
BSE_IN::LAL,LAL,BSE_IN,Lorenzini Apparels Ltd,LAL.BO,Lorenzini Apparels Limited,,LAL,Lorenzini Apparels Ltd,INE740X01023,bse_india_scrips,,Stock,false,false,,ID_ISIN,INE740X01023,3,BBG00JXGCKR9|BBG00JXGCKS8|BBG00JXGCKV4,LORENZINI APPARELS LTD|LORENZINI APPARELS LTD|LORENZINI APPARELS LTD,IB|IN|IS,Common Stock,common_stock_name_match,add_coverage_expansion,Active official Stock reference plus OpenFIGI Common Stock issuer-name match.,leave_blank_until_official_sector,use_official_reference
BSE_IN::LALPATHLAB,LALPATHLAB,BSE_IN,Dr. Lal PathLabs Ltd,LALPATHLAB.BO,Dr. Lal PathLabs Limited,,LALPATHLAB,Dr. Lal PathLabs Ltd,INE600L01024,bse_india_scrips,,Stock,false,true,NSE_IN:LALPATHLAB:Stock,ID_ISIN,INE600L01024,4,BBG000NBPF62|BBG009WQGFB4|BBG009WQGFD2|BBG009WQGFF0,DR LAL PATHLABS LTD|DR LAL PATHLABS LTD|DR LAL PATHLABS LTD|DR LAL PATHLABS LTD,IB|IG|IN|IS,Common Stock,common_stock_name_match,add_coverage_expansion,Active official Stock reference plus OpenFIGI Common Stock issuer-name match.,leave_blank_until_official_sector,use_official_reference
BSE_IN::LORDSCHLO,LORDSCHLO,BSE_IN,Lords Chloro Alkali Ltd,LORDSCHLO.BO,Lords Chloro Alkali Limited,,LORDSCHLO,Lords Chloro Alkali Ltd,INE846D01012,bse_india_scrips,,Stock,false,false,,ID_ISIN,INE846D01012,3,BBG000CWH854|BBG000CWH8L6|BBG000CWH9T6,LORDS CHLORO ALKALI LTD|LORDS CHLORO ALKALI LTD|LORDS CHLORO ALKALI LTD,IB|IN|IS,Common Stock,common_stock_name_match,add_coverage_expansion,Active official Stock reference plus OpenFIGI Common Stock issuer-name match.,leave_blank_until_official_sector,use_official_reference
BSE_IN::LOYAL,LOYAL,BSE_IN,Loyal Equipments Ltd,LOYAL.BO,Loyal Equipments Limited,,LOYAL,Loyal Equipments Ltd,INE876S01017,bse_india_scrips,,Stock,false,false,,ID_ISIN,INE876S01017,2,BBG009K3W5H6|BBG009K3W5K2,LOYAL EQUIPMENTS LTD|LOYAL EQUIPMENTS LTD,IB|IN,Common Stock,common_stock_name_match,add_coverage_expansion,Active official Stock reference plus OpenFIGI Common Stock issuer-name match.,leave_blank_until_official_sector,use_official_reference
BSE_IN::MAHESH,MAHESH,BSE_IN,Mahesh Developers Ltd,MAHESH.BO,Mahesh Developers Limited,,MAHESH,Mahesh Developers Ltd,INE01MO01013,bse_india_scrips,,Stock,false,false,,ID_ISIN,INE01MO01013,2,BBG00K7DQ457|BBG00K7DQ466,MAHESH DEVELOPERS LTD|MAHESH DEVELOPERS LTD,IB|IN,Common Stock,common_stock_name_match,add_coverage_expansion,Active official Stock reference plus OpenFIGI Common Stock issuer-name match.,leave_blank_until_official_sector,use_official_reference
BSE_IN::MAL,MAL,BSE_IN,Meyer Apparel Ltd,MAL.BO,Meyer Apparel Limited,,MAL,Meyer Apparel Ltd,INE100C01024,bse_india_scrips,,Stock,false,false,,ID_ISIN,INE100C01024,2,BBG000BJSZG0|BBG000BJSZN2,MEYER APPAREL LTD|MEYER APPAREL LTD,IB|IN,Common Stock,common_stock_name_match,add_coverage_expansion,Active official Stock reference plus OpenFIGI Common Stock issuer-name match.,leave_blank_until_official_sector,use_official_reference
BSE_IN::MANAS,MANAS,BSE_IN,Manas Properties Ltd,MANAS.BO,Manas Properties Limited,,MANAS,Manas Properties Ltd,INE800W01019,bse_india_scrips,,Stock,false,false,,ID_ISIN,INE800W01019,2,BBG00G99J6D7|BBG00G99J6F5,MANAS PROPERTIES LTD|MANAS PROPERTIES LTD,IB|IN,Common Stock,common_stock_name_match,add_coverage_expansion,Active official Stock reference plus OpenFIGI Common Stock issuer-name match.,leave_blank_until_official_sector,use_official_reference
BSE_IN::MANOMAY,MANOMAY,BSE_IN,Manomay Tex India Ltd,MANOMAY.BO,Manomay Tex India Limited,,MANOMAY,Manomay Tex India Ltd,INE784W01015,bse_india_scrips,,Stock,false,false,,ID_ISIN,INE784W01015,3,BBG00GBM0155|BBG00GBM0164|BBG00GBM0182,MANOMAY TEX INDIA LTD|MANOMAY TEX INDIA LTD|MANOMAY TEX INDIA LTD,IB|IN|IS,Common Stock,common_stock_name_match,add_coverage_expansion,Active official Stock reference plus OpenFIGI Common Stock issuer-name match.,leave_blank_until_official_sector,use_official_reference
BSE_IN::MASTERTR,MASTERTR,BSE_IN,Master Trust Ltd,MASTERTR.BO,Master Trust Limited,,MASTERTR,Master Trust Ltd,INE677D01037,bse_india_scrips,,Stock,false,false,,ID_ISIN,INE677D01037,3,BBG000BG04R3|BBG000BG0536|BBG000BG05X3,MASTER TRUST LTD|MASTER TRUST LTD|MASTER TRUST LTD,IB|IN|IS,Common Stock,common_stock_name_match,add_coverage_expansion,Active official Stock reference plus OpenFIGI Common Stock issuer-name match.,leave_blank_until_official_sector,use_official_reference
BSE_IN::MEDICO,MEDICO,BSE_IN,Medico Remedies Ltd,MEDICO.BO,Medico Remedies Limited,,MEDICO,Medico Remedies Ltd,INE630Y01024,bse_india_scrips,,Stock,false,false,,ID_ISIN,INE630Y01024,3,BBG00JVDFXY9|BBG00JVDFXZ8|BBG00JVDFY13,MEDICO REMEDIES LTD|MEDICO REMEDIES LTD|MEDICO REMEDIES LTD,IB|IN|IS,Common Stock,common_stock_name_match,add_coverage_expansion,Active official Stock reference plus OpenFIGI Common Stock issuer-name match.,leave_blank_until_official_sector,use_official_reference
BSE_IN::MOSCHIP,MOSCHIP,BSE_IN,Moschip Technologies Ltd,MOSCHIP.BO,MosChip Technologies Limited,,MOSCHIP,Moschip Technologies Ltd,INE935B01025,bse_india_scrips,,Stock,false,false,,ID_ISIN,INE935B01025,3,BBG000CTZK63|BBG000CTZKK7|BBG000CTZLC4,MOSCHIP TECHNOLOGIES LTD|MOSCHIP TECHNOLOGIES LTD|MOSCHIP TECHNOLOGIES LTD,IB|IN|IS,Common Stock,common_stock_name_match,add_coverage_expansion,Active official Stock reference plus OpenFIGI Common Stock issuer-name match.,leave_blank_until_official_sector,use_official_reference
BSE_IN::MPL,MPL,BSE_IN,Mpl Plastics Ltd,MPL.BO,MPL Plastics Limited,,MPL,Mpl Plastics Ltd,INE343A01016,bse_india_scrips,,Stock,false,false,,ID_ISIN,INE343A01016,2,BBG000CWDBJ6|BBG000CWDBT5,MPL PLASTICS LTD|MPL PLASTICS LTD,IB|IN,Common Stock,common_stock_name_match,add_coverage_expansion,Active official Stock reference plus OpenFIGI Common Stock issuer-name match.,leave_blank_until_official_sector,use_official_reference
BSE_IN::MRP,MRP,BSE_IN,MRP Agro Ltd,MRP.BO,MRP Agro Limited,,MRP,MRP Agro Ltd,INE0D7801012,bse_india_scrips,,Stock,false,false,,ID_ISIN,INE0D7801012,2,BBG00Z90T6D3|BBG00Z90T6F1,MRP AGRO LTD|MRP AGRO LTD,IB|IN,Common Stock,common_stock_name_match,add_coverage_expansion,Active official Stock reference plus OpenFIGI Common Stock issuer-name match.,leave_blank_until_official_sector,use_official_reference
BSE_IN::MUL,MUL,BSE_IN,Mauria Udyog Ltd,MUL.BO,Mauria Udyog Limited,,MUL,Mauria Udyog Ltd,INE150D01027,bse_india_scrips,,Stock,false,false,,ID_ISIN,INE150D01027,2,BBG001BMYK40|BBG009L2XTN7,MAURIA UDYOG LTD|MAURIA UDYOG LTD,IB|IN,Common Stock,common_stock_name_match,add_coverage_expansion,Active official Stock reference plus OpenFIGI Common Stock issuer-name match.,leave_blank_until_official_sector,use_official_reference
BSE_IN::NAM,NAM,BSE_IN,Nam Securities Ltd,NAM.BO,Nam Securities Limited,NO0004895103,NAM,Nam Securities Ltd,INE792G01011,bse_india_scrips,,Stock,false,false,,ID_ISIN,INE792G01011,2,BBG006L00VT2|BBG006L00VW8,NAM SECURITIES LTD|NAM SECURITIES LTD,IB|IN,Common Stock,common_stock_name_match,add_coverage_expansion,Active official Stock reference plus OpenFIGI Common Stock issuer-name match.,leave_blank_until_official_sector,use_official_reference
BSE_IN::NINSYS,NINSYS,BSE_IN,NINtec Systems Ltd,NINSYS.BO,NINtec Systems Limited,,NINSYS,NINtec Systems Ltd,INE395U01014,bse_india_scrips,,Stock,false,false,,ID_ISIN,INE395U01014,3,BBG00CLLK3D0|BBG00CLLK3G7|BBG00CLLK3J4,NINTEC SYSTEMS LTD|NINTEC SYSTEMS LTD|NINTEC SYSTEMS LTD,IB|IN|IS,Common Stock,common_stock_name_match,add_coverage_expansion,Active official Stock reference plus OpenFIGI Common Stock issuer-name match.,leave_blank_until_official_sector,use_official_reference
BSE_IN::NOL,NOL,BSE_IN,National Oxygen Ltd,NOL.BO,National Oxygen Limited,,NOL,National Oxygen Ltd,INE296D01010,bse_india_scrips,,Stock,false,false,,ID_ISIN,INE296D01010,2,BBG000CWY935|BBG000CWY999,NATIONAL OXYGEN LTD|NATIONAL OXYGEN LTD,IB|IN,Common Stock,common_stock_name_match,add_coverage_expansion,Active official Stock reference plus OpenFIGI Common Stock issuer-name match.,leave_blank_until_official_sector,use_official_reference
BSE_IN::NSL,NSL,BSE_IN,Northern Spirits Ltd,NSL.BO,Northern Spirits Limited,,NSL,Northern Spirits Ltd,INE01BL01012,bse_india_scrips,,Stock,false,false,,ID_ISIN,INE01BL01012,2,BBG00NLDMY99|BBG00NLDMYB6,NORTHERN SPIRITS LTD|NORTHERN SPIRITS LTD,IB|IN,Common Stock,common_stock_name_match,add_coverage_expansion,Active official Stock reference plus OpenFIGI Common Stock issuer-name match.,leave_blank_until_official_sector,use_official_reference
BSE_IN::PAUSHAKLTD,PAUSHAKLTD,BSE_IN,Paushak Ltd,PAUSHAKLTD.BO,Paushak Limited,,PAUSHAKLTD,Paushak Ltd,INE111F01024,bse_india_scrips,,Stock,false,false,,ID_ISIN,INE111F01024,3,BBG000PMJ1G3|BBG000PMJ1N5|BBG000PMJ2M4,PAUSHAK LTD|PAUSHAK LTD|PAUSHAK LTD,IB|IN|IS,Common Stock,common_stock_name_match,add_coverage_expansion,Active official Stock reference plus OpenFIGI Common Stock issuer-name match.,leave_blank_until_official_sector,use_official_reference
BSE_IN::PCS,PCS,BSE_IN,PCS Technology Ltd,PCS.BO,PCS Technology Limited,,PCS,PCS Technology Ltd,INE834B01012,bse_india_scrips,,Stock,false,false,,ID_ISIN,INE834B01012,2,BBG000JP2WS0|BBG000JP2XM4,PCS TECHNOLOGY LTD|PCS TECHNOLOGY LTD,IB|IN,Common Stock,common_stock_name_match,add_coverage_expansion,Active official Stock reference plus OpenFIGI Common Stock issuer-name match.,leave_blank_until_official_sector,use_official_reference
BSE_IN::PICCADIL,PICCADIL,BSE_IN,Piccadily Agro Industries Ltd,PICCADIL.BO,Piccadily Agro Industries Limited,,PICCADIL,Piccadily Agro Industries Ltd,INE546C01010,bse_india_scrips,,Stock,false,false,,ID_ISIN,INE546C01010,3,BBG000F8GQW5|BBG000F8GR80|BBG000F8GT13,PICCADILY AGRO INDUS LTD|PICCADILY AGRO INDUS LTD|PICCADILY AGRO INDUS LTD,IB|IN|IS,Common Stock,common_stock_name_match,add_coverage_expansion,Active official Stock reference plus OpenFIGI Common Stock issuer-name match.,leave_blank_until_official_sector,use_official_reference
BSE_IN::RADHIKAJWE,RADHIKAJWE,BSE_IN,Radhika Jeweltech Ltd,RADHIKAJWE.BO,Radhika Jeweltech Limited,,RADHIKAJWE,Radhika Jeweltech Ltd,INE583V01021,bse_india_scrips,,Stock,false,false,,ID_ISIN,INE583V01021,3,BBG00DSSJJ07|BBG00DSSJJ25|BBG00DSSJJ43,RADHIKA JEWELTECH LTD|RADHIKA JEWELTECH LTD|RADHIKA JEWELTECH LTD,IB|IN|IS,Common Stock,common_stock_name_match,add_coverage_expansion,Active official Stock reference plus OpenFIGI Common Stock issuer-name match.,leave_blank_until_official_sector,use_official_reference
BSE_IN::RAJOOENG,RAJOOENG,BSE_IN,Rajoo Engineers Ltd-$,RAJOOENG.BO,Rajoo Engineers Limited,,RAJOOENG,Rajoo Engineers Ltd-$,INE535F01024,bse_india_scrips,,Stock,false,false,,ID_ISIN,INE535F01024,3,BBG000BWFFF0|BBG000BWFFL3|BBG000BWFG77,RAJOO ENGINEERS LTD|RAJOO ENGINEERS LTD|RAJOO ENGINEERS LTD,IB|IN|IS,Common Stock,common_stock_name_match,add_coverage_expansion,Active official Stock reference plus OpenFIGI Common Stock issuer-name match.,leave_blank_until_official_sector,use_official_reference
BSE_IN::RAJPUTANA,RAJPUTANA,BSE_IN,Rajputana Investment and Finance Ltd,RAJPUTANA.BO,Rajputana Investment & Finance Limited,,RAJPUTANA,Rajputana Investment and Finance Ltd,INE751R01014,bse_india_scrips,,Stock,false,false,,ID_ISIN,INE751R01014,2,BBG008GT7CJ7|BBG008GT7CL4,RAJPUTANA INVST & FINANCE LT|RAJPUTANA INVST & FINANCE LT,IB|IN,Common Stock,common_stock_name_match,add_coverage_expansion,Active official Stock reference plus OpenFIGI Common Stock issuer-name match.,leave_blank_until_official_sector,use_official_reference
BSE_IN::RCAN,RCAN,BSE_IN,Rajeshwari Cans Ltd,RCAN.BO,Rajeshwari Cans Limited,,RCAN,Rajeshwari Cans Ltd,INE0CQ101015,bse_india_scrips,,Stock,false,false,,ID_ISIN,INE0CQ101015,2,BBG0100RCKL7|BBG0100RCKM6,RAJESHWARI CANS LTD|RAJESHWARI CANS LTD,IB|IN,Common Stock,common_stock_name_match,add_coverage_expansion,Active official Stock reference plus OpenFIGI Common Stock issuer-name match.,leave_blank_until_official_sector,use_official_reference
BSE_IN::RELTD,RELTD,BSE_IN,Ravindra Energy Ltd,RELTD.BO,Ravindra Energy Limited,,RELTD,Ravindra Energy Ltd,INE206N01018,bse_india_scrips,,Stock,false,false,,ID_ISIN,INE206N01018,3,BBG000CMDFB7|BBG000CMDFV5|BBG000CMDH14,RAVINDRA ENERGY LTD|RAVINDRA ENERGY LTD|RAVINDRA ENERGY LTD,IB|IN|IS,Common Stock,common_stock_name_match,add_coverage_expansion,Active official Stock reference plus OpenFIGI Common Stock issuer-name match.,leave_blank_until_official_sector,use_official_reference
BSE_IN::REMSONSIND,REMSONSIND,BSE_IN,Remsons Industries Ltd,REMSONSIND.BO,Remsons Industries Limited,,REMSONSIND,Remsons Industries Ltd,INE474C01023,bse_india_scrips,,Stock,false,false,,ID_ISIN,INE474C01023,3,BBG000BXQDG0|BBG000BXQDW2|BBG000BXQGN5,REMSONS INDUSTRIES LTD|REMSONS INDUSTRIES LTD|REMSONS INDUSTRIES LTD,IB|IN|IS,Common Stock,common_stock_name_match,add_coverage_expansion,Active official Stock reference plus OpenFIGI Common Stock issuer-name match.,leave_blank_until_official_sector,use_official_reference
BSE_IN::RUBFILA,RUBFILA,BSE_IN,Rubfila International Ltd,RUBFILA.BO,Rubfila International Limited,,RUBFILA,Rubfila International Ltd,INE642C01025,bse_india_scrips,,Stock,false,false,,ID_ISIN,INE642C01025,3,BBG000DFX5P6|BBG000DFX5V9|BBG000DFX6X5,RUBFILA INTERNATIONAL LTD|RUBFILA INTERNATIONAL LTD|RUBFILA INTERNATIONAL LTD,IB|IN|IS,Common Stock,common_stock_name_match,add_coverage_expansion,Active official Stock reference plus OpenFIGI Common Stock issuer-name match.,leave_blank_until_official_sector,use_official_reference
BSE_IN::RUDRA,RUDRA,BSE_IN,Rudra Global Infra Products Ltd,RUDRA.BO,Rudra Global Infra Products Limited,,RUDRA,Rudra Global Infra Products Ltd,INE027T01023,bse_india_scrips,,Stock,false,false,,ID_ISIN,INE027T01023,3,BBG009K02B82|BBG009K02BB8|BBG009K02BD6,RUDRA GLOBAL INFRA PRODUCTS|RUDRA GLOBAL INFRA PRODUCTS|RUDRA GLOBAL INFRA PRODUCTS,IB|IN|IS,Common Stock,common_stock_name_match,add_coverage_expansion,Active official Stock reference plus OpenFIGI Common Stock issuer-name match.,leave_blank_until_official_sector,use_official_reference
BSE_IN::SADHNANIQ,SADHNANIQ,BSE_IN,Sadhana Nitro Chem Ltd,SADHNANIQ.BO,Sadhana Nitro Chem Limited,,SADHNANIQ,Sadhana Nitro Chem Ltd,INE888C01040,bse_india_scrips,,Stock,false,false,,ID_ISIN,INE888C01040,3,BBG000CZ31N7|BBG000CZ31V8|BBG000CZ3371,SADHANA NITRO CHEM LTD|SADHANA NITRO CHEM LTD|SADHANA NITRO CHEM LTD,IB|IN|IS,Common Stock,common_stock_name_match,add_coverage_expansion,Active official Stock reference plus OpenFIGI Common Stock issuer-name match.,leave_blank_until_official_sector,use_official_reference
BSE_IN::SAHYADRI,SAHYADRI,BSE_IN,Sahyadri Industries Ltd,SAHYADRI.BO,Sahyadri Industries Limited,,SAHYADRI,Sahyadri Industries Ltd,INE280H01015,bse_india_scrips,,Stock,false,false,,ID_ISIN,INE280H01015,3,BBG000G3YZB8|BBG000G3Z024|BBG000G3Z1Z6,SAHYADRI INDUSTRIES LTD|SAHYADRI INDUSTRIES LTD|SAHYADRI INDUSTRIES LTD,IB|IN|IS,Common Stock,common_stock_name_match,add_coverage_expansion,Active official Stock reference plus OpenFIGI Common Stock issuer-name match.,leave_blank_until_official_sector,use_official_reference
BSE_IN::SAPL,SAPL,BSE_IN,SAR Auto Products Ltd,SAPL.BO,SAR Auto Products Limited,,SAPL,SAR Auto Products Ltd,INE002E01010,bse_india_scrips,,Stock,false,false,,ID_ISIN,INE002E01010,2,BBG000BMDHY9|BBG0087FJX35,SAR AUTO PRODUCTS LTD|SAR AUTO PRODUCTS LTD,IB|IN,Common Stock,common_stock_name_match,add_coverage_expansion,Active official Stock reference plus OpenFIGI Common Stock issuer-name match.,leave_blank_until_official_sector,use_official_reference
BSE_IN::SEL,SEL,BSE_IN,Sanathnagar Enterprises Ltd,SEL.BO,Sanathnagar Enterprises Limited,,SEL,Sanathnagar Enterprises Ltd,INE367E01033,bse_india_scrips,,Stock,false,false,,ID_ISIN,INE367E01033,2,BBG000CNXSR8|BBG000CNXTQ7,SANATHNAGAR ENTERPRISES LTD|SANATHNAGAR ENTERPRISES LTD,IB|IN,Common Stock,common_stock_name_match,add_coverage_expansion,Active official Stock reference plus OpenFIGI Common Stock issuer-name match.,leave_blank_until_official_sector,use_official_reference
BSE_IN::SHAILY,SHAILY,BSE_IN,Shaily Engineering Plastics Ltd,SHAILY.BO,Shaily Engineering Plastics Limited,,SHAILY,Shaily Engineering Plastics Ltd,INE151G01028,bse_india_scrips,,Stock,false,false,,ID_ISIN,INE151G01028,3,BBG000D2MF39|BBG000D2MFK0|BBG000D2MGG3,SHAILY ENGINEERING PLASTICS|SHAILY ENGINEERING PLASTICS|SHAILY ENGINEERING PLASTICS,IB|IN|IS,Common Stock,common_stock_name_match,add_coverage_expansion,Active official Stock reference plus OpenFIGI Common Stock issuer-name match.,leave_blank_until_official_sector,use_official_reference
BSE_IN::SHILCTECH,SHILCTECH,BSE_IN,Shilchar Technologies Ltd,SHILCTECH.BO,Shilchar Technologies Limited,,SHILCTECH,Shilchar Technologies Ltd,INE024F01011,bse_india_scrips,,Stock,false,false,,ID_ISIN,INE024F01011,3,BBG000FRRKD5|BBG000FRRLL4|BBG000FRRMM1,SHILCHAR TECHNOLOGIES LTD|SHILCHAR TECHNOLOGIES LTD|SHILCHAR TECHNOLOGIES LTD,IB|IN|IS,Common Stock,common_stock_name_match,add_coverage_expansion,Active official Stock reference plus OpenFIGI Common Stock issuer-name match.,leave_blank_until_official_sector,use_official_reference
BSE_IN::SIKA,SIKA,BSE_IN,Sika Interplant Systems Ltd,SIKA.BO,Sika Interplant Systems Limited,,SIKA,Sika Interplant Systems Ltd,INE438E01032,bse_india_scrips,,Stock,false,false,,ID_ISIN,INE438E01032,3,BBG000D72MD4|BBG000D72MK6|BBG000D72NB4,SIKA INTERPLANT SYSTEMS LTD|SIKA INTERPLANT SYSTEMS LTD|SIKA INTERPLANT SYSTEMS LTD,IB|IN|IS,Common Stock,common_stock_name_match,add_coverage_expansion,Active official Stock reference plus OpenFIGI Common Stock issuer-name match.,leave_blank_until_official_sector,use_official_reference
BSE_IN::SINCLAIR,SINCLAIR,BSE_IN,Sinclairs Hotels Ltd-$,SINCLAIR.BO,Sinclairs Hotels Limited,,SINCLAIR,Sinclairs Hotels Ltd-$,INE985A01022,bse_india_scrips,,Stock,false,false,,ID_ISIN,INE985A01022,3,BBG000CZX430|BBG000CZX4D9|BBG000CZX6C5,SINCLAIRS HOTELS LTD|SINCLAIRS HOTELS LTD|SINCLAIRS HOTELS LTD,IB|IN|IS,Common Stock,common_stock_name_match,add_coverage_expansion,Active official Stock reference plus OpenFIGI Common Stock issuer-name match.,leave_blank_until_official_sector,use_official_reference
BSE_IN::SKIL,SKIL,BSE_IN,SKIL Infrastructure Ltd,SKIL.BO,SKIL Infrastructure Limited,,SKIL,SKIL Infrastructure Ltd,INE429F01012,bse_india_scrips,,Stock,false,false,,ID_ISIN,INE429F01012,4,BBG000JR2YG5|BBG000JR2YK0|BBG000JR2ZG2|BBG003NW7LX7,SKIL INFRASTRUCTURE LTD|SKIL INFRASTRUCTURE LTD|SKIL INFRASTRUCTURE LTD|SKIL INFRASTRUCTURE LTD,IB|IG|IN|IS,Common Stock,common_stock_name_match,add_coverage_expansion,Active official Stock reference plus OpenFIGI Common Stock issuer-name match.,leave_blank_until_official_sector,use_official_reference
BSE_IN::SNL,SNL,BSE_IN,SNL Bearings Ltd,SNL.BO,SNL Bearings Limited,,SNL,SNL Bearings Ltd,INE568F01017,bse_india_scrips,,Stock,false,false,,ID_ISIN,INE568F01017,2,BBG000D6ZZC2|BBG000D71141,SNL BEARINGS LTD|SNL BEARINGS LTD,IB|IN,Common Stock,common_stock_name_match,add_coverage_expansion,Active official Stock reference plus OpenFIGI Common Stock issuer-name match.,leave_blank_until_official_sector,use_official_reference
BSE_IN::STL,STL,BSE_IN,Shreeji Translogistics Ltd,STL.BO,Shreeji Translogistics Limited,,STL,Shreeji Translogistics Ltd,INE402Y01028,bse_india_scrips,,Stock,false,false,,ID_ISIN,INE402Y01028,2,BBG005YQL250|BBG00HW2XLX3,SHREEJI TRANSLOGISTICS LTD|SHREEJI TRANSLOGISTICS LTD,IB|IN,Common Stock,common_stock_name_match,add_coverage_expansion,Active official Stock reference plus OpenFIGI Common Stock issuer-name match.,leave_blank_until_official_sector,use_official_reference
BSE_IN::SUPER,SUPER,BSE_IN,Super Sales India Ltd-$,SUPER.BO,Super Sales India Limited,,SUPER,Super Sales India Ltd-$,INE091C01017,bse_india_scrips,,Stock,false,false,,ID_ISIN,INE091C01017,3,BBG000D0KWH3|BBG000D0LYV2|BBG003NVXZH7,SUPER SALES INDIA LTD|SUPER SALES INDIA LTD|SUPER SALES INDIA LTD,IB|IG|IN,Common Stock,common_stock_name_match,add_coverage_expansion,Active official Stock reference plus OpenFIGI Common Stock issuer-name match.,leave_blank_until_official_sector,use_official_reference
BSE_IN::THEMISMED,THEMISMED,BSE_IN,Themis Medicare Ltd,THEMISMED.BO,Themis Medicare Limited,,THEMISMED,Themis Medicare Ltd,INE083B01024,bse_india_scrips,,Stock,false,false,,ID_ISIN,INE083B01024,4,BBG000F7VBR9|BBG000F7VC88|BBG000F7VD86|BBG003NW0GB9,THEMIS MEDICARE LTD|THEMIS MEDICARE LTD|THEMIS MEDICARE LTD|THEMIS MEDICARE LTD,IB|IG|IN|IS,Common Stock,common_stock_name_match,add_coverage_expansion,Active official Stock reference plus OpenFIGI Common Stock issuer-name match.,leave_blank_until_official_sector,use_official_reference
BSE_IN::TIGERLOGS,TIGERLOGS,BSE_IN,Tiger Logistics (India) Ltd,TIGERLOGS.BO,Tiger Logistics (India) Limited,,TIGERLOGS,Tiger Logistics (India) Ltd,INE906O01029,bse_india_scrips,,Stock,false,false,,ID_ISIN,INE906O01029,3,BBG0056KLPH0|BBG0056KLPK6|BBG0056KLPM4,TIGER LOGISTICS INDIA LTD|TIGER LOGISTICS INDIA LTD|TIGER LOGISTICS INDIA LTD,IB|IN|IS,Common Stock,common_stock_name_match,add_coverage_expansion,Active official Stock reference plus OpenFIGI Common Stock issuer-name match.,leave_blank_until_official_sector,use_official_reference
BSE_IN::TNTELE,TNTELE,BSE_IN,Tamilnadu Telecommunications Ltd,TNTELE.BO,Tamilnadu Telecommunications Limited,,TNTELE,Tamilnadu Telecommunications Ltd,INE141D01018,bse_india_scrips,,Stock,false,true,NSE_IN:TNTELE:Stock,ID_ISIN,INE141D01018,0,,,,Common Stock,common_stock_name_mismatch,blocked_openfigi_name_mismatch,"OpenFIGI returned Common Stock results, but none matched the official issuer name.",leave_blank_until_official_sector,use_official_reference
BSE_IN::TRL,TRL,BSE_IN,Taylormade Renewables Ltd,TRL.BO,Taylormade Renewables Limited,,TRL,Taylormade Renewables Ltd,INE459Z01017,bse_india_scrips,,Stock,false,false,,ID_ISIN,INE459Z01017,2,BBG00KDQ4GH5|BBG00KDQ4GJ3,TAYLORMADE RENEWABLES LTD|TAYLORMADE RENEWABLES LTD,IB|IN,Common Stock,common_stock_name_match,add_coverage_expansion,Active official Stock reference plus OpenFIGI Common Stock issuer-name match.,leave_blank_until_official_sector,use_official_reference
BSE_IN::VCU,VCU,BSE_IN,VCU Data Management Ltd,VCU.BO,VCU Data Management Limited,,VCU,VCU Data Management Ltd,INE962O01014,bse_india_scrips,,Stock,false,false,,ID_ISIN,INE962O01014,2,BBG005C9F6V1|BBG005C9F6Y8,VCU DATA MANAGEMENT LIMITED|VCU DATA MANAGEMENT LIMITED,IB|IN,Common Stock,common_stock_name_match,add_coverage_expansion,Active official Stock reference plus OpenFIGI Common Stock issuer-name match.,leave_blank_until_official_sector,use_official_reference
BSE_IN::VIRINCHI,VIRINCHI,BSE_IN,Virinchi Ltd,VIRINCHI.BO,Virinchi Limited,,VIRINCHI,Virinchi Ltd,INE539B01017,bse_india_scrips,,Stock,false,false,,ID_ISIN,INE539B01017,3,BBG000DCD628|BBG000DCD6L7|BBG000DCF8L1,VIRINCHI LTD|VIRINCHI LTD|VIRINCHI LTD,IB|IN|IS,Common Stock,common_stock_name_match,add_coverage_expansion,Active official Stock reference plus OpenFIGI Common Stock issuer-name match.,leave_blank_until_official_sector,use_official_reference
BSE_IN::VMS,VMS,BSE_IN,VMS Industries Ltd,VMS.BO,VMS Industries Limited,,VMS,VMS Industries Ltd,INE932K01015,bse_india_scrips,,Stock,false,false,,ID_ISIN,INE932K01015,2,BBG000BBS350|BBG000BBS3P8,VMS INDUSTRIES LTD|VMS INDUSTRIES LTD,IB|IN,Common Stock,common_stock_name_match,add_coverage_expansion,Active official Stock reference plus OpenFIGI Common Stock issuer-name match.,leave_blank_until_official_sector,use_official_reference
BSE_IN::VRL,VRL,BSE_IN,Vasundhara Rasayans Ltd,VRL.BO,Vasundhara Rasayans Limited,,VRL,Vasundhara Rasayans Ltd,INE406F01010,bse_india_scrips,,Stock,false,false,,ID_ISIN,INE406F01010,2,BBG001HSFS27|BBG0073GBV31,VASUNDHARA RASAYANS LTD|VASUNDHARA RASAYANS LTD,IB|IN,Common Stock,common_stock_name_match,add_coverage_expansion,Active official Stock reference plus OpenFIGI Common Stock issuer-name match.,leave_blank_until_official_sector,use_official_reference
BSE_IN::WAA,WAA,BSE_IN,Waa Solar Ltd,WAA.BO,Waa Solar Limited,,WAA,Waa Solar Ltd,INE799N01012,bse_india_scrips,,Stock,false,false,,ID_ISIN,INE799N01012,2,BBG00KHST4M1|BBG00L4H6BB8,WAA SOLAR LTD|WAA SOLAR LTD,IB|IN,Common Stock,common_stock_name_match,add_coverage_expansion,Active official Stock reference plus OpenFIGI Common Stock issuer-name match.,leave_blank_until_official_sector,use_official_reference
BSE_IN::XTGLOBAL,XTGLOBAL,BSE_IN,Xtglobal Infotech Ltd,XTGLOBAL.BO,XTGLOBAL INFOTECH LIMITED,,XTGLOBAL,Xtglobal Infotech Ltd,INE547B01028,bse_india_scrips,,Stock,false,false,,ID_ISIN,INE547B01028,3,BBG000BRV075|BBG000BRV0F6|BBG000BRV1J0,XTGLOBAL LTD|XTGLOBAL LTD|XTGLOBAL LTD,IB|IN|IS,Common Stock,common_stock_name_match,add_coverage_expansion,Active official Stock reference plus OpenFIGI Common Stock issuer-name match.,leave_blank_until_official_sector,use_official_reference
BSE_IN::YUG,YUG,BSE_IN,Yug Decor Ltd,YUG.BO,Yug Decor Limited,,YUG,Yug Decor Ltd,INE796W01019,bse_india_scrips,,Stock,false,false,,ID_ISIN,INE796W01019,2,BBG00GSMTFP3|BBG00GSMTFQ2,YUG DECOR LTD|YUG DECOR LTD,IB|IN,Common Stock,common_stock_name_match,add_coverage_expansion,Active official Stock reference plus OpenFIGI Common Stock issuer-name match.,leave_blank_until_official_sector,use_official_reference
Bursa::0056,0056,Bursa,NCT ALLIANCE BERHAD,0056.KL,NCT Alliance Berhad,,0056,NCT ALLIANCE BERHAD,,bursa_closing_prices,Real Estate,Stock,false,false,,TICKER,0056,0,,,,,no_common_stock,blocked_openfigi_no_common_stock,OpenFIGI returned no Common Stock result for the query.,use_official_reference,leave_blank_until_official_identifier
Bursa::1538,1538,Bursa,SYMPHONY LIFE BERHAD,1538.KL,Symphony Life Berhad,,1538,SYMPHONY LIFE BERHAD,,bursa_closing_prices,Real Estate,Stock,false,false,,TICKER,1538,0,,,,Common Stock,common_stock_name_mismatch,blocked_openfigi_name_mismatch,"OpenFIGI returned Common Stock results, but none matched the official issuer name.",use_official_reference,leave_blank_until_official_identifier
Bursa::1589,1589,Bursa,ISKANDAR WATERFRONT CITY BERHAD,1589.KL,Iskandar Waterfront City Berhad,,1589,ISKANDAR WATERFRONT CITY BERHAD,,bursa_closing_prices,Real Estate,Stock,false,false,,TICKER,1589,0,,,,Common Stock,common_stock_name_mismatch,blocked_openfigi_name_mismatch,"OpenFIGI returned Common Stock results, but none matched the official issuer name.",use_official_reference,leave_blank_until_official_identifier
Bursa::2038,2038,Bursa,NEGRI SEMBILAN OIL PALMS BHD,2038.KL,Negri Sembilan Oil Palms Berhad,,2038,NEGRI SEMBILAN OIL PALMS BHD,,bursa_closing_prices,Consumer Staples,Stock,false,false,,TICKER,2038,0,,,,Common Stock,common_stock_name_mismatch,blocked_openfigi_name_mismatch,"OpenFIGI returned Common Stock results, but none matched the official issuer name.",use_official_reference,leave_blank_until_official_identifier
Bursa::2186,2186,Bursa,KUCHAI DEVELOPMENT BHD,2186.KL,Kuchai Development Bhd,,2186,KUCHAI DEVELOPMENT BHD,,bursa_closing_prices,Financials,Stock,false,false,,TICKER,2186,0,,,,Common Stock,common_stock_name_mismatch,blocked_openfigi_name_mismatch,"OpenFIGI returned Common Stock results, but none matched the official issuer name.",use_official_reference,leave_blank_until_official_identifier
Bursa::2429,2429,Bursa,TANCO HOLDINGS BHD,2429.KL,Tanco Holdings Bhd,,2429,TANCO HOLDINGS BHD,,bursa_closing_prices,Real Estate,Stock,false,false,,TICKER,2429,0,,,,Common Stock,common_stock_name_mismatch,blocked_openfigi_name_mismatch,"OpenFIGI returned Common Stock results, but none matched the official issuer name.",use_official_reference,leave_blank_until_official_identifier
Bursa::2488,2488,Bursa,ALLIANCE BANK MALAYSIA BERHAD,2488.KL,Alliance Bank Malaysia Berhad,,2488,ALLIANCE BANK MALAYSIA BERHAD,,bursa_closing_prices,Financials,Stock,false,false,,TICKER,2488,0,,,,Common Stock,common_stock_name_mismatch,blocked_openfigi_name_mismatch,"OpenFIGI returned Common Stock results, but none matched the official issuer name.",use_official_reference,leave_blank_until_official_identifier
Bursa::2542,2542,Bursa,RIVERVIEW RUBBER ESTATES BHD,2542.KL,Riverview Rubber Estates Berhad,,2542,RIVERVIEW RUBBER ESTATES BHD,,bursa_closing_prices,Consumer Staples,Stock,false,false,,TICKER,2542,0,,,,Common Stock,common_stock_name_mismatch,blocked_openfigi_name_mismatch,"OpenFIGI returned Common Stock results, but none matched the official issuer name.",use_official_reference,leave_blank_until_official_identifier
Bursa::2755,2755,Bursa,FCW HOLDINGS BHD,2755.KL,FCW Holdings Bhd,,2755,FCW HOLDINGS BHD,,bursa_closing_prices,Consumer Discretionary,Stock,false,false,,TICKER,2755,0,,,,Common Stock,common_stock_name_mismatch,blocked_openfigi_name_mismatch,"OpenFIGI returned Common Stock results, but none matched the official issuer name.",use_official_reference,leave_blank_until_official_identifier
Bursa::2836,2836,Bursa,CARLSBERG BREWERY MALAYSIA BHD,2836.KL,Carlsberg Brewery Malaysia Bhd,,2836,CARLSBERG BREWERY MALAYSIA BHD,,bursa_closing_prices,Consumer Discretionary,Stock,false,false,,TICKER,2836,0,,,,Common Stock,common_stock_name_mismatch,blocked_openfigi_name_mismatch,"OpenFIGI returned Common Stock results, but none matched the official issuer name.",use_official_reference,leave_blank_until_official_identifier
Bursa::3026,3026,Bursa,DUTCH LADY MILK INDUSTRIES BHD,3026.KL,Dutch Lady Milk Industries Bhd,,3026,DUTCH LADY MILK INDUSTRIES BHD,,bursa_closing_prices,Consumer Discretionary,Stock,false,false,,TICKER,3026,0,,,,Common Stock,common_stock_name_mismatch,blocked_openfigi_name_mismatch,"OpenFIGI returned Common Stock results, but none matched the official issuer name.",use_official_reference,leave_blank_until_official_identifier
Bursa::3042,3042,Bursa,PETRON MALAYSIA REFINING & MARKETING BERHAD,3042.KL,Petron Malaysia Refining & Marketing Bhd,,3042,PETRON MALAYSIA REFINING & MARKETING BERHAD,,bursa_closing_prices,Energy,Stock,false,false,,TICKER,3042,0,,,,Common Stock,common_stock_name_mismatch,blocked_openfigi_name_mismatch,"OpenFIGI returned Common Stock results, but none matched the official issuer name.",use_official_reference,leave_blank_until_official_identifier
Bursa::3158,3158,Bursa,YNH PROPERTY BHD,3158.KL,YNH Property Bhd,,3158,YNH PROPERTY BHD,,bursa_closing_prices,Real Estate,Stock,false,false,,TICKER,3158,0,,,,Common Stock,common_stock_name_mismatch,blocked_openfigi_name_mismatch,"OpenFIGI returned Common Stock results, but none matched the official issuer name.",use_official_reference,leave_blank_until_official_identifier
Bursa::3441,3441,Bursa,JOHAN HOLDINGS BHD,3441.KL,Johan Holdings Bhd,,3441,JOHAN HOLDINGS BHD,,bursa_closing_prices,Financials,Stock,false,false,,TICKER,3441,0,,,,Common Stock,common_stock_name_mismatch,blocked_openfigi_name_mismatch,"OpenFIGI returned Common Stock results, but none matched the official issuer name.",use_official_reference,leave_blank_until_official_identifier
Bursa::3557,3557,Bursa,ECOFIRST CONSOLIDATED BHD,3557.KL,Ecofirst Consolidated Bhd,,3557,ECOFIRST CONSOLIDATED BHD,,bursa_closing_prices,Real Estate,Stock,false,false,,TICKER,3557,0,,,,Common Stock,common_stock_name_mismatch,blocked_openfigi_name_mismatch,"OpenFIGI returned Common Stock results, but none matched the official issuer name.",use_official_reference,leave_blank_until_official_identifier
Bursa::3689,3689,Bursa,FRASER & NEAVE HOLDINGS BHD,3689.KL,Fraser & Neave Holdings Bhd,,3689,FRASER & NEAVE HOLDINGS BHD,,bursa_closing_prices,Consumer Discretionary,Stock,false,false,,TICKER,3689,0,,,,Common Stock,common_stock_name_mismatch,blocked_openfigi_name_mismatch,"OpenFIGI returned Common Stock results, but none matched the official issuer name.",use_official_reference,leave_blank_until_official_identifier
Bursa::4936,4936,Bursa,MALPAC HOLDINGS BHD,4936.KL,Malpac Holdings Bhd,,4936,MALPAC HOLDINGS BHD,,bursa_closing_prices,Consumer Staples,Stock,false,false,,TICKER,4936,0,,,,Common Stock,common_stock_name_mismatch,blocked_openfigi_name_mismatch,"OpenFIGI returned Common Stock results, but none matched the official issuer name.",use_official_reference,leave_blank_until_official_identifier
Bursa::5009,5009,Bursa,WHITE HORSE BHD,5009.KL,White Horse Bhd,,5009,WHITE HORSE BHD,,bursa_closing_prices,Industrials,Stock,false,false,,TICKER,5009,0,,,,Common Stock,common_stock_name_mismatch,blocked_openfigi_name_mismatch,"OpenFIGI returned Common Stock results, but none matched the official issuer name.",use_official_reference,leave_blank_until_official_identifier
Bursa::5011,5011,Bursa,MESINIAGA BHD,5011.KL,Mesiniaga Bhd,,5011,MESINIAGA BHD,,bursa_closing_prices,Information Technology,Stock,false,false,,TICKER,5011,0,,,,Common Stock,common_stock_name_mismatch,blocked_openfigi_name_mismatch,"OpenFIGI returned Common Stock results, but none matched the official issuer name.",use_official_reference,leave_blank_until_official_identifier
Bursa::5014,5014,Bursa,MALAYSIA AIRPORTS HOLDINGS BHD,5014.KL,Malaysia Airports Holdings Bhd,,5014,MALAYSIA AIRPORTS HOLDINGS BHD,,bursa_closing_prices,Industrials,Stock,false,false,,TICKER,5014,0,,,,Common Stock,common_stock_name_mismatch,blocked_openfigi_name_mismatch,"OpenFIGI returned Common Stock results, but none matched the official issuer name.",use_official_reference,leave_blank_until_official_identifier
Bursa::5016,5016,Bursa,WARISAN TC HOLDINGS BHD,5016.KL,Warisan TC Holdings Bhd,,5016,WARISAN TC HOLDINGS BHD,,bursa_closing_prices,Consumer Discretionary,Stock,false,false,,TICKER,5016,0,,,,Common Stock,common_stock_name_mismatch,blocked_openfigi_name_mismatch,"OpenFIGI returned Common Stock results, but none matched the official issuer name.",use_official_reference,leave_blank_until_official_identifier
Bursa::5082,5082,Bursa,ANNUM BERHAD,5082.KL,Annum Berhad,,5082,ANNUM BERHAD,,bursa_closing_prices,Industrials,Stock,false,false,,TICKER,5082,0,,,,,no_common_stock,blocked_openfigi_no_common_stock,OpenFIGI returned no Common Stock result for the query.,use_official_reference,leave_blank_until_official_identifier
Bursa::5170,5170,Bursa,SARAWAK CABLE BERHAD,5170.KL,Sarawak Cable Berhad,,5170,SARAWAK CABLE BERHAD,,bursa_closing_prices,Industrials,Stock,false,false,,TICKER,5170,0,,,,,no_common_stock,blocked_openfigi_no_common_stock,OpenFIGI returned no Common Stock result for the query.,use_official_reference,leave_blank_until_official_identifier
Bursa::5175,5175,Bursa,IVORY PROPERTIES GROUP BERHAD,5175.KL,Ivory Properties Group Berhad,,5175,IVORY PROPERTIES GROUP BERHAD,,bursa_closing_prices,Real Estate,Stock,false,false,,TICKER,5175,0,,,,,no_common_stock,blocked_openfigi_no_common_stock,OpenFIGI returned no Common Stock result for the query.,use_official_reference,leave_blank_until_official_identifier
Bursa::5213,5213,Bursa,SENTORIA GROUP BERHAD,5213.KL,Sentoria Group Berhad,,5213,SENTORIA GROUP BERHAD,,bursa_closing_prices,Real Estate,Stock,false,false,,TICKER,5213,0,,,,Common Stock,common_stock_name_mismatch,blocked_openfigi_name_mismatch,"OpenFIGI returned Common Stock results, but none matched the official issuer name.",use_official_reference,leave_blank_until_official_identifier
Bursa::5220,5220,Bursa,GLOBALTEC FORMATION BERHAD,5220.KL,Globaltec Formation Berhad,,5220,GLOBALTEC FORMATION BERHAD,,bursa_closing_prices,Industrials,Stock,false,false,,TICKER,5220,0,,,,Common Stock,common_stock_name_mismatch,blocked_openfigi_name_mismatch,"OpenFIGI returned Common Stock results, but none matched the official issuer name.",use_official_reference,leave_blank_until_official_identifier
Bursa::5222,5222,Bursa,FGV HOLDINGS BERHAD,5222.KL,FGV Holdings Berhad,,5222,FGV HOLDINGS BERHAD,,bursa_closing_prices,Consumer Staples,Stock,false,false,,TICKER,5222,0,,,,Common Stock,common_stock_name_mismatch,blocked_openfigi_name_mismatch,"OpenFIGI returned Common Stock results, but none matched the official issuer name.",use_official_reference,leave_blank_until_official_identifier
Bursa::5225,5225,Bursa,IHH HEALTHCARE BERHAD,5225.KL,IHH Healthcare Berhad,,5225,IHH HEALTHCARE BERHAD,,bursa_closing_prices,Health Care,Stock,false,false,,TICKER,5225,0,,,,Common Stock,common_stock_name_mismatch,blocked_openfigi_name_mismatch,"OpenFIGI returned Common Stock results, but none matched the official issuer name.",use_official_reference,leave_blank_until_official_identifier
Bursa::5228,5228,Bursa,ELK-DESA RESOURCES BERHAD,5228.KL,ELK-Desa Resources Berhad,,5228,ELK-DESA RESOURCES BERHAD,,bursa_closing_prices,Financials,Stock,false,false,,TICKER,5228,0,,,,Common Stock,common_stock_name_mismatch,blocked_openfigi_name_mismatch,"OpenFIGI returned Common Stock results, but none matched the official issuer name.",use_official_reference,leave_blank_until_official_identifier
Bursa::5230,5230,Bursa,TUNE PROTECT GROUP BERHAD,5230.KL,Tune Protect Group Berhad,,5230,TUNE PROTECT GROUP BERHAD,,bursa_closing_prices,Financials,Stock,false,false,,TICKER,5230,0,,,,Common Stock,common_stock_name_mismatch,blocked_openfigi_name_mismatch,"OpenFIGI returned Common Stock results, but none matched the official issuer name.",use_official_reference,leave_blank_until_official_identifier
Bursa::5248,5248,Bursa,BERMAZ AUTO BERHAD,5248.KL,Bermaz Auto Berhad,,5248,BERMAZ AUTO BERHAD,,bursa_closing_prices,Consumer Discretionary,Stock,false,false,,TICKER,5248,0,,,,Common Stock,common_stock_name_mismatch,blocked_openfigi_name_mismatch,"OpenFIGI returned Common Stock results, but none matched the official issuer name.",use_official_reference,leave_blank_until_official_identifier
Bursa::5258,5258,Bursa,BANK ISLAM MALAYSIA BERHAD,5258.KL,Bank Islam Malaysia Berhad,,5258,BANK ISLAM MALAYSIA BERHAD,,bursa_closing_prices,Financials,Stock,false,false,,TICKER,5258,0,,,,Common Stock,common_stock_name_mismatch,blocked_openfigi_name_mismatch,"OpenFIGI returned Common Stock results, but none matched the official issuer name.",use_official_reference,leave_blank_until_official_identifier
Bursa::5285,5285,Bursa,SD GUTHRIE BERHAD,5285.KL,SD Guthrie Berhad,,5285,SD GUTHRIE BERHAD,,bursa_closing_prices,Consumer Staples,Stock,false,false,,TICKER,5285,0,,,,Common Stock,common_stock_name_mismatch,blocked_openfigi_name_mismatch,"OpenFIGI returned Common Stock results, but none matched the official issuer name.",use_official_reference,leave_blank_until_official_identifier
Bursa::5289,5289,Bursa,TECHBOND GROUP BERHAD,5289.KL,Techbond Group Berhad,,5289,TECHBOND GROUP BERHAD,,bursa_closing_prices,Industrials,Stock,false,false,,TICKER,5289,0,,,,Common Stock,common_stock_name_mismatch,blocked_openfigi_name_mismatch,"OpenFIGI returned Common Stock results, but none matched the official issuer name.",use_official_reference,leave_blank_until_official_identifier
Bursa::5878,5878,Bursa,KPJ HEALTHCARE BHD,5878.KL,KPJ Healthcare Bhd,,5878,KPJ HEALTHCARE BHD,,bursa_closing_prices,Health Care,Stock,false,false,,TICKER,5878,0,,,,Common Stock,common_stock_name_mismatch,blocked_openfigi_name_mismatch,"OpenFIGI returned Common Stock results, but none matched the official issuer name.",use_official_reference,leave_blank_until_official_identifier
Bursa::6139,6139,Bursa,SYARIKAT TAKAFUL MALAYSIA KELUARGA BERHAD,6139.KL,Syarikat Takaful Malaysia Bhd,,6139,SYARIKAT TAKAFUL MALAYSIA KELUARGA BERHAD,,bursa_closing_prices,Financials,Stock,false,false,,TICKER,6139,0,,,,Common Stock,common_stock_name_mismatch,blocked_openfigi_name_mismatch,"OpenFIGI returned Common Stock results, but none matched the official issuer name.",use_official_reference,leave_blank_until_official_identifier
Bursa::6556,6556,Bursa,ANN JOO RESOURCES BHD,6556.KL,Ann Joo Resources Berhad,,6556,ANN JOO RESOURCES BHD,,bursa_closing_prices,Industrials,Stock,false,false,,TICKER,6556,0,,,,Common Stock,common_stock_name_mismatch,blocked_openfigi_name_mismatch,"OpenFIGI returned Common Stock results, but none matched the official issuer name.",use_official_reference,leave_blank_until_official_identifier
Bursa::6904,6904,Bursa,SUBUR TIASA HOLDINGS BHD,6904.KL,Subur Tiasa Holdings Bhd,,6904,SUBUR TIASA HOLDINGS BHD,,bursa_closing_prices,Industrials,Stock,false,false,,TICKER,6904,0,,,,Common Stock,common_stock_name_mismatch,blocked_openfigi_name_mismatch,"OpenFIGI returned Common Stock results, but none matched the official issuer name.",use_official_reference,leave_blank_until_official_identifier
Bursa::6912,6912,Bursa,PASDEC HOLDINGS BHD,6912.KL,Pasdec Holdings Bhd,,6912,PASDEC HOLDINGS BHD,,bursa_closing_prices,Real Estate,Stock,false,false,,TICKER,6912,0,,,,Common Stock,common_stock_name_mismatch,blocked_openfigi_name_mismatch,"OpenFIGI returned Common Stock results, but none matched the official issuer name.",use_official_reference,leave_blank_until_official_identifier
Bursa::6939,6939,Bursa,FIAMMA HOLDINGS BHD,6939.KL,Fiamma Holdings Bhd,,6939,FIAMMA HOLDINGS BHD,,bursa_closing_prices,Consumer Discretionary,Stock,false,false,,TICKER,6939,0,,,,Common Stock,common_stock_name_mismatch,blocked_openfigi_name_mismatch,"OpenFIGI returned Common Stock results, but none matched the official issuer name.",use_official_reference,leave_blank_until_official_identifier
Bursa::6947,6947,Bursa,CELCOMDIGI BERHAD,6947.KL,Celcomdigi Berhad,,6947,CELCOMDIGI BERHAD,,bursa_closing_prices,Communication Services,Stock,false,false,,TICKER,6947,0,,,,Common Stock,common_stock_name_mismatch,blocked_openfigi_name_mismatch,"OpenFIGI returned Common Stock results, but none matched the official issuer name.",use_official_reference,leave_blank_until_official_identifier
Bursa::6971,6971,Bursa,KOBAY TECHNOLOGY BHD,6971.KL,Kobay Technology Bhd.,,6971,KOBAY TECHNOLOGY BHD,,bursa_closing_prices,Industrials,Stock,false,false,,TICKER,6971,0,,,,Common Stock,common_stock_name_mismatch,blocked_openfigi_name_mismatch,"OpenFIGI returned Common Stock results, but none matched the official issuer name.",use_official_reference,leave_blank_until_official_identifier
Bursa::7045,7045,Bursa,SCOMI ENERGY SERVICES BHD,7045.KL,Scomi Energy Services Bhd,,7045,SCOMI ENERGY SERVICES BHD,,bursa_closing_prices,Energy,Stock,false,false,,TICKER,7045,0,,,,,no_common_stock,blocked_openfigi_no_common_stock,OpenFIGI returned no Common Stock result for the query.,use_official_reference,leave_blank_until_official_identifier
Bursa::7164,7164,Bursa,KNM GROUP BHD,7164.KL,KNM Group Bhd,,7164,KNM GROUP BHD,,bursa_closing_prices,Energy,Stock,false,false,,TICKER,7164,0,,,,Common Stock,common_stock_name_mismatch,blocked_openfigi_name_mismatch,"OpenFIGI returned Common Stock results, but none matched the official issuer name.",use_official_reference,leave_blank_until_official_identifier
Bursa::7251,7251,Bursa,BARAKAH OFFSHORE PETROLEUM BHD,7251.KL,Barakah Offshore Petroleum Berhad,,7251,BARAKAH OFFSHORE PETROLEUM BHD,,bursa_closing_prices,Energy,Stock,false,false,,TICKER,7251,0,,,,,no_common_stock,blocked_openfigi_no_common_stock,OpenFIGI returned no Common Stock result for the query.,use_official_reference,leave_blank_until_official_identifier
Bursa::8923,8923,Bursa,JIANKUN INTERNATIONAL BERHAD,8923.KL,Jiankun International Berhad,,8923,JIANKUN INTERNATIONAL BERHAD,,bursa_closing_prices,Real Estate,Stock,false,false,,TICKER,8923,0,,,,Common Stock,common_stock_name_mismatch,blocked_openfigi_name_mismatch,"OpenFIGI returned Common Stock results, but none matched the official issuer name.",use_official_reference,leave_blank_until_official_identifier
CPH::KRE,KRE,CPH,Kreditbanken,KRE.CO,Kreditbanken A/S,,KRE,Kreditbanken,DK0010253764,nasdaq_nordic_copenhagen_shares,Financials,Stock,false,false,,ID_ISIN,DK0010253764,43,BBG000BGM0W1|BBG000C2NJ13|BBG000C2NWB3|BBG000C2NXB1|BBG000CML646|BBG000CMM8Y8|BBG000CMM9N8|BBG000CMMB44|BBG000CMMC51|BBG000CMMCL3|BBG000CMMD13|BBG000CMMDP7|BBG000CMMF72|BBG000CMMH14|BBG000CMMHB3|BBG000CMNKJ7|BBG000CMNKQ9|BBG000CMNL87|BBG000CMNMK1|BBG000D8VPN2|BBG0058Q6HJ8|BBG0058Q8MD1|BBG0059179T8|BBG00591HWQ9|BBG006BH1ZL4|BBG006T6KYR5|BBG006T9WPL1|BBG008H01F17|BBG00JHVTGR5|BBG00JN74YX2|BBG00JN7FJN4|BBG00NLK3TG7|BBG00NQCLYK4|BBG00PPZGSW5|BBG00PPZGSY3|BBG00Q6R47P9|BBG00QFXZN04|BBG00QFY87H9|BBG00Y91YBG4|BBG01L8XP9G7|BBG01L8XP9L1|BBG023NWTFV6|BBG023NWTYK7,KREDITBANKEN|KREDITBANKEN|KREDITBANKEN|KREDITBANKEN|KREDITBANKEN|KREDITBANKEN|KREDITBANKEN|KREDITBANKEN|KREDITBANKEN|KREDITBANKEN|KREDITBANKEN|KREDITBANKEN|KREDITBANKEN|KREDITBANKEN|KREDITBANKEN|KREDITBANKEN|KREDITBANKEN|KREDITBANKEN|KREDITBANKEN|KREDITBANKEN|KREDITBANKEN|KREDITBANKEN|KREDITBANKEN|KREDITBANKEN|KREDITBANKEN|KREDITBANKEN|KREDITBANKEN|KREDITBANKEN|KREDITBANKEN|KREDITBANKEN|KREDITBANKEN|KREDITBANKEN|KREDITBANKEN|KREDITBANKEN|KREDITBANKEN|KREDITBANKEN|KREDITBANKEN|KREDITBANKEN|KREDITBANKEN|KREDITBANKEN|KREDITBANKEN|KREDITBANKEN|KREDITBANKEN,B3|DC|E1|EB|EO|EP|EU|EZ|I2|IX|L1|L3|LN|PO|QE|QX|S1|S4|T1|TQ|X1|X2|XA|XC|XE|XF|XG|XH|XJ|XL|XO|XS|XT|XV|XW|XX,Common Stock,common_stock_name_match,add_coverage_expansion,Active official Stock reference plus OpenFIGI Common Stock issuer-name match.,use_official_reference,use_official_reference
Euronext::AURE,AURE,Euronext,AUREA,AURE.PA,Aurea SA,,AURE,AUREA,FR0000039232,euronext_equities,,Stock,false,false,,ID_ISIN,FR0000039232,62,BBG000BS4CG7|BBG000K5DM48|BBG000K5DNV6|BBG000K5DPH7|BBG000K5DQ94|BBG000K5DRM7|BBG000K5DSG2|BBG000K5DT34|BBG000K5DTQ9|BBG000K5DVD8|BBG000K5DXZ0|BBG000K5DYR7|BBG000K5DZJ3|BBG000K5F133|BBG000K5F204|BBG001MBXFM4|BBG004TNVDC3|BBG004TNZPX9|BBG00591DBG0|BBG005D7H1D3|BBG006T6Q7Q9|BBG006T9YP84|BBG008GZC4D1|BBG00JGBR462|BBG00JN79ZG3|BBG00L7TTGP8|BBG00L7TTGS5|BBG00L7TTGV1|BBG00L7TTGX9|BBG00L7TTGY8|BBG00L7TTGZ7|BBG00L7TTH03|BBG00L7TTH12|BBG00L7TTH58|BBG00L7TTH67|BBG00L7TTH85|BBG00L7TTH94|BBG00L7TTHB1|BBG00L7TTHD9|BBG00L7TTHF7|BBG00L7TTHG6|BBG00L7TTHJ3|BBG00NLK5H44|BBG00NQ9ZWX6|BBG00PPY08R5|BBG00PPY08T3|BBG00Q6R1BX4|BBG00QFY4NX0|BBG00QG03XC5|BBG00Y7BF729|BBG00YJ7ZB42|BBG013T6X5T8|BBG013T6X5X3|BBG013T6X5Y2|BBG013T6X607|BBG013T6X616|BBG013TD16J7|BBG018HFW183|BBG018J7QRY0|BBG01L8HTVT5|BBG01L8HTVZ8|BBG01RQWZXJ9,AUREA|AUREA|AUREA|AUREA|AUREA|AUREA|AUREA|AUREA|AUREA|AUREA|AUREA|AUREA|AUREA|AUREA|AUREA|AUREA|AUREA|AUREA|AUREA|AUREA|AUREA|AUREA|AUREA|AUREA|AUREA|AUREA|AUREA|AUREA|AUREA|AUREA|AUREA|AUREA|AUREA|AUREA|AUREA|AUREA|AUREA|AUREA|AUREA|AUREA|AUREA|AUREA|AUREA|AUREA|AUREA|AUREA|AUREA|AUREA|AUREA|AUREA|AUREA|AUREA|AUREA|AUREA|AUREA|AUREA|AUREA|AUREA|AUREA|AUREA|AUREA|AUREA,B3|E1|EB|EO|EP|EU|EZ|FP|GD|GF|GM|GR|GS|GZ|I2|IX|L1|L3|LA|LN|LU|PO|QE|QT|QX|S1|S4|T1|TQ|X1|X2|XA|XC|XE|XF|XG|XH|XJ|XL|XO|XQ|XS|XU|XV|XW|XX|XZ,Common Stock,common_stock_name_match,add_coverage_expansion,Active official Stock reference plus OpenFIGI Common Stock issuer-name match.,leave_blank_until_official_sector,use_official_reference
Euronext::BANI,BANI,Euronext,BANIMMO A,BANI.BR,Banimmo SA,,BANI,BANIMMO A,BE0003870871,euronext_equities,,Stock,false,false,,ID_ISIN,BE0003870871,104,BBG000RHY9F9|BBG000TRQKN0|BBG000TRQM74|BBG000TRQMM7|BBG000TRQMV7|BBG000TRQNG2|BBG000TRQNR0|BBG000TRQPD0|BBG000TRQPV0|BBG000TRQQ20|BBG000TRQQZ4|BBG000TRQR73|BBG000TRQRF4|BBG000TRQS62|BBG000TRQSV4|BBG002KFSBM0|BBG004PLC7Y1|BBG00591L468|BBG005D7KH08|BBG006T9C3H7|BBG006TB2JC3|BBG008GZCG53|BBG00JHVZVS4|BBG00JN7HSD3|BBG00NLK1PX8|BBG00NQB4PZ8|BBG00PPZTX96|BBG00PPZTXC2|BBG00Q6R63T2|BBG00QFYBH74|BBG00W2Q1G20|BBG00W2Q1G48|BBG00W2Q1G57|BBG00W2Q1G66|BBG00W2Q1G84|BBG00W2Q1GB0|BBG00W2Q1GD8|BBG00W2Q1GF6|BBG00W2Q1GG5|BBG00W2Q1GH4|BBG00W2Q1GJ2|BBG00W2Q1GN7|BBG00W2Q1GP5|BBG00W2Q1GQ4|BBG00W2Q1GR3|BBG00W2Q1GS2|BBG00W2Q1GV8|BBG00W2Q1GX6|BBG00W2Q1GY5|BBG00W2Q1GZ4|BBG00W2Q1H19|BBG00W2Q1H37|BBG00Y7BFS78|BBG019QXCQD3|BBG019QXCQF1|BBG019QXCQG0|BBG019QXCQJ7|BBG019QXCQV3|BBG019QXCQW2|BBG01F7JR3P3|BBG01F7JR3Q2|BBG01F7JR3S0|BBG01F7JR3V6|BBG01F7JR3X4|BBG01F7JR3Y3|BBG01F7JR3Z2|BBG01F7JR408|BBG01F7JR417|BBG01F7JR453|BBG01F7JR462|BBG01F7JR480|BBG01F7JR499|BBG01F7JR4B6|BBG01F7JR4C5|BBG01F7JR4F2|BBG01F7JR4G1|BBG01F7JR4H0|BBG01F7JR4K6|BBG01F7JR4M4|BBG01F7JV9K0|BBG01F7JV9L9|BBG01F7JV9N7|BBG01F7JV9Q4|BBG01F7JV9S2|BBG01F7JV9T1|BBG01F7JV9V8|BBG01F7JV9W7|BBG01F7JV9X6|BBG01F7JVB16|BBG01F7JVB25|BBG01F7JVB43|BBG01F7JVB52|BBG01F7JVB61|BBG01F7JVB70|BBG01F7JVB98|BBG01F7JVBB5|BBG01F7JVBC4|BBG01F7JVBF1|BBG01F7JVBH9|BBG01L8HV9C9|BBG01L8HV9J2|BBG01LNSLBV3|BBG02029VF89|BBG02029VJV5,BANIMMO SA/NV - A|BANIMMO SA/NV - A|BANIMMO SA/NV - A|BANIMMO SA/NV - A|BANIMMO SA/NV - A|BANIMMO SA/NV - A|BANIMMO SA/NV - A|BANIMMO SA/NV - A|BANIMMO SA/NV - A|BANIMMO SA/NV - A|BANIMMO SA/NV - A|BANIMMO SA/NV - A|BANIMMO SA/NV - A|BANIMMO SA/NV - A|BANIMMO SA/NV - A|BANIMMO SA/NV - A|BANIMMO SA/NV - A|BANIMMO SA/NV - A|BANIMMO SA/NV - A|BANIMMO SA/NV - A|BANIMMO SA/NV - A|BANIMMO SA/NV - A|BANIMMO SA/NV - A|BANIMMO SA/NV - A|BANIMMO SA/NV - A|BANIMMO SA/NV - A|BANIMMO SA/NV - A|BANIMMO SA/NV - A|BANIMMO SA/NV - A|BANIMMO SA/NV - A|BANIMMO SA/NV - A|BANIMMO SA/NV - A|BANIMMO SA/NV - A|BANIMMO SA/NV - A|BANIMMO SA/NV - A|BANIMMO SA/NV - A|BANIMMO SA/NV - A|BANIMMO SA/NV - A|BANIMMO SA/NV - A|BANIMMO SA/NV - A|BANIMMO SA/NV - A|BANIMMO SA/NV - A|BANIMMO SA/NV - A|BANIMMO SA/NV - A|BANIMMO SA/NV - A|BANIMMO SA/NV - A|BANIMMO SA/NV - A|BANIMMO SA/NV - A|BANIMMO SA/NV - A|BANIMMO SA/NV - A|BANIMMO SA/NV - A|BANIMMO SA/NV - A|BANIMMO SA/NV - A|BANIMMO SA/NV - A|BANIMMO SA/NV - A|BANIMMO SA/NV - A|BANIMMO SA/NV - A|BANIMMO SA/NV - A|BANIMMO SA/NV - A|BANIMMO SA/NV - A|BANIMMO SA/NV - A|BANIMMO SA/NV - A|BANIMMO SA/NV - A|BANIMMO SA/NV - A|BANIMMO SA/NV - A|BANIMMO SA/NV - A|BANIMMO SA/NV - A|BANIMMO SA/NV - A|BANIMMO SA/NV - A|BANIMMO SA/NV - A|BANIMMO SA/NV - A|BANIMMO SA/NV - A|BANIMMO SA/NV - A|BANIMMO SA/NV - A|BANIMMO SA/NV - A|BANIMMO SA/NV - A|BANIMMO SA/NV - A|BANIMMO SA/NV - A|BANIMMO SA/NV - A|BANIMMO SA/NV - A|BANIMMO SA/NV - A|BANIMMO SA/NV - A|BANIMMO SA/NV - A|BANIMMO SA/NV - A|BANIMMO SA/NV - A|BANIMMO SA/NV - A|BANIMMO SA/NV - A|BANIMMO SA/NV - A|BANIMMO SA/NV - A|BANIMMO SA/NV - A|BANIMMO SA/NV - A|BANIMMO SA/NV - A|BANIMMO SA/NV - A|BANIMMO SA/NV - A|BANIMMO SA/NV - A|BANIMMO SA/NV - A|BANIMMO SA/NV - A|BANIMMO SA/NV - A|BANIMMO SA/NV - A|BANIMMO SA/NV - A|BANIMMO SA/NV - A|BANIMMO SA/NV - A|BANIMMO SA/NV - A|BANIMMO SA/NV - A,B3|BB|E1|EB|EO|EP|EU|EZ|GD|GF|GR|GS|I2|IX|L1|L3|LA|LN|LU|PO|QE|QT|QX|S1|S4|T1|TQ|X1|X2|XA|XC|XE|XF|XG|XH|XJ|XL|XO|XQ|XS|XT|XU|XV|XW|XX|XY|XZ,Common Stock,common_stock_name_match,add_coverage_expansion,Active official Stock reference plus OpenFIGI Common Stock issuer-name match.,leave_blank_until_official_sector,use_official_reference
Euronext::PAR,PAR,Euronext,PAREF,PAR.PA,Paref SA,,PAR,PAREF,FR0010263202,euronext_equities,,Stock,false,false,,ID_ISIN,FR0010263202,0,,,,,no_common_stock,blocked_openfigi_no_common_stock,OpenFIGI returned no Common Stock result for the query.,leave_blank_until_official_sector,use_official_reference
Euronext::PATBS,PATBS,Euronext,PLANT ADVANCED BS,PATBS.PA,PLANT ADVANCED BS,,PATBS,PLANT ADVANCED BS,FR0011844067,euronext_equities,,Stock,false,false,,ID_ISIN,FR0011844067,0,,,,,no_common_stock,blocked_openfigi_no_common_stock,OpenFIGI returned no Common Stock result for the query.,leave_blank_until_official_sector,use_official_reference
Euronext::SOFT,SOFT,Euronext,SOFTIMAT,SOFT.BR,Softimat S.A.,,SOFT,SOFTIMAT,BE0003773877,euronext_equities,,Stock,false,false,,ID_ISIN,BE0003773877,27,BBG000C5KCK3|BBG000G4KLQ6|BBG000G4KNF4|BBG000G4KNR1|BBG000G4KPC2|BBG000G4KQN8|BBG000G4LSJ8|BBG000G4LT33|BBG000G4LTT5|BBG000G4LTY9|BBG000G4LXG0|BBG000G4LYC2|BBG000G4LYV1|BBG000G4M0R9|BBG000G4M2K2|BBG00591KB54|BBG006T9BYK6|BBG006TB2CR2|BBG008H0J9Y6|BBG00JN7GYZ7|BBG00Q53TMR1|BBG00Q53X058|BBG00QFY9NT0|BBG00Y930598|BBG019VHY839|BBG019VHY8L9|BBG019VHY8M8,SOFTIMAT|SOFTIMAT|SOFTIMAT|SOFTIMAT|SOFTIMAT|SOFTIMAT|SOFTIMAT|SOFTIMAT|SOFTIMAT|SOFTIMAT|SOFTIMAT|SOFTIMAT|SOFTIMAT|SOFTIMAT|SOFTIMAT|SOFTIMAT|SOFTIMAT|SOFTIMAT|SOFTIMAT|SOFTIMAT|SOFTIMAT|SOFTIMAT|SOFTIMAT|SOFTIMAT|SOFTIMAT|SOFTIMAT|SOFTIMAT,B3|BB|E1|EO|EP|EU|EZ|GR|L1|L3|LA|LU|PO|X1|XA|XC|XE|XF|XG|XH|XJ|XL|XO|XS|XV|XW|XX,Common Stock,common_stock_name_match,add_coverage_expansion,Active official Stock reference plus OpenFIGI Common Stock issuer-name match.,leave_blank_until_official_sector,use_official_reference
HEL::NOHO,NOHO,HEL,NoHo Partners Oyj,NOHO.HE,NoHo Partners Oyj,,NOHO,NoHo Partners Oyj,FI4000064332,nasdaq_nordic_helsinki_shares,Consumer Discretionary,Stock,false,false,,ID_ISIN,FI4000064332,38,BBG005N04FJ4|BBG005N04GL9|BBG005N04GP5|BBG005N04GR3|BBG005N04GT1|BBG005N04GV8|BBG005N04GW7|BBG005N04GX6|BBG005N04GY5|BBG005N04H28|BBG005N04H37|BBG005N04H46|BBG005N04H64|BBG005N04H73|BBG005N04H91|BBG005N04HC7|BBG006T6NNN0|BBG006T9YB03|BBG008H0CZ48|BBG00CFX4K05|BBG00CFX5B22|BBG00JN84TC4|BBG00NQCQC81|BBG00PQ0F696|BBG00PQ0F6C2|BBG00QFYZP16|BBG00Y92GYM5|BBG00Z9FGMG6|BBG00ZXPXM96|BBG013KJJNT6|BBG013KJJS79|BBG019SX2LX1|BBG019SX2MC2|BBG019SX2MD1|BBG01GVW2452|BBG01GVW42J9|BBG01H2LHJK0|BBG01H2LHL34,NOHO PARTNERS OYJ|NOHO PARTNERS OYJ|NOHO PARTNERS OYJ|NOHO PARTNERS OYJ|NOHO PARTNERS OYJ|NOHO PARTNERS OYJ|NOHO PARTNERS OYJ|NOHO PARTNERS OYJ|NOHO PARTNERS OYJ|NOHO PARTNERS OYJ|NOHO PARTNERS OYJ|NOHO PARTNERS OYJ|NOHO PARTNERS OYJ|NOHO PARTNERS OYJ|NOHO PARTNERS OYJ|NOHO PARTNERS OYJ|NOHO PARTNERS OYJ|NOHO PARTNERS OYJ|NOHO PARTNERS OYJ|NOHO PARTNERS OYJ|NOHO PARTNERS OYJ|NOHO PARTNERS OYJ|NOHO PARTNERS OYJ|NOHO PARTNERS OYJ|NOHO PARTNERS OYJ|NOHO PARTNERS OYJ|NOHO PARTNERS OYJ|NOHO PARTNERS OYJ|NOHO PARTNERS OYJ|NOHO PARTNERS OYJ|NOHO PARTNERS OYJ|NOHO PARTNERS OYJ|NOHO PARTNERS OYJ|NOHO PARTNERS OYJ|NOHO PARTNERS OYJ|NOHO PARTNERS OYJ|NOHO PARTNERS OYJ|NOHO PARTNERS OYJ,B3|E1|EB|EO|EP|EU|EZ|FH|GR|I2|IX|L1|L3|LA|LN|LU|PO|QE|QX|S1|S4|T1|TQ|X1|X9|XA|XE|XF|XG|XH|XJ|XL|XO|XS|XU|XV|XW|XX,Common Stock,common_stock_name_match,add_coverage_expansion,Active official Stock reference plus OpenFIGI Common Stock issuer-name match.,use_official_reference,use_official_reference
IDX::ALTO,ALTO,IDX,Tri Banyan Tirta Tbk,ALTO.JK,PT Tri Banyan Tirta Tbk,,ALTO,Tri Banyan Tirta Tbk,,idx_company_profiles,Consumer Staples,Stock,false,false,,TICKER,ALTO,1,BBG00343DTJ4,TRI BANYAN TIRTA TBK PT,IJ,Common Stock,common_stock_name_match,add_coverage_expansion,Active official Stock reference plus OpenFIGI Common Stock issuer-name match.,use_official_reference,leave_blank_until_official_identifier
IDX::AMAG,AMAG,IDX,Asuransi Multi Artha Guna Tbk,AMAG.JK,P.T. Asuransi Multi Artha Guna Tbk,,AMAG,Asuransi Multi Artha Guna Tbk,,idx_company_profiles,Financials,Stock,false,false,,TICKER,AMAG,1,BBG000BFR8D2,ASURANSI MULTI ARTHA GUNA PT,IJ,Common Stock,common_stock_name_match,add_coverage_expansion,Active official Stock reference plus OpenFIGI Common Stock issuer-name match.,use_official_reference,leave_blank_until_official_identifier
IDX::ARGO,ARGO,IDX,Argo Pantes Tbk,ARGO.JK,PT Argo Pantes Tbk,,ARGO,Argo Pantes Tbk,,idx_company_profiles,Consumer Discretionary,Stock,false,false,,TICKER,ARGO,1,BBG000B9YP68,ARGO PANTES PT,IJ,Common Stock,common_stock_name_match,add_coverage_expansion,Active official Stock reference plus OpenFIGI Common Stock issuer-name match.,use_official_reference,leave_blank_until_official_identifier
IDX::ARKA,ARKA,IDX,PT Arkha Jayanti Persada Tbk.,ARKA.JK,PT Arkha Jayanti Persada Tbk,XS2399369037,ARKA,PT Arkha Jayanti Persada Tbk.,,idx_company_profiles,Industrials,Stock,false,false,,TICKER,ARKA,1,BBG00NDWFHF4,ARKHA JAYANTI PERSADA TBK PT,IJ,Common Stock,common_stock_name_match,add_coverage_expansion,Active official Stock reference plus OpenFIGI Common Stock issuer-name match.,use_official_reference,leave_blank_until_official_identifier
IDX::ASPI,ASPI,IDX,PT Andalan Sakti Primaindo Tbk.,ASPI.JK,"PT Andalan Sakti Primaindo, Tbk",,ASPI,PT Andalan Sakti Primaindo Tbk.,,idx_company_profiles,Real Estate,Stock,false,false,,TICKER,ASPI,1,BBG00RPNTLF8,ANDALAN SAKTI PRIMAINDO TBK,IJ,Common Stock,common_stock_name_match,add_coverage_expansion,Active official Stock reference plus OpenFIGI Common Stock issuer-name match.,use_official_reference,leave_blank_until_official_identifier
IDX::ASRI,ASRI,IDX,ALAM SUTERA REALTY Tbk,ASRI.JK,PT Alam Sutera Realty Tbk,ID1000108400,ASRI,ALAM SUTERA REALTY Tbk,,idx_company_profiles,Real Estate,Stock,false,false,,TICKER,ASRI,1,BBG000TVT4N4,ALAM SUTERA REALTY TBK PT,IJ,Common Stock,common_stock_name_match,add_coverage_expansion,Active official Stock reference plus OpenFIGI Common Stock issuer-name match.,use_official_reference,leave_blank_until_official_identifier
IDX::BALI,BALI,IDX,PT Bali Towerindo Sentra Tbk.,BALI.JK,PT Bali Towerindo Sentra Tbk,,BALI,PT Bali Towerindo Sentra Tbk.,,idx_company_profiles,Communication Services,Stock,false,false,,TICKER,BALI,1,BBG0060DHF41,BALI TOWERINDO SENTRA TBK PT,IJ,Common Stock,common_stock_name_match,add_coverage_expansion,Active official Stock reference plus OpenFIGI Common Stock issuer-name match.,use_official_reference,leave_blank_until_official_identifier
IDX::BELL,BELL,IDX,PT Trisula Textile Industries Tbk,BELL.JK,PT Trisula Textile Industries Tbk,,BELL,PT Trisula Textile Industries Tbk,,idx_company_profiles,Consumer Discretionary,Stock,false,false,,TICKER,BELL,1,BBG00HTKQRC5,TRISULA TEXTILE INDUSTRIES T,IJ,Common Stock,common_stock_name_match,add_coverage_expansion,Active official Stock reference plus OpenFIGI Common Stock issuer-name match.,use_official_reference,leave_blank_until_official_identifier
IDX::BESS,BESS,IDX,PT Batulicin Nusantara Maritim Tbk.,BESS.JK,PT Batulicin Nusantara Maritim Tbk,,BESS,PT Batulicin Nusantara Maritim Tbk.,,idx_company_profiles,Energy,Stock,false,false,,TICKER,BESS,1,BBG00S4M4046,BATULICIN NUSANTARA MARITIM,IJ,Common Stock,common_stock_name_match,add_coverage_expansion,Active official Stock reference plus OpenFIGI Common Stock issuer-name match.,use_official_reference,leave_blank_until_official_identifier
IDX::BEST,BEST,IDX,Bekasi Fajar Industrial Estate Tbk,BEST.JK,PT Bekasi Fajar Industrial Estate Tbk,US08653C5022,BEST,Bekasi Fajar Industrial Estate Tbk,,idx_company_profiles,Real Estate,Stock,false,false,,TICKER,BEST,1,BBG002QQ63Q8,BEKASI FAJAR INDUSTRIAL ESTA,IJ,Common Stock,common_stock_name_match,add_coverage_expansion,Active official Stock reference plus OpenFIGI Common Stock issuer-name match.,use_official_reference,leave_blank_until_official_identifier
IDX::BHAT,BHAT,IDX,PT Bhakti Multi Artha Tbk.,BHAT.JK,PT Bhakti Multi Artha Tbk,,BHAT,PT Bhakti Multi Artha Tbk.,,idx_company_profiles,Financials,Stock,false,false,,TICKER,BHAT,1,BBG00SZRVMZ9,BHAKTI MULTI ARTHA TBK PT,IJ,Common Stock,common_stock_name_match,add_coverage_expansion,Active official Stock reference plus OpenFIGI Common Stock issuer-name match.,use_official_reference,leave_blank_until_official_identifier
IDX::BIPI,BIPI,IDX,PT Astrindo Nusantara Infrastruktur Tbk.,BIPI.JK,PT Astrindo Nusantara Infrastruktur Tbk,,BIPI,PT Astrindo Nusantara Infrastruktur Tbk.,,idx_company_profiles,Energy,Stock,false,false,,TICKER,BIPI,1,BBG000PSMXB1,ASTRINDO NUSANTARA INFRASTRU,IJ,Common Stock,common_stock_name_match,add_coverage_expansion,Active official Stock reference plus OpenFIGI Common Stock issuer-name match.,use_official_reference,leave_blank_until_official_identifier
IDX::BRNA,BRNA,IDX,Berlina Tbk,BRNA.JK,PT Berlina Tbk,,BRNA,Berlina Tbk,,idx_company_profiles,Materials,Stock,false,false,,TICKER,BRNA,1,BBG000BF21L5,BERLINA TBK PT,IJ,Common Stock,common_stock_name_match,add_coverage_expansion,Active official Stock reference plus OpenFIGI Common Stock issuer-name match.,use_official_reference,leave_blank_until_official_identifier
IDX::BULL,BULL,IDX,PT Buana Lintas Lautan Tbk.,BULL.JK,PT Buana Lintas Lautan Tbk,,BULL,PT Buana Lintas Lautan Tbk.,,idx_company_profiles,Energy,Stock,false,false,,TICKER,BULL,1,BBG001M8Y0S7,BUANA LINTAS LAUTAN TBK PT,IJ,Common Stock,common_stock_name_match,add_coverage_expansion,Active official Stock reference plus OpenFIGI Common Stock issuer-name match.,use_official_reference,leave_blank_until_official_identifier
IDX::CAMP,CAMP,IDX,PT Campina Ice Cream Industry Tbk.,CAMP.JK,"PT Campina Ice Cream Industry, Tbk.",,CAMP,PT Campina Ice Cream Industry Tbk.,,idx_company_profiles,Consumer Staples,Stock,false,false,,TICKER,CAMP,1,BBG00JC36GN1,CAMPINA ICE CREAM INDUSTRY P,IJ,Common Stock,common_stock_name_match,add_coverage_expansion,Active official Stock reference plus OpenFIGI Common Stock issuer-name match.,use_official_reference,leave_blank_until_official_identifier
IDX::CARS,CARS,IDX,PT Industri dan Perdagangan Bintraco Dharma Tbk,CARS.JK,PT Industri dan Perdagangan Bintraco Dharma Tbk,IE000TB3YTV4,CARS,PT Industri dan Perdagangan Bintraco Dharma Tbk,,idx_company_profiles,Consumer Discretionary,Stock,false,false,,TICKER,CARS,1,BBG00GBJ21K3,INDUSTRI DAN PERDAGANGAN BIN,IJ,Common Stock,common_stock_name_match,add_coverage_expansion,Active official Stock reference plus OpenFIGI Common Stock issuer-name match.,use_official_reference,leave_blank_until_official_identifier
IDX::CASS,CASS,IDX,Cahaya Aero Services Tbk,CASS.JK,PT Cardig Aero Services Tbk,IT0000784154,CASS,Cahaya Aero Services Tbk,,idx_company_profiles,Industrials,Stock,false,false,,TICKER,CASS,1,BBG002708YQ6,PT CAHAYA AERO SERVICES TBK,IJ,Common Stock,common_stock_name_match,add_coverage_expansion,Active official Stock reference plus OpenFIGI Common Stock issuer-name match.,use_official_reference,leave_blank_until_official_identifier
IDX::CPRO,CPRO,IDX,Central Proteina Prima Tbk,CPRO.JK,PT Central Proteina Prima Tbk,,CPRO,Central Proteina Prima Tbk,,idx_company_profiles,Consumer Staples,Stock,false,false,,TICKER,CPRO,1,BBG000C00S58,CENTRAL PROTEINAPRIMA TBK PT,IJ,Common Stock,common_stock_name_match,add_coverage_expansion,Active official Stock reference plus OpenFIGI Common Stock issuer-name match.,use_official_reference,leave_blank_until_official_identifier
IDX::CTRA,CTRA,IDX,Ciputra Development Tbk,CTRA.JK,PT Ciputra Development Tbk,ID1000115306,CTRA,Ciputra Development Tbk,,idx_company_profiles,Real Estate,Stock,false,false,,TICKER,CTRA,1,BBG000C3F164,CIPUTRA DEVELOPMENT TBK PT,IJ,Common Stock,common_stock_name_match,add_coverage_expansion,Active official Stock reference plus OpenFIGI Common Stock issuer-name match.,use_official_reference,leave_blank_until_official_identifier
IDX::CTTH,CTTH,IDX,Citatah Tbk,CTTH.JK,PT Citatah Tbk,,CTTH,Citatah Tbk,,idx_company_profiles,Industrials,Stock,false,false,,TICKER,CTTH,1,BBG000H06405,CITATAH TBK PT,IJ,Common Stock,common_stock_name_match,add_coverage_expansion,Active official Stock reference plus OpenFIGI Common Stock issuer-name match.,use_official_reference,leave_blank_until_official_identifier
IDX::DEAL,DEAL,IDX,PT Dewata Freightinternational Tbk.,DEAL.JK,PT Dewata Freightinternational Tbk,,DEAL,PT Dewata Freightinternational Tbk.,,idx_company_profiles,Industrials,Stock,false,false,,TICKER,DEAL,1,BBG00MC5G1N1,DEWATA FREIGHTINTERNATIONAL,IJ,Common Stock,common_stock_name_match,add_coverage_expansion,Active official Stock reference plus OpenFIGI Common Stock issuer-name match.,use_official_reference,leave_blank_until_official_identifier
IDX::DLTA,DLTA,IDX,Delta Djakarta Tbk,DLTA.JK,PT Delta Djakarta Tbk,,DLTA,Delta Djakarta Tbk,,idx_company_profiles,Consumer Staples,Stock,false,false,,TICKER,DLTA,2,BBG000BCSC03|BBG000BLMWL2,DELTA DJAKARTA TBK PT|DELTA CORPORATION LTD,IJ|ZH,Common Stock,common_stock_name_match,add_coverage_expansion,Active official Stock reference plus OpenFIGI Common Stock issuer-name match.,use_official_reference,leave_blank_until_official_identifier
IDX::EDGE,EDGE,IDX,PT Indointernet Tbk.,EDGE.JK,PT Indointernet Tbk.,,EDGE,PT Indointernet Tbk.,,idx_company_profiles,Information Technology,Stock,false,false,,TICKER,EDGE,1,BBG00Z3VQ2G0,INDOINTERNET TBK PT,IJ,Common Stock,common_stock_name_match,add_coverage_expansion,Active official Stock reference plus OpenFIGI Common Stock issuer-name match.,use_official_reference,leave_blank_until_official_identifier
IDX::ELSA,ELSA,IDX,Elnusa Tbk,ELSA.JK,PT Elnusa Tbk,,ELSA,Elnusa Tbk,,idx_company_profiles,Energy,Stock,false,false,,TICKER,ELSA,0,,,,Common Stock,common_stock_name_mismatch,blocked_openfigi_name_mismatch,"OpenFIGI returned Common Stock results, but none matched the official issuer name.",use_official_reference,leave_blank_until_official_identifier
IDX::EPAC,EPAC,IDX,PT Megalestari Epack Sentosaraya Tbk.,EPAC.JK,PT Megalestari Epack Sentosaraya Tbk,,EPAC,PT Megalestari Epack Sentosaraya Tbk.,,idx_company_profiles,Materials,Stock,false,false,,TICKER,EPAC,1,BBG00V6NBSL7,MEGALESTARI EPACK SENTOSARAY,IJ,Common Stock,common_stock_name_match,add_coverage_expansion,Active official Stock reference plus OpenFIGI Common Stock issuer-name match.,use_official_reference,leave_blank_until_official_identifier
IDX::FIRE,FIRE,IDX,PT Alfa Energi Investama Tbk.,FIRE.JK,PT Alfa Energi Investama Tbk,,FIRE,PT Alfa Energi Investama Tbk.,,idx_company_profiles,Energy,Stock,false,false,,TICKER,FIRE,1,BBG00GV1LZS6,ALFA ENERGI INVESTAMA TBK PT,IJ,Common Stock,common_stock_name_match,add_coverage_expansion,Active official Stock reference plus OpenFIGI Common Stock issuer-name match.,use_official_reference,leave_blank_until_official_identifier
IDX::GDST,GDST,IDX,Gunawan Dianjaya Steel Tbk,GDST.JK,PT Gunawan Dianjaya Steel Tbk,,GDST,Gunawan Dianjaya Steel Tbk,,idx_company_profiles,Materials,Stock,false,false,,TICKER,GDST,1,BBG000PTDX65,GUNAWAN DIANJAYA STEEL TBK,IJ,Common Stock,common_stock_name_match,add_coverage_expansion,Active official Stock reference plus OpenFIGI Common Stock issuer-name match.,use_official_reference,leave_blank_until_official_identifier
IDX::GGRP,GGRP,IDX,PT Gunung Raja Paksi Tbk.,GGRP.JK,PT Gunung Raja Paksi Tbk,,GGRP,PT Gunung Raja Paksi Tbk.,,idx_company_profiles,Materials,Stock,false,false,,TICKER,GGRP,1,BBG00Q43QNS2,GUNUNG RAJA PAKSI TBK PT,IJ,Common Stock,common_stock_name_match,add_coverage_expansion,Active official Stock reference plus OpenFIGI Common Stock issuer-name match.,use_official_reference,leave_blank_until_official_identifier
IDX::GOLD,GOLD,IDX,PT Visi Telekomunikasi Infrastruktur Tbk.,GOLD.JK,PT Visi Telekomunikasi Infrastruktur Tbk,,GOLD,PT Visi Telekomunikasi Infrastruktur Tbk.,,idx_company_profiles,Communication Services,Stock,false,false,,TICKER,GOLD,1,BBG000BB8Z88,VISI TELEKOMUNIKASI INFRASTR,IJ,Common Stock,common_stock_name_match,add_coverage_expansion,Active official Stock reference plus OpenFIGI Common Stock issuer-name match.,use_official_reference,leave_blank_until_official_identifier
IDX::GOOD,GOOD,IDX,PT Garudafood Putra Putri Jaya Tbk.,GOOD.JK,PT Garudafood Putra Putri Jaya Tbk,,GOOD,PT Garudafood Putra Putri Jaya Tbk.,,idx_company_profiles,Consumer Staples,Stock,false,false,,TICKER,GOOD,1,BBG00LWBNWF1,GARUDAFOOD PUTRA PUTRI JAYA,IJ,Common Stock,common_stock_name_match,add_coverage_expansion,Active official Stock reference plus OpenFIGI Common Stock issuer-name match.,use_official_reference,leave_blank_until_official_identifier
IDX::HEAL,HEAL,IDX,PT Medikaloka Hermina Tbk.,HEAL.JK,PT Medikaloka Hermina Tbk,,HEAL,PT Medikaloka Hermina Tbk.,,idx_company_profiles,Health Care,Stock,false,false,,TICKER,HEAL,1,BBG00KF093V8,MEDIKALOKA HERMINA TBK PT,IJ,Common Stock,common_stock_name_match,add_coverage_expansion,Active official Stock reference plus OpenFIGI Common Stock issuer-name match.,use_official_reference,leave_blank_until_official_identifier
IDX::IBST,IBST,IDX,Inti Bangun Sejahtera Tbk,IBST.JK,PT Inti Bangun Sejahtera Tbk,,IBST,Inti Bangun Sejahtera Tbk,,idx_company_profiles,Communication Services,Stock,false,false,,TICKER,IBST,1,BBG00388RR80,INTI BANGUN SEJAHTERA TBK PT,IJ,Common Stock,common_stock_name_match,add_coverage_expansion,Active official Stock reference plus OpenFIGI Common Stock issuer-name match.,use_official_reference,leave_blank_until_official_identifier
IDX::INAI,INAI,IDX,Indal Aluminium Industry Tbk,INAI.JK,PT Indal Aluminium Industry Tbk,,INAI,Indal Aluminium Industry Tbk,,idx_company_profiles,Materials,Stock,false,false,,TICKER,INAI,1,BBG000DSTBK5,INDAL ALUMINIUM INDUSTRY PT,IJ,Common Stock,common_stock_name_match,add_coverage_expansion,Active official Stock reference plus OpenFIGI Common Stock issuer-name match.,use_official_reference,leave_blank_until_official_identifier
IDX::INDO,INDO,IDX,PT Royalindo Investa Wijaya Tbk,INDO.JK,PT Royalindo Investa Wijaya Tbk,,INDO,PT Royalindo Investa Wijaya Tbk,,idx_company_profiles,Real Estate,Stock,false,false,,TICKER,INDO,1,BBG00R9M89B2,ROYALINDO INVESTA WIJAYA TBK,IJ,Common Stock,common_stock_name_match,add_coverage_expansion,Active official Stock reference plus OpenFIGI Common Stock issuer-name match.,use_official_reference,leave_blank_until_official_identifier
IDX::INDS,INDS,IDX,Indospring Tbk,INDS.JK,PT Indospring Tbk,,INDS,Indospring Tbk,,idx_company_profiles,Consumer Discretionary,Stock,false,false,,TICKER,INDS,1,BBG000BG3X41,INDOSPRING TBK PT,IJ,Common Stock,common_stock_name_match,add_coverage_expansion,Active official Stock reference plus OpenFIGI Common Stock issuer-name match.,use_official_reference,leave_blank_until_official_identifier
IDX::INOV,INOV,IDX,PT Inocycle Technology Group Tbk.,INOV.JK,PT Inocycle Technology Group Tbk,,INOV,PT Inocycle Technology Group Tbk.,,idx_company_profiles,Consumer Discretionary,Stock,false,false,,TICKER,INOV,1,BBG00PM6ML87,INOCYCLE TECHNOLOGY GROUP TB,IJ,Common Stock,common_stock_name_match,add_coverage_expansion,Active official Stock reference plus OpenFIGI Common Stock issuer-name match.,use_official_reference,leave_blank_until_official_identifier
IDX::INTA,INTA,IDX,Intraco Penta Tbk,INTA.JK,PT Intraco Penta Tbk,,INTA,Intraco Penta Tbk,,idx_company_profiles,Industrials,Stock,false,false,,TICKER,INTA,1,BBG000BKGDT5,INTRACO PENTA TBK PT,IJ,Common Stock,common_stock_name_match,add_coverage_expansion,Active official Stock reference plus OpenFIGI Common Stock issuer-name match.,use_official_reference,leave_blank_until_official_identifier
IDX::IPOL,IPOL,IDX,Indopoly Swakarsa Industry Tbk,IPOL.JK,PT Indopoly Swakarsa Industry Tbk,,IPOL,Indopoly Swakarsa Industry Tbk,,idx_company_profiles,Materials,Stock,false,false,,TICKER,IPOL,1,BBG000R04KP3,INDOPOLY SWAKARSA INDUSTRY,IJ,Common Stock,common_stock_name_match,add_coverage_expansion,Active official Stock reference plus OpenFIGI Common Stock issuer-name match.,use_official_reference,leave_blank_until_official_identifier
IDX::LEAD,LEAD,IDX,PT Logindo Samudramakmur Tbk.,LEAD.JK,PT Logindo Samudramakmur Tbk.,,LEAD,PT Logindo Samudramakmur Tbk.,,idx_company_profiles,Energy,Stock,false,false,,TICKER,LEAD,1,BBG005KY8Q69,LOGINDO SAMUDRAMAKMUR TBK PT,IJ,Common Stock,common_stock_name_match,add_coverage_expansion,Active official Stock reference plus OpenFIGI Common Stock issuer-name match.,use_official_reference,leave_blank_until_official_identifier
IDX::MAIN,MAIN,IDX,Malindo Feedmill Tbk,MAIN.JK,PT Malindo Feedmill Tbk,,MAIN,Malindo Feedmill Tbk,,idx_company_profiles,Consumer Staples,Stock,false,false,,TICKER,MAIN,1,BBG000HR3FQ6,MALINDO FEEDMILL TBK PT,IJ,Common Stock,common_stock_name_match,add_coverage_expansion,Active official Stock reference plus OpenFIGI Common Stock issuer-name match.,use_official_reference,leave_blank_until_official_identifier
IDX::MARI,MARI,IDX,PT Mahaka Radio Integra Tbk.,MARI.JK,PT Mahaka Radio Integra Tbk,,MARI,PT Mahaka Radio Integra Tbk.,,idx_company_profiles,Consumer Discretionary,Stock,false,false,,TICKER,MARI,1,BBG00BM2MXV5,MAHAKA RADIO INTEGRA TBK PT,IJ,Common Stock,common_stock_name_match,add_coverage_expansion,Active official Stock reference plus OpenFIGI Common Stock issuer-name match.,use_official_reference,leave_blank_until_official_identifier
IDX::MGRO,MGRO,IDX,PT Mahkota Group Tbk.,MGRO.JK,PT Mahkota Group Tbk,,MGRO,PT Mahkota Group Tbk.,,idx_company_profiles,Consumer Staples,Stock,false,false,,TICKER,MGRO,1,BBG00L8W7DG1,MAHKOTA GROUP TBK PT,IJ,Common Stock,common_stock_name_match,add_coverage_expansion,Active official Stock reference plus OpenFIGI Common Stock issuer-name match.,use_official_reference,leave_blank_until_official_identifier
IDX::MMLP,MMLP,IDX,PT Mega Manunggal Property Tbk.,MMLP.JK,PT Mega Manunggal Property Tbk,,MMLP,PT Mega Manunggal Property Tbk.,,idx_company_profiles,Real Estate,Stock,false,false,,TICKER,MMLP,1,BBG008P7HX35,MEGA MANUNGGAL PROPERTY TBK,IJ,Common Stock,common_stock_name_match,add_coverage_expansion,Active official Stock reference plus OpenFIGI Common Stock issuer-name match.,use_official_reference,leave_blank_until_official_identifier
IDX::NIKL,NIKL,IDX,Pelat Timah Nusantara Tbk,NIKL.JK,PT Pelat Timah Nusantara Tbk,,NIKL,Pelat Timah Nusantara Tbk,,idx_company_profiles,Materials,Stock,false,false,,TICKER,NIKL,1,BBG000PW8FB7,PELAT TIMAH NUSANTARA TBK PT,IJ,Common Stock,common_stock_name_match,add_coverage_expansion,Active official Stock reference plus OpenFIGI Common Stock issuer-name match.,use_official_reference,leave_blank_until_official_identifier
IDX::PANR,PANR,IDX,Panorama Sentrawisata Tbk,PANR.JK,PT Panorama Sentrawisata Tbk,,PANR,Panorama Sentrawisata Tbk,,idx_company_profiles,Consumer Discretionary,Stock,false,false,,TICKER,PANR,1,BBG000C3TJH8,PANORAMA SENTRAWISATA TBK PT,IJ,Common Stock,common_stock_name_match,add_coverage_expansion,Active official Stock reference plus OpenFIGI Common Stock issuer-name match.,use_official_reference,leave_blank_until_official_identifier
IDX::PICO,PICO,IDX,Pelangi Indah Canindo Tbk,PICO.JK,PT Pelangi Indah Canindo Tbk,,PICO,Pelangi Indah Canindo Tbk,,idx_company_profiles,Materials,Stock,false,false,,TICKER,PICO,1,BBG000HFYZ57,PELANGI INDAH CANINDO TBK PT,IJ,Common Stock,common_stock_name_match,add_coverage_expansion,Active official Stock reference plus OpenFIGI Common Stock issuer-name match.,use_official_reference,leave_blank_until_official_identifier
IDX::PLAN,PLAN,IDX,PT Planet Properindo Jaya Tbk,PLAN.JK,PT Planet Properindo Jaya Tbk,LU2370241684,PLAN,PT Planet Properindo Jaya Tbk,,idx_company_profiles,Consumer Discretionary,Stock,false,false,,TICKER,PLAN,1,BBG00X53F7K1,PLANET PROPERINDO JAYA TBK P,IJ,Common Stock,common_stock_name_match,add_coverage_expansion,Active official Stock reference plus OpenFIGI Common Stock issuer-name match.,use_official_reference,leave_blank_until_official_identifier
IDX::POLA,POLA,IDX,PT Pool Advista Finance Tbk.,POLA.JK,PT Pool Advista Finance Tbk,,POLA,PT Pool Advista Finance Tbk.,,idx_company_profiles,Financials,Stock,false,false,,TICKER,POLA,1,BBG00M945G66,POOL ADVISTA FINANCE TBK PT,IJ,Common Stock,common_stock_name_match,add_coverage_expansion,Active official Stock reference plus OpenFIGI Common Stock issuer-name match.,use_official_reference,leave_blank_until_official_identifier
IDX::PORT,PORT,IDX,PT Nusantara Pelabuhan Handal Tbk.,PORT.JK,PT Nusantara Pelabuhan Handal Tbk,,PORT,PT Nusantara Pelabuhan Handal Tbk.,,idx_company_profiles,Industrials,Stock,false,false,,TICKER,PORT,1,BBG00FZ2GMJ7,NUSANTARA PELABUHAN HANDAL T,IJ,Common Stock,common_stock_name_match,add_coverage_expansion,Active official Stock reference plus OpenFIGI Common Stock issuer-name match.,use_official_reference,leave_blank_until_official_identifier
IDX::PURE,PURE,IDX,PT Trinitan Metals and Minerals Tbk,PURE.JK,PT Trinitan Metals and Minerals Tbk,,PURE,PT Trinitan Metals and Minerals Tbk,,idx_company_profiles,Materials,Stock,false,false,,TICKER,PURE,14,BBG00Q51ZBY4|BBG021539SN7|BBG021539SV8|BBG021539T37|BBG021539T55|BBG021539TC7|BBG021539TD6|BBG021539TF4|BBG021539TK8|BBG021539TL7|BBG021539TM6|BBG021539TN5|BBG021539TP3|BBG021539TQ2,TRINITAN METALS & MINERALS T|PURECORE METALS INC|PURECORE METALS INC|PURECORE METALS INC|PURECORE METALS INC|PURECORE METALS INC|PURECORE METALS INC|PURECORE METALS INC|PURECORE METALS INC|PURECORE METALS INC|PURECORE METALS INC|PURECORE METALS INC|PURECORE METALS INC|PURECORE METALS INC,BF|CF|CN|DG|DL|DM|DN|IJ|QF|QG|QH|TG|TO|TW,Common Stock,common_stock_name_match,add_coverage_expansion,Active official Stock reference plus OpenFIGI Common Stock issuer-name match.,use_official_reference,leave_blank_until_official_identifier
IDX::SAFE,SAFE,IDX,Steady Safe Tbk,SAFE.JK,PT Steady Safe Tbk,,SAFE,Steady Safe Tbk,,idx_company_profiles,Industrials,Stock,false,false,,TICKER,SAFE,1,BBG000BV2CR0,STEADY SAFE TBK PT,IJ,Common Stock,common_stock_name_match,add_coverage_expansion,Active official Stock reference plus OpenFIGI Common Stock issuer-name match.,use_official_reference,leave_blank_until_official_identifier
IDX::SAPX,SAPX,IDX,PT Satria Antaran Prima Tbk.,SAPX.JK,PT Satria Antaran Prima Tbk,,SAPX,PT Satria Antaran Prima Tbk.,,idx_company_profiles,Industrials,Stock,false,false,,TICKER,SAPX,1,BBG00M3QD880,SATRIA ANTARAN PRIMA PT,IJ,Common Stock,common_stock_name_match,add_coverage_expansion,Active official Stock reference plus OpenFIGI Common Stock issuer-name match.,use_official_reference,leave_blank_until_official_identifier
IDX::SCCO,SCCO,IDX,PT Supreme Cable Manufacturing & Commerce Tbk,SCCO.JK,PT Supreme Cable Manufacturing & Commerce Tbk,,SCCO,PT Supreme Cable Manufacturing & Commerce Tbk,,idx_company_profiles,Industrials,Stock,false,false,,TICKER,SCCO,1,BBG000BFGH08,SUPREME CABLE MFG CORP PT,IJ,Common Stock,common_stock_name_match,add_coverage_expansion,Active official Stock reference plus OpenFIGI Common Stock issuer-name match.,use_official_reference,leave_blank_until_official_identifier
IDX::SHIP,SHIP,IDX,PT Sillo Maritime Perdana Tbk,SHIP.JK,PT Sillo Maritime Perdana Tbk,,SHIP,PT Sillo Maritime Perdana Tbk,,idx_company_profiles,Energy,Stock,false,false,,TICKER,SHIP,1,BBG00D222BQ9,SILLO MARITIME PERDANA TBK P,IJ,Common Stock,common_stock_name_match,add_coverage_expansion,Active official Stock reference plus OpenFIGI Common Stock issuer-name match.,use_official_reference,leave_blank_until_official_identifier
IDX::SPMA,SPMA,IDX,Suparma Tbk,SPMA.JK,PT Suparma Tbk,,SPMA,Suparma Tbk,,idx_company_profiles,Materials,Stock,false,false,,TICKER,SPMA,1,BBG000BJ25F5,SUPARMA TBK PT,IJ,Common Stock,common_stock_name_match,add_coverage_expansion,Active official Stock reference plus OpenFIGI Common Stock issuer-name match.,use_official_reference,leave_blank_until_official_identifier
IDX::SRIL,SRIL,IDX,PT Sri Rejeki Isman Tbk,SRIL.JK,PT Sri Rejeki Isman Tbk,IE00BZ173T46,SRIL,PT Sri Rejeki Isman Tbk,,idx_company_profiles,Consumer Discretionary,Stock,false,false,,TICKER,SRIL,1,BBG004KH73S7,SRI REJEKI ISMAN TBK PT,IJ,Common Stock,common_stock_name_match,add_coverage_expansion,Active official Stock reference plus OpenFIGI Common Stock issuer-name match.,use_official_reference,leave_blank_until_official_identifier
IDX::STAR,STAR,IDX,PT Buana Artha Anugerah Tbk.,STAR.JK,PT Buana Artha Anugerah Tbk,,STAR,PT Buana Artha Anugerah Tbk.,,idx_company_profiles,Financials,Stock,false,false,,TICKER,STAR,0,,,,Common Stock,common_stock_name_mismatch,blocked_openfigi_name_mismatch,"OpenFIGI returned Common Stock results, but none matched the official issuer name.",use_official_reference,leave_blank_until_official_identifier
IDX::TBLA,TBLA,IDX,Tunas Baru Lampung Tbk,TBLA.JK,PT Tunas Baru Lampung Tbk,ID1000076706,TBLA,Tunas Baru Lampung Tbk,,idx_company_profiles,Consumer Staples,Stock,false,false,,TICKER,TBLA,1,BBG000BMFC14,TUNAS BARU LAMPUNG TBK PT,IJ,Common Stock,common_stock_name_match,add_coverage_expansion,Active official Stock reference plus OpenFIGI Common Stock issuer-name match.,use_official_reference,leave_blank_until_official_identifier
IDX::TINS,TINS,IDX,PT TIMAH (Persero) Tbk,TINS.JK,PT TIMAH Tbk,,TINS,PT TIMAH (Persero) Tbk,,idx_company_profiles,Materials,Stock,false,false,,TICKER,TINS,1,BBG000BCYPV3,PT TIMAH (PERSERO) TBK,IJ,Common Stock,common_stock_name_match,add_coverage_expansion,Active official Stock reference plus OpenFIGI Common Stock issuer-name match.,use_official_reference,leave_blank_until_official_identifier
IDX::TOPS,TOPS,IDX,PT Totalindo Eka Persada Tbk.,TOPS.JK,PT Totalindo Eka Persada Tbk,,TOPS,PT Totalindo Eka Persada Tbk.,,idx_company_profiles,Industrials,Stock,false,false,,TICKER,TOPS,1,BBG00GNMWN77,TOTALINDO EKA PERSADA TBK PT,IJ,Common Stock,common_stock_name_match,add_coverage_expansion,Active official Stock reference plus OpenFIGI Common Stock issuer-name match.,use_official_reference,leave_blank_until_official_identifier
IDX::UNIC,UNIC,IDX,Unggul Indah Cahaya Tbk,UNIC.JK,PT Unggul Indah Cahaya Tbk,,UNIC,Unggul Indah Cahaya Tbk,,idx_company_profiles,Materials,Stock,false,false,,TICKER,UNIC,1,BBG000BDNHM1,UNGGUL INDAH CAHAYA TBK PT,IJ,Common Stock,common_stock_name_match,add_coverage_expansion,Active official Stock reference plus OpenFIGI Common Stock issuer-name match.,use_official_reference,leave_blank_until_official_identifier
IDX::UNIQ,UNIQ,IDX,PT Ulima Nitra Tbk,UNIQ.JK,PT Ulima Nitra Tbk,,UNIQ,PT Ulima Nitra Tbk,,idx_company_profiles,Energy,Stock,false,false,,TICKER,UNIQ,1,BBG00ZDKR4J5,ULIMA NITRA TBK PT,IJ,Common Stock,common_stock_name_match,add_coverage_expansion,Active official Stock reference plus OpenFIGI Common Stock issuer-name match.,use_official_reference,leave_blank_until_official_identifier
IDX::WINS,WINS,IDX,Wintermar Offshore Marine Tbk,WINS.JK,PT Wintermar Offshore Marine Tbk,,WINS,Wintermar Offshore Marine Tbk,,idx_company_profiles,Energy,Stock,false,false,,TICKER,WINS,1,BBG0018D05V4,WINTERMAR OFFSHORE MARINE,IJ,Common Stock,common_stock_name_match,add_coverage_expansion,Active official Stock reference plus OpenFIGI Common Stock issuer-name match.,use_official_reference,leave_blank_until_official_identifier
IDX::ZINC,ZINC,IDX,PT Kapuas Prima Coal Tbk,ZINC.JK,PT Kapuas Prima Coal Tbk,,ZINC,PT Kapuas Prima Coal Tbk,,idx_company_profiles,Materials,Stock,false,false,,TICKER,ZINC,1,BBG00HVT9219,KAPUAS PRIMA COAL TBK PT,IJ,Common Stock,common_stock_name_match,add_coverage_expansion,Active official Stock reference plus OpenFIGI Common Stock issuer-name match.,use_official_reference,leave_blank_until_official_identifier
KOSDAQ::002290,002290,KOSDAQ,SAMIL ENTERPRISE,002290.KQ,"Samil Enterprise Co., Ltd.",,002290,SAMIL ENTERPRISE,KR7002290005,krx_listed_companies,Industrials,Stock,false,false,,ID_ISIN,KR7002290005,2,BBG000C190X7|BBG000C192D5,SAMIL ENTERPRISE CO LTD|SAMIL ENTERPRISE CO LTD,KQ|KS,Common Stock,common_stock_name_match,add_coverage_expansion,Active official Stock reference plus OpenFIGI Common Stock issuer-name match.,use_official_reference,use_official_reference
KOSDAQ::021040,021040,KOSDAQ,dhSteel,021040.KQ,dhSteel,,021040,dhSteel,KR7021040001,krx_listed_companies,Materials,Stock,false,false,,ID_ISIN,KR7021040001,2,BBG000C1DNT7|BBG000C1DQS1,DHSTEEL CO LTD|DHSTEEL CO LTD,KQ|KS,Common Stock,common_stock_name_match,add_coverage_expansion,Active official Stock reference plus OpenFIGI Common Stock issuer-name match.,use_official_reference,use_official_reference
KOSDAQ::033340,033340,KOSDAQ,GOODPEOPLE,033340.KQ,"GOODPEOPLE Co., Ltd.",,033340,GOODPEOPLE,KR7033340001,krx_listed_companies,Consumer Discretionary,Stock,false,false,,ID_ISIN,KR7033340001,2,BBG000C1QK73|BBG000C1QKP3,GOOD PEOPLE CO LTD|GOOD PEOPLE CO LTD,KQ|KS,Common Stock,common_stock_name_match,add_coverage_expansion,Active official Stock reference plus OpenFIGI Common Stock issuer-name match.,use_official_reference,use_official_reference
KOSDAQ::035890,035890,KOSDAQ,SEOHEE CONSTRUCTION,035890.KQ,"Seohee Construction Co., Ltd.",,035890,SEOHEE CONSTRUCTION,KR7035890003,krx_listed_companies,Industrials,Stock,false,false,,ID_ISIN,KR7035890003,2,BBG000C503Y0|BBG000C504D1,SEOHEE CONSTRUCTION CO LTD|SEOHEE CONSTRUCTION CO LTD,KQ|KS,Common Stock,common_stock_name_match,add_coverage_expansion,Active official Stock reference plus OpenFIGI Common Stock issuer-name match.,use_official_reference,use_official_reference
KOSDAQ::036690,036690,KOSDAQ,COMMAX,036690.KQ,"COMMAX Co.,Ltd",,036690,COMMAX,KR7036690006,krx_listed_companies,Information Technology,Stock,false,false,,ID_ISIN,KR7036690006,2,BBG000C27JV8|BBG000C27KB7,COMMAX CO LTD|COMMAX CO LTD,KQ|KS,Common Stock,common_stock_name_match,add_coverage_expansion,Active official Stock reference plus OpenFIGI Common Stock issuer-name match.,use_official_reference,use_official_reference
KOSDAQ::046070,046070,KOSDAQ,KODACO,046070.KQ,"KODACO Co., Ltd",,046070,KODACO,KR7046070009,krx_listed_companies,Consumer Discretionary,Stock,false,false,,ID_ISIN,KR7046070009,2,BBG000F2FHV0|BBG000F2FJJ0,KODACO CO LTD|KODACO CO LTD,KQ|KS,Common Stock,common_stock_name_match,add_coverage_expansion,Active official Stock reference plus OpenFIGI Common Stock issuer-name match.,use_official_reference,use_official_reference
KOSDAQ::046970,046970,KOSDAQ,WOORIRO,046970.KQ,"Wooriro Co., Ltd",,046970,WOORIRO,KR7046970000,krx_listed_companies,Consumer Discretionary,Stock,false,false,,ID_ISIN,KR7046970000,2,BBG002PC0NQ2|BBG003FV53D2,WOORIRO CO LTD|WOORIRO CO LTD,KQ|KS,Common Stock,common_stock_name_match,add_coverage_expansion,Active official Stock reference plus OpenFIGI Common Stock issuer-name match.,use_official_reference,use_official_reference
KOSDAQ::047820,047820,KOSDAQ,CHOROKBAEM MEDIA,047820.KQ,"Chorokbaem Media Co., Ltd.",,047820,CHOROKBAEM MEDIA,KR7047820006,krx_listed_companies,Communication Services,Stock,false,false,,ID_ISIN,KR7047820006,2,BBG000HL1HF9|BBG000HL1JJ1,CHOROKBAEM MEDIA CO LTD|CHOROKBAEM MEDIA CO LTD,KQ|KS,Common Stock,common_stock_name_match,add_coverage_expansion,Active official Stock reference plus OpenFIGI Common Stock issuer-name match.,use_official_reference,use_official_reference
KOSDAQ::052420,052420,KOSDAQ,OSUNG ADVANCED MATERIALS,052420.KQ,"Osung Advanced Materials Co., Ltd.",,052420,OSUNG ADVANCED MATERIALS,KR7052420007,krx_listed_companies,Materials,Stock,false,false,,ID_ISIN,KR7052420007,2,BBG000C1YFW7|BBG000C1YGS0,OSUNG ADVANCED MATERIALSCO L|OSUNG ADVANCED MATERIALSCO L,KQ|KS,Common Stock,common_stock_name_match,add_coverage_expansion,Active official Stock reference plus OpenFIGI Common Stock issuer-name match.,use_official_reference,use_official_reference
KOSDAQ::053450,053450,KOSDAQ,SEKONIX,053450.KQ,"SEKONIX Co., Ltd.",,053450,SEKONIX,KR7053450003,krx_listed_companies,Information Technology,Stock,false,false,,ID_ISIN,KR7053450003,2,BBG000K3F897|BBG000K3FB54,SEKONIX CO LTD|SEKONIX CO LTD,KQ|KS,Common Stock,common_stock_name_match,add_coverage_expansion,Active official Stock reference plus OpenFIGI Common Stock issuer-name match.,use_official_reference,use_official_reference
KOSDAQ::053950,053950,KOSDAQ,KYUNG NAM PHARM,053950.KQ,"Kyung Nam Pharm Co.,Ltd.",,053950,KYUNG NAM PHARM,KR7053950002,krx_listed_companies,Health Care,Stock,false,false,,ID_ISIN,KR7053950002,2,BBG000GV86B9|BBG000GV99M0,KYUNG NAM PHARM CO LTD|KYUNG NAM PHARM CO LTD,KQ|KS,Common Stock,common_stock_name_match,add_coverage_expansion,Active official Stock reference plus OpenFIGI Common Stock issuer-name match.,use_official_reference,use_official_reference
KOSDAQ::054180,054180,KOSDAQ,MEDICOX,054180.KQ,"MEDICOX Co., Ltd.",,054180,MEDICOX,KR7054180005,krx_listed_companies,Industrials,Stock,false,false,,ID_ISIN,KR7054180005,2,BBG000BS63M8|BBG000BS64Q2,MEDICOX CO LTD|MEDICOX CO LTD,KQ|KS,Common Stock,common_stock_name_match,add_coverage_expansion,Active official Stock reference plus OpenFIGI Common Stock issuer-name match.,use_official_reference,use_official_reference
KOSDAQ::065570,065570,KOSDAQ,Samyung ENC,065570.KQ,"SAMYUNG ENC Co., Ltd.",,065570,Samyung ENC,KR7065570004,krx_listed_companies,Information Technology,Stock,false,false,,ID_ISIN,KR7065570004,2,BBG000MSH0N9|BBG000MSH228,SAMYUNG ENC CO LTD|SAMYUNG ENC CO LTD,KQ|KS,Common Stock,common_stock_name_match,add_coverage_expansion,Active official Stock reference plus OpenFIGI Common Stock issuer-name match.,use_official_reference,use_official_reference
KOSDAQ::070300,070300,KOSDAQ,Xcure,070300.KQ,Xcure Corp.,,070300,Xcure,KR7070300009,krx_listed_companies,Information Technology,Stock,false,false,,ID_ISIN,KR7070300009,2,BBG000QV05G3|BBG000QV0644,XCURE CORP|XCURE CORP,KQ|KS,Common Stock,common_stock_name_match,add_coverage_expansion,Active official Stock reference plus OpenFIGI Common Stock issuer-name match.,use_official_reference,use_official_reference
KOSDAQ::079970,079970,KOSDAQ,TOBESOFT,079970.KQ,"TOBESOFT Co., Ltd.",,079970,TOBESOFT,KR7079970000,krx_listed_companies,Information Technology,Stock,false,false,,ID_ISIN,KR7079970000,2,BBG000QSC6D8|BBG000QSC7L7,TOBESOFT CO LTD|TOBESOFT CO LTD,KQ|KS,Common Stock,common_stock_name_match,add_coverage_expansion,Active official Stock reference plus OpenFIGI Common Stock issuer-name match.,use_official_reference,use_official_reference
KOSDAQ::082660,082660,KOSDAQ,Cosnine,082660.KQ,"Cosnine Co., Ltd.",,082660,Cosnine,KR7082660002,krx_listed_companies,Materials,Stock,false,false,,ID_ISIN,KR7082660002,2,BBG000BS9G55|BBG000BS9GX4,COSNINE CO LTD|COSNINE CO LTD,KQ|KS,Common Stock,common_stock_name_match,add_coverage_expansion,Active official Stock reference plus OpenFIGI Common Stock issuer-name match.,use_official_reference,use_official_reference
KOSDAQ::094820,094820,KOSDAQ,ILJIN POWER,094820.KQ,"Iljin Power Co., Ltd.",,094820,ILJIN POWER,KR7094820008,krx_listed_companies,Industrials,Stock,false,false,,ID_ISIN,KR7094820008,3,BBG000SW5654|BBG000SW56L6|BBG01VQPQY94,ILJIN POWER CO LTD|ILJIN POWER CO LTD|ILJIN POWER CO LTD,KQ|KS|KT,Common Stock,common_stock_name_match,add_coverage_expansion,Active official Stock reference plus OpenFIGI Common Stock issuer-name match.,use_official_reference,use_official_reference
KOSDAQ::119610,119610,KOSDAQ,INTEROJO,119610.KQ,Interojo Inc.,,119610,INTEROJO,KR7119610004,krx_listed_companies,Health Care,Stock,false,false,,ID_ISIN,KR7119610004,3,BBG000R2D1C5|BBG000R2D1V4|BBG01VQPR5R6,INTEROJO CO LTD|INTEROJO CO LTD|INTEROJO CO LTD,KQ|KS|KT,Common Stock,common_stock_name_match,add_coverage_expansion,Active official Stock reference plus OpenFIGI Common Stock issuer-name match.,use_official_reference,use_official_reference
KOSDAQ::121800,121800,KOSDAQ,Vidente,121800.KQ,"Vidente Co., Ltd.",,121800,Vidente,KR7121800007,krx_listed_companies,Information Technology,Stock,false,false,,ID_ISIN,KR7121800007,2,BBG0025DG5K0|BBG0025DG5M8,VIDENTE CO LTD|VIDENTE CO LTD,KQ|KS,Common Stock,common_stock_name_match,add_coverage_expansion,Active official Stock reference plus OpenFIGI Common Stock issuer-name match.,use_official_reference,use_official_reference
KOSDAQ::149980,149980,KOSDAQ,Hironic,149980.KQ,"Hironic Co., Ltd.",,149980,Hironic,KR7149980005,krx_listed_companies,Health Care,Stock,false,false,,ID_ISIN,KR7149980005,2,BBG004RKPK41|BBG004RLDWD6,HIRONIC CO LTD|HIRONIC CO LTD,KQ|KS,Common Stock,common_stock_name_match,add_coverage_expansion,Active official Stock reference plus OpenFIGI Common Stock issuer-name match.,use_official_reference,use_official_reference
KOSDAQ::177350,177350,KOSDAQ,Vessel,177350.KQ,"Vessel Co., Ltd.",,177350,Vessel,KR7177350006,krx_listed_companies,Materials,Stock,false,false,,ID_ISIN,KR7177350006,2,BBG004RKLQ51|BBG004RKWW74,VESSEL CO LTD|VESSEL CO LTD,KQ|KS,Common Stock,common_stock_name_match,add_coverage_expansion,Active official Stock reference plus OpenFIGI Common Stock issuer-name match.,use_official_reference,use_official_reference
KOSDAQ::226340,226340,KOSDAQ,Bonne,226340.KQ,"Bonne Co., Ltd.",,226340,Bonne,KR7226340008,krx_listed_companies,Materials,Stock,false,false,,ID_ISIN,KR7226340008,2,BBG00B30CXN0|BBG00B30CXQ7,BONNE CO LTD|BONNE CO LTD,KQ|KS,Common Stock,common_stock_name_match,add_coverage_expansion,Active official Stock reference plus OpenFIGI Common Stock issuer-name match.,use_official_reference,use_official_reference
KOSDAQ::234920,234920,KOSDAQ,Zaigle,234920.KQ,"Zaigle Co., Ltd.",,234920,Zaigle,KR7234920007,krx_listed_companies,Consumer Discretionary,Stock,false,false,,ID_ISIN,KR7234920007,2,BBG00DF07S05|BBG00DF07S23,ZAIGLE CO LTD|ZAIGLE CO LTD,KQ|KS,Common Stock,common_stock_name_match,add_coverage_expansion,Active official Stock reference plus OpenFIGI Common Stock issuer-name match.,use_official_reference,use_official_reference
KOSDAQ::244460,244460,KOSDAQ,OLIPASS,244460.KQ,OLIPASS Corporation,,244460,OLIPASS,KR7244460002,krx_listed_companies,Health Care,Stock,false,false,,ID_ISIN,KR7244460002,2,BBG0077VGTY0|BBG00PYL5X39,OLIPASS CORP|OLIPASS CORP,KQ|KS,Common Stock,common_stock_name_match,add_coverage_expansion,Active official Stock reference plus OpenFIGI Common Stock issuer-name match.,use_official_reference,use_official_reference
KOSDAQ::263050,263050,KOSDAQ,Eutilex,263050.KQ,"Eutilex.Co.,Ltd.",,263050,Eutilex,KR7263050007,krx_listed_companies,Health Care,Stock,false,false,,ID_ISIN,KR7263050007,2,BBG00FHQQJP3|BBG00MKJH1K4,EUTILEX CO LTD|EUTILEX CO LTD,KQ|KS,Common Stock,common_stock_name_match,add_coverage_expansion,Active official Stock reference plus OpenFIGI Common Stock issuer-name match.,use_official_reference,use_official_reference
KOSDAQ::269620,269620,KOSDAQ,SYSWORK,269620.KQ,"Syswork Co., Ltd",,269620,SYSWORK,KR7269620001,krx_listed_companies,Information Technology,Stock,false,false,,ID_ISIN,KR7269620001,2,BBG00J82KYW3|BBG00J82KYY1,SYSWORK CO LTD|SYSWORK CO LTD,KQ|KS,Common Stock,common_stock_name_match,add_coverage_expansion,Active official Stock reference plus OpenFIGI Common Stock issuer-name match.,use_official_reference,use_official_reference
KOSDAQ::300080,300080,KOSDAQ,Flitto,300080.KQ,FLITTO Inc.,,300080,Flitto,KR7300080009,krx_listed_companies,Information Technology,Stock,false,false,,ID_ISIN,KR7300080009,3,BBG00PC3LWN5|BBG00PC3LWQ2|BBG01VQPSYX5,FLITTO INC|FLITTO INC|FLITTO INC,KQ|KS|KT,Common Stock,common_stock_name_match,add_coverage_expansion,Active official Stock reference plus OpenFIGI Common Stock issuer-name match.,use_official_reference,use_official_reference
KOSDAQ::950200,950200,KOSDAQ,Psomagen,950200.KQ,"Psomagen, Inc.",,950200,Psomagen,KR8840150005,krx_listed_companies,Industrials,Stock,false,false,,ID_ISIN,KR8840150005,0,,,,,no_common_stock,blocked_openfigi_no_common_stock,OpenFIGI returned no Common Stock result for the query.,use_official_reference,use_official_reference
KOSDAQ::950220,950220,KOSDAQ,NeoImmuneTech,950220.KQ,"NeoImmuneTech, Inc.",,950220,NeoImmuneTech,KR8840140006,krx_listed_companies,Industrials,Stock,false,false,,ID_ISIN,KR8840140006,0,,,,,no_common_stock,blocked_openfigi_no_common_stock,OpenFIGI returned no Common Stock result for the query.,use_official_reference,use_official_reference
KRX::000070,000070,KRX,Samyang Holdings,000070.KS,Samyang Holdings Corporation,,000070,Samyang Holdings,KR7000070003,krx_listed_companies,Financials,Stock,false,false,,ID_ISIN,KR7000070003,3,BBG000BCZ9D8|BBG000BCZ9Q4|BBG01VQPMCF9,SAMYANG HOLDINGS CORP|SAMYANG HOLDINGS CORP|SAMYANG HOLDINGS CORP,KP|KS|KT,Common Stock,common_stock_name_match,add_coverage_expansion,Active official Stock reference plus OpenFIGI Common Stock issuer-name match.,use_official_reference,use_official_reference
KRX::000860,000860,KRX,KANGNAM JEVISCO,000860.KS,"Kangnam Jevisco Co., Ltd",,000860,KANGNAM JEVISCO,KR7000860007,krx_listed_companies,Materials,Stock,false,false,,ID_ISIN,KR7000860007,2,BBG000BCX922|BBG000BCXB90,KANGNAM JEVISCO CO LTD|KANGNAM JEVISCO CO LTD,KP|KS,Common Stock,common_stock_name_match,add_coverage_expansion,Active official Stock reference plus OpenFIGI Common Stock issuer-name match.,use_official_reference,use_official_reference
KRX::000910,000910,KRX,UNION,000910.KS,Union Corporation,,000910,UNION,KR7000910000,krx_listed_companies,Materials,Stock,false,false,,ID_ISIN,KR7000910000,2,BBG000H0NYL7|BBG000H0NZ61,UNION CORP|UNION CORP,KP|KS,Common Stock,common_stock_name_match,add_coverage_expansion,Active official Stock reference plus OpenFIGI Common Stock issuer-name match.,use_official_reference,use_official_reference
KRX::002020,002020,KRX,KOLON CORP,002020.KS,Kolon Corporation,,002020,KOLON CORP,KR7002020006,krx_listed_companies,Financials,Stock,false,false,,ID_ISIN,KR7002020006,2,BBG000BD0XJ5|BBG000BD0XS5,KOLON CORP|KOLON CORP,KP|KS,Common Stock,common_stock_name_match,add_coverage_expansion,Active official Stock reference plus OpenFIGI Common Stock issuer-name match.,use_official_reference,use_official_reference
KRX::002150,002150,KRX,DOHWA ENGINEERING,002150.KS,"Dohwa Engineering Co., Ltd.",,002150,DOHWA ENGINEERING,KR7002150001,krx_listed_companies,Industrials,Stock,false,false,,ID_ISIN,KR7002150001,2,BBG000CVDCQ8|BBG000CVFGN0,DOHWA ENGINEERING CO LTD|DOHWA ENGINEERING CO LTD,KP|KS,Common Stock,common_stock_name_match,add_coverage_expansion,Active official Stock reference plus OpenFIGI Common Stock issuer-name match.,use_official_reference,use_official_reference
KRX::002390,002390,KRX,HANDOK,002390.KS,HANDOK Inc.,,002390,HANDOK,KR7002390003,krx_listed_companies,Health Care,Stock,false,false,,ID_ISIN,KR7002390003,3,BBG000BDHPQ6|BBG000BDHQN7|BBG01VQPMHY7,HANDOK INC|HANDOK INC|HANDOK INC,KP|KS|KT,Common Stock,common_stock_name_match,add_coverage_expansion,Active official Stock reference plus OpenFIGI Common Stock issuer-name match.,use_official_reference,use_official_reference
KRX::002600,002600,KRX,CHOHEUNG,002600.KS,Choheung Corporation,,002600,CHOHEUNG,KR7002600005,krx_listed_companies,Consumer Staples,Stock,false,false,,ID_ISIN,KR7002600005,2,BBG000BDV879|BBG000BDV8M2,CHOHEUNG CORP|CHOHEUNG CORP,KP|KS,Common Stock,common_stock_name_match,add_coverage_expansion,Active official Stock reference plus OpenFIGI Common Stock issuer-name match.,use_official_reference,use_official_reference
KRX::002620,002620,KRX,JEIL PHARMA HOLDINGS,002620.KS,Jeil Pharma Holdings Inc,,002620,JEIL PHARMA HOLDINGS,KR7002620003,krx_listed_companies,Industrials,Stock,false,false,,ID_ISIN,KR7002620003,2,BBG000BGY405|BBG000BGY469,JEIL PHARMA HOLDINGS INC|JEIL PHARMA HOLDINGS INC,KP|KS,Common Stock,common_stock_name_match,add_coverage_expansion,Active official Stock reference plus OpenFIGI Common Stock issuer-name match.,use_official_reference,use_official_reference
KRX::002700,002700,KRX,SHINIL ELECTRONICS,002700.KS,"Shinil Electronics Co.,Ltd",,002700,SHINIL ELECTRONICS,KR7002700003,krx_listed_companies,Industrials,Stock,false,false,,ID_ISIN,KR7002700003,2,BBG000BCX3Z9|BBG000BCX4P8,SHINIL ELECTRONICS|SHINIL ELECTRONICS,KP|KS,Common Stock,common_stock_name_match,add_coverage_expansion,Active official Stock reference plus OpenFIGI Common Stock issuer-name match.,use_official_reference,use_official_reference
KRX::002760,002760,KRX,BOLAK,002760.KS,Bolak Company Limited,,002760,BOLAK,KR7002760007,krx_listed_companies,Materials,Stock,false,false,,ID_ISIN,KR7002760007,2,BBG000BGZ137|BBG000BGZ217,BOLAK CO LTD|BOLAK CO LTD,KP|KS,Common Stock,common_stock_name_match,add_coverage_expansion,Active official Stock reference plus OpenFIGI Common Stock issuer-name match.,use_official_reference,use_official_reference
KRX::002960,002960,KRX,HANKOOK SHELL OIL,002960.KS,"Hankook Shell Oil Co.,Ltd.",,002960,HANKOOK SHELL OIL,KR7002960003,krx_listed_companies,Energy,Stock,false,false,,ID_ISIN,KR7002960003,4,BBG000BGZ2P1|BBG000BGZ333|BBG002JNS9N9|BBG01VQPMWN6,HANKOOK SHELL OIL CO LTD|HANKOOK SHELL OIL CO LTD|HANKOOK SHELL OIL CO LTD|HANKOOK SHELL OIL CO LTD,KP|KS|KT|UV,Common Stock,common_stock_name_match,add_coverage_expansion,Active official Stock reference plus OpenFIGI Common Stock issuer-name match.,use_official_reference,use_official_reference
KRX::003010,003010,KRX,HAEIN CORP,003010.KS,Haein Corporation,,003010,HAEIN CORP,KR7003010006,krx_listed_companies,Industrials,Stock,false,false,,ID_ISIN,KR7003010006,2,BBG000BGMX68|BBG000BGMXK2,HAE IN CORPORATION|HAE IN CORPORATION,KP|KS,Common Stock,common_stock_name_match,add_coverage_expansion,Active official Stock reference plus OpenFIGI Common Stock issuer-name match.,use_official_reference,use_official_reference
KRX::005030,005030,KRX,PUSAN CAST IRON,005030.KS,"Pusan Cast Iron Co., Ltd.",,005030,PUSAN CAST IRON,KR7005030002,krx_listed_companies,Consumer Discretionary,Stock,false,false,,ID_ISIN,KR7005030002,2,BBG000BFM632|BBG000BFM6C2,PUSAN CAST IRON CO LTD|PUSAN CAST IRON CO LTD,KP|KS,Common Stock,common_stock_name_match,add_coverage_expansion,Active official Stock reference plus OpenFIGI Common Stock issuer-name match.,use_official_reference,use_official_reference
KRX::013000,013000,KRX,SEWOO GLOBAL,013000.KS,"Sewoo Global Co., Ltd",,013000,SEWOO GLOBAL,KR7013000005,krx_listed_companies,Consumer Discretionary,Stock,false,false,,ID_ISIN,KR7013000005,2,BBG000BGZG98|BBG000BGZGH9,SEWOO GLOBAL CO LTD|SEWOO GLOBAL CO LTD,KP|KS,Common Stock,common_stock_name_match,add_coverage_expansion,Active official Stock reference plus OpenFIGI Common Stock issuer-name match.,use_official_reference,use_official_reference
KRX::020760,020760,KRX,ILJIN DISPLAY,020760.KS,"Iljin Display Co., Ltd.",,020760,ILJIN DISPLAY,KR7020760005,krx_listed_companies,Information Technology,Stock,false,false,,ID_ISIN,KR7020760005,2,BBG000GD7SN9|BBG000GD7TM8,ILJIN DISPLAY CO LTD|ILJIN DISPLAY CO LTD,KP|KS,Common Stock,common_stock_name_match,add_coverage_expansion,Active official Stock reference plus OpenFIGI Common Stock issuer-name match.,use_official_reference,use_official_reference
KRX::119650,119650,KRX,KC COTTRELL,119650.KS,"KC Cottrell Co., Ltd.",,119650,KC COTTRELL,KR7119650000,krx_listed_companies,Industrials,Stock,false,false,,ID_ISIN,KR7119650000,2,BBG000PLDYN1|BBG000PLDZ85,KC COTTRELL CO LTD|KC COTTRELL CO LTD,KP|KS,Common Stock,common_stock_name_match,add_coverage_expansion,Active official Stock reference plus OpenFIGI Common Stock issuer-name match.,use_official_reference,use_official_reference
LSE::0CXE,0CXE,LSE,DETECTION TECHNOLOGY OYJ DETECTION TECHNOLOGY ORD SHS,0CXE.L,Detection Technology Oyj,,0CXE,DETECTION TECHNOLOGY OYJ DETECTION TECHNOLOGY ORD SHS,,lse_company_reports,,Stock,false,false,,TICKER,0CXE,1,BBG00JRQSTD3,DETECTION TECHNOLOGY OY,LN,Common Stock,common_stock_name_match,add_coverage_expansion,Active official Stock reference plus OpenFIGI Common Stock issuer-name match.,leave_blank_until_official_sector,leave_blank_until_official_identifier
LSE::0DNS,0DNS,LSE,AUTOSTRADE MERIDIONALI SPA AUTOSTRADE MERIDIONALI ORD SHS,0DNS.L,Autostrade Meridionali S.p.A.,,0DNS,AUTOSTRADE MERIDIONALI SPA AUTOSTRADE MERIDIONALI ORD SHS,,lse_company_reports,,Stock,false,false,,TICKER,0DNS,1,BBG00JHVSJK7,AUTOSTRADE MERIDIONALI SPA,LN,Common Stock,common_stock_name_match,add_coverage_expansion,Active official Stock reference plus OpenFIGI Common Stock issuer-name match.,leave_blank_until_official_sector,leave_blank_until_official_identifier
LSE::0ENN,0ENN,LSE,HORNBACH BAUMARKT AG HORNBACH-BAUMARKT ORD SHS,0ENN.L,HORNBACH Baumarkt AG,,0ENN,HORNBACH BAUMARKT AG HORNBACH-BAUMARKT ORD SHS,,lse_company_reports,,Stock,false,false,,TICKER,0ENN,1,BBG00NRVX5S3,HORNBACH BAUMARKT AG,LN,Common Stock,common_stock_name_match,add_coverage_expansion,Active official Stock reference plus OpenFIGI Common Stock issuer-name match.,leave_blank_until_official_sector,leave_blank_until_official_identifier
LSE::0G30,0G30,LSE,SOCFINASIA SA,0G30.L,Socfinasia S.A.,,0G30,SOCFINASIA SA,LU0092047413,lse_price_explorer,,Stock,false,false,,ID_ISIN,LU0092047413,29,BBG000BFMXF0|BBG000NXZYT7|BBG000QWW488|BBG000QWW5T2|BBG000QWW5Z5|BBG000QWW683|BBG000QWW6T0|BBG000QWW6Z3|BBG000QWW7M5|BBG000QWW7W4|BBG000QWW861|BBG000QWW9S5|BBG000QWWB46|BBG000QWWBK8|BBG000QWWC80|BBG000QWWDG9|BBG001HTZVB6|BBG00591K4R6|BBG006T7M5Z5|BBG006TBRYZ8|BBG008H0HD60|BBG00JHVV0D2|BBG00JN7GSK6|BBG00PPZ87K3|BBG00PPZ87M1|BBG00QFY9HD0|BBG00Y92X905|BBG019TWMSB9|BBG01Z5PL0T5,SOCFINASIA SA|SOCFINASIA SA|SOCFINASIA SA|SOCFINASIA SA|SOCFINASIA SA|SOCFINASIA SA|SOCFINASIA SA|SOCFINASIA SA|SOCFINASIA SA|SOCFINASIA SA|SOCFINASIA SA|SOCFINASIA SA|SOCFINASIA SA|SOCFINASIA SA|SOCFINASIA SA|SOCFINASIA SA|SOCFINASIA SA|SOCFINASIA SA|SOCFINASIA SA|SOCFINASIA SA|SOCFINASIA SA|SOCFINASIA SA|SOCFINASIA SA|SOCFINASIA SA|SOCFINASIA SA|SOCFINASIA SA|SOCFINASIA SA|SOCFINASIA SA|SOCFINASIA SA,B3|E1|EO|EP|EU|EZ|GR|L1|L3|LN|LX|PO|QT|US|UV|X1|XA|XC|XE|XF|XG|XH|XJ|XL|XO|XS|XV|XW|XX,Common Stock,common_stock_name_match,add_coverage_expansion,Active official Stock reference plus OpenFIGI Common Stock issuer-name match.,leave_blank_until_official_sector,use_official_reference
LSE::0G40,0G40,LSE,SPAREBANKEN MORE SPAREBANKEN MORE ORD SHS,0G40.L,Sparebanken More,,0G40,SPAREBANKEN MORE SPAREBANKEN MORE ORD SHS,,lse_company_reports,,Stock,false,false,,TICKER,0G40,1,BBG00JHVV159,SPAREBANKEN MORE-CAP CERT,LN,Common Stock,common_stock_name_match,add_coverage_expansion,Active official Stock reference plus OpenFIGI Common Stock issuer-name match.,leave_blank_until_official_sector,leave_blank_until_official_identifier
LSE::0HW9,0HW9,LSE,SINTERCAST AB,0HW9.L,SinterCast AB (publ),,0HW9,SINTERCAST AB,SE0000950982,lse_price_explorer,,Stock,false,false,,ID_ISIN,SE0000950982,65,BBG000BWMZC1|BBG000CTKX25|BBG000CTKZ48|BBG000CTL0B6|BBG000CTL0Y1|BBG000CTL268|BBG000CTL2G7|BBG000CTM4W4|BBG000CTM5B4|BBG000CTM5G9|BBG000CTM800|BBG000CTM882|BBG000CTM962|BBG000CTMBC0|BBG000CTMC47|BBG000D5S896|BBG000D5W515|BBG000D5W9H0|BBG000D5XG47|BBG000D5YJ22|BBG000D5YJG7|BBG002J36WK9|BBG002JX03C2|BBG00591KYY2|BBG00591QGN7|BBG006BH4QX8|BBG006T7SZH3|BBG006TC3DY9|BBG008H0HX66|BBG00CWTYVS8|BBG00JHVVXG7|BBG00JN7HLQ4|BBG00JN7N3N0|BBG00NLKD4H0|BBG00NQCT574|BBG00PPYHZR7|BBG00PPYHZT5|BBG00Q6R5YV2|BBG00QFYB9K7|BBG00QFYGTY3|BBG00QRBZMK9|BBG00QRBZMN6|BBG00QRBZMS1|BBG00QRBZMV7|BBG00QRBZMX5|BBG00QRBZMY4|BBG00QRBZMZ3|BBG00QRBZN09|BBG00QRBZN18|BBG00QRBZN54|BBG00QRBZN63|BBG00QRBZN81|BBG00QRBZN90|BBG00QRBZNC6|BBG00QRBZNF3|BBG00QRBZNG2|BBG00QRBZNH1|BBG00QRBZNK7|BBG00QRBZNP2|BBG00Y92YH06|BBG0110XJSH3|BBG015PVVKF6|BBG015PVVMQ0|BBG01JX3CD75|BBG01JX3CFV3,SINTERCAST AB|SINTERCAST AB|SINTERCAST AB|SINTERCAST AB|SINTERCAST AB|SINTERCAST AB|SINTERCAST AB|SINTERCAST AB|SINTERCAST AB|SINTERCAST AB|SINTERCAST AB|SINTERCAST AB|SINTERCAST AB|SINTERCAST AB|SINTERCAST AB|SINTERCAST AB|SINTERCAST AB|SINTERCAST AB|SINTERCAST AB|SINTERCAST AB|SINTERCAST AB|SINTERCAST AB|SINTERCAST AB|SINTERCAST AB|SINTERCAST AB|SINTERCAST AB|SINTERCAST AB|SINTERCAST AB|SINTERCAST AB|SINTERCAST AB|SINTERCAST AB|SINTERCAST AB|SINTERCAST AB|SINTERCAST AB|SINTERCAST AB|SINTERCAST AB|SINTERCAST AB|SINTERCAST AB|SINTERCAST AB|SINTERCAST AB|SINTERCAST AB|SINTERCAST AB|SINTERCAST AB|SINTERCAST AB|SINTERCAST AB|SINTERCAST AB|SINTERCAST AB|SINTERCAST AB|SINTERCAST AB|SINTERCAST AB|SINTERCAST AB|SINTERCAST AB|SINTERCAST AB|SINTERCAST AB|SINTERCAST AB|SINTERCAST AB|SINTERCAST AB|SINTERCAST AB|SINTERCAST AB|SINTERCAST AB|SINTERCAST AB|SINTERCAST AB|SINTERCAST AB|SINTERCAST AB|SINTERCAST AB,B3|E1|EB|EO|EP|EU|EZ|I2|IX|L1|L3|LN|PO|QE|QX|S1|S4|SS|T1|TQ|UV|X1|X2|X9|XA|XC|XE|XF|XG|XH|XJ|XL|XO|XQ|XS|XT|XU|XV|XW|XX|XZ,Common Stock,common_stock_name_match,add_coverage_expansion,Active official Stock reference plus OpenFIGI Common Stock issuer-name match.,leave_blank_until_official_sector,use_official_reference
LSE::0J7G,0J7G,LSE,HUTCHISON CHINA MEDITECH LTD HUTCHISON CHINA MEDITECH ADR REPRESENTIN,0J7G.L,HUTCHISON CHINA MEDITECH LTD HU,,0J7G,HUTCHISON CHINA MEDITECH LTD HUTCHISON CHINA MEDITECH ADR REPRESENTIN,,lse_company_reports,,Stock,false,false,,TICKER,0J7G,0,,,,,no_common_stock,blocked_openfigi_no_common_stock,OpenFIGI returned no Common Stock result for the query.,leave_blank_until_official_sector,leave_blank_until_official_identifier
LSE::0OKP,0OKP,LSE,SOCFINAF SA,0OKP.L,Socfinaf S.A.,,0OKP,SOCFINAF SA,LU0056569402,lse_price_explorer,,Stock,false,false,,ID_ISIN,LU0056569402,49,BBG000BHBLN5|BBG000QX4XR2|BBG000QX4YJ9|BBG000QX4YM5|BBG000QX4YR0|BBG000QX4Z24|BBG000QX4ZQ8|BBG000QX5084|BBG000QX50Y5|BBG000QX51H2|BBG000QX5388|BBG000QX53H8|BBG000QX53N1|BBG000QX54F8|BBG000QX54X8|BBG00591KFR1|BBG006T7M5L0|BBG006TBRY60|BBG008H0J9G6|BBG00JGBR097|BBG00JN7H2K2|BBG00PQ19Y54|BBG00PQ19Y72|BBG00Q6R5J63|BBG00QFY9SD6|BBG00Y9304L7|BBG019TX0G27|BBG01F7JRFC0|BBG01F7JRFD9|BBG01F7JRFG6|BBG01F7JRFJ3|BBG01F7JRFL0|BBG01F7JRFM9|BBG01F7JRFN8|BBG01F7JRFP6|BBG01F7JRFQ5|BBG01F7JRFV9|BBG01F7JRFW8|BBG01F7JRFX7|BBG01F7JRFY6|BBG01F7JRFZ5|BBG01F7JRG01|BBG01F7JRG10|BBG01F7JRG38|BBG01F7JRG47|BBG01F7JRG56|BBG01F7JRG74|BBG01F7JRG92|BBG01Z5PK3B9,SOCFINAF|SOCFINAF|SOCFINAF|SOCFINAF|SOCFINAF|SOCFINAF|SOCFINAF|SOCFINAF|SOCFINAF|SOCFINAF|SOCFINAF|SOCFINAF|SOCFINAF|SOCFINAF|SOCFINAF|SOCFINAF|SOCFINAF|SOCFINAF|SOCFINAF|SOCFINAF|SOCFINAF|SOCFINAF|SOCFINAF|SOCFINAF|SOCFINAF|SOCFINAF|SOCFINAF|SOCFINAF|SOCFINAF|SOCFINAF|SOCFINAF|SOCFINAF|SOCFINAF|SOCFINAF|SOCFINAF|SOCFINAF|SOCFINAF|SOCFINAF|SOCFINAF|SOCFINAF|SOCFINAF|SOCFINAF|SOCFINAF|SOCFINAF|SOCFINAF|SOCFINAF|SOCFINAF|SOCFINAF|SOCFINAF,B3|E1|EO|EP|EU|EZ|GF|L1|L3|LN|LX|PO|QT|X1|X2|XA|XC|XE|XF|XG|XH|XJ|XL|XO|XQ|XS|XT|XU|XV|XW|XX|XY|XZ,Common Stock,common_stock_name_match,add_coverage_expansion,Active official Stock reference plus OpenFIGI Common Stock issuer-name match.,leave_blank_until_official_sector,use_official_reference
LSE::0P14,0P14,LSE,LUXEMPART SA,0P14.L,Luxempart S.A.,,0P14,LUXEMPART SA,LU2605908552,lse_price_explorer,,Stock,false,false,,ID_ISIN,LU2605908552,39,BBG000DHXLH6|BBG000QPZNL3|BBG000QPZNX0|BBG000QPZP65|BBG000QPZQ18|BBG000QPZR07|BBG000QPZRC4|BBG000QPZRJ7|BBG000QPZT58|BBG000QPZV80|BBG000QPZVT7|BBG00591DH22|BBG006T7NK72|BBG006TBVXS3|BBG008H043Z4|BBG00JGBR6G6|BBG00PQ10KP1|BBG00PQ10KR9|BBG00Q6R1GN4|BBG00QFY4TJ3|BBG00Y9226V1|BBG01F7K2QR4|BBG01F7K2QT2|BBG01F7K2QW8|BBG01F7K2QY6|BBG01F7K2R01|BBG01F7K2R10|BBG01F7K2R29|BBG01F7K2R65|BBG01F7K2R83|BBG01F7K2R92|BBG01F7K2RB9|BBG01F7K2RD7|BBG01F7K2RL8|BBG01F7K2RN6|BBG01KC47YB8|BBG01KC4BJK6|BBG01YZPPPH9|BBG01YZPPPJ7,LUXEMPART SA|LUXEMPART SA|LUXEMPART SA|LUXEMPART SA|LUXEMPART SA|LUXEMPART SA|LUXEMPART SA|LUXEMPART SA|LUXEMPART SA|LUXEMPART SA|LUXEMPART SA|LUXEMPART SA|LUXEMPART SA|LUXEMPART SA|LUXEMPART SA|LUXEMPART SA|LUXEMPART SA|LUXEMPART SA|LUXEMPART SA|LUXEMPART SA|LUXEMPART SA|LUXEMPART SA|LUXEMPART SA|LUXEMPART SA|LUXEMPART SA|LUXEMPART SA|LUXEMPART SA|LUXEMPART SA|LUXEMPART SA|LUXEMPART SA|LUXEMPART SA|LUXEMPART SA|LUXEMPART SA|LUXEMPART SA|LUXEMPART SA|LUXEMPART SA|LUXEMPART SA|LUXEMPART SA|LUXEMPART SA,B3|EP|EU|EZ|GF|GR|L1|L3|LN|LX|PO|T1|TQ|X1|X2|XA|XC|XE|XF|XG|XH|XL|XO|XT|XU|XV|XW,Common Stock,common_stock_name_match,add_coverage_expansion,Active official Stock reference plus OpenFIGI Common Stock issuer-name match.,leave_blank_until_official_sector,use_official_reference
LSE::AEO,AEO,LSE,AEOREMA COMMUNICATIONS PLC ORD 12.5P,AEO.L,Aeorema Communications plc,,AEO,AEOREMA COMMUNICATIONS PLC ORD 12.5P,,lse_company_reports,,Stock,false,false,,TICKER,AEO,11,BBG000MXYXB0|BBG000RD7TW5|BBG000RD7Y63|BBG000RD7ZR7|BBG000RD80L9|BBG000RD81G3|BBG005919K93|BBG00JN77642|BBG00PQ0G4V5|BBG00PQ0G4X3|BBG00QFY1WH1,AEOREMA COMMUNICATIONS GROUP|AEOREMA COMMUNICATIONS GROUP|AEOREMA COMMUNICATIONS GROUP|AEOREMA COMMUNICATIONS GROUP|AEOREMA COMMUNICATIONS GROUP|AEOREMA COMMUNICATIONS GROUP|AEOREMA COMMUNICATIONS GROUP|AEOREMA COMMUNICATIONS GROUP|AEOREMA COMMUNICATIONS GROUP|AEOREMA COMMUNICATIONS GROUP|AEOREMA COMMUNICATIONS GROUP,E1|EO|EP|EU|EZ|LN|X1|XL|XV|XW|XX,Common Stock,common_stock_name_match,add_coverage_expansion,Active official Stock reference plus OpenFIGI Common Stock issuer-name match.,leave_blank_until_official_sector,leave_blank_until_official_identifier
LSE::AIRE,AIRE,LSE,ALTERNATIVE INCOME REIT PLC ORD GBP0.01,AIRE.L,Alternative Income REIT PLC,,AIRE,ALTERNATIVE INCOME REIT PLC ORD GBP0.01,,lse_company_reports,,Stock,false,false,,TICKER,AIRE,0,,,,Common Stock,common_stock_name_mismatch,blocked_openfigi_name_mismatch,"OpenFIGI returned Common Stock results, but none matched the official issuer name.",leave_blank_until_official_sector,leave_blank_until_official_identifier
LSE::ALF,ALF,LSE,ALTERNATIVE LIQUIDITY FUND LIMITED,ALF.L,Alternative Liquidity Fund Limited,,ALF,ALTERNATIVE LIQUIDITY FUND LIMITED,GG00BYRGPD65,lse_price_explorer,,Stock,true,false,,ID_ISIN,GG00BYRGPD65,0,,,,,no_common_stock,blocked_reconciliation_decision,"The venue reconciliation classified this row as a conflict, name signal, or existing other asset type.",leave_blank_until_official_sector,use_official_reference
LSE::ARBB,ARBB,LSE,ARBUTHNOT BANKING GROUP PLC ORD 1P,ARBB.L,Arbuthnot Banking Group PLC,,ARBB,ARBUTHNOT BANKING GROUP PLC ORD 1P,,lse_company_reports,,Stock,false,false,,TICKER,ARBB,12,BBG000BFDJH9|BBG000FQH113|BBG000FQH7K9|BBG000FQHFB1|BBG000FQHGY4|BBG000G1YN74|BBG000K9LF00|BBG005917TT4|BBG00JN75GW1|BBG00PQ0KWC9|BBG00PQ0KWF6|BBG00QFY0545,ARBUTHNOT BANKING GROUP PLC|ARBUTHNOT BANKING GROUP PLC|ARBUTHNOT BANKING GROUP PLC|ARBUTHNOT BANKING GROUP PLC|ARBUTHNOT BANKING GROUP PLC|ARBUTHNOT BANKING GROUP PLC|ARBUTHNOT BANKING GROUP PLC|ARBUTHNOT BANKING GROUP PLC|ARBUTHNOT BANKING GROUP PLC|ARBUTHNOT BANKING GROUP PLC|ARBUTHNOT BANKING GROUP PLC|ARBUTHNOT BANKING GROUP PLC,E1|EO|EP|EU|EZ|LN|PZ|X1|XL|XV|XW|XX,Common Stock,common_stock_name_match,add_coverage_expansion,Active official Stock reference plus OpenFIGI Common Stock issuer-name match.,leave_blank_until_official_sector,leave_blank_until_official_identifier
LSE::ATR,ATR,LSE,SCHRODER ASIAN TOTAL RETURN INVESTMENT COMPANY PLC,ATR.L,Schroder Asian Total Return Inv. Company,GB0008710799,ATR,SCHRODER ASIAN TOTAL RETURN INVESTMENT COMPANY PLC,GB0008710799,lse_price_explorer,,Stock,false,false,,ID_ISIN,GB0008710799,0,,,,,no_common_stock,blocked_openfigi_no_common_stock,OpenFIGI returned no Common Stock result for the query.,leave_blank_until_official_sector,use_official_reference
LSE::BERI,BERI,LSE,BLACKROCK ENERGY AND RESOURCES INCOME TRUST PLC,BERI.L,BlackRock Energy and Resources Income Trust plc,,BERI,BLACKROCK ENERGY AND RESOURCES INCOME TRUST PLC,GB00B0N8MF98,lse_price_explorer,,Stock,false,false,,ID_ISIN,GB00B0N8MF98,0,,,,,no_common_stock,blocked_openfigi_no_common_stock,OpenFIGI returned no Common Stock result for the query.,leave_blank_until_official_sector,use_official_reference
LSE::BOOM,BOOM,LSE,AUDIOBOOM GROUP PLC,BOOM.L,Audioboom Group plc,,BOOM,AUDIOBOOM GROUP PLC,JE00BJYJFG60,lse_price_explorer,,Stock,false,false,,ID_ISIN,JE00BJYJFG60,49,BBG000GL1D96|BBG000W3F9Y4|BBG000W3FBW1|BBG000W3FC95|BBG000W3FCN9|BBG000W3FCY7|BBG000W3FD11|BBG000W3FD48|BBG000W3FD93|BBG000W3FDS2|BBG000W3FDX6|BBG000W3FF25|BBG000W3FFD3|BBG002G5D5G3|BBG00591WXH0|BBG006T7LM25|BBG006TBQWH3|BBG008GZDF63|BBG00JN7TKB9|BBG00PQ1DV19|BBG00PQ1DV37|BBG00Q6RHM18|BBG00QFYN906|BBG00Z8YBK48|BBG012PP9877|BBG012PP98N9|BBG012PP98P7|BBG0185NX7W8|BBG0185NX7X7|BBG0185NX801|BBG0186GNY81|BBG0186GNY90|BBG0186GNYC6|BBG0186GNYF3|BBG0186GNYH1|BBG0186GNYJ9|BBG0186GNYK7|BBG0186GNYL6|BBG0186GNYM5|BBG0186GNYR0|BBG0186GNYS9|BBG0186GNYV5|BBG0186GNYW4|BBG0186GNYY2|BBG0186GNZ06|BBG0186GNZ15|BBG0186GNZ24|BBG0186GNZ42|BBG0186GNZ60,AUDIOBOOM GROUP PLC|AUDIOBOOM GROUP PLC|AUDIOBOOM GROUP PLC|AUDIOBOOM GROUP PLC|AUDIOBOOM GROUP PLC|AUDIOBOOM GROUP PLC|AUDIOBOOM GROUP PLC|AUDIOBOOM GROUP PLC|AUDIOBOOM GROUP PLC|AUDIOBOOM GROUP PLC|AUDIOBOOM GROUP PLC|AUDIOBOOM GROUP PLC|AUDIOBOOM GROUP PLC|AUDIOBOOM GROUP PLC|AUDIOBOOM GROUP PLC|AUDIOBOOM GROUP PLC|AUDIOBOOM GROUP PLC|AUDIOBOOM GROUP PLC|AUDIOBOOM GROUP PLC|AUDIOBOOM GROUP PLC|AUDIOBOOM GROUP PLC|AUDIOBOOM GROUP PLC|AUDIOBOOM GROUP PLC|AUDIOBOOM GROUP PLC|AUDIOBOOM GROUP PLC|AUDIOBOOM GROUP PLC|AUDIOBOOM GROUP PLC|AUDIOBOOM GROUP PLC|AUDIOBOOM GROUP PLC|AUDIOBOOM GROUP PLC|AUDIOBOOM GROUP PLC|AUDIOBOOM GROUP PLC|AUDIOBOOM GROUP PLC|AUDIOBOOM GROUP PLC|AUDIOBOOM GROUP PLC|AUDIOBOOM GROUP PLC|AUDIOBOOM GROUP PLC|AUDIOBOOM GROUP PLC|AUDIOBOOM GROUP PLC|AUDIOBOOM GROUP PLC|AUDIOBOOM GROUP PLC|AUDIOBOOM GROUP PLC|AUDIOBOOM GROUP PLC|AUDIOBOOM GROUP PLC|AUDIOBOOM GROUP PLC|AUDIOBOOM GROUP PLC|AUDIOBOOM GROUP PLC|AUDIOBOOM GROUP PLC|AUDIOBOOM GROUP PLC,B3|E1|EO|EP|EU|EZ|GF|GR|GS|L3|LN|PO|PQ|US|UV|X1|X2|X9|XA|XE|XF|XG|XH|XJ|XL|XO|XQ|XS|XU|XV|XW|XX|XZ,Common Stock,common_stock_name_match,add_coverage_expansion,Active official Stock reference plus OpenFIGI Common Stock issuer-name match.,leave_blank_until_official_sector,use_official_reference
LSE::CHH,CHH,LSE,CHURCHILL CHINA PLC ORD 10P,CHH.L,Churchill China plc,,CHH,CHURCHILL CHINA PLC ORD 10P,,lse_company_reports,,Stock,false,false,,TICKER,CHH,11,BBG000DP42G3|BBG000Q9ZR30|BBG000Q9ZVD0|BBG000Q9ZYX2|BBG000Q9ZZ41|BBG000Q9ZZT4|BBG005919JX9|BBG00JN775R9|BBG00PPZBJB3|BBG00PPZBJD1|BBG00QFY1W36,CHURCHILL CHINA PLC|CHURCHILL CHINA PLC|CHURCHILL CHINA PLC|CHURCHILL CHINA PLC|CHURCHILL CHINA PLC|CHURCHILL CHINA PLC|CHURCHILL CHINA PLC|CHURCHILL CHINA PLC|CHURCHILL CHINA PLC|CHURCHILL CHINA PLC|CHURCHILL CHINA PLC,E1|EO|EP|EU|EZ|LN|X1|XL|XV|XW|XX,Common Stock,common_stock_name_match,add_coverage_expansion,Active official Stock reference plus OpenFIGI Common Stock issuer-name match.,leave_blank_until_official_sector,leave_blank_until_official_identifier
LSE::CRS,CRS,LSE,CRYSTAL AMBER FUND LIMITED,CRS.L,Crystal Amber Fund Limited,GG00B1Z2SL48,CRS,CRYSTAL AMBER FUND LIMITED,GG00B1Z2SL48,lse_price_explorer,,Stock,true,false,,ID_ISIN,GG00B1Z2SL48,0,,,,,no_common_stock,blocked_reconciliation_decision,"The venue reconciliation classified this row as a conflict, name signal, or existing other asset type.",leave_blank_until_official_sector,use_official_reference
LSE::CYN,CYN,LSE,CQS NATURAL RESOURCES GROWTH AND INCOME PLC,CYN.L,CQS Natural Resources G&I plc,,CYN,CQS NATURAL RESOURCES GROWTH AND INCOME PLC,GB0000353929,lse_price_explorer,,Stock,false,false,,ID_ISIN,GB0000353929,0,,,,,no_common_stock,blocked_openfigi_no_common_stock,OpenFIGI returned no Common Stock result for the query.,leave_blank_until_official_sector,use_official_reference
LSE::DISH,DISH,LSE,AMALA FOODS PLC ORD NPV,DISH.L,Amala Foods Plc,,DISH,AMALA FOODS PLC ORD NPV,,lse_company_reports,,Stock,false,false,,TICKER,DISH,1,BBG00LLMW7T9,AMALA FOODS PLC,LN,Common Stock,common_stock_name_match,add_coverage_expansion,Active official Stock reference plus OpenFIGI Common Stock issuer-name match.,leave_blank_until_official_sector,leave_blank_until_official_identifier
LSE::EML,EML,LSE,EMMERSON PLC,EML.L,Emmerson PLC,,EML,EMMERSON PLC,IM00BDHDTX83,lse_price_explorer,,Stock,false,false,,ID_ISIN,IM00BDHDTX83,49,BBG00FZKNF77|BBG00FZMZYM2|BBG00FZMZYQ8|BBG00FZMZYS6|BBG00FZMZYV2|BBG00FZMZYW1|BBG00FZMZYX0|BBG00FZMZYY9|BBG00FZMZYZ8|BBG00FZMZZ30|BBG00FZMZZ49|BBG00FZMZZ58|BBG00FZMZZ76|BBG00FZMZZ85|BBG00FZMZZ94|BBG00FZMZZC0|BBG00FZQN004|BBG00FZQN1C9|BBG00FZQN2G3|BBG00JN8LBC4|BBG00N6VJ0R4|BBG00N6VJ0S3|BBG00PPYD3J1|BBG00PPYD3L8|BBG00QFZF8Q6|BBG00RKGR681|BBG00RKGR690|BBG00V6Q8KY7|BBG00V6Q8L02|BBG00V6Q8L11|BBG00V6Q8L20|BBG00V6Q8L48|BBG00V6Q8L66|BBG00V6Q8L84|BBG00V6Q8L93|BBG00V6Q8LB0|BBG00V6Q8LC9|BBG00V6Q8LD8|BBG00V6Q8LJ2|BBG00V6Q8LK0|BBG00V6Q8LL9|BBG00V6Q8LM8|BBG00V6Q8LN7|BBG00V6Q8LQ4|BBG00V6Q8LS2|BBG00V6Q8LT1|BBG00V6Q8LV8|BBG00V6Q8LX6|BBG00V6Q8LZ4,EMMERSON PLC|EMMERSON PLC|EMMERSON PLC|EMMERSON PLC|EMMERSON PLC|EMMERSON PLC|EMMERSON PLC|EMMERSON PLC|EMMERSON PLC|EMMERSON PLC|EMMERSON PLC|EMMERSON PLC|EMMERSON PLC|EMMERSON PLC|EMMERSON PLC|EMMERSON PLC|EMMERSON PLC|EMMERSON PLC|EMMERSON PLC|EMMERSON PLC|EMMERSON PLC|EMMERSON PLC|EMMERSON PLC|EMMERSON PLC|EMMERSON PLC|EMMERSON PLC|EMMERSON PLC|EMMERSON PLC|EMMERSON PLC|EMMERSON PLC|EMMERSON PLC|EMMERSON PLC|EMMERSON PLC|EMMERSON PLC|EMMERSON PLC|EMMERSON PLC|EMMERSON PLC|EMMERSON PLC|EMMERSON PLC|EMMERSON PLC|EMMERSON PLC|EMMERSON PLC|EMMERSON PLC|EMMERSON PLC|EMMERSON PLC|EMMERSON PLC|EMMERSON PLC|EMMERSON PLC|EMMERSON PLC,B3|E1|EO|EP|EU|EZ|GF|GR|L3|LN|PO|PQ|UV|X1|X2|XA|XE|XF|XG|XH|XJ|XL|XO|XQ|XS|XT|XU|XV|XW|XX|XZ,Common Stock,common_stock_name_match,add_coverage_expansion,Active official Stock reference plus OpenFIGI Common Stock issuer-name match.,leave_blank_until_official_sector,use_official_reference
LSE::FAS,FAS,LSE,FIDELITY ASIAN VALUES PLC ORD 25P,FAS.L,Fidelity Asian Values PLC,,FAS,FIDELITY ASIAN VALUES PLC ORD 25P,,lse_company_reports,,Stock,false,false,,TICKER,FAS,0,,,,Common Stock,common_stock_name_mismatch,blocked_openfigi_name_mismatch,"OpenFIGI returned Common Stock results, but none matched the official issuer name.",leave_blank_until_official_sector,leave_blank_until_official_identifier
LSE::FOUR,FOUR,LSE,4IMPRINT GROUP PLC,FOUR.L,4imprint Group plc,,FOUR,4IMPRINT GROUP PLC,GB0006640972,lse_price_explorer,,Stock,false,false,,ID_ISIN,GB0006640972,68,BBG000C7ZNX5|BBG000F4HVP0|BBG000F4HX21|BBG000F4HXZ5|BBG000F4HZ26|BBG000FNQMD1|BBG000H4VS24|BBG000H4VT31|BBG000H4VTL1|BBG000H4VVP2|BBG000H4VXC2|BBG000H4VXR6|BBG000H4VYL0|BBG000H4W0D2|BBG000H4W104|BBG000H4W3V6|BBG000H4W4P1|BBG000H4W5G8|BBG000H4W603|BBG000H4W6C0|BBG000H4W809|BBG000HY8LD7|BBG000HY8MP2|BBG000HY8N70|BBG000HY8NQ9|BBG000HY8Q19|BBG000HY8QQ2|BBG000HY8S15|BBG000HY8SK4|BBG000HY8WT6|BBG000HY8X41|BBG000HY8Y03|BBG000HY8YW8|BBG000J72KX0|BBG000J73X52|BBG000J73XV3|BBG000JF2DS4|BBG0025C9QK4|BBG002JV2ZG9|BBG002K12490|BBG00591K7M4|BBG00591P7M9|BBG00591QJP9|BBG006T75147|BBG006TB3C64|BBG008G7ZML9|BBG00FMFG2M2|BBG00FMFG313|BBG00FMFG322|BBG00GKQTQM1|BBG00JN7GWF3|BBG00JN7LWM9|BBG00JN7N5P3|BBG00LVD4425|BBG00LVD4489|BBG00PK2BR05|BBG00PK3WXQ9|BBG00Q53T8T0|BBG00Q53WF01|BBG00Q6R5BL3|BBG00QFY9L87|BBG00QFYFLN3|BBG00QFYGX10|BBG00YJ7ZXR9|BBG018H88VW3|BBG018J1XYH9|BBG01KR1QR04|BBG01LC4X0Y6,4IMPRINT GROUP PLC|4IMPRINT GROUP PLC|4IMPRINT GROUP PLC|4IMPRINT GROUP PLC|4IMPRINT GROUP PLC|4IMPRINT GROUP PLC|4IMPRINT GROUP PLC|4IMPRINT GROUP PLC|4IMPRINT GROUP PLC|4IMPRINT GROUP PLC|4IMPRINT GROUP PLC|4IMPRINT GROUP PLC|4IMPRINT GROUP PLC|4IMPRINT GROUP PLC|4IMPRINT GROUP PLC|4IMPRINT GROUP PLC|4IMPRINT GROUP PLC|4IMPRINT GROUP PLC|4IMPRINT GROUP PLC|4IMPRINT GROUP PLC|4IMPRINT GROUP PLC|4IMPRINT GROUP PLC|4IMPRINT GROUP PLC|4IMPRINT GROUP PLC|4IMPRINT GROUP PLC|4IMPRINT GROUP PLC|4IMPRINT GROUP PLC|4IMPRINT GROUP PLC|4IMPRINT GROUP PLC|4IMPRINT GROUP PLC|4IMPRINT GROUP PLC|4IMPRINT GROUP PLC|4IMPRINT GROUP PLC|4IMPRINT GROUP PLC|4IMPRINT GROUP PLC|4IMPRINT GROUP PLC|4IMPRINT GROUP PLC|4IMPRINT GROUP PLC|4IMPRINT GROUP PLC|4IMPRINT GROUP PLC|4IMPRINT GROUP PLC|4IMPRINT GROUP PLC|4IMPRINT GROUP PLC|4IMPRINT GROUP PLC|4IMPRINT GROUP PLC|4IMPRINT GROUP PLC|4IMPRINT GROUP PLC|4IMPRINT GROUP PLC|4IMPRINT GROUP PLC|4IMPRINT GROUP PLC|4IMPRINT GROUP PLC|4IMPRINT GROUP PLC|4IMPRINT GROUP PLC|4IMPRINT GROUP PLC|4IMPRINT GROUP PLC|4IMPRINT GROUP PLC|4IMPRINT GROUP PLC|4IMPRINT GROUP PLC|4IMPRINT GROUP PLC|4IMPRINT GROUP PLC|4IMPRINT GROUP PLC|4IMPRINT GROUP PLC|4IMPRINT GROUP PLC|4IMPRINT GROUP PLC|4IMPRINT GROUP PLC|4IMPRINT GROUP PLC|4IMPRINT GROUP PLC|4IMPRINT GROUP PLC,B3|BQ|BW|E1|EB|EO|EP|EU|EZ|GD|GF|GR|GS|GZ|IX|L3|LA|LN|LU|PO|PQ|PZ|QT|QX|S1|SW|TQ|US|UV|X1|X2|X9|XA|XC|XE|XF|XG|XH|XJ|XL|XO|XS|XT|XV|XW|XX,Common Stock,common_stock_name_match,add_coverage_expansion,Active official Stock reference plus OpenFIGI Common Stock issuer-name match.,leave_blank_until_official_sector,use_official_reference
LSE::FPP,FPP,LSE,FRAGRANT PROSPERITY HOLDINGS LIMITED,FPP.L,Fragrant Prosperity Holdings Limited,,FPP,FRAGRANT PROSPERITY HOLDINGS LIMITED,VGG368811037,lse_price_explorer,,Stock,false,false,,ID_ISIN,VGG368811037,25,BBG00DR67QL0|BBG00DR86891|BBG00DR868D6|BBG00DR868G3|BBG00DR868J0|BBG00DR868K8|BBG00DR868L7|BBG00DR868M6|BBG00DR868N5|BBG00DR868S0|BBG00DR868T9|BBG00DR868V6|BBG00DR868X4|BBG00DR868Y3|BBG00DR868Z2|BBG00DR86926|BBG00DRBJ2T1|BBG00DRBJ3K8|BBG00DRBJ4R9|BBG00JN8JTK9|BBG00PPZVT29|BBG00PPZVT47|BBG00QFZCRC2|BBG01M43VXG5|BBG01M43VXL9,FRAGRANT PROSPERITY HOLDING|FRAGRANT PROSPERITY HOLDING|FRAGRANT PROSPERITY HOLDING|FRAGRANT PROSPERITY HOLDING|FRAGRANT PROSPERITY HOLDING|FRAGRANT PROSPERITY HOLDING|FRAGRANT PROSPERITY HOLDING|FRAGRANT PROSPERITY HOLDING|FRAGRANT PROSPERITY HOLDING|FRAGRANT PROSPERITY HOLDING|FRAGRANT PROSPERITY HOLDING|FRAGRANT PROSPERITY HOLDING|FRAGRANT PROSPERITY HOLDING|FRAGRANT PROSPERITY HOLDING|FRAGRANT PROSPERITY HOLDING|FRAGRANT PROSPERITY HOLDING|FRAGRANT PROSPERITY HOLDING|FRAGRANT PROSPERITY HOLDING|FRAGRANT PROSPERITY HOLDING|FRAGRANT PROSPERITY HOLDING|FRAGRANT PROSPERITY HOLDING|FRAGRANT PROSPERITY HOLDING|FRAGRANT PROSPERITY HOLDING|FRAGRANT PROSPERITY HOLDING|FRAGRANT PROSPERITY HOLDING,B3|E1|EO|EP|EU|EZ|GR|GS|L3|LN|PO|X1|XA|XE|XF|XG|XH|XJ|XL|XO|XS|XU|XV|XW|XX,Common Stock,common_stock_name_match,add_coverage_expansion,Active official Stock reference plus OpenFIGI Common Stock issuer-name match.,leave_blank_until_official_sector,use_official_reference
LSE::FSV,FSV,LSE,FIDELITY SPECIAL VALUES PLC ORD 5P,FSV.L,Fidelity Special Values PLC,,FSV,FIDELITY SPECIAL VALUES PLC ORD 5P,,lse_company_reports,,Stock,false,false,,TICKER,FSV,0,,,,Common Stock,common_stock_name_mismatch,blocked_openfigi_name_mismatch,"OpenFIGI returned Common Stock results, but none matched the official issuer name.",leave_blank_until_official_sector,leave_blank_until_official_identifier
LSE::GCL,GCL,LSE,GEIGER COUNTER LIMITED,GCL.L,Geiger Counter Limited,,GCL,GEIGER COUNTER LIMITED,GB00B15FW330,lse_price_explorer,,Stock,false,false,,ID_ISIN,GB00B15FW330,0,,,,,no_common_stock,blocked_openfigi_no_common_stock,OpenFIGI returned no Common Stock result for the query.,leave_blank_until_official_sector,use_official_reference
LSE::GEN,GEN,LSE,GENUIT GROUP PLC,GEN.L,Genuit Group plc,,GEN,GENUIT GROUP PLC,GB00BKRC5K31,lse_price_explorer,,Stock,false,false,,ID_ISIN,GB00BKRC5K31,80,BBG00662XLF6|BBG006BBGG06|BBG006BBGG33|BBG006BBGG51|BBG006BBGG79|BBG006BBGG88|BBG006BBGG97|BBG006BBGGB4|BBG006BBGGC3|BBG006BBGGH8|BBG006BBGGJ6|BBG006BBGGK4|BBG006BBGGM2|BBG006BBGGN1|BBG006BBGGQ8|BBG006BBGGS6|BBG006BL2DC3|BBG006BL2ML3|BBG006BMNK50|BBG006BMNK69|BBG006BMNK78|BBG006BMNK96|BBG006BMNKB3|BBG006KGHBD1|BBG006KGHBH7|BBG006KGHBK3|BBG006KGHBM1|BBG006KGHBN0|BBG006KGHBP8|BBG006KGHBQ7|BBG006KGHBR6|BBG006KGHBW0|BBG006KGHBX9|BBG006KGHBY8|BBG006KGHBZ7|BBG006KGHC03|BBG006KGHC12|BBG006KGHC30|BBG006KGHC58|BBG006M5FYS9|BBG006Q4JPM9|BBG006T7BYN7|BBG006TBFM32|BBG008H09R59|BBG00BLX6XN5|BBG00BLX6XR1|BBG00BLX6XT9|BBG00BLX6XW5|BBG00BLX6XX4|BBG00BLX6XY3|BBG00BLX6XZ2|BBG00BLX6Y08|BBG00BLX6Y44|BBG00BLX6Y53|BBG00BLX6Y62|BBG00BLX6Y71|BBG00BLX6Y80|BBG00BLX6Y99|BBG00BLX6YB6|BBG00BLX6YP1|BBG00C17Y384|BBG00G3C3H12|BBG00JN86KV0|BBG00JN86WT7|BBG00JN8GB58|BBG00N0VRC68|BBG00NRH82P2|BBG00PPYYV51|BBG00PPYYV79|BBG00Q6CXMB2|BBG00QFZ1FL0|BBG00QFZ1RN2|BBG00QFZ9703|BBG00RRMTLS4|BBG00RRMTLV0|BBG00YN642N2|BBG01199BCH0|BBG018H9BHW8|BBG018J2ZJN1|BBG01LCXJQW3,GENUIT GROUP PLC|GENUIT GROUP PLC|GENUIT GROUP PLC|GENUIT GROUP PLC|GENUIT GROUP PLC|GENUIT GROUP PLC|GENUIT GROUP PLC|GENUIT GROUP PLC|GENUIT GROUP PLC|GENUIT GROUP PLC|GENUIT GROUP PLC|GENUIT GROUP PLC|GENUIT GROUP PLC|GENUIT GROUP PLC|GENUIT GROUP PLC|GENUIT GROUP PLC|GENUIT GROUP PLC|GENUIT GROUP PLC|GENUIT GROUP PLC|GENUIT GROUP PLC|GENUIT GROUP PLC|GENUIT GROUP PLC|GENUIT GROUP PLC|GENUIT GROUP PLC|GENUIT GROUP PLC|GENUIT GROUP PLC|GENUIT GROUP PLC|GENUIT GROUP PLC|GENUIT GROUP PLC|GENUIT GROUP PLC|GENUIT GROUP PLC|GENUIT GROUP PLC|GENUIT GROUP PLC|GENUIT GROUP PLC|GENUIT GROUP PLC|GENUIT GROUP PLC|GENUIT GROUP PLC|GENUIT GROUP PLC|GENUIT GROUP PLC|GENUIT GROUP PLC|GENUIT GROUP PLC|GENUIT GROUP PLC|GENUIT GROUP PLC|GENUIT GROUP PLC|GENUIT GROUP PLC|GENUIT GROUP PLC|GENUIT GROUP PLC|GENUIT GROUP PLC|GENUIT GROUP PLC|GENUIT GROUP PLC|GENUIT GROUP PLC|GENUIT GROUP PLC|GENUIT GROUP PLC|GENUIT GROUP PLC|GENUIT GROUP PLC|GENUIT GROUP PLC|GENUIT GROUP PLC|GENUIT GROUP PLC|GENUIT GROUP PLC|GENUIT GROUP PLC|GENUIT GROUP PLC|GENUIT GROUP PLC|GENUIT GROUP PLC|GENUIT GROUP PLC|GENUIT GROUP PLC|GENUIT GROUP PLC|GENUIT GROUP PLC|GENUIT GROUP PLC|GENUIT GROUP PLC|GENUIT GROUP PLC|GENUIT GROUP PLC|GENUIT GROUP PLC|GENUIT GROUP PLC|GENUIT GROUP PLC|GENUIT GROUP PLC|GENUIT GROUP PLC|GENUIT GROUP PLC|GENUIT GROUP PLC|GENUIT GROUP PLC|GENUIT GROUP PLC,B3|BQ|E1|EB|EO|EP|EU|EZ|GD|GF|GM|GR|GS|GZ|IX|L3|LA|LN|LU|PO|QT|QX|S1|T2|TQ|WT|X1|X2|X9|XA|XE|XF|XG|XH|XJ|XL|XO|XS|XT|XU|XV|XW|XX,Common Stock,common_stock_name_match,add_coverage_expansion,Active official Stock reference plus OpenFIGI Common Stock issuer-name match.,leave_blank_until_official_sector,use_official_reference
LSE::GRID,GRID,LSE,GRESHAM HOUSE ENERGY STORAGE FUND PLC,GRID.L,Gresham House Energy Storage Fund PLC,IE000J80JTL1,GRID,GRESHAM HOUSE ENERGY STORAGE FUND PLC,GB00BFX3K770,lse_price_explorer,,Stock,true,false,,ID_ISIN,GB00BFX3K770,0,,,,,no_common_stock,blocked_reconciliation_decision,"The venue reconciliation classified this row as a conflict, name signal, or existing other asset type.",leave_blank_until_official_sector,use_official_reference
LSE::IGC,IGC,LSE,INDIA CAPITAL GROWTH FUND LIMITED,IGC.L,India Capital Growth Fund Ltd,,IGC,INDIA CAPITAL GROWTH FUND LIMITED,GB00B0P8RJ60,lse_price_explorer,,Stock,true,false,,ID_ISIN,GB00B0P8RJ60,0,,,,,no_common_stock,blocked_reconciliation_decision,"The venue reconciliation classified this row as a conflict, name signal, or existing other asset type.",leave_blank_until_official_sector,use_official_reference
LSE::IGE,IGE,LSE,IMAGE SCAN HOLDINGS PLC ORD 1P,IGE.L,Image Scan Holdings Plc,,IGE,IMAGE SCAN HOLDINGS PLC ORD 1P,,lse_company_reports,,Stock,false,false,,TICKER,IGE,1,BBG000MV4RM8,IMAGE SCAN HOLDINGS PLC,LN,Common Stock,common_stock_name_match,add_coverage_expansion,Active official Stock reference plus OpenFIGI Common Stock issuer-name match.,leave_blank_until_official_sector,leave_blank_until_official_identifier
LSE::JADE,JADE,LSE,JADE ROAD INVESTMENTS LD ORD NPV (DI),JADE.L,Jade Road Investments Limited,,JADE,JADE ROAD INVESTMENTS LD ORD NPV (DI),,lse_company_reports,,Stock,false,false,,TICKER,JADE,0,,,,Common Stock,common_stock_name_mismatch,blocked_openfigi_name_mismatch,"OpenFIGI returned Common Stock results, but none matched the official issuer name.",leave_blank_until_official_sector,leave_blank_until_official_identifier
LSE::KOD,KOD,LSE,KODAL MINERALS PLC ORD 0.03125P,KOD.L,Kodal Minerals Plc,,KOD,KODAL MINERALS PLC ORD 0.03125P,,lse_company_reports,,Stock,false,false,,TICKER,KOD,1,BBG005PDGT47,KODAL MINERALS PLC,LN,Common Stock,common_stock_name_match,add_coverage_expansion,Active official Stock reference plus OpenFIGI Common Stock issuer-name match.,leave_blank_until_official_sector,leave_blank_until_official_identifier
LSE::LIT,LIT,LSE,LITIGATION CAPITAL MANAGEMENT LTD ORD NPV (DI),LIT.L,Litigation Capital Management Limited,,LIT,LITIGATION CAPITAL MANAGEMENT LTD ORD NPV (DI),,lse_company_reports,,Stock,false,false,,TICKER,LIT,1,BBG00MTBB342,LITIGATION CAPITAL MANAGEMEN,LN,Common Stock,common_stock_name_match,add_coverage_expansion,Active official Stock reference plus OpenFIGI Common Stock issuer-name match.,leave_blank_until_official_sector,leave_blank_until_official_identifier
LSE::MIND,MIND,LSE,MIND GYM PLC ORD 0.001P,MIND.L,Mind Gym plc,US6025661017,MIND,MIND GYM PLC ORD 0.001P,,lse_company_reports,,Stock,false,false,,TICKER,MIND,1,BBG00L4HN238,MIND GYM LTD,LN,Common Stock,common_stock_name_match,add_coverage_expansion,Active official Stock reference plus OpenFIGI Common Stock issuer-name match.,leave_blank_until_official_sector,leave_blank_until_official_identifier
LSE::MPL,MPL,LSE,MERCANTILE PORTS & LOGISTICS LTD ORD NPV,MPL.L,Mercantile Ports & Logistics Limited,,MPL,MERCANTILE PORTS & LOGISTICS LTD ORD NPV,,lse_company_reports,,Stock,false,false,,TICKER,MPL,2,BBG0016V5QJ9|BBG001746NX8,MERCANTILE PORTS AND LOGISTI|MERCANTILE PORTS AND LOGISTI,LN|PZ,Common Stock,common_stock_name_match,add_coverage_expansion,Active official Stock reference plus OpenFIGI Common Stock issuer-name match.,leave_blank_until_official_sector,leave_blank_until_official_identifier
LSE::ORR,ORR,LSE,ORIOLE RESOURCES PLC ORD 0.1P,ORR.L,Oriole Resources PLC,,ORR,ORIOLE RESOURCES PLC ORD 0.1P,,lse_company_reports,,Stock,false,false,,TICKER,ORR,1,BBG000CLQ7N0,ORIOLE RESOURCES PLC,LN,Common Stock,common_stock_name_match,add_coverage_expansion,Active official Stock reference plus OpenFIGI Common Stock issuer-name match.,leave_blank_until_official_sector,leave_blank_until_official_identifier
LSE::PAC,PAC,LSE,PACIFIC ASSETS TRUST PLC,PAC.L,Pacific Assets Trust,,PAC,PACIFIC ASSETS TRUST PLC,GB0006674385,lse_price_explorer,,Stock,true,false,,ID_ISIN,GB0006674385,0,,,,,no_common_stock,blocked_reconciliation_decision,"The venue reconciliation classified this row as a conflict, name signal, or existing other asset type.",leave_blank_until_official_sector,use_official_reference
LSE::PIN,PIN,LSE,PANTHEON INTERNATIONAL PLC,PIN.L,Pantheon International PLC,GB00BP37WF17,PIN,PANTHEON INTERNATIONAL PLC,GB00BP37WF17,lse_price_explorer,,Stock,false,false,,ID_ISIN,GB00BP37WF17,0,,,,,no_common_stock,blocked_openfigi_no_common_stock,OpenFIGI returned no Common Stock result for the query.,leave_blank_until_official_sector,use_official_reference
LSE::SAR,SAR,LSE,SAREUM HOLDINGS PLC,SAR.L,Sareum Holdings plc,,SAR,SAREUM HOLDINGS PLC,GB00BMC3RJ87,lse_price_explorer,,Stock,false,false,,ID_ISIN,GB00BMC3RJ87,28,BBG000P30406|BBG000P30503|BBG000P307C6|BBG000Q8ZXG5|BBG000RGQ3P2|BBG000RGQ620|BBG000RGQ6C9|BBG000RGQ764|BBG002JV4Z77|BBG00591B6L7|BBG006T774S3|BBG006TB6156|BBG008FJD401|BBG008FJD438|BBG008FJD456|BBG008FJD474|BBG008FJD483|BBG008FJD492|BBG008FJD4G4|BBG008FJD4K9|BBG008FJD4L8|BBG008FJD4N6|BBG008FJD4S1|BBG00PPYJL87|BBG00PPYJLB3|BBG00QFY2JR8|BBG00QFZ6FX2|BBG018J1TPL8,SAREUM HOLDINGS PLC|SAREUM HOLDINGS PLC|SAREUM HOLDINGS PLC|SAREUM HOLDINGS PLC|SAREUM HOLDINGS PLC|SAREUM HOLDINGS PLC|SAREUM HOLDINGS PLC|SAREUM HOLDINGS PLC|SAREUM HOLDINGS PLC|SAREUM HOLDINGS PLC|SAREUM HOLDINGS PLC|SAREUM HOLDINGS PLC|SAREUM HOLDINGS PLC|SAREUM HOLDINGS PLC|SAREUM HOLDINGS PLC|SAREUM HOLDINGS PLC|SAREUM HOLDINGS PLC|SAREUM HOLDINGS PLC|SAREUM HOLDINGS PLC|SAREUM HOLDINGS PLC|SAREUM HOLDINGS PLC|SAREUM HOLDINGS PLC|SAREUM HOLDINGS PLC|SAREUM HOLDINGS PLC|SAREUM HOLDINGS PLC|SAREUM HOLDINGS PLC|SAREUM HOLDINGS PLC|SAREUM HOLDINGS PLC,B3|EP|EU|EZ|GF|GR|GS|L3|LN|LU|PO|X1|XA|XE|XF|XG|XH|XL|XO|XT|XU|XV|XW,Common Stock,common_stock_name_match,add_coverage_expansion,Active official Stock reference plus OpenFIGI Common Stock issuer-name match.,leave_blank_until_official_sector,use_official_reference
LSE::SBSI,SBSI,LSE,SCHRODER BSC SOCIAL IMPACT TRST PLC ORD 1P,SBSI.L,Schroder BSC Social Impact Trust PLC,,SBSI,SCHRODER BSC SOCIAL IMPACT TRST PLC ORD 1P,,lse_company_reports,,Stock,false,false,,TICKER,SBSI,1,BBG00Y9YKB40,SCHRODER BSC SOCIAL IMPACT T,LN,Common Stock,common_stock_name_match,add_coverage_expansion,Active official Stock reference plus OpenFIGI Common Stock issuer-name match.,leave_blank_until_official_sector,leave_blank_until_official_identifier
LSE::SDP,SDP,LSE,SCHRODER ASIAPACIFIC FUND PLC,SDP.L,Schroder AsiaPacific Fund plc,,SDP,SCHRODER ASIAPACIFIC FUND PLC,GB0007918872,lse_price_explorer,,Stock,true,false,,ID_ISIN,GB0007918872,0,,,,,no_common_stock,blocked_reconciliation_decision,"The venue reconciliation classified this row as a conflict, name signal, or existing other asset type.",leave_blank_until_official_sector,use_official_reference
LSE::SHIP,SHIP,LSE,TUFTON ASSETS LIMITED,SHIP.L,Tufton Oceanic Assets Limited,,SHIP,TUFTON ASSETS LIMITED,GG00BSFVPB94,lse_price_explorer,,Stock,false,false,,ID_ISIN,GG00BSFVPB94,0,,,,,no_common_stock,blocked_openfigi_no_common_stock,OpenFIGI returned no Common Stock result for the query.,leave_blank_until_official_sector,use_official_reference
LSE::SOS,SOS,LSE,SOSANDAR PLC,SOS.L,Sosandar Plc,,SOS,SOSANDAR PLC,GB00BDGS8G04,lse_price_explorer,,Stock,false,false,,ID_ISIN,GB00BDGS8G04,36,BBG000DMZPF6|BBG000GZVG68|BBG000GZVGV0|BBG000GZVJY1|BBG000QMZBJ9|BBG000QMZGH0|BBG000QMZK09|BBG000QMZK63|BBG000QMZKK7|BBG000QMZL98|BBG002JV66H8|BBG00591B030|BBG006T77BR8|BBG006TB6FV6|BBG008FJNL02|BBG008FJNL93|BBG008FJNLH4|BBG008FJNLR3|BBG008FJNLV8|BBG008FJNLY5|BBG008FJNM19|BBG008FJNM46|BBG008FJNMH2|BBG008FJNML7|BBG008FJNMP3|BBG008FJNMS0|BBG008FJNMW5|BBG008FJNMZ2|BBG008FJNN53|BBG008FJNPX7|BBG00JN77MX5|BBG00JN8CNJ1|BBG00PPYG0Y7|BBG00PPYG102|BBG00QFY2B86|BBG00QFZ6JW5,SOSANDAR PLC|SOSANDAR PLC|SOSANDAR PLC|SOSANDAR PLC|SOSANDAR PLC|SOSANDAR PLC|SOSANDAR PLC|SOSANDAR PLC|SOSANDAR PLC|SOSANDAR PLC|SOSANDAR PLC|SOSANDAR PLC|SOSANDAR PLC|SOSANDAR PLC|SOSANDAR PLC|SOSANDAR PLC|SOSANDAR PLC|SOSANDAR PLC|SOSANDAR PLC|SOSANDAR PLC|SOSANDAR PLC|SOSANDAR PLC|SOSANDAR PLC|SOSANDAR PLC|SOSANDAR PLC|SOSANDAR PLC|SOSANDAR PLC|SOSANDAR PLC|SOSANDAR PLC|SOSANDAR PLC|SOSANDAR PLC|SOSANDAR PLC|SOSANDAR PLC|SOSANDAR PLC|SOSANDAR PLC|SOSANDAR PLC,B3|E1|EO|EP|EU|EZ|GF|GR|GS|L3|LN|PO|X1|XA|XE|XF|XG|XH|XJ|XL|XO|XS|XT|XU|XV|XW|XX,Common Stock,common_stock_name_match,add_coverage_expansion,Active official Stock reference plus OpenFIGI Common Stock issuer-name match.,leave_blank_until_official_sector,use_official_reference
LSE::SPEC,SPEC,LSE,INSPECS GROUP PLC,SPEC.L,Inspecs Group plc,,SPEC,INSPECS GROUP PLC,GB00BK6JPP03,lse_price_explorer,,Stock,false,false,,ID_ISIN,GB00BK6JPP03,49,BBG00RR1PZF7|BBG00S0G5YQ4|BBG00S0G5YS2|BBG00S0G5YT1|BBG00S0G5YV8|BBG00S0G5YX6|BBG00S0G5YZ4|BBG00S0G5Z18|BBG00S0G5Z27|BBG00S0G5Z36|BBG00S0G5Z45|BBG00S0G5Z54|BBG00S0G5Z90|BBG00S0G5ZB7|BBG00S0G5ZD5|BBG00S0G5ZF3|BBG00S0G5ZH1|BBG00S0G5ZK7|BBG00S0G5ZL6|BBG00S0G5ZM5|BBG00S0G5ZP2|BBG00S0G5ZS9|BBG00S2HJPK0|BBG00S2HJRD4|BBG00S2HJRK6|BBG00S9XB1B9|BBG00S9XB1C8|BBG00SBY76F4|BBG00SBY76G3|BBG00SBY76J0|BBG00SBY76L7|BBG00SBY76N5|BBG00SBY76P3|BBG00SBY76Q2|BBG00SBY76R1|BBG00SBY76S0|BBG00SBY76X4|BBG00SBY76Y3|BBG00SBY7708|BBG00SBY7717|BBG00SBY7735|BBG00SBY7753|BBG00SBY7762|BBG00SBY7771|BBG00SBY7799|BBG00SBY77C5|BBG01G67L9S8|BBG01G67LB67|BBG01G67LB76,INSPECS GROUP PLC|INSPECS GROUP PLC|INSPECS GROUP PLC|INSPECS GROUP PLC|INSPECS GROUP PLC|INSPECS GROUP PLC|INSPECS GROUP PLC|INSPECS GROUP PLC|INSPECS GROUP PLC|INSPECS GROUP PLC|INSPECS GROUP PLC|INSPECS GROUP PLC|INSPECS GROUP PLC|INSPECS GROUP PLC|INSPECS GROUP PLC|INSPECS GROUP PLC|INSPECS GROUP PLC|INSPECS GROUP PLC|INSPECS GROUP PLC|INSPECS GROUP PLC|INSPECS GROUP PLC|INSPECS GROUP PLC|INSPECS GROUP PLC|INSPECS GROUP PLC|INSPECS GROUP PLC|INSPECS GROUP PLC|INSPECS GROUP PLC|INSPECS GROUP PLC|INSPECS GROUP PLC|INSPECS GROUP PLC|INSPECS GROUP PLC|INSPECS GROUP PLC|INSPECS GROUP PLC|INSPECS GROUP PLC|INSPECS GROUP PLC|INSPECS GROUP PLC|INSPECS GROUP PLC|INSPECS GROUP PLC|INSPECS GROUP PLC|INSPECS GROUP PLC|INSPECS GROUP PLC|INSPECS GROUP PLC|INSPECS GROUP PLC|INSPECS GROUP PLC|INSPECS GROUP PLC|INSPECS GROUP PLC|INSPECS GROUP PLC|INSPECS GROUP PLC|INSPECS GROUP PLC,B3|E1|EP|EU|EZ|GF|GR|L3|LN|PO|PQ|US|UV|X1|X2|XA|XE|XF|XG|XH|XJ|XL|XO|XQ|XS|XU|XV|XW|XX|XZ,Common Stock,common_stock_name_match,add_coverage_expansion,Active official Stock reference plus OpenFIGI Common Stock issuer-name match.,leave_blank_until_official_sector,use_official_reference
LSE::SURE,SURE,LSE,SURE VENTURES PLC ORD GBP0.01,SURE.L,Sure Ventures plc,,SURE,SURE VENTURES PLC ORD GBP0.01,,lse_company_reports,,Stock,false,false,,TICKER,SURE,1,BBG00JB1N6J4,SURE VENTURES PLC,LN,Common Stock,common_stock_name_match,add_coverage_expansion,Active official Stock reference plus OpenFIGI Common Stock issuer-name match.,leave_blank_until_official_sector,leave_blank_until_official_identifier
LSE::TAVI,TAVI,LSE,TAVISTOCK INVESTMENTS PLC ORD 1P,TAVI.L,Tavistock Investments Plc,,TAVI,TAVISTOCK INVESTMENTS PLC ORD 1P,,lse_company_reports,,Stock,false,false,,TICKER,TAVI,11,BBG000PP54V8|BBG000RBRF66|BBG000RBRKD7|BBG000RBRNW0|BBG000RBRPG3|BBG000RD0JZ1|BBG0059197V7|BBG00JN76WR1|BBG00Q53TNW3|BBG00Q53X209|BBG00QFY1L30,TAVISTOCK INVESTMENTS PLC|TAVISTOCK INVESTMENTS PLC|TAVISTOCK INVESTMENTS PLC|TAVISTOCK INVESTMENTS PLC|TAVISTOCK INVESTMENTS PLC|TAVISTOCK INVESTMENTS PLC|TAVISTOCK INVESTMENTS PLC|TAVISTOCK INVESTMENTS PLC|TAVISTOCK INVESTMENTS PLC|TAVISTOCK INVESTMENTS PLC|TAVISTOCK INVESTMENTS PLC,E1|EO|EP|EU|EZ|LN|X1|XL|XV|XW|XX,Common Stock,common_stock_name_match,add_coverage_expansion,Active official Stock reference plus OpenFIGI Common Stock issuer-name match.,leave_blank_until_official_sector,leave_blank_until_official_identifier
LSE::TBLD,TBLD,LSE,TINYBUILD INC.,TBLD.L,"tinyBuild, Inc",,TBLD,TINYBUILD INC.,USU8884H1033,lse_price_explorer,,Stock,false,false,,ID_ISIN,USU8884H1033,48,BBG00ZDZY6N4|BBG00ZKZBPD0|BBG00ZKZBPF8|BBG00ZKZBPH6|BBG00ZKZBPK2|BBG00ZKZBPM0|BBG00ZKZBPP7|BBG00ZKZBPQ6|BBG00ZKZBPR5|BBG00ZKZBPW9|BBG00ZKZBPX8|BBG00ZKZBPY7|BBG00ZKZBPZ6|BBG00ZKZBQ02|BBG00ZKZBQ20|BBG00ZKZBQ48|BBG00ZKZBQ57|BBG00ZKZBQ66|BBG00ZKZBQ84|BBG00ZKZBQB0|BBG00ZL66P58|BBG00ZL6FWP1|BBG00ZL6GVC6|BBG00ZL6HL91|BBG00ZMDL942|BBG00ZMDL951|BBG00ZMDL988|BBG00ZMDL997|BBG00ZN9Q4M6|BBG00ZN9Q4N5|BBG00ZN9Q4Q2|BBG00ZN9Q4S0|BBG00ZN9Q4V6|BBG00ZN9Q4X4|BBG00ZN9Q4Y3|BBG00ZN9Q4Z2|BBG00ZN9Q534|BBG00ZN9Q543|BBG00ZN9Q561|BBG00ZN9Q570|BBG00ZN9Q598|BBG00ZN9Q5C4|BBG00ZN9Q5D3|BBG00ZN9Q5F1|BBG00ZN9Q5H9|BBG00ZN9Q5K5|BBG01RVXWND2|BBG01RX6M5P6,TINYBUILD INC|TINYBUILD INC|TINYBUILD INC|TINYBUILD INC|TINYBUILD INC|TINYBUILD INC|TINYBUILD INC|TINYBUILD INC|TINYBUILD INC|TINYBUILD INC|TINYBUILD INC|TINYBUILD INC|TINYBUILD INC|TINYBUILD INC|TINYBUILD INC|TINYBUILD INC|TINYBUILD INC|TINYBUILD INC|TINYBUILD INC|TINYBUILD INC|TINYBUILD INC|TINYBUILD INC|TINYBUILD INC|TINYBUILD INC|TINYBUILD INC|TINYBUILD INC|TINYBUILD INC|TINYBUILD INC|TINYBUILD INC|TINYBUILD INC|TINYBUILD INC|TINYBUILD INC|TINYBUILD INC|TINYBUILD INC|TINYBUILD INC|TINYBUILD INC|TINYBUILD INC|TINYBUILD INC|TINYBUILD INC|TINYBUILD INC|TINYBUILD INC|TINYBUILD INC|TINYBUILD INC|TINYBUILD INC|TINYBUILD INC|TINYBUILD INC|TINYBUILD INC|TINYBUILD INC,B3|E1|EP|EU|EZ|GF|GM|GR|GS|L1|L3|LN|PO|X1|X2|XA|XE|XF|XG|XH|XL|XO|XQ|XS|XT|XU|XV|XW|XX|XZ,Common Stock,common_stock_name_match,add_coverage_expansion,Active official Stock reference plus OpenFIGI Common Stock issuer-name match.,leave_blank_until_official_sector,use_official_reference
LSE::TIME,TIME,LSE,TIME FINANCE PLC ORD 10P,TIME.L,Time Finance plc,,TIME,TIME FINANCE PLC ORD 10P,,lse_company_reports,,Stock,false,false,,TICKER,TIME,1,BBG000H2KS48,TIME FINANCE PLC,LN,Common Stock,common_stock_name_match,add_coverage_expansion,Active official Stock reference plus OpenFIGI Common Stock issuer-name match.,leave_blank_until_official_sector,leave_blank_until_official_identifier
LSE::TOWN,TOWN,LSE,TOWN CENTRE SECURITIES PLC ORD 25P,TOWN.L,Town Centre Securities PLC,,TOWN,TOWN CENTRE SECURITIES PLC ORD 25P,,lse_company_reports,,Stock,false,false,,TICKER,TOWN,0,,,,Common Stock,common_stock_name_mismatch,blocked_openfigi_name_mismatch,"OpenFIGI returned Common Stock results, but none matched the official issuer name.",leave_blank_until_official_sector,leave_blank_until_official_identifier
LSE::TRT,TRT,LSE,TRANSENSE TECHNOLOGIES PLC ORD 10P,TRT.L,Transense Technologies plc,,TRT,TRANSENSE TECHNOLOGIES PLC ORD 10P,,lse_company_reports,,Stock,false,false,,TICKER,TRT,22,BBG000DKLFR4|BBG000J9PV12|BBG000J9QZF7|BBG000J9R161|BBG000J9R2Z7|BBG000J9R3V9|BBG000J9R4J1|BBG000J9R4N6|BBG000J9R5K6|BBG000J9S972|BBG000J9S9R0|BBG000J9SB68|BBG000J9SCX6|BBG000K6QVN1|BBG000QPBH96|BBG002G4WBN4|BBG005917Z01|BBG00JN75M30|BBG00PPYS234|BBG00PPYS252|BBG00QFY09F5|BBG015QSX8F7,TRANSENSE TECHNOLOGIES PLC|TRANSENSE TECHNOLOGIES PLC|TRANSENSE TECHNOLOGIES PLC|TRANSENSE TECHNOLOGIES PLC|TRANSENSE TECHNOLOGIES PLC|TRANSENSE TECHNOLOGIES PLC|TRANSENSE TECHNOLOGIES PLC|TRANSENSE TECHNOLOGIES PLC|TRANSENSE TECHNOLOGIES PLC|TRANSENSE TECHNOLOGIES PLC|TRANSENSE TECHNOLOGIES PLC|TRANSENSE TECHNOLOGIES PLC|TRANSENSE TECHNOLOGIES PLC|TRANSENSE TECHNOLOGIES PLC|TRANSENSE TECHNOLOGIES PLC|TRANSENSE TECHNOLOGIES PLC|TRANSENSE TECHNOLOGIES PLC|TRANSENSE TECHNOLOGIES PLC|TRANSENSE TECHNOLOGIES PLC|TRANSENSE TECHNOLOGIES PLC|TRANSENSE TECHNOLOGIES PLC|TRANSENSE TECHNOLOGIES PLC,E1|EO|EP|EU|EZ|LN|PZ|X1|X9|XA|XE|XF|XG|XH|XJ|XL|XO|XS|XU|XV|XW|XX,Common Stock,common_stock_name_match,add_coverage_expansion,Active official Stock reference plus OpenFIGI Common Stock issuer-name match.,leave_blank_until_official_sector,leave_blank_until_official_identifier
LSE::TRU,TRU,LSE,TRUFIN PLC,TRU.L,TruFin plc,,TRU,TRUFIN PLC,JE00BYVWJZ03,lse_price_explorer,,Stock,false,false,,ID_ISIN,JE00BYVWJZ03,75,BBG00K08D2N3|BBG00K4YP4J0|BBG00K4YP4K8|BBG00K4YP4M6|BBG00K4YP4P3|BBG00K4YP4R1|BBG00K4YP4S0|BBG00K4YP4T9|BBG00K4YP4V6|BBG00K4YP4X4|BBG00K4YP516|BBG00K4YP525|BBG00K4YP534|BBG00K4YP552|BBG00K4YP561|BBG00K4YP570|BBG00K4YP5B5|BBG00K4YP5C4|BBG00K4YP5D3|BBG00K4YP5G0|BBG00K55PV57|BBG00K55PZ21|BBG00K55Q0L6|BBG00K6F38D0|BBG00K6F38F8|BBG00K6F38J4|BBG00K6S8P30|BBG00K6S8P49|BBG00K6S8P67|BBG00K6S8P85|BBG00K6S8PB1|BBG00K6S8PC0|BBG00K6S8PD9|BBG00K6S8PF7|BBG00K6S8PG6|BBG00K6S8PL0|BBG00K6S8PM9|BBG00K6S8PN8|BBG00K6S8PP6|BBG00K6S8PQ5|BBG00K6S8PR4|BBG00K6S8PS3|BBG00K6S8PW8|BBG00K6S8PX7|BBG00K6S8PY6|BBG00K6S8Q01|BBG00PQ0MNB8|BBG00PQ0MND6|BBG00Q6SPGP4|BBG00QFZW2K6|BBG00QFZWNF6|BBG00XLX5D61|BBG00XLX5DM3|BBG00XLX5DN2|BBG018J37BQ4|BBG01V9S3G64|BBG01V9S3G82|BBG01V9S3GC7|BBG01V9S3GF4|BBG01V9S3GJ0|BBG01V9S3GK8|BBG01V9S3GL7|BBG01V9S3GM6|BBG01V9S3GR1|BBG01V9S3GS0|BBG01V9S3GT9|BBG01V9S3GV6|BBG01V9S3GW5|BBG01V9S3GY3|BBG01V9S3GZ2|BBG01V9S3H17|BBG01V9S3H26|BBG01V9S3H35|BBG01V9S3H62|BBG01V9S3HM4,TRUFIN PLC|TRUFIN PLC|TRUFIN PLC|TRUFIN PLC|TRUFIN PLC|TRUFIN PLC|TRUFIN PLC|TRUFIN PLC|TRUFIN PLC|TRUFIN PLC|TRUFIN PLC|TRUFIN PLC|TRUFIN PLC|TRUFIN PLC|TRUFIN PLC|TRUFIN PLC|TRUFIN PLC|TRUFIN PLC|TRUFIN PLC|TRUFIN PLC|TRUFIN PLC|TRUFIN PLC|TRUFIN PLC|TRUFIN PLC|TRUFIN PLC|TRUFIN PLC|TRUFIN PLC|TRUFIN PLC|TRUFIN PLC|TRUFIN PLC|TRUFIN PLC|TRUFIN PLC|TRUFIN PLC|TRUFIN PLC|TRUFIN PLC|TRUFIN PLC|TRUFIN PLC|TRUFIN PLC|TRUFIN PLC|TRUFIN PLC|TRUFIN PLC|TRUFIN PLC|TRUFIN PLC|TRUFIN PLC|TRUFIN PLC|TRUFIN PLC|TRUFIN PLC|TRUFIN PLC|TRUFIN PLC|TRUFIN PLC|TRUFIN PLC|TRUFIN PLC|TRUFIN PLC|TRUFIN PLC|TRUFIN PLC|TRUFIN PLC|TRUFIN PLC|TRUFIN PLC|TRUFIN PLC|TRUFIN PLC|TRUFIN PLC|TRUFIN PLC|TRUFIN PLC|TRUFIN PLC|TRUFIN PLC|TRUFIN PLC|TRUFIN PLC|TRUFIN PLC|TRUFIN PLC|TRUFIN PLC|TRUFIN PLC|TRUFIN PLC|TRUFIN PLC|TRUFIN PLC|TRUFIN PLC,B3|E1|EO|EP|EU|EZ|GF|GR|GS|L3|LN|LU|PO|PQ|US|UV|X1|X2|XA|XB|XE|XF|XG|XH|XJ|XL|XO|XQ|XS|XT|XU|XV|XW|XX|XY|XZ,Common Stock,common_stock_name_match,add_coverage_expansion,Active official Stock reference plus OpenFIGI Common Stock issuer-name match.,leave_blank_until_official_sector,use_official_reference
LSE::VEL,VEL,LSE,VELOCITY COMPOSITES PLC ORD 0.25P,VEL.L,Velocity Composites plc,,VEL,VELOCITY COMPOSITES PLC ORD 0.25P,,lse_company_reports,,Stock,false,false,,TICKER,VEL,1,BBG00GQ4JL91,VELOCITY COMPOSITES PLC,LN,Common Stock,common_stock_name_match,add_coverage_expansion,Active official Stock reference plus OpenFIGI Common Stock issuer-name match.,leave_blank_until_official_sector,leave_blank_until_official_identifier
LSE::WINV,WINV,LSE,WORSLEY INVESTORS LIMITED ORD NPV,WINV.L,Worsley Investors Limited,,WINV,WORSLEY INVESTORS LIMITED ORD NPV,,lse_company_reports,,Stock,false,false,,TICKER,WINV,0,,,,Common Stock,common_stock_name_mismatch,blocked_openfigi_name_mismatch,"OpenFIGI returned Common Stock results, but none matched the official issuer name.",leave_blank_until_official_sector,leave_blank_until_official_identifier
LSE::WIX,WIX,LSE,WICKES GROUP PLC,WIX.L,Wickes Group plc,,WIX,WICKES GROUP PLC,GB00BL6C2002,lse_price_explorer,,Stock,false,false,,ID_ISIN,GB00BL6C2002,80,BBG00ZVX07Y2|BBG010H51WB4|BBG010H51XF8|BBG010H51XH6|BBG010H51XK2|BBG010H51XM0|BBG010H51XP7|BBG010H51XS4|BBG010H51XV0|BBG010H51XW9|BBG010H51XY7|BBG010H51Y20|BBG010H51Y39|BBG010H51Y57|BBG010H51Y66|BBG010H51Y84|BBG010H51YC9|BBG010H51YD8|BBG010H51YF6|BBG010H51YH4|BBG010H51YL9|BBG010JB7BX5|BBG010JB7Q99|BBG010JB7WM1|BBG010JB9405|BBG010JBXC82|BBG010L8RR35|BBG010L8S248|BBG010L911R2|BBG010L911S1|BBG010L911V7|BBG010L911Y4|BBG010L91209|BBG010MW17D2|BBG010MW17G9|BBG010MW17J6|BBG010MW17L3|BBG010MW17N1|BBG010MW17P9|BBG010MW17Q8|BBG010MW17V2|BBG010MW17W1|BBG010MW17Y9|BBG010MW17Z8|BBG010MW1813|BBG010MW1831|BBG010MW1840|BBG010MW1859|BBG010MW1877|BBG010MW1895|BBG010S1Z5D1|BBG0110446M5|BBG016DQNF31|BBG016Z2BYV1|BBG018HBTS96|BBG018J4H8Q8|BBG018XW7QW4|BBG018XW7QX3|BBG018XW7QZ1|BBG018XW7R16|BBG018XW7R43|BBG018XW7R61|BBG018XW7R70|BBG018XW7R98|BBG018XW7RC4|BBG018XW7RK5|BBG018XW7RM3|BBG018XW7RQ9|BBG018XW7RS7|BBG018XW7RT6|BBG018XW7RW2|BBG018XW7RZ9|BBG018XW7S05|BBG018XW7S23|BBG018XW7S50|BBG018XW7SC2|BBG01LCX9ZY2|BBG01PYKFM06|BBG01PYKFMF0|BBG01PYKFMG9,WICKES GROUP PLC|WICKES GROUP PLC|WICKES GROUP PLC|WICKES GROUP PLC|WICKES GROUP PLC|WICKES GROUP PLC|WICKES GROUP PLC|WICKES GROUP PLC|WICKES GROUP PLC|WICKES GROUP PLC|WICKES GROUP PLC|WICKES GROUP PLC|WICKES GROUP PLC|WICKES GROUP PLC|WICKES GROUP PLC|WICKES GROUP PLC|WICKES GROUP PLC|WICKES GROUP PLC|WICKES GROUP PLC|WICKES GROUP PLC|WICKES GROUP PLC|WICKES GROUP PLC|WICKES GROUP PLC|WICKES GROUP PLC|WICKES GROUP PLC|WICKES GROUP PLC|WICKES GROUP PLC|WICKES GROUP PLC|WICKES GROUP PLC|WICKES GROUP PLC|WICKES GROUP PLC|WICKES GROUP PLC|WICKES GROUP PLC|WICKES GROUP PLC|WICKES GROUP PLC|WICKES GROUP PLC|WICKES GROUP PLC|WICKES GROUP PLC|WICKES GROUP PLC|WICKES GROUP PLC|WICKES GROUP PLC|WICKES GROUP PLC|WICKES GROUP PLC|WICKES GROUP PLC|WICKES GROUP PLC|WICKES GROUP PLC|WICKES GROUP PLC|WICKES GROUP PLC|WICKES GROUP PLC|WICKES GROUP PLC|WICKES GROUP PLC|WICKES GROUP PLC|WICKES GROUP PLC|WICKES GROUP PLC|WICKES GROUP PLC|WICKES GROUP PLC|WICKES GROUP PLC|WICKES GROUP PLC|WICKES GROUP PLC|WICKES GROUP PLC|WICKES GROUP PLC|WICKES GROUP PLC|WICKES GROUP PLC|WICKES GROUP PLC|WICKES GROUP PLC|WICKES GROUP PLC|WICKES GROUP PLC|WICKES GROUP PLC|WICKES GROUP PLC|WICKES GROUP PLC|WICKES GROUP PLC|WICKES GROUP PLC|WICKES GROUP PLC|WICKES GROUP PLC|WICKES GROUP PLC|WICKES GROUP PLC|WICKES GROUP PLC|WICKES GROUP PLC|WICKES GROUP PLC|WICKES GROUP PLC,B3|BQ|E1|EB|EP|EU|EZ|GD|GF|GM|GR|GS|GZ|IX|L1|L3|LA|LN|LU|PO|PQ|QT|QX|S1|TQ|US|UV|X1|X2|X9|XA|XE|XF|XG|XH|XJ|XL|XO|XQ|XS|XU|XV|XW|XX|XY|XZ,Common Stock,common_stock_name_match,add_coverage_expansion,Active official Stock reference plus OpenFIGI Common Stock issuer-name match.,leave_blank_until_official_sector,use_official_reference
NASDAQ::AGAE,AGAE,NASDAQ,Allied Gaming & Entertainment Inc.,AGAE,Allied Gaming & Entertainment Inc. Common Stock,,AGAE,Allied Gaming & Entertainment Inc.,,sec_company_tickers_exchange,,Stock,false,false,,TICKER,AGAE,0,,,,,no_common_stock,blocked_openfigi_no_common_stock,OpenFIGI returned no Common Stock result for the query.,leave_blank_until_official_sector,leave_blank_until_official_identifier
NASDAQ::AMWD,AMWD,NASDAQ,AMERICAN WOODMARK CORP,AMWD,American Woodmark Corporation,US0305061097,AMWD,AMERICAN WOODMARK CORP,,sec_company_tickers_exchange,,Stock,false,false,,TICKER,AMWD,0,,,,,no_common_stock,blocked_review_drop_entry,The repository has an explicit reviewed drop entry for this ticker/venue; coverage expansion must not reintroduce it.,leave_blank_until_official_sector,leave_blank_until_official_identifier
NASDAQ::ASRT,ASRT,NASDAQ,"Assertio Holdings, Inc.",ASRT,"Assertio Holdings, Inc.",LU1953136287,ASRT,"Assertio Holdings, Inc.",,sec_company_tickers_exchange,,Stock,false,false,,TICKER,ASRT,0,,,,,no_common_stock,blocked_review_drop_entry,The repository has an explicit reviewed drop entry for this ticker/venue; coverage expansion must not reintroduce it.,leave_blank_until_official_sector,leave_blank_until_official_identifier
NASDAQ::BTM,BTM,NASDAQ,Bitcoin Depot Inc.,BTM,Bitcoin Depot Inc. Class A Common Stock,,BTM,Bitcoin Depot Inc.,,sec_company_tickers_exchange,,Stock,false,false,,TICKER,BTM,0,,,,Common Stock,common_stock_name_mismatch,blocked_review_drop_entry,The repository has an explicit reviewed drop entry for this ticker/venue; coverage expansion must not reintroduce it.,leave_blank_until_official_sector,leave_blank_until_official_identifier
NASDAQ::CDZIP,CDZIP,NASDAQ,"Cadiz, Inc. - Depositary Shares",CDZIP,Cadiz Inc. Depositary Shares,,CDZIP,"Cadiz, Inc. - Depositary Shares",,nasdaq_listed,,Stock,false,false,,TICKER,CDZIP,0,,,,,no_common_stock,blocked_openfigi_no_common_stock,OpenFIGI returned no Common Stock result for the query.,leave_blank_until_official_sector,leave_blank_until_official_identifier
NASDAQ::CPZ,CPZ,NASDAQ,Calamos Long/Short Equity & Dynamic Income Trust - Closed End Fund,CPZ,Calamos Long/Short Equity & Dynamic Income Term Trust,,CPZ,Calamos Long/Short Equity & Dynamic Income Trust - Closed End Fund,,nasdaq_listed,,Stock,true,false,,TICKER,CPZ,0,,,,,no_common_stock,blocked_review_drop_entry,The repository has an explicit reviewed drop entry for this ticker/venue; coverage expansion must not reintroduce it.,leave_blank_until_official_sector,leave_blank_until_official_identifier
NASDAQ::CTLP,CTLP,NASDAQ,"CANTALOUPE, INC.",CTLP,"Cantaloupe, Inc.",,CTLP,"CANTALOUPE, INC.",,sec_company_tickers_exchange,,Stock,false,false,,TICKER,CTLP,0,,,,,no_common_stock,blocked_review_drop_entry,The repository has an explicit reviewed drop entry for this ticker/venue; coverage expansion must not reintroduce it.,leave_blank_until_official_sector,leave_blank_until_official_identifier
NASDAQ::CVGW,CVGW,NASDAQ,CALAVO GROWERS INC,CVGW,"Calavo Growers, Inc.",,CVGW,CALAVO GROWERS INC,,sec_company_tickers_exchange,,Stock,false,false,,TICKER,CVGW,0,,,,,no_common_stock,blocked_review_drop_entry,The repository has an explicit reviewed drop entry for this ticker/venue; coverage expansion must not reintroduce it.,leave_blank_until_official_sector,leave_blank_until_official_identifier
NASDAQ::EWCZ,EWCZ,NASDAQ,"European Wax Center, Inc.",EWCZ,European Wax Center Inc. Class A Common Stock,,EWCZ,"European Wax Center, Inc.",,sec_company_tickers_exchange,,Stock,false,false,,TICKER,EWCZ,1,BBG011RWTYW5,EUROPEAN WAX CENTER INC-A,US,Common Stock,common_stock_name_match,blocked_review_drop_entry,The repository has an explicit reviewed drop entry for this ticker/venue; coverage expansion must not reintroduce it.,leave_blank_until_official_sector,leave_blank_until_official_identifier
NASDAQ::FONR,FONR,NASDAQ,FONAR CORP,FONR,FONAR Corporation,,FONR,FONAR CORP,,sec_company_tickers_exchange,,Stock,false,false,,TICKER,FONR,0,,,,,no_common_stock,blocked_review_drop_entry,The repository has an explicit reviewed drop entry for this ticker/venue; coverage expansion must not reintroduce it.,leave_blank_until_official_sector,leave_blank_until_official_identifier
NASDAQ::FUND,FUND,NASDAQ,"Sprott Focus Trust, Inc. - Closed End Fund",FUND,"Sprott Focus Trust, Inc.",,FUND,"Sprott Focus Trust, Inc. - Closed End Fund",,nasdaq_listed,,Stock,true,false,,TICKER,FUND,0,,,,,no_common_stock,blocked_review_drop_entry,The repository has an explicit reviewed drop entry for this ticker/venue; coverage expansion must not reintroduce it.,leave_blank_until_official_sector,leave_blank_until_official_identifier
NASDAQ::HOTH,HOTH,NASDAQ,"Hoth Therapeutics, Inc.",HOTH,"Hoth Therapeutics, Inc.",,HOTH,"Hoth Therapeutics, Inc.",,sec_company_tickers_exchange,,Stock,false,false,,TICKER,HOTH,0,,,,,no_common_stock,blocked_openfigi_no_common_stock,OpenFIGI returned no Common Stock result for the query.,leave_blank_until_official_sector,leave_blank_until_official_identifier
NASDAQ::IINN,IINN,NASDAQ,Inspira Technologies OXY B.H.N. Ltd,IINN,Inspira Technologies Oxy B.H.N. Ltd. Ordinary Shares,,IINN,Inspira Technologies OXY B.H.N. Ltd,,sec_company_tickers_exchange,,Stock,false,false,,TICKER,IINN,0,,,,,no_common_stock,blocked_openfigi_no_common_stock,OpenFIGI returned no Common Stock result for the query.,leave_blank_until_official_sector,leave_blank_until_official_identifier
NASDAQ::ILLR,ILLR,NASDAQ,Triller Group Inc. - Common Stock,ILLR,Triller Group Inc. Common Stock,,ILLR,Triller Group Inc. - Common Stock,,nasdaq_listed,,Stock,false,false,,TICKER,ILLR,20,BBG00P4XQ9W4|BBG00PPX0T19|BBG00PPX0T28|BBG00PPX0T46|BBG00PPX0T55|BBG00PPX0T73|BBG00PPX0T91|BBG00PPX0TB8|BBG00PPX0TC7|BBG00PPX0TH2|BBG00PPX0TL7|BBG00PPX0TM6|BBG00PPX0TN5|BBG00PPX0TP3|BBG00PPX0TQ2|BBG00X1PHMJ3|BBG00X1SY0X0|BBG01V7Z9P28|BBG01X4MLP13|BBG021BYHJC5,TRILLER GROUP INC|TRILLER GROUP INC|TRILLER GROUP INC|TRILLER GROUP INC|TRILLER GROUP INC|TRILLER GROUP INC|TRILLER GROUP INC|TRILLER GROUP INC|TRILLER GROUP INC|TRILLER GROUP INC|TRILLER GROUP INC|TRILLER GROUP INC|TRILLER GROUP INC|TRILLER GROUP INC|TRILLER GROUP INC|TRILLER GROUP INC|TRILLER GROUP INC|TRILLER GROUP INC|TRILLER GROUP INC|TRILLER GROUP INC,OC|OD|UA|UB|UC|UD|UF|UM|UN|UP|UR|US|UX|VF|VG|VJ|VK|VP|VT|VY,Common Stock,common_stock_name_match,blocked_review_drop_entry,The repository has an explicit reviewed drop entry for this ticker/venue; coverage expansion must not reintroduce it.,leave_blank_until_official_sector,leave_blank_until_official_identifier
NASDAQ::KALV,KALV,NASDAQ,"KalVista Pharmaceuticals, Inc.",KALV,"KalVista Pharmaceuticals, Inc.",US4834971032,KALV,"KalVista Pharmaceuticals, Inc.",,sec_company_tickers_exchange,,Stock,false,false,,TICKER,KALV,0,,,,,no_common_stock,blocked_review_drop_entry,The repository has an explicit reviewed drop entry for this ticker/venue; coverage expansion must not reintroduce it.,leave_blank_until_official_sector,leave_blank_until_official_identifier
NASDAQ::MNSBP,MNSBP,NASDAQ,"MainStreet Bancshares, Inc. - Depositary Shares",MNSBP,"MainStreet Bancshares, Inc.",,MNSBP,"MainStreet Bancshares, Inc. - Depositary Shares",,nasdaq_listed,,Stock,false,false,,TICKER,MNSBP,0,,,,,no_common_stock,blocked_review_drop_entry,The repository has an explicit reviewed drop entry for this ticker/venue; coverage expansion must not reintroduce it.,leave_blank_until_official_sector,leave_blank_until_official_identifier
NASDAQ::MSAI,MSAI,NASDAQ,"MultiSensor AI Holdings, Inc. - Common Stock",MSAI,"MultiSensor AI Holdings, Inc.",,MSAI,"MultiSensor AI Holdings, Inc. - Common Stock",,nasdaq_listed,,Stock,false,false,,TICKER,MSAI,22,BBG012TGHCT1|BBG013J8D9Q2|BBG013J8D9R1|BBG013J8D9T9|BBG013J8D9W5|BBG013J8D9X4|BBG013J8D9Y3|BBG013J8DB05|BBG013J8DB23|BBG013J8DB32|BBG013J8DB87|BBG013J8DBC2|BBG013J8DBD1|BBG013J8DBG8|BBG013J8DBH7|BBG013J8DBJ5|BBG013J8DBK3|BBG013J8DBL2|BBG013J8DBN0|BBG01V7ZK556|BBG01X4MV4R1|BBG021C27GG7,MULTISENSOR AI HOLDINGS INC|MULTISENSOR AI HOLDINGS INC|MULTISENSOR AI HOLDINGS INC|MULTISENSOR AI HOLDINGS INC|MULTISENSOR AI HOLDINGS INC|MULTISENSOR AI HOLDINGS INC|MULTISENSOR AI HOLDINGS INC|MULTISENSOR AI HOLDINGS INC|MULTISENSOR AI HOLDINGS INC|MULTISENSOR AI HOLDINGS INC|MULTISENSOR AI HOLDINGS INC|MULTISENSOR AI HOLDINGS INC|MULTISENSOR AI HOLDINGS INC|MULTISENSOR AI HOLDINGS INC|MULTISENSOR AI HOLDINGS INC|MULTISENSOR AI HOLDINGS INC|MULTISENSOR AI HOLDINGS INC|MULTISENSOR AI HOLDINGS INC|MULTISENSOR AI HOLDINGS INC|MULTISENSOR AI HOLDINGS INC|MULTISENSOR AI HOLDINGS INC|MULTISENSOR AI HOLDINGS INC,OC|OD|UA|UB|UC|UD|UF|UM|UN|UP|UQ|UR|US|UX|VF|VG|VJ|VK|VL|VP|VT|VY,Common Stock,common_stock_name_match,blocked_review_drop_entry,The repository has an explicit reviewed drop entry for this ticker/venue; coverage expansion must not reintroduce it.,leave_blank_until_official_sector,leave_blank_until_official_identifier
NASDAQ::MSBI,MSBI,NASDAQ,"Midland States Bancorp, Inc. - Common Stock",MSBI,"Midland States Bancorp, Inc.",,MSBI,"Midland States Bancorp, Inc. - Common Stock",,nasdaq_listed,,Stock,false,false,,TICKER,MSBI,21,BBG000G2ZK31|BBG001PH69B4|BBG001PH69C3|BBG001PH69F0|BBG001PH69G9|BBG001PH69J6|BBG001PH69L3|BBG001PH69M2|BBG001PH69T5|BBG001PH69X0|BBG001PH69Y9|BBG001PH69Z8|BBG001PH6B01|BBG001PH6B10|BBG00DJGB4N9|BBG00THGHF91|BBG00X1NM607|BBG00X1S1Q14|BBG01V7YDTN5|BBG01X4LPT22|BBG021BZ0YY3,MIDLAND STATES BANCORP INC|MIDLAND STATES BANCORP INC|MIDLAND STATES BANCORP INC|MIDLAND STATES BANCORP INC|MIDLAND STATES BANCORP INC|MIDLAND STATES BANCORP INC|MIDLAND STATES BANCORP INC|MIDLAND STATES BANCORP INC|MIDLAND STATES BANCORP INC|MIDLAND STATES BANCORP INC|MIDLAND STATES BANCORP INC|MIDLAND STATES BANCORP INC|MIDLAND STATES BANCORP INC|MIDLAND STATES BANCORP INC|MIDLAND STATES BANCORP INC|MIDLAND STATES BANCORP INC|MIDLAND STATES BANCORP INC|MIDLAND STATES BANCORP INC|MIDLAND STATES BANCORP INC|MIDLAND STATES BANCORP INC|MIDLAND STATES BANCORP INC,OC|OD|UA|UB|UC|UD|UF|UM|UN|UP|US|UW|UX|VF|VG|VJ|VK|VL|VP|VT|VY,Common Stock,common_stock_name_match,blocked_review_drop_entry,The repository has an explicit reviewed drop entry for this ticker/venue; coverage expansion must not reintroduce it.,leave_blank_until_official_sector,leave_blank_until_official_identifier
NASDAQ::NOEM,NOEM,NASDAQ,CO2 Energy Transition Corp. - Common Stock,NOEM,CO2 Energy Transition Corp. Common Stock,,NOEM,CO2 Energy Transition Corp. - Common Stock,,nasdaq_listed,,Stock,false,false,,TICKER,NOEM,20,BBG01FRF60F9|BBG01FRF60G8|BBG01FRF60H7|BBG01FRF60K3|BBG01FRF60L2|BBG01FRF60M1|BBG01FRF60N0|BBG01FRF60Q7|BBG01FRF60R6|BBG01FRF60X9|BBG01FRF6103|BBG01FRF6112|BBG01FRF6121|BBG01FRF6130|BBG01FRF6149|BBG01FRF6158|BBG01FRF6167|BBG01FRF6176|BBG01V7ZNQF6|BBG021BZL5Q2,CO2 ENERGY TRANSITION CORP|CO2 ENERGY TRANSITION CORP|CO2 ENERGY TRANSITION CORP|CO2 ENERGY TRANSITION CORP|CO2 ENERGY TRANSITION CORP|CO2 ENERGY TRANSITION CORP|CO2 ENERGY TRANSITION CORP|CO2 ENERGY TRANSITION CORP|CO2 ENERGY TRANSITION CORP|CO2 ENERGY TRANSITION CORP|CO2 ENERGY TRANSITION CORP|CO2 ENERGY TRANSITION CORP|CO2 ENERGY TRANSITION CORP|CO2 ENERGY TRANSITION CORP|CO2 ENERGY TRANSITION CORP|CO2 ENERGY TRANSITION CORP|CO2 ENERGY TRANSITION CORP|CO2 ENERGY TRANSITION CORP|CO2 ENERGY TRANSITION CORP|CO2 ENERGY TRANSITION CORP,OC|UA|UB|UC|UD|UF|UM|UN|UP|UQ|US|UX|VF|VG|VJ|VK|VL|VP|VT|VY,Common Stock,common_stock_name_match,blocked_review_drop_entry,The repository has an explicit reviewed drop entry for this ticker/venue; coverage expansion must not reintroduce it.,leave_blank_until_official_sector,leave_blank_until_official_identifier
NASDAQ::NOTV,NOTV,NASDAQ,"Inotiv, Inc.",NOTV,"Inotiv, Inc.",US45783Q1004,NOTV,"Inotiv, Inc.",,sec_company_tickers_exchange,,Stock,false,false,,TICKER,NOTV,0,,,,,no_common_stock,blocked_review_drop_entry,The repository has an explicit reviewed drop entry for this ticker/venue; coverage expansion must not reintroduce it.,leave_blank_until_official_sector,leave_blank_until_official_identifier
NASDAQ::NTWO,NTWO,NASDAQ,Newbury Street II Acquisition Corp - Class A Ordinary Shares,NTWO,Newbury Street II Acquisition Corp Class A Ordinary Shares,,NTWO,Newbury Street II Acquisition Corp - Class A Ordinary Shares,,nasdaq_listed,,Stock,false,false,,TICKER,NTWO,21,BBG01QMXCZF7|BBG01RJ2S9N9|BBG01RJ2S9P7|BBG01RJ2S9R5|BBG01RJ2S9S4|BBG01RJ2S9T3|BBG01RJ2S9V0|BBG01RJ2S9X8|BBG01RJ2S9Y7|BBG01RJ2SB36|BBG01RJ2SB63|BBG01RJ2SB72|BBG01RJ2SB81|BBG01RJ2SB90|BBG01RJ2SBB7|BBG01RJ2SBC6|BBG01RJ2SBD5|BBG01RJ2SBF3|BBG01V7ZS629|BBG01X4N25V3|BBG021C1RXC4,NEWBURY STREET II AC-CLASS A|NEWBURY STREET II AC-CLASS A|NEWBURY STREET II AC-CLASS A|NEWBURY STREET II AC-CLASS A|NEWBURY STREET II AC-CLASS A|NEWBURY STREET II AC-CLASS A|NEWBURY STREET II AC-CLASS A|NEWBURY STREET II AC-CLASS A|NEWBURY STREET II AC-CLASS A|NEWBURY STREET II AC-CLASS A|NEWBURY STREET II AC-CLASS A|NEWBURY STREET II AC-CLASS A|NEWBURY STREET II AC-CLASS A|NEWBURY STREET II AC-CLASS A|NEWBURY STREET II AC-CLASS A|NEWBURY STREET II AC-CLASS A|NEWBURY STREET II AC-CLASS A|NEWBURY STREET II AC-CLASS A|NEWBURY STREET II AC-CLASS A|NEWBURY STREET II AC-CLASS A|NEWBURY STREET II AC-CLASS A,OC|OD|UA|UB|UC|UD|UF|UM|UN|UP|UQ|US|UX|VF|VG|VJ|VK|VL|VP|VT|VY,Common Stock,common_stock_name_match,blocked_review_drop_entry,The repository has an explicit reviewed drop entry for this ticker/venue; coverage expansion must not reintroduce it.,leave_blank_until_official_sector,leave_blank_until_official_identifier
NASDAQ::OACC,OACC,NASDAQ,Oaktree Acquisition Corp. III Life Sciences - Class A Ordinary Share,OACC,Oaktree Acquisition Corp. III Life Sciences Class A Ordinary Share,,OACC,Oaktree Acquisition Corp. III Life Sciences - Class A Ordinary Share,,nasdaq_listed,,Stock,false,false,,TICKER,OACC,21,BBG00Z9CKF55|BBG00Z9CKF64|BBG00Z9CKF73|BBG00Z9CKF91|BBG00Z9CKFB8|BBG00Z9CKFC7|BBG00Z9CKFD6|BBG00Z9CKFG3|BBG00Z9CKFH2|BBG00Z9CKFN5|BBG00Z9CKFR1|BBG00Z9CKFS0|BBG00Z9CKFT9|BBG00Z9CKFV6|BBG00Z9CKFW5|BBG00Z9CKFX4|BBG00Z9CKFY3|BBG00Z9CKFZ2|BBG01V7ZGCF5|BBG01X4MRBZ1|BBG021BZKB26,OAKTREE ACQUISITION CORP I-A|OAKTREE ACQUISITION CORP I-A|OAKTREE ACQUISITION CORP I-A|OAKTREE ACQUISITION CORP I-A|OAKTREE ACQUISITION CORP I-A|OAKTREE ACQUISITION CORP I-A|OAKTREE ACQUISITION CORP I-A|OAKTREE ACQUISITION CORP I-A|OAKTREE ACQUISITION CORP I-A|OAKTREE ACQUISITION CORP I-A|OAKTREE ACQUISITION CORP I-A|OAKTREE ACQUISITION CORP I-A|OAKTREE ACQUISITION CORP I-A|OAKTREE ACQUISITION CORP I-A|OAKTREE ACQUISITION CORP I-A|OAKTREE ACQUISITION CORP I-A|OAKTREE ACQUISITION CORP I-A|OAKTREE ACQUISITION CORP I-A|OAKTREE ACQUISITION CORP I-A|OAKTREE ACQUISITION CORP I-A|OAKTREE ACQUISITION CORP I-A,OC|OD|UA|UB|UC|UD|UF|UM|UN|UP|UQ|US|UX|VF|VG|VJ|VK|VL|VP|VT|VY,Common Stock,common_stock_name_match,blocked_review_drop_entry,The repository has an explicit reviewed drop entry for this ticker/venue; coverage expansion must not reintroduce it.,leave_blank_until_official_sector,leave_blank_until_official_identifier
NASDAQ::OCCI,OCCI,NASDAQ,"OFS Credit Company, Inc.",OCCI,"OFS Credit Company, Inc.",,OCCI,"OFS Credit Company, Inc.",,sec_company_tickers_exchange,,Stock,false,false,,TICKER,OCCI,0,,,,Common Stock,common_stock_name_mismatch,blocked_review_drop_entry,The repository has an explicit reviewed drop entry for this ticker/venue; coverage expansion must not reintroduce it.,leave_blank_until_official_sector,leave_blank_until_official_identifier
NASDAQ::QQQX,QQQX,NASDAQ,Nuveen NASDAQ 100 Dynamic Overwrite Fund - Closed End Fund,QQQX,Nuveen Nasdaq 100 Dynamic Overwrite Fund,,QQQX,Nuveen NASDAQ 100 Dynamic Overwrite Fund - Closed End Fund,,nasdaq_listed,,Stock,true,false,,TICKER,QQQX,0,,,,,no_common_stock,blocked_reconciliation_decision,"The venue reconciliation classified this row as a conflict, name signal, or existing other asset type.",leave_blank_until_official_sector,leave_blank_until_official_identifier
NASDAQ::SCVL,SCVL,NASDAQ,SHOE CARNIVAL INC,SCVL,"Shoe Carnival, Inc.",,SCVL,SHOE CARNIVAL INC,,sec_company_tickers_exchange,,Stock,false,false,,TICKER,SCVL,0,,,,,no_common_stock,blocked_review_drop_entry,The repository has an explicit reviewed drop entry for this ticker/venue; coverage expansion must not reintroduce it.,leave_blank_until_official_sector,leave_blank_until_official_identifier
NASDAQ::SELX,SELX,NASDAQ,Semilux International Ltd.,SELX,Semilux International Ltd. Ordinary Shares,,SELX,Semilux International Ltd.,,sec_company_tickers_exchange,,Stock,false,false,,TICKER,SELX,0,,,,,no_common_stock,blocked_review_drop_entry,The repository has an explicit reviewed drop entry for this ticker/venue; coverage expansion must not reintroduce it.,leave_blank_until_official_sector,leave_blank_until_official_identifier
NASDAQ::SHIP,SHIP,NASDAQ,Seanergy Maritime Holdings Corp. - Common Stock,SHIP,Seanergy Maritime Holdings Corp.,,SHIP,Seanergy Maritime Holdings Corp. - Common Stock,,nasdaq_listed,,Stock,false,false,,TICKER,SHIP,21,BBG000RNPD67|BBG000RNPDX7|BBG000RNPF53|BBG000RNPFN3|BBG000RNPFS8|BBG000RNPGR7|BBG000RNPH86|BBG000RNPHJ4|BBG000RNPHP7|BBG000RNPKJ7|BBG000RNPMJ3|BBG000RNPMN8|BBG000RNPN10|BBG000RNPNF5|BBG00DJGL0Z3|BBG00THGR8B3|BBG00X1NW116|BBG00X1S9K28|BBG01V7YNQ14|BBG01X4LYPG5|BBG021BYJTW9,SEANERGY MARITIME HOLDINGS|SEANERGY MARITIME HOLDINGS|SEANERGY MARITIME HOLDINGS|SEANERGY MARITIME HOLDINGS|SEANERGY MARITIME HOLDINGS|SEANERGY MARITIME HOLDINGS|SEANERGY MARITIME HOLDINGS|SEANERGY MARITIME HOLDINGS|SEANERGY MARITIME HOLDINGS|SEANERGY MARITIME HOLDINGS|SEANERGY MARITIME HOLDINGS|SEANERGY MARITIME HOLDINGS|SEANERGY MARITIME HOLDINGS|SEANERGY MARITIME HOLDINGS|SEANERGY MARITIME HOLDINGS|SEANERGY MARITIME HOLDINGS|SEANERGY MARITIME HOLDINGS|SEANERGY MARITIME HOLDINGS|SEANERGY MARITIME HOLDINGS|SEANERGY MARITIME HOLDINGS|SEANERGY MARITIME HOLDINGS,OC|OD|UA|UB|UC|UD|UF|UM|UN|UP|UR|US|UX|VF|VG|VJ|VK|VL|VP|VT|VY,Common Stock,common_stock_name_match,blocked_review_drop_entry,The repository has an explicit reviewed drop entry for this ticker/venue; coverage expansion must not reintroduce it.,leave_blank_until_official_sector,leave_blank_until_official_identifier
NASDAQ::SNSE,SNSE,NASDAQ,"Sensei Biotherapeutics, Inc.",SNSE,"Sensei Biotherapeutics, Inc.",US81728A1088,SNSE,"Sensei Biotherapeutics, Inc.",,sec_company_tickers_exchange,,Stock,false,false,,TICKER,SNSE,0,,,,,no_common_stock,blocked_review_drop_entry,The repository has an explicit reviewed drop entry for this ticker/venue; coverage expansion must not reintroduce it.,leave_blank_until_official_sector,leave_blank_until_official_identifier
NASDAQ::SOPA,SOPA,NASDAQ,SOCIETY PASS INCORPORATED.,SOPA,Society Pass Incorporated Common Stock,,SOPA,SOCIETY PASS INCORPORATED.,,sec_company_tickers_exchange,,Stock,false,false,,TICKER,SOPA,0,,,,,no_common_stock,blocked_review_drop_entry,The repository has an explicit reviewed drop entry for this ticker/venue; coverage expansion must not reintroduce it.,leave_blank_until_official_sector,leave_blank_until_official_identifier
NASDAQ::TBLD,TBLD,NASDAQ,Thornburg Income Builder Opportunities Trust - Closed End Fund,TBLD,Thornburg Income Builder Opportunities Trust Common Stock,,TBLD,Thornburg Income Builder Opportunities Trust - Closed End Fund,,nasdaq_listed,,Stock,true,false,,TICKER,TBLD,0,,,,,no_common_stock,blocked_review_drop_entry,The repository has an explicit reviewed drop entry for this ticker/venue; coverage expansion must not reintroduce it.,leave_blank_until_official_sector,leave_blank_until_official_identifier
NYSE::ACP,ACP,NYSE,abrdn Income Credit Strategies Fund Common Shares,ACP,Aberdeen Income Credit Strategies Fund,,ACP,abrdn Income Credit Strategies Fund Common Shares,,nasdaq_other_listed,,Stock,true,false,,TICKER,ACP,0,,,,Common Stock,common_stock_name_mismatch,blocked_reconciliation_decision,"The venue reconciliation classified this row as a conflict, name signal, or existing other asset type.",leave_blank_until_official_sector,leave_blank_until_official_identifier
NYSE::ACV,ACV,NYSE,Virtus Diversified Income & Convertible Fund Common Shares of Beneficial Interest,ACV,AllianzGI Diversified Income & Convertible Fund,,ACV,Virtus Diversified Income & Convertible Fund Common Shares of Beneficial Interest,,nasdaq_other_listed,,Stock,true,false,,TICKER,ACV,0,,,,,no_common_stock,blocked_reconciliation_decision,"The venue reconciliation classified this row as a conflict, name signal, or existing other asset type.",leave_blank_until_official_sector,leave_blank_until_official_identifier
NYSE::ADX,ADX,NYSE,Adams Diversified Equity Fund Inc.,ADX,"Adams Diversified Equity Fund, Inc.",,ADX,Adams Diversified Equity Fund Inc.,,nasdaq_other_listed,,Stock,true,false,,TICKER,ADX,0,,,,,no_common_stock,blocked_reconciliation_decision,"The venue reconciliation classified this row as a conflict, name signal, or existing other asset type.",leave_blank_until_official_sector,leave_blank_until_official_identifier
NYSE::AIO,AIO,NYSE,Virtus Artificial Intelligence & Technology Opportunities Fund Common Shares of Beneficial Interest,AIO,Virtus AllianzGI Artificial Intelligence & Technology Opportunities Fund,US92838Y1001,AIO,Virtus Artificial Intelligence & Technology Opportunities Fund Common Shares of Beneficial Interest,,nasdaq_other_listed,,Stock,true,false,,TICKER,AIO,0,,,,,no_common_stock,blocked_reconciliation_decision,"The venue reconciliation classified this row as a conflict, name signal, or existing other asset type.",leave_blank_until_official_sector,leave_blank_until_official_identifier
NYSE::ASG,ASG,NYSE,"Liberty All-Star Growth Fund, Inc.",ASG,"Liberty All-Star Growth Fund, Inc.",,ASG,"Liberty All-Star Growth Fund, Inc.",,nasdaq_other_listed,,Stock,true,false,,TICKER,ASG,0,,,,,no_common_stock,blocked_reconciliation_decision,"The venue reconciliation classified this row as a conflict, name signal, or existing other asset type.",leave_blank_until_official_sector,leave_blank_until_official_identifier
NYSE::ASGI,ASGI,NYSE,abrdn Global Infrastructure Income Fund Common Shares of Beneficial Interest,ASGI,abrdn Global Infrastructure Income Fund Common Shares of Beneficial Interest,,ASGI,abrdn Global Infrastructure Income Fund Common Shares of Beneficial Interest,,nasdaq_other_listed,,Stock,true,false,,TICKER,ASGI,0,,,,,no_common_stock,blocked_reconciliation_decision,"The venue reconciliation classified this row as a conflict, name signal, or existing other asset type.",leave_blank_until_official_sector,leave_blank_until_official_identifier
NYSE::AVK,AVK,NYSE,Advent Convertible and Income Fund,AVK,Advent Convertible and Income Fund,,AVK,Advent Convertible and Income Fund,,nasdaq_other_listed,,Stock,true,false,,TICKER,AVK,0,,,,,no_common_stock,blocked_reconciliation_decision,"The venue reconciliation classified this row as a conflict, name signal, or existing other asset type.",leave_blank_until_official_sector,leave_blank_until_official_identifier
NYSE::AWP,AWP,NYSE,abrdn Global Premier Properties Fund Common Shares of Beneficial Interest,AWP,Aberdeen Global Premier Properties Fund,,AWP,abrdn Global Premier Properties Fund Common Shares of Beneficial Interest,,nasdaq_other_listed,,Stock,true,false,,TICKER,AWP,0,,,,,no_common_stock,blocked_reconciliation_decision,"The venue reconciliation classified this row as a conflict, name signal, or existing other asset type.",leave_blank_until_official_sector,leave_blank_until_official_identifier
NYSE::BBAR,BBAR,NYSE,Banco BBVA Argentina S.A. ADS,BBAR,Banco BBVA Argentina S.A.,US0589341009,BBAR,Banco BBVA Argentina S.A. ADS,,nasdaq_other_listed,,Stock,false,false,,TICKER,BBAR,2,BBG000BKWXY7|BBG000BKWYB0,BANCO BBVA ARGENTINA SA|BANCO BBVA ARGENTINA SA,AF|AR,Common Stock,common_stock_name_match,add_coverage_expansion,Active official Stock reference plus OpenFIGI Common Stock issuer-name match.,leave_blank_until_official_sector,leave_blank_until_official_identifier
NYSE::BDJ,BDJ,NYSE,Blackrock Enhanced Equity Dividend Trust,BDJ,BlackRock Enhanced Equity Dividend Trust,,BDJ,Blackrock Enhanced Equity Dividend Trust,,nasdaq_other_listed,,Stock,true,false,,TICKER,BDJ,0,,,,,no_common_stock,blocked_reconciliation_decision,"The venue reconciliation classified this row as a conflict, name signal, or existing other asset type.",leave_blank_until_official_sector,leave_blank_until_official_identifier
NYSE::BGY,BGY,NYSE,Blackrock Enhanced International Dividend Trust,BGY,BlackRock Enhanced International Dividend Trust,,BGY,Blackrock Enhanced International Dividend Trust,,nasdaq_other_listed,,Stock,true,false,,TICKER,BGY,0,,,,,no_common_stock,blocked_reconciliation_decision,"The venue reconciliation classified this row as a conflict, name signal, or existing other asset type.",leave_blank_until_official_sector,leave_blank_until_official_identifier
NYSE::BIT,BIT,NYSE,BlackRock Multi-Sector Income Trust Common Shares of Beneficial Interest,BIT,BlackRock Multi-Sector Income Trust,,BIT,BlackRock Multi-Sector Income Trust Common Shares of Beneficial Interest,,nasdaq_other_listed,,Stock,true,false,,TICKER,BIT,0,,,,,no_common_stock,blocked_review_drop_entry,The repository has an explicit reviewed drop entry for this ticker/venue; coverage expansion must not reintroduce it.,leave_blank_until_official_sector,leave_blank_until_official_identifier
NYSE::BME,BME,NYSE,Blackrock Health Sciences Trust,BME,BlackRock Health Sciences Trust,,BME,Blackrock Health Sciences Trust,,nasdaq_other_listed,,Stock,true,false,,TICKER,BME,0,,,,,no_common_stock,blocked_review_drop_entry,The repository has an explicit reviewed drop entry for this ticker/venue; coverage expansion must not reintroduce it.,leave_blank_until_official_sector,leave_blank_until_official_identifier
NYSE::BMEZ,BMEZ,NYSE,BlackRock Health Sciences Term Trust Common Shares of Beneficial Interest,BMEZ,BlackRock Health Sciences Trust,,BMEZ,BlackRock Health Sciences Term Trust Common Shares of Beneficial Interest,,nasdaq_other_listed,,Stock,true,false,,TICKER,BMEZ,0,,,,,no_common_stock,blocked_review_drop_entry,The repository has an explicit reviewed drop entry for this ticker/venue; coverage expansion must not reintroduce it.,leave_blank_until_official_sector,leave_blank_until_official_identifier
NYSE::BMN,BMN,NYSE,BlackRock 2037 Municipal Target Term Trust Common Shares of Beneficial Interest,BMN,BlackRock 2037 Municipal Target Term Trust Common Shares of Beneficial Interest,,BMN,BlackRock 2037 Municipal Target Term Trust Common Shares of Beneficial Interest,,nasdaq_other_listed,,Stock,true,false,,TICKER,BMN,0,,,,,no_common_stock,blocked_reconciliation_decision,"The venue reconciliation classified this row as a conflict, name signal, or existing other asset type.",leave_blank_until_official_sector,leave_blank_until_official_identifier
NYSE::BOE,BOE,NYSE,Blackrock Enhanced Global Dividend Trust Common Shares of Beneficial Interest,BOE,BlackRock Enhanced Global Dividend Trust,,BOE,Blackrock Enhanced Global Dividend Trust Common Shares of Beneficial Interest,,nasdaq_other_listed,,Stock,true,false,,TICKER,BOE,0,,,,,no_common_stock,blocked_reconciliation_decision,"The venue reconciliation classified this row as a conflict, name signal, or existing other asset type.",leave_blank_until_official_sector,leave_blank_until_official_identifier
NYSE::BRW,BRW,NYSE,Saba Capital Income & Opportunities Fund SBI,BRW,Saba Capital Income & Opportunities Fund SBI,,BRW,Saba Capital Income & Opportunities Fund SBI,,nasdaq_other_listed,,Stock,true,false,,TICKER,BRW,0,,,,,no_common_stock,blocked_reconciliation_decision,"The venue reconciliation classified this row as a conflict, name signal, or existing other asset type.",leave_blank_until_official_sector,leave_blank_until_official_identifier
NYSE::BTO,BTO,NYSE,John Hancock Financial Opportunities Fund Common Stock,BTO,John Hancock Financial Opportunities Fund,,BTO,John Hancock Financial Opportunities Fund Common Stock,,nasdaq_other_listed,,Stock,true,false,,TICKER,BTO,0,,,,,no_common_stock,blocked_reconciliation_decision,"The venue reconciliation classified this row as a conflict, name signal, or existing other asset type.",leave_blank_until_official_sector,leave_blank_until_official_identifier
NYSE::BUI,BUI,NYSE,"BlackRock Utility, Infrastructure & Power Opportunities Trust",BUI,"BlackRock Utilities, Infrastructure & Power Opportunities Trust",US09248D1046,BUI,"BlackRock Utility, Infrastructure & Power Opportunities Trust",,nasdaq_other_listed,,Stock,true,false,,TICKER,BUI,0,,,,,no_common_stock,blocked_review_drop_entry,The repository has an explicit reviewed drop entry for this ticker/venue; coverage expansion must not reintroduce it.,leave_blank_until_official_sector,leave_blank_until_official_identifier
NYSE::BWG,BWG,NYSE,BrandywineGLOBAL Global Income Opportunities Fund Inc.,BWG,Legg Mason BW Global Income Opportunities Fund Inc.,,BWG,BrandywineGLOBAL Global Income Opportunities Fund Inc.,,nasdaq_other_listed,,Stock,true,false,,TICKER,BWG,0,,,,,no_common_stock,blocked_reconciliation_decision,"The venue reconciliation classified this row as a conflict, name signal, or existing other asset type.",leave_blank_until_official_sector,leave_blank_until_official_identifier
NYSE::CCIF,CCIF,NYSE,Carlyle Credit Income Fund Shares of Beneficial Interest,CCIF,Carlyle Credit Income Fund Shares of Beneficial Interest,,CCIF,Carlyle Credit Income Fund Shares of Beneficial Interest,,nasdaq_other_listed,,Stock,true,false,,TICKER,CCIF,0,,,,,no_common_stock,blocked_reconciliation_decision,"The venue reconciliation classified this row as a conflict, name signal, or existing other asset type.",leave_blank_until_official_sector,leave_blank_until_official_identifier
NYSE::CEE,CEE,NYSE,"The Central and Eastern Europe Fund, Inc. (The) Common Stock",CEE,"The Central and Eastern Europe Fund, Inc.",US1534361001,CEE,"The Central and Eastern Europe Fund, Inc. (The) Common Stock",,nasdaq_other_listed,,Stock,true,false,,TICKER,CEE,0,,,,,no_common_stock,blocked_reconciliation_decision,"The venue reconciliation classified this row as a conflict, name signal, or existing other asset type.",leave_blank_until_official_sector,leave_blank_until_official_identifier
NYSE::DHF,DHF,NYSE,BNY Mellon High Yield Strategies Fund Common Stock,DHF,BNY Mellon High Yield Strategies Fund,,DHF,BNY Mellon High Yield Strategies Fund Common Stock,,nasdaq_other_listed,,Stock,true,false,,TICKER,DHF,0,,,,,no_common_stock,blocked_reconciliation_decision,"The venue reconciliation classified this row as a conflict, name signal, or existing other asset type.",leave_blank_until_official_sector,leave_blank_until_official_identifier
NYSE::DLY,DLY,NYSE,DoubleLine Yield Opportunities Fund Common Shares of Beneficial Interest,DLY,DoubleLine Yield Opportunities Fund,,DLY,DoubleLine Yield Opportunities Fund Common Shares of Beneficial Interest,,nasdaq_other_listed,,Stock,true,false,,TICKER,DLY,0,,,,,no_common_stock,blocked_reconciliation_decision,"The venue reconciliation classified this row as a conflict, name signal, or existing other asset type.",leave_blank_until_official_sector,leave_blank_until_official_identifier
NYSE::DMA,DMA,NYSE,Destra Multi-Alternative Fund Common Stock,DMA,Destra Multi-Alternative Fund Common Stock,,DMA,Destra Multi-Alternative Fund Common Stock,,nasdaq_other_listed,,Stock,true,false,,TICKER,DMA,0,,,,,no_common_stock,blocked_reconciliation_decision,"The venue reconciliation classified this row as a conflict, name signal, or existing other asset type.",leave_blank_until_official_sector,leave_blank_until_official_identifier
NYSE::DMO,DMO,NYSE,Western Asset Mortgage Opportunity Fund Inc. Common Stock,DMO,Western Asset Mortgage Opportunity Fund Inc.,,DMO,Western Asset Mortgage Opportunity Fund Inc. Common Stock,,nasdaq_other_listed,,Stock,true,false,,TICKER,DMO,0,,,,,no_common_stock,blocked_reconciliation_decision,"The venue reconciliation classified this row as a conflict, name signal, or existing other asset type.",leave_blank_until_official_sector,leave_blank_until_official_identifier
NYSE::DPG,DPG,NYSE,Duff & Phelps Utility and Infrastructure Fund Inc.,DPG,Duff & Phelps Utility and Infrastructure Fund Inc.,,DPG,Duff & Phelps Utility and Infrastructure Fund Inc.,,nasdaq_other_listed,,Stock,true,false,,TICKER,DPG,0,,,,,no_common_stock,blocked_reconciliation_decision,"The venue reconciliation classified this row as a conflict, name signal, or existing other asset type.",leave_blank_until_official_sector,leave_blank_until_official_identifier
NYSE::DSL,DSL,NYSE,DoubleLine Income Solutions Fund Common Shares of Beneficial Interests,DSL,DoubleLine Income Solutions Fund,,DSL,DoubleLine Income Solutions Fund Common Shares of Beneficial Interests,,nasdaq_other_listed,,Stock,true,false,,TICKER,DSL,0,,,,,no_common_stock,blocked_reconciliation_decision,"The venue reconciliation classified this row as a conflict, name signal, or existing other asset type.",leave_blank_until_official_sector,leave_blank_until_official_identifier
NYSE::DSU,DSU,NYSE,"Blackrock Debt Strategies Fund, Inc. Common Stock",DSU,"BlackRock Debt Strategies Fund, Inc.",,DSU,"Blackrock Debt Strategies Fund, Inc. Common Stock",,nasdaq_other_listed,,Stock,true,false,,TICKER,DSU,0,,,,,no_common_stock,blocked_reconciliation_decision,"The venue reconciliation classified this row as a conflict, name signal, or existing other asset type.",leave_blank_until_official_sector,leave_blank_until_official_identifier
NYSE::DTF,DTF,NYSE,DTF Tax-Free Income 2028 Term Fund Inc. Common Stock,DTF,DTF Tax-Free Income Inc.,,DTF,DTF Tax-Free Income 2028 Term Fund Inc. Common Stock,,nasdaq_other_listed,,Stock,true,false,,TICKER,DTF,0,,,,,no_common_stock,blocked_review_drop_entry,The repository has an explicit reviewed drop entry for this ticker/venue; coverage expansion must not reintroduce it.,leave_blank_until_official_sector,leave_blank_until_official_identifier
NYSE::DXYZ,DXYZ,NYSE,Destiny Tech100 Inc. Common Stock,DXYZ,Destiny Tech100 Inc. Common Stock,,DXYZ,Destiny Tech100 Inc. Common Stock,,nasdaq_other_listed,,Stock,false,false,,TICKER,DXYZ,0,,,,,no_common_stock,blocked_review_drop_entry,The repository has an explicit reviewed drop entry for this ticker/venue; coverage expansion must not reintroduce it.,leave_blank_until_official_sector,leave_blank_until_official_identifier
NYSE::ECAT,ECAT,NYSE,BlackRock ESG Capital Allocation Term Trust Common Shares of Beneficial Interest,ECAT,BlackRock ESG Capital Allocation Term Trust Common Shares of Beneficial Interest,,ECAT,BlackRock ESG Capital Allocation Term Trust Common Shares of Beneficial Interest,,nasdaq_other_listed,,Stock,true,false,,TICKER,ECAT,0,,,,,no_common_stock,blocked_review_drop_entry,The repository has an explicit reviewed drop entry for this ticker/venue; coverage expansion must not reintroduce it.,leave_blank_until_official_sector,leave_blank_until_official_identifier
NYSE::ECC,ECC,NYSE,Eagle Point Credit Company Common Share of Beneficial Interest,ECC,Eagle Point Credit Company Inc.,,ECC,Eagle Point Credit Company Common Share of Beneficial Interest,,nasdaq_other_listed,,Stock,false,false,,TICKER,ECC,0,,,,Common Stock,common_stock_name_mismatch,blocked_review_drop_entry,The repository has an explicit reviewed drop entry for this ticker/venue; coverage expansion must not reintroduce it.,leave_blank_until_official_sector,leave_blank_until_official_identifier
NYSE::EEA,EEA,NYSE,"The European Equity Fund, Inc. Common Stock",EEA,"The European Equity Fund, Inc.",,EEA,"The European Equity Fund, Inc. Common Stock",,nasdaq_other_listed,,Stock,true,false,,TICKER,EEA,0,,,,,no_common_stock,blocked_reconciliation_decision,"The venue reconciliation classified this row as a conflict, name signal, or existing other asset type.",leave_blank_until_official_sector,leave_blank_until_official_identifier
NYSE::EFT,EFT,NYSE,Eaton Vance Floating Rate Income Trust Common Shares of Beneficial Interest,EFT,Eaton Vance Floating-Rate Income Trust,US87874R1005,EFT,Eaton Vance Floating Rate Income Trust Common Shares of Beneficial Interest,,nasdaq_other_listed,,Stock,true,false,,TICKER,EFT,0,,,,,no_common_stock,blocked_review_drop_entry,The repository has an explicit reviewed drop entry for this ticker/venue; coverage expansion must not reintroduce it.,leave_blank_until_official_sector,leave_blank_until_official_identifier
NYSE::EIC,EIC,NYSE,Eagle Point Income Company Inc. Common Stock,EIC,Eagle Point Income Company Inc.,,EIC,Eagle Point Income Company Inc. Common Stock,,nasdaq_other_listed,,Stock,false,false,,TICKER,EIC,0,,,,Common Stock,common_stock_name_mismatch,blocked_review_drop_entry,The repository has an explicit reviewed drop entry for this ticker/venue; coverage expansion must not reintroduce it.,leave_blank_until_official_sector,leave_blank_until_official_identifier
NYSE::EMF,EMF,NYSE,Templeton Emerging Markets Fund Common Stock,EMF,Templeton Emerging Markets Fund,,EMF,Templeton Emerging Markets Fund Common Stock,,nasdaq_other_listed,,Stock,true,false,,TICKER,EMF,0,,,,,no_common_stock,blocked_reconciliation_decision,"The venue reconciliation classified this row as a conflict, name signal, or existing other asset type.",leave_blank_until_official_sector,leave_blank_until_official_identifier
NYSE::EOI,EOI,NYSE,Eaton Vance Enhance Equity Income Fund Eaton Vance Enhanced Equity Income Fund Shares of Beneficial Interest,EOI,Eaton Vance Enhanced Equity Income Fund,,EOI,Eaton Vance Enhance Equity Income Fund Eaton Vance Enhanced Equity Income Fund Shares of Beneficial Interest,,nasdaq_other_listed,,Stock,true,false,,TICKER,EOI,0,,,,,no_common_stock,blocked_reconciliation_decision,"The venue reconciliation classified this row as a conflict, name signal, or existing other asset type.",leave_blank_until_official_sector,leave_blank_until_official_identifier
NYSE::EOS,EOS,NYSE,Eaton Vance Enhance Equity Income Fund II Common Stock,EOS,Eaton Vance Enhanced Equity Income Fund,,EOS,Eaton Vance Enhance Equity Income Fund II Common Stock,,nasdaq_other_listed,,Stock,true,false,,TICKER,EOS,0,,,,,no_common_stock,blocked_reconciliation_decision,"The venue reconciliation classified this row as a conflict, name signal, or existing other asset type.",leave_blank_until_official_sector,leave_blank_until_official_identifier
NYSE::EOT,EOT,NYSE,Eaton Vance Municipal Income Trust EATON VANCE NATIONAL MUNICIPAL OPPORTUNITIES TRUST,EOT,Eaton Vance National Municipal Opportunities Trust,US27829L1052,EOT,Eaton Vance Municipal Income Trust EATON VANCE NATIONAL MUNICIPAL OPPORTUNITIES TRUST,,nasdaq_other_listed,,Stock,true,false,,TICKER,EOT,0,,,,,no_common_stock,blocked_review_drop_entry,The repository has an explicit reviewed drop entry for this ticker/venue; coverage expansion must not reintroduce it.,leave_blank_until_official_sector,leave_blank_until_official_identifier
NYSE::ETB,ETB,NYSE,Eaton Vance Tax-Managed Buy-Write Income Fund Eaton Vance Tax-Managed Buy-Write Income Fund Common Shares of Beneficial Interest,ETB,Eaton Vance Tax-Managed Buy-Write Income Fund,,ETB,Eaton Vance Tax-Managed Buy-Write Income Fund Eaton Vance Tax-Managed Buy-Write Income Fund Common Shares of Beneficial Interest,,nasdaq_other_listed,,Stock,true,false,,TICKER,ETB,0,,,,,no_common_stock,blocked_reconciliation_decision,"The venue reconciliation classified this row as a conflict, name signal, or existing other asset type.",leave_blank_until_official_sector,leave_blank_until_official_identifier
NYSE::ETG,ETG,NYSE,Eaton Vance Tax-Advantaged Global Dividend Income Fund Common Shares of Beneficial Interest,ETG,Eaton Vance Tax-Advantaged Global Dividend Income Fund,,ETG,Eaton Vance Tax-Advantaged Global Dividend Income Fund Common Shares of Beneficial Interest,,nasdaq_other_listed,,Stock,true,false,,TICKER,ETG,0,,,,,no_common_stock,blocked_reconciliation_decision,"The venue reconciliation classified this row as a conflict, name signal, or existing other asset type.",leave_blank_until_official_sector,leave_blank_until_official_identifier
NYSE::ETO,ETO,NYSE,Eaton Vance Tax-Advantage Global Dividend Opp Common Stock,ETO,Eaton Vance Tax-Advantaged Global Dividend Opportunities Fund,,ETO,Eaton Vance Tax-Advantage Global Dividend Opp Common Stock,,nasdaq_other_listed,,Stock,true,false,,TICKER,ETO,0,,,,,no_common_stock,blocked_reconciliation_decision,"The venue reconciliation classified this row as a conflict, name signal, or existing other asset type.",leave_blank_until_official_sector,leave_blank_until_official_identifier
NYSE::ETV,ETV,NYSE,Eaton Vance Corporation Eaton Vance Tax-Managed Buy-Write Opportunities Fund Common Shares of Beneficial Interest,ETV,Eaton Vance Tax-Managed Buy-Write Opportunities Fund,,ETV,Eaton Vance Corporation Eaton Vance Tax-Managed Buy-Write Opportunities Fund Common Shares of Beneficial Interest,,nasdaq_other_listed,,Stock,true,false,,TICKER,ETV,0,,,,,no_common_stock,blocked_reconciliation_decision,"The venue reconciliation classified this row as a conflict, name signal, or existing other asset type.",leave_blank_until_official_sector,leave_blank_until_official_identifier
NYSE::ETW,ETW,NYSE,Eaton Vance Corporation Eaton Vance Tax-Managed Global Buy-Write Opportunites Fund Common Shares of Beneficial Interest,ETW,Eaton Vance Tax-Managed Global Buy-Write Opportunities Fund,,ETW,Eaton Vance Corporation Eaton Vance Tax-Managed Global Buy-Write Opportunites Fund Common Shares of Beneficial Interest,,nasdaq_other_listed,,Stock,true,false,,TICKER,ETW,0,,,,,no_common_stock,blocked_reconciliation_decision,"The venue reconciliation classified this row as a conflict, name signal, or existing other asset type.",leave_blank_until_official_sector,leave_blank_until_official_identifier
NYSE::ETY,ETY,NYSE,"Eaton Vance Tax-Managed Diversified Equity Income Fund Common Shares of Beneficial Interest,",ETY,Eaton Vance Tax-Managed Diversified Equity Income Fund,,ETY,"Eaton Vance Tax-Managed Diversified Equity Income Fund Common Shares of Beneficial Interest,",,nasdaq_other_listed,,Stock,true,false,,TICKER,ETY,0,,,,,no_common_stock,blocked_reconciliation_decision,"The venue reconciliation classified this row as a conflict, name signal, or existing other asset type.",leave_blank_until_official_sector,leave_blank_until_official_identifier
NYSE::EVF,EVF,NYSE,Eaton Vance Senior Income Trust Common Stock,EVF,Eaton Vance Senior Income Trust,,EVF,Eaton Vance Senior Income Trust Common Stock,,nasdaq_other_listed,,Stock,true,false,,TICKER,EVF,0,,,,,no_common_stock,blocked_review_drop_entry,The repository has an explicit reviewed drop entry for this ticker/venue; coverage expansion must not reintroduce it.,leave_blank_until_official_sector,leave_blank_until_official_identifier
NYSE::EVG,EVG,NYSE,Eaton Vance Short Diversified Income Fund Eaton Vance Short Duration Diversified Income Fund Common Shares of Beneficial Interest,EVG,Eaton Vance Short Duration Diversified Income Fund,,EVG,Eaton Vance Short Diversified Income Fund Eaton Vance Short Duration Diversified Income Fund Common Shares of Beneficial Interest,,nasdaq_other_listed,,Stock,true,false,,TICKER,EVG,0,,,,,no_common_stock,blocked_reconciliation_decision,"The venue reconciliation classified this row as a conflict, name signal, or existing other asset type.",leave_blank_until_official_sector,leave_blank_until_official_identifier
NYSE::EVT,EVT,NYSE,Eaton Vance Tax Advantaged Dividend Income Fund Common Shares of Beneficial Interest,EVT,Eaton Vance Tax-Advantaged Dividend Income Fund,,EVT,Eaton Vance Tax Advantaged Dividend Income Fund Common Shares of Beneficial Interest,,nasdaq_other_listed,,Stock,true,false,,TICKER,EVT,0,,,,,no_common_stock,blocked_reconciliation_decision,"The venue reconciliation classified this row as a conflict, name signal, or existing other asset type.",leave_blank_until_official_sector,leave_blank_until_official_identifier
NYSE::EXG,EXG,NYSE,Eaton Vance Tax-Managed Global Diversified Equity Income Fund Common Shares of Beneficial Interest,EXG,Eaton Vance Tax-Managed Global Diversified Equity Income Fund,,EXG,Eaton Vance Tax-Managed Global Diversified Equity Income Fund Common Shares of Beneficial Interest,,nasdaq_other_listed,,Stock,true,false,,TICKER,EXG,0,,,,,no_common_stock,blocked_reconciliation_decision,"The venue reconciliation classified this row as a conflict, name signal, or existing other asset type.",leave_blank_until_official_sector,leave_blank_until_official_identifier
NYSE::FCT,FCT,NYSE,First Trust Senior Floating Rate Income Fund II Common Shares of Beneficial Interest,FCT,First Trust Senior Floating Rate Income Fund II,,FCT,First Trust Senior Floating Rate Income Fund II Common Shares of Beneficial Interest,,nasdaq_other_listed,,Stock,true,false,,TICKER,FCT,0,,,,,no_common_stock,blocked_reconciliation_decision,"The venue reconciliation classified this row as a conflict, name signal, or existing other asset type.",leave_blank_until_official_sector,leave_blank_until_official_identifier
NYSE::FFA,FFA,NYSE,First Trust Enhanced Equity Income Fund Common Shares of Beneficial Interest,FFA,First Trust Enhanced Equity Income Fund,,FFA,First Trust Enhanced Equity Income Fund Common Shares of Beneficial Interest,,nasdaq_other_listed,,Stock,true,false,,TICKER,FFA,0,,,,,no_common_stock,blocked_reconciliation_decision,"The venue reconciliation classified this row as a conflict, name signal, or existing other asset type.",leave_blank_until_official_sector,leave_blank_until_official_identifier
NYSE::FINS,FINS,NYSE,Angel Oak Financial Strategies Income Term Trust Common Shares of Beneficial Interest,FINS,Angel Oak Financial Strategies Income Term Trust,,FINS,Angel Oak Financial Strategies Income Term Trust Common Shares of Beneficial Interest,,nasdaq_other_listed,,Stock,true,false,,TICKER,FINS,0,,,,,no_common_stock,blocked_review_drop_entry,The repository has an explicit reviewed drop entry for this ticker/venue; coverage expansion must not reintroduce it.,leave_blank_until_official_sector,leave_blank_until_official_identifier
NYSE::FLC,FLC,NYSE,Flaherty & Crumrine Total Return Fund Inc Common Stock,FLC,Flaherty & Crumrine Total Return Fund Inc.,,FLC,Flaherty & Crumrine Total Return Fund Inc Common Stock,,nasdaq_other_listed,,Stock,true,false,,TICKER,FLC,0,,,,,no_common_stock,blocked_reconciliation_decision,"The venue reconciliation classified this row as a conflict, name signal, or existing other asset type.",leave_blank_until_official_sector,leave_blank_until_official_identifier
NYSE::FMY,FMY,NYSE,First Trust Mortgage Income Fund Common Shares of Beneficial Interest,FMY,First Trust Mortgage Income Fund,,FMY,First Trust Mortgage Income Fund Common Shares of Beneficial Interest,,nasdaq_other_listed,,Stock,true,false,,TICKER,FMY,0,,,,,no_common_stock,blocked_reconciliation_decision,"The venue reconciliation classified this row as a conflict, name signal, or existing other asset type.",leave_blank_until_official_sector,leave_blank_until_official_identifier
NYSE::FOF,FOF,NYSE,"Cohen & Steers Closed-End Opportunity Fund, Inc. Common Stock",FOF,"Cohen & Steers Closed-End Opportunity Fund, Inc.",,FOF,"Cohen & Steers Closed-End Opportunity Fund, Inc. Common Stock",,nasdaq_other_listed,,Stock,true,false,,TICKER,FOF,0,,,,,no_common_stock,blocked_reconciliation_decision,"The venue reconciliation classified this row as a conflict, name signal, or existing other asset type.",leave_blank_until_official_sector,leave_blank_until_official_identifier
NYSE::FSCO,FSCO,NYSE,FS Credit Opportunities Corp. Common Stock,FSCO,FS Credit Opportunities Corp. Common Stock,,FSCO,FS Credit Opportunities Corp. Common Stock,,nasdaq_other_listed,,Stock,false,false,,TICKER,FSCO,0,,,,,no_common_stock,blocked_review_drop_entry,The repository has an explicit reviewed drop entry for this ticker/venue; coverage expansion must not reintroduce it.,leave_blank_until_official_sector,leave_blank_until_official_identifier
NYSE::GAM,GAM,NYSE,"General American Investors, Inc. Common Stock",GAM,"General American Investors Company, Inc.",,GAM,"General American Investors, Inc. Common Stock",,nasdaq_other_listed,,Stock,false,false,,TICKER,GAM,0,,,,Common Stock,common_stock_name_mismatch,blocked_review_drop_entry,The repository has an explicit reviewed drop entry for this ticker/venue; coverage expansion must not reintroduce it.,leave_blank_until_official_sector,leave_blank_until_official_identifier
NYSE::GDO,GDO,NYSE,Western Asset Global Corporate Opportunity Fund Inc. Common Stock,GDO,Western Asset Global Corporate Defined Opportunity Fund Inc.,,GDO,Western Asset Global Corporate Opportunity Fund Inc. Common Stock,,nasdaq_other_listed,,Stock,true,false,,TICKER,GDO,0,,,,,no_common_stock,blocked_reconciliation_decision,"The venue reconciliation classified this row as a conflict, name signal, or existing other asset type.",leave_blank_until_official_sector,leave_blank_until_official_identifier
NYSE::GDV,GDV,NYSE,Gabelli Dividend & Income Trust Common Shares of Beneficial Interest,GDV,The Gabelli Dividend & Income Trust,,GDV,Gabelli Dividend & Income Trust Common Shares of Beneficial Interest,,nasdaq_other_listed,,Stock,true,false,,TICKER,GDV,0,,,,,no_common_stock,blocked_reconciliation_decision,"The venue reconciliation classified this row as a conflict, name signal, or existing other asset type.",leave_blank_until_official_sector,leave_blank_until_official_identifier
NYSE::GF,GF,NYSE,"New Germany Fund, Inc. (The) Common Stock",GF,"The New Germany Fund, Inc.",,GF,"New Germany Fund, Inc. (The) Common Stock",,nasdaq_other_listed,,Stock,true,false,,TICKER,GF,0,,,,,no_common_stock,blocked_reconciliation_decision,"The venue reconciliation classified this row as a conflict, name signal, or existing other asset type.",leave_blank_until_official_sector,leave_blank_until_official_identifier
NYSE::GGZ,GGZ,NYSE,Gabelli Global Small and Mid Cap Value Trust (The) Common Shares of Beneficial Interest,GGZ,The Gabelli Global Small and Mid Cap Value Trust,,GGZ,Gabelli Global Small and Mid Cap Value Trust (The) Common Shares of Beneficial Interest,,nasdaq_other_listed,,Stock,true,false,,TICKER,GGZ,0,,,,,no_common_stock,blocked_review_drop_entry,The repository has an explicit reviewed drop entry for this ticker/venue; coverage expansion must not reintroduce it.,leave_blank_until_official_sector,leave_blank_until_official_identifier
NYSE::GHY,GHY,NYSE,"PGIM Global High Yield Fund, Inc.",GHY,"PGIM Global High Yield Fund, Inc",,GHY,"PGIM Global High Yield Fund, Inc.",,nasdaq_other_listed,,Stock,true,false,,TICKER,GHY,0,,,,,no_common_stock,blocked_reconciliation_decision,"The venue reconciliation classified this row as a conflict, name signal, or existing other asset type.",leave_blank_until_official_sector,leave_blank_until_official_identifier
NYSE::GRX,GRX,NYSE,The Gabelli Healthcare & Wellness Trust Common Shares of Beneficial Interest,GRX,The Gabelli Healthcare & Wellness Trust,,GRX,The Gabelli Healthcare & Wellness Trust Common Shares of Beneficial Interest,,nasdaq_other_listed,,Stock,true,false,,TICKER,GRX,0,,,,,no_common_stock,blocked_review_drop_entry,The repository has an explicit reviewed drop entry for this ticker/venue; coverage expansion must not reintroduce it.,leave_blank_until_official_sector,leave_blank_until_official_identifier
NYSE::GUG,GUG,NYSE,Guggenheim Active Allocation Fund Common Shares of Beneficial Interest,GUG,Guggenheim Active Allocation Fund Common Shares of Beneficial Interest,,GUG,Guggenheim Active Allocation Fund Common Shares of Beneficial Interest,,nasdaq_other_listed,,Stock,true,false,,TICKER,GUG,0,,,,,no_common_stock,blocked_review_drop_entry,The repository has an explicit reviewed drop entry for this ticker/venue; coverage expansion must not reintroduce it.,leave_blank_until_official_sector,leave_blank_until_official_identifier
NYSE::GUT,GUT,NYSE,Gabelli Utility Trust (The) Common Stock,GUT,The Gabelli Utility Trust,,GUT,Gabelli Utility Trust (The) Common Stock,,nasdaq_other_listed,,Stock,true,false,,TICKER,GUT,0,,,,,no_common_stock,blocked_reconciliation_decision,"The venue reconciliation classified this row as a conflict, name signal, or existing other asset type.",leave_blank_until_official_sector,leave_blank_until_official_identifier
NYSE::HGLB,HGLB,NYSE,Highland Global Allocation Fund Common Stock,HGLB,Highland Global Allocation Fund,,HGLB,Highland Global Allocation Fund Common Stock,,nasdaq_other_listed,,Stock,true,false,,TICKER,HGLB,0,,,,,no_common_stock,blocked_reconciliation_decision,"The venue reconciliation classified this row as a conflict, name signal, or existing other asset type.",leave_blank_until_official_sector,leave_blank_until_official_identifier
NYSE::HIO,HIO,NYSE,"Western Asset High Income Opportunity Fund, Inc. Common Stock",HIO,Western Asset High Income Opportunity Fund Inc.,,HIO,"Western Asset High Income Opportunity Fund, Inc. Common Stock",,nasdaq_other_listed,,Stock,true,false,,TICKER,HIO,0,,,,,no_common_stock,blocked_reconciliation_decision,"The venue reconciliation classified this row as a conflict, name signal, or existing other asset type.",leave_blank_until_official_sector,leave_blank_until_official_identifier
NYSE::HQL,HQL,NYSE,abrdn Life Sciences Investors,HQL,Tekla Life Sciences Investors,,HQL,abrdn Life Sciences Investors,,sec_company_tickers_exchange,,Stock,false,false,,TICKER,HQL,0,,,,,no_common_stock,blocked_review_drop_entry,The repository has an explicit reviewed drop entry for this ticker/venue; coverage expansion must not reintroduce it.,leave_blank_until_official_sector,leave_blank_until_official_identifier
NYSE::HTD,HTD,NYSE,John Hancock Tax Advantaged Dividend Income Fund Common Shares of Beneficial Interest,HTD,John Hancock Tax-Advantaged Dividend Income Fund,,HTD,John Hancock Tax Advantaged Dividend Income Fund Common Shares of Beneficial Interest,,nasdaq_other_listed,,Stock,true,false,,TICKER,HTD,0,,,,,no_common_stock,blocked_reconciliation_decision,"The venue reconciliation classified this row as a conflict, name signal, or existing other asset type.",leave_blank_until_official_sector,leave_blank_until_official_identifier
NYSE::HYI,HYI,NYSE,Western Asset High Yield Opportunity Fund Inc. Common Stock,HYI,Western Asset High Yield Defined Opportunity Fund Inc.,,HYI,Western Asset High Yield Opportunity Fund Inc. Common Stock,,nasdaq_other_listed,,Stock,true,false,,TICKER,HYI,0,,,,,no_common_stock,blocked_reconciliation_decision,"The venue reconciliation classified this row as a conflict, name signal, or existing other asset type.",leave_blank_until_official_sector,leave_blank_until_official_identifier
NYSE::IAE,IAE,NYSE,Voya Asia Pacific High Dividend Equity Income Fund ING Asia Pacific High Dividend Equity Income Fund Common Shares of Beneficial Interest,IAE,Voya Asia Pacific High Dividend Equity Income Fund,,IAE,Voya Asia Pacific High Dividend Equity Income Fund ING Asia Pacific High Dividend Equity Income Fund Common Shares of Beneficial Interest,,nasdaq_other_listed,,Stock,true,false,,TICKER,IAE,0,,,,,no_common_stock,blocked_reconciliation_decision,"The venue reconciliation classified this row as a conflict, name signal, or existing other asset type.",leave_blank_until_official_sector,leave_blank_until_official_identifier
NYSE::IGI,IGI,NYSE,Western Asset Investment Grade Opportunity Trust Inc. Common Stock,IGI,Western Asset Investment Grade Defined Opportunity Trust Inc.,,IGI,Western Asset Investment Grade Opportunity Trust Inc. Common Stock,,nasdaq_other_listed,,Stock,true,false,,TICKER,IGI,0,,,,,no_common_stock,blocked_review_drop_entry,The repository has an explicit reviewed drop entry for this ticker/venue; coverage expansion must not reintroduce it.,leave_blank_until_official_sector,leave_blank_until_official_identifier
NYSE::IGR,IGR,NYSE,CBRE Global Real Estate Income Fund Common Shares of Beneficial Interest,IGR,CBRE Clarion Global Real Estate Income Fund,,IGR,CBRE Global Real Estate Income Fund Common Shares of Beneficial Interest,,nasdaq_other_listed,,Stock,true,false,,TICKER,IGR,0,,,,,no_common_stock,blocked_reconciliation_decision,"The venue reconciliation classified this row as a conflict, name signal, or existing other asset type.",leave_blank_until_official_sector,leave_blank_until_official_identifier
NYSE::JCE,JCE,NYSE,Nuveen Core Equity Alpha Fund Common Shares of Beneficial Interest,JCE,Nuveen Core Equity Alpha Fund,,JCE,Nuveen Core Equity Alpha Fund Common Shares of Beneficial Interest,,nasdaq_other_listed,,Stock,true,false,,TICKER,JCE,0,,,,,no_common_stock,blocked_reconciliation_decision,"The venue reconciliation classified this row as a conflict, name signal, or existing other asset type.",leave_blank_until_official_sector,leave_blank_until_official_identifier
NYSE::JFR,JFR,NYSE,Nuveen Floating Rate Income Fund Common Stock,JFR,Nuveen Floating Rate Income Fund,,JFR,Nuveen Floating Rate Income Fund Common Stock,,nasdaq_other_listed,,Stock,true,false,,TICKER,JFR,0,,,,,no_common_stock,blocked_reconciliation_decision,"The venue reconciliation classified this row as a conflict, name signal, or existing other asset type.",leave_blank_until_official_sector,leave_blank_until_official_identifier
NYSE::JMM,JMM,NYSE,Nuveen Multi-Market Income Fund (MA),JMM,Nuveen Multi-Market Income Fund,,JMM,Nuveen Multi-Market Income Fund (MA),,nasdaq_other_listed,,Stock,true,false,,TICKER,JMM,0,,,,,no_common_stock,blocked_reconciliation_decision,"The venue reconciliation classified this row as a conflict, name signal, or existing other asset type.",leave_blank_until_official_sector,leave_blank_until_official_identifier
NYSE::JOF,JOF,NYSE,Japan Smaller Capitalization Fund Inc Common Stock,JOF,"Japan Smaller Capitalization Fund, Inc.",,JOF,Japan Smaller Capitalization Fund Inc Common Stock,,nasdaq_other_listed,,Stock,true,false,,TICKER,JOF,0,,,,,no_common_stock,blocked_reconciliation_decision,"The venue reconciliation classified this row as a conflict, name signal, or existing other asset type.",leave_blank_until_official_sector,leave_blank_until_official_identifier
NYSE::JRI,JRI,NYSE,Nuveen Real Asset Income and Growth Fund Common Shares of Beneficial Interest,JRI,Nuveen Real Asset Income and Growth Fund,,JRI,Nuveen Real Asset Income and Growth Fund Common Shares of Beneficial Interest,,nasdaq_other_listed,,Stock,true,false,,TICKER,JRI,0,,,,,no_common_stock,blocked_reconciliation_decision,"The venue reconciliation classified this row as a conflict, name signal, or existing other asset type.",leave_blank_until_official_sector,leave_blank_until_official_identifier
NYSE::KF,KF,NYSE,"Korea Fund, Inc. (The) New Common Stock",KF,"The Korea Fund, Inc.",,KF,"Korea Fund, Inc. (The) New Common Stock",,nasdaq_other_listed,,Stock,true,false,,TICKER,KF,0,,,,,no_common_stock,blocked_reconciliation_decision,"The venue reconciliation classified this row as a conflict, name signal, or existing other asset type.",leave_blank_until_official_sector,leave_blank_until_official_identifier
NYSE::KIO,KIO,NYSE,KKR Income Opportunities Fund Common Shares,KIO,KKR Income Opportunities Fund,,KIO,KKR Income Opportunities Fund Common Shares,,nasdaq_other_listed,,Stock,true,false,,TICKER,KIO,0,,,,,no_common_stock,blocked_reconciliation_decision,"The venue reconciliation classified this row as a conflict, name signal, or existing other asset type.",leave_blank_until_official_sector,leave_blank_until_official_identifier
NYSE::KYN,KYN,NYSE,"Kayne Anderson Energy Infrastructure Fund, Inc.",KYN,"Kayne Anderson Energy Infrastructure Fund, Inc.",,KYN,"Kayne Anderson Energy Infrastructure Fund, Inc.",,nasdaq_other_listed,,Stock,true,false,,TICKER,KYN,0,,,,,no_common_stock,blocked_review_drop_entry,The repository has an explicit reviewed drop entry for this ticker/venue; coverage expansion must not reintroduce it.,leave_blank_until_official_sector,leave_blank_until_official_identifier
NYSE::LANV,LANV,NYSE,Lanvin Group Holdings Limited Ordinary Shares,LANV,Lanvin Group Holdings Limited Ordinary Shares,,LANV,Lanvin Group Holdings Limited Ordinary Shares,,nasdaq_other_listed,,Stock,false,false,,TICKER,LANV,21,BBG019XS5Y65|BBG01BN3RQ78|BBG01BN3RQ87|BBG01BN3RQB3|BBG01BN3RQC2|BBG01BN3RQF9|BBG01BN3RQG8|BBG01BN3RQH7|BBG01BN3RQJ5|BBG01BN3RQP8|BBG01BN3RQS5|BBG01BN3RQT4|BBG01BN3RQV1|BBG01BN3RQW0|BBG01BN3RQX9|BBG01BN3RQY8|BBG01BN3RQZ7|BBG01BN3RR03|BBG01V7ZN492|BBG01X4MY3W4|BBG021BZL289,LANVIN GROUP HOLDINGS LTD|LANVIN GROUP HOLDINGS LTD|LANVIN GROUP HOLDINGS LTD|LANVIN GROUP HOLDINGS LTD|LANVIN GROUP HOLDINGS LTD|LANVIN GROUP HOLDINGS LTD|LANVIN GROUP HOLDINGS LTD|LANVIN GROUP HOLDINGS LTD|LANVIN GROUP HOLDINGS LTD|LANVIN GROUP HOLDINGS LTD|LANVIN GROUP HOLDINGS LTD|LANVIN GROUP HOLDINGS LTD|LANVIN GROUP HOLDINGS LTD|LANVIN GROUP HOLDINGS LTD|LANVIN GROUP HOLDINGS LTD|LANVIN GROUP HOLDINGS LTD|LANVIN GROUP HOLDINGS LTD|LANVIN GROUP HOLDINGS LTD|LANVIN GROUP HOLDINGS LTD|LANVIN GROUP HOLDINGS LTD|LANVIN GROUP HOLDINGS LTD,OC|OD|UA|UB|UC|UD|UF|UM|UN|UP|US|UT|UX|VF|VG|VJ|VK|VL|VP|VT|VY,Common Stock,common_stock_name_match,blocked_review_drop_entry,The repository has an explicit reviewed drop entry for this ticker/venue; coverage expansion must not reintroduce it.,leave_blank_until_official_sector,leave_blank_until_official_identifier
NYSE::LGI,LGI,NYSE,Lazard Global Total Return and Income Fund Common Stock,LGI,"Lazard Global Total Return and Income Fund, Inc.",,LGI,Lazard Global Total Return and Income Fund Common Stock,,nasdaq_other_listed,,Stock,true,false,,TICKER,LGI,0,,,,,no_common_stock,blocked_reconciliation_decision,"The venue reconciliation classified this row as a conflict, name signal, or existing other asset type.",leave_blank_until_official_sector,leave_blank_until_official_identifier
NYSE::LOMA,LOMA,NYSE,Loma Negra Compania Industrial Argentina Sociedad Anonima ADS,LOMA,Loma Negra Compania Industrial Argentina Sociedad Anonima,US54150E1047,LOMA,Loma Negra Compania Industrial Argentina Sociedad Anonima ADS,,nasdaq_other_listed,,Stock,false,false,,TICKER,LOMA,2,BBG000BWTK46|BBG00HZ12S07,LOMA NEGRA CIA INDUSTRIAL AR|LOMA NEGRA CIA INDUSTRIAL AR,AF|AR,Common Stock,common_stock_name_match,add_coverage_expansion,Active official Stock reference plus OpenFIGI Common Stock issuer-name match.,leave_blank_until_official_sector,leave_blank_until_official_identifier
NYSE::MCI,MCI,NYSE,Barings Corporate Investors Common Stock,MCI,Barings Corporate Investors,,MCI,Barings Corporate Investors Common Stock,,nasdaq_other_listed,,Stock,false,false,,TICKER,MCI,0,,,,Common Stock,common_stock_name_mismatch,blocked_review_drop_entry,The repository has an explicit reviewed drop entry for this ticker/venue; coverage expansion must not reintroduce it.,leave_blank_until_official_sector,leave_blank_until_official_identifier
NYSE::MEGI,MEGI,NYSE,NYLI CBRE Global Infrastructure Megatrends Term Fund Common Shares,MEGI,MainStay CBRE Global Infrastructure Megatrends Fund Common Shares,,MEGI,NYLI CBRE Global Infrastructure Megatrends Term Fund Common Shares,,nasdaq_other_listed,,Stock,true,false,,TICKER,MEGI,0,,,,,no_common_stock,blocked_review_drop_entry,The repository has an explicit reviewed drop entry for this ticker/venue; coverage expansion must not reintroduce it.,leave_blank_until_official_sector,leave_blank_until_official_identifier
NYSE::MIN,MIN,NYSE,Aberdeen Intermediate Income Fund Common Shares of Beneficial Interest,MIN,Aberdeen Intermediate Income Fund,US55273C1071,MIN,Aberdeen Intermediate Income Fund Common Shares of Beneficial Interest,,nasdaq_other_listed,,Stock,true,false,,TICKER,MIN,0,,,,,no_common_stock,blocked_review_drop_entry,The repository has an explicit reviewed drop entry for this ticker/venue; coverage expansion must not reintroduce it.,leave_blank_until_official_sector,leave_blank_until_official_identifier
NYSE::MIY,MIY,NYSE,"Blackrock MuniYield Michigan Quality Fund, Inc. Common Stock",MIY,"BlackRock MuniYield Michigan Quality Fund, Inc.",,MIY,"Blackrock MuniYield Michigan Quality Fund, Inc. Common Stock",,nasdaq_other_listed,,Stock,true,false,,TICKER,MIY,0,,,,,no_common_stock,blocked_reconciliation_decision,"The venue reconciliation classified this row as a conflict, name signal, or existing other asset type.",leave_blank_until_official_sector,leave_blank_until_official_identifier
NYSE::MQY,MQY,NYSE,"Blackrock MuniYield Quality Fund, Inc. Common Stock",MQY,"BlackRock MuniYield Quality Fund, Inc.",,MQY,"Blackrock MuniYield Quality Fund, Inc. Common Stock",,nasdaq_other_listed,,Stock,true,false,,TICKER,MQY,0,,,,,no_common_stock,blocked_reconciliation_decision,"The venue reconciliation classified this row as a conflict, name signal, or existing other asset type.",leave_blank_until_official_sector,leave_blank_until_official_identifier
NYSE::MUA,MUA,NYSE,"Blackrock MuniAssets Fund, Inc Common Stock",MUA,"BlackRock MuniAssets Fund, Inc.",,MUA,"Blackrock MuniAssets Fund, Inc Common Stock",,nasdaq_other_listed,,Stock,true,false,,TICKER,MUA,0,,,,,no_common_stock,blocked_reconciliation_decision,"The venue reconciliation classified this row as a conflict, name signal, or existing other asset type.",leave_blank_until_official_sector,leave_blank_until_official_identifier
NYSE::MUC,MUC,NYSE,"Blackrock MuniHoldings California Quality Fund, Inc.  Common Stock",MUC,"BlackRock MuniHoldings California Quality Fund, Inc.",,MUC,"Blackrock MuniHoldings California Quality Fund, Inc.  Common Stock",,nasdaq_other_listed,,Stock,true,false,,TICKER,MUC,0,,,,,no_common_stock,blocked_reconciliation_decision,"The venue reconciliation classified this row as a conflict, name signal, or existing other asset type.",leave_blank_until_official_sector,leave_blank_until_official_identifier
NYSE::MUJ,MUJ,NYSE,"Blackrock MuniHoldings New Jersey Quality Fund, Inc. Common Stock",MUJ,"BlackRock MuniHoldings New Jersey Quality Fund, Inc.",,MUJ,"Blackrock MuniHoldings New Jersey Quality Fund, Inc. Common Stock",,nasdaq_other_listed,,Stock,true,false,,TICKER,MUJ,0,,,,,no_common_stock,blocked_reconciliation_decision,"The venue reconciliation classified this row as a conflict, name signal, or existing other asset type.",leave_blank_until_official_sector,leave_blank_until_official_identifier
NYSE::MUSA,MUSA,NYSE,Murphy USA Inc. Common Stock,MUSA,Murphy USA Inc.,,MUSA,Murphy USA Inc. Common Stock,,nasdaq_other_listed,,Stock,false,false,,TICKER,MUSA,23,BBG001Z0Q6T5|BBG004YZZYZ5|BBG004YZZZ00|BBG004YZZZ28|BBG004YZZZ37|BBG004YZZZ55|BBG004YZZZ64|BBG004YZZZ73|BBG004YZZZ82|BBG004YZZZG3|BBG004YZZZK8|BBG004YZZZL7|BBG004YZZZM6|BBG004YZZZN5|BBG00DJGTSW7|BBG00THGZWM9|BBG00X1P3RV3|BBG00X1SK555|BBG01TNYL1V5|BBG01TNYL225|BBG01V7YXGF0|BBG01X4M6G01|BBG021C05MW2,MURPHY USA INC|MURPHY USA INC|MURPHY USA INC|MURPHY USA INC|MURPHY USA INC|MURPHY USA INC|MURPHY USA INC|MURPHY USA INC|MURPHY USA INC|MURPHY USA INC|MURPHY USA INC|MURPHY USA INC|MURPHY USA INC|MURPHY USA INC|MURPHY USA INC|MURPHY USA INC|MURPHY USA INC|MURPHY USA INC|MURPHY USA INC|MURPHY USA INC|MURPHY USA INC|MURPHY USA INC|MURPHY USA INC,BW|OC|OD|SW|UA|UB|UC|UD|UF|UM|UN|UP|US|UT|UX|VF|VG|VJ|VK|VL|VP|VT|VY,Common Stock,common_stock_name_match,blocked_review_drop_entry,The repository has an explicit reviewed drop entry for this ticker/venue; coverage expansion must not reintroduce it.,leave_blank_until_official_sector,leave_blank_until_official_identifier
NYSE::MXE,MXE,NYSE,"Mexico Equity and Income Fund, Inc. (The) Common Stock",MXE,Mexico Equity & Income Fund Inc.,,MXE,"Mexico Equity and Income Fund, Inc. (The) Common Stock",,nasdaq_other_listed,,Stock,true,false,,TICKER,MXE,0,,,,,no_common_stock,blocked_reconciliation_decision,"The venue reconciliation classified this row as a conflict, name signal, or existing other asset type.",leave_blank_until_official_sector,leave_blank_until_official_identifier
NYSE::MXF,MXF,NYSE,"Mexico Fund, Inc. (The) Common Stock",MXF,"The Mexico Fund, Inc.",,MXF,"Mexico Fund, Inc. (The) Common Stock",,nasdaq_other_listed,,Stock,true,false,,TICKER,MXF,0,,,,,no_common_stock,blocked_reconciliation_decision,"The venue reconciliation classified this row as a conflict, name signal, or existing other asset type.",leave_blank_until_official_sector,leave_blank_until_official_identifier
NYSE::MYI,MYI,NYSE,"Blackrock MuniYield Quality Fund III, Inc Common Stock",MYI,"BlackRock MuniYield Quality Fund III, Inc.",,MYI,"Blackrock MuniYield Quality Fund III, Inc Common Stock",,nasdaq_other_listed,,Stock,true,false,,TICKER,MYI,0,,,,,no_common_stock,blocked_reconciliation_decision,"The venue reconciliation classified this row as a conflict, name signal, or existing other asset type.",leave_blank_until_official_sector,leave_blank_until_official_identifier
NYSE::NAD,NAD,NYSE,Nuveen Quality Municipal Income Fund Common Stock,NAD,Nuveen Quality Municipal Income Fund,,NAD,Nuveen Quality Municipal Income Fund Common Stock,,nasdaq_other_listed,,Stock,true,false,,TICKER,NAD,0,,,,,no_common_stock,blocked_reconciliation_decision,"The venue reconciliation classified this row as a conflict, name signal, or existing other asset type.",leave_blank_until_official_sector,leave_blank_until_official_identifier
NYSE::NBXG,NBXG,NYSE,Neuberger Next Generation Connectivity Fund Inc. Common Stock,NBXG,Neuberger Berman Next Generation Connectivity Fund Inc.,,NBXG,Neuberger Next Generation Connectivity Fund Inc. Common Stock,,nasdaq_other_listed,,Stock,true,false,,TICKER,NBXG,0,,,,,no_common_stock,blocked_review_drop_entry,The repository has an explicit reviewed drop entry for this ticker/venue; coverage expansion must not reintroduce it.,leave_blank_until_official_sector,leave_blank_until_official_identifier
NYSE::NFJ,NFJ,NYSE,"Virtus Dividend, Interest & Premium Strategy Fund Common Shares of Beneficial Interest",NFJ,"Virtus Dividend, Interest & Premium Strategy Fund",,NFJ,"Virtus Dividend, Interest & Premium Strategy Fund Common Shares of Beneficial Interest",,nasdaq_other_listed,,Stock,true,false,,TICKER,NFJ,0,,,,,no_common_stock,blocked_reconciliation_decision,"The venue reconciliation classified this row as a conflict, name signal, or existing other asset type.",leave_blank_until_official_sector,leave_blank_until_official_identifier
NYSE::NIE,NIE,NYSE,Virtus Equity & Convertible Income Fund Common Shares of Beneficial Interest,NIE,AllianzGI Equity & Convertible Income Fund,,NIE,Virtus Equity & Convertible Income Fund Common Shares of Beneficial Interest,,nasdaq_other_listed,,Stock,true,false,,TICKER,NIE,0,,,,,no_common_stock,blocked_reconciliation_decision,"The venue reconciliation classified this row as a conflict, name signal, or existing other asset type.",leave_blank_until_official_sector,leave_blank_until_official_identifier
NYSE::NMAI,NMAI,NYSE,Nuveen Multi-Asset Income Fund Common Shares of Beneficial Interest,NMAI,Nuveen Multi-Asset Income Fund Common Shares of Beneficial Interest,,NMAI,Nuveen Multi-Asset Income Fund Common Shares of Beneficial Interest,,nasdaq_other_listed,,Stock,true,false,,TICKER,NMAI,0,,,,,no_common_stock,blocked_review_drop_entry,The repository has an explicit reviewed drop entry for this ticker/venue; coverage expansion must not reintroduce it.,leave_blank_until_official_sector,leave_blank_until_official_identifier
NYSE::NMCO,NMCO,NYSE,Nuveen Municipal Credit Opportunities Fund Common Shares,NMCO,Nuveen Municipal Credit Opportunities Fund,,NMCO,Nuveen Municipal Credit Opportunities Fund Common Shares,,nasdaq_other_listed,,Stock,true,false,,TICKER,NMCO,0,,,,,no_common_stock,blocked_reconciliation_decision,"The venue reconciliation classified this row as a conflict, name signal, or existing other asset type.",leave_blank_until_official_sector,leave_blank_until_official_identifier
NYSE::NMI,NMI,NYSE,"Nuveen Municipal Income Fund, Inc. Common Stock",NMI,"Nuveen Municipal Income Fund, Inc.",US67062J1025,NMI,"Nuveen Municipal Income Fund, Inc. Common Stock",,nasdaq_other_listed,,Stock,true,false,,TICKER,NMI,0,,,,,no_common_stock,blocked_reconciliation_decision,"The venue reconciliation classified this row as a conflict, name signal, or existing other asset type.",leave_blank_until_official_sector,leave_blank_until_official_identifier
NYSE::NMS,NMS,NYSE,Nuveen Minnesota Quality Municipal Income Fund,NMS,Nuveen Minnesota Quality Municipal Income Fund,,NMS,Nuveen Minnesota Quality Municipal Income Fund,,nasdaq_other_listed,,Stock,true,false,,TICKER,NMS,0,,,,,no_common_stock,blocked_reconciliation_decision,"The venue reconciliation classified this row as a conflict, name signal, or existing other asset type.",leave_blank_until_official_sector,leave_blank_until_official_identifier
NYSE::NMZ,NMZ,NYSE,"Nuveen Municipal High Income Opportunity Fund Common Stock, $0.01 par value, per share",NMZ,Nuveen Municipal High Income Opportunity Fund,,NMZ,"Nuveen Municipal High Income Opportunity Fund Common Stock, $0.01 par value, per share",,nasdaq_other_listed,,Stock,true,false,,TICKER,NMZ,0,,,,,no_common_stock,blocked_reconciliation_decision,"The venue reconciliation classified this row as a conflict, name signal, or existing other asset type.",leave_blank_until_official_sector,leave_blank_until_official_identifier
NYSE::NPCT,NPCT,NYSE,Nuveen Core Plus Impact Fund Common Shares of Beneficial Interest,NPCT,Nuveen Core Plus Impact Fund,,NPCT,Nuveen Core Plus Impact Fund Common Shares of Beneficial Interest,,nasdaq_other_listed,,Stock,true,false,,TICKER,NPCT,0,,,,,no_common_stock,blocked_review_drop_entry,The repository has an explicit reviewed drop entry for this ticker/venue; coverage expansion must not reintroduce it.,leave_blank_until_official_sector,leave_blank_until_official_identifier
NYSE::NUW,NUW,NYSE,Nuveen AMT-Free Municipal Value Fund,NUW,Nuveen AMT-Free Municipal Value Fund,,NUW,Nuveen AMT-Free Municipal Value Fund,,nasdaq_other_listed,,Stock,true,false,,TICKER,NUW,0,,,,,no_common_stock,blocked_reconciliation_decision,"The venue reconciliation classified this row as a conflict, name signal, or existing other asset type.",leave_blank_until_official_sector,leave_blank_until_official_identifier
NYSE::NXG,NXG,NYSE,NXG NextGen Infrastructure Income Fund Common Shares of Beneficial Interest,NXG,NXG NextGen Infrastructure Income Fund Common Shares of Beneficial Interest,,NXG,NXG NextGen Infrastructure Income Fund Common Shares of Beneficial Interest,,nasdaq_other_listed,,Stock,true,false,,TICKER,NXG,0,,,,Common Stock,common_stock_name_mismatch,blocked_reconciliation_decision,"The venue reconciliation classified this row as a conflict, name signal, or existing other asset type.",leave_blank_until_official_sector,leave_blank_until_official_identifier
NYSE::PAI,PAI,NYSE,Western Asset Investment Grade Income Fund Inc.,PAI,Western Asset Investment Grade Income Fund Inc.,,PAI,Western Asset Investment Grade Income Fund Inc.,,nasdaq_other_listed,,Stock,true,false,,TICKER,PAI,0,,,,,no_common_stock,blocked_reconciliation_decision,"The venue reconciliation classified this row as a conflict, name signal, or existing other asset type.",leave_blank_until_official_sector,leave_blank_until_official_identifier
NYSE::PAXS,PAXS,NYSE,PIMCO Access Income Fund Common Shares of Beneficial Interest,PAXS,PIMCO Access Income Fund Common Shares of Beneficial Interest,,PAXS,PIMCO Access Income Fund Common Shares of Beneficial Interest,,nasdaq_other_listed,,Stock,true,false,,TICKER,PAXS,0,,,,,no_common_stock,blocked_review_drop_entry,The repository has an explicit reviewed drop entry for this ticker/venue; coverage expansion must not reintroduce it.,leave_blank_until_official_sector,leave_blank_until_official_identifier
NYSE::PCM,PCM,NYSE,"PCM Fund, Inc. Common Stock",PCM,PCM Fund Inc. Common Stock,,PCM,"PCM Fund, Inc. Common Stock",,nasdaq_other_listed,,Stock,true,false,,TICKER,PCM,0,,,,,no_common_stock,blocked_reconciliation_decision,"The venue reconciliation classified this row as a conflict, name signal, or existing other asset type.",leave_blank_until_official_sector,leave_blank_until_official_identifier
NYSE::PDCC,PDCC,NYSE,Pearl Diver Credit Company Inc. Common Stock,PDCC,Pearl Diver Credit Company Inc. Common Stock,,PDCC,Pearl Diver Credit Company Inc. Common Stock,,nasdaq_other_listed,,Stock,false,false,,TICKER,PDCC,0,,,,,no_common_stock,blocked_review_drop_entry,The repository has an explicit reviewed drop entry for this ticker/venue; coverage expansion must not reintroduce it.,leave_blank_until_official_sector,leave_blank_until_official_identifier
NYSE::PDO,PDO,NYSE,PIMCO Dynamic Income Opportunities Fund Common Shares of Beneficial Interest,PDO,Pimco Dynamic Income Opportunities Fund,,PDO,PIMCO Dynamic Income Opportunities Fund Common Shares of Beneficial Interest,,nasdaq_other_listed,,Stock,true,false,,TICKER,PDO,0,,,,,no_common_stock,blocked_review_drop_entry,The repository has an explicit reviewed drop entry for this ticker/venue; coverage expansion must not reintroduce it.,leave_blank_until_official_sector,leave_blank_until_official_identifier
NYSE::PDT,PDT,NYSE,John Hancock Premium Dividend Fund,PDT,John Hancock Premium Dividend Fund,,PDT,John Hancock Premium Dividend Fund,,nasdaq_other_listed,,Stock,true,false,,TICKER,PDT,0,,,,,no_common_stock,blocked_reconciliation_decision,"The venue reconciliation classified this row as a conflict, name signal, or existing other asset type.",leave_blank_until_official_sector,leave_blank_until_official_identifier
NYSE::PDX,PDX,NYSE,PIMCO Dynamic Income Strategy Fund Common Shares of Beneficial Interest,PDX,PIMCO Dynamic Income Strategy Fund Common Shares of Beneficial Interest,,PDX,PIMCO Dynamic Income Strategy Fund Common Shares of Beneficial Interest,,nasdaq_other_listed,,Stock,true,false,,TICKER,PDX,0,,,,,no_common_stock,blocked_reconciliation_decision,"The venue reconciliation classified this row as a conflict, name signal, or existing other asset type.",leave_blank_until_official_sector,leave_blank_until_official_identifier
NYSE::PEO,PEO,NYSE,"Adams Natural Resources Fund, Inc. Common Stock",PEO,"Adams Natural Resources Fund, Inc.",,PEO,"Adams Natural Resources Fund, Inc. Common Stock",,nasdaq_other_listed,,Stock,true,false,,TICKER,PEO,0,,,,,no_common_stock,blocked_reconciliation_decision,"The venue reconciliation classified this row as a conflict, name signal, or existing other asset type.",leave_blank_until_official_sector,leave_blank_until_official_identifier
NYSE::PFL,PFL,NYSE,PIMCO Income Strategy Fund Shares of Beneficial Interest,PFL,PIMCO Income Strategy Fund,,PFL,PIMCO Income Strategy Fund Shares of Beneficial Interest,,nasdaq_other_listed,,Stock,true,false,,TICKER,PFL,0,,,,,no_common_stock,blocked_reconciliation_decision,"The venue reconciliation classified this row as a conflict, name signal, or existing other asset type.",leave_blank_until_official_sector,leave_blank_until_official_identifier
NYSE::PFN,PFN,NYSE,PIMCO Income Strategy Fund II,PFN,PIMCO Income Strategy Fund,,PFN,PIMCO Income Strategy Fund II,,nasdaq_other_listed,,Stock,true,false,,TICKER,PFN,0,,,,,no_common_stock,blocked_reconciliation_decision,"The venue reconciliation classified this row as a conflict, name signal, or existing other asset type.",leave_blank_until_official_sector,leave_blank_until_official_identifier
NYSE::PHK,PHK,NYSE,Pimco High Income Fund,PHK,PIMCO High Income Fund,,PHK,Pimco High Income Fund,,nasdaq_other_listed,,Stock,true,false,,TICKER,PHK,0,,,,,no_common_stock,blocked_reconciliation_decision,"The venue reconciliation classified this row as a conflict, name signal, or existing other asset type.",leave_blank_until_official_sector,leave_blank_until_official_identifier
NYSE::PNI,PNI,NYSE,Pimco New York Municipal Income Fund II Common Shares of Beneficial Interest,PNI,PIMCO New York Municipal Income Fund,,PNI,Pimco New York Municipal Income Fund II Common Shares of Beneficial Interest,,nasdaq_other_listed,,Stock,true,false,,TICKER,PNI,0,,,,,no_common_stock,blocked_reconciliation_decision,"The venue reconciliation classified this row as a conflict, name signal, or existing other asset type.",leave_blank_until_official_sector,leave_blank_until_official_identifier
NYSE::RA,RA,NYSE,Brookfield Real Assets Income Fund Inc. Common Stock,RA,Brookfield Real Assets Income Fund Inc.,,RA,Brookfield Real Assets Income Fund Inc. Common Stock,,nasdaq_other_listed,,Stock,true,false,,TICKER,RA,0,,,,,no_common_stock,blocked_review_drop_entry,The repository has an explicit reviewed drop entry for this ticker/venue; coverage expansion must not reintroduce it.,leave_blank_until_official_sector,leave_blank_until_official_identifier
NYSE::RFI,RFI,NYSE,"Cohen & Steers Total Return Realty Fund, Inc. Common Stock",RFI,"Cohen & Steers Total Return Realty Fund, Inc.",,RFI,"Cohen & Steers Total Return Realty Fund, Inc. Common Stock",,nasdaq_other_listed,,Stock,true,false,,TICKER,RFI,0,,,,,no_common_stock,blocked_reconciliation_decision,"The venue reconciliation classified this row as a conflict, name signal, or existing other asset type.",leave_blank_until_official_sector,leave_blank_until_official_identifier
NYSE::RFM,RFM,NYSE,"RiverNorth Flexible Municipal Income Fund, Inc. Common Stock",RFM,"RiverNorth Flexible Municipal Income Fund, Inc.",,RFM,"RiverNorth Flexible Municipal Income Fund, Inc. Common Stock",,nasdaq_other_listed,,Stock,true,false,,TICKER,RFM,0,,,,,no_common_stock,blocked_reconciliation_decision,"The venue reconciliation classified this row as a conflict, name signal, or existing other asset type.",leave_blank_until_official_sector,leave_blank_until_official_identifier
NYSE::RFMZ,RFMZ,NYSE,"RiverNorth Flexible Municipal Income Fund II, Inc. Common Stock",RFMZ,"RiverNorth Flexible Municipal Income Fund II, Inc.",,RFMZ,"RiverNorth Flexible Municipal Income Fund II, Inc. Common Stock",,nasdaq_other_listed,,Stock,true,false,,TICKER,RFMZ,0,,,,,no_common_stock,blocked_reconciliation_decision,"The venue reconciliation classified this row as a conflict, name signal, or existing other asset type.",leave_blank_until_official_sector,leave_blank_until_official_identifier
NYSE::RIV,RIV,NYSE,"RiverNorth Opportunities Fund, Inc. Common Stock",RIV,"RiverNorth Opportunities Fund, Inc.",,RIV,"RiverNorth Opportunities Fund, Inc. Common Stock",,nasdaq_other_listed,,Stock,true,false,,TICKER,RIV,0,,,,,no_common_stock,blocked_reconciliation_decision,"The venue reconciliation classified this row as a conflict, name signal, or existing other asset type.",leave_blank_until_official_sector,leave_blank_until_official_identifier
NYSE::RLTY,RLTY,NYSE,Cohen & Steers Real Estate Opportunities and Income Fund Common Shares of Beneficial Interest,RLTY,Cohen & Steers Real Estate Opportunities and Income Fund Common Shares of Beneficial Interest,,RLTY,Cohen & Steers Real Estate Opportunities and Income Fund Common Shares of Beneficial Interest,,nasdaq_other_listed,,Stock,true,false,,TICKER,RLTY,0,,,,,no_common_stock,blocked_reconciliation_decision,"The venue reconciliation classified this row as a conflict, name signal, or existing other asset type.",leave_blank_until_official_sector,leave_blank_until_official_identifier
NYSE::RMI,RMI,NYSE,"RiverNorth Opportunistic Municipal Income Fund, Inc. Common Stock",RMI,"RiverNorth Opportunistic Municipal Income Fund, Inc.",,RMI,"RiverNorth Opportunistic Municipal Income Fund, Inc. Common Stock",,nasdaq_other_listed,,Stock,true,false,,TICKER,RMI,0,,,,,no_common_stock,blocked_reconciliation_decision,"The venue reconciliation classified this row as a conflict, name signal, or existing other asset type.",leave_blank_until_official_sector,leave_blank_until_official_identifier
NYSE::RMMZ,RMMZ,NYSE,"RiverNorth Managed Duration Municipal Income Fund II, Inc. Common Stock",RMMZ,RiverNorth Managed Duration Municipal Income Fund II Inc. Common Stock,,RMMZ,"RiverNorth Managed Duration Municipal Income Fund II, Inc. Common Stock",,nasdaq_other_listed,,Stock,true,false,,TICKER,RMMZ,0,,,,,no_common_stock,blocked_review_drop_entry,The repository has an explicit reviewed drop entry for this ticker/venue; coverage expansion must not reintroduce it.,leave_blank_until_official_sector,leave_blank_until_official_identifier
NYSE::RMT,RMT,NYSE,"Royce Micro-Cap Trust, Inc. Common Stock",RMT,"Royce Micro-Cap Trust, Inc.",,RMT,"Royce Micro-Cap Trust, Inc. Common Stock",,nasdaq_other_listed,,Stock,true,false,,TICKER,RMT,0,,,,,no_common_stock,blocked_review_drop_entry,The repository has an explicit reviewed drop entry for this ticker/venue; coverage expansion must not reintroduce it.,leave_blank_until_official_sector,leave_blank_until_official_identifier
NYSE::RQI,RQI,NYSE,Cohen & Steers Quality Income Realty Fund Inc Common Shares,RQI,"Cohen & Steers Quality Income Realty Fund, Inc.",,RQI,Cohen & Steers Quality Income Realty Fund Inc Common Shares,,nasdaq_other_listed,,Stock,true,false,,TICKER,RQI,0,,,,,no_common_stock,blocked_reconciliation_decision,"The venue reconciliation classified this row as a conflict, name signal, or existing other asset type.",leave_blank_until_official_sector,leave_blank_until_official_identifier
NYSE::SABA,SABA,NYSE,Saba Capital Income & Opportunities Fund II Shares of Beneficial Interest,SABA,Saba Capital Income & Opportunities Fund II Shares of Beneficial Interest,,SABA,Saba Capital Income & Opportunities Fund II Shares of Beneficial Interest,,nasdaq_other_listed,,Stock,true,false,,TICKER,SABA,0,,,,,no_common_stock,blocked_reconciliation_decision,"The venue reconciliation classified this row as a conflict, name signal, or existing other asset type.",leave_blank_until_official_sector,leave_blank_until_official_identifier
NYSE::SDHY,SDHY,NYSE,PGIM Short Duration High Yield Opportunities Fund Common Shares,SDHY,PGIM Short Duration High Yield Opportunities Fund,,SDHY,PGIM Short Duration High Yield Opportunities Fund Common Shares,,nasdaq_other_listed,,Stock,true,false,,TICKER,SDHY,0,,,,,no_common_stock,blocked_reconciliation_decision,"The venue reconciliation classified this row as a conflict, name signal, or existing other asset type.",leave_blank_until_official_sector,leave_blank_until_official_identifier
NYSE::SKLZ,SKLZ,NYSE,Skillz Inc.,SKLZ,Skillz Inc,,SKLZ,Skillz Inc.,,sec_company_tickers_exchange,,Stock,false,false,,TICKER,SKLZ,0,,,,,no_common_stock,blocked_openfigi_no_common_stock,OpenFIGI returned no Common Stock result for the query.,leave_blank_until_official_sector,leave_blank_until_official_identifier
NYSE::SOR,SOR,NYSE,SOURCE CAPITAL /DE/,SOR,"Source Capital, Inc.",,SOR,SOURCE CAPITAL /DE/,,sec_company_tickers_exchange,,Stock,false,false,,TICKER,SOR,0,,,,Common Stock,common_stock_name_mismatch,blocked_review_drop_entry,The repository has an explicit reviewed drop entry for this ticker/venue; coverage expansion must not reintroduce it.,leave_blank_until_official_sector,leave_blank_until_official_identifier
NYSE::SPE,SPE,NYSE,"Special Opportunities Fund, Inc Common Stock",SPE,"Special Opportunities Fund, Inc.",,SPE,"Special Opportunities Fund, Inc Common Stock",,nasdaq_other_listed,,Stock,true,false,,TICKER,SPE,0,,,,,no_common_stock,blocked_reconciliation_decision,"The venue reconciliation classified this row as a conflict, name signal, or existing other asset type.",leave_blank_until_official_sector,leave_blank_until_official_identifier
NYSE::SPXX,SPXX,NYSE,Nuveen S&P 500 Dynamic Overwrite Fund,SPXX,Nuveen S&P 500 Dynamic Overwrite Fund,,SPXX,Nuveen S&P 500 Dynamic Overwrite Fund,,nasdaq_other_listed,,Stock,true,false,,TICKER,SPXX,0,,,,,no_common_stock,blocked_reconciliation_decision,"The venue reconciliation classified this row as a conflict, name signal, or existing other asset type.",leave_blank_until_official_sector,leave_blank_until_official_identifier
NYSE::STK,STK,NYSE,Columbia Seligman Premium Technology Growth Fund Inc,STK,Columbia Seligman Premium Technology Growth Fund,,STK,Columbia Seligman Premium Technology Growth Fund Inc,,nasdaq_other_listed,,Stock,true,false,,TICKER,STK,0,,,,,no_common_stock,blocked_reconciliation_decision,"The venue reconciliation classified this row as a conflict, name signal, or existing other asset type.",leave_blank_until_official_sector,leave_blank_until_official_identifier
NYSE::TDF,TDF,NYSE,"Templeton Dragon Fund, Inc. Common Stock",TDF,"Templeton Dragon Fund, Inc.",,TDF,"Templeton Dragon Fund, Inc. Common Stock",,nasdaq_other_listed,,Stock,true,false,,TICKER,TDF,0,,,,,no_common_stock,blocked_reconciliation_decision,"The venue reconciliation classified this row as a conflict, name signal, or existing other asset type.",leave_blank_until_official_sector,leave_blank_until_official_identifier
NYSE::THR,THR,NYSE,"Thermon Group Holdings, Inc.",THR,"Thermon Group Holdings, Inc.",,THR,"Thermon Group Holdings, Inc.",,sec_company_tickers_exchange,,Stock,false,false,,TICKER,THR,0,,,,Common Stock,common_stock_name_mismatch,blocked_review_drop_entry,The repository has an explicit reviewed drop entry for this ticker/venue; coverage expansion must not reintroduce it.,leave_blank_until_official_sector,leave_blank_until_official_identifier
NYSE::TWN,TWN,NYSE,"Taiwan Fund, Inc. (The) Common Stock",TWN,"The Taiwan Fund, Inc.",,TWN,"Taiwan Fund, Inc. (The) Common Stock",,nasdaq_other_listed,,Stock,true,false,,TICKER,TWN,0,,,,,no_common_stock,blocked_reconciliation_decision,"The venue reconciliation classified this row as a conflict, name signal, or existing other asset type.",leave_blank_until_official_sector,leave_blank_until_official_identifier
NYSE::TY,TY,NYSE,Tri Continental Corporation Common Stock,TY,Tri-Continental Corporation,,TY,Tri Continental Corporation Common Stock,,nasdaq_other_listed,,Stock,false,false,,TICKER,TY,0,,,,,no_common_stock,blocked_review_drop_entry,The repository has an explicit reviewed drop entry for this ticker/venue; coverage expansion must not reintroduce it.,leave_blank_until_official_sector,leave_blank_until_official_identifier
NYSE::TYG,TYG,NYSE,Tortoise Energy Infrastructure Corporation Common Stock,TYG,Tortoise Energy Infrastructure Corporation,,TYG,Tortoise Energy Infrastructure Corporation Common Stock,,nasdaq_other_listed,,Stock,false,false,,TICKER,TYG,0,,,,Common Stock,common_stock_name_mismatch,blocked_review_drop_entry,The repository has an explicit reviewed drop entry for this ticker/venue; coverage expansion must not reintroduce it.,leave_blank_until_official_sector,leave_blank_until_official_identifier
NYSE::USA,USA,NYSE,Liberty All-Star Equity Fund Common Stock,USA,Liberty All-Star Equity Fund,US5301581048,USA,Liberty All-Star Equity Fund Common Stock,,nasdaq_other_listed,,Stock,true,false,,TICKER,USA,0,,,,,no_common_stock,blocked_reconciliation_decision,"The venue reconciliation classified this row as a conflict, name signal, or existing other asset type.",leave_blank_until_official_sector,leave_blank_until_official_identifier
NYSE::VRE,VRE,NYSE,"Veris Residential, Inc.",VRE,Veris Residential Inc. Common Stock,,VRE,"Veris Residential, Inc.",,sec_company_tickers_exchange,,Stock,false,false,,TICKER,VRE,0,,,,Common Stock,common_stock_name_mismatch,blocked_review_drop_entry,The repository has an explicit reviewed drop entry for this ticker/venue; coverage expansion must not reintroduce it.,leave_blank_until_official_sector,leave_blank_until_official_identifier
NYSE::VVR,VVR,NYSE,Invesco Senior Income Trust Common Stock (DE),VVR,Invesco Senior Income Trust,,VVR,Invesco Senior Income Trust Common Stock (DE),,nasdaq_other_listed,,Stock,true,false,,TICKER,VVR,0,,,,,no_common_stock,blocked_reconciliation_decision,"The venue reconciliation classified this row as a conflict, name signal, or existing other asset type.",leave_blank_until_official_sector,leave_blank_until_official_identifier
NYSE::WIW,WIW,NYSE,Western Asset Inflation-Linked Opportunities & Income Fund,WIW,Western Asset Inflation-Linked Opportunities & Income Fund,,WIW,Western Asset Inflation-Linked Opportunities & Income Fund,,nasdaq_other_listed,,Stock,true,false,,TICKER,WIW,0,,,,,no_common_stock,blocked_reconciliation_decision,"The venue reconciliation classified this row as a conflict, name signal, or existing other asset type.",leave_blank_until_official_sector,leave_blank_until_official_identifier
NYSE::YRD,YRD,NYSE,Yiren Digital Ltd.,YRD,Yiren Digital Ltd.,US98585L1008,YRD,Yiren Digital Ltd.,,sec_company_tickers_exchange,,Stock,false,false,,TICKER,YRD,0,,,,,no_common_stock,blocked_review_drop_entry,The repository has an explicit reviewed drop entry for this ticker/venue; coverage expansion must not reintroduce it.,leave_blank_until_official_sector,leave_blank_until_official_identifier
OSL::ROM,ROM,OSL,ROMREAL,ROM.OL,RomReal Limited,,ROM,ROMREAL,BMG763301022,euronext_equities,,Stock,false,false,,ID_ISIN,BMG763301022,56,BBG000NCTJM0|BBG000R646P1|BBG000R646Z0|BBG000R64984|BBG000TQ7556|BBG000TQ76R0|BBG000TQ7716|BBG000TQ77J7|BBG000TQ77L4|BBG000TQ77W2|BBG000TQ77Z9|BBG000TQ7841|BBG000TQ79K1|BBG000TQ7B26|BBG000TQ7C42|BBG000TQ7CC3|BBG000TQ7D22|BBG000TQ7DH6|BBG000TTQ201|BBG000TV8F07|BBG000TV8GP8|BBG000TV8L77|BBG000TV8P50|BBG000TV8PH7|BBG000TV8QB1|BBG000V764W9|BBG000V769B1|BBG000V769J3|BBG000V769S3|BBG002G53CJ6|BBG003FWMHX8|BBG00591KBV5|BBG00591QPL9|BBG006BH4494|BBG006T9G677|BBG006TBD6T1|BBG008H0D730|BBG00JHVVXM0|BBG00JN7GZN7|BBG00JN7KLZ0|BBG00JN7NBM3|BBG00NLK1XL4|BBG00PQ04WT9|BBG00PQ04WW5|BBG00QFY9PH8|BBG00QFYD9S7|BBG00QFYH217|BBG00RD1SV95|BBG00RD1TJJ0|BBG00RD1VBF8|BBG00Y92RV76|BBG01L8XKYZ6|BBG01L8XL016|BBG021WMDPR2|BBG021WMDQ63|BBG021WMDQ72,ROMREAL LTD|ROMREAL LTD|ROMREAL LTD|ROMREAL LTD|ROMREAL LTD|ROMREAL LTD|ROMREAL LTD|ROMREAL LTD|ROMREAL LTD|ROMREAL LTD|ROMREAL LTD|ROMREAL LTD|ROMREAL LTD|ROMREAL LTD|ROMREAL LTD|ROMREAL LTD|ROMREAL LTD|ROMREAL LTD|ROMREAL LTD|ROMREAL LTD|ROMREAL LTD|ROMREAL LTD|ROMREAL LTD|ROMREAL LTD|ROMREAL LTD|ROMREAL LTD|ROMREAL LTD|ROMREAL LTD|ROMREAL LTD|ROMREAL LTD|ROMREAL LTD|ROMREAL LTD|ROMREAL LTD|ROMREAL LTD|ROMREAL LTD|ROMREAL LTD|ROMREAL LTD|ROMREAL LTD|ROMREAL LTD|ROMREAL LTD|ROMREAL LTD|ROMREAL LTD|ROMREAL LTD|ROMREAL LTD|ROMREAL LTD|ROMREAL LTD|ROMREAL LTD|ROMREAL LTD|ROMREAL LTD|ROMREAL LTD|ROMREAL LTD|ROMREAL LTD|ROMREAL LTD|ROMREAL LTD|ROMREAL LTD|ROMREAL LTD,B3|E1|EB|EO|EP|EU|EZ|GF|GM|GR|I2|IX|L1|L3|LN|NO|PO|PQ|QE|QX|SF|T1|TQ|US|UV|X1|XA|XE|XF|XG|XH|XJ|XL|XO|XS|XT|XU|XV|XW|XX,Common Stock,common_stock_name_match,add_coverage_expansion,Active official Stock reference plus OpenFIGI Common Stock issuer-name match.,leave_blank_until_official_sector,use_official_reference
OTC::ABZPF,ABZPF,OTC,ABOITIZ POWER CORP,ABZPF,Aboitiz Power Corporation,,ABZPF,ABOITIZ POWER CORP,,otc_markets_stock_screener,,Stock,false,false,,TICKER,ABZPF,2,BBG001768LM7|BBG001768M36,ABOITIZ POWER CORP|ABOITIZ POWER CORP,US|UV,Common Stock,common_stock_name_match,add_coverage_expansion,Active official Stock reference plus OpenFIGI Common Stock issuer-name match.,leave_blank_until_official_sector,leave_blank_until_official_identifier
OTC::ABZPY,ABZPY,OTC,ABOITIZ POWER UNSP/ADR,ABZPY,Aboitiz Power Corporation,,ABZPY,ABOITIZ POWER UNSP/ADR,,otc_markets_stock_screener,,Stock,false,false,,TICKER,ABZPY,0,,,,,no_common_stock,blocked_openfigi_no_common_stock,OpenFIGI returned no Common Stock result for the query.,leave_blank_until_official_sector,leave_blank_until_official_identifier
OTC::AETLF,AETLF,OTC,AERIS ENVIRONMENTAL LTD,AETLF,Aeris Environmental Ltd,,AETLF,AERIS ENVIRONMENTAL LTD,,otc_markets_stock_screener,,Stock,false,false,,TICKER,AETLF,2,BBG000FK3FZ3|BBG002JLV6G3,AERIS ENVIRONMENTAL LTD|AERIS ENVIRONMENTAL LTD,PQ|US,Common Stock,common_stock_name_match,add_coverage_expansion,Active official Stock reference plus OpenFIGI Common Stock issuer-name match.,leave_blank_until_official_sector,leave_blank_until_official_identifier
OTC::AGFAF,AGFAF,OTC,DIGICANN VENTURES INC,AGFAF,Digicann Ventures Inc.,CA0085052086,AGFAF,DIGICANN VENTURES INC,,otc_markets_stock_screener,,Stock,false,false,,TICKER,AGFAF,3,BBG009F867N9|BBG009F86820|BBG009F86839,DIGICANN VENTURES INC|DIGICANN VENTURES INC|DIGICANN VENTURES INC,PQ|US|UV,Common Stock,common_stock_name_match,add_coverage_expansion,Active official Stock reference plus OpenFIGI Common Stock issuer-name match.,leave_blank_until_official_sector,leave_blank_until_official_identifier
OTC::APNHF,APNHF,OTC,ASPEN PHARMACARE HLDGS,APNHF,Aspen Pharmacare Holdings Limited,,APNHF,ASPEN PHARMACARE HLDGS,,otc_markets_stock_screener,,Stock,false,false,,TICKER,APNHF,2,BBG000DB3SN0|BBG000DB4194,ASPEN PHARMACARE HOLDINGS LT|ASPEN PHARMACARE HOLDINGS LT,US|UV,Common Stock,common_stock_name_match,add_coverage_expansion,Active official Stock reference plus OpenFIGI Common Stock issuer-name match.,leave_blank_until_official_sector,leave_blank_until_official_identifier
OTC::APTTF,APTTF,OTC,ASIAN PAY TELEVISION TR,APTTF,Asian Pay Television Trust,,APTTF,ASIAN PAY TELEVISION TR,,otc_markets_stock_screener,,Stock,false,false,,TICKER,APTTF,0,,,,,no_common_stock,blocked_openfigi_no_common_stock,OpenFIGI returned no Common Stock result for the query.,leave_blank_until_official_sector,leave_blank_until_official_identifier
OTC::ASUUY,ASUUY,OTC,ASUSTEK COMPUTER INC REGS,ASUUY,ASUSTeK Computer Inc.,,ASUUY,ASUSTEK COMPUTER INC REGS,,otc_markets_stock_screener,,Stock,false,false,,TICKER,ASUUY,0,,,,,no_common_stock,blocked_openfigi_no_common_stock,OpenFIGI returned no Common Stock result for the query.,leave_blank_until_official_sector,leave_blank_until_official_identifier
OTC::BPHLF,BPHLF,OTC,BANK OF PHILIPPNE ISLANDS,BPHLF,Bank of the Philippine Islands,,BPHLF,BANK OF PHILIPPNE ISLANDS,,otc_markets_stock_screener,,Stock,false,false,,TICKER,BPHLF,0,,,,Common Stock,common_stock_name_mismatch,blocked_openfigi_name_mismatch,"OpenFIGI returned Common Stock results, but none matched the official issuer name.",leave_blank_until_official_sector,leave_blank_until_official_identifier
OTC::BTCY,BTCY,OTC,BIOTRICITY INC,BTCY,"Biotricity, Inc.",,BTCY,BIOTRICITY INC,,otc_markets_stock_screener,,Stock,false,false,,TICKER,BTCY,3,BBG0080Q4W27|BBG0080Q4Y14|BBG0080Q4Y50,BIOTRICITY INC|BIOTRICITY INC|BIOTRICITY INC,PQ|US|UV,Common Stock,common_stock_name_match,add_coverage_expansion,Active official Stock reference plus OpenFIGI Common Stock issuer-name match.,leave_blank_until_official_sector,leave_blank_until_official_identifier
OTC::BUHPF,BUHPF,OTC,Bumrungrad Hospital Public Co Limited/ADR,BUHPF,Bumrungrad Hospital Public Company Limited,TH0168A10Z19,BUHPF,Bumrungrad Hospital Public Co Limited/ADR,,sec_company_tickers_exchange,,Stock,false,false,,TICKER,BUHPF,3,BBG000C1WLH3|BBG000C1WTS4|BBG000C1WVM5,BUMRUNGRAD HOSPITAL-FOREIGN|BUMRUNGRAD HOSPITAL-FOREIGN|BUMRUNGRAD HOSPITAL-FOREIGN,PQ|US|UV,Foreign Sh.,common_stock_name_match,add_coverage_expansion,Active official Stock reference plus OpenFIGI Common Stock issuer-name match.,leave_blank_until_official_sector,leave_blank_until_official_identifier
OTC::ESSI,ESSI,OTC,"ECO SCIENCE SOLUTIONS, INC.",ESSI,"Eco Science Solutions, Inc.",,ESSI,"ECO SCIENCE SOLUTIONS, INC.",,sec_company_tickers_exchange,,Stock,false,false,,TICKER,ESSI,3,BBG001HMH323|BBG001HMH3H7|BBG001HMH3K3,ECO SCIENCE SOLUTIONS INC|ECO SCIENCE SOLUTIONS INC|ECO SCIENCE SOLUTIONS INC,PQ|US|UV,Common Stock,common_stock_name_match,add_coverage_expansion,Active official Stock reference plus OpenFIGI Common Stock issuer-name match.,leave_blank_until_official_sector,leave_blank_until_official_identifier
OTC::FANDF,FANDF,OTC,FIRSTRAND LTD,FANDF,FirstRand Limited,,FANDF,FIRSTRAND LTD,,otc_markets_stock_screener,,Stock,false,false,,TICKER,FANDF,3,BBG000CY2V46|BBG000CY3196|BBG000CY3267,FIRSTRAND LTD|FIRSTRAND LTD|FIRSTRAND LTD,PQ|US|UV,Common Stock,common_stock_name_match,add_coverage_expansion,Active official Stock reference plus OpenFIGI Common Stock issuer-name match.,leave_blank_until_official_sector,leave_blank_until_official_identifier
OTC::FKSHF,FKSHF,OTC,FUKUSHIMA GALILEI CO LTD,FKSHF,Fukushima Galilei Co.Ltd.,,FKSHF,FUKUSHIMA GALILEI CO LTD,,otc_markets_stock_screener,,Stock,false,false,,TICKER,FKSHF,3,BBG000C124S2|BBG002JNRMZ8|BBG002JNRN13,GALILEI HOLDINGS CO LTD|GALILEI HOLDINGS CO LTD|GALILEI HOLDINGS CO LTD,PQ|US|UV,Common Stock,common_stock_name_match,add_coverage_expansion,Active official Stock reference plus OpenFIGI Common Stock issuer-name match.,leave_blank_until_official_sector,leave_blank_until_official_identifier
OTC::FRCGF,FRCGF,OTC,FAIRCOURT GOLD INCOME  A,FRCGF,Faircourt Gold Income Corp.,,FRCGF,FAIRCOURT GOLD INCOME  A,,otc_markets_stock_screener,,Stock,false,false,,TICKER,FRCGF,0,,,,,no_common_stock,blocked_openfigi_no_common_stock,OpenFIGI returned no Common Stock result for the query.,leave_blank_until_official_sector,leave_blank_until_official_identifier
OTC::FSGCY,FSGCY,OTC,FIRST GEN CORP UNSP/ADR,FSGCY,First Gen Corporation,,FSGCY,FIRST GEN CORP UNSP/ADR,,otc_markets_stock_screener,,Stock,false,false,,TICKER,FSGCY,0,,,,,no_common_stock,blocked_openfigi_no_common_stock,OpenFIGI returned no Common Stock result for the query.,leave_blank_until_official_sector,leave_blank_until_official_identifier
OTC::HKTTF,HKTTF,OTC,HKT TRUST AND HKT LTD ORD,HKTTF,HKT Trust and HKT Limited,,HKTTF,HKT TRUST AND HKT LTD ORD,,otc_markets_stock_screener,,Stock,false,false,,TICKER,HKTTF,0,,,,,no_common_stock,blocked_openfigi_no_common_stock,OpenFIGI returned no Common Stock result for the query.,leave_blank_until_official_sector,leave_blank_until_official_identifier
OTC::HKTTY,HKTTY,OTC,HKT TRUST AND HK UNSP/ADR,HKTTY,HKT Trust and HKT Limited,,HKTTY,HKT TRUST AND HK UNSP/ADR,,otc_markets_stock_screener,,Stock,false,false,,TICKER,HKTTY,0,,,,,no_common_stock,blocked_openfigi_no_common_stock,OpenFIGI returned no Common Stock result for the query.,leave_blank_until_official_sector,leave_blank_until_official_identifier
OTC::IGSC,IGSC,OTC,IGS CAPITAL GROUP LTD,IGSC,IGS Capital Group Limited,,IGSC,IGS CAPITAL GROUP LTD,,otc_markets_stock_screener,,Stock,false,false,,TICKER,IGSC,3,BBG000QCK6R9|BBG000QCKFL5|BBG000QCKH59,IGS CAPITAL GROUP LTD|IGS CAPITAL GROUP LTD|IGS CAPITAL GROUP LTD,PQ|US|UV,Common Stock,common_stock_name_match,add_coverage_expansion,Active official Stock reference plus OpenFIGI Common Stock issuer-name match.,leave_blank_until_official_sector,leave_blank_until_official_identifier
OTC::KAVL,KAVL,OTC,"Kaival Brands Innovations Group, Inc.",KAVL,"Kaival Brands Innovations Group, Inc.",,KAVL,"Kaival Brands Innovations Group, Inc.",,sec_company_tickers_exchange,,Stock,false,false,,TICKER,KAVL,5,BBG000DXDDN4|BBG000DXDHF4|BBG000DXDLS1|BBG000DXDML6|BBG00X1S21Y2,KAIVAL BRANDS INNOVATIONS GR|KAIVAL BRANDS INNOVATIONS GR|KAIVAL BRANDS INNOVATIONS GR|KAIVAL BRANDS INNOVATIONS GR|KAIVAL BRANDS INNOVATIONS GR,PQ|UB|US|UV|VP,Common Stock,common_stock_name_match,add_coverage_expansion,Active official Stock reference plus OpenFIGI Common Stock issuer-name match.,leave_blank_until_official_sector,leave_blank_until_official_identifier
OTC::MFMLF,MFMLF,OTC,INTERNATIONAL ICONIC GOLD,MFMLF,International Iconic Gold Exploration Corp.,,MFMLF,INTERNATIONAL ICONIC GOLD,,otc_markets_stock_screener,,Stock,false,false,,TICKER,MFMLF,2,BBG000R429K7|BBG000R42H65,INTERNATIONAL ICONIC GOLD EX|INTERNATIONAL ICONIC GOLD EX,US|UV,Common Stock,common_stock_name_match,blocked_review_drop_entry,The repository has an explicit reviewed drop entry for this ticker/venue; coverage expansion must not reintroduce it.,leave_blank_until_official_sector,leave_blank_until_official_identifier
OTC::NEGXF,NEGXF,OTC,NEXGENRX INC,NEGXF,NexgenRx Inc.,,NEGXF,NEXGENRX INC,,otc_markets_stock_screener,,Stock,false,false,,TICKER,NEGXF,3,BBG000VR3BB5|BBG000VR3H95|BBG000VR3HK2,NEXGENRX INC|NEXGENRX INC|NEXGENRX INC,PQ|US|UV,Common Stock,common_stock_name_match,add_coverage_expansion,Active official Stock reference plus OpenFIGI Common Stock issuer-name match.,leave_blank_until_official_sector,leave_blank_until_official_identifier
OTC::NWPIF,NWPIF,OTC,FLINT CORP,NWPIF,Flint Corp.,,NWPIF,FLINT CORP,,otc_markets_stock_screener,,Stock,false,false,,TICKER,NWPIF,2,BBG000QBJDD3|BBG000QBJKY4,FLINT CORP|FLINT CORP,US|UV,Common Stock,common_stock_name_match,blocked_review_drop_entry,The repository has an explicit reviewed drop entry for this ticker/venue; coverage expansion must not reintroduce it.,leave_blank_until_official_sector,leave_blank_until_official_identifier
OTC::PUSOF,PUSOF,OTC,AAPKI VENTURES INC,PUSOF,Aapki Ventures Inc.,,PUSOF,AAPKI VENTURES INC,,otc_markets_stock_screener,,Stock,false,false,,TICKER,PUSOF,3,BBG00PPX68T9|BBG00PPX6980|BBG00PPX6999,AAPKI VENTURES INC|AAPKI VENTURES INC|AAPKI VENTURES INC,PQ|US|UV,Common Stock,common_stock_name_match,blocked_review_drop_entry,The repository has an explicit reviewed drop entry for this ticker/venue; coverage expansion must not reintroduce it.,leave_blank_until_official_sector,leave_blank_until_official_identifier
OTC::RFNDF,RFNDF,OTC,RURAL FUNDS GROUP ORD,RFNDF,Rural Funds Group,,RFNDF,RURAL FUNDS GROUP ORD,,otc_markets_stock_screener,,Stock,false,false,,TICKER,RFNDF,0,,,,,no_common_stock,blocked_openfigi_no_common_stock,OpenFIGI returned no Common Stock result for the query.,leave_blank_until_official_sector,leave_blank_until_official_identifier
OTC::ROVMF,ROVMF,OTC,STOCKWORKS GOLD INC,ROVMF,Stockworks Gold Inc.,,ROVMF,STOCKWORKS GOLD INC,,otc_markets_stock_screener,,Stock,false,false,,TICKER,ROVMF,3,BBG00MQCXZS2|BBG00MQCY062|BBG00MQCY071,STOCKWORKS GOLD INC|STOCKWORKS GOLD INC|STOCKWORKS GOLD INC,PQ|US|UV,Common Stock,common_stock_name_match,add_coverage_expansion,Active official Stock reference plus OpenFIGI Common Stock issuer-name match.,leave_blank_until_official_sector,leave_blank_until_official_identifier
OTC::SGDH,SGDH,OTC,AI METAVERSE HOLDINGS CP,SGDH,AI Metaverse Holdings Corp.,,SGDH,AI METAVERSE HOLDINGS CP,,otc_markets_stock_screener,,Stock,false,false,,TICKER,SGDH,3,BBG000ND02T9|BBG000ND0BF4|BBG000ND0C17,AI METAVERSE HOLDINGS CORP|AI METAVERSE HOLDINGS CORP|AI METAVERSE HOLDINGS CORP,PQ|US|UV,Common Stock,common_stock_name_match,add_coverage_expansion,Active official Stock reference plus OpenFIGI Common Stock issuer-name match.,leave_blank_until_official_sector,leave_blank_until_official_identifier
OTC::SGTB,SGTB,OTC,SUGGESTION BOX INC,SGTB,"Suggestion Box, Inc.",,SGTB,SUGGESTION BOX INC,,otc_markets_stock_screener,,Stock,false,false,,TICKER,SGTB,3,BBG000BYB9F4|BBG000BYBN90|BBG000BYBP86,SUGGESTION BOX INC|SUGGESTION BOX INC|SUGGESTION BOX INC,PQ|US|UV,Common Stock,common_stock_name_match,blocked_review_drop_entry,The repository has an explicit reviewed drop entry for this ticker/venue; coverage expansion must not reintroduce it.,leave_blank_until_official_sector,leave_blank_until_official_identifier
OTC::SNGSF,SNGSF,OTC,SINGAMAS CONTAINER,SNGSF,Singamas Container Holdings Limited,,SNGSF,SINGAMAS CONTAINER,,otc_markets_stock_screener,,Stock,false,false,,TICKER,SNGSF,2,BBG000PQPBK0|BBG000PQPM17,SINGAMAS CONTAINER HLDGS|SINGAMAS CONTAINER HLDGS,US|UV,Common Stock,common_stock_name_match,add_coverage_expansion,Active official Stock reference plus OpenFIGI Common Stock issuer-name match.,leave_blank_until_official_sector,leave_blank_until_official_identifier
OTC::SPPJY,SPPJY,OTC,SAPPI LTD S/ADR,SPPJY,Sappi Ltd.,US8030692029,SPPJY,SAPPI LTD S/ADR,,otc_markets_stock_screener,,Stock,false,false,,TICKER,SPPJY,0,,,,,no_common_stock,blocked_openfigi_no_common_stock,OpenFIGI returned no Common Stock result for the query.,leave_blank_until_official_sector,leave_blank_until_official_identifier
OTC::STRXF,STRXF,OTC,STRATEGX ELEMENTS CORP,STRXF,StrategX Elements Corp.,,STRXF,STRATEGX ELEMENTS CORP,,otc_markets_stock_screener,,Stock,false,false,,TICKER,STRXF,3,BBG01JH22WX5|BBG01JH22XB7|BBG01JH22XC6,STRATEGX ELEMENTS CORP|STRATEGX ELEMENTS CORP|STRATEGX ELEMENTS CORP,PQ|US|UV,Common Stock,common_stock_name_match,add_coverage_expansion,Active official Stock reference plus OpenFIGI Common Stock issuer-name match.,leave_blank_until_official_sector,leave_blank_until_official_identifier
OTC::TRFNF,TRFNF,OTC,TRUFIN PLC,TRFNF,TruFin plc,,TRFNF,TRUFIN PLC,,otc_markets_stock_screener,,Stock,false,false,,TICKER,TRFNF,3,BBG00XLX5D61|BBG00XLX5DM3|BBG00XLX5DN2,TRUFIN PLC|TRUFIN PLC|TRUFIN PLC,PQ|US|UV,Common Stock,common_stock_name_match,add_coverage_expansion,Active official Stock reference plus OpenFIGI Common Stock issuer-name match.,leave_blank_until_official_sector,leave_blank_until_official_identifier
OTC::TTSH,TTSH,OTC,TILE SHOP HLDGS INC,TTSH,"Tile Shop Holdings, Inc.",,TTSH,TILE SHOP HLDGS INC,,otc_markets_stock_screener,,Stock,false,false,,TICKER,TTSH,3,BBG0019HJW45|BBG0019XB6P2|BBG0019XB6R0,TILE SHOP HLDGS INC|TILE SHOP HLDGS INC|TILE SHOP HLDGS INC,PQ|US|UV,Common Stock,common_stock_name_match,add_coverage_expansion,Active official Stock reference plus OpenFIGI Common Stock issuer-name match.,leave_blank_until_official_sector,leave_blank_until_official_identifier
PSE_CZ::PRAB,PRAB,PSE_CZ,PRABOS PLUS,PRAB.PR,Prabos plus a.s.,LU2233156582,PRAB,PRABOS PLUS,CZ0005131318,pse_cz_shares_directory,,Stock,false,false,,ID_ISIN,CZ0005131318,2,BBG001BJRPS8|BBG00PT8JZP0,PRABOS PLUS AS|PRABOS PLUS AS,CK|CP,Common Stock,common_stock_name_match,add_coverage_expansion,Active official Stock reference plus OpenFIGI Common Stock issuer-name match.,leave_blank_until_official_sector,use_official_reference
QSE::ORDS,ORDS,QSE,Ooredoo,ORDS.QA,Ooredoo Q.P.S.C.,,ORDS,Ooredoo,,qse_market_watch,Communication Services,Stock,false,false,,TICKER,ORDS,4,BBG000D76V68|BBG000F4B5Y3|BBG000F4B699|BBG00186L608,OOREDOO QPSC|OOREDOO QPSC|OOREDOO QPSC|OOREDOO,DH|OM|QD|UH,Common Stock,common_stock_name_match,add_coverage_expansion,Active official Stock reference plus OpenFIGI Common Stock issuer-name match.,use_official_reference,leave_blank_until_official_identifier
SET::A,A,SET,AREEYA PROPERTY PUBLIC COMPANY LIMITED,A.BK,Areeya Property Public Company Limited,,A,AREEYA PROPERTY PUBLIC COMPANY LIMITED,,set_listed_companies,,Stock,false,false,,TICKER,A,1,BBG000KD5XN5,AREEYA PROPERTY PCL,TB,Common Stock,common_stock_name_match,add_coverage_expansion,Active official Stock reference plus OpenFIGI Common Stock issuer-name match.,leave_blank_until_official_sector,leave_blank_until_official_identifier
SET::ACE,ACE,SET,ABSOLUTE CLEAN ENERGY PUBLIC COMPANY LIMITED,ACE.BK,Absolute Clean Energy Public Company Limited,TH8906010005,ACE,ABSOLUTE CLEAN ENERGY PUBLIC COMPANY LIMITED,,set_listed_companies,,Stock,false,false,,TICKER,ACE,1,BBG00P5G3NG2,ABSOLUTE CLEAN ENERGY PCL,TB,Common Stock,common_stock_name_match,add_coverage_expansion,Active official Stock reference plus OpenFIGI Common Stock issuer-name match.,leave_blank_until_official_sector,leave_blank_until_official_identifier
SET::ACG,ACG,SET,AUTOCORP HOLDING PUBLIC COMPANY LIMITED,ACG.BK,Autocorp Holding Public Company Limited,,ACG,AUTOCORP HOLDING PUBLIC COMPANY LIMITED,,set_listed_companies,,Stock,false,false,,TICKER,ACG,0,,,,Common Stock,common_stock_name_mismatch,blocked_openfigi_name_mismatch,"OpenFIGI returned Common Stock results, but none matched the official issuer name.",leave_blank_until_official_sector,leave_blank_until_official_identifier
SET::ADB,ADB,SET,APPLIED DB PUBLIC COMPANY LIMITED,ADB.BK,Applied DB Public Company Limited,,ADB,APPLIED DB PUBLIC COMPANY LIMITED,,set_listed_companies,,Stock,false,false,,TICKER,ADB,1,BBG00GH895M3,APPLIED DB PCL,TB,Common Stock,common_stock_name_match,add_coverage_expansion,Active official Stock reference plus OpenFIGI Common Stock issuer-name match.,leave_blank_until_official_sector,leave_blank_until_official_identifier
SET::AF,AF,SET,AIRA FACTORING PUBLIC COMPANY LIMITED,AF.BK,AIRA Factoring Public Company Limited,,AF,AIRA FACTORING PUBLIC COMPANY LIMITED,,set_listed_companies,,Stock,false,false,,TICKER,AF,1,BBG000P0W6M8,AIRA FACTORING PCL,TB,Common Stock,common_stock_name_match,add_coverage_expansion,Active official Stock reference plus OpenFIGI Common Stock issuer-name match.,leave_blank_until_official_sector,leave_blank_until_official_identifier
SET::AHC,AHC,SET,AIKCHOL HOSPITAL PUBLIC COMPANY LIMITED,AHC.BK,Aikchol Hospital Public Company Limited,US42809H1077,AHC,AIKCHOL HOSPITAL PUBLIC COMPANY LIMITED,,set_listed_companies,,Stock,false,false,,TICKER,AHC,1,BBG000BGRD21,AIKCHOL HOSPITAL PUBLIC CO,TB,Common Stock,common_stock_name_match,add_coverage_expansion,Active official Stock reference plus OpenFIGI Common Stock issuer-name match.,leave_blank_until_official_sector,leave_blank_until_official_identifier
SET::AI,AI,SET,ASIAN INSULATORS PUBLIC COMPANY LIMITED,AI.BK,Asian Insulators Public Company Limited,,AI,ASIAN INSULATORS PUBLIC COMPANY LIMITED,,set_listed_companies,,Stock,false,false,,TICKER,AI,1,BBG000PMPC54,ASIAN INSULATORS PCL,TB,Common Stock,common_stock_name_match,add_coverage_expansion,Active official Stock reference plus OpenFIGI Common Stock issuer-name match.,leave_blank_until_official_sector,leave_blank_until_official_identifier
SET::AIE,AIE,SET,AI ENERGY PUBLIC COMPANY LIMITED,AIE.BK,AI Energy Public Company Limited,,AIE,AI ENERGY PUBLIC COMPANY LIMITED,,set_listed_companies,,Stock,false,false,,TICKER,AIE,1,BBG005659CX8,AI ENERGY PCL,TB,Common Stock,common_stock_name_match,add_coverage_expansion,Active official Stock reference plus OpenFIGI Common Stock issuer-name match.,leave_blank_until_official_sector,leave_blank_until_official_identifier
SET::AIT,AIT,SET,"ADVANCED INFORMATION TECHNOLOGY PUBLIC CO.,LTD.",AIT.BK,Advanced Information Technology Public Company Limited,,AIT,"ADVANCED INFORMATION TECHNOLOGY PUBLIC CO.,LTD.",,set_listed_companies,,Stock,false,false,,TICKER,AIT,1,BBG000NDX5S7,ADVANCED INFORMATION TECHNOL,TB,Common Stock,common_stock_name_match,add_coverage_expansion,Active official Stock reference plus OpenFIGI Common Stock issuer-name match.,leave_blank_until_official_sector,leave_blank_until_official_identifier
SET::AJA,AJA,SET,AJ ADVANCE TECHNOLOGY PUBLIC COMPANY LIMITED,AJA.BK,AJ Advance Technology Public Company Limited,,AJA,AJ ADVANCE TECHNOLOGY PUBLIC COMPANY LIMITED,,set_listed_companies,,Stock,false,false,,TICKER,AJA,1,BBG005D2JQF5,AJ ADVANCE TECHNOLOGY PCL,TB,Common Stock,common_stock_name_match,add_coverage_expansion,Active official Stock reference plus OpenFIGI Common Stock issuer-name match.,leave_blank_until_official_sector,leave_blank_until_official_identifier
SET::AKP,AKP,SET,AKKHIE PRAKARN PUBLIC COMPANY LIMITED,AKP.BK,Akkhie Prakarn Public Company Limited,,AKP,AKKHIE PRAKARN PUBLIC COMPANY LIMITED,,set_listed_companies,,Stock,false,false,,TICKER,AKP,1,BBG002ZFYPS0,AKKHIE PRAKARN PCL,TB,Common Stock,common_stock_name_match,add_coverage_expansion,Active official Stock reference plus OpenFIGI Common Stock issuer-name match.,leave_blank_until_official_sector,leave_blank_until_official_identifier
SET::AKR,AKR,SET,EKARAT ENGINEERING PUBLIC COMPANY LIMITED,AKR.BK,Ekarat Engineering Public Company Limited,,AKR,EKARAT ENGINEERING PUBLIC COMPANY LIMITED,,set_listed_companies,,Stock,false,false,,TICKER,AKR,1,BBG000GG8686,EKARAT ENGINEERING PCL,TB,Common Stock,common_stock_name_match,add_coverage_expansion,Active official Stock reference plus OpenFIGI Common Stock issuer-name match.,leave_blank_until_official_sector,leave_blank_until_official_identifier
SET::ALT,ALT,SET,ALT TELECOM PUBLIC COMPANY LIMITED,ALT.BK,ALT Telecom Public Company Limited,,ALT,ALT TELECOM PUBLIC COMPANY LIMITED,,set_listed_companies,,Stock,false,false,,TICKER,ALT,1,BBG00BS27T63,ALT TELECOM PCL,TB,Common Stock,common_stock_name_match,add_coverage_expansion,Active official Stock reference plus OpenFIGI Common Stock issuer-name match.,leave_blank_until_official_sector,leave_blank_until_official_identifier
SET::AMA,AMA,SET,AMA MARINE PUBLIC COMPANY LIMITED,AMA.BK,Ama Marine Public Company Limited,,AMA,AMA MARINE PUBLIC COMPANY LIMITED,,set_listed_companies,,Stock,false,false,,TICKER,AMA,4,BBG000BRYKK3|BBG000BRYL67|BBG002F3JJG3|BBG00DZTH484,AMA GROUP LTD|AMA GROUP LTD|AMA GROUP LTD|AMA MARINE PCL,AH|AT|AU|TB,Common Stock,common_stock_name_match,add_coverage_expansion,Active official Stock reference plus OpenFIGI Common Stock issuer-name match.,leave_blank_until_official_sector,leave_blank_until_official_identifier
SET::AP,AP,SET,AP (THAILAND) PUBLIC COMPANY LIMITED,AP.BK,AP (Thailand) Public Company Limited,,AP,AP (THAILAND) PUBLIC COMPANY LIMITED,,set_listed_companies,,Stock,false,false,,TICKER,AP,1,BBG000BVZM01,AP THAILAND PCL,TB,Common Stock,common_stock_name_match,add_coverage_expansion,Active official Stock reference plus OpenFIGI Common Stock issuer-name match.,leave_blank_until_official_sector,leave_blank_until_official_identifier
SET::APP,APP,SET,APPLICAD PUBLIC COMPANY LIMITED,APP.BK,Applicad Public Company Limited,,APP,APPLICAD PUBLIC COMPANY LIMITED,,set_listed_companies,,Stock,false,false,,TICKER,APP,1,BBG00PGS7VT8,APPLICAD CO LTD,TB,Common Stock,common_stock_name_match,add_coverage_expansion,Active official Stock reference plus OpenFIGI Common Stock issuer-name match.,leave_blank_until_official_sector,leave_blank_until_official_identifier
SET::ASN,ASN,SET,ASN BROKER PUBLIC COMPANY LIMITED,ASN.BK,ASN Broker Public Company Limited,,ASN,ASN BROKER PUBLIC COMPANY LIMITED,,set_listed_companies,,Stock,false,false,,TICKER,ASN,1,BBG00BS1ZVW0,ASN BROKER PCL,TB,Common Stock,common_stock_name_match,add_coverage_expansion,Active official Stock reference plus OpenFIGI Common Stock issuer-name match.,leave_blank_until_official_sector,leave_blank_until_official_identifier
SET::AU,AU,SET,AFTER YOU PUBLIC COMPANY LIMITED,AU.BK,After You Public Company Limited,,AU,AFTER YOU PUBLIC COMPANY LIMITED,,set_listed_companies,,Stock,false,false,,TICKER,AU,1,BBG00D6RNBZ7,AFTER YOU PCL,TB,Common Stock,common_stock_name_match,add_coverage_expansion,Active official Stock reference plus OpenFIGI Common Stock issuer-name match.,leave_blank_until_official_sector,leave_blank_until_official_identifier
SET::AWC,AWC,SET,ASSET WORLD CORP PUBLIC COMPANY LIMITED,AWC.BK,Asset World Corp Public Company Limited,,AWC,ASSET WORLD CORP PUBLIC COMPANY LIMITED,,set_listed_companies,,Stock,false,false,,TICKER,AWC,1,BBG00PFDJ990,ASSET WORLD CORP PCL,TB,Common Stock,common_stock_name_match,add_coverage_expansion,Active official Stock reference plus OpenFIGI Common Stock issuer-name match.,leave_blank_until_official_sector,leave_blank_until_official_identifier
SET::B,B,SET,BEGISTICS PUBLIC COMPANY LIMITED,B.BK,Begistics Public Company Limited,,B,BEGISTICS PUBLIC COMPANY LIMITED,,set_listed_companies,,Stock,false,false,,TICKER,B,1,BBG000PTL4R7,BEGISTICS PCL,TB,Common Stock,common_stock_name_match,add_coverage_expansion,Active official Stock reference plus OpenFIGI Common Stock issuer-name match.,leave_blank_until_official_sector,leave_blank_until_official_identifier
SET::BA,BA,SET,BANGKOK AIRWAYS PUBLIC COMPANY LIMITED,BA.BK,Bangkok Airways Public Company Limited,TH4403010002,BA,BANGKOK AIRWAYS PUBLIC COMPANY LIMITED,,set_listed_companies,,Stock,false,false,,TICKER,BA,1,BBG004F8R999,BANGKOK AIRWAYS PCL,TB,Common Stock,common_stock_name_match,add_coverage_expansion,Active official Stock reference plus OpenFIGI Common Stock issuer-name match.,leave_blank_until_official_sector,leave_blank_until_official_identifier
SET::BCH,BCH,SET,BANGKOK CHAIN HOSPITAL PUBLIC COMPANY LIMITED,BCH.BK,Bangkok Chain Hospital Public Company Limited,,BCH,BANGKOK CHAIN HOSPITAL PUBLIC COMPANY LIMITED,,set_listed_companies,,Stock,false,false,,TICKER,BCH,1,BBG000Q8W6K2,BANGKOK CHAIN HOSPITAL PCL,TB,Common Stock,common_stock_name_match,add_coverage_expansion,Active official Stock reference plus OpenFIGI Common Stock issuer-name match.,leave_blank_until_official_sector,leave_blank_until_official_identifier
SET::BCP,BCP,SET,BANGCHAK CORPORATION PUBLIC COMPANY LIMITED,BCP.BK,Bangchak Corporation Public Company Limited,,BCP,BANGCHAK CORPORATION PUBLIC COMPANY LIMITED,,set_listed_companies,,Stock,false,false,,TICKER,BCP,0,,,,Common Stock,common_stock_name_mismatch,blocked_openfigi_name_mismatch,"OpenFIGI returned Common Stock results, but none matched the official issuer name.",leave_blank_until_official_sector,leave_blank_until_official_identifier
SET::BGC,BGC,SET,BG CONTAINER GLASS PUBLIC COMPANY LIMITED,BGC.BK,BG Container Glass Public Company Limited,,BGC,BG CONTAINER GLASS PUBLIC COMPANY LIMITED,,set_listed_companies,,Stock,false,false,,TICKER,BGC,1,BBG00KTHCYX2,BG CONTAINER GLASS PCL,TB,Common Stock,common_stock_name_match,add_coverage_expansion,Active official Stock reference plus OpenFIGI Common Stock issuer-name match.,leave_blank_until_official_sector,leave_blank_until_official_identifier
SET::BGT,BGT,SET,BGT CORPORATION PUBLIC COMPANY LIMITED,BGT.BK,BGT Corporation Public Company Limited,,BGT,BGT CORPORATION PUBLIC COMPANY LIMITED,,set_listed_companies,,Stock,false,false,,TICKER,BGT,0,,,,Common Stock,common_stock_name_mismatch,blocked_openfigi_name_mismatch,"OpenFIGI returned Common Stock results, but none matched the official issuer name.",leave_blank_until_official_sector,leave_blank_until_official_identifier
SET::BH,BH,SET,BUMRUNGRAD HOSPITAL PUBLIC COMPANY LIMITED,BH.BK,Bumrungrad Hospital Public Company Limited,TH0168A10Z19,BH,BUMRUNGRAD HOSPITAL PUBLIC COMPANY LIMITED,,set_listed_companies,,Stock,false,false,,TICKER,BH,1,BBG000BGCX96,BUMRUNGRAD HOSPITAL PCL,TB,Common Stock,common_stock_name_match,add_coverage_expansion,Active official Stock reference plus OpenFIGI Common Stock issuer-name match.,leave_blank_until_official_sector,leave_blank_until_official_identifier
SET::BIG,BIG,SET,BIG CAMERA CORPORATION PUBLIC COMPANY LIMITED,BIG.BK,Big Camera Corporation Public Company Limited,,BIG,BIG CAMERA CORPORATION PUBLIC COMPANY LIMITED,,set_listed_companies,,Stock,false,false,,TICKER,BIG,1,BBG000BG6R14,BIG CAMERA CORP PCL,TB,Common Stock,common_stock_name_match,add_coverage_expansion,Active official Stock reference plus OpenFIGI Common Stock issuer-name match.,leave_blank_until_official_sector,leave_blank_until_official_identifier
SET::BM,BM,SET,BANGKOK SHEET METAL PUBLIC COMPANY LIMITED,BM.BK,Bangkok Sheet Metal Public Company Limited,,BM,BANGKOK SHEET METAL PUBLIC COMPANY LIMITED,,set_listed_companies,,Stock,false,false,,TICKER,BM,1,BBG00BT8MHG7,BANGKOK SHEET METAL PCL,TB,Common Stock,common_stock_name_match,add_coverage_expansion,Active official Stock reference plus OpenFIGI Common Stock issuer-name match.,leave_blank_until_official_sector,leave_blank_until_official_identifier
SET::BOL,BOL,SET,BUSINESS ONLINE PUBLIC COMPANY LIMITED,BOL.BK,Business Online Public Company Limited,,BOL,BUSINESS ONLINE PUBLIC COMPANY LIMITED,,set_listed_companies,,Stock,false,false,,TICKER,BOL,1,BBG000BX9QT6,BUSINESS ONLINE PCL,TB,Common Stock,common_stock_name_match,add_coverage_expansion,Active official Stock reference plus OpenFIGI Common Stock issuer-name match.,leave_blank_until_official_sector,leave_blank_until_official_identifier
SET::BR,BR,SET,BANGKOK RANCH PUBLIC COMPANY LIMITED,BR.BK,Bangkok Ranch Public Company Limited,,BR,BANGKOK RANCH PUBLIC COMPANY LIMITED,,set_listed_companies,,Stock,false,false,,TICKER,BR,1,BBG002GTGKM8,BANGKOK RANCH PCL,TB,Common Stock,common_stock_name_match,add_coverage_expansion,Active official Stock reference plus OpenFIGI Common Stock issuer-name match.,leave_blank_until_official_sector,leave_blank_until_official_identifier
SET::BRR,BRR,SET,BURIRAM SUGAR PUBLIC COMPANY LIMITED,BRR.BK,Buriram Sugar Public Company Limited,,BRR,BURIRAM SUGAR PUBLIC COMPANY LIMITED,,set_listed_companies,,Stock,false,false,,TICKER,BRR,1,BBG006MM99L1,BURIRAM SUGAR PCL,TB,Common Stock,common_stock_name_match,add_coverage_expansion,Active official Stock reference plus OpenFIGI Common Stock issuer-name match.,leave_blank_until_official_sector,leave_blank_until_official_identifier
SET::BRRGIF,BRRGIF,SET,BURIRAM SUGAR GROUP POWER PLANT INFRASTRUCTURE FUND,BRRGIF.BK,BURIRAM SUGAR GROUP POWER PLANT INFRASTRUCTURE FUND,,BRRGIF,BURIRAM SUGAR GROUP POWER PLANT INFRASTRUCTURE FUND,,set_listed_companies,,Stock,false,false,,TICKER,BRRGIF,0,,,,,no_common_stock,blocked_openfigi_no_common_stock,OpenFIGI returned no Common Stock result for the query.,leave_blank_until_official_sector,leave_blank_until_official_identifier
SET::BSM,BSM,SET,BUILDERSMART PUBLIC COMPANY LIMITED,BSM.BK,BuilderSmart Public Company Limited,,BSM,BUILDERSMART PUBLIC COMPANY LIMITED,,set_listed_companies,,Stock,false,false,,TICKER,BSM,0,,,,Common Stock,common_stock_name_mismatch,blocked_openfigi_name_mismatch,"OpenFIGI returned Common Stock results, but none matched the official issuer name.",leave_blank_until_official_sector,leave_blank_until_official_identifier
SET::BTSGIF,BTSGIF,SET,BTS RAIL MASS TRANSIT GROWTH INFRASTRUCTURE FUND,BTSGIF.BK,BTS Rail Mass Transit Growth Infrastructure Fund,,BTSGIF,BTS RAIL MASS TRANSIT GROWTH INFRASTRUCTURE FUND,,set_listed_companies,,Stock,false,false,,TICKER,BTSGIF,0,,,,,no_common_stock,blocked_openfigi_no_common_stock,OpenFIGI returned no Common Stock result for the query.,leave_blank_until_official_sector,leave_blank_until_official_identifier
SET::CAZ,CAZ,SET,CAZ (THAILAND) PUBLIC COMPANY LIMITED,CAZ.BK,CAZ (Thailand) Public Company Limited,,CAZ,CAZ (THAILAND) PUBLIC COMPANY LIMITED,,set_listed_companies,,Stock,false,false,,TICKER,CAZ,1,BBG00LTP2904,CAZ THAILAND PCL,TB,Common Stock,common_stock_name_match,add_coverage_expansion,Active official Stock reference plus OpenFIGI Common Stock issuer-name match.,leave_blank_until_official_sector,leave_blank_until_official_identifier
SET::CBG,CBG,SET,CARABAO GROUP PUBLIC COMPANY LIMITED,CBG.BK,Carabao Group Public Company Limited,,CBG,CARABAO GROUP PUBLIC COMPANY LIMITED,,set_listed_companies,,Stock,false,false,,TICKER,CBG,0,,,,Common Stock,common_stock_name_mismatch,blocked_openfigi_name_mismatch,"OpenFIGI returned Common Stock results, but none matched the official issuer name.",leave_blank_until_official_sector,leave_blank_until_official_identifier
SET::CCP,CCP,SET,CHONBURI CONCRETE PRODUCT PUBLIC COMPANY LIMITED,CCP.BK,Chonburi Concrete Product Public Company Limited,,CCP,CHONBURI CONCRETE PRODUCT PUBLIC COMPANY LIMITED,,set_listed_companies,,Stock,false,false,,TICKER,CCP,1,BBG000C1LTV2,CHONBURI CONCRETE PRODUCT PC,TB,Common Stock,common_stock_name_match,add_coverage_expansion,Active official Stock reference plus OpenFIGI Common Stock issuer-name match.,leave_blank_until_official_sector,leave_blank_until_official_identifier
SET::CHG,CHG,SET,CHULARAT HOSPITAL PUBLIC COMPANY LIMITED,CHG.BK,Chularat Hospital Public Company Limited,,CHG,CHULARAT HOSPITAL PUBLIC COMPANY LIMITED,,set_listed_companies,,Stock,false,false,,TICKER,CHG,1,BBG0042586H7,CHULARAT HOSPITAL PCL,TB,Common Stock,common_stock_name_match,add_coverage_expansion,Active official Stock reference plus OpenFIGI Common Stock issuer-name match.,leave_blank_until_official_sector,leave_blank_until_official_identifier
SET::CIMBT,CIMBT,SET,CIMB THAI BANK PUBLIC COMPANY LIMITED,CIMBT.BK,CIMB Thai Bank Public Company Limited,,CIMBT,CIMB THAI BANK PUBLIC COMPANY LIMITED,,set_listed_companies,,Stock,false,false,,TICKER,CIMBT,1,BBG000BPZMJ4,CIMB THAI BANK PCL,TB,Common Stock,common_stock_name_match,add_coverage_expansion,Active official Stock reference plus OpenFIGI Common Stock issuer-name match.,leave_blank_until_official_sector,leave_blank_until_official_identifier
SET::CITY,CITY,SET,CITY STEEL PUBLIC COMPANY LIMITED,CITY.BK,City Steel Public Company Limited,,CITY,CITY STEEL PUBLIC COMPANY LIMITED,,set_listed_companies,,Stock,false,false,,TICKER,CITY,1,BBG000J5L0H5,CITY STEEL PCL,TB,Common Stock,common_stock_name_match,add_coverage_expansion,Active official Stock reference plus OpenFIGI Common Stock issuer-name match.,leave_blank_until_official_sector,leave_blank_until_official_identifier
SET::CM,CM,SET,CHIANGMAI FROZEN FOODS PUBLIC COMPANY LIMITED,CM.BK,Chiangmai Frozen Foods Public Company Limited,TH0317010Z08,CM,CHIANGMAI FROZEN FOODS PUBLIC COMPANY LIMITED,,set_listed_companies,,Stock,false,false,,TICKER,CM,1,BBG000BJ2YR9,CHIANGMAI FROZEN FOODS PUB,TB,Common Stock,common_stock_name_match,add_coverage_expansion,Active official Stock reference plus OpenFIGI Common Stock issuer-name match.,leave_blank_until_official_sector,leave_blank_until_official_identifier
SET::CMO,CMO,SET,CMO PUBLIC COMPANY LIMITED,CMO.BK,CMO Public Company Limited,,CMO,CMO PUBLIC COMPANY LIMITED,,set_listed_companies,,Stock,false,false,,TICKER,CMO,0,,,,Common Stock,common_stock_name_mismatch,blocked_openfigi_name_mismatch,"OpenFIGI returned Common Stock results, but none matched the official issuer name.",leave_blank_until_official_sector,leave_blank_until_official_identifier
SET::CMR,CMR,SET,CHIANG MAI RAM MEDICAL BUSINESS PUBLIC COMPANY LIMITED,CMR.BK,Chiang Mai Ram Medical Business Public Company Limited,TH0432010Z05,CMR,CHIANG MAI RAM MEDICAL BUSINESS PUBLIC COMPANY LIMITED,,set_listed_companies,,Stock,false,false,,TICKER,CMR,1,BBG000DMWFZ9,CHIANG MAI RAM MEDICAL BUSIN,TB,Common Stock,common_stock_name_match,add_coverage_expansion,Active official Stock reference plus OpenFIGI Common Stock issuer-name match.,leave_blank_until_official_sector,leave_blank_until_official_identifier
SET::CNT,CNT,SET,CHRISTIANI & NIELSEN (THAI) PUBLIC COMPANY LIMITED,CNT.BK,Christiani & Nielsen (Thai) Public Company Limited,,CNT,CHRISTIANI & NIELSEN (THAI) PUBLIC COMPANY LIMITED,,set_listed_companies,,Stock,false,false,,TICKER,CNT,1,BBG000BGCYT2,CHRISTIANI & NIELSEN THAI,TB,Common Stock,common_stock_name_match,add_coverage_expansion,Active official Stock reference plus OpenFIGI Common Stock issuer-name match.,leave_blank_until_official_sector,leave_blank_until_official_identifier
SET::CPF,CPF,SET,CHAROEN POKPHAND FOODS PUBLIC COMPANY LIMITED,CPF.BK,Charoen Pokphand Foods Public Company Limited,,CPF,CHAROEN POKPHAND FOODS PUBLIC COMPANY LIMITED,,set_listed_companies,,Stock,false,false,,TICKER,CPF,1,BBG000BDHC85,CHAROEN POKPHAND FOODS PUB,TB,Common Stock,common_stock_name_match,add_coverage_expansion,Active official Stock reference plus OpenFIGI Common Stock issuer-name match.,leave_blank_until_official_sector,leave_blank_until_official_identifier
SET::CPL,CPL,SET,CPL GROUP PUBLIC COMPANY LIMITED,CPL.BK,CPL Group Public Company Limited,,CPL,CPL GROUP PUBLIC COMPANY LIMITED,,set_listed_companies,,Stock,false,false,,TICKER,CPL,1,BBG000DXD221,CPL GROUP PUBLIC CO LTD,TB,Common Stock,common_stock_name_match,add_coverage_expansion,Active official Stock reference plus OpenFIGI Common Stock issuer-name match.,leave_blank_until_official_sector,leave_blank_until_official_identifier
SET::CPNCG,CPNCG,SET,CPN COMMERCIAL GROWTH LEASEHOLD PROPERTY FUND,CPNCG.BK,CPN Commercial Growth Leasehold Property Fund,,CPNCG,CPN COMMERCIAL GROWTH LEASEHOLD PROPERTY FUND,,set_listed_companies,,Stock,false,false,,TICKER,CPNCG,0,,,,,no_common_stock,blocked_openfigi_no_common_stock,OpenFIGI returned no Common Stock result for the query.,leave_blank_until_official_sector,leave_blank_until_official_identifier
SET::CPR,CPR,SET,CPR GOMU INDUSTRIAL PUBLIC COMPANY LIMITED,CPR.BK,CPR Gomu Industrial Public Company Limited,,CPR,CPR GOMU INDUSTRIAL PUBLIC COMPANY LIMITED,,set_listed_companies,,Stock,false,false,,TICKER,CPR,1,BBG000Q9FP54,CPR GOMU INDUSTRIAL PCL,TB,Common Stock,common_stock_name_match,add_coverage_expansion,Active official Stock reference plus OpenFIGI Common Stock issuer-name match.,leave_blank_until_official_sector,leave_blank_until_official_identifier
SET::CRC,CRC,SET,CENTRAL RETAIL CORPORATION PUBLIC COMPANY LIMITED,CRC.BK,Central Retail Corporation Public Company Limited,,CRC,CENTRAL RETAIL CORPORATION PUBLIC COMPANY LIMITED,,set_listed_companies,,Stock,false,false,,TICKER,CRC,1,BBG00QGPWZT5,CENTRAL RETAIL CORP PCL,TB,Common Stock,common_stock_name_match,add_coverage_expansion,Active official Stock reference plus OpenFIGI Common Stock issuer-name match.,leave_blank_until_official_sector,leave_blank_until_official_identifier
SET::CRD,CRD,SET,CHIANGMAI RIMDOI PUBLIC COMPANY LIMITED,CRD.BK,Chiangmai Rimdoi Public Company Limited,,CRD,CHIANGMAI RIMDOI PUBLIC COMPANY LIMITED,,set_listed_companies,,Stock,false,false,,TICKER,CRD,0,,,,Common Stock,common_stock_name_mismatch,blocked_openfigi_name_mismatch,"OpenFIGI returned Common Stock results, but none matched the official issuer name.",leave_blank_until_official_sector,leave_blank_until_official_identifier
SET::CSC,CSC,SET,CROWN SEAL PUBLIC COMPANY LIMITED,CSC.BK,Crown Seal Public Company Limited,,CSC,CROWN SEAL PUBLIC COMPANY LIMITED,,set_listed_companies,,Stock,false,false,,TICKER,CSC,1,BBG000BDHF24,CROWN SEAL PUBLIC CO LTD,TB,Common Stock,common_stock_name_match,add_coverage_expansion,Active official Stock reference plus OpenFIGI Common Stock issuer-name match.,leave_blank_until_official_sector,leave_blank_until_official_identifier
SET::CSR,CSR,SET,CITY SPORTS AND RECREATION PUBLIC COMPANY LIMITED,CSR.BK,City Sports and Recreation Public Company Limited,,CSR,CITY SPORTS AND RECREATION PUBLIC COMPANY LIMITED,,set_listed_companies,,Stock,false,false,,TICKER,CSR,1,BBG000BFCT15,CITY SPORTS & RECREATION PUB,TB,Common Stock,common_stock_name_match,add_coverage_expansion,Active official Stock reference plus OpenFIGI Common Stock issuer-name match.,leave_blank_until_official_sector,leave_blank_until_official_identifier
SET::CTARAF,CTARAF,SET,CENTARA HOTELS & RESORTS LEASEHOLD PROPERTY FUND,CTARAF.BK,Centara Hotels & Resorts Leasehold Property Fund,,CTARAF,CENTARA HOTELS & RESORTS LEASEHOLD PROPERTY FUND,,set_listed_companies,,Stock,false,false,,TICKER,CTARAF,0,,,,,no_common_stock,blocked_openfigi_no_common_stock,OpenFIGI returned no Common Stock result for the query.,leave_blank_until_official_sector,leave_blank_until_official_identifier
SET::CWT,CWT,SET,CHAI WATANA TANNERY GROUP PUBLIC COMPANY LIMITED,CWT.BK,Chai Watana Tannery Group Public Company Limited,,CWT,CHAI WATANA TANNERY GROUP PUBLIC COMPANY LIMITED,,set_listed_companies,,Stock,false,false,,TICKER,CWT,1,BBG000BFZZ52,CHAI WATANA TANNERY PUB CO,TB,Common Stock,common_stock_name_match,add_coverage_expansion,Active official Stock reference plus OpenFIGI Common Stock issuer-name match.,leave_blank_until_official_sector,leave_blank_until_official_identifier
SET::DCC,DCC,SET,DYNASTY CERAMIC PUBLIC COMPANY LIMITED,DCC.BK,Dynasty Ceramic Public Company Limited,,DCC,DYNASTY CERAMIC PUBLIC COMPANY LIMITED,,set_listed_companies,,Stock,false,false,,TICKER,DCC,1,BBG000BGR7Z8,DYNASTY CERAMIC PUB CO LTD,TB,Common Stock,common_stock_name_match,add_coverage_expansion,Active official Stock reference plus OpenFIGI Common Stock issuer-name match.,leave_blank_until_official_sector,leave_blank_until_official_identifier
SET::DDD,DDD,SET,DO DAY DREAM PUBLIC COMPANY LIMITED,DDD.BK,Do Day Dream Public Company Limited,,DDD,DO DAY DREAM PUBLIC COMPANY LIMITED,,set_listed_companies,,Stock,false,false,,TICKER,DDD,1,BBG00HF2WRS6,DO DAY DREAM PCL,TB,Common Stock,common_stock_name_match,add_coverage_expansion,Active official Stock reference plus OpenFIGI Common Stock issuer-name match.,leave_blank_until_official_sector,leave_blank_until_official_identifier
SET::DELTA,DELTA,SET,DELTA ELECTRONICS (THAILAND) PUBLIC COMPANY LIMITED,DELTA.BK,Delta Electronics (Thailand) Public Company Limited,,DELTA,DELTA ELECTRONICS (THAILAND) PUBLIC COMPANY LIMITED,,set_listed_companies,,Stock,false,false,,TICKER,DELTA,5,BBG000BZ73N0|BBG000NB2VF2|BBG000NB2W33|BBG000NB2X77|BBG003NW7SQ0,DELTA ELECTRONICS THAI PCL|DELTA CORP LTD|DELTA CORP LTD|DELTA CORP LTD|DELTA CORP LTD,IB|IG|IN|IS|TB,Common Stock,common_stock_name_match,add_coverage_expansion,Active official Stock reference plus OpenFIGI Common Stock issuer-name match.,leave_blank_until_official_sector,leave_blank_until_official_identifier
SET::DRT,DRT,SET,DIAMOND BUILDING PRODUCTS PUBLIC COMPANY LIMITED,DRT.BK,Diamond Building Products Public Company Limited,,DRT,DIAMOND BUILDING PRODUCTS PUBLIC COMPANY LIMITED,,set_listed_companies,,Stock,false,false,,TICKER,DRT,1,BBG000D79SS8,DIAMOND BUILDING PRODUCTS PC,TB,Common Stock,common_stock_name_match,add_coverage_expansion,Active official Stock reference plus OpenFIGI Common Stock issuer-name match.,leave_blank_until_official_sector,leave_blank_until_official_identifier
SET::EA,EA,SET,ENERGY ABSOLUTE PUBLIC COMPANY LIMITED,EA.BK,Energy Absolute Public Company Limited,,EA,ENERGY ABSOLUTE PUBLIC COMPANY LIMITED,,set_listed_companies,,Stock,false,false,,TICKER,EA,1,BBG003GRJSB2,ENERGY ABSOLUTE PCL,TB,Common Stock,common_stock_name_match,add_coverage_expansion,Active official Stock reference plus OpenFIGI Common Stock issuer-name match.,leave_blank_until_official_sector,leave_blank_until_official_identifier
SET::ECF,ECF,SET,EAST COAST FURNITECH PUBLIC COMPANY LIMITED,ECF.BK,East Coast Furnitech Public Company Limited,,ECF,EAST COAST FURNITECH PUBLIC COMPANY LIMITED,,set_listed_companies,,Stock,false,false,,TICKER,ECF,1,BBG003S1C220,EAST COAST FURNITECH CO LTD,TB,Common Stock,common_stock_name_match,add_coverage_expansion,Active official Stock reference plus OpenFIGI Common Stock issuer-name match.,leave_blank_until_official_sector,leave_blank_until_official_identifier
SET::EMC,EMC,SET,EMC PUBLIC COMPANY LIMITED,EMC.BK,EMC Public Company Limited,,EMC,EMC PUBLIC COMPANY LIMITED,,set_listed_companies,,Stock,false,false,,TICKER,EMC,1,BBG000BZ8J36,EMC PUBLIC CO LTD,TB,Common Stock,common_stock_name_match,add_coverage_expansion,Active official Stock reference plus OpenFIGI Common Stock issuer-name match.,leave_blank_until_official_sector,leave_blank_until_official_identifier
SET::ETC,ETC,SET,EARTH TECH ENVIRONMENT PUBLIC COMPANY LIMITED,ETC.BK,Earth Tech Environment Public Company Limited,,ETC,EARTH TECH ENVIRONMENT PUBLIC COMPANY LIMITED,,set_listed_companies,,Stock,false,false,,TICKER,ETC,1,BBG00RKZ4VB5,EARTH TECH ENVIRONMENT PCL,TB,Common Stock,common_stock_name_match,add_coverage_expansion,Active official Stock reference plus OpenFIGI Common Stock issuer-name match.,leave_blank_until_official_sector,leave_blank_until_official_identifier
SET::ETE,ETE,SET,EASTERN TECHNICAL ENGINEERING PUBLIC COMPANY LIMITED,ETE.BK,Eastern Technical Engineering Public Company Limited,,ETE,EASTERN TECHNICAL ENGINEERING PUBLIC COMPANY LIMITED,,set_listed_companies,,Stock,false,false,,TICKER,ETE,1,BBG00CKL8HT7,EASTERN TECHNICAL ENGINEERIN,TB,Common Stock,common_stock_name_match,add_coverage_expansion,Active official Stock reference plus OpenFIGI Common Stock issuer-name match.,leave_blank_until_official_sector,leave_blank_until_official_identifier
SET::EVER,EVER,SET,EVERLAND PUBLIC COMPANY LIMITED,EVER.BK,Everland Public Company Limited,TH0391010004,EVER,EVERLAND PUBLIC COMPANY LIMITED,,set_listed_companies,,Stock,false,false,,TICKER,EVER,0,,,,Common Stock,common_stock_name_mismatch,blocked_openfigi_name_mismatch,"OpenFIGI returned Common Stock results, but none matched the official issuer name.",leave_blank_until_official_sector,leave_blank_until_official_identifier
SET::FE,FE,SET,FAR EAST FAME LINE PUBLIC COMPANY LIMITED,FE.BK,Far East Fame Line DDB Public Company Limited,,FE,FAR EAST FAME LINE PUBLIC COMPANY LIMITED,,set_listed_companies,,Stock,false,false,,TICKER,FE,1,BBG000BFDKP7,FAR EAST FAME LINE PCL,TB,Common Stock,common_stock_name_match,add_coverage_expansion,Active official Stock reference plus OpenFIGI Common Stock issuer-name match.,leave_blank_until_official_sector,leave_blank_until_official_identifier
SET::FN,FN,SET,FN FACTORY OUTLET PUBLIC COMPANY LIMITED,FN.BK,FN Factory Outlet Public Company Limited,,FN,FN FACTORY OUTLET PUBLIC COMPANY LIMITED,,set_listed_companies,,Stock,false,false,,TICKER,FN,1,BBG00CXKN907,FN FACTORY OUTLET PCL,TB,Common Stock,common_stock_name_match,add_coverage_expansion,Active official Stock reference plus OpenFIGI Common Stock issuer-name match.,leave_blank_until_official_sector,leave_blank_until_official_identifier
SET::FPI,FPI,SET,FORTUNE PARTS INDUSTRY PUBLIC COMPANY LIMITED,FPI.BK,Fortune Parts Industry Public Company Limited,,FPI,FORTUNE PARTS INDUSTRY PUBLIC COMPANY LIMITED,,set_listed_companies,,Stock,false,false,,TICKER,FPI,1,BBG0033JSTN9,FORTUNE PARTS INDUSTRY PCL,TB,Common Stock,common_stock_name_match,add_coverage_expansion,Active official Stock reference plus OpenFIGI Common Stock issuer-name match.,leave_blank_until_official_sector,leave_blank_until_official_identifier
SET::FTE,FTE,SET,FIRETRADE ENGINEERING PUBLIC COMPANY LIMITED,FTE.BK,Firetrade Engineering Public Company Limited,,FTE,FIRETRADE ENGINEERING PUBLIC COMPANY LIMITED,,set_listed_companies,,Stock,false,false,,TICKER,FTE,1,BBG00GM96PK6,FIRETRADE ENGINEERING PCL,TB,Common Stock,common_stock_name_match,add_coverage_expansion,Active official Stock reference plus OpenFIGI Common Stock issuer-name match.,leave_blank_until_official_sector,leave_blank_until_official_identifier
SET::FVC,FVC,SET,FILTER VISION PUBLIC COMPANY LIMITED,FVC.BK,Filter Vision Public Company Limited,,FVC,FILTER VISION PUBLIC COMPANY LIMITED,,set_listed_companies,,Stock,false,false,,TICKER,FVC,1,BBG004M37MD0,FILTER VISION PCL,TB,Common Stock,common_stock_name_match,add_coverage_expansion,Active official Stock reference plus OpenFIGI Common Stock issuer-name match.,leave_blank_until_official_sector,leave_blank_until_official_identifier
SET::GGC,GGC,SET,GLOBAL GREEN CHEMICALS PUBLIC COMPANY LIMITED,GGC.BK,Global Green Chemicals Public Company Limited,,GGC,GLOBAL GREEN CHEMICALS PUBLIC COMPANY LIMITED,,set_listed_companies,,Stock,false,false,,TICKER,GGC,1,BBG00DZQD206,GLOBAL GREEN CHEMICALS PCL,TB,Common Stock,common_stock_name_match,add_coverage_expansion,Active official Stock reference plus OpenFIGI Common Stock issuer-name match.,leave_blank_until_official_sector,leave_blank_until_official_identifier
SET::GLAND,GLAND,SET,GRAND CANAL LAND PUBLIC COMPANY LIMITED,GLAND.BK,Grand Canal Land Public Company Limited,,GLAND,GRAND CANAL LAND PUBLIC COMPANY LIMITED,,set_listed_companies,,Stock,false,false,,TICKER,GLAND,1,BBG000G6KS95,GRAND CANAL LAND PCL,TB,Common Stock,common_stock_name_match,add_coverage_expansion,Active official Stock reference plus OpenFIGI Common Stock issuer-name match.,leave_blank_until_official_sector,leave_blank_until_official_identifier
SET::GREEN,GREEN,SET,GREEN RESOURCES PUBLIC COMPANY LIMITED,GREEN.BK,Green Resources Public Company Limited,TH0876A10Y05,GREEN,GREEN RESOURCES PUBLIC COMPANY LIMITED,,set_listed_companies,,Stock,false,false,,TICKER,GREEN,1,BBG000BWH9N3,GREEN RESOURCES PCL,TB,Common Stock,common_stock_name_match,add_coverage_expansion,Active official Stock reference plus OpenFIGI Common Stock issuer-name match.,leave_blank_until_official_sector,leave_blank_until_official_identifier
SET::HYDRO,HYDRO,SET,HYDROTEK PUBLIC COMPANY LIMITED,HYDRO.BK,Hydrotek Public Company Limited,LU2365458145,HYDRO,HYDROTEK PUBLIC COMPANY LIMITED,,set_listed_companies,,Stock,false,false,,TICKER,HYDRO,0,,,,Common Stock,common_stock_name_mismatch,blocked_openfigi_name_mismatch,"OpenFIGI returned Common Stock results, but none matched the official issuer name.",leave_blank_until_official_sector,leave_blank_until_official_identifier
SET::IP,IP,SET,INTER PHARMA PUBLIC COMPANY LIMITED,IP.BK,Inter Pharma Public Company Limited,,IP,INTER PHARMA PUBLIC COMPANY LIMITED,,set_listed_companies,,Stock,false,false,,TICKER,IP,0,,,,Common Stock,common_stock_name_mismatch,blocked_openfigi_name_mismatch,"OpenFIGI returned Common Stock results, but none matched the official issuer name.",leave_blank_until_official_sector,leave_blank_until_official_identifier
SET::IT,IT,SET,IT CITY PUBLIC COMPANY LIMITED,IT.BK,IT City Public Company Limited,,IT,IT CITY PUBLIC COMPANY LIMITED,,set_listed_companies,,Stock,false,false,,TICKER,IT,1,BBG000D5VT96,IT CITY PCL,TB,Common Stock,common_stock_name_match,add_coverage_expansion,Active official Stock reference plus OpenFIGI Common Stock issuer-name match.,leave_blank_until_official_sector,leave_blank_until_official_identifier
SET::J,J,SET,JAS ASSET PUBLIC COMPANY LIMITED,J.BK,JAS Asset Public Company Limited,,J,JAS ASSET PUBLIC COMPANY LIMITED,,set_listed_companies,,Stock,false,false,,TICKER,J,1,BBG00B3SVNC2,JAS ASSET PCL,TB,Common Stock,common_stock_name_match,add_coverage_expansion,Active official Stock reference plus OpenFIGI Common Stock issuer-name match.,leave_blank_until_official_sector,leave_blank_until_official_identifier
SET::JMT,JMT,SET,JMT NETWORK SERVICES PUBLIC COMPANY LIMITED,JMT.BK,JMT Network Services Public Company Limited,,JMT,JMT NETWORK SERVICES PUBLIC COMPANY LIMITED,,set_listed_companies,,Stock,false,false,,TICKER,JMT,1,BBG0036JD867,JMT NETWORK SERVICES PCL,TB,Common Stock,common_stock_name_match,add_coverage_expansion,Active official Stock reference plus OpenFIGI Common Stock issuer-name match.,leave_blank_until_official_sector,leave_blank_until_official_identifier
SET::K,K,SET,KINGSMEN C.M.T.I. PUBLIC COMPANY LIMITED,K.BK,Kingsmen C.M.T.I. Public Company Limited,TH6934010005,K,KINGSMEN C.M.T.I. PUBLIC COMPANY LIMITED,,set_listed_companies,,Stock,false,false,,TICKER,K,0,,,,Common Stock,common_stock_name_mismatch,blocked_openfigi_name_mismatch,"OpenFIGI returned Common Stock results, but none matched the official issuer name.",leave_blank_until_official_sector,leave_blank_until_official_identifier
SET::KBSPIF,KBSPIF,SET,KHONBURI SUGAR POWER PLANT INFRASTRUCTURE FUND,KBSPIF.BK,Khonburi Sugar Power Plant Infrastructure Fund,,KBSPIF,KHONBURI SUGAR POWER PLANT INFRASTRUCTURE FUND,,set_listed_companies,,Stock,false,false,,TICKER,KBSPIF,0,,,,,no_common_stock,blocked_openfigi_no_common_stock,OpenFIGI returned no Common Stock result for the query.,leave_blank_until_official_sector,leave_blank_until_official_identifier
SET::KCE,KCE,SET,KCE ELECTRONICS PUBLIC COMPANY LIMITED,KCE.BK,KCE Electronics Public Company Limited,,KCE,KCE ELECTRONICS PUBLIC COMPANY LIMITED,,set_listed_companies,,Stock,false,false,,TICKER,KCE,1,BBG000BDBRX0,KCE ELECTRONICS PUB CO LTD,TB,Common Stock,common_stock_name_match,add_coverage_expansion,Active official Stock reference plus OpenFIGI Common Stock issuer-name match.,leave_blank_until_official_sector,leave_blank_until_official_identifier
SET::KSL,KSL,SET,KHON KAEN SUGAR INDUSTRY PUBLIC COMPANY LIMITED,KSL.BK,Khon Kaen Sugar Industry Public Company Limited,,KSL,KHON KAEN SUGAR INDUSTRY PUBLIC COMPANY LIMITED,,set_listed_companies,,Stock,false,false,,TICKER,KSL,1,BBG000BC9RW6,KHON KAEN SUGAR INDUSTRY PCL,TB,Common Stock,common_stock_name_match,add_coverage_expansion,Active official Stock reference plus OpenFIGI Common Stock issuer-name match.,leave_blank_until_official_sector,leave_blank_until_official_identifier
SET::KWM,KWM,SET,K. W. METAL WORK PUBLIC COMPANY LIMITED,KWM.BK,K. W.  Metal Work Public Company Limited,,KWM,K. W. METAL WORK PUBLIC COMPANY LIMITED,,set_listed_companies,,Stock,false,false,,TICKER,KWM,1,BBG00KX4GJ38,K W METAL WORK PCL,TB,Common Stock,common_stock_name_match,add_coverage_expansion,Active official Stock reference plus OpenFIGI Common Stock issuer-name match.,leave_blank_until_official_sector,leave_blank_until_official_identifier
SET::LEE,LEE,SET,LEE FEED MILL PUBLIC COMPANY LIMITED,LEE.BK,Lee Feed Mill Public Company Limited,,LEE,LEE FEED MILL PUBLIC COMPANY LIMITED,,set_listed_companies,,Stock,false,false,,TICKER,LEE,1,BBG000BGF1G5,LEE FEED MILL PUB CO LTD,TB,Common Stock,common_stock_name_match,add_coverage_expansion,Active official Stock reference plus OpenFIGI Common Stock issuer-name match.,leave_blank_until_official_sector,leave_blank_until_official_identifier
SET::M,M,SET,MK RESTAURANT GROUP PUBLIC COMPANY LIMITED,M.BK,MK Restaurant Group Public Company Limited,,M,MK RESTAURANT GROUP PUBLIC COMPANY LIMITED,,set_listed_companies,,Stock,false,false,,TICKER,M,1,BBG0045DTWB3,MK RESTAURANTS GROUP PCL,TB,Common Stock,common_stock_name_match,add_coverage_expansion,Active official Stock reference plus OpenFIGI Common Stock issuer-name match.,leave_blank_until_official_sector,leave_blank_until_official_identifier
SET::MBK,MBK,SET,MBK PUBLIC COMPANY LIMITED,MBK.BK,MBK Public Company Limited,,MBK,MBK PUBLIC COMPANY LIMITED,,set_listed_companies,,Stock,false,false,,TICKER,MBK,0,,,,Common Stock,common_stock_name_mismatch,blocked_openfigi_name_mismatch,"OpenFIGI returned Common Stock results, but none matched the official issuer name.",leave_blank_until_official_sector,leave_blank_until_official_identifier
SET::MC,MC,SET,MC GROUP PUBLIC COMPANY LIMITED,MC.BK,MC Group Public Company Limited,,MC,MC GROUP PUBLIC COMPANY LIMITED,,set_listed_companies,,Stock,false,false,,TICKER,MC,0,,,,Common Stock,common_stock_name_mismatch,blocked_openfigi_name_mismatch,"OpenFIGI returned Common Stock results, but none matched the official issuer name.",leave_blank_until_official_sector,leave_blank_until_official_identifier
SET::MEGA,MEGA,SET,MEGA LIFESCIENCES PUBLIC COMPANY LIMITED,MEGA.BK,Mega Lifesciences Public Company Limited,,MEGA,MEGA LIFESCIENCES PUBLIC COMPANY LIMITED,,set_listed_companies,,Stock,false,false,,TICKER,MEGA,1,BBG004WGBM09,MEGA LIFESCIENCES PCL,TB,Common Stock,common_stock_name_match,add_coverage_expansion,Active official Stock reference plus OpenFIGI Common Stock issuer-name match.,leave_blank_until_official_sector,leave_blank_until_official_identifier
SET::META,META,SET,META CORPORATION PUBLIC COMPANY LIMITED,META.BK,Meta Corporation Public Company Limited,CA59101A1012,META,META CORPORATION PUBLIC COMPANY LIMITED,,set_listed_companies,,Stock,false,false,,TICKER,META,0,,,,Common Stock,common_stock_name_mismatch,blocked_openfigi_name_mismatch,"OpenFIGI returned Common Stock results, but none matched the official issuer name.",leave_blank_until_official_sector,leave_blank_until_official_identifier
SET::MGT,MGT,SET,MEGACHEM (THAILAND) PUBLIC COMPANY LIMITED,MGT.BK,Megachem (Thailand) Public Company Limited,,MGT,MEGACHEM (THAILAND) PUBLIC COMPANY LIMITED,,set_listed_companies,,Stock,false,false,,TICKER,MGT,1,BBG00DZTJ7Q5,MEGACHEM THAILAND PCL,TB,Common Stock,common_stock_name_match,add_coverage_expansion,Active official Stock reference plus OpenFIGI Common Stock issuer-name match.,leave_blank_until_official_sector,leave_blank_until_official_identifier
SET::MIPF,MIPF,SET,MILLIONAIRE PROPERTY FUND,MIPF.BK,Millionaire Property Fund,,MIPF,MILLIONAIRE PROPERTY FUND,,set_listed_companies,,Stock,false,false,,TICKER,MIPF,0,,,,,no_common_stock,blocked_openfigi_no_common_stock,OpenFIGI returned no Common Stock result for the query.,leave_blank_until_official_sector,leave_blank_until_official_identifier
SET::ML,ML,SET,"MIDA LEASING PUBLIC CO., LTD.",ML.BK,Mida Leasing Public Company Limited,,ML,"MIDA LEASING PUBLIC CO., LTD.",,set_listed_companies,,Stock,false,false,,TICKER,ML,1,BBG000GPCHB3,MIDA LEASING PCL,TB,Common Stock,common_stock_name_match,add_coverage_expansion,Active official Stock reference plus OpenFIGI Common Stock issuer-name match.,leave_blank_until_official_sector,leave_blank_until_official_identifier
SET::MORE,MORE,SET,MORE RETURN PUBLIC COMPANY LIMITED,MORE.BK,More Return Public Company Limited,,MORE,MORE RETURN PUBLIC COMPANY LIMITED,,set_listed_companies,,Stock,false,false,,TICKER,MORE,1,BBG003BJW3F1,MORE RETURN PCL,TB,Common Stock,common_stock_name_match,add_coverage_expansion,Active official Stock reference plus OpenFIGI Common Stock issuer-name match.,leave_blank_until_official_sector,leave_blank_until_official_identifier
SET::MSC,MSC,SET,METRO SYSTEMS CORPORATION PUBLIC COMPANY LIMITED,MSC.BK,Metro Systems Corporation Public Company Limited,,MSC,METRO SYSTEMS CORPORATION PUBLIC COMPANY LIMITED,,set_listed_companies,,Stock,false,false,,TICKER,MSC,1,BBG000BZB1Z6,METRO SYSTEMS CORP PCL,TB,Common Stock,common_stock_name_match,add_coverage_expansion,Active official Stock reference plus OpenFIGI Common Stock issuer-name match.,leave_blank_until_official_sector,leave_blank_until_official_identifier
SET::MTI,MTI,SET,MUANG THAI INSURANCE PUBLIC COMPANY LIMITED,MTI.BK,Muang Thai Insurance Public Company Limited,,MTI,MUANG THAI INSURANCE PUBLIC COMPANY LIMITED,,set_listed_companies,,Stock,false,false,,TICKER,MTI,1,BBG000DLY8Q5,MUANG THAI INSURANCE PCL,TB,Common Stock,common_stock_name_match,add_coverage_expansion,Active official Stock reference plus OpenFIGI Common Stock issuer-name match.,leave_blank_until_official_sector,leave_blank_until_official_identifier
SET::MVP,MVP,SET,M VISION PUBLIC COMPANY LIMITED,MVP.BK,M Vision Public Company Limited,,MVP,M VISION PUBLIC COMPANY LIMITED,,set_listed_companies,,Stock,false,false,,TICKER,MVP,0,,,,Common Stock,common_stock_name_mismatch,blocked_openfigi_name_mismatch,"OpenFIGI returned Common Stock results, but none matched the official issuer name.",leave_blank_until_official_sector,leave_blank_until_official_identifier
SET::NEW,NEW,SET,WATTANA KARNPAET PUBLIC COMPANY LIMITED,NEW.BK,Wattana Karnpaet Public Company Limited,,NEW,WATTANA KARNPAET PUBLIC COMPANY LIMITED,,set_listed_companies,,Stock,false,false,,TICKER,NEW,1,BBG000GW62N5,WATTANA KARNPAET PUB CO LTD,TB,Common Stock,common_stock_name_match,add_coverage_expansion,Active official Stock reference plus OpenFIGI Common Stock issuer-name match.,leave_blank_until_official_sector,leave_blank_until_official_identifier
SET::NEX,NEX,SET,NEX POINT PUBLIC COMPANY LIMITED,NEX.BK,Nex Point Public Company Limited,,NEX,NEX POINT PUBLIC COMPANY LIMITED,,set_listed_companies,,Stock,false,false,,TICKER,NEX,1,BBG000QD2GL1,NEX POINT PARTS PCL,TB,Common Stock,common_stock_name_match,add_coverage_expansion,Active official Stock reference plus OpenFIGI Common Stock issuer-name match.,leave_blank_until_official_sector,leave_blank_until_official_identifier
SET::NFC,NFC,SET,NFC PUBLIC COMPANY LIMITED,NFC.BK,NFC Public Company Limited,,NFC,NFC PUBLIC COMPANY LIMITED,,set_listed_companies,,Stock,false,false,,TICKER,NFC,0,,,,Common Stock,common_stock_name_mismatch,blocked_openfigi_name_mismatch,"OpenFIGI returned Common Stock results, but none matched the official issuer name.",leave_blank_until_official_sector,leave_blank_until_official_identifier
SET::NOVA,NOVA,SET,NOVA EMPIRE PUBLIC COMPANY LIMITED,NOVA.BK,Nova Empire Public Company Limited,,NOVA,NOVA EMPIRE PUBLIC COMPANY LIMITED,,set_listed_companies,,Stock,false,false,,TICKER,NOVA,1,BBG000BJ2Z32,NOVA EMPIRE PCL,TB,Common Stock,common_stock_name_match,add_coverage_expansion,Active official Stock reference plus OpenFIGI Common Stock issuer-name match.,leave_blank_until_official_sector,leave_blank_until_official_identifier
SET::NPK,NPK,SET,NEW PLUS KNITTING PUBLIC COMPANY LIMITED,NPK.BK,New Plus Knitting Public Company Limited,,NPK,NEW PLUS KNITTING PUBLIC COMPANY LIMITED,,set_listed_companies,,Stock,false,false,,TICKER,NPK,1,BBG000BFF8G2,NEW PLUS KNITTING PUB CO LTD,TB,Common Stock,common_stock_name_match,add_coverage_expansion,Active official Stock reference plus OpenFIGI Common Stock issuer-name match.,leave_blank_until_official_sector,leave_blank_until_official_identifier
SET::NRF,NRF,SET,NR INSTANT PRODUCE PUBLIC COMPANY LIMITED,NRF.BK,NR Instant Produce Public Company Limited,,NRF,NR INSTANT PRODUCE PUBLIC COMPANY LIMITED,,set_listed_companies,,Stock,false,false,,TICKER,NRF,1,BBG00RPJ67T8,NR INSTANT PRODUCE PCL,TB,Common Stock,common_stock_name_match,add_coverage_expansion,Active official Stock reference plus OpenFIGI Common Stock issuer-name match.,leave_blank_until_official_sector,leave_blank_until_official_identifier
SET::NTV,NTV,SET,NONTHAVEJ HOSPITAL PUBLIC COMPANY LIMITED,NTV.BK,Nonthavej Hospital Public Company Limited,,NTV,NONTHAVEJ HOSPITAL PUBLIC COMPANY LIMITED,,set_listed_companies,,Stock,false,false,,TICKER,NTV,1,BBG000DGPS82,NONTHAVEJ HOSPITAL PUB CO,TB,Common Stock,common_stock_name_match,add_coverage_expansion,Active official Stock reference plus OpenFIGI Common Stock issuer-name match.,leave_blank_until_official_sector,leave_blank_until_official_identifier
SET::NWR,NWR,SET,NAWARAT PATANAKARN PUBLIC COMPANY LIMITED,NWR.BK,Nawarat Patanakarn Public Company Limited,,NWR,NAWARAT PATANAKARN PUBLIC COMPANY LIMITED,,set_listed_companies,,Stock,false,false,,TICKER,NWR,1,BBG000FF6KD4,NAWARAT PATANAKARN PUB CO LT,TB,Common Stock,common_stock_name_match,add_coverage_expansion,Active official Stock reference plus OpenFIGI Common Stock issuer-name match.,leave_blank_until_official_sector,leave_blank_until_official_identifier
SET::NYT,NYT,SET,NAMYONG TERMINAL PUBLIC COMPANY LIMITED,NYT.BK,Namyong Terminal Public Company Limited,,NYT,NAMYONG TERMINAL PUBLIC COMPANY LIMITED,,set_listed_companies,,Stock,false,false,,TICKER,NYT,1,BBG004FFF0X8,NAMYONG TERMINAL PCL,TB,Common Stock,common_stock_name_match,add_coverage_expansion,Active official Stock reference plus OpenFIGI Common Stock issuer-name match.,leave_blank_until_official_sector,leave_blank_until_official_identifier
SET::OGC,OGC,SET,OCEAN GLASS PUBLIC COMPANY LIMITED,OGC.BK,Ocean Glass Public Company Limited,TH0360010001,OGC,OCEAN GLASS PUBLIC COMPANY LIMITED,,set_listed_companies,,Stock,false,false,,TICKER,OGC,1,BBG000BKW881,OCEAN GLASS PUB CO LTD,TB,Common Stock,common_stock_name_match,add_coverage_expansion,Active official Stock reference plus OpenFIGI Common Stock issuer-name match.,leave_blank_until_official_sector,leave_blank_until_official_identifier
SET::OR,OR,SET,PTT OIL AND RETAIL BUSINESS PUBLIC COMPANY LIMITED,OR.BK,PTT Oil and Retail Business Public Company Limited,THA099010003,OR,PTT OIL AND RETAIL BUSINESS PUBLIC COMPANY LIMITED,,set_listed_companies,,Stock,false,false,,TICKER,OR,1,BBG00SZ8K3W8,PTT OIL & RETAIL BUSINESS PC,TB,Common Stock,common_stock_name_match,add_coverage_expansion,Active official Stock reference plus OpenFIGI Common Stock issuer-name match.,leave_blank_until_official_sector,leave_blank_until_official_identifier
SET::PAP,PAP,SET,PACIFIC PIPE PUBLIC COMPANY LIMITED,PAP.BK,Pacific Pipe Public Company Limited,,PAP,PACIFIC PIPE PUBLIC COMPANY LIMITED,,set_listed_companies,,Stock,false,false,,TICKER,PAP,1,BBG000MZQ721,PACIFIC PIPE PCL,TB,Common Stock,common_stock_name_match,add_coverage_expansion,Active official Stock reference plus OpenFIGI Common Stock issuer-name match.,leave_blank_until_official_sector,leave_blank_until_official_identifier
SET::PB,PB,SET,PRESIDENT BAKERY PUBLIC COMPANY LIMITED,PB.BK,President Bakery Public Company Limited,,PB,PRESIDENT BAKERY PUBLIC COMPANY LIMITED,,set_listed_companies,,Stock,false,false,,TICKER,PB,1,BBG000P4SQY8,PRESIDENT BAKERY PCL,TB,Common Stock,common_stock_name_match,add_coverage_expansion,Active official Stock reference plus OpenFIGI Common Stock issuer-name match.,leave_blank_until_official_sector,leave_blank_until_official_identifier
SET::PDG,PDG,SET,PRODIGY PUBLIC COMPANY LIMITED,PDG.BK,Prodigy Public Company Limited,,PDG,PRODIGY PUBLIC COMPANY LIMITED,,set_listed_companies,,Stock,false,false,,TICKER,PDG,1,BBG005HN2TF7,PRODIGY CO LTD,TB,Common Stock,common_stock_name_match,add_coverage_expansion,Active official Stock reference plus OpenFIGI Common Stock issuer-name match.,leave_blank_until_official_sector,leave_blank_until_official_identifier
SET::PG,PG,SET,PEOPLE'S GARMENT PUBLIC COMPANY LIMITED,PG.BK,People's Garment Public Company Limited,TH0126010Z03,PG,PEOPLE'S GARMENT PUBLIC COMPANY LIMITED,,set_listed_companies,,Stock,false,false,,TICKER,PG,1,BBG000BB0L96,PEOPLE'S GARMENT PUB CO LTD,TB,Common Stock,common_stock_name_match,add_coverage_expansion,Active official Stock reference plus OpenFIGI Common Stock issuer-name match.,leave_blank_until_official_sector,leave_blank_until_official_identifier
SET::PL,PL,SET,PHATRA LEASING PUBLIC COMPANY LIMITED,PL.BK,Phatra Leasing Public Company Limited,,PL,PHATRA LEASING PUBLIC COMPANY LIMITED,,set_listed_companies,,Stock,false,false,,TICKER,PL,1,BBG000DKZVJ3,PHATRA LEASING PUB CO LTD,TB,Common Stock,common_stock_name_match,add_coverage_expansion,Active official Stock reference plus OpenFIGI Common Stock issuer-name match.,leave_blank_until_official_sector,leave_blank_until_official_identifier
SET::PLAT,PLAT,SET,THE PLATINUM GROUP PUBLIC COMPANY LIMITED,PLAT.BK,The Platinum Group Public Company Limited,,PLAT,THE PLATINUM GROUP PUBLIC COMPANY LIMITED,,set_listed_companies,,Stock,false,false,,TICKER,PLAT,1,BBG0087JJQ32,PLATINUM GROUP PCL/THE,TB,Common Stock,common_stock_name_match,add_coverage_expansion,Active official Stock reference plus OpenFIGI Common Stock issuer-name match.,leave_blank_until_official_sector,leave_blank_until_official_identifier
SET::PM,PM,SET,PREMIER MARKETING PUBLIC COMPANY LIMITED,PM.BK,Premier Marketing Public Company Limited,TH0977010Z09,PM,PREMIER MARKETING PUBLIC COMPANY LIMITED,,set_listed_companies,,Stock,false,false,,TICKER,PM,1,BBG000R2QJ50,PREMIER MARKETING PCL,TB,Common Stock,common_stock_name_match,add_coverage_expansion,Active official Stock reference plus OpenFIGI Common Stock issuer-name match.,leave_blank_until_official_sector,leave_blank_until_official_identifier
SET::POPF,POPF,SET,PRIME OFFICE LEASEHOLD PROPERTY FUND,POPF.BK,Prime Office Leasehold Property Fund,,POPF,PRIME OFFICE LEASEHOLD PROPERTY FUND,,set_listed_companies,,Stock,false,false,,TICKER,POPF,0,,,,,no_common_stock,blocked_openfigi_no_common_stock,OpenFIGI returned no Common Stock result for the query.,leave_blank_until_official_sector,leave_blank_until_official_identifier
SET::PPM,PPM,SET,PORN PROM METAL PUBLIC COMPANY LIMITED,PPM.BK,Porn Prom Metal Public Company Limited,,PPM,PORN PROM METAL PUBLIC COMPANY LIMITED,,set_listed_companies,,Stock,false,false,,TICKER,PPM,1,BBG000G5L7X5,PORN PROM METAL PCL,TB,Common Stock,common_stock_name_match,add_coverage_expansion,Active official Stock reference plus OpenFIGI Common Stock issuer-name match.,leave_blank_until_official_sector,leave_blank_until_official_identifier
SET::PPS,PPS,SET,PROJECT PLANNING SERVICE PUBLIC COMPANY LIMITED,PPS.BK,Project Planning Service Public Company Limited,,PPS,PROJECT PLANNING SERVICE PUBLIC COMPANY LIMITED,,set_listed_companies,,Stock,false,false,,TICKER,PPS,1,BBG0035VGZ77,PROJECT PLANNING SERVICE,TB,Common Stock,common_stock_name_match,add_coverage_expansion,Active official Stock reference plus OpenFIGI Common Stock issuer-name match.,leave_blank_until_official_sector,leave_blank_until_official_identifier
SET::PREB,PREB,SET,PRE-BUILT PUBLIC COMPANY LIMITED,PREB.BK,Pre-Built Public Company Limited,,PREB,PRE-BUILT PUBLIC COMPANY LIMITED,,set_listed_companies,,Stock,false,false,,TICKER,PREB,1,BBG000J5M7S7,PRE-BUILT PCL,TB,Common Stock,common_stock_name_match,add_coverage_expansion,Active official Stock reference plus OpenFIGI Common Stock issuer-name match.,leave_blank_until_official_sector,leave_blank_until_official_identifier
SET::PRG,PRG,SET,PRG CORPORATION PUBLIC COMPANY LIMITED,PRG.BK,PRG Corporation Public Company Limited,TH0366010Z05,PRG,PRG CORPORATION PUBLIC COMPANY LIMITED,,set_listed_companies,,Stock,false,false,,TICKER,PRG,0,,,,Common Stock,common_stock_name_mismatch,blocked_openfigi_name_mismatch,"OpenFIGI returned Common Stock results, but none matched the official issuer name.",leave_blank_until_official_sector,leave_blank_until_official_identifier
SET::PSH,PSH,SET,PRUKSA HOLDING PUBLIC COMPANY LIMITED,PSH.BK,Pruksa Holding Public Company Limited,TH7595010003,PSH,PRUKSA HOLDING PUBLIC COMPANY LIMITED,,set_listed_companies,,Stock,false,false,,TICKER,PSH,0,,,,Common Stock,common_stock_name_mismatch,blocked_openfigi_name_mismatch,"OpenFIGI returned Common Stock results, but none matched the official issuer name.",leave_blank_until_official_sector,leave_blank_until_official_identifier
SET::PSL,PSL,SET,PRECIOUS SHIPPING PUBLIC COMPANY LIMITED,PSL.BK,Precious Shipping Public Company Limited,,PSL,PRECIOUS SHIPPING PUBLIC COMPANY LIMITED,,set_listed_companies,,Stock,false,false,,TICKER,PSL,1,BBG000BKWC73,PRECIOUS SHIPPING PCL,TB,Common Stock,common_stock_name_match,add_coverage_expansion,Active official Stock reference plus OpenFIGI Common Stock issuer-name match.,leave_blank_until_official_sector,leave_blank_until_official_identifier
SET::PT,PT,SET,PREMIER TECHNOLOGY PUBLIC COMPANY LIMITED,PT.BK,Premier Technology Public Company Limited,,PT,PREMIER TECHNOLOGY PUBLIC COMPANY LIMITED,,set_listed_companies,,Stock,false,false,,TICKER,PT,1,BBG000BGLGC9,PREMIER TECHNOLOGY PCL,TB,Common Stock,common_stock_name_match,add_coverage_expansion,Active official Stock reference plus OpenFIGI Common Stock issuer-name match.,leave_blank_until_official_sector,leave_blank_until_official_identifier
SET::PTG,PTG,SET,PTG ENERGY PUBLIC COMPANY LIMITED,PTG.BK,PTG Energy Public Company Limited,,PTG,PTG ENERGY PUBLIC COMPANY LIMITED,,set_listed_companies,,Stock,false,false,,TICKER,PTG,1,BBG0042586P8,PTG ENERGY PCL,TB,Common Stock,common_stock_name_match,add_coverage_expansion,Active official Stock reference plus OpenFIGI Common Stock issuer-name match.,leave_blank_until_official_sector,leave_blank_until_official_identifier
SET::PTL,PTL,SET,POLYPLEX (THAILAND) PUBLIC COMPANY LIMITED,PTL.BK,Polyplex (Thailand) Public Company Limited,,PTL,POLYPLEX (THAILAND) PUBLIC COMPANY LIMITED,,set_listed_companies,,Stock,false,false,,TICKER,PTL,0,,,,Common Stock,common_stock_name_mismatch,blocked_openfigi_name_mismatch,"OpenFIGI returned Common Stock results, but none matched the official issuer name.",leave_blank_until_official_sector,leave_blank_until_official_identifier
SET::QHOP,QHOP,SET,QUALITY HOSPITALITY LEASEHOLD PROPERTY FUND,QHOP.BK,Quality Hospitality Leasehold Property Fund,,QHOP,QUALITY HOSPITALITY LEASEHOLD PROPERTY FUND,,set_listed_companies,,Stock,false,false,,TICKER,QHOP,0,,,,,no_common_stock,blocked_openfigi_no_common_stock,OpenFIGI returned no Common Stock result for the query.,leave_blank_until_official_sector,leave_blank_until_official_identifier
SET::QLT,QLT,SET,QUALITECH PUBLIC COMPANY LIMITED,QLT.BK,Qualitech Public Company Limited,,QLT,QUALITECH PUBLIC COMPANY LIMITED,,set_listed_companies,,Stock,false,false,,TICKER,QLT,0,,,,Common Stock,common_stock_name_mismatch,blocked_openfigi_name_mismatch,"OpenFIGI returned Common Stock results, but none matched the official issuer name.",leave_blank_until_official_sector,leave_blank_until_official_identifier
SET::RAM,RAM,SET,RAMKHAMHAENG HOSPITAL PUBLIC COMPANY LIMITED,RAM.BK,Ramkhamhaeng Hospital Public Company Limited,,RAM,RAMKHAMHAENG HOSPITAL PUBLIC COMPANY LIMITED,,set_listed_companies,,Stock,false,false,,TICKER,RAM,1,BBG000B9WYH9,RAMKHAMHAENG HOSPITAL PUB CO,TB,Common Stock,common_stock_name_match,add_coverage_expansion,Active official Stock reference plus OpenFIGI Common Stock issuer-name match.,leave_blank_until_official_sector,leave_blank_until_official_identifier
SET::RCL,RCL,SET,REGIONAL CONTAINER LINES PUBLIC COMPANY LIMITED,RCL.BK,Regional Container Lines Public Company Limited,,RCL,REGIONAL CONTAINER LINES PUBLIC COMPANY LIMITED,,set_listed_companies,,Stock,false,false,,TICKER,RCL,1,BBG000BBCDH2,REGIONAL CONTAINER LINE PCL,TB,Common Stock,common_stock_name_match,add_coverage_expansion,Active official Stock reference plus OpenFIGI Common Stock issuer-name match.,leave_blank_until_official_sector,leave_blank_until_official_identifier
SET::RML,RML,SET,RAIMON LAND PUBLIC COMPANY LIMITED,RML.BK,Raimon Land Public Company Limited,,RML,RAIMON LAND PUBLIC COMPANY LIMITED,,set_listed_companies,,Stock,false,false,,TICKER,RML,1,BBG000BKSKN2,RAIMON LAND PUBLIC CO LTD,TB,Common Stock,common_stock_name_match,add_coverage_expansion,Active official Stock reference plus OpenFIGI Common Stock issuer-name match.,leave_blank_until_official_sector,leave_blank_until_official_identifier
SET::ROCK,ROCK,SET,ROCKWORTH PUBLIC COMPANY LIMITED,ROCK.BK,Rockworth Public Company Limited,TH0416010005,ROCK,ROCKWORTH PUBLIC COMPANY LIMITED,,set_listed_companies,,Stock,false,false,,TICKER,ROCK,1,BBG000DD5QQ5,ROCKWORTH PUBLIC COMPANY LTD,TB,Common Stock,common_stock_name_match,add_coverage_expansion,Active official Stock reference plus OpenFIGI Common Stock issuer-name match.,leave_blank_until_official_sector,leave_blank_until_official_identifier
SET::RPC,RPC,SET,RPCG PUBLIC COMPANY LIMITED,RPC.BK,RPCG Public Company Limited,,RPC,RPCG PUBLIC COMPANY LIMITED,,set_listed_companies,,Stock,false,false,,TICKER,RPC,0,,,,Common Stock,common_stock_name_mismatch,blocked_openfigi_name_mismatch,"OpenFIGI returned Common Stock results, but none matched the official issuer name.",leave_blank_until_official_sector,leave_blank_until_official_identifier
SET::RPH,RPH,SET,RATCHAPHRUEK HOSPITAL PUBLIC COMPANY LIMITED,RPH.BK,Ratchaphruek Hospital Public Company Limited,,RPH,RATCHAPHRUEK HOSPITAL PUBLIC COMPANY LIMITED,,set_listed_companies,,Stock,false,false,,TICKER,RPH,1,BBG00DZTGLZ7,RATCHAPHRUEK HOSPITAL PCL,TB,Common Stock,common_stock_name_match,add_coverage_expansion,Active official Stock reference plus OpenFIGI Common Stock issuer-name match.,leave_blank_until_official_sector,leave_blank_until_official_identifier
SET::RS,RS,SET,RS PUBLIC COMPANY LIMITED,RS.BK,RS Public Company Limited,TH0705C10Z09,RS,RS PUBLIC COMPANY LIMITED,,set_listed_companies,,Stock,false,false,,TICKER,RS,0,,,,Common Stock,common_stock_name_mismatch,blocked_openfigi_name_mismatch,"OpenFIGI returned Common Stock results, but none matched the official issuer name.",leave_blank_until_official_sector,leave_blank_until_official_identifier
SET::RSP,RSP,SET,RICH SPORT PUBLIC COMPANY LIMITED,RSP.BK,Rich Sport Public Company Limited,,RSP,RICH SPORT PUBLIC COMPANY LIMITED,,set_listed_companies,,Stock,false,false,,TICKER,RSP,1,BBG00HVNBY55,RICH SPORT PCL,TB,Common Stock,common_stock_name_match,add_coverage_expansion,Active official Stock reference plus OpenFIGI Common Stock issuer-name match.,leave_blank_until_official_sector,leave_blank_until_official_identifier
SET::S,S,SET,SINGHA ESTATE PUBLIC COMPANY LIMITED,S.BK,Singha Estate Public Company Limited,,S,SINGHA ESTATE PUBLIC COMPANY LIMITED,,set_listed_companies,,Stock,false,false,,TICKER,S,1,BBG000PSX8T5,SINGHA ESTATE PCL,TB,Common Stock,common_stock_name_match,add_coverage_expansion,Active official Stock reference plus OpenFIGI Common Stock issuer-name match.,leave_blank_until_official_sector,leave_blank_until_official_identifier
SET::SA,SA,SET,SIAMESE ASSET PUBLIC COMPANY LIMITED,SA.BK,Siamese Asset Public Company Limited,,SA,SIAMESE ASSET PUBLIC COMPANY LIMITED,,set_listed_companies,,Stock,false,false,,TICKER,SA,1,BBG00RRMFCP2,SIAMESE ASSET PCL,TB,Common Stock,common_stock_name_match,add_coverage_expansion,Active official Stock reference plus OpenFIGI Common Stock issuer-name match.,leave_blank_until_official_sector,leave_blank_until_official_identifier
SET::SAT,SAT,SET,SOMBOON ADVANCE TECHNOLOGY PUBLIC COMPANY LIMITED,SAT.BK,Somboon Advance Technology Public Company Limited,,SAT,SOMBOON ADVANCE TECHNOLOGY PUBLIC COMPANY LIMITED,,set_listed_companies,,Stock,false,false,,TICKER,SAT,1,BBG000BH9W27,SOMBOON ADVANCE TECHNOLOGY P,TB,Common Stock,common_stock_name_match,add_coverage_expansion,Active official Stock reference plus OpenFIGI Common Stock issuer-name match.,leave_blank_until_official_sector,leave_blank_until_official_identifier
SET::SCI,SCI,SET,SCI ELECTRIC PUBLIC COMPANY LIMITED,SCI.BK,SCI Electric Public Company Limited,,SCI,SCI ELECTRIC PUBLIC COMPANY LIMITED,,set_listed_companies,,Stock,false,false,,TICKER,SCI,3,BBG000DHBV33|BBG000DHD1S0|BBG00B45JNR9,SCI AG|SCI AG|SCI ELECTRIC PCL,GH|GR|TB,Common Stock,common_stock_name_match,add_coverage_expansion,Active official Stock reference plus OpenFIGI Common Stock issuer-name match.,leave_blank_until_official_sector,leave_blank_until_official_identifier
SET::SCM,SCM,SET,SUCCESSMORE BEING PUBLIC COMPANY LIMITED,SCM.BK,Successmore Being Public Company Limited,TH9881010002,SCM,SUCCESSMORE BEING PUBLIC COMPANY LIMITED,,set_listed_companies,,Stock,false,false,,TICKER,SCM,1,BBG00NTXKXK8,SUCCESSMORE BEING PCL,TB,Common Stock,common_stock_name_match,add_coverage_expansion,Active official Stock reference plus OpenFIGI Common Stock issuer-name match.,leave_blank_until_official_sector,leave_blank_until_official_identifier
SET::SCN,SCN,SET,SCAN INTER PUBLIC COMPANY LIMITED,SCN.BK,Scan Inter Public Company Limited,,SCN,SCAN INTER PUBLIC COMPANY LIMITED,,set_listed_companies,,Stock,false,false,,TICKER,SCN,1,BBG0083F0QG0,SCAN INTER PCL,TB,Common Stock,common_stock_name_match,add_coverage_expansion,Active official Stock reference plus OpenFIGI Common Stock issuer-name match.,leave_blank_until_official_sector,leave_blank_until_official_identifier
SET::SCP,SCP,SET,SOUTHERN CONCRETE PILE PUBLIC COMPANY LIMITED,SCP.BK,Southern Concrete Pile Public Company Limited,,SCP,SOUTHERN CONCRETE PILE PUBLIC COMPANY LIMITED,,set_listed_companies,,Stock,false,false,,TICKER,SCP,1,BBG000BGL935,SOUTHERN CONCRETE PILE PCL,TB,Common Stock,common_stock_name_match,add_coverage_expansion,Active official Stock reference plus OpenFIGI Common Stock issuer-name match.,leave_blank_until_official_sector,leave_blank_until_official_identifier
SET::SFT,SFT,SET,SHRINKFLEX (THAILAND) PUBLIC COMPANY LIMITED,SFT.BK,Shrinkflex (Thailand) Public Company Limited,,SFT,SHRINKFLEX (THAILAND) PUBLIC COMPANY LIMITED,,set_listed_companies,,Stock,false,false,,TICKER,SFT,1,BBG00VHZJYD6,SHRINKFLEX THAILAND CO LTD,TB,Common Stock,common_stock_name_match,add_coverage_expansion,Active official Stock reference plus OpenFIGI Common Stock issuer-name match.,leave_blank_until_official_sector,leave_blank_until_official_identifier
SET::SGP,SGP,SET,SIAMGAS AND PETROCHEMICALS PUBLIC COMPANY LIMITED,SGP.BK,Siamgas and Petrochemicals Public Company Limited,,SGP,SIAMGAS AND PETROCHEMICALS PUBLIC COMPANY LIMITED,,set_listed_companies,,Stock,false,false,,TICKER,SGP,1,BBG000QQTY07,SIAMGAS & PETROCHEMICALS PCL,TB,Common Stock,common_stock_name_match,add_coverage_expansion,Active official Stock reference plus OpenFIGI Common Stock issuer-name match.,leave_blank_until_official_sector,leave_blank_until_official_identifier
SET::SIRI,SIRI,SET,SANSIRI PUBLIC COMPANY LIMITED,SIRI.BK,Sansiri Public Company Limited,US82968B1035,SIRI,SANSIRI PUBLIC COMPANY LIMITED,,set_listed_companies,,Stock,false,false,,TICKER,SIRI,1,BBG000H3MYF9,SANSIRI PUBLIC CO LTD,TB,Common Stock,common_stock_name_match,add_coverage_expansion,Active official Stock reference plus OpenFIGI Common Stock issuer-name match.,leave_blank_until_official_sector,leave_blank_until_official_identifier
SET::SIS,SIS,SET,SIS DISTRIBUTION (THAILAND) PUBLIC COMPANY LIMITED,SIS.BK,SiS Distribution (Thailand) Public Company Limited,,SIS,SIS DISTRIBUTION (THAILAND) PUBLIC COMPANY LIMITED,,set_listed_companies,,Stock,false,false,,TICKER,SIS,1,BBG000BMSYM9,SIS DISTRIBUTION THAILAND PC,TB,Common Stock,common_stock_name_match,add_coverage_expansion,Active official Stock reference plus OpenFIGI Common Stock issuer-name match.,leave_blank_until_official_sector,leave_blank_until_official_identifier
SET::SK,SK,SET,SIRAKORN PUBLIC COMPANY LIMITED,SK.BK,Sirakorn Public Company Limited,,SK,SIRAKORN PUBLIC COMPANY LIMITED,,set_listed_companies,,Stock,false,false,,TICKER,SK,0,,,,Common Stock,common_stock_name_mismatch,blocked_openfigi_name_mismatch,"OpenFIGI returned Common Stock results, but none matched the official issuer name.",leave_blank_until_official_sector,leave_blank_until_official_identifier
SET::SKY,SKY,SET,SKY ICT PUBLIC COMPANY LIMITED,SKY.BK,Sky ICT Public Company Limited,,SKY,SKY ICT PUBLIC COMPANY LIMITED,,set_listed_companies,,Stock,false,false,,TICKER,SKY,1,BBG001DHCYQ9,SKY ICT PCL,TB,Common Stock,common_stock_name_match,add_coverage_expansion,Active official Stock reference plus OpenFIGI Common Stock issuer-name match.,leave_blank_until_official_sector,leave_blank_until_official_identifier
SET::SLP,SLP,SET,SALEE PRINTING PUBLIC COMPANY LIMITED,SLP.BK,Salee Printing Public Company Limited,,SLP,SALEE PRINTING PUBLIC COMPANY LIMITED,,set_listed_companies,,Stock,false,false,,TICKER,SLP,1,BBG006VSC630,SALEE PRINTING PCL,TB,Common Stock,common_stock_name_match,add_coverage_expansion,Active official Stock reference plus OpenFIGI Common Stock issuer-name match.,leave_blank_until_official_sector,leave_blank_until_official_identifier
SET::SMIT,SMIT,SET,SAHAMIT MACHINERY PUBLIC COMPANY LIMITED,SMIT.BK,Sahamit Machinery Public Company Limited,,SMIT,SAHAMIT MACHINERY PUBLIC COMPANY LIMITED,,set_listed_companies,,Stock,false,false,,TICKER,SMIT,1,BBG000QD2FW1,SAHAMIT MACHINERY PCL,TB,Common Stock,common_stock_name_match,add_coverage_expansion,Active official Stock reference plus OpenFIGI Common Stock issuer-name match.,leave_blank_until_official_sector,leave_blank_until_official_identifier
SET::SMT,SMT,SET,STARS MICROELECTRONICS (THAILAND) PUBLIC COMPANY LIMITED,SMT.BK,Stars Microelectronics (Thailand) Public Company Limited,,SMT,STARS MICROELECTRONICS (THAILAND) PUBLIC COMPANY LIMITED,,set_listed_companies,,Stock,false,false,,TICKER,SMT,1,BBG000Q9G511,STARS MICROELECTRONICS THAI,TB,Common Stock,common_stock_name_match,add_coverage_expansion,Active official Stock reference plus OpenFIGI Common Stock issuer-name match.,leave_blank_until_official_sector,leave_blank_until_official_identifier
SET::SO,SO,SET,SIAMRAJATHANEE PUBLIC COMPANY LIMITED,SO.BK,Siamrajathanee Public Company Limited,,SO,SIAMRAJATHANEE PUBLIC COMPANY LIMITED,,set_listed_companies,,Stock,false,false,,TICKER,SO,0,,,,Common Stock,common_stock_name_mismatch,blocked_openfigi_name_mismatch,"OpenFIGI returned Common Stock results, but none matched the official issuer name.",leave_blank_until_official_sector,leave_blank_until_official_identifier
SET::SPA,SPA,SET,SIAM WELLNESS GROUP PUBLIC COMPANY LIMITED,SPA.BK,Siam Wellness Group Public Company Limited,TH5972010000,SPA,SIAM WELLNESS GROUP PUBLIC COMPANY LIMITED,,set_listed_companies,,Stock,false,false,,TICKER,SPA,1,BBG007B7DGP9,SIAM WELLNESS GROUP PCL,TB,Common Stock,common_stock_name_match,add_coverage_expansion,Active official Stock reference plus OpenFIGI Common Stock issuer-name match.,leave_blank_until_official_sector,leave_blank_until_official_identifier
SET::SPC,SPC,SET,SAHA PATHANAPIBUL PUBLIC COMPANY LIMITED,SPC.BK,Saha Pathanapibul Public Company Limited,,SPC,SAHA PATHANAPIBUL PUBLIC COMPANY LIMITED,,set_listed_companies,,Stock,false,false,,TICKER,SPC,1,BBG000BBVC92,SAHA PATHANAPIBUL PUB CO LTD,TB,Common Stock,common_stock_name_match,add_coverage_expansion,Active official Stock reference plus OpenFIGI Common Stock issuer-name match.,leave_blank_until_official_sector,leave_blank_until_official_identifier
SET::SPI,SPI,SET,SAHA PATHANA INTER-HOLDING PUBLIC COMPANY LIMITED,SPI.BK,Saha Pathana Inter-Holding Public Company Limited,,SPI,SAHA PATHANA INTER-HOLDING PUBLIC COMPANY LIMITED,,set_listed_companies,,Stock,false,false,,TICKER,SPI,1,BBG000BBS500,SAHA PATHANA INTER-HOLDING,TB,Common Stock,common_stock_name_match,add_coverage_expansion,Active official Stock reference plus OpenFIGI Common Stock issuer-name match.,leave_blank_until_official_sector,leave_blank_until_official_identifier
SET::SPRC,SPRC,SET,STAR PETROLEUM REFINING PUBLIC COMPANY LIMITED,SPRC.BK,Star Petroleum Refining Public Company Limited,,SPRC,STAR PETROLEUM REFINING PUBLIC COMPANY LIMITED,,set_listed_companies,,Stock,false,false,,TICKER,SPRC,1,BBG009LKLKS4,STAR PETROLEUM REFINING PCL,TB,Common Stock,common_stock_name_match,add_coverage_expansion,Active official Stock reference plus OpenFIGI Common Stock issuer-name match.,leave_blank_until_official_sector,leave_blank_until_official_identifier
SET::SSPF,SSPF,SET,SALA @ SATHORN PROPERTY FUND,SSPF.BK,Sala @ Sathorn Property Fund,,SSPF,SALA @ SATHORN PROPERTY FUND,,set_listed_companies,,Stock,false,false,,TICKER,SSPF,0,,,,,no_common_stock,blocked_openfigi_no_common_stock,OpenFIGI returned no Common Stock result for the query.,leave_blank_until_official_sector,leave_blank_until_official_identifier
SET::SST,SST,SET,SUB SRI THAI PUBLIC COMPANY LIMITED,SST.BK,Sub Sri Thai Public Company Limited,,SST,SUB SRI THAI PUBLIC COMPANY LIMITED,,set_listed_companies,,Stock,false,false,,TICKER,SST,1,BBG000BBN355,SUB SRI THAI PCL,TB,Common Stock,common_stock_name_match,add_coverage_expansion,Active official Stock reference plus OpenFIGI Common Stock issuer-name match.,leave_blank_until_official_sector,leave_blank_until_official_identifier
SET::STC,STC,SET,STC CONCRETE PRODUCT PUBLIC COMPANY LIMITED,STC.BK,STC Concrete Product Public Company Limited,,STC,STC CONCRETE PRODUCT PUBLIC COMPANY LIMITED,,set_listed_companies,,Stock,false,false,,TICKER,STC,1,BBG00PNKLC86,STC CONCRETE PRODUCT PCL,TB,Common Stock,common_stock_name_match,add_coverage_expansion,Active official Stock reference plus OpenFIGI Common Stock issuer-name match.,leave_blank_until_official_sector,leave_blank_until_official_identifier
SET::SUN,SUN,SET,SUNSWEET PUBLIC COMPANY LIMITED,SUN.BK,Sunsweet Public Company Limited,,SUN,SUNSWEET PUBLIC COMPANY LIMITED,,set_listed_companies,,Stock,false,false,,TICKER,SUN,0,,,,Common Stock,common_stock_name_mismatch,blocked_openfigi_name_mismatch,"OpenFIGI returned Common Stock results, but none matched the official issuer name.",leave_blank_until_official_sector,leave_blank_until_official_identifier
SET::TBSP,TBSP,SET,TBSP PUBLIC COMPANY LIMITED,TBSP.BK,TBSP Public Company Limited,,TBSP,TBSP PUBLIC COMPANY LIMITED,,set_listed_companies,,Stock,false,false,,TICKER,TBSP,1,BBG000FFRT42,TBSP PUBLIC PCL,TB,Common Stock,common_stock_name_match,add_coverage_expansion,Active official Stock reference plus OpenFIGI Common Stock issuer-name match.,leave_blank_until_official_sector,leave_blank_until_official_identifier
SET::TC,TC,SET,TROPICAL CANNING (THAILAND) PUBLIC COMPANY LIMITED,TC.BK,Tropical Canning (Thailand) Public Company Limited,,TC,TROPICAL CANNING (THAILAND) PUBLIC COMPANY LIMITED,,set_listed_companies,,Stock,false,false,,TICKER,TC,1,BBG000BGLSP9,TROPICAL CANNING PUB CO LTD,TB,Common Stock,common_stock_name_match,add_coverage_expansion,Active official Stock reference plus OpenFIGI Common Stock issuer-name match.,leave_blank_until_official_sector,leave_blank_until_official_identifier
SET::TEAM,TEAM,SET,TEAM PRECISION PUBLIC COMPANY LIMITED,TEAM.BK,Team Precision Public Company Limited,,TEAM,TEAM PRECISION PUBLIC COMPANY LIMITED,,set_listed_companies,,Stock,false,false,,TICKER,TEAM,2,BBG000L3G5V6|BBG00Z9BQ090,TEAM PRECISION PCL|TEAM PLC,LN|TB,Common Stock,common_stock_name_match,add_coverage_expansion,Active official Stock reference plus OpenFIGI Common Stock issuer-name match.,leave_blank_until_official_sector,leave_blank_until_official_identifier
SET::TFG,TFG,SET,THAIFOODS GROUP PUBLIC COMPANY LIMITED,TFG.BK,Thaifoods Group Public Company Limited,,TFG,THAIFOODS GROUP PUBLIC COMPANY LIMITED,,set_listed_companies,,Stock,false,false,,TICKER,TFG,1,BBG0079S7C27,THAIFOODS GROUP PCL,TB,Common Stock,common_stock_name_match,add_coverage_expansion,Active official Stock reference plus OpenFIGI Common Stock issuer-name match.,leave_blank_until_official_sector,leave_blank_until_official_identifier
SET::TH,TH,SET,TONG HUA HOLDING PUBLIC COMPANY LIMITED,TH.BK,Tong Hua Holding Public Company Limited,CA88338H1001,TH,TONG HUA HOLDING PUBLIC COMPANY LIMITED,,set_listed_companies,,Stock,false,false,,TICKER,TH,1,BBG000BGLRS8,TONG HUA HOLDING PCL,TB,Common Stock,common_stock_name_match,add_coverage_expansion,Active official Stock reference plus OpenFIGI Common Stock issuer-name match.,leave_blank_until_official_sector,leave_blank_until_official_identifier
SET::THG,THG,SET,THONBURI HEALTHCARE GROUP PUBLIC COMPANY LIMITED,THG.BK,Thonburi Healthcare Group Public Company Limited,,THG,THONBURI HEALTHCARE GROUP PUBLIC COMPANY LIMITED,,set_listed_companies,,Stock,false,false,,TICKER,THG,1,BBG00GM966F4,THONBURI HEALTHCARE GROUP PC,TB,Common Stock,common_stock_name_match,add_coverage_expansion,Active official Stock reference plus OpenFIGI Common Stock issuer-name match.,leave_blank_until_official_sector,leave_blank_until_official_identifier
SET::TK,TK,SET,THITIKORN PUBLIC COMPANY LIMITED,TK.BK,Thitikorn Public Company Limited,TH0736010008,TK,THITIKORN PUBLIC COMPANY LIMITED,,set_listed_companies,,Stock,false,false,,TICKER,TK,0,,,,Common Stock,common_stock_name_mismatch,blocked_openfigi_name_mismatch,"OpenFIGI returned Common Stock results, but none matched the official issuer name.",leave_blank_until_official_sector,leave_blank_until_official_identifier
SET::TKN,TKN,SET,TAOKAENOI FOOD & MARKETING PUBLIC COMPANY LIMITED,TKN.BK,Taokaenoi Food & Marketing Public Company Limited,,TKN,TAOKAENOI FOOD & MARKETING PUBLIC COMPANY LIMITED,,set_listed_companies,,Stock,false,false,,TICKER,TKN,1,BBG00BJMP080,TAOKAENOI FOOD & MARKETING P,TB,Common Stock,common_stock_name_match,add_coverage_expansion,Active official Stock reference plus OpenFIGI Common Stock issuer-name match.,leave_blank_until_official_sector,leave_blank_until_official_identifier
SET::TM,TM,SET,TECHNO MEDICAL PUBLIC COMPANY LIMITED,TM.BK,Techno Medical Public Company Limited,,TM,TECHNO MEDICAL PUBLIC COMPANY LIMITED,,set_listed_companies,,Stock,false,false,,TICKER,TM,1,BBG00CWY9913,TECHNO MEDICAL PCL,TB,Common Stock,common_stock_name_match,add_coverage_expansion,Active official Stock reference plus OpenFIGI Common Stock issuer-name match.,leave_blank_until_official_sector,leave_blank_until_official_identifier
SET::TMI,TMI,SET,TEERA-MONGKOL INDUSTRY PUBLIC COMPANY LIMITED,TMI.BK,Teera-Mongkol Industry Public Company Limited,,TMI,TEERA-MONGKOL INDUSTRY PUBLIC COMPANY LIMITED,,set_listed_companies,,Stock,false,false,,TICKER,TMI,1,BBG000PN2H01,TEERA-MONGKOL INDUSTRY PCL,TB,Common Stock,common_stock_name_match,add_coverage_expansion,Active official Stock reference plus OpenFIGI Common Stock issuer-name match.,leave_blank_until_official_sector,leave_blank_until_official_identifier
SET::TMT,TMT,SET,TMT STEEL PUBLIC COMPANY LIMITED,TMT.BK,TMT Steel Public Company Limited,TH0826010Y09,TMT,TMT STEEL PUBLIC COMPANY LIMITED,,set_listed_companies,,Stock,false,false,,TICKER,TMT,1,BBG000QD2DG4,TMT STEEL PCL,TB,Common Stock,common_stock_name_match,add_coverage_expansion,Active official Stock reference plus OpenFIGI Common Stock issuer-name match.,leave_blank_until_official_sector,leave_blank_until_official_identifier
SET::TOA,TOA,SET,TOA PAINT (THAILAND) PUBLIC COMPANY LIMITED,TOA.BK,TOA Paint (Thailand) Public Company Limited,,TOA,TOA PAINT (THAILAND) PUBLIC COMPANY LIMITED,,set_listed_companies,,Stock,false,false,,TICKER,TOA,1,BBG00GTVM6G9,TOA PAINT THAILAND PCL,TB,Common Stock,common_stock_name_match,add_coverage_expansion,Active official Stock reference plus OpenFIGI Common Stock issuer-name match.,leave_blank_until_official_sector,leave_blank_until_official_identifier
SET::TRC,TRC,SET,TRC CONSTRUCTION PUBLIC COMPANY LIMITED,TRC.BK,TRC Construction Public Company Limited,,TRC,TRC CONSTRUCTION PUBLIC COMPANY LIMITED,,set_listed_companies,,Stock,false,false,,TICKER,TRC,1,BBG000JBZKN6,TRC CONSTRUCTION PCL,TB,Common Stock,common_stock_name_match,add_coverage_expansion,Active official Stock reference plus OpenFIGI Common Stock issuer-name match.,leave_blank_until_official_sector,leave_blank_until_official_identifier
SET::TRUE,TRUE,SET,TRUE CORPORATION PUBLIC COMPANY LIMITED,TRUE.BK,True Corporation Public Company Limited,,TRUE,TRUE CORPORATION PUBLIC COMPANY LIMITED,,set_listed_companies,,Stock,false,false,,TICKER,TRUE,0,,,,Common Stock,common_stock_name_mismatch,blocked_openfigi_name_mismatch,"OpenFIGI returned Common Stock results, but none matched the official issuer name.",leave_blank_until_official_sector,leave_blank_until_official_identifier
SET::TTI,TTI,SET,THAI TEXTILE INDUSTRY PUBLIC COMPANY LIMITED,TTI.BK,Thai Textile Industry Public Company Limited,,TTI,THAI TEXTILE INDUSTRY PUBLIC COMPANY LIMITED,,set_listed_companies,,Stock,false,false,,TICKER,TTI,1,BBG000BC5P09,THAI TEXTILE INDS PUB CO LTD,TB,Common Stock,common_stock_name_match,add_coverage_expansion,Active official Stock reference plus OpenFIGI Common Stock issuer-name match.,leave_blank_until_official_sector,leave_blank_until_official_identifier
SET::TTLPF,TTLPF,SET,TALAAD THAI LEASEHOLD PROPERTY FUND,TTLPF.BK,Talaad Thai Leasehold Property Fund,,TTLPF,TALAAD THAI LEASEHOLD PROPERTY FUND,,set_listed_companies,,Stock,false,false,,TICKER,TTLPF,0,,,,,no_common_stock,blocked_openfigi_no_common_stock,OpenFIGI returned no Common Stock result for the query.,leave_blank_until_official_sector,leave_blank_until_official_identifier
SET::TTT,TTT,SET,TORAY TEXTILES (THAILAND) PUBLIC COMPANY LIMITED,TTT.BK,Toray Textiles (Thailand) Public Company Limited,,TTT,TORAY TEXTILES (THAILAND) PUBLIC COMPANY LIMITED,,set_listed_companies,,Stock,false,false,,TICKER,TTT,1,BBG00PM89XQ2,TORAY TEXTILES THAILAND PCL,TB,Common Stock,common_stock_name_match,add_coverage_expansion,Active official Stock reference plus OpenFIGI Common Stock issuer-name match.,leave_blank_until_official_sector,leave_blank_until_official_identifier
SET::UAC,UAC,SET,UAC GLOBAL PUBLIC COMPANY LIMITED,UAC.BK,UAC Global Public Company Limited,,UAC,UAC GLOBAL PUBLIC COMPANY LIMITED,,set_listed_companies,,Stock,false,false,,TICKER,UAC,1,BBG000QXTYT1,UAC GLOBAL PUBLIC CO LTD,TB,Common Stock,common_stock_name_match,add_coverage_expansion,Active official Stock reference plus OpenFIGI Common Stock issuer-name match.,leave_blank_until_official_sector,leave_blank_until_official_identifier
SET::UEC,UEC,SET,UNIMIT ENGINEERING PUBLIC COMPANY LIMITED,UEC.BK,Unimit Engineering Public Company Limited,,UEC,UNIMIT ENGINEERING PUBLIC COMPANY LIMITED,,set_listed_companies,,Stock,false,false,,TICKER,UEC,1,BBG000BWH8V6,UNIMIT ENGINEERING PCL,TB,Common Stock,common_stock_name_match,add_coverage_expansion,Active official Stock reference plus OpenFIGI Common Stock issuer-name match.,leave_blank_until_official_sector,leave_blank_until_official_identifier
SET::UMI,UMI,SET,THE UNION MOSAIC INDUSTRY PUBLIC COMPANY LIMITED,UMI.BK,The Union Mosaic Industry Public Company Limited,,UMI,THE UNION MOSAIC INDUSTRY PUBLIC COMPANY LIMITED,,set_listed_companies,,Stock,false,false,,TICKER,UMI,1,BBG000BCZC96,UNION MOSAIC INDUSTRY PUB CO,TB,Common Stock,common_stock_name_match,add_coverage_expansion,Active official Stock reference plus OpenFIGI Common Stock issuer-name match.,leave_blank_until_official_sector,leave_blank_until_official_identifier
SET::UMS,UMS,SET,UNIQUE MINING SERVICES PUBLIC COMPANY LIMITED,UMS.BK,Unique Mining Services Public Company Limited,,UMS,UNIQUE MINING SERVICES PUBLIC COMPANY LIMITED,,set_listed_companies,,Stock,false,false,,TICKER,UMS,1,BBG000BSSDL3,UNIQUE MINING SERVICES PCL,TB,Common Stock,common_stock_name_match,add_coverage_expansion,Active official Stock reference plus OpenFIGI Common Stock issuer-name match.,leave_blank_until_official_sector,leave_blank_until_official_identifier
SET::UP,UP,SET,UNION PLASTIC PUBLIC COMPANY LIMITED,UP.BK,Union Plastic Public Company Limited,,UP,UNION PLASTIC PUBLIC COMPANY LIMITED,,set_listed_companies,,Stock,false,false,,TICKER,UP,1,BBG000BDY0K8,UNION PLASTIC PUB CO LTD,TB,Common Stock,common_stock_name_match,add_coverage_expansion,Active official Stock reference plus OpenFIGI Common Stock issuer-name match.,leave_blank_until_official_sector,leave_blank_until_official_identifier
SET::WHA,WHA,SET,WHA CORPORATION PUBLIC COMPANY LIMITED,WHA.BK,WHA Corporation Public Company Limited,,WHA,WHA CORPORATION PUBLIC COMPANY LIMITED,,set_listed_companies,,Stock,false,false,,TICKER,WHA,0,,,,Common Stock,common_stock_name_mismatch,blocked_openfigi_name_mismatch,"OpenFIGI returned Common Stock results, but none matched the official issuer name.",leave_blank_until_official_sector,leave_blank_until_official_identifier
SET::WP,WP,SET,WP ENERGY PUBLIC COMPANY LIMITED,WP.BK,WP Energy Public Company Limited,,WP,WP ENERGY PUBLIC COMPANY LIMITED,,set_listed_companies,,Stock,false,false,,TICKER,WP,1,BBG007KB18V4,WP ENERGY PCL,TB,Common Stock,common_stock_name_match,add_coverage_expansion,Active official Stock reference plus OpenFIGI Common Stock issuer-name match.,leave_blank_until_official_sector,leave_blank_until_official_identifier
SET::ZEN,ZEN,SET,ZEN CORPORATION GROUP PUBLIC COMPANY LIMITED,ZEN.BK,ZEN Corporation Group Public Company Limited,,ZEN,ZEN CORPORATION GROUP PUBLIC COMPANY LIMITED,,set_listed_companies,,Stock,false,false,,TICKER,ZEN,0,,,,Common Stock,common_stock_name_mismatch,blocked_openfigi_name_mismatch,"OpenFIGI returned Common Stock results, but none matched the official issuer name.",leave_blank_until_official_sector,leave_blank_until_official_identifier
SGX::ADN,ADN,SGX,First Sponsor,ADN.SI,First Sponsor Group Limited,,ADN,First Sponsor,KYG3488W1078,sgx_securities_prices,,Stock,false,false,,ID_ISIN,KYG3488W1078,1,BBG006KBNT00,FIRST SPONSOR GROUP LTD,SP,Common Stock,common_stock_name_match,add_coverage_expansion,Active official Stock reference plus OpenFIGI Common Stock issuer-name match.,leave_blank_until_official_sector,use_official_reference
SGX::AOF,AOF,SGX,Amplefield Ltd,AOF.SI,Amplefield Limited,,AOF,Amplefield Ltd,SG1AG0000003,sgx_securities_prices,,Stock,false,false,,ID_ISIN,SG1AG0000003,1,BBG000BD32Q2,AMPLEFIELD LTD,SP,Common Stock,common_stock_name_match,add_coverage_expansion,Active official Stock reference plus OpenFIGI Common Stock issuer-name match.,leave_blank_until_official_sector,use_official_reference
SGX::AWC,AWC,SGX,Brook Crompton,AWC.SI,Brook Crompton Holdings Ltd.,,AWC,Brook Crompton,SG1AI8000001,sgx_securities_prices,,Stock,false,false,,ID_ISIN,SG1AI8000001,1,BBG000GVQCP1,BROOK CROMPTON HOLDINGS LTD,SP,Common Stock,common_stock_name_match,add_coverage_expansion,Active official Stock reference plus OpenFIGI Common Stock issuer-name match.,leave_blank_until_official_sector,use_official_reference
SGX::AWI,AWI,SGX,Thakral,AWI.SI,Thakral Corporation Ltd,,AWI,Thakral,SG1AJ2000005,sgx_securities_prices,,Stock,false,false,,ID_ISIN,SG1AJ2000005,37,BBG000FVQG91|BBG008NVK997|BBG008NVK9D2|BBG008NVK9G9|BBG008NVK9J6|BBG008NVK9K4|BBG008NVK9L3|BBG008NVK9M2|BBG008NVK9N1|BBG008NVK9S6|BBG008NVK9T5|BBG008NVK9V2|BBG008NVK9Y9|BBG008NVK9Z8|BBG008NVKB10|BBG008NVKB83|BBG00JN8DNS0|BBG00QFZ7K60|BBG0155VTBQ9|BBG0155VTBR8|BBG0155VTBT6|BBG0155VTBW2|BBG0155VTBY0|BBG0155VTBZ9|BBG0155VTC05|BBG0155VTC14|BBG0155VTC23|BBG0155VTC69|BBG0155VTC78|BBG0155VTC96|BBG0155VTCB3|BBG0155VTCD1|BBG0155VTCG8|BBG0155VTCH7|BBG0155VTCJ5|BBG0155VTCL2|BBG0155VTCN0,THAKRAL CORP LTD|THAKRAL CORP LTD|THAKRAL CORP LTD|THAKRAL CORP LTD|THAKRAL CORP LTD|THAKRAL CORP LTD|THAKRAL CORP LTD|THAKRAL CORP LTD|THAKRAL CORP LTD|THAKRAL CORP LTD|THAKRAL CORP LTD|THAKRAL CORP LTD|THAKRAL CORP LTD|THAKRAL CORP LTD|THAKRAL CORP LTD|THAKRAL CORP LTD|THAKRAL CORP LTD|THAKRAL CORP LTD|THAKRAL CORP LTD|THAKRAL CORP LTD|THAKRAL CORP LTD|THAKRAL CORP LTD|THAKRAL CORP LTD|THAKRAL CORP LTD|THAKRAL CORP LTD|THAKRAL CORP LTD|THAKRAL CORP LTD|THAKRAL CORP LTD|THAKRAL CORP LTD|THAKRAL CORP LTD|THAKRAL CORP LTD|THAKRAL CORP LTD|THAKRAL CORP LTD|THAKRAL CORP LTD|THAKRAL CORP LTD|THAKRAL CORP LTD|THAKRAL CORP LTD,E1|EO|EU|SP|X1|X2|XA|XE|XF|XG|XH|XJ|XL|XO|XQ|XS|XU|XV|XW|XX|XZ,Common Stock,common_stock_name_match,add_coverage_expansion,Active official Stock reference plus OpenFIGI Common Stock issuer-name match.,leave_blank_until_official_sector,use_official_reference
SGX::AWK,AWK,SGX,Fuxing China,AWK.SI,Fuxing China Group Limited,,AWK,Fuxing China,BMG3705H2069,sgx_securities_prices,,Stock,false,false,,ID_ISIN,BMG3705H2069,42,BBG000RV6MJ6|BBG000TFXM09|BBG000TFXM72|BBG008NVJRB6|BBG008NVJRF2|BBG008NVJRH0|BBG008NVJRK6|BBG008NVJRL5|BBG008NVJRM4|BBG008NVJRN3|BBG008NVJRP1|BBG008NVJRT7|BBG008NVJRV4|BBG008NVJRW3|BBG008NVJRY1|BBG008NVJRZ0|BBG008NVJS06|BBG008NVJS15|BBG008NVJS33|BBG00JN8DNN5|BBG00QFZ7K24|BBG00Y44NMH0|BBG00Y44NMK6|BBG00Y44NML5|BBG00Y44NMM4|BBG00Y44NMP1|BBG00Y44NMR9|BBG00Y44NMT7|BBG00Y44NMV4|BBG00Y44NMW3|BBG00Y44NMX2|BBG00Y44NMY1|BBG00Y44NN24|BBG00Y44NN33|BBG00Y44NN51|BBG00Y44NN60|BBG00Y44NN88|BBG00Y44NNB4|BBG00Y44NNC3|BBG00Y44NND2|BBG00Y44NNG9|BBG00Y44NNJ6,FUXING CHINA GROUP LTD|FUXING CHINA GROUP LTD|FUXING CHINA GROUP LTD|FUXING CHINA GROUP LTD|FUXING CHINA GROUP LTD|FUXING CHINA GROUP LTD|FUXING CHINA GROUP LTD|FUXING CHINA GROUP LTD|FUXING CHINA GROUP LTD|FUXING CHINA GROUP LTD|FUXING CHINA GROUP LTD|FUXING CHINA GROUP LTD|FUXING CHINA GROUP LTD|FUXING CHINA GROUP LTD|FUXING CHINA GROUP LTD|FUXING CHINA GROUP LTD|FUXING CHINA GROUP LTD|FUXING CHINA GROUP LTD|FUXING CHINA GROUP LTD|FUXING CHINA GROUP LTD|FUXING CHINA GROUP LTD|FUXING CHINA GROUP LTD|FUXING CHINA GROUP LTD|FUXING CHINA GROUP LTD|FUXING CHINA GROUP LTD|FUXING CHINA GROUP LTD|FUXING CHINA GROUP LTD|FUXING CHINA GROUP LTD|FUXING CHINA GROUP LTD|FUXING CHINA GROUP LTD|FUXING CHINA GROUP LTD|FUXING CHINA GROUP LTD|FUXING CHINA GROUP LTD|FUXING CHINA GROUP LTD|FUXING CHINA GROUP LTD|FUXING CHINA GROUP LTD|FUXING CHINA GROUP LTD|FUXING CHINA GROUP LTD|FUXING CHINA GROUP LTD|FUXING CHINA GROUP LTD|FUXING CHINA GROUP LTD|FUXING CHINA GROUP LTD,E1|EO|EP|EU|EZ|GF|GR|SP|X1|X2|XA|XE|XF|XG|XH|XJ|XL|XO|XQ|XS|XU|XV|XW|XX|XY|XZ,Common Stock,common_stock_name_match,add_coverage_expansion,Active official Stock reference plus OpenFIGI Common Stock issuer-name match.,leave_blank_until_official_sector,use_official_reference
SGX::AWM,AWM,SGX,Shanghai Turbo,AWM.SI,Shanghai Turbo Enterprises Ltd,,AWM,Shanghai Turbo,KYG8064W1160,sgx_securities_prices,,Stock,false,false,,ID_ISIN,KYG8064W1160,18,BBG000KSMZ94|BBG008QQG0W3|BBG008QQG0Z0|BBG008QQG115|BBG008QQG133|BBG008QQG142|BBG008QQG151|BBG008QQG160|BBG008QQG179|BBG008QQG1C3|BBG008QQG1D2|BBG008QQG1F0|BBG008QQG1H8|BBG008QQG1J6|BBG008QQG1L3|BBG008QQG1N1|BBG00JN8DQR4|BBG00QFZ7M66,SHANGHAI TURBO ENTERPRISES|SHANGHAI TURBO ENTERPRISES|SHANGHAI TURBO ENTERPRISES|SHANGHAI TURBO ENTERPRISES|SHANGHAI TURBO ENTERPRISES|SHANGHAI TURBO ENTERPRISES|SHANGHAI TURBO ENTERPRISES|SHANGHAI TURBO ENTERPRISES|SHANGHAI TURBO ENTERPRISES|SHANGHAI TURBO ENTERPRISES|SHANGHAI TURBO ENTERPRISES|SHANGHAI TURBO ENTERPRISES|SHANGHAI TURBO ENTERPRISES|SHANGHAI TURBO ENTERPRISES|SHANGHAI TURBO ENTERPRISES|SHANGHAI TURBO ENTERPRISES|SHANGHAI TURBO ENTERPRISES|SHANGHAI TURBO ENTERPRISES,E1|EO|EU|SP|X1|XA|XE|XF|XG|XH|XJ|XL|XO|XS|XU|XV|XW|XX,Common Stock,common_stock_name_match,add_coverage_expansion,Active official Stock reference plus OpenFIGI Common Stock issuer-name match.,leave_blank_until_official_sector,use_official_reference
SGX::BBP,BBP,SGX,Hor Kew,BBP.SI,Hor Kew Corporation Limited,,BBP,Hor Kew,SG1BE0000006,sgx_securities_prices,,Stock,false,false,,ID_ISIN,SG1BE0000006,1,BBG000C3HKK4,HOR KEW CORP LTD,SP,Common Stock,common_stock_name_match,add_coverage_expansion,Active official Stock reference plus OpenFIGI Common Stock issuer-name match.,leave_blank_until_official_sector,use_official_reference
SGX::BCV,BCV,SGX,Qian Hu,BCV.SI,Qian Hu Corporation Limited,,BCV,Qian Hu,SG1BE8000008,sgx_securities_prices,,Stock,false,false,,ID_ISIN,SG1BE8000008,1,BBG000CGSZW7,QIAN HU CORP LTD,SP,Common Stock,common_stock_name_match,add_coverage_expansion,Active official Stock reference plus OpenFIGI Common Stock issuer-name match.,leave_blank_until_official_sector,use_official_reference
SGX::BEC,BEC,SGX,BRC Asia,BEC.SI,BRC Asia Limited,,BEC,BRC Asia,SG1BG3000008,sgx_securities_prices,,Stock,false,false,,ID_ISIN,SG1BG3000008,1,BBG000C01G62,BRC ASIA LTD,SP,Common Stock,common_stock_name_match,add_coverage_expansion,Active official Stock reference plus OpenFIGI Common Stock issuer-name match.,leave_blank_until_official_sector,use_official_reference
SGX::BEW,BEW,SGX,JB Foods,BEW.SI,JB Foods Limited,,BEW,JB Foods,SG1BH1000008,sgx_securities_prices,,Stock,false,false,,ID_ISIN,SG1BH1000008,1,BBG00357L4P3,JB FOODS LTD,SP,Common Stock,common_stock_name_match,add_coverage_expansion,Active official Stock reference plus OpenFIGI Common Stock issuer-name match.,leave_blank_until_official_sector,use_official_reference
SGX::BEZ,BEZ,SGX,Beng Kuang,BEZ.SI,Beng Kuang Marine Limited,,BEZ,Beng Kuang,SG1BH2000007,sgx_securities_prices,,Stock,false,false,,ID_ISIN,SG1BH2000007,22,BBG000DQLRY7|BBG00X5VFSL2|BBG00X5VFSN0|BBG00X5VFSR6|BBG00X5VFSS5|BBG00X5VFSV1|BBG00X5VFSX9|BBG00X5VFSZ7|BBG00X5VFT03|BBG00X5VFT12|BBG00X5VFT30|BBG00X5VFT58|BBG00X5VFT94|BBG00X5VFTB1|BBG00X5VFTD9|BBG00X5VFTF7|BBG00X5VFTH5|BBG00X5VFTK1|BBG00X5VFTL0|BBG00X5VFTM9|BBG00X5VFTP6|BBG00X5VFVV4,BENG KUANG MARINE LTD|BENG KUANG MARINE LTD|BENG KUANG MARINE LTD|BENG KUANG MARINE LTD|BENG KUANG MARINE LTD|BENG KUANG MARINE LTD|BENG KUANG MARINE LTD|BENG KUANG MARINE LTD|BENG KUANG MARINE LTD|BENG KUANG MARINE LTD|BENG KUANG MARINE LTD|BENG KUANG MARINE LTD|BENG KUANG MARINE LTD|BENG KUANG MARINE LTD|BENG KUANG MARINE LTD|BENG KUANG MARINE LTD|BENG KUANG MARINE LTD|BENG KUANG MARINE LTD|BENG KUANG MARINE LTD|BENG KUANG MARINE LTD|BENG KUANG MARINE LTD|BENG KUANG MARINE LTD,E1|EP|EU|EZ|SP|X1|X2|XA|XE|XF|XG|XH|XJ|XL|XO|XQ|XS|XU|XV|XW|XX|XZ,Common Stock,common_stock_name_match,add_coverage_expansion,Active official Stock reference plus OpenFIGI Common Stock issuer-name match.,leave_blank_until_official_sector,use_official_reference
SGX::BHD,BHD,SGX,China Mining,BHD.SI,China Mining International Limited,,BHD,China Mining,KYG211721207,sgx_securities_prices,,Stock,false,false,,ID_ISIN,KYG211721207,1,BBG000C2RWB9,CHINA MINING INTERNATIONAL L,SP,Common Stock,common_stock_name_match,add_coverage_expansion,Active official Stock reference plus OpenFIGI Common Stock issuer-name match.,leave_blank_until_official_sector,use_official_reference
SGX::BIP,BIP,SGX,Vibrant Group,BIP.SI,Vibrant Group Limited,,BIP,Vibrant Group,SG1BJ7000008,sgx_securities_prices,,Stock,false,false,,ID_ISIN,SG1BJ7000008,1,BBG000FDHDF1,VIBRANT GROUP LTD,SP,Common Stock,common_stock_name_match,add_coverage_expansion,Active official Stock reference plus OpenFIGI Common Stock issuer-name match.,leave_blank_until_official_sector,use_official_reference
SGX::BRD,BRD,SGX,Sapphire,BRD.SI,Sapphire Corporation Limited,,BRD,Sapphire,SG1CG4000005,sgx_securities_prices,,Stock,false,false,,ID_ISIN,SG1CG4000005,1,BBG000C0XZ38,SAPPHIRE CORP LTD,SP,Common Stock,common_stock_name_match,add_coverage_expansion,Active official Stock reference plus OpenFIGI Common Stock issuer-name match.,leave_blank_until_official_sector,use_official_reference
SGX::BTG,BTG,SGX,HG Metal,BTG.SI,HG Metal Manufacturing Limited,,BTG,HG Metal,SG1CH7000000,sgx_securities_prices,,Stock,false,false,,ID_ISIN,SG1CH7000000,1,BBG000M3S9M4,HG METAL MANUFACTURING LTD,SP,Common Stock,common_stock_name_match,add_coverage_expansion,Active official Stock reference plus OpenFIGI Common Stock issuer-name match.,leave_blank_until_official_sector,use_official_reference
SGX::CTO,CTO,SGX,Hong Lai Huat,CTO.SI,Hong Lai Huat Group Limited,,CTO,Hong Lai Huat,SG1EE1000009,sgx_securities_prices,,Stock,false,false,,ID_ISIN,SG1EE1000009,20,BBG000BHZZ76|BBG013X1BKG9|BBG013X1BKH8|BBG013X1BKL3|BBG013X1BKN1|BBG013X1BKQ8|BBG013X1BKR7|BBG013X1BKS6|BBG013X1BKT5|BBG013X1BKV2|BBG013X1BKZ8|BBG013X1BL04|BBG013X1BL22|BBG013X1BL31|BBG013X1BL59|BBG013X1BL77|BBG013X1BL86|BBG013X1BL95|BBG013X1BLC1|BBG013X1BLF8,HONG LAI HUAT GROUP LTD|HONG LAI HUAT GROUP LTD|HONG LAI HUAT GROUP LTD|HONG LAI HUAT GROUP LTD|HONG LAI HUAT GROUP LTD|HONG LAI HUAT GROUP LTD|HONG LAI HUAT GROUP LTD|HONG LAI HUAT GROUP LTD|HONG LAI HUAT GROUP LTD|HONG LAI HUAT GROUP LTD|HONG LAI HUAT GROUP LTD|HONG LAI HUAT GROUP LTD|HONG LAI HUAT GROUP LTD|HONG LAI HUAT GROUP LTD|HONG LAI HUAT GROUP LTD|HONG LAI HUAT GROUP LTD|HONG LAI HUAT GROUP LTD|HONG LAI HUAT GROUP LTD|HONG LAI HUAT GROUP LTD|HONG LAI HUAT GROUP LTD,E1|EU|SP|X1|X2|XA|XE|XF|XG|XH|XJ|XL|XO|XQ|XS|XU|XV|XW|XX|XZ,Common Stock,common_stock_name_match,add_coverage_expansion,Active official Stock reference plus OpenFIGI Common Stock issuer-name match.,leave_blank_until_official_sector,use_official_reference
SGX::E3B,E3B,SGX,Wee Hur,E3B.SI,Wee Hur Holdings Ltd.,,E3B,Wee Hur,SG1W55939399,sgx_securities_prices,,Stock,false,false,,ID_ISIN,SG1W55939399,20,BBG000V1Z637|BBG000V98DS8|BBG000V98DV4|BBG00ZV6SRG7|BBG00ZV6SRJ4|BBG00ZV6SRL1|BBG00ZV6SRN9|BBG00ZV6SRQ6|BBG00ZV6SRR5|BBG00ZV6SRS4|BBG00ZV6SRX8|BBG00ZV6SRY7|BBG00ZV6SS02|BBG00ZV6SS11|BBG00ZV6SS39|BBG00ZV6SS57|BBG00ZV6SS66|BBG00ZV6SS75|BBG00ZV6SS93|BBG00ZV6SSC9,WEE HUR HOLDINGS LTD|WEE HUR HOLDINGS LTD|WEE HUR HOLDINGS LTD|WEE HUR HOLDINGS LTD|WEE HUR HOLDINGS LTD|WEE HUR HOLDINGS LTD|WEE HUR HOLDINGS LTD|WEE HUR HOLDINGS LTD|WEE HUR HOLDINGS LTD|WEE HUR HOLDINGS LTD|WEE HUR HOLDINGS LTD|WEE HUR HOLDINGS LTD|WEE HUR HOLDINGS LTD|WEE HUR HOLDINGS LTD|WEE HUR HOLDINGS LTD|WEE HUR HOLDINGS LTD|WEE HUR HOLDINGS LTD|WEE HUR HOLDINGS LTD|WEE HUR HOLDINGS LTD|WEE HUR HOLDINGS LTD,E1|EU|GF|GR|SP|X1|X2|XA|XE|XF|XG|XH|XL|XO|XQ|XU|XV|XW|XX|XZ,Common Stock,common_stock_name_match,add_coverage_expansion,Active official Stock reference plus OpenFIGI Common Stock issuer-name match.,leave_blank_until_official_sector,use_official_reference
SGX::G50,G50,SGX,Grand Banks,G50.SI,Grand Banks Yachts Limited,,G50,Grand Banks,SG0504000043,sgx_securities_prices,,Stock,false,false,,ID_ISIN,SG0504000043,1,BBG000BDGK97,GRAND BANKS YACHTS LTD,SP,Common Stock,common_stock_name_match,add_coverage_expansion,Active official Stock reference plus OpenFIGI Common Stock issuer-name match.,leave_blank_until_official_sector,use_official_reference
SGX::NEX,NEX,SGX,Reclaims Global,NEX.SI,Reclaims Global Limited,,NEX,Reclaims Global,SGXE46584095,sgx_securities_prices,,Stock,false,false,,ID_ISIN,SGXE46584095,1,BBG00NJ1C6W4,RECLAIMS GLOBAL LTD,SP,Common Stock,common_stock_name_match,add_coverage_expansion,Active official Stock reference plus OpenFIGI Common Stock issuer-name match.,leave_blank_until_official_sector,use_official_reference
SGX::WPC,WPC,SGX,Vallianz,WPC.SI,Vallianz Holdings Limited,,WPC,Vallianz,SGXE15078822,sgx_securities_prices,,Stock,false,false,,ID_ISIN,SGXE15078822,1,BBG000HYD0C8,VALLIANZ HOLDINGS LTD,SP,Common Stock,common_stock_name_match,add_coverage_expansion,Active official Stock reference plus OpenFIGI Common Stock issuer-name match.,leave_blank_until_official_sector,use_official_reference
SGX::XVG,XVG,SGX,Aedge Group,XVG.SI,Aedge Group Limited,,XVG,Aedge Group,SGXE57819042,sgx_securities_prices,,Stock,false,false,,ID_ISIN,SGXE57819042,1,BBG00YG11ZT5,AEDGE GROUP LTD,SP,Common Stock,common_stock_name_match,add_coverage_expansion,Active official Stock reference plus OpenFIGI Common Stock issuer-name match.,leave_blank_until_official_sector,use_official_reference
SIX::STRN,STRN,SIX,Schlatter Industries AG,STRN.SW,Schlatter Industries AG,,STRN,Schlatter Industries AG,CH0002277314,six_equity_issuers,,Stock,false,false,,ID_ISIN,CH0002277314,63,BBG000BLS2H7|BBG000BLS367|BBG000KSFM00|BBG000KSFRR0|BBG000KSFTD1|BBG000KSG0P0|BBG000KSG1R6|BBG001KWTDC1|BBG002K155B1|BBG004KMZQ13|BBG00591WG32|BBG005D7NVD0|BBG006M6YWV6|BBG006T9H0Z8|BBG00725JT42|BBG00725JT79|BBG00725JT97|BBG00725JTC3|BBG00725JTD2|BBG00725JTF0|BBG00725JTG9|BBG00725JTH8|BBG00725JTM2|BBG00725JTN1|BBG00725JTP9|BBG00725JTQ8|BBG00725JTR7|BBG00725JTS6|BBG00725JTV2|BBG00725JTX0|BBG008H0JXT9|BBG00JN7T2Y4|BBG00JN88747|BBG00JYV54T7|BBG00PQ088R0|BBG00PQ088T8|BBG00Q6RH5C3|BBG00QFYMTM9|BBG00QFZ32T9|BBG00Y932060|BBG00Z4GKHF6|BBG01F7JMCZ7|BBG01F7JMD03|BBG01F7JMD21|BBG01F7JMD49|BBG01F7JMD67|BBG01F7JMD76|BBG01F7JMD85|BBG01F7JMD94|BBG01F7JMDB1|BBG01F7JMDG6|BBG01F7JMDH5|BBG01F7JMDJ3|BBG01F7JMDK1|BBG01F7JMDL0|BBG01F7JMDM9|BBG01F7JMDN8|BBG01F7JMDQ5|BBG01F7JMDR4|BBG01F7JMDS3|BBG01F7JMDV9|BBG01F7JMDX7|BBG01L8XCNY0,SCHLATTER INDUSTRIES AG|SCHLATTER INDUSTRIES AG|SCHLATTER INDUSTRIES AG|SCHLATTER INDUSTRIES AG|SCHLATTER INDUSTRIES AG|SCHLATTER INDUSTRIES AG|SCHLATTER INDUSTRIES AG|SCHLATTER INDUSTRIES AG|SCHLATTER INDUSTRIES AG|SCHLATTER INDUSTRIES AG|SCHLATTER INDUSTRIES AG|SCHLATTER INDUSTRIES AG|SCHLATTER INDUSTRIES AG|SCHLATTER INDUSTRIES AG|SCHLATTER INDUSTRIES AG|SCHLATTER INDUSTRIES AG|SCHLATTER INDUSTRIES AG|SCHLATTER INDUSTRIES AG|SCHLATTER INDUSTRIES AG|SCHLATTER INDUSTRIES AG|SCHLATTER INDUSTRIES AG|SCHLATTER INDUSTRIES AG|SCHLATTER INDUSTRIES AG|SCHLATTER INDUSTRIES AG|SCHLATTER INDUSTRIES AG|SCHLATTER INDUSTRIES AG|SCHLATTER INDUSTRIES AG|SCHLATTER INDUSTRIES AG|SCHLATTER INDUSTRIES AG|SCHLATTER INDUSTRIES AG|SCHLATTER INDUSTRIES AG|SCHLATTER INDUSTRIES AG|SCHLATTER INDUSTRIES AG|SCHLATTER INDUSTRIES AG|SCHLATTER INDUSTRIES AG|SCHLATTER INDUSTRIES AG|SCHLATTER INDUSTRIES AG|SCHLATTER INDUSTRIES AG|SCHLATTER INDUSTRIES AG|SCHLATTER INDUSTRIES AG|SCHLATTER INDUSTRIES AG|SCHLATTER INDUSTRIES AG|SCHLATTER INDUSTRIES AG|SCHLATTER INDUSTRIES AG|SCHLATTER INDUSTRIES AG|SCHLATTER INDUSTRIES AG|SCHLATTER INDUSTRIES AG|SCHLATTER INDUSTRIES AG|SCHLATTER INDUSTRIES AG|SCHLATTER INDUSTRIES AG|SCHLATTER INDUSTRIES AG|SCHLATTER INDUSTRIES AG|SCHLATTER INDUSTRIES AG|SCHLATTER INDUSTRIES AG|SCHLATTER INDUSTRIES AG|SCHLATTER INDUSTRIES AG|SCHLATTER INDUSTRIES AG|SCHLATTER INDUSTRIES AG|SCHLATTER INDUSTRIES AG|SCHLATTER INDUSTRIES AG|SCHLATTER INDUSTRIES AG|SCHLATTER INDUSTRIES AG|SCHLATTER INDUSTRIES AG,BW|E1|EB|EO|EP|EU|EZ|IX|L1|L3|LN|PO|QX|S1|SE|SW|TQ|X1|X2|XA|XE|XF|XG|XH|XJ|XL|XO|XQ|XS|XT|XU|XV|XW|XX|XY|XZ,Common Stock,common_stock_name_match,add_coverage_expansion,Active official Stock reference plus OpenFIGI Common Stock issuer-name match.,leave_blank_until_official_sector,use_official_reference
STO::ATT,ATT,STO,Attendo,ATT.ST,Attendo AB (publ),,ATT,Attendo,SE0007666110,nasdaq_nordic_stockholm_shares,Health Care,Stock,false,true,LSE:0RCY:Stock,ID_ISIN,SE0007666110,65,BBG00BDZ6WV2|BBG00BKLCX19|BBG00BKLCX46|BBG00BKLCX64|BBG00BKLCX82|BBG00BKLCX91|BBG00BKLCXB8|BBG00BKLCXC7|BBG00BKLCXD6|BBG00BKLCXJ0|BBG00BKLCXK8|BBG00BKLCXL7|BBG00BKLCXN5|BBG00BKLCXP3|BBG00BKLCXQ2|BBG00BKLCXW5|BBG00BKV7LH2|BBG00BKV7LY3|BBG00BKV7M53|BBG00BKZLX27|BBG00BL12HT8|BBG00BL12HV5|BBG00BL12HW4|BBG00BL12HZ1|BBG00BL3PZH2|BBG00BL3PZY3|BBG00CWYZ5M9|BBG00D8D2K43|BBG00DHY0ZJ0|BBG00G4XGKX9|BBG00JN8G7S2|BBG00N0CY6T0|BBG00NL2LW43|BBG00NLKF4X0|BBG00NQ9Z5K9|BBG00NR92882|BBG00PPZQKL3|BBG00PPZQKN1|BBG00QFZ94L7|BBG00Y7BF2G5|BBG00YJ86974|BBG00YRDSN60|BBG00YRDSN88|BBG00YRDSNB4|BBG00YRDSND2|BBG00YRDSNG9|BBG00YRDSNH8|BBG00YRDSNJ6|BBG00YRDSNK4|BBG00YRDSNL3|BBG00YRDSNQ8|BBG00YRDSNR7|BBG00YRDSNT5|BBG00YRDSNV2|BBG00YRDSNX0|BBG00YRDSNZ8|BBG00YRDSP01|BBG00YRDSP10|BBG00YRDSP38|BBG00YRDSPD7|BBG0115QL795|BBG018H9FGC8|BBG018J32H31|BBG01LK2NN72|BBG01SRN2F83,ATTENDO AB|ATTENDO AB|ATTENDO AB|ATTENDO AB|ATTENDO AB|ATTENDO AB|ATTENDO AB|ATTENDO AB|ATTENDO AB|ATTENDO AB|ATTENDO AB|ATTENDO AB|ATTENDO AB|ATTENDO AB|ATTENDO AB|ATTENDO AB|ATTENDO AB|ATTENDO AB|ATTENDO AB|ATTENDO AB|ATTENDO AB|ATTENDO AB|ATTENDO AB|ATTENDO AB|ATTENDO AB|ATTENDO AB|ATTENDO AB|ATTENDO AB|ATTENDO AB|ATTENDO AB|ATTENDO AB|ATTENDO AB|ATTENDO AB|ATTENDO AB|ATTENDO AB|ATTENDO AB|ATTENDO AB|ATTENDO AB|ATTENDO AB|ATTENDO AB|ATTENDO AB|ATTENDO AB|ATTENDO AB|ATTENDO AB|ATTENDO AB|ATTENDO AB|ATTENDO AB|ATTENDO AB|ATTENDO AB|ATTENDO AB|ATTENDO AB|ATTENDO AB|ATTENDO AB|ATTENDO AB|ATTENDO AB|ATTENDO AB|ATTENDO AB|ATTENDO AB|ATTENDO AB|ATTENDO AB|ATTENDO AB|ATTENDO AB|ATTENDO AB|ATTENDO AB|ATTENDO AB,B3|BQ|E1|EB|EO|EP|EU|EZ|GD|GF|GM|GR|GZ|I2|IX|L1|L3|LA|LO|LU|PO|QE|QT|QX|S1|S4|SS|T1|T2|TQ|WT|X1|X2|X9|XA|XE|XF|XG|XH|XJ|XL|XO|XQ|XS|XU|XV|XW|XX|XZ,Common Stock,common_stock_name_match,add_coverage_expansion,Active official Stock reference plus OpenFIGI Common Stock issuer-name match.,use_official_reference,use_official_reference
STO::BOAT,BOAT,STO,Nimbus Group,BOAT.ST,Nimbus Group AB (Publ),,BOAT,Nimbus Group,SE0015407390,nasdaq_nordic_stockholm_shares,Consumer Discretionary,Stock,false,false,,ID_ISIN,SE0015407390,43,BBG00Z161Y38|BBG00Z6NLDT2|BBG00Z6NLDV9|BBG00Z6NLDX7|BBG00Z6NLDZ5|BBG00Z6NLF17|BBG00Z6NLF35|BBG00Z6NLF44|BBG00Z6NLF53|BBG00Z6NLF99|BBG00Z6NLFB6|BBG00Z6NLFC5|BBG00Z6NLFD4|BBG00Z6NLFF2|BBG00Z6NLFH0|BBG00Z6NLFK6|BBG00Z6NLFL5|BBG00Z6NLFM4|BBG00Z6NLFP1|BBG00Z6NLFR9|BBG00Z84GB49|BBG00Z84GB58|BBG00Z84JKK8|BBG00Z84KRQ5|BBG00Z84KZ87|BBG00Z8MSR50|BBG00Z8MSR69|BBG00Z8MSR87|BBG00Z8MSRB3|BBG00Z8MSRD1|BBG00Z8MSRG8|BBG00Z8MSRH7|BBG00Z8MSRJ5|BBG00Z8MSRN0|BBG00Z8MSRP8|BBG00Z8MSRR6|BBG00Z8MSRS5|BBG00Z8MSRV1|BBG00Z8MSRX9|BBG00Z8MSRY8|BBG00Z8MSRZ7|BBG00Z8MSS12|BBG00Z8MSS30,NIMBUS GROUP AB|NIMBUS GROUP AB|NIMBUS GROUP AB|NIMBUS GROUP AB|NIMBUS GROUP AB|NIMBUS GROUP AB|NIMBUS GROUP AB|NIMBUS GROUP AB|NIMBUS GROUP AB|NIMBUS GROUP AB|NIMBUS GROUP AB|NIMBUS GROUP AB|NIMBUS GROUP AB|NIMBUS GROUP AB|NIMBUS GROUP AB|NIMBUS GROUP AB|NIMBUS GROUP AB|NIMBUS GROUP AB|NIMBUS GROUP AB|NIMBUS GROUP AB|NIMBUS GROUP AB|NIMBUS GROUP AB|NIMBUS GROUP AB|NIMBUS GROUP AB|NIMBUS GROUP AB|NIMBUS GROUP AB|NIMBUS GROUP AB|NIMBUS GROUP AB|NIMBUS GROUP AB|NIMBUS GROUP AB|NIMBUS GROUP AB|NIMBUS GROUP AB|NIMBUS GROUP AB|NIMBUS GROUP AB|NIMBUS GROUP AB|NIMBUS GROUP AB|NIMBUS GROUP AB|NIMBUS GROUP AB|NIMBUS GROUP AB|NIMBUS GROUP AB|NIMBUS GROUP AB|NIMBUS GROUP AB|NIMBUS GROUP AB,B3|E1|EU|GF|GR|L3|PO|SF|X1|X2|XA|XE|XF|XG|XH|XL|XO|XQ|XS|XT|XU|XV|XW|XX|XZ,Common Stock,common_stock_name_match,add_coverage_expansion,Active official Stock reference plus OpenFIGI Common Stock issuer-name match.,use_official_reference,use_official_reference
STO::GCOR,GCOR,STO,Gaming Corps,GCOR.ST,Gaming Corps AB (publ),,GCOR,Gaming Corps,SE0014694691,nasdaq_nordic_stockholm_shares,Consumer Discretionary,Stock,false,false,,ID_ISIN,SE0014694691,41,BBG009BNMV77|BBG009BVVF65|BBG009BVVF83|BBG009BVVFB9|BBG009BVVFD7|BBG009BVVFF5|BBG009BVVFG4|BBG009BVVFM7|BBG009BVVFQ3|BBG009BVVFR2|BBG009BVVFT0|BBG009BVVFW6|BBG00JL6ZQJ5|BBG00JLWQ8D4|BBG00JLXC1B4|BBG00PQ10PZ9|BBG00PQ10Q14|BBG00QFZ7Y24|BBG00Y0BYH50|BBG00Y0BYH69|BBG00Y1DQD80|BBG00Y1DQD99|BBG00Y1DQDC5|BBG00Y1DQDF2|BBG00Y1DQDH0|BBG00Y1DQDJ8|BBG00Y1DQDK6|BBG00Y1DQDL5|BBG00Y1DQDM4|BBG00Y1DQDR9|BBG00Y1DQDS8|BBG00Y1DQDT7|BBG00Y1DQDV4|BBG00Y1DQDW3|BBG00Y1DQDY1|BBG00Y1DQF03|BBG00Y1DQF12|BBG00Y1DQF21|BBG00Y1DQF49|BBG00Y1DQF67|BBG00Y913JV4,GAMING CORPS AB|GAMING CORPS AB|GAMING CORPS AB|GAMING CORPS AB|GAMING CORPS AB|GAMING CORPS AB|GAMING CORPS AB|GAMING CORPS AB|GAMING CORPS AB|GAMING CORPS AB|GAMING CORPS AB|GAMING CORPS AB|GAMING CORPS AB|GAMING CORPS AB|GAMING CORPS AB|GAMING CORPS AB|GAMING CORPS AB|GAMING CORPS AB|GAMING CORPS AB|GAMING CORPS AB|GAMING CORPS AB|GAMING CORPS AB|GAMING CORPS AB|GAMING CORPS AB|GAMING CORPS AB|GAMING CORPS AB|GAMING CORPS AB|GAMING CORPS AB|GAMING CORPS AB|GAMING CORPS AB|GAMING CORPS AB|GAMING CORPS AB|GAMING CORPS AB|GAMING CORPS AB|GAMING CORPS AB|GAMING CORPS AB|GAMING CORPS AB|GAMING CORPS AB|GAMING CORPS AB|GAMING CORPS AB|GAMING CORPS AB,B3|E1|EP|EU|EZ|GF|GR|L1|L3|PO|SF|X1|X2|XA|XE|XF|XG|XH|XJ|XL|XO|XQ|XS|XT|XU|XV|XW|XX|XZ,Common Stock,common_stock_name_match,add_coverage_expansion,Active official Stock reference plus OpenFIGI Common Stock issuer-name match.,use_official_reference,use_official_reference
STO::INSP,INSP,STO,Insplorion,INSP.ST,Insplorion AB (publ),,INSP,Insplorion,SE0006994943,nasdaq_nordic_stockholm_shares,Technology,Stock,false,false,,ID_ISIN,SE0006994943,45,BBG008LDC8G2|BBG00Z2ZSYF1|BBG00Z2ZSYG0|BBG00Z2ZSYJ7|BBG00Z2ZSYL4|BBG00Z2ZSYN2|BBG00Z2ZSYQ9|BBG00Z2ZSYR8|BBG00Z2ZSYS7|BBG00Z2ZSYX1|BBG00Z2ZSYY0|BBG00Z2ZSZ04|BBG00Z2ZSZ13|BBG00Z2ZSZ31|BBG00Z2ZSZ59|BBG00Z2ZSZ68|BBG00Z2ZSZ77|BBG00Z2ZSZ95|BBG00Z2ZSZC1|BBG00Z8454C8|BBG00Z8454D7|BBG00Z8454H3|BBG00Z8MSB55|BBG00Z8MSB64|BBG00Z8MSB82|BBG00Z8MSBB8|BBG00Z8MSBD6|BBG00Z8MSBG3|BBG00Z8MSBH2|BBG00Z8MSBJ0|BBG00Z8MSBN5|BBG00Z8MSBP3|BBG00Z8MSBQ2|BBG00Z8MSBR1|BBG00Z8MSBS0|BBG00Z8MSBV6|BBG00Z8MSBX4|BBG00Z8MSBY3|BBG00Z8MSBZ2|BBG00Z8MSC17|BBG00Z8MSC35|BBG01JNQHZY1|BBG01JNQKY43|BBG01JNQL689|BBG01JNQL9K9,INSPLORION AB|INSPLORION AB|INSPLORION AB|INSPLORION AB|INSPLORION AB|INSPLORION AB|INSPLORION AB|INSPLORION AB|INSPLORION AB|INSPLORION AB|INSPLORION AB|INSPLORION AB|INSPLORION AB|INSPLORION AB|INSPLORION AB|INSPLORION AB|INSPLORION AB|INSPLORION AB|INSPLORION AB|INSPLORION AB|INSPLORION AB|INSPLORION AB|INSPLORION AB|INSPLORION AB|INSPLORION AB|INSPLORION AB|INSPLORION AB|INSPLORION AB|INSPLORION AB|INSPLORION AB|INSPLORION AB|INSPLORION AB|INSPLORION AB|INSPLORION AB|INSPLORION AB|INSPLORION AB|INSPLORION AB|INSPLORION AB|INSPLORION AB|INSPLORION AB|INSPLORION AB|INSPLORION AB|INSPLORION AB|INSPLORION AB|INSPLORION AB,B3|E1|EU|GF|GR|GS|L1|L3|PO|SF|X1|X2|XA|XE|XF|XG|XH|XL|XO|XQ|XS|XT|XU|XV|XW|XX|XZ,Common Stock,common_stock_name_match,add_coverage_expansion,Active official Stock reference plus OpenFIGI Common Stock issuer-name match.,use_official_reference,use_official_reference
STO::MCAP,MCAP,STO,MedCap,MCAP.ST,MedCap AB (publ),,MCAP,MedCap,SE0009160872,nasdaq_nordic_stockholm_shares,Health Care,Stock,false,false,,ID_ISIN,SE0009160872,61,BBG000QRS5S9|BBG0058M6Q07|BBG0058M6Q34|BBG0058M6Q52|BBG0058M6Q70|BBG0058M6Q89|BBG0058M6Q98|BBG0058M6QB5|BBG0058M6QC4|BBG0058M6QH9|BBG0058M6QJ7|BBG0058M6QK5|BBG0058M6QM3|BBG0058M6QN2|BBG0058M6QR8|BBG005925K68|BBG008FK9467|BBG008FK9494|BBG008FK94C0|BBG008FK94F7|BBG008FK94G6|BBG008FK94H5|BBG008FK94J3|BBG008FK94K1|BBG008FK94P6|BBG008FK94Q5|BBG008FK94R4|BBG008FK94S3|BBG008FK94T2|BBG008FK94V9|BBG008FK94X7|BBG008FK94Z5|BBG00CMLRS92|BBG00CMLRSB9|BBG00CMLRSC8|BBG00CMLRSF5|BBG00CMLRSG4|BBG00CNLDJ96|BBG00CNLDQ90|BBG00CNLDVG1|BBG00JN835D6|BBG00JN8D590|BBG00PPXWVW5|BBG00PPXWVY3|BBG00Q6RS372|BBG00QFYY0X7|BBG00QFZ71M4|BBG00Y923XP8|BBG0120SJPS6|BBG0120SJR66|BBG0120SJSD6|BBG015PVXJ76|BBG015PVXKJ0|BBG018H9G1P6|BBG018J332F0|BBG01BNJCRR5|BBG01JKSBFN2|BBG01JKSBK51|BBG01LCLWX40|BBG01LCLXBQ3|BBG01LKWF3R7,MEDCAP AB|MEDCAP AB|MEDCAP AB|MEDCAP AB|MEDCAP AB|MEDCAP AB|MEDCAP AB|MEDCAP AB|MEDCAP AB|MEDCAP AB|MEDCAP AB|MEDCAP AB|MEDCAP AB|MEDCAP AB|MEDCAP AB|MEDCAP AB|MEDCAP AB|MEDCAP AB|MEDCAP AB|MEDCAP AB|MEDCAP AB|MEDCAP AB|MEDCAP AB|MEDCAP AB|MEDCAP AB|MEDCAP AB|MEDCAP AB|MEDCAP AB|MEDCAP AB|MEDCAP AB|MEDCAP AB|MEDCAP AB|MEDCAP AB|MEDCAP AB|MEDCAP AB|MEDCAP AB|MEDCAP AB|MEDCAP AB|MEDCAP AB|MEDCAP AB|MEDCAP AB|MEDCAP AB|MEDCAP AB|MEDCAP AB|MEDCAP AB|MEDCAP AB|MEDCAP AB|MEDCAP AB|MEDCAP AB|MEDCAP AB|MEDCAP AB|MEDCAP AB|MEDCAP AB|MEDCAP AB|MEDCAP AB|MEDCAP AB|MEDCAP AB|MEDCAP AB|MEDCAP AB|MEDCAP AB|MEDCAP AB,B3|E1|EB|EO|EP|EU|EZ|GD|GF|GM|GR|GS|GZ|I2|IX|L1|L3|LA|LU|PO|QE|QT|QX|S1|S4|SS|T1|TQ|X1|X2|XA|XE|XF|XG|XH|XJ|XL|XO|XS|XT|XU|XV|XW|XX,Common Stock,common_stock_name_match,add_coverage_expansion,Active official Stock reference plus OpenFIGI Common Stock issuer-name match.,use_official_reference,use_official_reference
STO::NORDIG,NORDIG,STO,Nord Insuretech Group,NORDIG.ST,Nord Insuretech Group AB,,NORDIG,Nord Insuretech Group,SE0013486255,ngm_market_data_equities,,Stock,false,false,,ID_ISIN,SE0013486255,33,BBG00RDKDH27|BBG00RQ2R9C5|BBG00RQ2R9K6|BBG00RQ2R9Z0|BBG00RQ2RB12|BBG00RQ2RB30|BBG00RQ2RB58|BBG00RQ2RB76|BBG00RQ2RB85|BBG00RQ2RB94|BBG00RQ2RBB1|BBG00RQ2RBC0|BBG00RQ2RBH5|BBG00RQ2RBL0|BBG00RQ2RBM9|BBG00RQ2RBP6|BBG00RQ2RBW8|BBG00RQ2RCX5|BBG00S03QRV9|BBG00S03QRW8|BBG00S03QRY6|BBG00S03QS01|BBG00S03QS29|BBG00S03QS38|BBG00S03QS47|BBG00S03QS56|BBG00S03QS65|BBG00S03QSB9|BBG00S03QSF5|BBG00S03QSG4|BBG00S03QSJ1|BBG00S03QSQ3|BBG00S03QSS1,NORD INSURETECH GROUP AB|NORD INSURETECH GROUP AB|NORD INSURETECH GROUP AB|NORD INSURETECH GROUP AB|NORD INSURETECH GROUP AB|NORD INSURETECH GROUP AB|NORD INSURETECH GROUP AB|NORD INSURETECH GROUP AB|NORD INSURETECH GROUP AB|NORD INSURETECH GROUP AB|NORD INSURETECH GROUP AB|NORD INSURETECH GROUP AB|NORD INSURETECH GROUP AB|NORD INSURETECH GROUP AB|NORD INSURETECH GROUP AB|NORD INSURETECH GROUP AB|NORD INSURETECH GROUP AB|NORD INSURETECH GROUP AB|NORD INSURETECH GROUP AB|NORD INSURETECH GROUP AB|NORD INSURETECH GROUP AB|NORD INSURETECH GROUP AB|NORD INSURETECH GROUP AB|NORD INSURETECH GROUP AB|NORD INSURETECH GROUP AB|NORD INSURETECH GROUP AB|NORD INSURETECH GROUP AB|NORD INSURETECH GROUP AB|NORD INSURETECH GROUP AB|NORD INSURETECH GROUP AB|NORD INSURETECH GROUP AB|NORD INSURETECH GROUP AB|NORD INSURETECH GROUP AB,EP|EU|EZ|NG|X1|X2|XA|XE|XF|XG|XH|XJ|XL|XO|XS|XU|XV|XW,Common Stock,common_stock_name_match,blocked_review_drop_entry,The repository has an explicit reviewed drop entry for this ticker/venue; coverage expansion must not reintroduce it.,leave_blank_until_official_sector,use_official_reference
STO::PREC,PREC,STO,Precise Biometrics,PREC.ST,Precise Biometrics AB (publ),,PREC,Precise Biometrics,SE0018013849,nasdaq_nordic_stockholm_shares,Technology,Stock,false,false,,ID_ISIN,SE0018013849,63,BBG000C4NGJ6|BBG000CH27K8|BBG000CH3L99|BBG000D66WQ6|BBG000D66WW9|BBG000D66ZR8|BBG000D670Q5|BBG000FM9T56|BBG000JYH8Z0|BBG000JYH9J6|BBG000JYHCN4|BBG000JYHD25|BBG000JYHFH4|BBG000JYHFP5|BBG000JYHG82|BBG000JYHK29|BBG000JYHLS9|BBG000JYHMN2|BBG000LCGJP3|BBG000N0DT50|BBG00591K7V4|BBG00591VBZ9|BBG005T2CVG3|BBG005T2CWX2|BBG006T7T203|BBG006T7T221|BBG006TC3KZ2|BBG006TC3L35|BBG008H094Q7|BBG008H0B0T9|BBG00M862Q63|BBG00NLKDC28|BBG00NQCRB64|BBG00NRVXD24|BBG00PPY6GF4|BBG00PPY6GH2|BBG00PPY6GK8|BBG00PPY6GM6|BBG00Q6R5BS6|BBG00QFY9LH7|BBG00QFYLQH2|BBG00R4VB790|BBG00R4VB7C6|BBG00R4VB7F3|BBG00R4VB7H1|BBG00R4VB7K7|BBG00R4VB7M5|BBG00R4VB7P2|BBG00R4VB7Q1|BBG00R4VB7R0|BBG00R4VB7W4|BBG00R4VB7Z1|BBG00R4VB807|BBG00R4VB825|BBG00R4VB889|BBG00R4VB8J7|BBG00Y92K2H6|BBG00Y92MKS2|BBG011FJ1KL9|BBG016G0Q8D7|BBG016G0R0D3|BBG018J1MFF4|BBG023NFMG84,PRECISE BIOMETRICS AB|PRECISE BIOMETRICS AB|PRECISE BIOMETRICS AB|PRECISE BIOMETRICS AB|PRECISE BIOMETRICS AB|PRECISE BIOMETRICS AB|PRECISE BIOMETRICS AB|PRECISE BIOMETRICS AB|PRECISE BIOMETRICS AB|PRECISE BIOMETRICS AB|PRECISE BIOMETRICS AB|PRECISE BIOMETRICS AB|PRECISE BIOMETRICS AB|PRECISE BIOMETRICS AB|PRECISE BIOMETRICS AB|PRECISE BIOMETRICS AB|PRECISE BIOMETRICS AB|PRECISE BIOMETRICS AB|PRECISE BIOMETRICS AB|PRECISE BIOMETRICS AB|PRECISE BIOMETRICS AB|PRECISE BIOMETRICS AB|PRECISE BIOMETRICS AB|PRECISE BIOMETRICS AB|PRECISE BIOMETRICS AB|PRECISE BIOMETRICS AB|PRECISE BIOMETRICS AB|PRECISE BIOMETRICS AB|PRECISE BIOMETRICS AB|PRECISE BIOMETRICS AB|PRECISE BIOMETRICS AB|PRECISE BIOMETRICS AB|PRECISE BIOMETRICS AB|PRECISE BIOMETRICS AB|PRECISE BIOMETRICS AB|PRECISE BIOMETRICS AB|PRECISE BIOMETRICS AB|PRECISE BIOMETRICS AB|PRECISE BIOMETRICS AB|PRECISE BIOMETRICS AB|PRECISE BIOMETRICS AB|PRECISE BIOMETRICS AB|PRECISE BIOMETRICS AB|PRECISE BIOMETRICS AB|PRECISE BIOMETRICS AB|PRECISE BIOMETRICS AB|PRECISE BIOMETRICS AB|PRECISE BIOMETRICS AB|PRECISE BIOMETRICS AB|PRECISE BIOMETRICS AB|PRECISE BIOMETRICS AB|PRECISE BIOMETRICS AB|PRECISE BIOMETRICS AB|PRECISE BIOMETRICS AB|PRECISE BIOMETRICS AB|PRECISE BIOMETRICS AB|PRECISE BIOMETRICS AB|PRECISE BIOMETRICS AB|PRECISE BIOMETRICS AB|PRECISE BIOMETRICS AB|PRECISE BIOMETRICS AB|PRECISE BIOMETRICS AB|PRECISE BIOMETRICS AB,B3|EB|EP|EU|EZ|GF|GM|GR|GS|GZ|I2|IX|L1|L3|LN|LU|PO|QE|QX|S1|SS|T1|TQ|US|UV|X1|X2|X9|XA|XC|XE|XF|XG|XH|XL|XO|XU|XV|XW,Common Stock,common_stock_name_match,add_coverage_expansion,Active official Stock reference plus OpenFIGI Common Stock issuer-name match.,use_official_reference,use_official_reference
STO::SINT,SINT,STO,SinterCast,SINT.ST,SinterCast AB (publ),,SINT,SinterCast,SE0000950982,nasdaq_nordic_stockholm_shares,Industrials,Stock,false,false,,ID_ISIN,SE0000950982,65,BBG000BWMZC1|BBG000CTKX25|BBG000CTKZ48|BBG000CTL0B6|BBG000CTL0Y1|BBG000CTL268|BBG000CTL2G7|BBG000CTM4W4|BBG000CTM5B4|BBG000CTM5G9|BBG000CTM800|BBG000CTM882|BBG000CTM962|BBG000CTMBC0|BBG000CTMC47|BBG000D5S896|BBG000D5W515|BBG000D5W9H0|BBG000D5XG47|BBG000D5YJ22|BBG000D5YJG7|BBG002J36WK9|BBG002JX03C2|BBG00591KYY2|BBG00591QGN7|BBG006BH4QX8|BBG006T7SZH3|BBG006TC3DY9|BBG008H0HX66|BBG00CWTYVS8|BBG00JHVVXG7|BBG00JN7HLQ4|BBG00JN7N3N0|BBG00NLKD4H0|BBG00NQCT574|BBG00PPYHZR7|BBG00PPYHZT5|BBG00Q6R5YV2|BBG00QFYB9K7|BBG00QFYGTY3|BBG00QRBZMK9|BBG00QRBZMN6|BBG00QRBZMS1|BBG00QRBZMV7|BBG00QRBZMX5|BBG00QRBZMY4|BBG00QRBZMZ3|BBG00QRBZN09|BBG00QRBZN18|BBG00QRBZN54|BBG00QRBZN63|BBG00QRBZN81|BBG00QRBZN90|BBG00QRBZNC6|BBG00QRBZNF3|BBG00QRBZNG2|BBG00QRBZNH1|BBG00QRBZNK7|BBG00QRBZNP2|BBG00Y92YH06|BBG0110XJSH3|BBG015PVVKF6|BBG015PVVMQ0|BBG01JX3CD75|BBG01JX3CFV3,SINTERCAST AB|SINTERCAST AB|SINTERCAST AB|SINTERCAST AB|SINTERCAST AB|SINTERCAST AB|SINTERCAST AB|SINTERCAST AB|SINTERCAST AB|SINTERCAST AB|SINTERCAST AB|SINTERCAST AB|SINTERCAST AB|SINTERCAST AB|SINTERCAST AB|SINTERCAST AB|SINTERCAST AB|SINTERCAST AB|SINTERCAST AB|SINTERCAST AB|SINTERCAST AB|SINTERCAST AB|SINTERCAST AB|SINTERCAST AB|SINTERCAST AB|SINTERCAST AB|SINTERCAST AB|SINTERCAST AB|SINTERCAST AB|SINTERCAST AB|SINTERCAST AB|SINTERCAST AB|SINTERCAST AB|SINTERCAST AB|SINTERCAST AB|SINTERCAST AB|SINTERCAST AB|SINTERCAST AB|SINTERCAST AB|SINTERCAST AB|SINTERCAST AB|SINTERCAST AB|SINTERCAST AB|SINTERCAST AB|SINTERCAST AB|SINTERCAST AB|SINTERCAST AB|SINTERCAST AB|SINTERCAST AB|SINTERCAST AB|SINTERCAST AB|SINTERCAST AB|SINTERCAST AB|SINTERCAST AB|SINTERCAST AB|SINTERCAST AB|SINTERCAST AB|SINTERCAST AB|SINTERCAST AB|SINTERCAST AB|SINTERCAST AB|SINTERCAST AB|SINTERCAST AB|SINTERCAST AB|SINTERCAST AB,B3|E1|EB|EO|EP|EU|EZ|I2|IX|L1|L3|LN|PO|QE|QX|S1|S4|SS|T1|TQ|UV|X1|X2|X9|XA|XC|XE|XF|XG|XH|XJ|XL|XO|XQ|XS|XT|XU|XV|XW|XX|XZ,Common Stock,common_stock_name_match,add_coverage_expansion,Active official Stock reference plus OpenFIGI Common Stock issuer-name match.,use_official_reference,use_official_reference
STO::TALK,TALK,STO,TalkPool,TALK.ST,TalkPool AG,,TALK,TalkPool,CH0322161768,nasdaq_nordic_stockholm_shares,Telecommunications,Stock,false,false,,ID_ISIN,CH0322161768,44,BBG00CWZVN96|BBG00JL70W99|BBG00JL741K0|BBG00JL741L9|BBG00JL741N7|BBG00JL741Q4|BBG00JL741S2|BBG00JL741T1|BBG00JL741V8|BBG00JL741W7|BBG00JL741X6|BBG00JL74219|BBG00JL74228|BBG00JL74237|BBG00JL74255|BBG00JL74264|BBG00JL74273|BBG00JL742C7|BBG00JLWV447|BBG00JLXDKR4|BBG00JN8PWJ7|BBG00PQ1RF37|BBG00PQ1RF55|BBG00QFZJW16|BBG00Y93TX87|BBG011K3NP97|BBG011K3NPB4|BBG011KG6MV9|BBG011KG6MX7|BBG011KG6MZ5|BBG011KG6N10|BBG011KG6N38|BBG011KG6N47|BBG011KG6N56|BBG011KG6N92|BBG011KG6NB9|BBG011KG6ND7|BBG011KG6NF5|BBG011KG6NH3|BBG011KG6NK9|BBG011KG6NL8|BBG011KG6NM7|BBG011KG6NP4|BBG011KG6NW6,TALKPOOL AG|TALKPOOL AG|TALKPOOL AG|TALKPOOL AG|TALKPOOL AG|TALKPOOL AG|TALKPOOL AG|TALKPOOL AG|TALKPOOL AG|TALKPOOL AG|TALKPOOL AG|TALKPOOL AG|TALKPOOL AG|TALKPOOL AG|TALKPOOL AG|TALKPOOL AG|TALKPOOL AG|TALKPOOL AG|TALKPOOL AG|TALKPOOL AG|TALKPOOL AG|TALKPOOL AG|TALKPOOL AG|TALKPOOL AG|TALKPOOL AG|TALKPOOL AG|TALKPOOL AG|TALKPOOL AG|TALKPOOL AG|TALKPOOL AG|TALKPOOL AG|TALKPOOL AG|TALKPOOL AG|TALKPOOL AG|TALKPOOL AG|TALKPOOL AG|TALKPOOL AG|TALKPOOL AG|TALKPOOL AG|TALKPOOL AG|TALKPOOL AG|TALKPOOL AG|TALKPOOL AG|TALKPOOL AG,B3|E1|EP|EU|EZ|GF|GR|L1|L3|PO|SF|X1|X2|XA|XB|XE|XF|XG|XH|XJ|XL|XO|XQ|XS|XU|XV|XW|XX|XZ,Common Stock,common_stock_name_match,add_coverage_expansion,Active official Stock reference plus OpenFIGI Common Stock issuer-name match.,leave_blank_until_official_sector,use_official_reference
STO::TSEC,TSEC,STO,Tempest Security,TSEC.ST,Tempest Security AB (publ),,TSEC,Tempest Security,SE0010469221,nasdaq_nordic_stockholm_shares,Industrials,Stock,false,false,,ID_ISIN,SE0010469221,28,BBG00JDHD7N1|BBG00JSKQBC7|BBG00JSKQWC1|BBG00JSKRMZ7|BBG00JVC0630|BBG00JVC0649|BBG00JVC0676|BBG00JVC0694|BBG00JVC06D9|BBG00JVC06F7|BBG00JVC06G6|BBG00JVC06J3|BBG00JVC06K1|BBG00JVC06P6|BBG00JVC06R4|BBG00JVC06S3|BBG00JVC06W8|BBG00JVC06X7|BBG00JVC06Y6|BBG00JVC0729|BBG00JVC0738|BBG00JVC0756|BBG00JVC0792|BBG00PPYP6L8|BBG00PPYP6N6|BBG00Q6SKGY9|BBG00QFZR2Y7|BBG00Y93XR94,TEMPEST SECURITY AB|TEMPEST SECURITY AB|TEMPEST SECURITY AB|TEMPEST SECURITY AB|TEMPEST SECURITY AB|TEMPEST SECURITY AB|TEMPEST SECURITY AB|TEMPEST SECURITY AB|TEMPEST SECURITY AB|TEMPEST SECURITY AB|TEMPEST SECURITY AB|TEMPEST SECURITY AB|TEMPEST SECURITY AB|TEMPEST SECURITY AB|TEMPEST SECURITY AB|TEMPEST SECURITY AB|TEMPEST SECURITY AB|TEMPEST SECURITY AB|TEMPEST SECURITY AB|TEMPEST SECURITY AB|TEMPEST SECURITY AB|TEMPEST SECURITY AB|TEMPEST SECURITY AB|TEMPEST SECURITY AB|TEMPEST SECURITY AB|TEMPEST SECURITY AB|TEMPEST SECURITY AB|TEMPEST SECURITY AB,B3|E1|EP|EU|EZ|L1|L3|PO|SF|X1|X2|XA|XB|XE|XF|XG|XH|XJ|XL|XO|XQ|XS|XU|XV|XW|XX|XZ,Common Stock,common_stock_name_match,add_coverage_expansion,Active official Stock reference plus OpenFIGI Common Stock issuer-name match.,use_official_reference,use_official_reference
STO::WAYS,WAYS,STO,Waystream Group,WAYS.ST,Waystream Holding AB (publ),,WAYS,Waystream Group,SE0007577077,nasdaq_nordic_stockholm_shares,Telecommunications,Stock,false,false,,ID_ISIN,SE0007577077,25,BBG00B9BYM96|BBG00BDZZSZ5|BBG00BDZZT29|BBG00BDZZT47|BBG00BDZZT65|BBG00BDZZT74|BBG00BDZZT83|BBG00BDZZT92|BBG00BDZZTB9|BBG00BDZZTG4|BBG00BDZZTH3|BBG00BDZZTJ1|BBG00BDZZTL8|BBG00BDZZTM7|BBG00BDZZTN6|BBG00BDZZTS1|BBG00JL6ZQD1|BBG00JLWQ880|BBG00JLXBZ84|BBG00JN8G472|BBG00PQ1QYT9|BBG00PQ1QYW5|BBG00QFZ9115|BBG00Y9422F4|BBG01FRFXSQ6,WAYSTREAM GROUP AB|WAYSTREAM HOLDING AB|WAYSTREAM GROUP AB|WAYSTREAM GROUP AB|WAYSTREAM GROUP AB|WAYSTREAM GROUP AB|WAYSTREAM GROUP AB|WAYSTREAM GROUP AB|WAYSTREAM GROUP AB|WAYSTREAM HOLDING AB|WAYSTREAM GROUP AB|WAYSTREAM HOLDING AB|WAYSTREAM GROUP AB|WAYSTREAM GROUP AB|WAYSTREAM GROUP AB|WAYSTREAM GROUP AB|WAYSTREAM GROUP AB|WAYSTREAM GROUP AB|WAYSTREAM GROUP AB|WAYSTREAM HOLDING AB|WAYSTREAM GROUP AB|WAYSTREAM GROUP AB|WAYSTREAM GROUP AB|WAYSTREAM GROUP AB|WAYSTREAM HOLDING AB,B3|E1|EO|EP|EU|EZ|L1|L3|PO|SF|X1|X9|XA|XE|XF|XG|XH|XJ|XL|XO|XS|XU|XV|XW|XX,Common Stock,common_stock_name_match,add_coverage_expansion,Active official Stock reference plus OpenFIGI Common Stock issuer-name match.,leave_blank_until_official_sector,use_official_reference
STO::WPAY,WPAY,STO,Westpay,WPAY.ST,Westpay AB,,WPAY,Westpay,SE0002169292,nasdaq_nordic_stockholm_shares,Industrials,Stock,false,false,,ID_ISIN,SE0002169292,25,BBG001Y25KD1|BBG0058M8FJ9|BBG0058M8FM5|BBG0058M8FP2|BBG0058M8FR0|BBG0058M8FS9|BBG0058M8FT8|BBG0058M8FV5|BBG0058M8FW4|BBG0058M8G07|BBG0058M8G16|BBG0058M8G25|BBG0058M8G43|BBG0058M8G52|BBG0058M8G89|BBG005925MC7|BBG00JL6Z8F9|BBG00JLWPH90|BBG00JLXB3N8|BBG00JN837K4|BBG00PQ2HVC1|BBG00PQ2HVF8|BBG00Q6RS595|BBG00QFYY325|BBG00Y942MS6,WESTPAY AB|WESTPAY AB|WESTPAY AB|WESTPAY AB|WESTPAY AB|WESTPAY AB|WESTPAY AB|WESTPAY AB|WESTPAY AB|WESTPAY AB|WESTPAY AB|WESTPAY AB|WESTPAY AB|WESTPAY AB|WESTPAY AB|WESTPAY AB|WESTPAY AB|WESTPAY AB|WESTPAY AB|WESTPAY AB|WESTPAY AB|WESTPAY AB|WESTPAY AB|WESTPAY AB|WESTPAY AB,B3|E1|EO|EP|EU|EZ|L1|L3|PO|SF|X1|X2|XA|XE|XF|XG|XH|XJ|XL|XO|XS|XU|XV|XW|XX,Common Stock,common_stock_name_match,add_coverage_expansion,Active official Stock reference plus OpenFIGI Common Stock issuer-name match.,use_official_reference,use_official_reference
TADAWUL::1810,1810,TADAWUL,SEERA,1810.SR,Seera Holding Group,,1810,SEERA,SA132GSGS910,tadawul_main_market_watch,,Stock,false,false,,ID_ISIN,SA132GSGS910,1,BBG0032ZGN69,SEERA GROUP HOLDING,AB,Common Stock,common_stock_name_match,add_coverage_expansion,Active official Stock reference plus OpenFIGI Common Stock issuer-name match.,leave_blank_until_official_sector,use_official_reference
TADAWUL::2020,2020,TADAWUL,SABIC AGRI-NUTRIENTS,2020.SR,SABIC Agri-Nutrients Company,,2020,SABIC AGRI-NUTRIENTS,SA0007879139,tadawul_main_market_watch,,Stock,false,false,,ID_ISIN,SA0007879139,20,BBG000H26009|BBG01M5CGPT4|BBG01M5CGPV1|BBG01M5CGPX9|BBG01M5CGPZ7|BBG01M5CGQ21|BBG01M5CGQ30|BBG01M5CGQ49|BBG01M5CGQ58|BBG01M5CGQ94|BBG01M5CGQB1|BBG01M5CGQD9|BBG01M5CGQF7|BBG01M5CGQG6|BBG01M5CGQH5|BBG01M5CGQK1|BBG01M5CGQL0|BBG01M5CGQM9|BBG01M5CGQP6|BBG01M5CGQR4,SABIC AGRI-NUTRIENTS CO|SABIC AGRI-NUTRIENTS CO|SABIC AGRI-NUTRIENTS CO|SABIC AGRI-NUTRIENTS CO|SABIC AGRI-NUTRIENTS CO|SABIC AGRI-NUTRIENTS CO|SABIC AGRI-NUTRIENTS CO|SABIC AGRI-NUTRIENTS CO|SABIC AGRI-NUTRIENTS CO|SABIC AGRI-NUTRIENTS CO|SABIC AGRI-NUTRIENTS CO|SABIC AGRI-NUTRIENTS CO|SABIC AGRI-NUTRIENTS CO|SABIC AGRI-NUTRIENTS CO|SABIC AGRI-NUTRIENTS CO|SABIC AGRI-NUTRIENTS CO|SABIC AGRI-NUTRIENTS CO|SABIC AGRI-NUTRIENTS CO|SABIC AGRI-NUTRIENTS CO|SABIC AGRI-NUTRIENTS CO,AB|E1|EO|EU|X1|X2|XA|XF|XG|XH|XJ|XL|XO|XQ|XU|XV|XW|XX|XY|XZ,Common Stock,common_stock_name_match,add_coverage_expansion,Active official Stock reference plus OpenFIGI Common Stock issuer-name match.,leave_blank_until_official_sector,use_official_reference
TADAWUL::2050,2050,TADAWUL,SAVOLA GROUP,2050.SR,Savola Group Company,,2050,SAVOLA GROUP,SA0007879162,tadawul_main_market_watch,,Stock,false,false,,ID_ISIN,SA0007879162,22,BBG000H27918|BBG01GVTZX13|BBG01GVTZX31|BBG01GVTZX68|BBG01GVTZX95|BBG01GVTZXD0|BBG01GVTZXF8|BBG01GVTZXH6|BBG01GVTZXJ4|BBG01GVTZXL1|BBG01GVTZXS4|BBG01GVTZXT3|BBG01GVTZXW9|BBG01GVTZXX8|BBG01GVTZXZ6|BBG01GVTZY02|BBG01GVTZY11|BBG01GVTZY48|BBG01GVTZY57|BBG01GVTZY66|BBG01GVTZY84|BBG01GVTZZH1,SAVOLA|SAVOLA|SAVOLA|SAVOLA|SAVOLA|SAVOLA|SAVOLA|SAVOLA|SAVOLA|SAVOLA|SAVOLA|SAVOLA|SAVOLA|SAVOLA|SAVOLA|SAVOLA|SAVOLA|SAVOLA|SAVOLA|SAVOLA|SAVOLA|SAVOLA,AB|E1|EO|EU|X1|X2|XA|XE|XF|XG|XH|XJ|XL|XO|XQ|XT|XU|XV|XW|XX|XY|XZ,Common Stock,common_stock_name_match,add_coverage_expansion,Active official Stock reference plus OpenFIGI Common Stock issuer-name match.,leave_blank_until_official_sector,use_official_reference
TADAWUL::2170,2170,TADAWUL,ALUJAIN,2170.SR,Alujain Holding Corporation,,2170,ALUJAIN,SA0007879345,tadawul_main_market_watch,,Stock,false,false,,ID_ISIN,SA0007879345,1,BBG000H35FX9,ALUJAIN CORP,AB,Common Stock,common_stock_name_match,add_coverage_expansion,Active official Stock reference plus OpenFIGI Common Stock issuer-name match.,leave_blank_until_official_sector,use_official_reference
TADAWUL::3002,3002,TADAWUL,NAJRAN CEMENT,3002.SR,Najran Cement Company,,3002,NAJRAN CEMENT,SA132051ET14,tadawul_main_market_watch,,Stock,false,false,,ID_ISIN,SA132051ET14,1,BBG002W08XW3,NAJRAN CEMENT CO,AB,Common Stock,common_stock_name_match,add_coverage_expansion,Active official Stock reference plus OpenFIGI Common Stock issuer-name match.,leave_blank_until_official_sector,use_official_reference
TADAWUL::3091,3091,TADAWUL,JOUF CEMENT,3091.SR,Al Jouf Cement Company,,3091,JOUF CEMENT,SA12JG51G9H8,tadawul_main_market_watch,,Stock,false,false,,ID_ISIN,SA12JG51G9H8,1,BBG001D87837,AL JOUF CEMENT,AB,Common Stock,common_stock_name_match,add_coverage_expansion,Active official Stock reference plus OpenFIGI Common Stock issuer-name match.,leave_blank_until_official_sector,use_official_reference
TADAWUL::4180,4180,TADAWUL,FITAIHI GROUP,4180.SR,Fitaihi Holding Group,,4180,FITAIHI GROUP,SA0007879832,tadawul_main_market_watch,,Stock,false,false,,ID_ISIN,SA0007879832,1,BBG000H277W8,FITAIHI HOLDING GROUP,AB,Common Stock,common_stock_name_match,add_coverage_expansion,Active official Stock reference plus OpenFIGI Common Stock issuer-name match.,leave_blank_until_official_sector,use_official_reference
TADAWUL::4331,4331,TADAWUL,ALJAZIRA REIT,4331.SR,Aljazira Mawten REIT Fund,,4331,ALJAZIRA REIT,SA148G523LL8,tadawul_main_market_watch,Real Estate,Stock,false,false,,ID_ISIN,SA148G523LL8,0,,,,,no_common_stock,blocked_openfigi_no_common_stock,OpenFIGI returned no Common Stock result for the query.,use_official_reference,use_official_reference
TADAWUL::4334,4334,TADAWUL,AL MAATHER REIT,4334.SR,Al Maather Reit Fund,,4334,AL MAATHER REIT,SA14BG523N54,tadawul_main_market_watch,Real Estate,Stock,false,false,,ID_ISIN,SA14BG523N54,0,,,,,no_common_stock,blocked_openfigi_no_common_stock,OpenFIGI returned no Common Stock result for the query.,use_official_reference,use_official_reference
TADAWUL::4335,4335,TADAWUL,MUSHARAKA REIT,4335.SR,Musharaka REIT Fund,,4335,MUSHARAKA REIT,SA14BG523NL8,tadawul_main_market_watch,Real Estate,Stock,false,false,,ID_ISIN,SA14BG523NL8,0,,,,,no_common_stock,blocked_openfigi_no_common_stock,OpenFIGI returned no Common Stock result for the query.,use_official_reference,use_official_reference
TADAWUL::4347,4347,TADAWUL,BONYAN REIT,4347.SR,Bonyan REIT Fund,,4347,BONYAN REIT,SA14I0523TL9,tadawul_main_market_watch,Real Estate,Stock,false,false,,ID_ISIN,SA14I0523TL9,0,,,,,no_common_stock,blocked_openfigi_no_common_stock,OpenFIGI returned no Common Stock result for the query.,use_official_reference,use_official_reference
TADAWUL::8020,8020,TADAWUL,MALATH INSURANCE,8020.SR,Malath Cooperative Insurance Company,,8020,MALATH INSURANCE,SA000A0MJ2J4,tadawul_main_market_watch,,Stock,false,false,,ID_ISIN,SA000A0MJ2J4,1,BBG000QW9S54,MALATH INSURANCE,AB,Common Stock,common_stock_name_match,add_coverage_expansion,Active official Stock reference plus OpenFIGI Common Stock issuer-name match.,leave_blank_until_official_sector,use_official_reference
TASE::ALMA,ALMA,TASE,ALMOGIM,ALMA.TA,Almogim Holdings Ltd.,,ALMA,ALMOGIM,IL0011368292,tase_securities_marketdata,,Stock,false,false,,ID_ISIN,IL0011368292,1,BBG0015HFGL9,ALMOGIM HOLDINGS LTD,IT,Common Stock,common_stock_name_match,add_coverage_expansion,Active official Stock reference plus OpenFIGI Common Stock issuer-name match.,leave_blank_until_official_sector,use_official_reference
TASE::ANGL,ANGL,TASE,ANGEL SALOMON,ANGL.TA,Salomon A. Angel Ltd.,,ANGL,ANGEL SALOMON,IL0001800189,tase_securities_marketdata,,Stock,false,false,,ID_ISIN,IL0001800189,1,BBG000C00YQ2,SALOMON A. ANGEL LTD,IT,Common Stock,common_stock_name_match,add_coverage_expansion,Active official Stock reference plus OpenFIGI Common Stock issuer-name match.,leave_blank_until_official_sector,use_official_reference
TASE::AVIA,AVIA,TASE,AVIATION LINKS,AVIA.TA,Aviation Links Ltd,,AVIA,AVIATION LINKS,IL0004130139,tase_securities_marketdata,,Stock,false,false,,ID_ISIN,IL0004130139,1,BBG000G1NZ88,AVIATION LINKS LTD,IT,Common Stock,common_stock_name_match,add_coverage_expansion,Active official Stock reference plus OpenFIGI Common Stock issuer-name match.,leave_blank_until_official_sector,use_official_reference
TASE::BIOV,BIOV,TASE,BIO VIEW,BIOV.TA,Bio-View Ltd,,BIOV,BIO VIEW,IL0010960495,tase_securities_marketdata,,Stock,false,false,,ID_ISIN,IL0010960495,1,BBG000Q6J3W5,BIO VIEW LTD,IT,Common Stock,common_stock_name_match,add_coverage_expansion,Active official Stock reference plus OpenFIGI Common Stock issuer-name match.,leave_blank_until_official_sector,use_official_reference
TASE::DLTI,DLTI,TASE,DELTA BRANDS,DLTI.TA,Delta Israel Brands Ltd,,DLTI,DELTA BRANDS,IL0011736993,tase_securities_marketdata,,Stock,false,false,,ID_ISIN,IL0011736993,4,BBG00ZKVFH52|BBG01FVLD624|BBG01FVLD6H8|BBG01FVLD6J6,DELTA ISRAEL BRANDS LTD|DELTA ISRAEL BRANDS LTD|DELTA ISRAEL BRANDS LTD|DELTA ISRAEL BRANDS LTD,IT|PQ|US|UV,Common Stock,common_stock_name_match,add_coverage_expansion,Active official Stock reference plus OpenFIGI Common Stock issuer-name match.,leave_blank_until_official_sector,use_official_reference
TASE::EQTL,EQTL,TASE,EQUITAL,EQTL.TA,Equital Ltd.,,EQTL,EQUITAL,IL0007550176,tase_securities_marketdata,,Stock,false,false,,ID_ISIN,IL0007550176,24,BBG000FK7QY6|BBG00YCYHTL2|BBG00YCYHTM1|BBG00YCYHTP8|BBG00YCYHTR6|BBG00YCYHTT4|BBG00YCYHTV1|BBG00YCYHTW0|BBG00YCYHTX9|BBG00YCYHTY8|BBG00YCYHV28|BBG00YCYHV37|BBG00YCYHV55|BBG00YCYHV64|BBG00YCYHV73|BBG00YCYHV82|BBG00YCYHVB8|BBG00YCYHVC7|BBG00YCYHVD6|BBG00YCYHVG3|BBG00YCYHVJ0|BBG01YCKD225|BBG01YCKD2H9|BBG01YCKD2J7,EQUITAL LTD|EQUITAL LTD|EQUITAL LTD|EQUITAL LTD|EQUITAL LTD|EQUITAL LTD|EQUITAL LTD|EQUITAL LTD|EQUITAL LTD|EQUITAL LTD|EQUITAL LTD|EQUITAL LTD|EQUITAL LTD|EQUITAL LTD|EQUITAL LTD|EQUITAL LTD|EQUITAL LTD|EQUITAL LTD|EQUITAL LTD|EQUITAL LTD|EQUITAL LTD|EQUITAL LTD|EQUITAL LTD|EQUITAL LTD,E1|EU|IT|PQ|US|UV|X1|X2|XA|XE|XF|XG|XH|XJ|XL|XO|XQ|XS|XU|XV|XW|XX|XY|XZ,Common Stock,common_stock_name_match,add_coverage_expansion,Active official Stock reference plus OpenFIGI Common Stock issuer-name match.,leave_blank_until_official_sector,use_official_reference
TASE::GSFI,GSFI,TASE,GAN SHMUEL,GSFI.TA,Gan Shmuel Foods Ltd.,,GSFI,GAN SHMUEL,IL0005320101,tase_securities_marketdata,,Stock,false,false,,ID_ISIN,IL0005320101,1,BBG000G25SB8,GAN SHMUEL FOODS LTD,IT,Common Stock,common_stock_name_match,add_coverage_expansion,Active official Stock reference plus OpenFIGI Common Stock issuer-name match.,leave_blank_until_official_sector,use_official_reference
TASE::MNRV,MNRV,TASE,MINRAV GROUP,MNRV.TA,Minrav Group Ltd,,MNRV,MINRAV GROUP,IL0012384272,tase_securities_marketdata,,Stock,false,false,,ID_ISIN,IL0012384272,1,BBG000BZ7S55,MINRAV GROUP LTD,IT,Common Stock,common_stock_name_match,add_coverage_expansion,Active official Stock reference plus OpenFIGI Common Stock issuer-name match.,leave_blank_until_official_sector,use_official_reference
TASE::NTGR,NTGR,TASE,NETANEL GROUP,NTGR.TA,Netanel Group Ltd,,NTGR,NETANEL GROUP,IL0004210162,tase_securities_marketdata,,Stock,false,false,,ID_ISIN,IL0004210162,1,BBG000FKQM10,NETANEL GROUP LTD,IT,Common Stock,common_stock_name_match,add_coverage_expansion,Active official Stock reference plus OpenFIGI Common Stock issuer-name match.,leave_blank_until_official_sector,use_official_reference
TASE::OPAL,OPAL,TASE,OPAL BALANCE,OPAL.TA,Opal Balance Investments Ltd,,OPAL,OPAL BALANCE,IL0010949860,tase_securities_marketdata,,Stock,false,false,,ID_ISIN,IL0010949860,1,BBG000KRK3H0,OPAL BALANCE INVESTMENTS LTD,IT,Common Stock,common_stock_name_match,add_coverage_expansion,Active official Stock reference plus OpenFIGI Common Stock issuer-name match.,leave_blank_until_official_sector,use_official_reference
TASE::PHOE,PHOE,TASE,PHOENIX,PHOE.TA,The Phoenix Holdings Ltd.,,PHOE,PHOENIX,IL0007670123,tase_securities_marketdata,,Stock,false,false,,ID_ISIN,IL0007670123,19,BBG000G2KHT6|BBG00361M5H0|BBG00361M5Y1|BBG00361M606|BBG00ZYY8L23|BBG00ZYY8L32|BBG00ZYY8L50|BBG00ZYY8LB3|BBG00ZYY8LC2|BBG00ZYY8LF9|BBG00ZYY8LG8|BBG00ZYY8LH7|BBG00ZYY8LM1|BBG00ZYY8LN0|BBG00ZYY8LR6|BBG00ZYY8LX9|BBG00ZYY8M03|BBG00ZYY8TL5|BBG016JQZ954,PHOENIX FINANCIAL LTD|PHOENIX FINANCIAL LTD|PHOENIX FINANCIAL LTD|PHOENIX FINANCIAL LTD|PHOENIX FINANCIAL LTD|PHOENIX HOLDINGS LTD/THE|PHOENIX FINANCIAL LTD|PHOENIX HOLDINGS LTD/THE|PHOENIX FINANCIAL LTD|PHOENIX FINANCIAL LTD|PHOENIX FINANCIAL LTD|PHOENIX FINANCIAL LTD|PHOENIX FINANCIAL LTD|PHOENIX FINANCIAL LTD|PHOENIX FINANCIAL LTD|PHOENIX FINANCIAL LTD|PHOENIX HOLDINGS LTD/THE|PHOENIX FINANCIAL LTD|PHOENIX HOLDINGS LTD/THE,E1|EO|EU|IT|PQ|US|UV|X1|X2|X9|XA|XE|XG|XH|XJ|XL|XO|XU|XX,Common Stock,common_stock_name_match,add_coverage_expansion,Active official Stock reference plus OpenFIGI Common Stock issuer-name match.,leave_blank_until_official_sector,use_official_reference
TASE::PNRG,PNRG,TASE,PHINERGY,PNRG.TA,Phinergy Ltd.,,PNRG,PHINERGY,IL0011723603,tase_securities_marketdata,,Stock,false,false,,ID_ISIN,IL0011723603,4,BBG00Z5K09S2|BBG011VD9B27|BBG011VD9BH1|BBG011VD9BJ9,PHINERGY LTD|PHINERGY LTD|PHINERGY LTD|PHINERGY LTD,IT|PQ|US|UV,Common Stock,common_stock_name_match,add_coverage_expansion,Active official Stock reference plus OpenFIGI Common Stock issuer-name match.,leave_blank_until_official_sector,use_official_reference
TASE::PRIM,PRIM,TASE,PRIME ENERGY,PRIM.TA,Prime Energy P.E. Ltd,,PRIM,PRIME ENERGY,IL0011744575,tase_securities_marketdata,,Stock,false,false,,ID_ISIN,IL0011744575,1,BBG00ZTGGTW9,PRIME ENERGY PE LTD,IT,Common Stock,common_stock_name_match,add_coverage_expansion,Active official Stock reference plus OpenFIGI Common Stock issuer-name match.,leave_blank_until_official_sector,use_official_reference
TASE::PRTC,PRTC,TASE,PRIORTECH,PRTC.TA,Priortech Ltd,,PRTC,PRIORTECH,IL0003280133,tase_securities_marketdata,,Stock,false,false,,ID_ISIN,IL0003280133,1,BBG000P273J3,PRIORTECH LTD,IT,Common Stock,common_stock_name_match,add_coverage_expansion,Active official Stock reference plus OpenFIGI Common Stock issuer-name match.,leave_blank_until_official_sector,use_official_reference
TASE::RANI,RANI,TASE,RANI ZIM,RANI.TA,Rani Zim Shopping Centers Ltd,,RANI,RANI ZIM,IL0011436198,tase_securities_marketdata,,Stock,false,false,,ID_ISIN,IL0011436198,1,BBG00KB2QWQ1,RANI ZIM SHOPPING CENTERS LT,IT,Common Stock,common_stock_name_match,add_coverage_expansion,Active official Stock reference plus OpenFIGI Common Stock issuer-name match.,leave_blank_until_official_sector,use_official_reference
TASE::SEMG,SEMG,TASE,SEACH MEDICAL,SEMG.TA,Seach Medical Group Ltd,,SEMG,SEACH MEDICAL,IL0002490113,tase_securities_marketdata,,Stock,false,false,,ID_ISIN,IL0002490113,1,BBG000DNWMC7,SEACH MEDICAL GROUP LTD,IT,Common Stock,common_stock_name_match,add_coverage_expansion,Active official Stock reference plus OpenFIGI Common Stock issuer-name match.,leave_blank_until_official_sector,use_official_reference
TASE::SHOM,SHOM,TASE,SHOHAM BUSINESS,SHOM.TA,E.N. Shoham Business Ltd,,SHOM,SHOHAM BUSINESS,IL0010820079,tase_securities_marketdata,,Stock,false,false,,ID_ISIN,IL0010820079,1,BBG000BV30M0,E.N SHOHAM BUSINESS LTD,IT,Common Stock,common_stock_name_match,add_coverage_expansion,Active official Stock reference plus OpenFIGI Common Stock issuer-name match.,leave_blank_until_official_sector,use_official_reference
TASE::SONO,SONO,TASE,SONOVIA,SONO.TA,Sonovia Ltd.,,SONO,SONOVIA,IL0011705394,tase_securities_marketdata,,Stock,false,false,,ID_ISIN,IL0011705394,4,BBG00YGB9646|BBG00YJJWJ88|BBG00YJJWJP9|BBG00YJJWJQ8,SONOVIA LTD|SONOVIA LTD|SONOVIA LTD|SONOVIA LTD,IT|PQ|US|UV,Common Stock,common_stock_name_match,add_coverage_expansion,Active official Stock reference plus OpenFIGI Common Stock issuer-name match.,leave_blank_until_official_sector,use_official_reference
TASE::STRS,STRS,TASE,STRAUSS GROUP,STRS.TA,Strauss Group Ltd.,,STRS,STRAUSS GROUP,IL0007460160,tase_securities_marketdata,,Stock,false,false,,ID_ISIN,IL0007460160,25,BBG000G2KKM6|BBG000PGZS24|BBG000PH0076|BBG00JVD7L38|BBG00JVD7L47|BBG00JVD7L65|BBG00JVD7L83|BBG00JVD7LB9|BBG00JVD7LC8|BBG00JVD7LD7|BBG00JVD7LF5|BBG00JVD7LG4|BBG00JVD7LL8|BBG00JVD7LM7|BBG00JVD7LN6|BBG00JVD7LQ3|BBG00JVD7LR2|BBG00JVD7LS1|BBG00JVD7LW6|BBG00JVD7LX5|BBG00JVD7LY4|BBG00JVD7M09|BBG00QFZR4Q2|BBG00R286021|BBG00R286049,STRAUSS GROUP LTD|STRAUSS GROUP LTD|STRAUSS GROUP LTD|STRAUSS GROUP LTD|STRAUSS GROUP LTD|STRAUSS GROUP LTD|STRAUSS GROUP LTD|STRAUSS GROUP LTD|STRAUSS GROUP LTD|STRAUSS GROUP LTD|STRAUSS GROUP LTD|STRAUSS GROUP LTD|STRAUSS GROUP LTD|STRAUSS GROUP LTD|STRAUSS GROUP LTD|STRAUSS GROUP LTD|STRAUSS GROUP LTD|STRAUSS GROUP LTD|STRAUSS GROUP LTD|STRAUSS GROUP LTD|STRAUSS GROUP LTD|STRAUSS GROUP LTD|STRAUSS GROUP LTD|STRAUSS GROUP LTD|STRAUSS GROUP LTD,E1|EP|EU|EZ|IT|US|UV|X1|X2|XA|XB|XE|XF|XG|XH|XJ|XL|XO|XQ|XS|XU|XV|XW|XX|XZ,Common Stock,common_stock_name_match,add_coverage_expansion,Active official Stock reference plus OpenFIGI Common Stock issuer-name match.,leave_blank_until_official_sector,use_official_reference
TASE::TTAM,TTAM,TASE,TIV TAAM,TTAM.TA,Tiv Taam Holdings 1 Ltd.,,TTAM,TIV TAAM,IL0001030100,tase_securities_marketdata,,Stock,false,false,,ID_ISIN,IL0001030100,1,BBG000BWVJP3,TIV TAAM HOLDINGS 1 LTD,IT,Common Stock,common_stock_name_match,add_coverage_expansion,Active official Stock reference plus OpenFIGI Common Stock issuer-name match.,leave_blank_until_official_sector,use_official_reference
TASE::VISN,VISN,TASE,VISION SIGMA,VISN.TA,Vision Sigma Ltd.,,VISN,VISION SIGMA,IL0003500175,tase_securities_marketdata,,Stock,false,false,,ID_ISIN,IL0003500175,1,BBG000FL37Z9,VISION SIGMA LTD,IT,Common Stock,common_stock_name_match,add_coverage_expansion,Active official Stock reference plus OpenFIGI Common Stock issuer-name match.,leave_blank_until_official_sector,use_official_reference
TSE::1445,1445,TSE,"Hikari Holdings Co.,Ltd.",1445.T,"Hikari Holdings Co.,Ltd.",,1445,"Hikari Holdings Co.,Ltd.",,jpx_listed_issues,Industrials,Stock,false,false,,TICKER,1445,3,BBG00KLDYQ99|BBG00KLDYQB6|BBG00KLDYQM4,HIKARI HOLDINGS CO LTD|HIKARI HOLDINGS CO LTD|HIKARI HOLDINGS CO LTD,JJ|JP|JT,Common Stock,common_stock_name_match,add_coverage_expansion,Active official Stock reference plus OpenFIGI Common Stock issuer-name match.,use_official_reference,leave_blank_until_official_identifier
TSE::1514,1514,TSE,"Sumiseki Holdings,Inc.",1514.T,"Sumiseki Holdings,Inc.",,1514,"Sumiseki Holdings,Inc.",,jpx_listed_issues,Materials,Stock,false,false,,TICKER,1514,8,BBG000BZRHV8|BBG000BZRKP8|BBG000BZRPB2|BBG000BZRQH4|BBG000BZRQT1|BBG002QKGPY2|BBG00875JYB6|BBG0193RC5J1,SUMISEKI HOLDINGS INC|SUMISEKI HOLDINGS INC|SUMISEKI HOLDINGS INC|SUMISEKI HOLDINGS INC|SUMISEKI HOLDINGS INC|SUMISEKI HOLDINGS INC|SUMISEKI HOLDINGS INC|SUMISEKI HOLDINGS INC,JE|JI|JJ|JP|JT|JU|JV|JW,Common Stock,common_stock_name_match,add_coverage_expansion,Active official Stock reference plus OpenFIGI Common Stock issuer-name match.,use_official_reference,leave_blank_until_official_identifier
TSE::1720,1720,TSE,"TOKYU CONSTRUCTION CO., LTD.",1720.T,"Tokyu Construction Co., Ltd.",,1720,"TOKYU CONSTRUCTION CO., LTD.",,jpx_listed_issues,Industrials,Stock,false,false,,TICKER,1720,7,BBG000Q0B604|BBG000Q0B6F8|BBG000Q0B9V4|BBG000Q0BBG6|BBG002QKDGG5|BBG00875HZQ9|BBG0193RB6P3,TOKYU CONSTRUCTION CO LTD|TOKYU CONSTRUCTION CO LTD|TOKYU CONSTRUCTION CO LTD|TOKYU CONSTRUCTION CO LTD|TOKYU CONSTRUCTION CO LTD|TOKYU CONSTRUCTION CO LTD|TOKYU CONSTRUCTION CO LTD,JE|JJ|JP|JT|JU|JV|JW,Common Stock,common_stock_name_match,add_coverage_expansion,Active official Stock reference plus OpenFIGI Common Stock issuer-name match.,use_official_reference,leave_blank_until_official_identifier
TSE::1721,1721,TSE,COMSYS Holdings Corporation,1721.T,COMSYS Holdings Corporation,,1721,COMSYS Holdings Corporation,,jpx_listed_issues,Industrials,Stock,false,false,,TICKER,1721,7,BBG000Q04L81|BBG000Q04LR0|BBG000Q04S59|BBG000Q04TF6|BBG002QKDG93|BBG00875HZM3|BBG0193RB6L7,COMSYS HOLDINGS CORP|COMSYS HOLDINGS CORP|COMSYS HOLDINGS CORP|COMSYS HOLDINGS CORP|COMSYS HOLDINGS CORP|COMSYS HOLDINGS CORP|COMSYS HOLDINGS CORP,JE|JJ|JP|JT|JU|JV|JW,Common Stock,common_stock_name_match,add_coverage_expansion,Active official Stock reference plus OpenFIGI Common Stock issuer-name match.,use_official_reference,leave_blank_until_official_identifier
TSE::1773,1773,TSE,YTL Corporation Berhad,1773.T,YTL Corporation Berhad,,1773,YTL Corporation Berhad,,jpx_listed_issues,Industrials,Stock,false,false,,TICKER,1773,0,,,,Common Stock,common_stock_name_mismatch,blocked_openfigi_name_mismatch,"OpenFIGI returned Common Stock results, but none matched the official issuer name.",use_official_reference,leave_blank_until_official_identifier
TSE::2317,2317,TSE,Systena Corporation,2317.T,Systena Corporation,,2317,Systena Corporation,,jpx_listed_issues,Communication Services,Stock,false,false,,TICKER,2317,8,BBG000G5FZD2|BBG000G5G066|BBG000G5H6J8|BBG000G5H868|BBG000G5H8W9|BBG002QKC2Z6|BBG00875H4R7|BBG0193R9CT9,SYSTENA CORP|SYSTENA CORP|SYSTENA CORP|SYSTENA CORP|SYSTENA CORP|SYSTENA CORP|SYSTENA CORP|SYSTENA CORP,JE|JI|JJ|JP|JT|JU|JV|JW,Common Stock,common_stock_name_match,add_coverage_expansion,Active official Stock reference plus OpenFIGI Common Stock issuer-name match.,use_official_reference,leave_blank_until_official_identifier
TSE::2484,2484,TSE,"DEMAE-CAN CO.,LTD",2484.T,"Demae-Can Co.,Ltd",,2484,"DEMAE-CAN CO.,LTD",,jpx_listed_issues,Communication Services,Stock,false,false,,TICKER,2484,8,BBG000LM9SG9|BBG000LM9SV2|BBG000LMB0H6|BBG000LMC3T6|BBG002QKFDV3|BBG00875JGV3|BBG0193RBQ06|BBG01XWH6JM1,DEMAE-CAN CO LTD|DEMAE-CAN CO LTD|DEMAE-CAN CO LTD|DEMAE-CAN CO LTD|DEMAE-CAN CO LTD|DEMAE-CAN CO LTD|DEMAE-CAN CO LTD|DEMAE-CAN CO LTD,JE|JJ|JL|JP|JT|JU|JV|JW,Common Stock,common_stock_name_match,add_coverage_expansion,Active official Stock reference plus OpenFIGI Common Stock issuer-name match.,use_official_reference,leave_blank_until_official_identifier
TSE::2705,2705,TSE,"OOTOYA Holdings Co.,Ltd.",2705.T,"OOTOYA Holdings Co., Ltd.",,2705,"OOTOYA Holdings Co.,Ltd.",,jpx_listed_issues,Consumer Discretionary,Stock,false,false,,TICKER,2705,7,BBG000K0QD63|BBG000K0QDF3|BBG000K0RMX2|BBG000K0RQ18|BBG002QKCG76|BBG00875HDJ6|BBG0193R9MK6,OOTOYA HOLDINGS CO LTD|OOTOYA HOLDINGS CO LTD|OOTOYA HOLDINGS CO LTD|OOTOYA HOLDINGS CO LTD|OOTOYA HOLDINGS CO LTD|OOTOYA HOLDINGS CO LTD|OOTOYA HOLDINGS CO LTD,JE|JJ|JP|JT|JU|JV|JW,Common Stock,common_stock_name_match,add_coverage_expansion,Active official Stock reference plus OpenFIGI Common Stock issuer-name match.,use_official_reference,leave_blank_until_official_identifier
TSE::3036,3036,TSE,ALCONIX CORPORATION,3036.T,ALCONIX Corporation,,3036,ALCONIX CORPORATION,,jpx_listed_issues,Industrials,Stock,false,false,,TICKER,3036,7,BBG000NH9TQ5|BBG000NH9V35|BBG000NHC235|BBG000NHC3G9|BBG002QKFKW6|BBG00875JLF0|BBG0193RBTJ0,ALCONIX CORP|ALCONIX CORP|ALCONIX CORP|ALCONIX CORP|ALCONIX CORP|ALCONIX CORP|ALCONIX CORP,JE|JJ|JP|JT|JU|JV|JW,Common Stock,common_stock_name_match,add_coverage_expansion,Active official Stock reference plus OpenFIGI Common Stock issuer-name match.,use_official_reference,leave_blank_until_official_identifier
TSE::3048,3048,TSE,BIC CAMERA INC.,3048.T,Bic Camera Inc.,JP3800390001,3048,BIC CAMERA INC.,,jpx_listed_issues,Consumer Discretionary,Stock,false,false,,TICKER,3048,9,BBG000QSTBW8|BBG000QSTF13|BBG000QSTK94|BBG000QSTLB9|BBG000QSTLL8|BBG002QKDX96|BBG00875J681|BBG0193RBFB8|BBG01XWH67Y4,BIC CAMERA INC|BIC CAMERA INC|BIC CAMERA INC|BIC CAMERA INC|BIC CAMERA INC|BIC CAMERA INC|BIC CAMERA INC|BIC CAMERA INC|BIC CAMERA INC,JE|JI|JJ|JL|JP|JT|JU|JV|JW,Common Stock,common_stock_name_match,add_coverage_expansion,Active official Stock reference plus OpenFIGI Common Stock issuer-name match.,use_official_reference,leave_blank_until_official_identifier
TSE::3234,3234,TSE,MORI HILLS REIT INVESTMENT CORPORATION,3234.T,Mori Hills REIT Investment Corporation,,3234,MORI HILLS REIT INVESTMENT CORPORATION,,jpx_listed_issues,,Stock,false,false,,TICKER,3234,0,,,,Common Stock,common_stock_name_mismatch,blocked_openfigi_name_mismatch,"OpenFIGI returned Common Stock results, but none matched the official issuer name.",leave_blank_until_official_sector,leave_blank_until_official_identifier
TSE::3266,3266,TSE,"Fund Creation Group Co.,Ltd.",3266.T,Fund Creation Group Company Limited,,3266,"Fund Creation Group Co.,Ltd.",,jpx_listed_issues,Real Estate,Stock,false,false,,TICKER,3266,7,BBG000G60HS0|BBG000G60K49|BBG000G61T30|BBG000G61W79|BBG002QKH1H3|BBG00875K1X2|BBG0193RC9G6,FUND CREATION GROUP CO LTD|FUND CREATION GROUP CO LTD|FUND CREATION GROUP CO LTD|FUND CREATION GROUP CO LTD|FUND CREATION GROUP CO LTD|FUND CREATION GROUP CO LTD|FUND CREATION GROUP CO LTD,JE|JJ|JP|JT|JU|JV|JW,Common Stock,common_stock_name_match,add_coverage_expansion,Active official Stock reference plus OpenFIGI Common Stock issuer-name match.,use_official_reference,leave_blank_until_official_identifier
TSE::3321,3321,TSE,"MITACHI CO.,LTD.",3321.T,"Mitachi Co., Ltd.",,3321,"MITACHI CO.,LTD.",,jpx_listed_issues,Industrials,Stock,false,false,,TICKER,3321,8,BBG000MT0MC9|BBG000MT0MR3|BBG000MT0N91|BBG000MT0V11|BBG000MT0Y15|BBG002QKCWW3|BBG00875HPG2|BBG0193R9XG7,MITACHI CO LTD|MITACHI CO LTD|MITACHI CO LTD|MITACHI CO LTD|MITACHI CO LTD|MITACHI CO LTD|MITACHI CO LTD|MITACHI CO LTD,JE|JJ|JN|JP|JT|JU|JV|JW,Common Stock,common_stock_name_match,add_coverage_expansion,Active official Stock reference plus OpenFIGI Common Stock issuer-name match.,use_official_reference,leave_blank_until_official_identifier
TSE::3466,3466,TSE,LaSalle LOGIPORT REIT,3466.T,LaSalle LOGIPORT REIT,,3466,LaSalle LOGIPORT REIT,,jpx_listed_issues,,Stock,false,false,,TICKER,3466,0,,,,Common Stock,common_stock_name_mismatch,blocked_openfigi_name_mismatch,"OpenFIGI returned Common Stock results, but none matched the official issuer name.",leave_blank_until_official_sector,leave_blank_until_official_identifier
TSE::3476,3476,TSE,MIRAI Corporation,3476.T,MIRAI Corporation,,3476,MIRAI Corporation,,jpx_listed_issues,,Stock,false,false,,TICKER,3476,0,,,,,no_common_stock,blocked_openfigi_no_common_stock,OpenFIGI returned no Common Stock result for the query.,leave_blank_until_official_sector,leave_blank_until_official_identifier
TSE::3543,3543,TSE,"KOMEDA Holdings Co.,Ltd.",3543.T,"KOMEDA Holdings Co., Ltd.",,3543,"KOMEDA Holdings Co.,Ltd.",,jpx_listed_issues,Industrials,Stock,false,false,,TICKER,3543,8,BBG00CZV0J77|BBG00CZV0J95|BBG00CZV0JB2|BBG00CZV0JL1|BBG00CZV0JP7|BBG00CZV0JR5|BBG00CZV0JS4|BBG0193RD859,KOMEDA HOLDINGS CO LTD|KOMEDA HOLDINGS CO LTD|KOMEDA HOLDINGS CO LTD|KOMEDA HOLDINGS CO LTD|KOMEDA HOLDINGS CO LTD|KOMEDA HOLDINGS CO LTD|KOMEDA HOLDINGS CO LTD|KOMEDA HOLDINGS CO LTD,JE|JJ|JN|JP|JT|JU|JV|JW,Common Stock,common_stock_name_match,add_coverage_expansion,Active official Stock reference plus OpenFIGI Common Stock issuer-name match.,use_official_reference,leave_blank_until_official_identifier
TSE::3591,3591,TSE,WACOAL HOLDINGS CORP.,3591.T,Wacoal Holdings Corp.,,3591,WACOAL HOLDINGS CORP.,,jpx_listed_issues,Consumer Discretionary,Stock,false,false,,TICKER,3591,8,BBG000BCWTW6|BBG000BCWV79|BBG000BCWZL4|BBG000BCX174|BBG002QK6RH8|BBG00875C410|BBG0193R5CP7|BBG01XWH1608,WACOAL HOLDINGS CORP|WACOAL HOLDINGS CORP|WACOAL HOLDINGS CORP|WACOAL HOLDINGS CORP|WACOAL HOLDINGS CORP|WACOAL HOLDINGS CORP|WACOAL HOLDINGS CORP|WACOAL HOLDINGS CORP,JE|JJ|JL|JP|JT|JU|JV|JW,Common Stock,common_stock_name_match,add_coverage_expansion,Active official Stock reference plus OpenFIGI Common Stock issuer-name match.,use_official_reference,leave_blank_until_official_identifier
TSE::6875,6875,TSE,MegaChips Corporation,6875.T,MegaChips Corporation,,6875,MegaChips Corporation,,jpx_listed_issues,Information Technology,Stock,false,false,,TICKER,6875,8,BBG000C3RDK9|BBG000C3RFF0|BBG000C3RLC0|BBG000C3RN90|BBG000C3RNK7|BBG002QK9Y44|BBG00875G862|BBG0193R8HJ0,MEGACHIPS CORP|MEGACHIPS CORP|MEGACHIPS CORP|MEGACHIPS CORP|MEGACHIPS CORP|MEGACHIPS CORP|MEGACHIPS CORP|MEGACHIPS CORP,JE|JI|JJ|JP|JT|JU|JV|JW,Common Stock,common_stock_name_match,add_coverage_expansion,Active official Stock reference plus OpenFIGI Common Stock issuer-name match.,use_official_reference,leave_blank_until_official_identifier
TSE::7157,7157,TSE,LIFENET INSURANCE COMPANY,7157.T,Lifenet Insurance Company,,7157,LIFENET INSURANCE COMPANY,,jpx_listed_issues,Financials,Stock,false,false,,TICKER,7157,9,BBG002N60FL9|BBG002N60FM8|BBG002N60FX6|BBG002N60G00|BBG002N60G19|BBG002QKJMF7|BBG00875LBV1|BBG0193RCRY6|BBG01XWH7NK3,LIFENET INSURANCE CO|LIFENET INSURANCE CO|LIFENET INSURANCE CO|LIFENET INSURANCE CO|LIFENET INSURANCE CO|LIFENET INSURANCE CO|LIFENET INSURANCE CO|LIFENET INSURANCE CO|LIFENET INSURANCE CO,JE|JI|JJ|JL|JP|JT|JU|JV|JW,Common Stock,common_stock_name_match,add_coverage_expansion,Active official Stock reference plus OpenFIGI Common Stock issuer-name match.,use_official_reference,leave_blank_until_official_identifier
TSE::7170,7170,TSE,"CHUOU INTERNATIONAL GROUP CO.,LTD.",7170.T,"Chuou International Group Co., Ltd.",,7170,"CHUOU INTERNATIONAL GROUP CO.,LTD.",,jpx_listed_issues,Financials,Stock,false,false,,TICKER,7170,0,,,,Common Stock,common_stock_name_mismatch,blocked_openfigi_name_mismatch,"OpenFIGI returned Common Stock results, but none matched the official issuer name.",use_official_reference,leave_blank_until_official_identifier
TSE::8303,8303,TSE,"SBI Shinsei Bank,Limited",8303.T,"Shinsei Bank, Limited",,8303,"SBI Shinsei Bank,Limited",,jpx_listed_issues,Financials,Stock,false,false,,TICKER,8303,6,BBG01YJG6H13|BBG01YJG6H22|BBG01YJG6HF8|BBG01YJG6HJ4|BBG01YJG6HL1|BBG01YJG6HP7,SBI SHINSEI BANK LTD|SBI SHINSEI BANK LTD|SBI SHINSEI BANK LTD|SBI SHINSEI BANK LTD|SBI SHINSEI BANK LTD|SBI SHINSEI BANK LTD,JE|JJ|JL|JP|JT|JU,Common Stock,common_stock_name_match,add_coverage_expansion,Active official Stock reference plus OpenFIGI Common Stock issuer-name match.,use_official_reference,leave_blank_until_official_identifier
TSE::8929,8929,TSE,"Aoyama Zaisan Networks Company,Limited",8929.T,"Aoyama Zaisan Networks Company,Limited",,8929,"Aoyama Zaisan Networks Company,Limited",,jpx_listed_issues,Real Estate,Stock,false,false,,TICKER,8929,7,BBG000PNCLX5|BBG000PNCM72|BBG000PNCS88|BBG000PNCT40|BBG002QKD7P5|BBG00875HWV0|BBG01XWH5YB1,AOYAMA ZAISAN NETWORKS CO LT|AOYAMA ZAISAN NETWORKS CO LT|AOYAMA ZAISAN NETWORKS CO LT|AOYAMA ZAISAN NETWORKS CO LT|AOYAMA ZAISAN NETWORKS CO LT|AOYAMA ZAISAN NETWORKS CO LT|AOYAMA ZAISAN NETWORKS CO LT,JE|JJ|JL|JP|JT|JU|JW,Common Stock,common_stock_name_match,add_coverage_expansion,Active official Stock reference plus OpenFIGI Common Stock issuer-name match.,use_official_reference,leave_blank_until_official_identifier
TSX::APS,APS,TSX,Aptose Biosciences Inc.,APS.TO,Aptose Biosciences Inc.,,APS,Aptose Biosciences Inc.,,tmx_interlisted_companies,,Stock,false,false,,TICKER,APS,0,,,,Common Stock,common_stock_name_mismatch,blocked_openfigi_name_mismatch,"OpenFIGI returned Common Stock results, but none matched the official issuer name.",leave_blank_until_official_sector,leave_blank_until_official_identifier
TSX::BNK,BNK,TSX,Big Banc Split Corp.,BNK.TO,Big Banc Split Corp.,,BNK,Big Banc Split Corp.,,tmx_listed_issuers,,Stock,false,false,,TICKER,BNK,0,,,,Common Stock,common_stock_name_mismatch,blocked_openfigi_name_mismatch,"OpenFIGI returned Common Stock results, but none matched the official issuer name.",leave_blank_until_official_sector,leave_blank_until_official_identifier
TSX::PRM,PRM,TSX,Big Pharma Split Corp.,PRM.TO,Big Pharma Split Corp.,,PRM,Big Pharma Split Corp.,,tmx_listed_issuers,,Stock,false,false,,TICKER,PRM,0,,,,Common Stock,common_stock_name_mismatch,blocked_openfigi_name_mismatch,"OpenFIGI returned Common Stock results, but none matched the official issuer name.",leave_blank_until_official_sector,leave_blank_until_official_identifier
TSX::SBC,SBC,TSX,Brompton Split Banc Corp.,SBC.TO,Brompton Split Banc Corp.,,SBC,Brompton Split Banc Corp.,,tmx_listed_issuers,,Stock,false,false,,TICKER,SBC,0,,,,Common Stock,common_stock_name_mismatch,blocked_openfigi_name_mismatch,"OpenFIGI returned Common Stock results, but none matched the official issuer name.",leave_blank_until_official_sector,leave_blank_until_official_identifier
TSX::WELL,WELL,TSX,WELL Health Technologies Corp.,WELL.TO,WELL Health Technologies Corp.,,WELL,WELL Health Technologies Corp.,,tmx_listed_issuers,,Stock,false,false,,TICKER,WELL,18,BBG002Z98CL9|BBG002Z98CN7|BBG002Z98CT1|BBG002Z98CW7|BBG002Z98CY5|BBG002Z98CZ4|BBG002Z98D19|BBG002Z98D37|BBG002Z98D46|BBG004JBC0S2|BBG005XRLMV6|BBG0086KLY30|BBG0086KLY49|BBG00DVMQVZ3|BBG00LN9M290|BBG019LPKTM0|BBG01J14RTK2|BBG01J15H3H1,WELL HEALTH TECHNOLOGIES COR|WELL HEALTH TECHNOLOGIES COR|WELL HEALTH TECHNOLOGIES COR|WELL HEALTH TECHNOLOGIES COR|WELL HEALTH TECHNOLOGIES COR|WELL HEALTH TECHNOLOGIES COR|WELL HEALTH TECHNOLOGIES COR|WELL HEALTH TECHNOLOGIES COR|WELL HEALTH TECHNOLOGIES COR|WELL HEALTH TECHNOLOGIES COR|WELL HEALTH TECHNOLOGIES COR|WELL HEALTH TECHNOLOGIES COR|WELL HEALTH TECHNOLOGIES COR|WELL HEALTH TECHNOLOGIES COR|WELL HEALTH TECHNOLOGIES COR|WELL HEALTH TECHNOLOGIES COR|WELL HEALTH TECHNOLOGIES COR|WELL HEALTH TECHNOLOGIES COR,BF|CJ|CN|CT|DG|DJ|DT|HD|HX|QF|QG|QH|TA|TG|TK|TR|TW|TX,Common Stock,common_stock_name_match,add_coverage_expansion,Active official Stock reference plus OpenFIGI Common Stock issuer-name match.,leave_blank_until_official_sector,leave_blank_until_official_identifier
TSXV::ACS,ACS,TSXV,Archon Minerals Limited,ACS.V,Archon Minerals Limited,,ACS,Archon Minerals Limited,,tmx_listed_issuers,,Stock,false,false,,TICKER,ACS,18,BBG000BXFPR3|BBG000BXFRQ0|BBG000BXFT13|BBG000BXFTT3|BBG000BXFVL6|BBG000BXFWJ7|BBG000BXFY21|BBG001QL9725|BBG003G7WX84|BBG004J9LP39|BBG005XR74F0|BBG0086JVFF0|BBG0086JVFG9|BBG00DVMS392|BBG00LN97L31|BBG019LP6BK7|BBG01J14DBC5|BBG01J153MC9,ARCHON MINERALS LTD|ARCHON MINERALS LTD|ARCHON MINERALS LTD|ARCHON MINERALS LTD|ARCHON MINERALS LTD|ARCHON MINERALS LTD|ARCHON MINERALS LTD|ARCHON MINERALS LTD|ARCHON MINERALS LTD|ARCHON MINERALS LTD|ARCHON MINERALS LTD|ARCHON MINERALS LTD|ARCHON MINERALS LTD|ARCHON MINERALS LTD|ARCHON MINERALS LTD|ARCHON MINERALS LTD|ARCHON MINERALS LTD|ARCHON MINERALS LTD,BF|CJ|CN|CV|DG|DK|DS|DV|HD|HX|QF|QG|QH|TG|TK|TN|TV|TW,Common Stock,common_stock_name_match,add_coverage_expansion,Active official Stock reference plus OpenFIGI Common Stock issuer-name match.,leave_blank_until_official_sector,leave_blank_until_official_identifier
TSXV::ALM,ALM,TSXV,Alliance Mining Corp.,ALM.V,Alliance Mining Corp.,,ALM,Alliance Mining Corp.,,tmx_listed_issuers,,Stock,false,false,,TICKER,ALM,18,BBG000TFJFZ2|BBG000TFJH51|BBG000TFJJ66|BBG000TFJKD5|BBG000TFJL70|BBG000TFJLC4|BBG000TFJLR8|BBG002GBS0C9|BBG003G88LM9|BBG004J9XDW1|BBG005XRJZM0|BBG0086KHNM8|BBG0086KHNN7|BBG00DVN2WK1|BBG00LN9KFG5|BBG019LPJ688|BBG01J14Q614|BBG01J15FH00,ALLIANCE MINING CORP|ALLIANCE MINING CORP|ALLIANCE MINING CORP|ALLIANCE MINING CORP|ALLIANCE MINING CORP|ALLIANCE MINING CORP|ALLIANCE MINING CORP|ALLIANCE MINING CORP|ALLIANCE MINING CORP|ALLIANCE MINING CORP|ALLIANCE MINING CORP|ALLIANCE MINING CORP|ALLIANCE MINING CORP|ALLIANCE MINING CORP|ALLIANCE MINING CORP|ALLIANCE MINING CORP|ALLIANCE MINING CORP|ALLIANCE MINING CORP,BF|CJ|CN|CV|DG|DK|DS|DV|HD|HX|QF|QG|QH|TG|TK|TN|TV|TW,Common Stock,common_stock_name_match,add_coverage_expansion,Active official Stock reference plus OpenFIGI Common Stock issuer-name match.,leave_blank_until_official_sector,leave_blank_until_official_identifier
TSXV::APL,APL,TSXV,Appulse Corporation,APL.V,Appulse Corporation,,APL,Appulse Corporation,,tmx_listed_issuers,,Stock,false,false,,TICKER,APL,18,BBG000DM2NW8|BBG000DM3S74|BBG000DM3TR0|BBG000DM3WH4|BBG000DM3YF2|BBG000DM50P3|BBG000DM5171|BBG001QLGD42|BBG003G85P34|BBG004J9VFD9|BBG005XRGYY3|BBG0086KCM54|BBG0086KCM63|BBG00DVN0WC2|BBG00LN9HF88|BBG019LPG5X5|BBG01J14N5P3|BBG01J15CGN0,APPULSE CORP|APPULSE CORP|APPULSE CORP|APPULSE CORP|APPULSE CORP|APPULSE CORP|APPULSE CORP|APPULSE CORP|APPULSE CORP|APPULSE CORP|APPULSE CORP|APPULSE CORP|APPULSE CORP|APPULSE CORP|APPULSE CORP|APPULSE CORP|APPULSE CORP|APPULSE CORP,BF|CJ|CN|CV|DG|DK|DS|DV|HD|HX|QF|QG|QH|TG|TK|TN|TV|TW,Common Stock,common_stock_name_match,add_coverage_expansion,Active official Stock reference plus OpenFIGI Common Stock issuer-name match.,leave_blank_until_official_sector,leave_blank_until_official_identifier
TSXV::AST,AST,TSXV,Astron Connect Inc.,AST.V,Astron Connect Inc.,,AST,Astron Connect Inc.,,tmx_listed_issuers,,Stock,false,false,,TICKER,AST,17,BBG00H8VP7S2|BBG00H8VP7W7|BBG00H8VP800|BBG00H8VP837|BBG00H8VP873|BBG00H8VP882|BBG00H8VP891|BBG00H8VP8D6|BBG00H8VP8F4|BBG00H8VP8H2|BBG00H8VP8J0|BBG00H8VP8K8|BBG00H8VP8M6|BBG00LN9NBV4|BBG019LPM2R2|BBG01J14T2V7|BBG01J15JCS7,ASTRON CONNECT INC|ASTRON CONNECT INC|ASTRON CONNECT INC|ASTRON CONNECT INC|ASTRON CONNECT INC|ASTRON CONNECT INC|ASTRON CONNECT INC|ASTRON CONNECT INC|ASTRON CONNECT INC|ASTRON CONNECT INC|ASTRON CONNECT INC|ASTRON CONNECT INC|ASTRON CONNECT INC|ASTRON CONNECT INC|ASTRON CONNECT INC|ASTRON CONNECT INC|ASTRON CONNECT INC,BF|CJ|CN|CV|DG|DK|DS|DV|HD|HX|QF|QG|QH|TG|TK|TV|TW,Common Stock,common_stock_name_match,add_coverage_expansion,Active official Stock reference plus OpenFIGI Common Stock issuer-name match.,leave_blank_until_official_sector,leave_blank_until_official_identifier
TSXV::AVX,AVX,TSXV,Altair Resources Inc.,AVX.V,Altair Resources Inc.,,AVX,Altair Resources Inc.,,tmx_listed_issuers,,Stock,false,false,,TICKER,AVX,18,BBG000J49BM2|BBG000J49D84|BBG000J4BKK1|BBG000J4BLS1|BBG000J4BPS2|BBG000J4BQH2|BBG000J4BRF2|BBG001QLH5Q4|BBG003G87CJ4|BBG004J9WL45|BBG005XRJ3S5|BBG0086KFYQ2|BBG0086KFYR1|BBG00DVN21H3|BBG00LN9JLD7|BBG019LPHC23|BBG01J14PBV1|BBG01J15DMT0,ALTAIR RESOURCES INC|ALTAIR RESOURCES INC|ALTAIR RESOURCES INC|ALTAIR RESOURCES INC|ALTAIR RESOURCES INC|ALTAIR RESOURCES INC|ALTAIR RESOURCES INC|ALTAIR RESOURCES INC|ALTAIR RESOURCES INC|ALTAIR RESOURCES INC|ALTAIR RESOURCES INC|ALTAIR RESOURCES INC|ALTAIR RESOURCES INC|ALTAIR RESOURCES INC|ALTAIR RESOURCES INC|ALTAIR RESOURCES INC|ALTAIR RESOURCES INC|ALTAIR RESOURCES INC,BF|CJ|CN|CV|DG|DK|DS|DV|HD|HX|QF|QG|QH|TG|TK|TN|TV|TW,Common Stock,common_stock_name_match,add_coverage_expansion,Active official Stock reference plus OpenFIGI Common Stock issuer-name match.,leave_blank_until_official_sector,leave_blank_until_official_identifier
TSXV::BST,BST,TSXV,Bessor Minerals Inc.,BST.V,Bessor Minerals Inc.,,BST,Bessor Minerals Inc.,,tmx_listed_issuers,,Stock,false,false,,TICKER,BST,18,BBG000TFKLS5|BBG000TFKMR4|BBG000TFKP24|BBG000TFKPX0|BBG000TFKQM0|BBG000TFKQY7|BBG000TFKR57|BBG001QLJ7D2|BBG003G88LN8|BBG004J9XDX0|BBG005XRJZN9|BBG0086KHNP5|BBG0086KHNQ4|BBG00DVN2WL0|BBG00LN9KFH4|BBG019LPJ697|BBG01J14Q623|BBG01J15FH19,BESSOR MINERALS INC|BESSOR MINERALS INC|BESSOR MINERALS INC|BESSOR MINERALS INC|BESSOR MINERALS INC|BESSOR MINERALS INC|BESSOR MINERALS INC|BESSOR MINERALS INC|BESSOR MINERALS INC|BESSOR MINERALS INC|BESSOR MINERALS INC|BESSOR MINERALS INC|BESSOR MINERALS INC|BESSOR MINERALS INC|BESSOR MINERALS INC|BESSOR MINERALS INC|BESSOR MINERALS INC|BESSOR MINERALS INC,BF|CJ|CN|CV|DG|DK|DS|DV|HD|HX|QF|QG|QH|TG|TK|TN|TV|TW,Common Stock,common_stock_name_match,add_coverage_expansion,Active official Stock reference plus OpenFIGI Common Stock issuer-name match.,leave_blank_until_official_sector,leave_blank_until_official_identifier
TSXV::CAG,CAG,TSXV,Composite Alliance Group Inc.,CAG.V,Composite Alliance Group Inc.,,CAG,Composite Alliance Group Inc.,,tmx_listed_issuers,,Stock,false,false,,TICKER,CAG,18,BBG000K5DP05|BBG000K5DQM9|BBG000K5DTY0|BBG000K5DWX4|BBG000K5F062|BBG000K5F0R9|BBG000K5F1J6|BBG001QLJSM6|BBG003G895Z9|BBG004J9XTD7|BBG005XRKBX9|BBG0086KJD02|BBG0086KJD11|BBG00DVN37S7|BBG00LN9KSP7|BBG019LPJKK3|BBG01J14QKD0|BBG01J15FVC6,COMPOSITE ALLIANCE GROUP INC|COMPOSITE ALLIANCE GROUP INC|COMPOSITE ALLIANCE GROUP INC|COMPOSITE ALLIANCE GROUP INC|COMPOSITE ALLIANCE GROUP INC|COMPOSITE ALLIANCE GROUP INC|COMPOSITE ALLIANCE GROUP INC|COMPOSITE ALLIANCE GROUP INC|COMPOSITE ALLIANCE GROUP INC|COMPOSITE ALLIANCE GROUP INC|COMPOSITE ALLIANCE GROUP INC|COMPOSITE ALLIANCE GROUP INC|COMPOSITE ALLIANCE GROUP INC|COMPOSITE ALLIANCE GROUP INC|COMPOSITE ALLIANCE GROUP INC|COMPOSITE ALLIANCE GROUP INC|COMPOSITE ALLIANCE GROUP INC|COMPOSITE ALLIANCE GROUP INC,BF|CJ|CN|CV|DG|DK|DS|DV|HD|HX|QF|QG|QH|TG|TK|TN|TV|TW,Common Stock,common_stock_name_match,add_coverage_expansion,Active official Stock reference plus OpenFIGI Common Stock issuer-name match.,leave_blank_until_official_sector,leave_blank_until_official_identifier
TSXV::CMU,CMU,TSXV,Comet Industries Ltd.,CMU.V,Comet Industries Ltd.,,CMU,Comet Industries Ltd.,,tmx_listed_issuers,,Stock,false,false,,TICKER,CMU,18,BBG000BY3NJ8|BBG000BY3PN8|BBG000BY3QX5|BBG000BY3SH9|BBG000BY3VL7|BBG000BY3W80|BBG000BY3XH8|BBG001QL9CC3|BBG003G7X726|BBG004J9LZW5|BBG005XR7G81|BBG0086JW4B8|BBG0086JW4C7|BBG00DVMSF40|BBG00LN97X26|BBG019LP6NJ3|BBG01J14DNC9|BBG01J153YB4,COMET INDUSTRIES|COMET INDUSTRIES|COMET INDUSTRIES|COMET INDUSTRIES|COMET INDUSTRIES|COMET INDUSTRIES|COMET INDUSTRIES|COMET INDUSTRIES|COMET INDUSTRIES|COMET INDUSTRIES|COMET INDUSTRIES|COMET INDUSTRIES|COMET INDUSTRIES|COMET INDUSTRIES|COMET INDUSTRIES|COMET INDUSTRIES|COMET INDUSTRIES|COMET INDUSTRIES,BF|CJ|CN|CV|DG|DK|DS|DV|HD|HX|QF|QG|QH|TG|TK|TN|TV|TW,Common Stock,common_stock_name_match,add_coverage_expansion,Active official Stock reference plus OpenFIGI Common Stock issuer-name match.,leave_blank_until_official_sector,leave_blank_until_official_identifier
TSXV::ELM,ELM,TSXV,Element Lifestyle Retirement Inc.,ELM.V,Element Lifestyle Retirement Inc.,,ELM,Element Lifestyle Retirement Inc.,,tmx_listed_issuers,,Stock,false,false,,TICKER,ELM,18,BBG002CLSL08|BBG002CLSL35|BBG002CLSL71|BBG002CLSLB6|BBG002CLSLF2|BBG002CLSLH0|BBG002CLSLJ8|BBG002CLSLK6|BBG003G8C6G4|BBG004J9YXZ3|BBG005XRLGW8|BBG0086BJ0J0|BBG0086BJ0K8|BBG00DVN4BS7|BBG00LN9LX02|BBG019LPKNM3|BBG01J14RNJ7|BBG01J15GYG5,ELEMENT LIFESTYLE RETIREMENT|ELEMENT LIFESTYLE RETIREMENT|ELEMENT LIFESTYLE RETIREMENT|ELEMENT LIFESTYLE RETIREMENT|ELEMENT LIFESTYLE RETIREMENT|ELEMENT LIFESTYLE RETIREMENT|ELEMENT LIFESTYLE RETIREMENT|ELEMENT LIFESTYLE RETIREMENT|ELEMENT LIFESTYLE RETIREMENT|ELEMENT LIFESTYLE RETIREMENT|ELEMENT LIFESTYLE RETIREMENT|ELEMENT LIFESTYLE RETIREMENT|ELEMENT LIFESTYLE RETIREMENT|ELEMENT LIFESTYLE RETIREMENT|ELEMENT LIFESTYLE RETIREMENT|ELEMENT LIFESTYLE RETIREMENT|ELEMENT LIFESTYLE RETIREMENT|ELEMENT LIFESTYLE RETIREMENT,BF|CJ|CN|CV|DG|DK|DS|DV|HD|HX|QF|QG|QH|TG|TK|TN|TV|TW,Common Stock,common_stock_name_match,add_coverage_expansion,Active official Stock reference plus OpenFIGI Common Stock issuer-name match.,leave_blank_until_official_sector,leave_blank_until_official_identifier
TSXV::FA,FA,TSXV,Fountain Asset Corp.,FA.V,Fountain Asset Corp.,,FA,Fountain Asset Corp.,,tmx_listed_issuers,,Stock,false,false,,TICKER,FA,18,BBG000H2Y6D1|BBG000H2Y801|BBG000H2ZCY4|BBG000H2ZG39|BBG000H2ZJX0|BBG000H2ZKG6|BBG000H2ZL92|BBG001QLDRN3|BBG003G83G90|BBG004J9SQH5|BBG005XRF764|BBG0086K7WC0|BBG0086K7WD9|BBG00DVMZ562|BBG00LN9FQ13|BBG019LPDGL7|BBG01J14LGC5|BBG01J159RB3,FOUNTAIN ASSET CORP|FOUNTAIN ASSET CORP|FOUNTAIN ASSET CORP|FOUNTAIN ASSET CORP|FOUNTAIN ASSET CORP|FOUNTAIN ASSET CORP|FOUNTAIN ASSET CORP|FOUNTAIN ASSET CORP|FOUNTAIN ASSET CORP|FOUNTAIN ASSET CORP|FOUNTAIN ASSET CORP|FOUNTAIN ASSET CORP|FOUNTAIN ASSET CORP|FOUNTAIN ASSET CORP|FOUNTAIN ASSET CORP|FOUNTAIN ASSET CORP|FOUNTAIN ASSET CORP|FOUNTAIN ASSET CORP,BF|CJ|CN|CV|DG|DK|DS|DV|HD|HX|QF|QG|QH|TG|TK|TN|TV|TW,Common Stock,common_stock_name_match,add_coverage_expansion,Active official Stock reference plus OpenFIGI Common Stock issuer-name match.,leave_blank_until_official_sector,leave_blank_until_official_identifier
TSXV::GLDN,GLDN,TSXV,Golden Ridge Resources Ltd.,GLDN.V,Golden Ridge Resources Ltd.,,GLDN,Golden Ridge Resources Ltd.,,tmx_listed_issuers,,Stock,false,false,,TICKER,GLDN,18,BBG001QL5RY0|BBG001QL5S14|BBG001QL5S50|BBG001QL5S87|BBG001QL5SC2|BBG001QL5SD1|BBG001QL5SF9|BBG001QL5SG8|BBG003G8BS59|BBG004J9YP62|BBG005XRL767|BBG0086KL383|BBG0086KL392|BBG00DVN4314|BBG00LN9LN68|BBG019LPKDX3|BBG01J14RDV5|BBG01J15GPS1,GOLDEN RIDGE RESOURCES LTD|GOLDEN RIDGE RESOURCES LTD|GOLDEN RIDGE RESOURCES LTD|GOLDEN RIDGE RESOURCES LTD|GOLDEN RIDGE RESOURCES LTD|GOLDEN RIDGE RESOURCES LTD|GOLDEN RIDGE RESOURCES LTD|GOLDEN RIDGE RESOURCES LTD|GOLDEN RIDGE RESOURCES LTD|GOLDEN RIDGE RESOURCES LTD|GOLDEN RIDGE RESOURCES LTD|GOLDEN RIDGE RESOURCES LTD|GOLDEN RIDGE RESOURCES LTD|GOLDEN RIDGE RESOURCES LTD|GOLDEN RIDGE RESOURCES LTD|GOLDEN RIDGE RESOURCES LTD|GOLDEN RIDGE RESOURCES LTD|GOLDEN RIDGE RESOURCES LTD,BF|CJ|CN|CV|DG|DK|DS|DV|HD|HX|QF|QG|QH|TG|TK|TN|TV|TW,Common Stock,common_stock_name_match,add_coverage_expansion,Active official Stock reference plus OpenFIGI Common Stock issuer-name match.,leave_blank_until_official_sector,leave_blank_until_official_identifier
TSXV::GRF,GRF,TSXV,Green Rise Foods Inc.,GRF.V,Green Rise Foods Inc.,,GRF,Green Rise Foods Inc.,,tmx_listed_issuers,,Stock,false,false,,TICKER,GRF,18,BBG00HTMM221|BBG00HTMM258|BBG00HTMM294|BBG00HTMM2D9|BBG00HTMM2H5|BBG00HTMM2J3|BBG00HTMM2K1|BBG00HTMM2L0|BBG00HTMM2P6|BBG00HTMM2Q5|BBG00HTMM2S3|BBG00HTMM2T2|BBG00HTMM2V9|BBG00HTMM2X7|BBG00LN9NDL1|BBG019LPM4H9|BBG01J14T4L4|BBG01J15JFJ0,GREEN RISE FOODS INC|GREEN RISE FOODS INC|GREEN RISE FOODS INC|GREEN RISE FOODS INC|GREEN RISE FOODS INC|GREEN RISE FOODS INC|GREEN RISE FOODS INC|GREEN RISE FOODS INC|GREEN RISE FOODS INC|GREEN RISE FOODS INC|GREEN RISE FOODS INC|GREEN RISE FOODS INC|GREEN RISE FOODS INC|GREEN RISE FOODS INC|GREEN RISE FOODS INC|GREEN RISE FOODS INC|GREEN RISE FOODS INC|GREEN RISE FOODS INC,BF|CJ|CN|CV|DG|DK|DS|DV|HD|HX|QF|QG|QH|TG|TK|TN|TV|TW,Common Stock,common_stock_name_match,add_coverage_expansion,Active official Stock reference plus OpenFIGI Common Stock issuer-name match.,leave_blank_until_official_sector,leave_blank_until_official_identifier
TSXV::IEI,IEI,TSXV,Imperial Equities Inc.,IEI.V,Imperial Equities Inc.,,IEI,Imperial Equities Inc.,,tmx_listed_issuers,,Stock,false,false,,TICKER,IEI,18,BBG000BMXDR4|BBG000BMXGK4|BBG000BMXHZ6|BBG000BMXJV6|BBG000BMXMX7|BBG000BMXNY4|BBG000BMXP88|BBG001QLCK04|BBG003G816M9|BBG004J9QW66|BBG005XRCCL9|BBG0086K4408|BBG0086K4417|BBG00DVMX9L9|BBG00LN9CTQ3|BBG019LPBL65|BBG01J14JL00|BBG01J157VZ0,IMPERIAL EQUITIES INC|IMPERIAL EQUITIES INC|IMPERIAL EQUITIES INC|IMPERIAL EQUITIES INC|IMPERIAL EQUITIES INC|IMPERIAL EQUITIES INC|IMPERIAL EQUITIES INC|IMPERIAL EQUITIES INC|IMPERIAL EQUITIES INC|IMPERIAL EQUITIES INC|IMPERIAL EQUITIES INC|IMPERIAL EQUITIES INC|IMPERIAL EQUITIES INC|IMPERIAL EQUITIES INC|IMPERIAL EQUITIES INC|IMPERIAL EQUITIES INC|IMPERIAL EQUITIES INC|IMPERIAL EQUITIES INC,BF|CJ|CN|CV|DG|DK|DS|DV|HD|HX|QF|QG|QH|TG|TK|TN|TV|TW,Common Stock,common_stock_name_match,add_coverage_expansion,Active official Stock reference plus OpenFIGI Common Stock issuer-name match.,leave_blank_until_official_sector,leave_blank_until_official_identifier
TSXV::ION,ION,TSXV,Lithium Ion Energy Ltd.,ION.V,Ion Energy Ltd.,CA4620481099,ION,Lithium Ion Energy Ltd.,,tmx_listed_issuers,,Stock,false,false,,TICKER,ION,0,,,,Common Stock,common_stock_name_mismatch,blocked_openfigi_name_mismatch,"OpenFIGI returned Common Stock results, but none matched the official issuer name.",leave_blank_until_official_sector,leave_blank_until_official_identifier
TSXV::IOT,IOT,TSXV,Innovotech Inc.,IOT.V,Innovotech Inc.,,IOT,Innovotech Inc.,,tmx_listed_issuers,,Stock,false,false,,TICKER,IOT,18,BBG000M5X6V9|BBG000M5X8L6|BBG000M5ZG18|BBG000M5ZJM9|BBG000M5ZLB6|BBG000M5ZM51|BBG000M5ZMC3|BBG001QLGHX1|BBG003G85YB6|BBG004J9VM80|BBG005XRH4T4|BBG0086KCZZ2|BBG0086KD006|BBG00DVN1273|BBG00LN9HM47|BBG019LPGCS6|BBG01J14NCK3|BBG01J15CNJ0,INNOVOTECH INC|INNOVOTECH INC|INNOVOTECH INC|INNOVOTECH INC|INNOVOTECH INC|INNOVOTECH INC|INNOVOTECH INC|INNOVOTECH INC|INNOVOTECH INC|INNOVOTECH INC|INNOVOTECH INC|INNOVOTECH INC|INNOVOTECH INC|INNOVOTECH INC|INNOVOTECH INC|INNOVOTECH INC|INNOVOTECH INC|INNOVOTECH INC,BF|CJ|CN|CV|DG|DK|DS|DV|HD|HX|QF|QG|QH|TG|TK|TN|TV|TW,Common Stock,common_stock_name_match,add_coverage_expansion,Active official Stock reference plus OpenFIGI Common Stock issuer-name match.,leave_blank_until_official_sector,leave_blank_until_official_identifier
TSXV::JTC,JTC,TSXV,Jemtec Inc.,JTC.V,JEMTEC Inc.,,JTC,Jemtec Inc.,,tmx_listed_issuers,,Stock,false,false,,TICKER,JTC,18,BBG000DDN6V3|BBG000DDN8N8|BBG000DDNC13|BBG000DDNDQ4|BBG000DDNFX1|BBG000DDNGH7|BBG000DDNGN0|BBG001QLC6Y8|BBG003G80KN8|BBG004J9Q814|BBG005XRBRG3|BBG0086K2WT7|BBG0086K2WV4|BBG00DVMWPH9|BBG00LN9C6K9|BBG019LP9YX0|BBG01J14HYQ6|BBG01J1577P4,JEMTEC INC|JEMTEC INC|JEMTEC INC|JEMTEC INC|JEMTEC INC|JEMTEC INC|JEMTEC INC|JEMTEC INC|JEMTEC INC|JEMTEC INC|JEMTEC INC|JEMTEC INC|JEMTEC INC|JEMTEC INC|JEMTEC INC|JEMTEC INC|JEMTEC INC|JEMTEC INC,BF|CJ|CN|CV|DG|DK|DS|DV|HD|HX|QF|QG|QH|TG|TK|TN|TV|TW,Common Stock,common_stock_name_match,add_coverage_expansion,Active official Stock reference plus OpenFIGI Common Stock issuer-name match.,leave_blank_until_official_sector,leave_blank_until_official_identifier
TSXV::MAP,MAP,TSXV,Maple Peak Investments Inc.,MAP.V,Maple Peak Investments Inc.,,MAP,Maple Peak Investments Inc.,,tmx_listed_issuers,,Stock,false,false,,TICKER,MAP,18,BBG006112606|BBG006112633|BBG006112688|BBG0061126C3|BBG0061126G9|BBG0061126H8|BBG0061126J6|BBG0061126K4|BBG0061126N1|BBG0061126P9|BBG0061126R7|BBG0086KMRM3|BBG0086KMRN2|BBG00DVN4XY2|BBG00LN9MHH8|BBG019LPL7W6|BBG01J14S7T0|BBG01J15HJR5,MAPLE PEAK INVESTMENTS INC|MAPLE PEAK INVESTMENTS INC|MAPLE PEAK INVESTMENTS INC|MAPLE PEAK INVESTMENTS INC|MAPLE PEAK INVESTMENTS INC|MAPLE PEAK INVESTMENTS INC|MAPLE PEAK INVESTMENTS INC|MAPLE PEAK INVESTMENTS INC|MAPLE PEAK INVESTMENTS INC|MAPLE PEAK INVESTMENTS INC|MAPLE PEAK INVESTMENTS INC|MAPLE PEAK INVESTMENTS INC|MAPLE PEAK INVESTMENTS INC|MAPLE PEAK INVESTMENTS INC|MAPLE PEAK INVESTMENTS INC|MAPLE PEAK INVESTMENTS INC|MAPLE PEAK INVESTMENTS INC|MAPLE PEAK INVESTMENTS INC,BF|CJ|CN|CV|DG|DK|DS|DV|HD|HX|QF|QG|QH|TG|TK|TN|TV|TW,Common Stock,common_stock_name_match,add_coverage_expansion,Active official Stock reference plus OpenFIGI Common Stock issuer-name match.,leave_blank_until_official_sector,leave_blank_until_official_identifier
TSXV::MBO,MBO,TSXV,Mobio Technologies Inc.,MBO.V,Mobio Technologies Inc.,,MBO,Mobio Technologies Inc.,,tmx_listed_issuers,,Stock,false,false,,TICKER,MBO,18,BBG000BZ5MP8|BBG000BZ5P99|BBG000BZ5QJ6|BBG000BZ5R95|BBG000BZ5S20|BBG000BZ5S75|BBG000BZ5SV8|BBG001QLF4M3|BBG003G84398|BBG004J9T6Y9|BBG005XRFQS8|BBG0086K8XF4|BBG0086K8XG3|BBG00DVMZNT8|BBG00LN9G6N2|BBG019LPDZ62|BBG01J14LYZ1|BBG01J15B7Y9,MOBIO TECHNOLOGIES INC|MOBIO TECHNOLOGIES INC|MOBIO TECHNOLOGIES INC|MOBIO TECHNOLOGIES INC|MOBIO TECHNOLOGIES INC|MOBIO TECHNOLOGIES INC|MOBIO TECHNOLOGIES INC|MOBIO TECHNOLOGIES INC|MOBIO TECHNOLOGIES INC|MOBIO TECHNOLOGIES INC|MOBIO TECHNOLOGIES INC|MOBIO TECHNOLOGIES INC|MOBIO TECHNOLOGIES INC|MOBIO TECHNOLOGIES INC|MOBIO TECHNOLOGIES INC|MOBIO TECHNOLOGIES INC|MOBIO TECHNOLOGIES INC|MOBIO TECHNOLOGIES INC,BF|CJ|CN|CV|DG|DK|DS|DV|HD|HX|QF|QG|QH|TG|TK|TN|TV|TW,Common Stock,common_stock_name_match,add_coverage_expansion,Active official Stock reference plus OpenFIGI Common Stock issuer-name match.,leave_blank_until_official_sector,leave_blank_until_official_identifier
TSXV::MINE,MINE,TSXV,Inomin Mines Inc.,MINE.V,Inomin Mines Inc.,CA45782J1075,MINE,Inomin Mines Inc.,,tmx_listed_issuers,,Stock,false,false,,TICKER,MINE,18,BBG004MKB6W1|BBG004MKB6Z8|BBG004MKB731|BBG004MKB768|BBG004MKB795|BBG004MKB7B2|BBG004MKB7C1|BBG004MKB7D0|BBG004MKB7H6|BBG004MKB7J4|BBG005XRLXF0|BBG0086KMFR4|BBG0086KMFS3|BBG00DVN4S37|BBG00LN9MBJ9|BBG019LPL2R3|BBG01J14S2P5|BBG01J15HCM5,INOMIN MINES INC|INOMIN MINES INC|INOMIN MINES INC|INOMIN MINES INC|INOMIN MINES INC|INOMIN MINES INC|INOMIN MINES INC|INOMIN MINES INC|INOMIN MINES INC|INOMIN MINES INC|INOMIN MINES INC|INOMIN MINES INC|INOMIN MINES INC|INOMIN MINES INC|INOMIN MINES INC|INOMIN MINES INC|INOMIN MINES INC|INOMIN MINES INC,BF|CJ|CN|CV|DG|DK|DS|DV|HD|HX|QF|QG|QH|TG|TK|TN|TV|TW,Common Stock,common_stock_name_match,add_coverage_expansion,Active official Stock reference plus OpenFIGI Common Stock issuer-name match.,leave_blank_until_official_sector,leave_blank_until_official_identifier
TSXV::NPTH,NPTH,TSXV,NeuPath Health Inc.,NPTH.V,NeuPath Health Inc.,,NPTH,NeuPath Health Inc.,,tmx_listed_issuers,,Stock,false,false,,TICKER,NPTH,18,BBG00Q7B29B6|BBG00R0ZBNF3|BBG00R0ZBNK7|BBG00R0ZBNN4|BBG00R0ZBNR0|BBG00R0ZBNS9|BBG00R0ZBNT8|BBG00R0ZBNV5|BBG00R0ZBNY2|BBG00R0ZBNZ1|BBG00R0ZBP13|BBG00R0ZBP22|BBG00R0ZBP31|BBG00R0ZBP59|BBG00R0ZBPB2|BBG019LPMY01|BBG01J14TY10|BBG01J15K6Y1,NEUPATH HEALTH INC|NEUPATH HEALTH INC|NEUPATH HEALTH INC|NEUPATH HEALTH INC|NEUPATH HEALTH INC|NEUPATH HEALTH INC|NEUPATH HEALTH INC|NEUPATH HEALTH INC|NEUPATH HEALTH INC|NEUPATH HEALTH INC|NEUPATH HEALTH INC|NEUPATH HEALTH INC|NEUPATH HEALTH INC|NEUPATH HEALTH INC|NEUPATH HEALTH INC|NEUPATH HEALTH INC|NEUPATH HEALTH INC|NEUPATH HEALTH INC,BF|CJ|CN|CV|DG|DK|DS|DV|HD|HX|QF|QG|QH|TG|TK|TN|TV|TW,Common Stock,common_stock_name_match,add_coverage_expansion,Active official Stock reference plus OpenFIGI Common Stock issuer-name match.,leave_blank_until_official_sector,leave_blank_until_official_identifier
TSXV::NXG,NXG,TSXV,NexgenRX Inc.,NXG.V,NexgenRx Inc.,,NXG,NexgenRX Inc.,,tmx_listed_issuers,,Stock,false,false,,TICKER,NXG,18,BBG000C04BT5|BBG000C04DG5|BBG000C04G69|BBG000C04J18|BBG000C04KN1|BBG000C04L40|BBG000C04MT1|BBG001QLGJ67|BBG003G85YZ0|BBG004J9VML5|BBG005XRH548|BBG0086KD0M2|BBG0086KD0N1|BBG00DVN12K8|BBG00LN9HMG4|BBG019LPGD31|BBG01J14NCW0|BBG01J15CNV6,NEXGENRX INC|NEXGENRX INC|NEXGENRX INC|NEXGENRX INC|NEXGENRX INC|NEXGENRX INC|NEXGENRX INC|NEXGENRX INC|NEXGENRX INC|NEXGENRX INC|NEXGENRX INC|NEXGENRX INC|NEXGENRX INC|NEXGENRX INC|NEXGENRX INC|NEXGENRX INC|NEXGENRX INC|NEXGENRX INC,BF|CJ|CN|CV|DG|DK|DS|DV|HD|HX|QF|QG|QH|TG|TK|TN|TV|TW,Common Stock,common_stock_name_match,add_coverage_expansion,Active official Stock reference plus OpenFIGI Common Stock issuer-name match.,leave_blank_until_official_sector,leave_blank_until_official_identifier
TSXV::PTC,PTC,TSXV,Petrox Resources Corp.,PTC.V,Petrox Resources Corp.,,PTC,Petrox Resources Corp.,,tmx_listed_issuers,,Stock,false,false,,TICKER,PTC,18,BBG0022SH6Z1|BBG0022SH770|BBG0022SH7G0|BBG0022SH7K5|BBG0022SH7N2|BBG0022SH7P0|BBG0022SH7Q9|BBG0022SH7R8|BBG003G8BZJ8|BBG004J9YT28|BBG005XRLC39|BBG0086KLBT2|BBG0086KLBV9|BBG00DVN46V4|BBG00LN9LS12|BBG019LPKJP9|BBG01J14RJM2|BBG01J15GTK1,PETROX RESOURCES CORP|PETROX RESOURCES CORP|PETROX RESOURCES CORP|PETROX RESOURCES CORP|PETROX RESOURCES CORP|PETROX RESOURCES CORP|PETROX RESOURCES CORP|PETROX RESOURCES CORP|PETROX RESOURCES CORP|PETROX RESOURCES CORP|PETROX RESOURCES CORP|PETROX RESOURCES CORP|PETROX RESOURCES CORP|PETROX RESOURCES CORP|PETROX RESOURCES CORP|PETROX RESOURCES CORP|PETROX RESOURCES CORP|PETROX RESOURCES CORP,BF|CJ|CN|CV|DG|DK|DS|DV|HD|HX|QF|QG|QH|TG|TK|TN|TV|TW,Common Stock,common_stock_name_match,add_coverage_expansion,Active official Stock reference plus OpenFIGI Common Stock issuer-name match.,leave_blank_until_official_sector,leave_blank_until_official_identifier
TSXV::RGI,RGI,TSXV,Reco International Group Inc.,RGI.V,Reco International Group Inc.,,RGI,Reco International Group Inc.,,tmx_listed_issuers,,Stock,false,false,,TICKER,RGI,18,BBG000DW9YG3|BBG000DW9ZL4|BBG000DWB314|BBG000DWB4F7|BBG000DWB608|BBG000DWB6G1|BBG000DWB715|BBG001QLFYR2|BBG003G84W30|BBG004J9TTG9|BBG005XRGBB8|BBG0086KB9D5|BBG0086KB9F3|BBG00DVN08F2|BBG00LN9GT98|BBG019LPFKV5|BBG01J14MKM4|BBG01J15BVL0,RECO INTERNATIONAL GROUP INC|RECO INTERNATIONAL GROUP INC|RECO INTERNATIONAL GROUP INC|RECO INTERNATIONAL GROUP INC|RECO INTERNATIONAL GROUP INC|RECO INTERNATIONAL GROUP INC|RECO INTERNATIONAL GROUP INC|RECO INTERNATIONAL GROUP INC|RECO INTERNATIONAL GROUP INC|RECO INTERNATIONAL GROUP INC|RECO INTERNATIONAL GROUP INC|RECO INTERNATIONAL GROUP INC|RECO INTERNATIONAL GROUP INC|RECO INTERNATIONAL GROUP INC|RECO INTERNATIONAL GROUP INC|RECO INTERNATIONAL GROUP INC|RECO INTERNATIONAL GROUP INC|RECO INTERNATIONAL GROUP INC,BF|CJ|CN|CV|DG|DK|DS|DV|HD|HX|QF|QG|QH|TG|TK|TN|TV|TW,Common Stock,common_stock_name_match,add_coverage_expansion,Active official Stock reference plus OpenFIGI Common Stock issuer-name match.,leave_blank_until_official_sector,leave_blank_until_official_identifier
TSXV::RUM,RUM,TSXV,Rocky Mountain Liquor Inc.,RUM.V,Rocky Mountain Liquor Inc.,,RUM,Rocky Mountain Liquor Inc.,,tmx_listed_issuers,,Stock,false,false,,TICKER,RUM,18,BBG000VBG459|BBG000VBG583|BBG000VBG6G2|BBG000VBG7F1|BBG000VBG841|BBG000VBG8B3|BBG000VBG8H7|BBG001QVVGT9|BBG003G88WH1|BBG004J9XLM4|BBG005XRK5G1|BBG0086KJ108|BBG0086KJ117|BBG00DVN3299|BBG00LN9KM70|BBG019LPJD29|BBG01J14QCV8|BBG01J15FNT6,ROCKY MOUNTAIN LIQUOR INC|ROCKY MOUNTAIN LIQUOR INC|ROCKY MOUNTAIN LIQUOR INC|ROCKY MOUNTAIN LIQUOR INC|ROCKY MOUNTAIN LIQUOR INC|ROCKY MOUNTAIN LIQUOR INC|ROCKY MOUNTAIN LIQUOR INC|ROCKY MOUNTAIN LIQUOR INC|ROCKY MOUNTAIN LIQUOR INC|ROCKY MOUNTAIN LIQUOR INC|ROCKY MOUNTAIN LIQUOR INC|ROCKY MOUNTAIN LIQUOR INC|ROCKY MOUNTAIN LIQUOR INC|ROCKY MOUNTAIN LIQUOR INC|ROCKY MOUNTAIN LIQUOR INC|ROCKY MOUNTAIN LIQUOR INC|ROCKY MOUNTAIN LIQUOR INC|ROCKY MOUNTAIN LIQUOR INC,BF|CJ|CN|CV|DG|DK|DS|DV|HD|HX|QF|QG|QH|TG|TK|TN|TV|TW,Common Stock,common_stock_name_match,add_coverage_expansion,Active official Stock reference plus OpenFIGI Common Stock issuer-name match.,leave_blank_until_official_sector,leave_blank_until_official_identifier
TSXV::SGE,SGE,TSXV,Strategem Capital Corporation,SGE.V,Strategem Capital Corporation,,SGE,Strategem Capital Corporation,,tmx_listed_issuers,,Stock,false,false,,TICKER,SGE,18,BBG000BGXFF5|BBG000BGXGL6|BBG000BGXK28|BBG000BGXL26|BBG000BGXMN1|BBG000BGXMY9|BBG000BGXNH6|BBG001QLC4N5|BBG003G80D72|BBG004J9Q2T7|BBG005XRBL58|BBG0086K2K77|BBG0086K2K86|BBG00DVMWJ65|BBG00LN9C148|BBG019LP9SJ9|BBG01J14HSB5|BBG01J157293,STRATEGEM CAPITAL CORP-A|STRATEGEM CAPITAL CORP-A|STRATEGEM CAPITAL CORP-A|STRATEGEM CAPITAL CORP-A|STRATEGEM CAPITAL CORP-A|STRATEGEM CAPITAL CORP-A|STRATEGEM CAPITAL CORP-A|STRATEGEM CAPITAL CORP-A|STRATEGEM CAPITAL CORP-A|STRATEGEM CAPITAL CORP-A|STRATEGEM CAPITAL CORP-A|STRATEGEM CAPITAL CORP-A|STRATEGEM CAPITAL CORP-A|STRATEGEM CAPITAL CORP-A|STRATEGEM CAPITAL CORP-A|STRATEGEM CAPITAL CORP-A|STRATEGEM CAPITAL CORP-A|STRATEGEM CAPITAL CORP-A,BF|CJ|CN|CV|DG|DK|DS|DV|HD|HX|QF|QG|QH|TG|TK|TN|TV|TW,Common Stock,common_stock_name_match,add_coverage_expansion,Active official Stock reference plus OpenFIGI Common Stock issuer-name match.,leave_blank_until_official_sector,leave_blank_until_official_identifier
TSXV::STE,STE,TSXV,Starr Peak Mining Ltd.,STE.V,Starr Peak Mining Ltd.,,STE,Starr Peak Mining Ltd.,,tmx_listed_issuers,,Stock,false,false,,TICKER,STE,18,BBG000BBHRK2|BBG000BBHST1|BBG000BBHXK9|BBG000BBHZ24|BBG000BBJ0Z3|BBG000BBJ1B7|BBG000BBJ225|BBG001QL9BN3|BBG003G7X5Z4|BBG004J9LYR4|BBG005XR7F47|BBG0086JW1Y9|BBG0086JW1Z8|BBG00DVMSD09|BBG00LN97VY5|BBG019LP6MD1|BBG01J14DM77|BBG01J153X62,STARR PEAK MINING LTD|STARR PEAK MINING LTD|STARR PEAK MINING LTD|STARR PEAK MINING LTD|STARR PEAK MINING LTD|STARR PEAK MINING LTD|STARR PEAK MINING LTD|STARR PEAK MINING LTD|STARR PEAK MINING LTD|STARR PEAK MINING LTD|STARR PEAK MINING LTD|STARR PEAK MINING LTD|STARR PEAK MINING LTD|STARR PEAK MINING LTD|STARR PEAK MINING LTD|STARR PEAK MINING LTD|STARR PEAK MINING LTD|STARR PEAK MINING LTD,BF|CJ|CN|CV|DG|DK|DS|DV|HD|HX|QF|QG|QH|TG|TK|TN|TV|TW,Common Stock,common_stock_name_match,add_coverage_expansion,Active official Stock reference plus OpenFIGI Common Stock issuer-name match.,leave_blank_until_official_sector,leave_blank_until_official_identifier
TSXV::TRS,TRS,TSXV,Tres-Or Resources Ltd.,TRS.V,Tres-Or Resources Ltd.,,TRS,Tres-Or Resources Ltd.,,tmx_listed_issuers,,Stock,false,false,,TICKER,TRS,18,BBG000FQ27F1|BBG000FQ3BT6|BBG000FQ3DD9|BBG000FQ3GT5|BBG000FQ3KK5|BBG000FQ3L96|BBG000FQ3M21|BBG001QLD4L6|BBG003G82FT1|BBG004J9RXX3|BBG005XRDFG7|BBG0086K6861|BBG0086K6870|BBG00DVMYCH6|BBG00LN9DX92|BBG019LPCNV2|BBG01J14KNM0|BBG01J158YL8,TRES-OR RESOURCES LTD|TRES-OR RESOURCES LTD|TRES-OR RESOURCES LTD|TRES-OR RESOURCES LTD|TRES-OR RESOURCES LTD|TRES-OR RESOURCES LTD|TRES-OR RESOURCES LTD|TRES-OR RESOURCES LTD|TRES-OR RESOURCES LTD|TRES-OR RESOURCES LTD|TRES-OR RESOURCES LTD|TRES-OR RESOURCES LTD|TRES-OR RESOURCES LTD|TRES-OR RESOURCES LTD|TRES-OR RESOURCES LTD|TRES-OR RESOURCES LTD|TRES-OR RESOURCES LTD|TRES-OR RESOURCES LTD,BF|CJ|CN|CV|DG|DK|DS|DV|HD|HX|QF|QG|QH|TG|TK|TN|TV|TW,Common Stock,common_stock_name_match,add_coverage_expansion,Active official Stock reference plus OpenFIGI Common Stock issuer-name match.,leave_blank_until_official_sector,leave_blank_until_official_identifier
TSXV::TTS,TTS,TSXV,Tintina Mines Ltd.,TTS.V,Tintina Mines Limited,,TTS,Tintina Mines Ltd.,,tmx_listed_issuers,,Stock,false,false,,TICKER,TTS,18,BBG000BFDKM0|BBG000BFDMP3|BBG000BFDP94|BBG000BFDQ65|BBG000BFDS16|BBG000BFDS70|BBG000BFDT05|BBG001QLB2H7|BBG003G7YFF3|BBG004J9N602|BBG005XR8ND9|BBG0086JYNZ8|BBG0086JYP01|BBG00DVMTM80|BBG00LN993M8|BBG019LP7W20|BBG01J14FVX6|BBG01J1554W5,TINTINA MINES LTD|TINTINA MINES LTD|TINTINA MINES LTD|TINTINA MINES LTD|TINTINA MINES LTD|TINTINA MINES LTD|TINTINA MINES LTD|TINTINA MINES LTD|TINTINA MINES LTD|TINTINA MINES LTD|TINTINA MINES LTD|TINTINA MINES LTD|TINTINA MINES LTD|TINTINA MINES LTD|TINTINA MINES LTD|TINTINA MINES LTD|TINTINA MINES LTD|TINTINA MINES LTD,BF|CJ|CN|CV|DG|DK|DS|DV|HD|HX|QF|QG|QH|TG|TK|TN|TV|TW,Common Stock,common_stock_name_match,add_coverage_expansion,Active official Stock reference plus OpenFIGI Common Stock issuer-name match.,leave_blank_until_official_sector,leave_blank_until_official_identifier
TSXV::WINS,WINS,TSXV,Winshear Gold Corp.,WINS.V,Winshear Gold Corp.,,WINS,Winshear Gold Corp.,,tmx_listed_issuers,,Stock,false,false,,TICKER,WINS,0,,,,Common Stock,common_stock_name_mismatch,blocked_openfigi_name_mismatch,"OpenFIGI returned Common Stock results, but none matched the official issuer name.",leave_blank_until_official_sector,leave_blank_until_official_identifier
TSXV::WMK,WMK,TSXV,Whitemud Resources Inc.,WMK.V,Whitemud Resources Inc.,,WMK,Whitemud Resources Inc.,,tmx_listed_issuers,,Stock,false,false,,TICKER,WMK,18,BBG000R00J89|BBG000R00KC1|BBG000R00L39|BBG000R00LN7|BBG000R00M37|BBG000R00M73|BBG000R00N08|BBG001QLHW49|BBG003G88553|BBG004J9X4J6|BBG005XRJPF0|BBG0086KH379|BBG0086KH388|BBG00DVN2M78|BBG00LN9K531|BBG019LPHXX3|BBG01J14PXP0|BBG01J15F6N9,WHITEMUD RESOURCES INC|WHITEMUD RESOURCES INC|WHITEMUD RESOURCES INC|WHITEMUD RESOURCES INC|WHITEMUD RESOURCES INC|WHITEMUD RESOURCES INC|WHITEMUD RESOURCES INC|WHITEMUD RESOURCES INC|WHITEMUD RESOURCES INC|WHITEMUD RESOURCES INC|WHITEMUD RESOURCES INC|WHITEMUD RESOURCES INC|WHITEMUD RESOURCES INC|WHITEMUD RESOURCES INC|WHITEMUD RESOURCES INC|WHITEMUD RESOURCES INC|WHITEMUD RESOURCES INC|WHITEMUD RESOURCES INC,BF|CJ|CN|CV|DG|DK|DS|DV|HD|HX|QF|QG|QH|TG|TK|TN|TV|TW,Common Stock,common_stock_name_match,add_coverage_expansion,Active official Stock reference plus OpenFIGI Common Stock issuer-name match.,leave_blank_until_official_sector,leave_blank_until_official_identifier
XETRA::1MU,1MU,XETRA,"MURPHY USA INC.    DL-,01",1MU.F,Murphy USA Inc.,,1MU,"MURPHY USA INC.    DL-,01",US6267551025,deutsche_boerse_xetra_all_tradable_equities,,Stock,false,false,,ID_ISIN,US6267551025,80,BBG001Z0Q6T5|BBG004YZZYZ5|BBG004YZZZ00|BBG004YZZZ28|BBG004YZZZ37|BBG004YZZZ55|BBG004YZZZ64|BBG004YZZZ73|BBG004YZZZ82|BBG004YZZZG3|BBG004YZZZK8|BBG004YZZZL7|BBG004YZZZM6|BBG004YZZZN5|BBG0056L9XP6|BBG0056L9XQ5|BBG0056L9XR4|BBG0056L9XT2|BBG00DJGTSW7|BBG00JZD1ZD8|BBG00JZD1ZF6|BBG00JZD1ZH4|BBG00JZD1ZK0|BBG00JZD1ZM8|BBG00JZD1ZN7|BBG00JZD1ZP5|BBG00JZD1ZQ4|BBG00JZD1ZR3|BBG00JZD1ZW7|BBG00JZD1ZX6|BBG00JZD1ZY5|BBG00JZD2008|BBG00JZD2017|BBG00JZD2026|BBG00JZD2053|BBG00JZD2062|BBG00JZD2071|BBG00JZD2099|BBG00QFZV4F9|BBG00RYHL430|BBG00RYHL458|BBG00RYHL476|BBG00RYHL485|BBG00RYHL4B1|BBG00RYHL4F7|BBG00RYHL4H5|BBG00RYHL4J3|BBG00RYHL4K1|BBG00RYHL4L0|BBG00RYHL4M9|BBG00RYHL4R4|BBG00RYHL4S3|BBG00RYHL4V9|BBG00RYHL4W8|BBG00RYHL4Y6|BBG00RYHL500|BBG00RYHL519|BBG00RYHL528|BBG00RYHL555|BBG00RYHL591|BBG00THGZWM9|BBG00X1P3RV3|BBG00X1SK555|BBG00Y2GB521|BBG00Y2GB549|BBG00YLQ81Y6|BBG01777B4B7|BBG017PFTML9|BBG018H99DX9|BBG018J2YFQ7|BBG019VN5TK3|BBG01JY8GSD9|BBG01M4XPRQ8|BBG01M4XPRR7|BBG01M4XPRS6|BBG01TNYL1V5|BBG01TNYL225|BBG01V7YXGF0|BBG01X4M6G01|BBG021C05MW2,MURPHY USA INC|MURPHY USA INC|MURPHY USA INC|MURPHY USA INC|MURPHY USA INC|MURPHY USA INC|MURPHY USA INC|MURPHY USA INC|MURPHY USA INC|MURPHY USA INC|MURPHY USA INC|MURPHY USA INC|MURPHY USA INC|MURPHY USA INC|MURPHY USA INC|MURPHY USA INC|MURPHY USA INC|MURPHY USA INC|MURPHY USA INC|MURPHY USA INC|MURPHY USA INC|MURPHY USA INC|MURPHY USA INC|MURPHY USA INC|MURPHY USA INC|MURPHY USA INC|MURPHY USA INC|MURPHY USA INC|MURPHY USA INC|MURPHY USA INC|MURPHY USA INC|MURPHY USA INC|MURPHY USA INC|MURPHY USA INC|MURPHY USA INC|MURPHY USA INC|MURPHY USA INC|MURPHY USA INC|MURPHY USA INC|MURPHY USA INC|MURPHY USA INC|MURPHY USA INC|MURPHY USA INC|MURPHY USA INC|MURPHY USA INC|MURPHY USA INC|MURPHY USA INC|MURPHY USA INC|MURPHY USA INC|MURPHY USA INC|MURPHY USA INC|MURPHY USA INC|MURPHY USA INC|MURPHY USA INC|MURPHY USA INC|MURPHY USA INC|MURPHY USA INC|MURPHY USA INC|MURPHY USA INC|MURPHY USA INC|MURPHY USA INC|MURPHY USA INC|MURPHY USA INC|MURPHY USA INC|MURPHY USA INC|MURPHY USA INC|MURPHY USA INC|MURPHY USA INC|MURPHY USA INC|MURPHY USA INC|MURPHY USA INC|MURPHY USA INC|MURPHY USA INC|MURPHY USA INC|MURPHY USA INC|MURPHY USA INC|MURPHY USA INC|MURPHY USA INC|MURPHY USA INC|MURPHY USA INC,BW|E1|EP|EU|EZ|GD|GF|GR|GS|GZ|LA|LU|MF|MM|MU|OC|OD|QT|SW|TH|UA|UB|UC|UD|UF|UM|UN|UP|US|UT|UX|VF|VG|VJ|VK|VL|VP|VT|VY|X1|X2|X9|XA|XB|XE|XF|XG|XH|XJ|XL|XO|XQ|XS|XU|XV|XW|XX|XZ,Common Stock,common_stock_name_match,add_coverage_expansion,Active official Stock reference plus OpenFIGI Common Stock issuer-name match.,leave_blank_until_official_sector,use_official_reference
XETRA::F03,F03,XETRA,"FORTIVE CORP.      DL-,01",F03.DE,"FORTIVE CORP.  DL-,01",,F03,"FORTIVE CORP.      DL-,01",US34959J1088,deutsche_boerse_xetra_all_tradable_equities,,Stock,false,true,LSE:0IRE:Stock|NYSE:FTV:Stock,ID_ISIN,US34959J1088,108,BBG00BLVZ228|BBG00BLVZ255|BBG00BLVZ264|BBG00BLVZ282|BBG00BLVZ291|BBG00BLVZ2C7|BBG00BLVZ2D6|BBG00BLVZ2F4|BBG00BLVZ2G3|BBG00BLVZ2M6|BBG00BLVZ2Q2|BBG00BLVZ2R1|BBG00BLVZ2S0|BBG00BLVZ2T9|BBG00D8RT7B4|BBG00D8RT7F0|BBG00D8RT7H8|BBG00D8RT7K4|BBG00D8RT7L3|BBG00D8RT7M2|BBG00D8RT7N1|BBG00D8RT7P9|BBG00D8RT7T5|BBG00D8RT7V2|BBG00D8RT7W1|BBG00D8RT7Y9|BBG00D8RT7Z8|BBG00D8RT804|BBG00D8RT831|BBG00D9NKRM5|BBG00D9NKRN4|BBG00D9NKRP2|BBG00D9NKRQ1|BBG00D9NKRR0|BBG00D9NKRS9|BBG00D9NKRW4|BBG00D9PFM47|BBG00D9PFM56|BBG00DB0J7K0|BBG00DB5B4X0|BBG00DJH21Y1|BBG00JN8J6Q3|BBG00JPW2V63|BBG00JPW2V72|BBG00JPW2V90|BBG00JPW2VC6|BBG00JPW2VF3|BBG00JPW2VG2|BBG00JPW2VH1|BBG00JPW2VJ9|BBG00JPW2VK7|BBG00JPW2VP2|BBG00JPW2VQ1|BBG00JPW2VR0|BBG00JPW2VT8|BBG00JPW2VV5|BBG00JPW2VW4|BBG00JPW2VZ1|BBG00JPW2W07|BBG00JPW2W16|BBG00JPW2W34|BBG00JRY8GL7|BBG00JSKSTV5|BBG00JSKX0R7|BBG00JSKYR06|BBG00JX0QM68|BBG00JX9TBR7|BBG00JX9TBS6|BBG00JX9TBV2|BBG00JX9TBX0|BBG00JX9TBZ8|BBG00JX9TC04|BBG00JX9TC13|BBG00JX9TC22|BBG00JX9TC31|BBG00JX9TC77|BBG00JX9TC86|BBG00JX9TC95|BBG00JX9TCC1|BBG00JX9TCD0|BBG00JX9TCF8|BBG00JX9TCJ4|BBG00JX9TCK2|BBG00JX9TCL1|BBG00JX9TCN9|BBG00LVDGWW7|BBG00LVDGX37|BBG00PQ09TJ2|BBG00PQ09TL9|BBG00PQ09TN7|BBG00PQ09TQ4|BBG00PV29611|BBG00Q6SF089|BBG00QFZC4C3|BBG00QFZLMK4|BBG00QFZSJG9|BBG00THH6QN1|BBG00X1PBL83|BBG00X1SRZN2|BBG00Y7B3QQ4|BBG00YJ9XM64|BBG00Z5YVV09|BBG018H9GP46|BBG018J33PW0|BBG01TNWJPM9|BBG01TNWJPP6|BBG01V7Z4JT8|BBG01X4MFJK3,FORTIVE CORP|FORTIVE CORP|FORTIVE CORP|FORTIVE CORP|FORTIVE CORP|FORTIVE CORP|FORTIVE CORP|FORTIVE CORP|FORTIVE CORP|FORTIVE CORP|FORTIVE CORP|FORTIVE CORP|FORTIVE CORP|FORTIVE CORP|FORTIVE CORP|FORTIVE CORP|FORTIVE CORP|FORTIVE CORP|FORTIVE CORP|FORTIVE CORP|FORTIVE CORP|FORTIVE CORP|FORTIVE CORP|FORTIVE CORP|FORTIVE CORP|FORTIVE CORP|FORTIVE CORP|FORTIVE CORP|FORTIVE CORP|FORTIVE CORP|FORTIVE CORP|FORTIVE CORP|FORTIVE CORP|FORTIVE CORP|FORTIVE CORP|FORTIVE CORP|FORTIVE CORP|FORTIVE CORP|FORTIVE CORP|FORTIVE CORP|FORTIVE CORP|FORTIVE CORP|FORTIVE CORP|FORTIVE CORP|FORTIVE CORP|FORTIVE CORP|FORTIVE CORP|FORTIVE CORP|FORTIVE CORP|FORTIVE CORP|FORTIVE CORP|FORTIVE CORP|FORTIVE CORP|FORTIVE CORP|FORTIVE CORP|FORTIVE CORP|FORTIVE CORP|FORTIVE CORP|FORTIVE CORP|FORTIVE CORP|FORTIVE CORP|FORTIVE CORP|FORTIVE CORP|FORTIVE CORP|FORTIVE CORP|FORTIVE CORP|FORTIVE CORP|FORTIVE CORP|FORTIVE CORP|FORTIVE CORP|FORTIVE CORP|FORTIVE CORP|FORTIVE CORP|FORTIVE CORP|FORTIVE CORP|FORTIVE CORP|FORTIVE CORP|FORTIVE CORP|FORTIVE CORP|FORTIVE CORP|FORTIVE CORP|FORTIVE CORP|FORTIVE CORP|FORTIVE CORP|FORTIVE CORP|FORTIVE CORP|FORTIVE CORP|FORTIVE CORP|FORTIVE CORP|FORTIVE CORP|FORTIVE CORP|FORTIVE CORP|FORTIVE CORP|FORTIVE CORP|FORTIVE CORP|FORTIVE CORP|FORTIVE CORP|FORTIVE CORP|FORTIVE CORP|FORTIVE CORP|FORTIVE CORP|FORTIVE CORP|FORTIVE CORP|FORTIVE CORP|FORTIVE CORP|FORTIVE CORP|FORTIVE CORP|FORTIVE CORP,B3|BW|E1|EO|EP|EU|EZ|GD|GF|GI|GM|GR|GS|GY|GZ|IF|IM|L1|L3|LA|LN|LU|MF|MM|MU|OC|OD|PO|QT|SW|TH|UA|UB|UC|UD|UF|UM|UN|UP|US|UT|UX|VF|VG|VJ|VK|VL|VP|VY|X1|X2|X9|XA|XB|XE|XF|XG|XH|XJ|XL|XO|XQ|XS|XU|XV|XW|XX|XZ,Common Stock,common_stock_name_match,add_coverage_expansion,Active official Stock reference plus OpenFIGI Common Stock issuer-name match.,leave_blank_until_official_sector,use_official_reference
XETRA::F1EF,F1EF,XETRA,FIDELITY NATL FINL. FNF,F1EF.F,FIDELITY NATL FINL. FNF,,F1EF,FIDELITY NATL FINL. FNF,US31620R3030,deutsche_boerse_xetra_all_tradable_equities,,Stock,false,true,NYSE:FNF:Stock,ID_ISIN,US31620R3030,0,,,,Common Stock,common_stock_name_mismatch,blocked_openfigi_name_mismatch,"OpenFIGI returned Common Stock results, but none matched the official issuer name.",leave_blank_until_official_sector,use_official_reference
XETRA::KTF,KTF,XETRA,MONDELEZ INTL INC. A,KTF.DE,MONDELEZ INTL INC. A,,KTF,MONDELEZ INTL INC. A,US6092071058,deutsche_boerse_xetra_all_tradable_equities,,Stock,false,true,LSE:0R0G:Stock|NASDAQ:MDLZ:Stock,ID_ISIN,US6092071058,0,,,,Common Stock,common_stock_name_mismatch,blocked_openfigi_name_mismatch,"OpenFIGI returned Common Stock results, but none matched the official issuer name.",leave_blank_until_official_sector,use_official_reference
XETRA::LXI,LXI,XETRA,"LENNOX INTL INC.   DL-,01",LXI.DE,"LENNOX INTL INC.  DL-,01",,LXI,"LENNOX INTL INC.   DL-,01",US5261071071,deutsche_boerse_xetra_all_tradable_equities,,Stock,false,true,NYSE:LII:Stock,ID_ISIN,US5261071071,0,,,,Common Stock,common_stock_name_mismatch,blocked_openfigi_name_mismatch,"OpenFIGI returned Common Stock results, but none matched the official issuer name.",leave_blank_until_official_sector,use_official_reference
XETRA::M4M1,M4M1,XETRA,"MILLICOM INTL CELL. DL1,5",M4M1.F,"MILLICOM INTL CELL. DL1,5",,M4M1,"MILLICOM INTL CELL. DL1,5",LU0038705702,deutsche_boerse_xetra_all_tradable_equities,,Stock,false,true,NASDAQ:TIGO:Stock,ID_ISIN,LU0038705702,70,BBG000BQBFQ5|BBG000BQBG29|BBG000BQBGZ3|BBG000BQBHH1|BBG000BQBHX3|BBG000BQBL91|BBG000BQBMG1|BBG000BQBMW3|BBG000BQBS96|BBG000BQBT49|BBG000BQBTR4|BBG000BQBV44|BBG000BQBVM4|BBG000BQBW06|BBG000BV3YC7|BBG000BV3YM6|BBG000BV3ZH9|BBG000BV4272|BBG000BV4334|BBG000F9KQ85|BBG00DJDNDZ0|BBG00RD9QYF7|BBG00RD9QYG6|BBG00RD9QYJ3|BBG00RD9QYL0|BBG00RD9QYN8|BBG00RD9QYP6|BBG00RD9QYQ5|BBG00RD9QYR4|BBG00RD9QYS3|BBG00RD9QYX7|BBG00RD9QYY6|BBG00RD9QZ00|BBG00RD9QZ19|BBG00RD9QZ37|BBG00RD9QZ55|BBG00RD9QZ64|BBG00RD9QZ73|BBG00RD9QZ91|BBG00RD9QZD6|BBG00THDW0M9|BBG00TR6Z7Q1|BBG00TR6Z7S9|BBG00TR6Z7T8|BBG00TR6Z7V5|BBG00TR6Z7X3|BBG00TR6Z7Z1|BBG00TR6Z816|BBG00TR6Z825|BBG00TR6Z834|BBG00TR6Z843|BBG00TR6Z852|BBG00TR6Z898|BBG00TR6Z8B5|BBG00TR6Z8D3|BBG00TR6Z8F1|BBG00TR6Z8H9|BBG00TR6Z8K5|BBG00TR6Z8L4|BBG00TR6Z8M3|BBG00TR6Z8P0|BBG00TR6Z8R8|BBG00X1LZTJ7|BBG00X1QF3C2|BBG00X5V71M9|BBG00X5V71R4|BBG01JLCHKS4|BBG01V7WSFZ0|BBG021C1P8F8|BBG021DFJ0V2,MILLICOM INTL CELLULAR S.A.|MILLICOM INTL CELLULAR S.A.|MILLICOM INTL CELLULAR S.A.|MILLICOM INTL CELLULAR S.A.|MILLICOM INTL CELLULAR S.A.|MILLICOM INTL CELLULAR S.A.|MILLICOM INTL CELLULAR S.A.|MILLICOM INTL CELLULAR S.A.|MILLICOM INTL CELLULAR S.A.|MILLICOM INTL CELLULAR S.A.|MILLICOM INTL CELLULAR S.A.|MILLICOM INTL CELLULAR S.A.|MILLICOM INTL CELLULAR S.A.|MILLICOM INTL CELLULAR S.A.|MILLICOM INTL CELLULAR S.A.|MILLICOM INTL CELLULAR S.A.|MILLICOM INTL CELLULAR S.A.|MILLICOM INTL CELLULAR S.A.|MILLICOM INTL CELLULAR S.A.|MILLICOM INTL CELLULAR S.A.|MILLICOM INTL CELLULAR S.A.|MILLICOM INTL CELLULAR S.A.|MILLICOM INTL CELLULAR S.A.|MILLICOM INTL CELLULAR S.A.|MILLICOM INTL CELLULAR S.A.|MILLICOM INTL CELLULAR S.A.|MILLICOM INTL CELLULAR S.A.|MILLICOM INTL CELLULAR S.A.|MILLICOM INTL CELLULAR S.A.|MILLICOM INTL CELLULAR S.A.|MILLICOM INTL CELLULAR S.A.|MILLICOM INTL CELLULAR S.A.|MILLICOM INTL CELLULAR S.A.|MILLICOM INTL CELLULAR S.A.|MILLICOM INTL CELLULAR S.A.|MILLICOM INTL CELLULAR S.A.|MILLICOM INTL CELLULAR S.A.|MILLICOM INTL CELLULAR S.A.|MILLICOM INTL CELLULAR S.A.|MILLICOM INTL CELLULAR S.A.|MILLICOM INTL CELLULAR S.A.|MILLICOM INTL CELLULAR S.A.|MILLICOM INTL CELLULAR S.A.|MILLICOM INTL CELLULAR S.A.|MILLICOM INTL CELLULAR S.A.|MILLICOM INTL CELLULAR S.A.|MILLICOM INTL CELLULAR S.A.|MILLICOM INTL CELLULAR S.A.|MILLICOM INTL CELLULAR S.A.|MILLICOM INTL CELLULAR S.A.|MILLICOM INTL CELLULAR S.A.|MILLICOM INTL CELLULAR S.A.|MILLICOM INTL CELLULAR S.A.|MILLICOM INTL CELLULAR S.A.|MILLICOM INTL CELLULAR S.A.|MILLICOM INTL CELLULAR S.A.|MILLICOM INTL CELLULAR S.A.|MILLICOM INTL CELLULAR S.A.|MILLICOM INTL CELLULAR S.A.|MILLICOM INTL CELLULAR S.A.|MILLICOM INTL CELLULAR S.A.|MILLICOM INTL CELLULAR S.A.|MILLICOM INTL CELLULAR S.A.|MILLICOM INTL CELLULAR S.A.|MILLICOM INTL CELLULAR S.A.|MILLICOM INTL CELLULAR S.A.|MILLICOM INTL CELLULAR S.A.|MILLICOM INTL CELLULAR S.A.|MILLICOM INTL CELLULAR S.A.|MILLICOM INTL CELLULAR S.A.,E1|EP|EU|EZ|GF|GH|GI|GR|GS|GZ|OC|QT|TH|UA|UB|UC|UD|UF|UM|UN|UP|US|UW|UX|VF|VG|VJ|VK|VL|VP|VT|VY|X1|X2|XA|XE|XF|XG|XH|XJ|XL|XO|XQ|XS|XU|XV|XW|XX|XZ,Common Stock,common_stock_name_match,add_coverage_expansion,Active official Stock reference plus OpenFIGI Common Stock issuer-name match.,leave_blank_until_official_sector,use_official_reference
XETRA::ML2,ML2,XETRA,MING LE SPORTS AG,ML2.F,Ming Le Sports AG,,ML2,MING LE SPORTS AG,DE000A2LQ728,deutsche_boerse_listed_companies,,Stock,false,false,,ID_ISIN,DE000A2LQ728,27,BBG0035PVSN1|BBG0035PVSP9|BBG0035PVSQ8|BBG0038CLFN6|BBG0038CLFR2|BBG0038CLFT0|BBG0038CLFW6|BBG0038CLFX5|BBG0038CLFY4|BBG0038CLFZ3|BBG0038CLG09|BBG0038CLG45|BBG0038CLG54|BBG0038CLG63|BBG0038CLG81|BBG0038CLG90|BBG004TP8M07|BBG005924MH3|BBG006T6JXB6|BBG006T9V5K7|BBG008H04YC1|BBG00JN826C6|BBG00LN7J0G4|BBG00PQ0NMQ3|BBG00PQ0NMS1|BBG00QFYX0Q6|BBG00Y924H90,MING LE SPORTS AG|MING LE SPORTS AG|MING LE SPORTS AG|MING LE SPORTS AG|MING LE SPORTS AG|MING LE SPORTS AG|MING LE SPORTS AG|MING LE SPORTS AG|MING LE SPORTS AG|MING LE SPORTS AG|MING LE SPORTS AG|MING LE SPORTS AG|MING LE SPORTS AG|MING LE SPORTS AG|MING LE SPORTS AG|MING LE SPORTS AG|MING LE SPORTS AG|MING LE SPORTS AG|MING LE SPORTS AG|MING LE SPORTS AG|MING LE SPORTS AG|MING LE SPORTS AG|MING LE SPORTS AG|MING LE SPORTS AG|MING LE SPORTS AG|MING LE SPORTS AG|MING LE SPORTS AG,B3|E1|EO|EP|EU|EZ|GD|GF|GR|L1|L3|LN|PO|X1|XA|XE|XF|XG|XH|XJ|XL|XO|XS|XU|XV|XW|XX,Common Stock,common_stock_name_match,add_coverage_expansion,Active official Stock reference plus OpenFIGI Common Stock issuer-name match.,leave_blank_until_official_sector,use_official_reference
XETRA::PIT,PIT,XETRA,PITTLER MASCHINENFABRIK AG,PIT.F,Pittler Maschinenfabrik AG,,PIT,PITTLER MASCHINENFABRIK AG,DE0006925001,deutsche_boerse_listed_companies,,Stock,false,false,,ID_ISIN,DE0006925001,30,BBG000BDCHY0|BBG000BDCJW8|BBG000BDCL80|BBG000BDCLW3|BBG000BDCPY2|BBG000DDKL98|BBG000DDMQC1|BBG000DDMQW9|BBG000DDMR93|BBG000DDMRX6|BBG000DDMT08|BBG000DDMTF2|BBG000DDMTS8|BBG000DDMVB1|BBG000DDMY34|BBG000DDMYL4|BBG000DDMYR8|BBG000DDMZJ4|BBG000DDN0W5|BBG00591HDB7|BBG006T9S9S5|BBG006TBKQ37|BBG008H09KF3|BBG00JN7F180|BBG00Q53TJ43|BBG00Q53WT01|BBG00QFY7R31|BBG00Y92LK12|BBG012GNM8C1|BBG01MC0DLX9,PITTLER MASCHINENFABRIK AG|PITTLER MASCHINENFABRIK AG|PITTLER MASCHINENFABRIK AG|PITTLER MASCHINENFABRIK AG|PITTLER MASCHINENFABRIK AG|PITTLER MASCHINENFABRIK AG|PITTLER MASCHINENFABRIK AG|PITTLER MASCHINENFABRIK AG|PITTLER MASCHINENFABRIK AG|PITTLER MASCHINENFABRIK AG|PITTLER MASCHINENFABRIK AG|PITTLER MASCHINENFABRIK AG|PITTLER MASCHINENFABRIK AG|PITTLER MASCHINENFABRIK AG|PITTLER MASCHINENFABRIK AG|PITTLER MASCHINENFABRIK AG|PITTLER MASCHINENFABRIK AG|PITTLER MASCHINENFABRIK AG|PITTLER MASCHINENFABRIK AG|PITTLER MASCHINENFABRIK AG|PITTLER MASCHINENFABRIK AG|PITTLER MASCHINENFABRIK AG|PITTLER MASCHINENFABRIK AG|PITTLER MASCHINENFABRIK AG|PITTLER MASCHINENFABRIK AG|PITTLER MASCHINENFABRIK AG|PITTLER MASCHINENFABRIK AG|PITTLER MASCHINENFABRIK AG|PITTLER MASCHINENFABRIK AG|PITTLER MASCHINENFABRIK AG,B3|E1|EO|EP|EU|EZ|GD|GF|GH|GR|GS|L1|L3|LN|PO|QT|X1|XA|XC|XE|XF|XG|XH|XJ|XL|XO|XS|XV|XW|XX,Common Stock,common_stock_name_match,add_coverage_expansion,Active official Stock reference plus OpenFIGI Common Stock issuer-name match.,leave_blank_until_official_sector,use_official_reference
XETRA::PKB,PKB,XETRA,PARK U.BELLHEIMER AG O.N.,PKB.F,Park & Bellheimer AG,CA70470T1003,PKB,PARK U.BELLHEIMER AG O.N.,DE0006902000,deutsche_boerse_listed_companies,,Stock,false,false,,ID_ISIN,DE0006902000,28,BBG000BD48F0|BBG000BD48W1|BBG000BD49R5|BBG000BD4BJ9|BBG000D96ZW6|BBG000D971T4|BBG000D97258|BBG000D972L0|BBG000D973L8|BBG000D97445|BBG000D974C6|BBG000D974H1|BBG000D974T8|BBG000D976J4|BBG000D98854|BBG000D99B83|BBG000D99C09|BBG000D99CM5|BBG000D99DB5|BBG00591GGF7|BBG006T9S969|BBG006TBKPK0|BBG008H09LK5|BBG00JN7D3D2|BBG00Q53TJ61|BBG00Q53WT38|BBG00QFY6T65|BBG00Y92LMN4,PARK & BELLHEIMER AG|PARK & BELLHEIMER AG|PARK & BELLHEIMER AG|PARK & BELLHEIMER AG|PARK & BELLHEIMER AG|PARK & BELLHEIMER AG|PARK & BELLHEIMER AG|PARK & BELLHEIMER AG|PARK & BELLHEIMER AG|PARK & BELLHEIMER AG|PARK & BELLHEIMER AG|PARK & BELLHEIMER AG|PARK & BELLHEIMER AG|PARK & BELLHEIMER AG|PARK & BELLHEIMER AG|PARK & BELLHEIMER AG|PARK & BELLHEIMER AG|PARK & BELLHEIMER AG|PARK & BELLHEIMER AG|PARK & BELLHEIMER AG|PARK & BELLHEIMER AG|PARK & BELLHEIMER AG|PARK & BELLHEIMER AG|PARK & BELLHEIMER AG|PARK & BELLHEIMER AG|PARK & BELLHEIMER AG|PARK & BELLHEIMER AG|PARK & BELLHEIMER AG,B3|E1|EO|EP|EU|EZ|GD|GF|GR|GS|L1|L3|PO|X1|XA|XC|XE|XF|XG|XH|XJ|XL|XO|XS|XT|XV|XW|XX,Common Stock,common_stock_name_match,add_coverage_expansion,Active official Stock reference plus OpenFIGI Common Stock issuer-name match.,leave_blank_until_official_sector,use_official_reference
XETRA::RKB,RKB,XETRA,WEBAC HOLDING AG,RKB.F,Webac Holding AG,,RKB,WEBAC HOLDING AG,DE0008103102,deutsche_boerse_listed_companies,,Stock,false,false,,ID_ISIN,DE0008103102,27,BBG000BFJW75|BBG000BFJWP5|BBG000BFJY26|BBG000DNQPL7|BBG000DNQR60|BBG000DNQS95|BBG000DNRV33|BBG000DNRW40|BBG000DNRWX8|BBG000DNRXF6|BBG000DNRY37|BBG000DNRY73|BBG000DNRZY0|BBG000DNS0J3|BBG000DNS138|BBG000DNS2F3|BBG000DNS370|BBG00591KX74|BBG006T6HCM2|BBG006T9SPY2|BBG008H0D3X6|BBG00JN7HK04|BBG00Q53TKN9|BBG00Q53WWM0|BBG00QFYB7V9|BBG00Y92RN56|BBG012GNMXQ1,WEBAC HOLDING AG|WEBAC HOLDING AG|WEBAC HOLDING AG|WEBAC HOLDING AG|WEBAC HOLDING AG|WEBAC HOLDING AG|WEBAC HOLDING AG|WEBAC HOLDING AG|WEBAC HOLDING AG|WEBAC HOLDING AG|WEBAC HOLDING AG|WEBAC HOLDING AG|WEBAC HOLDING AG|WEBAC HOLDING AG|WEBAC HOLDING AG|WEBAC HOLDING AG|WEBAC HOLDING AG|WEBAC HOLDING AG|WEBAC HOLDING AG|WEBAC HOLDING AG|WEBAC HOLDING AG|WEBAC HOLDING AG|WEBAC HOLDING AG|WEBAC HOLDING AG|WEBAC HOLDING AG|WEBAC HOLDING AG|WEBAC HOLDING AG,B3|E1|EO|EP|EU|EZ|GD|GF|GR|L1|L3|LN|PO|X1|XA|XC|XE|XF|XG|XH|XJ|XL|XO|XS|XV|XW|XX,Common Stock,common_stock_name_match,add_coverage_expansion,Active official Stock reference plus OpenFIGI Common Stock issuer-name match.,leave_blank_until_official_sector,use_official_reference
XETRA::SGU,SGU,XETRA,SINO-GERMAN UNITED AG O.N.,SGU.F,Sino-German United AG,,SGU,SINO-GERMAN UNITED AG O.N.,DE000SGU8886,deutsche_boerse_listed_companies,,Stock,false,false,,ID_ISIN,DE000SGU8886,31,BBG000BFWQR1|BBG000BFWR80|BBG000BFWRK6|BBG000BFWSP9|BBG000BFWSZ8|BBG000BFWVM5|BBG000MZVR30|BBG000MZWVR4|BBG000MZWVZ5|BBG000MZWWX5|BBG000MZWY07|BBG000MZWYK5|BBG000MZWZ68|BBG000MZWZF8|BBG000MZX108|BBG000MZY4X5|BBG000MZY5C5|BBG000MZY651|BBG000MZY6R7|BBG000MZY704|BBG000MZY8V8|BBG00591KNL0|BBG006T9R6J2|BBG006TBK640|BBG008GZPJ35|BBG00JN7H9D5|BBG00NRVY6X4|BBG00PQ0VVM8|BBG00PQ0VVP5|BBG00QFYB071|BBG00Y92Y593,SINO-GERMAN UNITED AG|SINO-GERMAN UNITED AG|SINO-GERMAN UNITED AG|SINO-GERMAN UNITED AG|SINO-GERMAN UNITED AG|SINO-GERMAN UNITED AG|SINO-GERMAN UNITED AG|SINO-GERMAN UNITED AG|SINO-GERMAN UNITED AG|SINO-GERMAN UNITED AG|SINO-GERMAN UNITED AG|SINO-GERMAN UNITED AG|SINO-GERMAN UNITED AG|SINO-GERMAN UNITED AG|SINO-GERMAN UNITED AG|SINO-GERMAN UNITED AG|SINO-GERMAN UNITED AG|SINO-GERMAN UNITED AG|SINO-GERMAN UNITED AG|SINO-GERMAN UNITED AG|SINO-GERMAN UNITED AG|SINO-GERMAN UNITED AG|SINO-GERMAN UNITED AG|SINO-GERMAN UNITED AG|SINO-GERMAN UNITED AG|SINO-GERMAN UNITED AG|SINO-GERMAN UNITED AG|SINO-GERMAN UNITED AG|SINO-GERMAN UNITED AG|SINO-GERMAN UNITED AG|SINO-GERMAN UNITED AG,B3|E1|EO|EP|EU|EZ|GD|GF|GH|GM|GR|GS|L1|L3|LN|PO|X1|XA|XC|XE|XF|XG|XH|XJ|XL|XO|XS|XT|XV|XW|XX,Common Stock,common_stock_name_match,add_coverage_expansion,Active official Stock reference plus OpenFIGI Common Stock issuer-name match.,leave_blank_until_official_sector,use_official_reference
XETRA::VS3,VS3,XETRA,"VSE CORP.          DL-,05",VS3.F,"VSE CORP.  DL-,05",,VS3,"VSE CORP.          DL-,05",US9182841000,deutsche_boerse_xetra_all_tradable_equities,,Stock,false,true,NASDAQ:VSEC:Stock,ID_ISIN,US9182841000,67,BBG000BWJYL8|BBG000BWJZ17|BBG000BWJZN3|BBG000BWK058|BBG000BWK0G6|BBG000BWK1N6|BBG000BWK263|BBG000BWK2R0|BBG000BWK5X6|BBG000BWK7G1|BBG000BWK7R9|BBG000BWK931|BBG000BWK9V0|BBG000BWKB18|BBG000GP33Y9|BBG000GP34X8|BBG000GP3574|BBG000GP3654|BBG00DJCZ327|BBG00KD8YSG7|BBG00KD8YSK2|BBG00KD8YSM0|BBG00KD8YSP7|BBG00KD8YSQ6|BBG00KD8YSR5|BBG00KD8YSS4|BBG00KD8YST3|BBG00KD8YSY7|BBG00KD8YSZ6|BBG00KD8YT02|BBG00KD8YT11|BBG00KD8YT20|BBG00KD8YT39|BBG00KD8YT48|BBG00KD8YT75|BBG00KD8YT84|BBG00KD8YT93|BBG00KD8YTD8|BBG00QFZYD57|BBG00QRP17K8|BBG00QRP17T9|BBG00QRP17V6|BBG00QRP17W5|BBG00QRP17X4|BBG00QRP1817|BBG00QRP1826|BBG00QRP1835|BBG00QRP1844|BBG00QRP1853|BBG00QRP1871|BBG00QRP1899|BBG00QRP18B6|BBG00QRP18C5|BBG00QRP18F2|BBG00QRP18H0|BBG00SBV3147|BBG00SBV3174|BBG00THD5TC7|BBG00X1L9MC8|BBG00X1PQXD5|BBG00ZR233R9|BBG018H7RG93|BBG018J1DJY5|BBG01JLD68L8|BBG01MJJDRS4|BBG01V7W3847|BBG021C1P8V0,VSE CORP|VSE CORP|VSE CORP|VSE CORP|VSE CORP|VSE CORP|VSE CORP|VSE CORP|VSE CORP|VSE CORP|VSE CORP|VSE CORP|VSE CORP|VSE CORP|VSE CORP|VSE CORP|VSE CORP|VSE CORP|VSE CORP|VSE CORP|VSE CORP|VSE CORP|VSE CORP|VSE CORP|VSE CORP|VSE CORP|VSE CORP|VSE CORP|VSE CORP|VSE CORP|VSE CORP|VSE CORP|VSE CORP|VSE CORP|VSE CORP|VSE CORP|VSE CORP|VSE CORP|VSE CORP|VSE CORP|VSE CORP|VSE CORP|VSE CORP|VSE CORP|VSE CORP|VSE CORP|VSE CORP|VSE CORP|VSE CORP|VSE CORP|VSE CORP|VSE CORP|VSE CORP|VSE CORP|VSE CORP|VSE CORP|VSE CORP|VSE CORP|VSE CORP|VSE CORP|VSE CORP|VSE CORP|VSE CORP|VSE CORP|VSE CORP|VSE CORP|VSE CORP,E1|EO|EP|EU|EZ|GD|GF|GR|GS|GZ|LA|LU|OC|QT|UA|UB|UC|UD|UF|UM|UN|UP|US|UW|UX|VF|VG|VJ|VK|VL|VP|VT|VY|X1|X9|XA|XE|XF|XG|XH|XJ|XL|XO|XQ|XS|XT|XU|XV|XW|XX|XZ,Common Stock,common_stock_name_match,add_coverage_expansion,Active official Stock reference plus OpenFIGI Common Stock issuer-name match.,leave_blank_until_official_sector,use_official_reference
