campaign,listing_key,ticker,exchange,asset_type,current_name,official_or_feed_name,source_kind,evidence_source,decision,review_priority,confidence_reason,verification_evidence_required,recommended_next_source,source_gate
C2_name_freshness,OTC::ACQC,ACQC,OTC,Stock,Relativity Acquisition Corp.,RELATIVITY ACQ CORP A,entry_quality_official_name_mismatch,OTC Markets:otc_markets_stock_screener,manual_review_name_update_or_matcher_false_positive,P1,official_active_reference_name_has_weak_overlap_with_current_name,official_current_name_plus_same_listing_identity_or_matcher_regression_evidence,"Official exchange directory, issuer page, OpenFIGI mismatch evidence, or corporate-action notice.",Do not update names until official current-name evidence proves the same listing identity.
C2_name_freshness,OTC::ADLRF,ADLRF,OTC,Stock,Adrian Resources Ltd,ALARIS EQUITY PARTNERS INCOME TR,entry_quality_official_name_mismatch,OTC Markets:otc_markets_security_profile,manual_review_name_update_or_matcher_false_positive,P1,official_active_reference_name_has_weak_overlap_with_current_name,official_current_name_plus_same_listing_identity_or_matcher_regression_evidence,"Official exchange directory, issuer page, OpenFIGI mismatch evidence, or corporate-action notice.",Do not update names until official current-name evidence proves the same listing identity.
C2_name_freshness,ASX::AEM,AEM,ASX,Stock,Advanced Energy Minerals Ltd,ADVANCED ENGINEERED MATERIALS LTD,entry_quality_official_name_mismatch,ASX:asx_listed_companies,manual_review_name_update_or_matcher_false_positive,P1,official_active_reference_name_has_weak_overlap_with_current_name,official_current_name_plus_same_listing_identity_or_matcher_regression_evidence,"Official exchange directory, issuer page, OpenFIGI mismatch evidence, or corporate-action notice.",Do not update names until official current-name evidence proves the same listing identity.
C2_name_freshness,OTC::AGNPF,AGNPF,OTC,Stock,Algernon Health Inc.,GREY MATTERS HEALTH INC,entry_quality_official_name_mismatch,OTC Markets:otc_markets_stock_screener|SEC:sec_company_tickers_exchange,manual_review_name_update_or_matcher_false_positive,P1,official_active_reference_name_has_weak_overlap_with_current_name,official_current_name_plus_same_listing_identity_or_matcher_regression_evidence,"Official exchange directory, issuer page, OpenFIGI mismatch evidence, or corporate-action notice.",Do not update names until official current-name evidence proves the same listing identity.
C2_name_freshness,NASDAQ::AGNT,AGNT,NASDAQ,Stock,eXp World Holdings Inc,"AGNT, Inc.",entry_quality_official_name_mismatch,Nasdaq Trader:nasdaq_listed|SEC:sec_company_tickers_exchange,manual_review_name_update_or_matcher_false_positive,P1,official_active_reference_name_has_weak_overlap_with_current_name,official_current_name_plus_same_listing_identity_or_matcher_regression_evidence,"Official exchange directory, issuer page, OpenFIGI mismatch evidence, or corporate-action notice.",Do not update names until official current-name evidence proves the same listing identity.
C2_name_freshness,NYSE::AIB,AIB,NYSE,Stock,"BlockchAIn Digital Infrastructure, Inc Common Shares",AIB Data Centers Inc.,entry_quality_official_name_mismatch,SEC:sec_company_tickers_exchange,manual_review_name_update_or_matcher_false_positive,P1,official_active_reference_name_has_weak_overlap_with_current_name,official_current_name_plus_same_listing_identity_or_matcher_regression_evidence,"Official exchange directory, issuer page, OpenFIGI mismatch evidence, or corporate-action notice.",Do not update names until official current-name evidence proves the same listing identity.
C2_name_freshness,BATS::AKAL,AKAL,BATS,ETF,T-REX 2X Long AKAM Daily Target ETF,ETF Opportunities Trust,entry_quality_official_name_mismatch,Nasdaq Trader:nasdaq_trading_system_adds_deletes,manual_review_name_update_or_matcher_false_positive,P1,official_active_reference_name_has_weak_overlap_with_current_name,official_current_name_plus_same_listing_identity_or_matcher_regression_evidence,"Official exchange directory, issuer page, OpenFIGI mismatch evidence, or corporate-action notice.",Do not update names until official current-name evidence proves the same listing identity.
C2_name_freshness,TSXV::AXO,AXO,TSXV,Stock,Axo Metals Corp.,AXO Copper Corp.,entry_quality_official_name_mismatch,TMX:tmx_listed_issuers,manual_review_name_update_or_matcher_false_positive,P1,official_active_reference_name_has_weak_overlap_with_current_name,official_current_name_plus_same_listing_identity_or_matcher_regression_evidence,"Official exchange directory, issuer page, OpenFIGI mismatch evidence, or corporate-action notice.",Do not update names until official current-name evidence proves the same listing identity.
C2_name_freshness,NASDAQ::BIRD,BIRD,NASDAQ,Stock,Allbirds Inc,"Smartbird, Inc.",entry_quality_official_name_mismatch,Nasdaq Trader:nasdaq_listed|SEC:sec_company_tickers_exchange,manual_review_name_update_or_matcher_false_positive,P1,official_active_reference_name_has_weak_overlap_with_current_name,official_current_name_plus_same_listing_identity_or_matcher_regression_evidence,"Official exchange directory, issuer page, OpenFIGI mismatch evidence, or corporate-action notice.",Do not update names until official current-name evidence proves the same listing identity.
C2_name_freshness,NYSE::BLX,BLX,NYSE,Stock,Foreign Trade Bank of Latin America Inc,"BLADEX, INC.",entry_quality_official_name_mismatch,Nasdaq Trader:nasdaq_other_listed|SEC:sec_company_tickers_exchange,manual_review_name_update_or_matcher_false_positive,P1,official_active_reference_name_has_weak_overlap_with_current_name,official_current_name_plus_same_listing_identity_or_matcher_regression_evidence,"Official exchange directory, issuer page, OpenFIGI mismatch evidence, or corporate-action notice.",Do not update names until official current-name evidence proves the same listing identity.
C2_name_freshness,NYSE::BVN,BVN,NYSE,Stock,Compania de Minas Buenaventura SAA ADR,BUENAVENTURA MINING CO INC,entry_quality_official_name_mismatch,Nasdaq Trader:nasdaq_other_listed|SEC:sec_company_tickers_exchange,manual_review_name_update_or_matcher_false_positive,P1,official_active_reference_name_has_weak_overlap_with_current_name,official_current_name_plus_same_listing_identity_or_matcher_regression_evidence,"Official exchange directory, issuer page, OpenFIGI mismatch evidence, or corporate-action notice.",Do not update names until official current-name evidence proves the same listing identity.
C2_name_freshness,Euronext::CBDG,CBDG,Euronext,Stock,Compagnie du Cambodge,CAMBODGE NOM.,entry_quality_official_name_mismatch,Euronext:euronext_equities,manual_review_name_update_or_matcher_false_positive,P1,official_active_reference_name_has_weak_overlap_with_current_name,official_current_name_plus_same_listing_identity_or_matcher_regression_evidence,"Official exchange directory, issuer page, OpenFIGI mismatch evidence, or corporate-action notice.",Do not update names until official current-name evidence proves the same listing identity.
C2_name_freshness,OTC::CLUS,CLUS,OTC,Stock,"China Teletech Holding, Inc.",Cluster Group Holdings Ltd Co,entry_quality_official_name_mismatch,SEC:sec_company_tickers_exchange,manual_review_name_update_or_matcher_false_positive,P1,official_active_reference_name_has_weak_overlap_with_current_name,official_current_name_plus_same_listing_identity_or_matcher_regression_evidence,"Official exchange directory, issuer page, OpenFIGI mismatch evidence, or corporate-action notice.",Do not update names until official current-name evidence proves the same listing identity.
C2_name_freshness,OTC::CSXXY,CSXXY,OTC,Stock,Carsales.Com Ltd ADR,CAR GROUP LTD U/ADR,entry_quality_official_name_mismatch,OTC Markets:otc_markets_stock_screener,manual_review_name_update_or_matcher_false_positive,P1,official_active_reference_name_has_weak_overlap_with_current_name,official_current_name_plus_same_listing_identity_or_matcher_regression_evidence,"Official exchange directory, issuer page, OpenFIGI mismatch evidence, or corporate-action notice.",Do not update names until official current-name evidence proves the same listing identity.
C2_name_freshness,NYSE MKT::CTGO,CTGO,NYSE MKT,Stock,Contango ORE Inc,Contango Silver & Gold Inc. Common Stock,entry_quality_official_name_mismatch,Nasdaq Trader:nasdaq_other_listed,manual_review_name_update_or_matcher_false_positive,P1,official_active_reference_name_has_weak_overlap_with_current_name,official_current_name_plus_same_listing_identity_or_matcher_regression_evidence,"Official exchange directory, issuer page, OpenFIGI mismatch evidence, or corporate-action notice.",Do not update names until official current-name evidence proves the same listing identity.
C2_name_freshness,NYSE ARCA::CTWO,CTWO,NYSE ARCA,ETF,COtwo Advisors Physical European Carbon Allowance Trust,Common units,entry_quality_official_name_mismatch,Nasdaq Trader:nasdaq_other_listed,manual_review_name_update_or_matcher_false_positive,P1,official_active_reference_name_has_weak_overlap_with_current_name,official_current_name_plus_same_listing_identity_or_matcher_regression_evidence,"Official exchange directory, issuer page, OpenFIGI mismatch evidence, or corporate-action notice.",Do not update names until official current-name evidence proves the same listing identity.
C2_name_freshness,OTC::DCNSF,DCNSF,OTC,Stock,Dai-ichi Life Holdings Inc,DAIICHI LIFE GROUP INC,entry_quality_official_name_mismatch,OTC Markets:otc_markets_security_profile|OTC Markets:otc_markets_stock_screener,manual_review_name_update_or_matcher_false_positive,P1,official_active_reference_name_has_weak_overlap_with_current_name,official_current_name_plus_same_listing_identity_or_matcher_regression_evidence,"Official exchange directory, issuer page, OpenFIGI mismatch evidence, or corporate-action notice.",Do not update names until official current-name evidence proves the same listing identity.
C2_name_freshness,OTC::EQLCF,EQLCF,OTC,Stock,Invesco Canada Ltd.,CI INVESCO S&P 500 EQUAL WEIGHT INDEX ETF,entry_quality_official_name_mismatch,OTC Markets:otc_markets_security_profile,manual_review_name_update_or_matcher_false_positive,P1,official_active_reference_name_has_weak_overlap_with_current_name,official_current_name_plus_same_listing_identity_or_matcher_regression_evidence,"Official exchange directory, issuer page, OpenFIGI mismatch evidence, or corporate-action notice.",Do not update names until official current-name evidence proves the same listing identity.
C2_name_freshness,OTC::FLXI,FLXI,OTC,Stock,FlexiInternational Software Inc,Invesco Actively Managed Exchange-Traded Fund Trust,entry_quality_official_name_mismatch,OTC Markets:otc_markets_security_profile,manual_review_name_update_or_matcher_false_positive,P1,official_active_reference_name_has_weak_overlap_with_current_name,official_current_name_plus_same_listing_identity_or_matcher_regression_evidence,"Official exchange directory, issuer page, OpenFIGI mismatch evidence, or corporate-action notice.",Do not update names until official current-name evidence proves the same listing identity.
C2_name_freshness,OTC::GCWOF,GCWOF,OTC,Stock,"GCC, S.A.B. de C.V.",GRUPO CEMENTOS DE CHIHUAH,entry_quality_official_name_mismatch,OTC Markets:otc_markets_stock_screener,manual_review_name_update_or_matcher_false_positive,P1,official_active_reference_name_has_weak_overlap_with_current_name,official_current_name_plus_same_listing_identity_or_matcher_regression_evidence,"Official exchange directory, issuer page, OpenFIGI mismatch evidence, or corporate-action notice.",Do not update names until official current-name evidence proves the same listing identity.
C2_name_freshness,NYSE::GORO,GORO,NYSE,Stock,Gold Resource Corporation,Goldgroup Mining Inc.,entry_quality_official_name_mismatch,SEC:sec_company_tickers_exchange,manual_review_name_update_or_matcher_false_positive,P1,official_active_reference_name_has_weak_overlap_with_current_name,official_current_name_plus_same_listing_identity_or_matcher_regression_evidence,"Official exchange directory, issuer page, OpenFIGI mismatch evidence, or corporate-action notice.",Do not update names until official current-name evidence proves the same listing identity.
C2_name_freshness,OTC::GPUSF,GPUSF,OTC,Stock,Alset AI Ventures Inc.,Alset Capital Inc.,entry_quality_official_name_mismatch,SEC:sec_company_tickers_exchange,manual_review_name_update_or_matcher_false_positive,P1,official_active_reference_name_has_weak_overlap_with_current_name,official_current_name_plus_same_listing_identity_or_matcher_regression_evidence,"Official exchange directory, issuer page, OpenFIGI mismatch evidence, or corporate-action notice.",Do not update names until official current-name evidence proves the same listing identity.
C2_name_freshness,NASDAQ::GREE,GREE,NASDAQ,Stock,Greenidge Generation Holdings Inc,Vulcan Infrastructure & Power Inc.,entry_quality_official_name_mismatch,SEC:sec_company_tickers_exchange,manual_review_name_update_or_matcher_false_positive,P1,official_active_reference_name_has_weak_overlap_with_current_name,official_current_name_plus_same_listing_identity_or_matcher_regression_evidence,"Official exchange directory, issuer page, OpenFIGI mismatch evidence, or corporate-action notice.",Do not update names until official current-name evidence proves the same listing identity.
C2_name_freshness,OTC::HISEF,HISEF,OTC,Stock,Hisense Home Appliances Group Co. Ltd,HISENSE KELON ELECTR HLDG,entry_quality_official_name_mismatch,OTC Markets:otc_markets_stock_screener,manual_review_name_update_or_matcher_false_positive,P1,official_active_reference_name_has_weak_overlap_with_current_name,official_current_name_plus_same_listing_identity_or_matcher_regression_evidence,"Official exchange directory, issuer page, OpenFIGI mismatch evidence, or corporate-action notice.",Do not update names until official current-name evidence proves the same listing identity.
C2_name_freshness,OTC::HKSHY,HKSHY,OTC,Stock,Hongkong and Shanghai Hotels Ltd ADR,HONG KNG & SGHI UNSP/ADR,entry_quality_official_name_mismatch,OTC Markets:otc_markets_stock_screener,manual_review_name_update_or_matcher_false_positive,P1,official_active_reference_name_has_weak_overlap_with_current_name,official_current_name_plus_same_listing_identity_or_matcher_regression_evidence,"Official exchange directory, issuer page, OpenFIGI mismatch evidence, or corporate-action notice.",Do not update names until official current-name evidence proves the same listing identity.
C2_name_freshness,LSE::ISEM,ISEM,LSE,ETF,iShares II Public Limited Company - iShares MSCI Emerging Markets Islamic UCITS ETF,LEVERAGE SHARES PUBLIC LIMITED CO. IS SEMICONDUCTORS LEADERS ETP,entry_quality_official_name_mismatch,LSE:lse_company_reports|LSE:lse_price_explorer,manual_review_name_update_or_matcher_false_positive,P1,official_active_reference_name_has_weak_overlap_with_current_name,official_current_name_plus_same_listing_identity_or_matcher_regression_evidence,"Official exchange directory, issuer page, OpenFIGI mismatch evidence, or corporate-action notice.",Do not update names until official current-name evidence proves the same listing identity.
C2_name_freshness,OTC::KPCPF,KPCPF,OTC,Stock,Kasikornbank Public Company Limited,KASIKORNBANK PCL FGN REG,entry_quality_official_name_mismatch,OTC Markets:otc_markets_stock_screener,manual_review_name_update_or_matcher_false_positive,P1,official_active_reference_name_has_weak_overlap_with_current_name,official_current_name_plus_same_listing_identity_or_matcher_regression_evidence,"Official exchange directory, issuer page, OpenFIGI mismatch evidence, or corporate-action notice.",Do not update names until official current-name evidence proves the same listing identity.
C2_name_freshness,OTC::LIPO,LIPO,OTC,Stock,Lipella Pharmaceuticals Inc. Common Stock,LIPELLA PHARMS INC,entry_quality_official_name_mismatch,OTC Markets:otc_markets_stock_screener,manual_review_name_update_or_matcher_false_positive,P1,official_active_reference_name_has_weak_overlap_with_current_name,official_current_name_plus_same_listing_identity_or_matcher_regression_evidence,"Official exchange directory, issuer page, OpenFIGI mismatch evidence, or corporate-action notice.",Do not update names until official current-name evidence proves the same listing identity.
C2_name_freshness,ASX::MGX,MGX,ASX,Stock,Mount Gibson Iron Ltd,MGX RESOURCES LIMITED,entry_quality_official_name_mismatch,ASX:asx_listed_companies,manual_review_name_update_or_matcher_false_positive,P1,official_active_reference_name_has_weak_overlap_with_current_name,official_current_name_plus_same_listing_identity_or_matcher_regression_evidence,"Official exchange directory, issuer page, OpenFIGI mismatch evidence, or corporate-action notice.",Do not update names until official current-name evidence proves the same listing identity.
C2_name_freshness,TSXV::MKT,MKT,TSXV,Stock,Prospect Prediction Markets Inc.,DeepMarkit Corp.,entry_quality_official_name_mismatch,TMX:tmx_listed_issuers,manual_review_name_update_or_matcher_false_positive,P1,official_active_reference_name_has_weak_overlap_with_current_name,official_current_name_plus_same_listing_identity_or_matcher_regression_evidence,"Official exchange directory, issuer page, OpenFIGI mismatch evidence, or corporate-action notice.",Do not update names until official current-name evidence proves the same listing identity.
C2_name_freshness,OTC::MNZO,MNZO,OTC,Stock,Manzo Pharmaceut,Exxsun Corp,entry_quality_official_name_mismatch,SEC:sec_company_tickers_exchange,manual_review_name_update_or_matcher_false_positive,P1,official_active_reference_name_has_weak_overlap_with_current_name,official_current_name_plus_same_listing_identity_or_matcher_regression_evidence,"Official exchange directory, issuer page, OpenFIGI mismatch evidence, or corporate-action notice.",Do not update names until official current-name evidence proves the same listing identity.
C2_name_freshness,OTC::MTGRY,MTGRY,OTC,Stock,Mount Gibson Iron Ltd ADR,MGX RESOURCES UNSP/ADR,entry_quality_official_name_mismatch,OTC Markets:otc_markets_stock_screener,manual_review_name_update_or_matcher_false_positive,P1,official_active_reference_name_has_weak_overlap_with_current_name,official_current_name_plus_same_listing_identity_or_matcher_regression_evidence,"Official exchange directory, issuer page, OpenFIGI mismatch evidence, or corporate-action notice.",Do not update names until official current-name evidence proves the same listing identity.
C2_name_freshness,OTC::NISUY,NISUY,OTC,Stock,Nippon Suisan Kaisha Ltd ADR,NISSUI CORP  U/ADR,entry_quality_official_name_mismatch,OTC Markets:otc_markets_stock_screener,manual_review_name_update_or_matcher_false_positive,P1,official_active_reference_name_has_weak_overlap_with_current_name,official_current_name_plus_same_listing_identity_or_matcher_regression_evidence,"Official exchange directory, issuer page, OpenFIGI mismatch evidence, or corporate-action notice.",Do not update names until official current-name evidence proves the same listing identity.
C2_name_freshness,OTC::NMKCP,NMKCP,OTC,Stock,Niagara Mohawk Power Corporation,NATIONAL GRID PLC,entry_quality_official_name_mismatch,OTC Markets:otc_markets_stock_screener|SEC:sec_company_tickers_exchange,manual_review_name_update_or_matcher_false_positive,P1,official_active_reference_name_has_weak_overlap_with_current_name,official_current_name_plus_same_listing_identity_or_matcher_regression_evidence,"Official exchange directory, issuer page, OpenFIGI mismatch evidence, or corporate-action notice.",Do not update names until official current-name evidence proves the same listing identity.
C2_name_freshness,OTC::NWSGY,NWSGY,OTC,Stock,NWS Holdings Ltd ADR,CTF SERVICES LTD S/ADR,entry_quality_official_name_mismatch,OTC Markets:otc_markets_stock_screener|SEC:sec_company_tickers_exchange,manual_review_name_update_or_matcher_false_positive,P1,official_active_reference_name_has_weak_overlap_with_current_name,official_current_name_plus_same_listing_identity_or_matcher_regression_evidence,"Official exchange directory, issuer page, OpenFIGI mismatch evidence, or corporate-action notice.",Do not update names until official current-name evidence proves the same listing identity.
C2_name_freshness,BATS::OCNL,OCNL,BATS,ETF,T-REX 2X Long DOCN Daily Target ETF,ETF Opportunities Trust,entry_quality_official_name_mismatch,Nasdaq Trader:nasdaq_trading_system_adds_deletes,manual_review_name_update_or_matcher_false_positive,P1,official_active_reference_name_has_weak_overlap_with_current_name,official_current_name_plus_same_listing_identity_or_matcher_regression_evidence,"Official exchange directory, issuer page, OpenFIGI mismatch evidence, or corporate-action notice.",Do not update names until official current-name evidence proves the same listing identity.
C2_name_freshness,OTC::OLOXF,OLOXF,OTC,ETF,DB Crude Oil Long ETN,Deutsche Bank AG (London Branch),entry_quality_official_name_mismatch,OTC Markets:otc_markets_security_profile,manual_review_name_update_or_matcher_false_positive,P1,official_active_reference_name_has_weak_overlap_with_current_name,official_current_name_plus_same_listing_identity_or_matcher_regression_evidence,"Official exchange directory, issuer page, OpenFIGI mismatch evidence, or corporate-action notice.",Do not update names until official current-name evidence proves the same listing identity.
C2_name_freshness,BATS::PENU,PENU,BATS,ETF,T-REX 2X Long PENG Daily Target ETF,ETF Opportunities Trust,entry_quality_official_name_mismatch,Nasdaq Trader:nasdaq_trading_system_adds_deletes,manual_review_name_update_or_matcher_false_positive,P1,official_active_reference_name_has_weak_overlap_with_current_name,official_current_name_plus_same_listing_identity_or_matcher_regression_evidence,"Official exchange directory, issuer page, OpenFIGI mismatch evidence, or corporate-action notice.",Do not update names until official current-name evidence proves the same listing identity.
C2_name_freshness,ASX::PFE,PFE,ASX,Stock,Pantera Lithium Ltd,PANTERA MINERALS LIMITED,entry_quality_official_name_mismatch,ASX:asx_listed_companies,manual_review_name_update_or_matcher_false_positive,P1,official_active_reference_name_has_weak_overlap_with_current_name,official_current_name_plus_same_listing_identity_or_matcher_regression_evidence,"Official exchange directory, issuer page, OpenFIGI mismatch evidence, or corporate-action notice.",Do not update names until official current-name evidence proves the same listing identity.
C2_name_freshness,OTC::PHDWY,PHDWY,OTC,Stock,PT Ace Hardware Indonesia Tbk,PT ASPIRASI HIDU U/ADR,entry_quality_official_name_mismatch,OTC Markets:otc_markets_stock_screener,manual_review_name_update_or_matcher_false_positive,P1,official_active_reference_name_has_weak_overlap_with_current_name,official_current_name_plus_same_listing_identity_or_matcher_regression_evidence,"Official exchange directory, issuer page, OpenFIGI mismatch evidence, or corporate-action notice.",Do not update names until official current-name evidence proves the same listing identity.
C2_name_freshness,ASX::PMT,PMT,ASX,Stock,Patriot Battery Metals Inc,PMET RESOURCES INC.,entry_quality_official_name_mismatch,ASX:asx_listed_companies,manual_review_name_update_or_matcher_false_positive,P1,official_active_reference_name_has_weak_overlap_with_current_name,official_current_name_plus_same_listing_identity_or_matcher_regression_evidence,"Official exchange directory, issuer page, OpenFIGI mismatch evidence, or corporate-action notice.",Do not update names until official current-name evidence proves the same listing identity.
C2_name_freshness,NASDAQ::PN,PN,NASDAQ,Stock,Skycorp Solar Group Limited Ordinary Shares,PN Smart Energy Limited - Class A Ordinary Shares,entry_quality_official_name_mismatch,Nasdaq Trader:nasdaq_listed|SEC:sec_company_tickers_exchange,manual_review_name_update_or_matcher_false_positive,P1,official_active_reference_name_has_weak_overlap_with_current_name,official_current_name_plus_same_listing_identity_or_matcher_regression_evidence,"Official exchange directory, issuer page, OpenFIGI mismatch evidence, or corporate-action notice.",Do not update names until official current-name evidence proves the same listing identity.
C2_name_freshness,OTC::RDEIY,RDEIY,OTC,Stock,Red Electrica Corporacion SA ADR,REDEIA CORP U/ADR,entry_quality_official_name_mismatch,OTC Markets:otc_markets_stock_screener,manual_review_name_update_or_matcher_false_positive,P1,official_active_reference_name_has_weak_overlap_with_current_name,official_current_name_plus_same_listing_identity_or_matcher_regression_evidence,"Official exchange directory, issuer page, OpenFIGI mismatch evidence, or corporate-action notice.",Do not update names until official current-name evidence proves the same listing identity.
C2_name_freshness,OTC::REXC,REXC,OTC,ETF,Sprott Rare Earths Ex-China ETF,SPROTT FUNDS TRUST,entry_quality_official_name_mismatch,OTC Markets:otc_markets_security_profile,manual_review_name_update_or_matcher_false_positive,P1,official_active_reference_name_has_weak_overlap_with_current_name,official_current_name_plus_same_listing_identity_or_matcher_regression_evidence,"Official exchange directory, issuer page, OpenFIGI mismatch evidence, or corporate-action notice.",Do not update names until official current-name evidence proves the same listing identity.
C2_name_freshness,NASDAQ::RTB,RTB,NASDAQ,Stock,Ryvyl Inc,"RTB Digital, Inc.",entry_quality_official_name_mismatch,Nasdaq Trader:nasdaq_listed|SEC:sec_company_tickers_exchange,manual_review_name_update_or_matcher_false_positive,P1,official_active_reference_name_has_weak_overlap_with_current_name,official_current_name_plus_same_listing_identity_or_matcher_regression_evidence,"Official exchange directory, issuer page, OpenFIGI mismatch evidence, or corporate-action notice.",Do not update names until official current-name evidence proves the same listing identity.
C2_name_freshness,NASDAQ::RUM,RUM,NASDAQ,Stock,Rumble Inc.,RUM Group Inc.,entry_quality_official_name_mismatch,Nasdaq Trader:nasdaq_listed|SEC:sec_company_tickers_exchange,manual_review_name_update_or_matcher_false_positive,P1,official_active_reference_name_has_weak_overlap_with_current_name,official_current_name_plus_same_listing_identity_or_matcher_regression_evidence,"Official exchange directory, issuer page, OpenFIGI mismatch evidence, or corporate-action notice.",Do not update names until official current-name evidence proves the same listing identity.
C2_name_freshness,OTC::SAXJY,SAXJY,OTC,Stock,Sa Sa International Holdings Ltd ADR,SA SA INTL UNSP/ADR,entry_quality_official_name_mismatch,OTC Markets:otc_markets_stock_screener,manual_review_name_update_or_matcher_false_positive,P1,official_active_reference_name_has_weak_overlap_with_current_name,official_current_name_plus_same_listing_identity_or_matcher_regression_evidence,"Official exchange directory, issuer page, OpenFIGI mismatch evidence, or corporate-action notice.",Do not update names until official current-name evidence proves the same listing identity.
C2_name_freshness,NYSE::SRXH,SRXH,NYSE,Stock,SRx Health Solutions Inc.,SRX Global Inc.,entry_quality_official_name_mismatch,SEC:sec_company_tickers_exchange,manual_review_name_update_or_matcher_false_positive,P1,official_active_reference_name_has_weak_overlap_with_current_name,official_current_name_plus_same_listing_identity_or_matcher_regression_evidence,"Official exchange directory, issuer page, OpenFIGI mismatch evidence, or corporate-action notice.",Do not update names until official current-name evidence proves the same listing identity.
C2_name_freshness,NYSE::TGB,TGB,NYSE,Stock,Taseko Mines Ltd,Trekor Metals Ltd,entry_quality_official_name_mismatch,SEC:sec_company_tickers_exchange,manual_review_name_update_or_matcher_false_positive,P1,official_active_reference_name_has_weak_overlap_with_current_name,official_current_name_plus_same_listing_identity_or_matcher_regression_evidence,"Official exchange directory, issuer page, OpenFIGI mismatch evidence, or corporate-action notice.",Do not update names until official current-name evidence proves the same listing identity.
C2_name_freshness,LSE::TIR,TIR,LSE,Stock,Tiger Royalties and investments Plc,TIGER ALPHA PLC ORD 0.1P,entry_quality_official_name_mismatch,LSE:lse_company_reports,manual_review_name_update_or_matcher_false_positive,P1,official_active_reference_name_has_weak_overlap_with_current_name,official_current_name_plus_same_listing_identity_or_matcher_regression_evidence,"Official exchange directory, issuer page, OpenFIGI mismatch evidence, or corporate-action notice.",Do not update names until official current-name evidence proves the same listing identity.
C2_name_freshness,OTC::TLGYF,TLGYF,OTC,Stock,TLGY Acquisition Corporation,TLGY ACQ CORP A,entry_quality_official_name_mismatch,OTC Markets:otc_markets_stock_screener,manual_review_name_update_or_matcher_false_positive,P1,official_active_reference_name_has_weak_overlap_with_current_name,official_current_name_plus_same_listing_identity_or_matcher_regression_evidence,"Official exchange directory, issuer page, OpenFIGI mismatch evidence, or corporate-action notice.",Do not update names until official current-name evidence proves the same listing identity.
C2_name_freshness,OTC::VIAAY,VIAAY,OTC,Stock,Flughafen Wien AG ADR,VIENNA INTL AIRPORT S/ADR,entry_quality_official_name_mismatch,OTC Markets:otc_markets_stock_screener,manual_review_name_update_or_matcher_false_positive,P1,official_active_reference_name_has_weak_overlap_with_current_name,official_current_name_plus_same_listing_identity_or_matcher_regression_evidence,"Official exchange directory, issuer page, OpenFIGI mismatch evidence, or corporate-action notice.",Do not update names until official current-name evidence proves the same listing identity.
C2_name_freshness,NASDAQ::VYNE,VYNE,NASDAQ,Stock,Vyne Therapeutics Inc,"Yarrow Bioscience, Inc.",entry_quality_official_name_mismatch,SEC:sec_company_tickers_exchange,manual_review_name_update_or_matcher_false_positive,P1,official_active_reference_name_has_weak_overlap_with_current_name,official_current_name_plus_same_listing_identity_or_matcher_regression_evidence,"Official exchange directory, issuer page, OpenFIGI mismatch evidence, or corporate-action notice.",Do not update names until official current-name evidence proves the same listing identity.
C2_name_freshness,OTC::XESP,XESP,OTC,Stock,CannAssist International Corp,ELECTRONIC SERVITOR PUBN NETWORK INC,entry_quality_official_name_mismatch,OTC Markets:otc_markets_security_profile,manual_review_name_update_or_matcher_false_positive,P1,official_active_reference_name_has_weak_overlap_with_current_name,official_current_name_plus_same_listing_identity_or_matcher_regression_evidence,"Official exchange directory, issuer page, OpenFIGI mismatch evidence, or corporate-action notice.",Do not update names until official current-name evidence proves the same listing identity.
C2_name_freshness,OTC::ZCRMF,ZCRMF,OTC,Stock,ZINCORE METALS INC,GOLDEN CROSS RES INC,entry_quality_official_name_mismatch,OTC Markets:otc_markets_stock_screener|SEC:sec_company_tickers_exchange,manual_review_name_update_or_matcher_false_positive,P1,official_active_reference_name_has_weak_overlap_with_current_name,official_current_name_plus_same_listing_identity_or_matcher_regression_evidence,"Official exchange directory, issuer page, OpenFIGI mismatch evidence, or corporate-action notice.",Do not update names until official current-name evidence proves the same listing identity.
C2_name_freshness,OTC::ZPTA,ZPTA,OTC,Stock,Zapata Computing Holdings Inc. Common Stock,ZAPATA QUANTUM INC,entry_quality_official_name_mismatch,OTC Markets:otc_markets_stock_screener|SEC:sec_company_tickers_exchange,manual_review_name_update_or_matcher_false_positive,P1,official_active_reference_name_has_weak_overlap_with_current_name,official_current_name_plus_same_listing_identity_or_matcher_regression_evidence,"Official exchange directory, issuer page, OpenFIGI mismatch evidence, or corporate-action notice.",Do not update names until official current-name evidence proves the same listing identity.
C2_name_freshness,NASDAQ::PSTV,PSTV,US_LISTED,,"Cerenome, Inc. - Common Stock|Plus Therapeutics Inc",Cerenome Inc,symbol_change_review,stockanalysis_symbol_changes,manual_review_pending_official_rename_or_symbol_reuse_evidence,P1,workflow_queue=review_duplicate_or_cross_listing;review_bucket=action_required_duplicate_or_cross_listing;apply_eligibility=requires_official_venue_confirmation;verification_evidence_required=official_exchange_directory_plus_listing_key_review_to_distinguish_duplicate_cross_listing_or_transition,official_exchange_directory_plus_listing_key_review_to_distinguish_duplicate_cross_listing_or_transition,Official exchange directory records plus listing-key review for both symbols.,"Do not change symbols until duplicate, cross-listing, or transition state is resolved listing-key by listing-key."
C2_name_freshness,NASDAQ::GV,GV,OTC,,,Visionary Holdings Inc,symbol_change_review,stockanalysis_symbol_changes,manual_review_pending_official_rename_or_symbol_reuse_evidence,P2,workflow_queue=blocked_out_of_scope_symbol_collision;review_bucket=hold_out_of_scope_symbol_collision;apply_eligibility=blocked_until_exchange_scope_resolved;verification_evidence_required=official_exchange_scope_and_non_symbol_identity_evidence_before_apply,official_exchange_scope_and_non_symbol_identity_evidence_before_apply,Official source exchange scope mapping plus non-symbol identity evidence before any symbol action.,Block apply; global symbol collision outside source scope is not symbol-change evidence.
C2_name_freshness,NASDAQ::VYNE,VYNE,US_LISTED,,"Vyne Therapeutics Inc|Yarrow Bioscience, Inc. - Common Stock",Yarrow Bioscience Inc,symbol_change_review,stockanalysis_symbol_changes,manual_review_pending_official_rename_or_symbol_reuse_evidence,P1,workflow_queue=review_duplicate_or_cross_listing;review_bucket=action_required_duplicate_or_cross_listing;apply_eligibility=requires_official_venue_confirmation;verification_evidence_required=official_exchange_directory_plus_listing_key_review_to_distinguish_duplicate_cross_listing_or_transition,official_exchange_directory_plus_listing_key_review_to_distinguish_duplicate_cross_listing_or_transition,Official exchange directory records plus listing-key review for both symbols.,"Do not change symbols until duplicate, cross-listing, or transition state is resolved listing-key by listing-key."
C2_name_freshness,,TRINZ,US_LISTED,,,Trinity Capital Inc,symbol_change_review,stockanalysis_symbol_changes,manual_review_pending_official_rename_or_symbol_reuse_evidence,P3,workflow_queue=document_no_dataset_match;review_bucket=no_dataset_match_for_source_scope;apply_eligibility=no_dataset_action_without_scope_mapping;verification_evidence_required=official_exchange_scope_mapping_or_ignore_as_external_non_dataset_event,official_exchange_scope_mapping_or_ignore_as_external_non_dataset_event,"Official exchange scope mapping, or document the event as outside the dataset.",No dataset action without scoped official mapping to an existing or intended listing.
C2_name_freshness,,TRINI,US_LISTED,,,Trinity Capital Inc,symbol_change_review,stockanalysis_symbol_changes,manual_review_pending_official_rename_or_symbol_reuse_evidence,P3,workflow_queue=document_no_dataset_match;review_bucket=no_dataset_match_for_source_scope;apply_eligibility=no_dataset_action_without_scope_mapping;verification_evidence_required=official_exchange_scope_mapping_or_ignore_as_external_non_dataset_event,official_exchange_scope_mapping_or_ignore_as_external_non_dataset_event,"Official exchange scope mapping, or document the event as outside the dataset.",No dataset action without scoped official mapping to an existing or intended listing.
C2_name_freshness,,GRAF,US_LISTED,,Graf Global Corp. Class A ordinary shares,Graf Global Corp,symbol_change_review,stockanalysis_symbol_changes,manual_review_pending_official_rename_or_symbol_reuse_evidence,P4,workflow_queue=audit_already_reflected;review_bucket=already_reflected_in_source_scope;apply_eligibility=audit_only_no_apply;verification_evidence_required=audit_only_confirm_no_canonical_change_needed,audit_only_confirm_no_canonical_change_needed,Audit-only confirmation from scoped listing records; no canonical change.,"Audit only; no ticker, listing, or name change is authorized."
C2_name_freshness,NASDAQ::GREE,GREE,US_LISTED,,Greenidge Generation Holdings Inc,Vulcan Infrastructure & Power Inc,symbol_change_review,stockanalysis_symbol_changes,manual_review_pending_official_rename_or_symbol_reuse_evidence,P2,workflow_queue=blocked_out_of_scope_symbol_collision;review_bucket=manual_review_due_to_out_of_scope_collision;apply_eligibility=blocked_until_exchange_scope_resolved;verification_evidence_required=official_exchange_scope_and_non_symbol_identity_evidence_before_apply,official_exchange_scope_and_non_symbol_identity_evidence_before_apply,Official source exchange scope mapping plus non-symbol identity evidence before any symbol action.,Block apply; global symbol collision outside source scope is not symbol-change evidence.
C2_name_freshness,NASDAQ::WGRX,WGRX,US_LISTED,,"Wellgistics Health, Inc. Common Stock",Datameds Ai Inc,symbol_change_review,stockanalysis_symbol_changes,manual_review_pending_official_rename_or_symbol_reuse_evidence,P2,workflow_queue=blocked_out_of_scope_symbol_collision;review_bucket=manual_review_due_to_out_of_scope_collision;apply_eligibility=blocked_until_exchange_scope_resolved;verification_evidence_required=official_exchange_scope_and_non_symbol_identity_evidence_before_apply,official_exchange_scope_and_non_symbol_identity_evidence_before_apply,Official source exchange scope mapping plus non-symbol identity evidence before any symbol action.,Block apply; global symbol collision outside source scope is not symbol-change evidence.
C2_name_freshness,NASDAQ::LMFA,LMFA,US_LISTED,,"LM Funding America Inc|PowerCompute, Inc. - Common Stock",Powercompute Inc,symbol_change_review,stockanalysis_symbol_changes,manual_review_pending_official_rename_or_symbol_reuse_evidence,P1,workflow_queue=review_duplicate_or_cross_listing;review_bucket=action_required_duplicate_or_cross_listing;apply_eligibility=requires_official_venue_confirmation;verification_evidence_required=official_exchange_directory_plus_listing_key_review_to_distinguish_duplicate_cross_listing_or_transition,official_exchange_directory_plus_listing_key_review_to_distinguish_duplicate_cross_listing_or_transition,Official exchange directory records plus listing-key review for both symbols.,"Do not change symbols until duplicate, cross-listing, or transition state is resolved listing-key by listing-key."
C2_name_freshness,NASDAQ::ALBT,ALBT,US_LISTED,,Avalon GloboCare Corp.|Change Agents Corporation  - Common Stock,Change Agents Corporation,symbol_change_review,stockanalysis_symbol_changes,manual_review_pending_official_rename_or_symbol_reuse_evidence,P1,workflow_queue=review_duplicate_or_cross_listing;review_bucket=action_required_duplicate_or_cross_listing;apply_eligibility=requires_official_venue_confirmation;verification_evidence_required=official_exchange_directory_plus_listing_key_review_to_distinguish_duplicate_cross_listing_or_transition,official_exchange_directory_plus_listing_key_review_to_distinguish_duplicate_cross_listing_or_transition,Official exchange directory records plus listing-key review for both symbols.,"Do not change symbols until duplicate, cross-listing, or transition state is resolved listing-key by listing-key."
C2_name_freshness,NASDAQ::YOOV,YOOV,US_LISTED,,Concorde International Group Ltd|Concorde International Group Ltd - Class A Ordinary Shares,Concorde International Group Ltd.,symbol_change_review,stockanalysis_symbol_changes,manual_review_pending_official_rename_or_symbol_reuse_evidence,P1,workflow_queue=review_duplicate_or_cross_listing;review_bucket=action_required_duplicate_or_cross_listing;apply_eligibility=requires_official_venue_confirmation;verification_evidence_required=official_exchange_directory_plus_listing_key_review_to_distinguish_duplicate_cross_listing_or_transition,official_exchange_directory_plus_listing_key_review_to_distinguish_duplicate_cross_listing_or_transition,Official exchange directory records plus listing-key review for both symbols.,"Do not change symbols until duplicate, cross-listing, or transition state is resolved listing-key by listing-key."
C2_name_freshness,NASDAQ::PCSC,PCSC,US_LISTED,,"Freenome, Inc. - Common stock|Perceptive Capital Solutions Corp Class A Ordinary Shares",Freenome Inc,symbol_change_review,stockanalysis_symbol_changes,manual_review_pending_official_rename_or_symbol_reuse_evidence,P1,workflow_queue=review_duplicate_or_cross_listing;review_bucket=action_required_duplicate_or_cross_listing;apply_eligibility=requires_official_venue_confirmation;verification_evidence_required=official_exchange_directory_plus_listing_key_review_to_distinguish_duplicate_cross_listing_or_transition,official_exchange_directory_plus_listing_key_review_to_distinguish_duplicate_cross_listing_or_transition,Official exchange directory records plus listing-key review for both symbols.,"Do not change symbols until duplicate, cross-listing, or transition state is resolved listing-key by listing-key."
C2_name_freshness,NASDAQ::UBXG,UBXG,US_LISTED,,U-BX Technology Ltd. Ordinary Shares,Mindforge Inc,symbol_change_review,stockanalysis_symbol_changes,manual_review_pending_official_rename_or_symbol_reuse_evidence,P2,workflow_queue=blocked_out_of_scope_symbol_collision;review_bucket=manual_review_due_to_out_of_scope_collision;apply_eligibility=blocked_until_exchange_scope_resolved;verification_evidence_required=official_exchange_scope_and_non_symbol_identity_evidence_before_apply,official_exchange_scope_and_non_symbol_identity_evidence_before_apply,Official source exchange scope mapping plus non-symbol identity evidence before any symbol action.,Block apply; global symbol collision outside source scope is not symbol-change evidence.
C2_name_freshness,NYSE::ODV,ODV,US_LISTED,,Osisko Development Corp.|Osisko Gold Group Inc. Common Shares,Osisko Gold Group Inc,symbol_change_review,stockanalysis_symbol_changes,manual_review_pending_official_rename_or_symbol_reuse_evidence,P1,workflow_queue=review_duplicate_or_cross_listing;review_bucket=action_required_duplicate_or_cross_listing;apply_eligibility=requires_official_venue_confirmation;verification_evidence_required=official_exchange_directory_plus_listing_key_review_to_distinguish_duplicate_cross_listing_or_transition,official_exchange_directory_plus_listing_key_review_to_distinguish_duplicate_cross_listing_or_transition,Official exchange directory records plus listing-key review for both symbols.,"Do not change symbols until duplicate, cross-listing, or transition state is resolved listing-key by listing-key."
C2_name_freshness,NASDAQ::APM,APM,US_LISTED,,"Aptorum Group Ltd Class A|Niki BioSolutions, Inc. - Common Stock",Niki Biosolutions Inc,symbol_change_review,stockanalysis_symbol_changes,manual_review_pending_official_rename_or_symbol_reuse_evidence,P1,workflow_queue=review_duplicate_or_cross_listing;review_bucket=action_required_duplicate_or_cross_listing;apply_eligibility=requires_official_venue_confirmation;verification_evidence_required=official_exchange_directory_plus_listing_key_review_to_distinguish_duplicate_cross_listing_or_transition,official_exchange_directory_plus_listing_key_review_to_distinguish_duplicate_cross_listing_or_transition,Official exchange directory records plus listing-key review for both symbols.,"Do not change symbols until duplicate, cross-listing, or transition state is resolved listing-key by listing-key."
C2_name_freshness,NASDAQ::WAI,WAI,US_LISTED,,Top KingWin Ltd|Top KingWin Ltd - Class A Ordinary Shares,Top Kingwin Ltd.,symbol_change_review,stockanalysis_symbol_changes,manual_review_pending_official_rename_or_symbol_reuse_evidence,P1,workflow_queue=review_duplicate_or_cross_listing;review_bucket=action_required_duplicate_or_cross_listing;apply_eligibility=requires_official_venue_confirmation;verification_evidence_required=official_exchange_directory_plus_listing_key_review_to_distinguish_duplicate_cross_listing_or_transition,official_exchange_directory_plus_listing_key_review_to_distinguish_duplicate_cross_listing_or_transition,Official exchange directory records plus listing-key review for both symbols.,"Do not change symbols until duplicate, cross-listing, or transition state is resolved listing-key by listing-key."
C2_name_freshness,NASDAQ::SVAC,SVAC,US_LISTED,,General Fusion Group Ltd. - Common Shares|Spring Valley Acquisition Corp. III,General Fusion Group Ltd.,symbol_change_review,stockanalysis_symbol_changes,manual_review_pending_official_rename_or_symbol_reuse_evidence,P1,workflow_queue=review_duplicate_or_cross_listing;review_bucket=action_required_duplicate_or_cross_listing;apply_eligibility=requires_official_venue_confirmation;verification_evidence_required=official_exchange_directory_plus_listing_key_review_to_distinguish_duplicate_cross_listing_or_transition,official_exchange_directory_plus_listing_key_review_to_distinguish_duplicate_cross_listing_or_transition,Official exchange directory records plus listing-key review for both symbols.,"Do not change symbols until duplicate, cross-listing, or transition state is resolved listing-key by listing-key."
C2_name_freshness,NASDAQ::MSW,MSW,US_LISTED,,Ming Shing Group Holdings Limited Ordinary Shares,Ming Shing Group Holdings Ltd.,symbol_change_review,stockanalysis_symbol_changes,manual_review_pending_official_rename_or_symbol_reuse_evidence,P2,workflow_queue=blocked_out_of_scope_symbol_collision;review_bucket=manual_review_due_to_out_of_scope_collision;apply_eligibility=blocked_until_exchange_scope_resolved;verification_evidence_required=official_exchange_scope_and_non_symbol_identity_evidence_before_apply,official_exchange_scope_and_non_symbol_identity_evidence_before_apply,Official source exchange scope mapping plus non-symbol identity evidence before any symbol action.,Block apply; global symbol collision outside source scope is not symbol-change evidence.
C2_name_freshness,OTC::CGEH,CGEH,US_LISTED,,"Capstone Energy Plus, Inc. - Common Stock",Capstone Energy Plus Inc,symbol_change_review,stockanalysis_symbol_changes,manual_review_pending_official_rename_or_symbol_reuse_evidence,P4,workflow_queue=audit_already_reflected;review_bucket=already_reflected_in_scope_with_global_symbol_collision;apply_eligibility=audit_only_no_apply;verification_evidence_required=audit_only_confirm_no_canonical_change_needed,audit_only_confirm_no_canonical_change_needed,Audit-only comparison against official scoped exchange evidence; no canonical change.,"Audit only; no ticker, listing, or name change is authorized."
C2_name_freshness,,MFPVV,US_LISTED,,"Midera Food Processing, Inc.",Midera Food Processing Inc,symbol_change_review,stockanalysis_symbol_changes,manual_review_pending_official_rename_or_symbol_reuse_evidence,P4,workflow_queue=audit_already_reflected;review_bucket=already_reflected_in_source_scope;apply_eligibility=audit_only_no_apply;verification_evidence_required=audit_only_confirm_no_canonical_change_needed,audit_only_confirm_no_canonical_change_needed,Audit-only confirmation from scoped listing records; no canonical change.,"Audit only; no ticker, listing, or name change is authorized."
C2_name_freshness,NASDAQ::LIXT,LIXT,US_LISTED,,"Lixte Biotechnology Holdings Inc|Nomad Power Solutions, Inc. - Common Stock",Nomad Power Solutions Inc,symbol_change_review,stockanalysis_symbol_changes,manual_review_pending_official_rename_or_symbol_reuse_evidence,P1,workflow_queue=review_duplicate_or_cross_listing;review_bucket=action_required_duplicate_or_cross_listing;apply_eligibility=requires_official_venue_confirmation;verification_evidence_required=official_exchange_directory_plus_listing_key_review_to_distinguish_duplicate_cross_listing_or_transition,official_exchange_directory_plus_listing_key_review_to_distinguish_duplicate_cross_listing_or_transition,Official exchange directory records plus listing-key review for both symbols.,"Do not change symbols until duplicate, cross-listing, or transition state is resolved listing-key by listing-key."
C2_name_freshness,NASDAQ::WTO,WTO,US_LISTED,,UTime Limited|UTime Limited - Class A Ordinary Shares,Utime Ltd.,symbol_change_review,stockanalysis_symbol_changes,manual_review_pending_official_rename_or_symbol_reuse_evidence,P1,workflow_queue=review_duplicate_or_cross_listing;review_bucket=action_required_duplicate_or_cross_listing;apply_eligibility=requires_official_venue_confirmation;verification_evidence_required=official_exchange_directory_plus_listing_key_review_to_distinguish_duplicate_cross_listing_or_transition,official_exchange_directory_plus_listing_key_review_to_distinguish_duplicate_cross_listing_or_transition,Official exchange directory records plus listing-key review for both symbols.,"Do not change symbols until duplicate, cross-listing, or transition state is resolved listing-key by listing-key."
C2_name_freshness,NASDAQ::RAAQ,RAAQ,US_LISTED,,Real Asset Acquisition Corp.,Iqm Quantum Computers Oyj,symbol_change_review,stockanalysis_symbol_changes,manual_review_pending_official_rename_or_symbol_reuse_evidence,P1,workflow_queue=review_verified_rename_or_delisting;review_bucket=action_required_possible_rename_or_delisting;apply_eligibility=requires_official_venue_confirmation;verification_evidence_required=official_exchange_notice_or_current_directory_showing_old_symbol_inactive_new_symbol_active_same_issuer,official_exchange_notice_or_current_directory_showing_old_symbol_inactive_new_symbol_active_same_issuer,"Official exchange notice, issuer notice, or current exchange directory proving old/new symbols for the same issuer.",Do not rename until official listing-keyed evidence proves old inactive and new active for the same issuer.
C2_name_freshness,NASDAQ::CEPT,CEPT,US_LISTED,,"Cantor Equity Partners II, Inc.|Securitize Corp. Common Stock",Securitize Corp,symbol_change_review,stockanalysis_symbol_changes,manual_review_pending_official_rename_or_symbol_reuse_evidence,P1,workflow_queue=review_duplicate_or_cross_listing;review_bucket=action_required_duplicate_or_cross_listing;apply_eligibility=requires_official_venue_confirmation;verification_evidence_required=official_exchange_directory_plus_listing_key_review_to_distinguish_duplicate_cross_listing_or_transition,official_exchange_directory_plus_listing_key_review_to_distinguish_duplicate_cross_listing_or_transition,Official exchange directory records plus listing-key review for both symbols.,"Do not change symbols until duplicate, cross-listing, or transition state is resolved listing-key by listing-key."
C2_name_freshness,NASDAQ::ATLN,ATLN,US_LISTED,,Atlantic International Corp. Common Stock,Circle8 Group Inc,symbol_change_review,stockanalysis_symbol_changes,manual_review_pending_official_rename_or_symbol_reuse_evidence,P2,workflow_queue=blocked_out_of_scope_symbol_collision;review_bucket=manual_review_due_to_out_of_scope_collision;apply_eligibility=blocked_until_exchange_scope_resolved;verification_evidence_required=official_exchange_scope_and_non_symbol_identity_evidence_before_apply,official_exchange_scope_and_non_symbol_identity_evidence_before_apply,Official source exchange scope mapping plus non-symbol identity evidence before any symbol action.,Block apply; global symbol collision outside source scope is not symbol-change evidence.
C2_name_freshness,NASDAQ::TBH,TBH,US_LISTED,,"Brag House Holdings, Inc. Common Stock|House of Doge Inc. - Common Stock",House Of Doge Inc,symbol_change_review,stockanalysis_symbol_changes,manual_review_pending_official_rename_or_symbol_reuse_evidence,P1,workflow_queue=review_duplicate_or_cross_listing;review_bucket=action_required_duplicate_or_cross_listing;apply_eligibility=requires_official_venue_confirmation;verification_evidence_required=official_exchange_directory_plus_listing_key_review_to_distinguish_duplicate_cross_listing_or_transition,official_exchange_directory_plus_listing_key_review_to_distinguish_duplicate_cross_listing_or_transition,Official exchange directory records plus listing-key review for both symbols.,"Do not change symbols until duplicate, cross-listing, or transition state is resolved listing-key by listing-key."
C2_name_freshness,NASDAQ::SSSS,SSSS,US_LISTED,,SuRo Capital Corp,Neostellar Capital Corp,symbol_change_review,stockanalysis_symbol_changes,manual_review_pending_official_rename_or_symbol_reuse_evidence,P1,workflow_queue=review_verified_rename_or_delisting;review_bucket=action_required_possible_rename_or_delisting;apply_eligibility=requires_official_venue_confirmation;verification_evidence_required=official_exchange_notice_or_current_directory_showing_old_symbol_inactive_new_symbol_active_same_issuer,official_exchange_notice_or_current_directory_showing_old_symbol_inactive_new_symbol_active_same_issuer,"Official exchange notice, issuer notice, or current exchange directory proving old/new symbols for the same issuer.",Do not rename until official listing-keyed evidence proves old inactive and new active for the same issuer.
C2_name_freshness,NYSE::FDP,FDP,US_LISTED,,Fresh Del Monte Produce Inc,Del Monte Corp,symbol_change_review,stockanalysis_symbol_changes,manual_review_pending_official_rename_or_symbol_reuse_evidence,P2,workflow_queue=blocked_out_of_scope_symbol_collision;review_bucket=manual_review_due_to_out_of_scope_collision;apply_eligibility=blocked_until_exchange_scope_resolved;verification_evidence_required=official_exchange_scope_and_non_symbol_identity_evidence_before_apply,official_exchange_scope_and_non_symbol_identity_evidence_before_apply,Official source exchange scope mapping plus non-symbol identity evidence before any symbol action.,Block apply; global symbol collision outside source scope is not symbol-change evidence.
C2_name_freshness,LSE::SATS|OSL::SATS,SATS,US_LISTED,,EchoStar Corporation,Echostar Corp,symbol_change_review,stockanalysis_symbol_changes,manual_review_pending_official_rename_or_symbol_reuse_evidence,P4,workflow_queue=audit_already_reflected;review_bucket=already_reflected_in_scope_with_global_symbol_collision;apply_eligibility=audit_only_no_apply;verification_evidence_required=audit_only_confirm_no_canonical_change_needed,audit_only_confirm_no_canonical_change_needed,Audit-only comparison against official scoped exchange evidence; no canonical change.,"Audit only; no ticker, listing, or name change is authorized."
C2_name_freshness,NASDAQ::LOKV,LOKV,US_LISTED,,Live Oak Acquisition Corp. V Class A Ordinary Shares,Teamshares Inc,symbol_change_review,stockanalysis_symbol_changes,manual_review_pending_official_rename_or_symbol_reuse_evidence,P2,workflow_queue=blocked_out_of_scope_symbol_collision;review_bucket=manual_review_due_to_out_of_scope_collision;apply_eligibility=blocked_until_exchange_scope_resolved;verification_evidence_required=official_exchange_scope_and_non_symbol_identity_evidence_before_apply,official_exchange_scope_and_non_symbol_identity_evidence_before_apply,Official source exchange scope mapping plus non-symbol identity evidence before any symbol action.,Block apply; global symbol collision outside source scope is not symbol-change evidence.
C2_name_freshness,,SKLZ,US_LISTED,,Firy Inc.,Firy Inc,symbol_change_review,stockanalysis_symbol_changes,manual_review_pending_official_rename_or_symbol_reuse_evidence,P4,workflow_queue=audit_already_reflected;review_bucket=already_reflected_in_source_scope;apply_eligibility=audit_only_no_apply;verification_evidence_required=audit_only_confirm_no_canonical_change_needed,audit_only_confirm_no_canonical_change_needed,Audit-only confirmation from scoped listing records; no canonical change.,"Audit only; no ticker, listing, or name change is authorized."
C2_name_freshness,,LC,US_LISTED,,"Happen, Inc.",Happen Inc,symbol_change_review,stockanalysis_symbol_changes,manual_review_pending_official_rename_or_symbol_reuse_evidence,P4,workflow_queue=audit_already_reflected;review_bucket=already_reflected_in_source_scope;apply_eligibility=audit_only_no_apply;verification_evidence_required=audit_only_confirm_no_canonical_change_needed,audit_only_confirm_no_canonical_change_needed,Audit-only confirmation from scoped listing records; no canonical change.,"Audit only; no ticker, listing, or name change is authorized."
C2_name_freshness,,SNSE,US_LISTED,,"Faeth Therapeutics, Inc.",Faeth Therapeutics Inc,symbol_change_review,stockanalysis_symbol_changes,manual_review_pending_official_rename_or_symbol_reuse_evidence,P4,workflow_queue=audit_already_reflected;review_bucket=already_reflected_in_source_scope;apply_eligibility=audit_only_no_apply;verification_evidence_required=audit_only_confirm_no_canonical_change_needed,audit_only_confirm_no_canonical_change_needed,Audit-only confirmation from scoped listing records; no canonical change.,"Audit only; no ticker, listing, or name change is authorized."
C2_name_freshness,,SKBL,US_LISTED,,Skyline Builders Group Holding Limited,Skyline Builders Group Holding Ltd.,symbol_change_review,stockanalysis_symbol_changes,manual_review_pending_official_rename_or_symbol_reuse_evidence,P4,workflow_queue=audit_already_reflected;review_bucket=already_reflected_in_source_scope;apply_eligibility=audit_only_no_apply;verification_evidence_required=audit_only_confirm_no_canonical_change_needed,audit_only_confirm_no_canonical_change_needed,Audit-only confirmation from scoped listing records; no canonical change.,"Audit only; no ticker, listing, or name change is authorized."
C2_name_freshness,,UGRO,US_LISTED,,"Flash Sports & Media Holdings, Inc.",Flash Sports & Media Holdings Inc,symbol_change_review,stockanalysis_symbol_changes,manual_review_pending_official_rename_or_symbol_reuse_evidence,P4,workflow_queue=audit_already_reflected;review_bucket=already_reflected_in_source_scope;apply_eligibility=audit_only_no_apply;verification_evidence_required=audit_only_confirm_no_canonical_change_needed,audit_only_confirm_no_canonical_change_needed,Audit-only confirmation from scoped listing records; no canonical change.,"Audit only; no ticker, listing, or name change is authorized."
C2_name_freshness,,HSPT,US_LISTED,,SL Science Holding Limited,Sl Science Holding Ltd.,symbol_change_review,stockanalysis_symbol_changes,manual_review_pending_official_rename_or_symbol_reuse_evidence,P4,workflow_queue=audit_already_reflected;review_bucket=already_reflected_in_source_scope;apply_eligibility=audit_only_no_apply;verification_evidence_required=audit_only_confirm_no_canonical_change_needed,audit_only_confirm_no_canonical_change_needed,Audit-only confirmation from scoped listing records; no canonical change.,"Audit only; no ticker, listing, or name change is authorized."
C2_name_freshness,,SCVL,US_LISTED,,"Shoe Station Group, Inc.",Shoe Station Group Inc,symbol_change_review,stockanalysis_symbol_changes,manual_review_pending_official_rename_or_symbol_reuse_evidence,P4,workflow_queue=audit_already_reflected;review_bucket=already_reflected_in_source_scope;apply_eligibility=audit_only_no_apply;verification_evidence_required=audit_only_confirm_no_canonical_change_needed,audit_only_confirm_no_canonical_change_needed,Audit-only confirmation from scoped listing records; no canonical change.,"Audit only; no ticker, listing, or name change is authorized."
C2_name_freshness,NASDAQ::VACH,VACH,US_LISTED,,Veraxa Biotech AG|Voyager Acquisition Corp,Veraxa Biotech Holding Ag,symbol_change_review,stockanalysis_symbol_changes,manual_review_pending_official_rename_or_symbol_reuse_evidence,P1,workflow_queue=review_duplicate_or_cross_listing;review_bucket=action_required_duplicate_or_cross_listing;apply_eligibility=requires_official_venue_confirmation;verification_evidence_required=official_exchange_directory_plus_listing_key_review_to_distinguish_duplicate_cross_listing_or_transition,official_exchange_directory_plus_listing_key_review_to_distinguish_duplicate_cross_listing_or_transition,Official exchange directory records plus listing-key review for both symbols.,"Do not change symbols until duplicate, cross-listing, or transition state is resolved listing-key by listing-key."
C2_name_freshness,NASDAQ::MLAC,MLAC,US_LISTED,,Avalanche Treasury Corporation|Mountain Lake Acquisition Corp. Class A Ordinary Shares,Avalanche Treasury Corp,symbol_change_review,stockanalysis_symbol_changes,manual_review_pending_official_rename_or_symbol_reuse_evidence,P1,workflow_queue=review_duplicate_or_cross_listing;review_bucket=action_required_duplicate_or_cross_listing;apply_eligibility=requires_official_venue_confirmation;verification_evidence_required=official_exchange_directory_plus_listing_key_review_to_distinguish_duplicate_cross_listing_or_transition,official_exchange_directory_plus_listing_key_review_to_distinguish_duplicate_cross_listing_or_transition,Official exchange directory records plus listing-key review for both symbols.,"Do not change symbols until duplicate, cross-listing, or transition state is resolved listing-key by listing-key."
C2_name_freshness,NYSE::LEGT,LEGT,US_LISTED,,Einride AB|Legato Merger Corp. III,Einride Ab,symbol_change_review,stockanalysis_symbol_changes,manual_review_pending_official_rename_or_symbol_reuse_evidence,P1,workflow_queue=review_duplicate_or_cross_listing;review_bucket=action_required_duplicate_or_cross_listing;apply_eligibility=requires_official_venue_confirmation;verification_evidence_required=official_exchange_directory_plus_listing_key_review_to_distinguish_duplicate_cross_listing_or_transition,official_exchange_directory_plus_listing_key_review_to_distinguish_duplicate_cross_listing_or_transition,Official exchange directory records plus listing-key review for both symbols.,"Do not change symbols until duplicate, cross-listing, or transition state is resolved listing-key by listing-key."
C2_name_freshness,,USEG,US_LISTED,,Big Sky Industrial Inc,Big Sky Industrial Inc,symbol_change_review,stockanalysis_symbol_changes,manual_review_pending_official_rename_or_symbol_reuse_evidence,P4,workflow_queue=audit_already_reflected;review_bucket=already_reflected_in_source_scope;apply_eligibility=audit_only_no_apply;verification_evidence_required=audit_only_confirm_no_canonical_change_needed,audit_only_confirm_no_canonical_change_needed,Audit-only confirmation from scoped listing records; no canonical change.,"Audit only; no ticker, listing, or name change is authorized."
C2_name_freshness,,CGCT,US_LISTED,,Factorial Energy Inc.,Factorial Energy Inc,symbol_change_review,stockanalysis_symbol_changes,manual_review_pending_official_rename_or_symbol_reuse_evidence,P4,workflow_queue=audit_already_reflected;review_bucket=already_reflected_in_source_scope;apply_eligibility=audit_only_no_apply;verification_evidence_required=audit_only_confirm_no_canonical_change_needed,audit_only_confirm_no_canonical_change_needed,Audit-only confirmation from scoped listing records; no canonical change.,"Audit only; no ticker, listing, or name change is authorized."
C2_name_freshness,,IAC,US_LISTED,,People Incorporated,People Inc,symbol_change_review,stockanalysis_symbol_changes,manual_review_pending_official_rename_or_symbol_reuse_evidence,P4,workflow_queue=audit_already_reflected;review_bucket=already_reflected_in_source_scope;apply_eligibility=audit_only_no_apply;verification_evidence_required=audit_only_confirm_no_canonical_change_needed,audit_only_confirm_no_canonical_change_needed,Audit-only confirmation from scoped listing records; no canonical change.,"Audit only; no ticker, listing, or name change is authorized."
C2_name_freshness,NASDAQ::SUUN,SUUN,US_LISTED,,PowerBank Corporation|PowerBank Corporation Common Stock,Powerbank Corp,symbol_change_review,stockanalysis_symbol_changes,manual_review_pending_official_rename_or_symbol_reuse_evidence,P1,workflow_queue=review_duplicate_or_cross_listing;review_bucket=action_required_duplicate_or_cross_listing;apply_eligibility=requires_official_venue_confirmation;verification_evidence_required=official_exchange_directory_plus_listing_key_review_to_distinguish_duplicate_cross_listing_or_transition,official_exchange_directory_plus_listing_key_review_to_distinguish_duplicate_cross_listing_or_transition,Official exchange directory records plus listing-key review for both symbols.,"Do not change symbols until duplicate, cross-listing, or transition state is resolved listing-key by listing-key."
C2_name_freshness,,VSCO,US_LISTED,,Victoria's Secret & Co,Victoria's Secret & Co.,symbol_change_review,stockanalysis_symbol_changes,manual_review_pending_official_rename_or_symbol_reuse_evidence,P4,workflow_queue=audit_already_reflected;review_bucket=already_reflected_in_source_scope;apply_eligibility=audit_only_no_apply;verification_evidence_required=audit_only_confirm_no_canonical_change_needed,audit_only_confirm_no_canonical_change_needed,Audit-only confirmation from scoped listing records; no canonical change.,"Audit only; no ticker, listing, or name change is authorized."
C2_name_freshness,,EDAP,US_LISTED,,EDAP TMS S.A,Edap Tms SA,symbol_change_review,stockanalysis_symbol_changes,manual_review_pending_official_rename_or_symbol_reuse_evidence,P4,workflow_queue=audit_already_reflected;review_bucket=already_reflected_in_source_scope;apply_eligibility=audit_only_no_apply;verification_evidence_required=audit_only_confirm_no_canonical_change_needed,audit_only_confirm_no_canonical_change_needed,Audit-only confirmation from scoped listing records; no canonical change.,"Audit only; no ticker, listing, or name change is authorized."
C2_name_freshness,,QHUOY,US_LISTED,,Quhuo Limited,Quhuo Ltd.,symbol_change_review,stockanalysis_symbol_changes,manual_review_pending_official_rename_or_symbol_reuse_evidence,P4,workflow_queue=audit_already_reflected;review_bucket=already_reflected_in_source_scope;apply_eligibility=audit_only_no_apply;verification_evidence_required=audit_only_confirm_no_canonical_change_needed,audit_only_confirm_no_canonical_change_needed,Audit-only confirmation from scoped listing records; no canonical change.,"Audit only; no ticker, listing, or name change is authorized."
C2_name_freshness,,OTH,US_LISTED,,NextBoat Inc.,Nextboat Inc,symbol_change_review,stockanalysis_symbol_changes,manual_review_pending_official_rename_or_symbol_reuse_evidence,P4,workflow_queue=audit_already_reflected;review_bucket=already_reflected_in_source_scope;apply_eligibility=audit_only_no_apply;verification_evidence_required=audit_only_confirm_no_canonical_change_needed,audit_only_confirm_no_canonical_change_needed,Audit-only confirmation from scoped listing records; no canonical change.,"Audit only; no ticker, listing, or name change is authorized."
C2_name_freshness,,STSS,US_LISTED,,"SkyAI, Inc.",Skyai Inc,symbol_change_review,stockanalysis_symbol_changes,manual_review_pending_official_rename_or_symbol_reuse_evidence,P4,workflow_queue=audit_already_reflected;review_bucket=already_reflected_in_source_scope;apply_eligibility=audit_only_no_apply;verification_evidence_required=audit_only_confirm_no_canonical_change_needed,audit_only_confirm_no_canonical_change_needed,Audit-only confirmation from scoped listing records; no canonical change.,"Audit only; no ticker, listing, or name change is authorized."
C2_name_freshness,,HOTH,US_LISTED,,Rocket One Inc,Rocket One Inc,symbol_change_review,stockanalysis_symbol_changes,manual_review_pending_official_rename_or_symbol_reuse_evidence,P4,workflow_queue=audit_already_reflected;review_bucket=already_reflected_in_source_scope;apply_eligibility=audit_only_no_apply;verification_evidence_required=audit_only_confirm_no_canonical_change_needed,audit_only_confirm_no_canonical_change_needed,Audit-only confirmation from scoped listing records; no canonical change.,"Audit only; no ticker, listing, or name change is authorized."
C2_name_freshness,,AGAE,US_LISTED,,All In FutureTech Alliance Inc,All In Futuretech Alliance Inc,symbol_change_review,stockanalysis_symbol_changes,manual_review_pending_official_rename_or_symbol_reuse_evidence,P4,workflow_queue=audit_already_reflected;review_bucket=already_reflected_in_source_scope;apply_eligibility=audit_only_no_apply;verification_evidence_required=audit_only_confirm_no_canonical_change_needed,audit_only_confirm_no_canonical_change_needed,Audit-only confirmation from scoped listing records; no canonical change.,"Audit only; no ticker, listing, or name change is authorized."
C2_name_freshness,NASDAQ::GIG,GIG,US_LISTED,,"GigCapital7 Corp. Class A Ordinary Share|Hadron Energy, Inc.",Hadron Energy Inc,symbol_change_review,stockanalysis_symbol_changes,manual_review_pending_official_rename_or_symbol_reuse_evidence,P1,workflow_queue=review_duplicate_or_cross_listing;review_bucket=action_required_duplicate_or_cross_listing;apply_eligibility=requires_official_venue_confirmation;verification_evidence_required=official_exchange_directory_plus_listing_key_review_to_distinguish_duplicate_cross_listing_or_transition,official_exchange_directory_plus_listing_key_review_to_distinguish_duplicate_cross_listing_or_transition,Official exchange directory records plus listing-key review for both symbols.,"Do not change symbols until duplicate, cross-listing, or transition state is resolved listing-key by listing-key."
C2_name_freshness,ASX::BTM,BTM,OTC,,,Bitcoin Depot Inc,symbol_change_review,stockanalysis_symbol_changes,manual_review_pending_official_rename_or_symbol_reuse_evidence,P2,workflow_queue=blocked_out_of_scope_symbol_collision;review_bucket=hold_out_of_scope_symbol_collision;apply_eligibility=blocked_until_exchange_scope_resolved;verification_evidence_required=official_exchange_scope_and_non_symbol_identity_evidence_before_apply,official_exchange_scope_and_non_symbol_identity_evidence_before_apply,Official source exchange scope mapping plus non-symbol identity evidence before any symbol action.,Block apply; global symbol collision outside source scope is not symbol-change evidence.
C2_name_freshness,,BK,US_LISTED,,The Bank of New York Mellon Corporation Common Stock,Bank Of New York Mellon Corp,symbol_change_review,stockanalysis_symbol_changes,manual_review_pending_official_rename_or_symbol_reuse_evidence,P4,workflow_queue=audit_already_reflected;review_bucket=already_reflected_in_source_scope;apply_eligibility=audit_only_no_apply;verification_evidence_required=audit_only_confirm_no_canonical_change_needed,audit_only_confirm_no_canonical_change_needed,Audit-only confirmation from scoped listing records; no canonical change.,"Audit only; no ticker, listing, or name change is authorized."
C2_name_freshness,,KFS,US_LISTED,,Kingsway Corporation,Kingsway Corp,symbol_change_review,stockanalysis_symbol_changes,manual_review_pending_official_rename_or_symbol_reuse_evidence,P4,workflow_queue=audit_already_reflected;review_bucket=already_reflected_in_source_scope;apply_eligibility=audit_only_no_apply;verification_evidence_required=audit_only_confirm_no_canonical_change_needed,audit_only_confirm_no_canonical_change_needed,Audit-only confirmation from scoped listing records; no canonical change.,"Audit only; no ticker, listing, or name change is authorized."
C2_name_freshness,,IINN,US_LISTED,,QTREX Quantum Ltd,Qtrex Quantum Ltd.,symbol_change_review,stockanalysis_symbol_changes,manual_review_pending_official_rename_or_symbol_reuse_evidence,P4,workflow_queue=audit_already_reflected;review_bucket=already_reflected_in_source_scope;apply_eligibility=audit_only_no_apply;verification_evidence_required=audit_only_confirm_no_canonical_change_needed,audit_only_confirm_no_canonical_change_needed,Audit-only confirmation from scoped listing records; no canonical change.,"Audit only; no ticker, listing, or name change is authorized."
C2_name_freshness,NASDAQ::ZBAI,ZBAI,US_LISTED,,ATIF Holdings Limited,Atif Holdings Ltd.,symbol_change_review,stockanalysis_symbol_changes,manual_review_pending_official_rename_or_symbol_reuse_evidence,P1,workflow_queue=review_duplicate_or_cross_listing;review_bucket=action_required_duplicate_or_cross_listing;apply_eligibility=requires_official_venue_confirmation;verification_evidence_required=official_exchange_directory_plus_listing_key_review_to_distinguish_duplicate_cross_listing_or_transition,official_exchange_directory_plus_listing_key_review_to_distinguish_duplicate_cross_listing_or_transition,Official exchange directory records plus listing-key review for both symbols.,"Do not change symbols until duplicate, cross-listing, or transition state is resolved listing-key by listing-key."
C2_name_freshness,,XWIN,US_LISTED,,XMax Inc,Xmax Inc,symbol_change_review,stockanalysis_symbol_changes,manual_review_pending_official_rename_or_symbol_reuse_evidence,P4,workflow_queue=audit_already_reflected;review_bucket=already_reflected_in_source_scope;apply_eligibility=audit_only_no_apply;verification_evidence_required=audit_only_confirm_no_canonical_change_needed,audit_only_confirm_no_canonical_change_needed,Audit-only confirmation from scoped listing records; no canonical change.,"Audit only; no ticker, listing, or name change is authorized."
C2_name_freshness,,LGCB,US_LISTED,,Linkage Global Inc,Linkage Global Inc,symbol_change_review,stockanalysis_symbol_changes,manual_review_pending_official_rename_or_symbol_reuse_evidence,P4,workflow_queue=audit_already_reflected;review_bucket=already_reflected_in_source_scope;apply_eligibility=audit_only_no_apply;verification_evidence_required=audit_only_confirm_no_canonical_change_needed,audit_only_confirm_no_canonical_change_needed,Audit-only confirmation from scoped listing records; no canonical change.,"Audit only; no ticker, listing, or name change is authorized."
C2_name_freshness,NASDAQ::CAEP,CAEP,US_LISTED,,"Air Global PLC - Ordinary shares|Cantor Equity Partners III, Inc. Class A Ordinary Shares",Air Global PLC,symbol_change_review,stockanalysis_symbol_changes,manual_review_pending_official_rename_or_symbol_reuse_evidence,P1,workflow_queue=review_duplicate_or_cross_listing;review_bucket=action_required_duplicate_or_cross_listing;apply_eligibility=requires_official_venue_confirmation;verification_evidence_required=official_exchange_directory_plus_listing_key_review_to_distinguish_duplicate_cross_listing_or_transition,official_exchange_directory_plus_listing_key_review_to_distinguish_duplicate_cross_listing_or_transition,Official exchange directory records plus listing-key review for both symbols.,"Do not change symbols until duplicate, cross-listing, or transition state is resolved listing-key by listing-key."
C2_name_freshness,,AGH,US_LISTED,,Aureus Greenway Holdings Inc,Aureus Greenway Holdings Inc,symbol_change_review,stockanalysis_symbol_changes,manual_review_pending_official_rename_or_symbol_reuse_evidence,P4,workflow_queue=audit_already_reflected;review_bucket=already_reflected_in_source_scope;apply_eligibility=audit_only_no_apply;verification_evidence_required=audit_only_confirm_no_canonical_change_needed,audit_only_confirm_no_canonical_change_needed,Audit-only confirmation from scoped listing records; no canonical change.,"Audit only; no ticker, listing, or name change is authorized."
C2_name_freshness,,RVYL,US_LISTED,,Ryvyl Inc,Rtb Digital Inc,symbol_change_review,stockanalysis_symbol_changes,manual_review_pending_official_rename_or_symbol_reuse_evidence,P4,workflow_queue=audit_already_reflected;review_bucket=already_reflected_in_source_scope;apply_eligibility=audit_only_no_apply;verification_evidence_required=audit_only_confirm_no_canonical_change_needed,audit_only_confirm_no_canonical_change_needed,Audit-only confirmation from scoped listing records; no canonical change.,"Audit only; no ticker, listing, or name change is authorized."
C2_name_freshness,,FIHL,US_LISTED,,Pelagos Insurance Capital Ltd,Pelagos Insurance Capital Ltd.,symbol_change_review,stockanalysis_symbol_changes,manual_review_pending_official_rename_or_symbol_reuse_evidence,P4,workflow_queue=audit_already_reflected;review_bucket=already_reflected_in_source_scope;apply_eligibility=audit_only_no_apply;verification_evidence_required=audit_only_confirm_no_canonical_change_needed,audit_only_confirm_no_canonical_change_needed,Audit-only confirmation from scoped listing records; no canonical change.,"Audit only; no ticker, listing, or name change is authorized."
C2_name_freshness,,WLAC,US_LISTED,,Boost Run Inc,Boost Run Inc,symbol_change_review,stockanalysis_symbol_changes,manual_review_pending_official_rename_or_symbol_reuse_evidence,P4,workflow_queue=audit_already_reflected;review_bucket=already_reflected_in_source_scope;apply_eligibility=audit_only_no_apply;verification_evidence_required=audit_only_confirm_no_canonical_change_needed,audit_only_confirm_no_canonical_change_needed,Audit-only confirmation from scoped listing records; no canonical change.,"Audit only; no ticker, listing, or name change is authorized."
C2_name_freshness,OTC::WIZEY,WIZEY,US_LISTED,,Wise Group plc,Wise Group PLC,symbol_change_review,stockanalysis_symbol_changes,manual_review_pending_official_rename_or_symbol_reuse_evidence,P4,workflow_queue=audit_already_reflected;review_bucket=already_reflected_in_scope_with_global_symbol_collision;apply_eligibility=audit_only_no_apply;verification_evidence_required=audit_only_confirm_no_canonical_change_needed,audit_only_confirm_no_canonical_change_needed,Audit-only comparison against official scoped exchange evidence; no canonical change.,"Audit only; no ticker, listing, or name change is authorized."
C2_name_freshness,,GLPG,US_LISTED,,Lakefront Biotherapeutics NV,Lakefront Biotherapeutics Nv,symbol_change_review,stockanalysis_symbol_changes,manual_review_pending_official_rename_or_symbol_reuse_evidence,P4,workflow_queue=audit_already_reflected;review_bucket=already_reflected_in_source_scope;apply_eligibility=audit_only_no_apply;verification_evidence_required=audit_only_confirm_no_canonical_change_needed,audit_only_confirm_no_canonical_change_needed,Audit-only confirmation from scoped listing records; no canonical change.,"Audit only; no ticker, listing, or name change is authorized."
C2_name_freshness,,EXPI,US_LISTED,,eXp World Holdings Inc,Agnt Inc,symbol_change_review,stockanalysis_symbol_changes,manual_review_pending_official_rename_or_symbol_reuse_evidence,P4,workflow_queue=audit_already_reflected;review_bucket=already_reflected_in_source_scope;apply_eligibility=audit_only_no_apply;verification_evidence_required=audit_only_confirm_no_canonical_change_needed,audit_only_confirm_no_canonical_change_needed,Audit-only confirmation from scoped listing records; no canonical change.,"Audit only; no ticker, listing, or name change is authorized."
C2_name_freshness,,EKSO,US_LISTED,,ChronoScale Corporation,Chronoscale Holdings Corp,symbol_change_review,stockanalysis_symbol_changes,manual_review_pending_official_rename_or_symbol_reuse_evidence,P4,workflow_queue=audit_already_reflected;review_bucket=already_reflected_in_source_scope;apply_eligibility=audit_only_no_apply;verification_evidence_required=audit_only_confirm_no_canonical_change_needed,audit_only_confirm_no_canonical_change_needed,Audit-only confirmation from scoped listing records; no canonical change.,"Audit only; no ticker, listing, or name change is authorized."
C2_name_freshness,ASX::MEG|WSE::MEG,MEG,US_LISTED,,"Onterris, Inc. Common Stock",Onterris Inc,symbol_change_review,stockanalysis_symbol_changes,manual_review_pending_official_rename_or_symbol_reuse_evidence,P4,workflow_queue=audit_already_reflected;review_bucket=already_reflected_in_scope_with_global_symbol_collision;apply_eligibility=audit_only_no_apply;verification_evidence_required=audit_only_confirm_no_canonical_change_needed,audit_only_confirm_no_canonical_change_needed,Audit-only comparison against official scoped exchange evidence; no canonical change.,"Audit only; no ticker, listing, or name change is authorized."
C2_name_freshness,,VBIX,US_LISTED,,Quantum X Labs Inc,Quantum X Labs Inc,symbol_change_review,stockanalysis_symbol_changes,manual_review_pending_official_rename_or_symbol_reuse_evidence,P4,workflow_queue=audit_already_reflected;review_bucket=already_reflected_in_source_scope;apply_eligibility=audit_only_no_apply;verification_evidence_required=audit_only_confirm_no_canonical_change_needed,audit_only_confirm_no_canonical_change_needed,Audit-only confirmation from scoped listing records; no canonical change.,"Audit only; no ticker, listing, or name change is authorized."
C2_name_freshness,,MIGI,US_LISTED,,"Big Digital Energy, Inc.",Big Digital Energy Inc,symbol_change_review,stockanalysis_symbol_changes,manual_review_pending_official_rename_or_symbol_reuse_evidence,P4,workflow_queue=audit_already_reflected;review_bucket=already_reflected_in_source_scope;apply_eligibility=audit_only_no_apply;verification_evidence_required=audit_only_confirm_no_canonical_change_needed,audit_only_confirm_no_canonical_change_needed,Audit-only confirmation from scoped listing records; no canonical change.,"Audit only; no ticker, listing, or name change is authorized."
C2_name_freshness,,ETHM,US_LISTED,,,Dynamix Corp,symbol_change_review,stockanalysis_symbol_changes,manual_review_pending_official_rename_or_symbol_reuse_evidence,P3,workflow_queue=document_no_dataset_match;review_bucket=no_dataset_match_for_source_scope;apply_eligibility=no_dataset_action_without_scope_mapping;verification_evidence_required=official_exchange_scope_mapping_or_ignore_as_external_non_dataset_event,official_exchange_scope_mapping_or_ignore_as_external_non_dataset_event,"Official exchange scope mapping, or document the event as outside the dataset.",No dataset action without scoped official mapping to an existing or intended listing.
C2_name_freshness,,SBLX,US_LISTED,,"Fabric.AI, Inc.",Fabricai Inc,symbol_change_review,stockanalysis_symbol_changes,manual_review_pending_official_rename_or_symbol_reuse_evidence,P4,workflow_queue=audit_already_reflected;review_bucket=already_reflected_in_source_scope;apply_eligibility=audit_only_no_apply;verification_evidence_required=audit_only_confirm_no_canonical_change_needed,audit_only_confirm_no_canonical_change_needed,Audit-only confirmation from scoped listing records; no canonical change.,"Audit only; no ticker, listing, or name change is authorized."
C2_name_freshness,NASDAQ::ALTS,ALTS,US_LISTED,,AI Financial Corporation|ALT5 Sigma Corporation,Ai Financial Corp,symbol_change_review,stockanalysis_symbol_changes,manual_review_pending_official_rename_or_symbol_reuse_evidence,P1,workflow_queue=review_duplicate_or_cross_listing;review_bucket=action_required_duplicate_or_cross_listing;apply_eligibility=requires_official_venue_confirmation;verification_evidence_required=official_exchange_directory_plus_listing_key_review_to_distinguish_duplicate_cross_listing_or_transition,official_exchange_directory_plus_listing_key_review_to_distinguish_duplicate_cross_listing_or_transition,Official exchange directory records plus listing-key review for both symbols.,"Do not change symbols until duplicate, cross-listing, or transition state is resolved listing-key by listing-key."
C2_name_freshness,,TIVC,US_LISTED,,"Valion Bio, Inc. - Common stock",Valion Bio Inc,symbol_change_review,stockanalysis_symbol_changes,manual_review_pending_official_rename_or_symbol_reuse_evidence,P4,workflow_queue=audit_already_reflected;review_bucket=already_reflected_in_source_scope;apply_eligibility=audit_only_no_apply;verification_evidence_required=audit_only_confirm_no_canonical_change_needed,audit_only_confirm_no_canonical_change_needed,Audit-only confirmation from scoped listing records; no canonical change.,"Audit only; no ticker, listing, or name change is authorized."
C2_name_freshness,,COEP,US_LISTED,,Z Squared Inc,Z Squared Inc,symbol_change_review,stockanalysis_symbol_changes,manual_review_pending_official_rename_or_symbol_reuse_evidence,P4,workflow_queue=audit_already_reflected;review_bucket=already_reflected_in_source_scope;apply_eligibility=audit_only_no_apply;verification_evidence_required=audit_only_confirm_no_canonical_change_needed,audit_only_confirm_no_canonical_change_needed,Audit-only confirmation from scoped listing records; no canonical change.,"Audit only; no ticker, listing, or name change is authorized."
C2_name_freshness,,QVCGA,OTC,,,Qvc Group Inc,symbol_change_review,stockanalysis_symbol_changes,manual_review_pending_official_rename_or_symbol_reuse_evidence,P2,workflow_queue=blocked_out_of_scope_symbol_collision;review_bucket=hold_out_of_scope_symbol_collision;apply_eligibility=blocked_until_exchange_scope_resolved;verification_evidence_required=official_exchange_scope_and_non_symbol_identity_evidence_before_apply,official_exchange_scope_and_non_symbol_identity_evidence_before_apply,Official source exchange scope mapping plus non-symbol identity evidence before any symbol action.,Block apply; global symbol collision outside source scope is not symbol-change evidence.
C2_name_freshness,,ASGN,US_LISTED,,"Everforth, Inc. Common Stock",Everforth Inc,symbol_change_review,stockanalysis_symbol_changes,manual_review_pending_official_rename_or_symbol_reuse_evidence,P4,workflow_queue=audit_already_reflected;review_bucket=already_reflected_in_source_scope;apply_eligibility=audit_only_no_apply;verification_evidence_required=audit_only_confirm_no_canonical_change_needed,audit_only_confirm_no_canonical_change_needed,Audit-only confirmation from scoped listing records; no canonical change.,"Audit only; no ticker, listing, or name change is authorized."
C2_name_freshness,NASDAQ::ATON,ATON,US_LISTED,,Alpha Compute Corp,Alpha Compute Corp,symbol_change_review,stockanalysis_symbol_changes,manual_review_pending_official_rename_or_symbol_reuse_evidence,P1,workflow_queue=review_duplicate_or_cross_listing;review_bucket=action_required_duplicate_or_cross_listing;apply_eligibility=requires_official_venue_confirmation;verification_evidence_required=official_exchange_directory_plus_listing_key_review_to_distinguish_duplicate_cross_listing_or_transition,official_exchange_directory_plus_listing_key_review_to_distinguish_duplicate_cross_listing_or_transition,Official exchange directory records plus listing-key review for both symbols.,"Do not change symbols until duplicate, cross-listing, or transition state is resolved listing-key by listing-key."
C2_name_freshness,,PSTG,US_LISTED,,"Everpure, Inc. Class A common stock",Everpure Inc,symbol_change_review,stockanalysis_symbol_changes,manual_review_pending_official_rename_or_symbol_reuse_evidence,P4,workflow_queue=audit_already_reflected;review_bucket=already_reflected_in_source_scope;apply_eligibility=audit_only_no_apply;verification_evidence_required=audit_only_confirm_no_canonical_change_needed,audit_only_confirm_no_canonical_change_needed,Audit-only confirmation from scoped listing records; no canonical change.,"Audit only; no ticker, listing, or name change is authorized."
C2_name_freshness,,ZGM,US_LISTED,,Zenta Group Company Limited,Zenta Group Co Ltd.,symbol_change_review,stockanalysis_symbol_changes,manual_review_pending_official_rename_or_symbol_reuse_evidence,P4,workflow_queue=audit_already_reflected;review_bucket=already_reflected_in_source_scope;apply_eligibility=audit_only_no_apply;verification_evidence_required=audit_only_confirm_no_canonical_change_needed,audit_only_confirm_no_canonical_change_needed,Audit-only confirmation from scoped listing records; no canonical change.,"Audit only; no ticker, listing, or name change is authorized."
C2_name_freshness,NASDAQ::CIGL,CIGL,US_LISTED,,Concorde International Group Ltd|Concorde International Group Ltd - Class A Ordinary Shares,Concorde International Group Ltd.,symbol_change_review,stockanalysis_symbol_changes,manual_review_pending_official_rename_or_symbol_reuse_evidence,P1,workflow_queue=review_duplicate_or_cross_listing;review_bucket=action_required_duplicate_or_cross_listing;apply_eligibility=requires_official_venue_confirmation;verification_evidence_required=official_exchange_directory_plus_listing_key_review_to_distinguish_duplicate_cross_listing_or_transition,official_exchange_directory_plus_listing_key_review_to_distinguish_duplicate_cross_listing_or_transition,Official exchange directory records plus listing-key review for both symbols.,"Do not change symbols until duplicate, cross-listing, or transition state is resolved listing-key by listing-key."
C2_name_freshness,,HYAC,US_LISTED,,"Suncrete, Inc.",Suncrete Inc,symbol_change_review,stockanalysis_symbol_changes,manual_review_pending_official_rename_or_symbol_reuse_evidence,P4,workflow_queue=audit_already_reflected;review_bucket=already_reflected_in_source_scope;apply_eligibility=audit_only_no_apply;verification_evidence_required=audit_only_confirm_no_canonical_change_needed,audit_only_confirm_no_canonical_change_needed,Audit-only confirmation from scoped listing records; no canonical change.,"Audit only; no ticker, listing, or name change is authorized."
C2_name_freshness,,CAPT,OTC,,,Captivision Inc,symbol_change_review,stockanalysis_symbol_changes,manual_review_pending_official_rename_or_symbol_reuse_evidence,P2,workflow_queue=blocked_out_of_scope_symbol_collision;review_bucket=hold_out_of_scope_symbol_collision;apply_eligibility=blocked_until_exchange_scope_resolved;verification_evidence_required=official_exchange_scope_and_non_symbol_identity_evidence_before_apply,official_exchange_scope_and_non_symbol_identity_evidence_before_apply,Official source exchange scope mapping plus non-symbol identity evidence before any symbol action.,Block apply; global symbol collision outside source scope is not symbol-change evidence.
C2_name_freshness,,DCOMG,US_LISTED,,,Dime Commercial Bancshares Inc,symbol_change_review,stockanalysis_symbol_changes,manual_review_pending_official_rename_or_symbol_reuse_evidence,P3,workflow_queue=document_no_dataset_match;review_bucket=no_dataset_match_for_source_scope;apply_eligibility=no_dataset_action_without_scope_mapping;verification_evidence_required=official_exchange_scope_mapping_or_ignore_as_external_non_dataset_event,official_exchange_scope_mapping_or_ignore_as_external_non_dataset_event,"Official exchange scope mapping, or document the event as outside the dataset.",No dataset action without scoped official mapping to an existing or intended listing.
C2_name_freshness,,NBY,US_LISTED,,Stablecoin Development Corporation,Stablecoin Development Corp,symbol_change_review,stockanalysis_symbol_changes,manual_review_pending_official_rename_or_symbol_reuse_evidence,P4,workflow_queue=audit_already_reflected;review_bucket=already_reflected_in_source_scope;apply_eligibility=audit_only_no_apply;verification_evidence_required=audit_only_confirm_no_canonical_change_needed,audit_only_confirm_no_canonical_change_needed,Audit-only confirmation from scoped listing records; no canonical change.,"Audit only; no ticker, listing, or name change is authorized."
C2_name_freshness,,BITF,US_LISTED,,Keel Infrastructure Corp.,Keel Infrastructure Corp,symbol_change_review,stockanalysis_symbol_changes,manual_review_pending_official_rename_or_symbol_reuse_evidence,P4,workflow_queue=audit_already_reflected;review_bucket=already_reflected_in_source_scope;apply_eligibility=audit_only_no_apply;verification_evidence_required=audit_only_confirm_no_canonical_change_needed,audit_only_confirm_no_canonical_change_needed,Audit-only confirmation from scoped listing records; no canonical change.,"Audit only; no ticker, listing, or name change is authorized."
C2_name_freshness,NASDAQ::QH,QH,OTC,,,Quhuo Ltd.,symbol_change_review,stockanalysis_symbol_changes,manual_review_pending_official_rename_or_symbol_reuse_evidence,P2,workflow_queue=blocked_out_of_scope_symbol_collision;review_bucket=hold_out_of_scope_symbol_collision;apply_eligibility=blocked_until_exchange_scope_resolved;verification_evidence_required=official_exchange_scope_and_non_symbol_identity_evidence_before_apply,official_exchange_scope_and_non_symbol_identity_evidence_before_apply,Official source exchange scope mapping plus non-symbol identity evidence before any symbol action.,Block apply; global symbol collision outside source scope is not symbol-change evidence.
C2_name_freshness,,VCIC,US_LISTED,,CoinShares PLC,Coinshares PLC,symbol_change_review,stockanalysis_symbol_changes,manual_review_pending_official_rename_or_symbol_reuse_evidence,P4,workflow_queue=audit_already_reflected;review_bucket=already_reflected_in_source_scope;apply_eligibility=audit_only_no_apply;verification_evidence_required=audit_only_confirm_no_canonical_change_needed,audit_only_confirm_no_canonical_change_needed,Audit-only confirmation from scoped listing records; no canonical change.,"Audit only; no ticker, listing, or name change is authorized."
C2_name_freshness,,JFBR,US_LISTED,,Nexera Technologies Ltd,Nexera Technologies Ltd.,symbol_change_review,stockanalysis_symbol_changes,manual_review_pending_official_rename_or_symbol_reuse_evidence,P4,workflow_queue=audit_already_reflected;review_bucket=already_reflected_in_source_scope;apply_eligibility=audit_only_no_apply;verification_evidence_required=audit_only_confirm_no_canonical_change_needed,audit_only_confirm_no_canonical_change_needed,Audit-only confirmation from scoped listing records; no canonical change.,"Audit only; no ticker, listing, or name change is authorized."
C2_name_freshness,,TBMC,US_LISTED,,"Cyabra, Inc. Common Stock",Cyabra Inc,symbol_change_review,stockanalysis_symbol_changes,manual_review_pending_official_rename_or_symbol_reuse_evidence,P4,workflow_queue=audit_already_reflected;review_bucket=already_reflected_in_source_scope;apply_eligibility=audit_only_no_apply;verification_evidence_required=audit_only_confirm_no_canonical_change_needed,audit_only_confirm_no_canonical_change_needed,Audit-only confirmation from scoped listing records; no canonical change.,"Audit only; no ticker, listing, or name change is authorized."
C2_name_freshness,,CHAC,US_LISTED,,Xanadu Quantum Technologies Limited Class B Subordinate Voting Shares,Xanadu Quantum Technologies Ltd.,symbol_change_review,stockanalysis_symbol_changes,manual_review_pending_official_rename_or_symbol_reuse_evidence,P4,workflow_queue=audit_already_reflected;review_bucket=already_reflected_in_source_scope;apply_eligibility=audit_only_no_apply;verification_evidence_required=audit_only_confirm_no_canonical_change_needed,audit_only_confirm_no_canonical_change_needed,Audit-only confirmation from scoped listing records; no canonical change.,"Audit only; no ticker, listing, or name change is authorized."
C2_name_freshness,NASDAQ::PELI,PELI,US_LISTED,,Greenland Energy Company Common Stock|Pelican Acquisition Corporation Ordinary Shares,Greenland Energy Co.,symbol_change_review,stockanalysis_symbol_changes,manual_review_pending_official_rename_or_symbol_reuse_evidence,P1,workflow_queue=review_duplicate_or_cross_listing;review_bucket=action_required_duplicate_or_cross_listing;apply_eligibility=requires_official_venue_confirmation;verification_evidence_required=official_exchange_directory_plus_listing_key_review_to_distinguish_duplicate_cross_listing_or_transition,official_exchange_directory_plus_listing_key_review_to_distinguish_duplicate_cross_listing_or_transition,Official exchange directory records plus listing-key review for both symbols.,"Do not change symbols until duplicate, cross-listing, or transition state is resolved listing-key by listing-key."
C2_name_freshness,,BACQ,US_LISTED,,"Merlin, Inc.",Merlin Inc,symbol_change_review,stockanalysis_symbol_changes,manual_review_pending_official_rename_or_symbol_reuse_evidence,P4,workflow_queue=audit_already_reflected;review_bucket=already_reflected_in_source_scope;apply_eligibility=audit_only_no_apply;verification_evidence_required=audit_only_confirm_no_canonical_change_needed,audit_only_confirm_no_canonical_change_needed,Audit-only confirmation from scoped listing records; no canonical change.,"Audit only; no ticker, listing, or name change is authorized."
C2_name_freshness,,GIXXU,US_LISTED,,GigCapital9 Corp.,Gigcapital9 Corp,symbol_change_review,stockanalysis_symbol_changes,manual_review_pending_official_rename_or_symbol_reuse_evidence,P4,workflow_queue=audit_already_reflected;review_bucket=already_reflected_in_source_scope;apply_eligibility=audit_only_no_apply;verification_evidence_required=audit_only_confirm_no_canonical_change_needed,audit_only_confirm_no_canonical_change_needed,Audit-only confirmation from scoped listing records; no canonical change.,"Audit only; no ticker, listing, or name change is authorized."
C2_name_freshness,,ULY,OTC,,,Urgently Inc,symbol_change_review,stockanalysis_symbol_changes,manual_review_pending_official_rename_or_symbol_reuse_evidence,P3,workflow_queue=document_no_dataset_match;review_bucket=no_dataset_match_for_source_scope;apply_eligibility=no_dataset_action_without_scope_mapping;verification_evidence_required=official_exchange_scope_mapping_or_ignore_as_external_non_dataset_event,official_exchange_scope_mapping_or_ignore_as_external_non_dataset_event,"Official exchange scope mapping, or document the event as outside the dataset.",No dataset action without scoped official mapping to an existing or intended listing.
C2_name_freshness,NASDAQ::VVPR,VVPR,US_LISTED,,VivoPower International PLC|VivoPower PLC,Vivopower PLC,symbol_change_review,stockanalysis_symbol_changes,manual_review_pending_official_rename_or_symbol_reuse_evidence,P1,workflow_queue=review_duplicate_or_cross_listing;review_bucket=action_required_duplicate_or_cross_listing;apply_eligibility=requires_official_venue_confirmation;verification_evidence_required=official_exchange_directory_plus_listing_key_review_to_distinguish_duplicate_cross_listing_or_transition,official_exchange_directory_plus_listing_key_review_to_distinguish_duplicate_cross_listing_or_transition,Official exchange directory records plus listing-key review for both symbols.,"Do not change symbols until duplicate, cross-listing, or transition state is resolved listing-key by listing-key."
C2_name_freshness,,LITM,US_LISTED,,Frontier Nuclear and Minerals Inc.,Frontier Nuclear & Minerals Inc,symbol_change_review,stockanalysis_symbol_changes,manual_review_pending_official_rename_or_symbol_reuse_evidence,P4,workflow_queue=audit_already_reflected;review_bucket=already_reflected_in_source_scope;apply_eligibility=audit_only_no_apply;verification_evidence_required=audit_only_confirm_no_canonical_change_needed,audit_only_confirm_no_canonical_change_needed,Audit-only confirmation from scoped listing records; no canonical change.,"Audit only; no ticker, listing, or name change is authorized."
C2_name_freshness,,MYNZ,US_LISTED,,Quantum Cyber N.V.,Quantum Cyber Nv,symbol_change_review,stockanalysis_symbol_changes,manual_review_pending_official_rename_or_symbol_reuse_evidence,P4,workflow_queue=audit_already_reflected;review_bucket=already_reflected_in_source_scope;apply_eligibility=audit_only_no_apply;verification_evidence_required=audit_only_confirm_no_canonical_change_needed,audit_only_confirm_no_canonical_change_needed,Audit-only confirmation from scoped listing records; no canonical change.,"Audit only; no ticker, listing, or name change is authorized."
C2_name_freshness,,KLTO,US_LISTED,,Greenland Mines Ltd,Greenland Mines Ltd.,symbol_change_review,stockanalysis_symbol_changes,manual_review_pending_official_rename_or_symbol_reuse_evidence,P4,workflow_queue=audit_already_reflected;review_bucket=already_reflected_in_source_scope;apply_eligibility=audit_only_no_apply;verification_evidence_required=audit_only_confirm_no_canonical_change_needed,audit_only_confirm_no_canonical_change_needed,Audit-only confirmation from scoped listing records; no canonical change.,"Audit only; no ticker, listing, or name change is authorized."
C2_name_freshness,,GLTO,US_LISTED,,"Damora Therapeutics, Inc.",Damora Therapeutics Inc,symbol_change_review,stockanalysis_symbol_changes,manual_review_pending_official_rename_or_symbol_reuse_evidence,P4,workflow_queue=audit_already_reflected;review_bucket=already_reflected_in_source_scope;apply_eligibility=audit_only_no_apply;verification_evidence_required=audit_only_confirm_no_canonical_change_needed,audit_only_confirm_no_canonical_change_needed,Audit-only confirmation from scoped listing records; no canonical change.,"Audit only; no ticker, listing, or name change is authorized."
C2_name_freshness,,FTEL,US_LISTED,,GMEX ROBOTICS CORPORATION,Gmex Robotics Corp,symbol_change_review,stockanalysis_symbol_changes,manual_review_pending_official_rename_or_symbol_reuse_evidence,P4,workflow_queue=audit_already_reflected;review_bucket=already_reflected_in_source_scope;apply_eligibility=audit_only_no_apply;verification_evidence_required=audit_only_confirm_no_canonical_change_needed,audit_only_confirm_no_canonical_change_needed,Audit-only confirmation from scoped listing records; no canonical change.,"Audit only; no ticker, listing, or name change is authorized."
C2_name_freshness,,SAVA,US_LISTED,,"Filana Therapeutics, Inc.",Filana Therapeutics Inc,symbol_change_review,stockanalysis_symbol_changes,manual_review_pending_official_rename_or_symbol_reuse_evidence,P4,workflow_queue=audit_already_reflected;review_bucket=already_reflected_in_source_scope;apply_eligibility=audit_only_no_apply;verification_evidence_required=audit_only_confirm_no_canonical_change_needed,audit_only_confirm_no_canonical_change_needed,Audit-only confirmation from scoped listing records; no canonical change.,"Audit only; no ticker, listing, or name change is authorized."
C2_name_freshness,,ESGL,US_LISTED,,OIO Group,Oio Group,symbol_change_review,stockanalysis_symbol_changes,manual_review_pending_official_rename_or_symbol_reuse_evidence,P4,workflow_queue=audit_already_reflected;review_bucket=already_reflected_in_source_scope;apply_eligibility=audit_only_no_apply;verification_evidence_required=audit_only_confirm_no_canonical_change_needed,audit_only_confirm_no_canonical_change_needed,Audit-only confirmation from scoped listing records; no canonical change.,"Audit only; no ticker, listing, or name change is authorized."
C2_name_freshness,WSE::IMG,IMG,OTC,,CIMG Inc.,Cimg Inc,symbol_change_review,stockanalysis_symbol_changes,manual_review_pending_official_rename_or_symbol_reuse_evidence,P4,workflow_queue=audit_already_reflected;review_bucket=already_reflected_in_scope_with_global_symbol_collision;apply_eligibility=audit_only_no_apply;verification_evidence_required=audit_only_confirm_no_canonical_change_needed,audit_only_confirm_no_canonical_change_needed,Audit-only comparison against official scoped exchange evidence; no canonical change.,"Audit only; no ticker, listing, or name change is authorized."
C2_name_freshness,,GMGI,US_LISTED,,Meridian Holdings Inc,Meridian Holdings Inc,symbol_change_review,stockanalysis_symbol_changes,manual_review_pending_official_rename_or_symbol_reuse_evidence,P4,workflow_queue=audit_already_reflected;review_bucket=already_reflected_in_source_scope;apply_eligibility=audit_only_no_apply;verification_evidence_required=audit_only_confirm_no_canonical_change_needed,audit_only_confirm_no_canonical_change_needed,Audit-only confirmation from scoped listing records; no canonical change.,"Audit only; no ticker, listing, or name change is authorized."
C2_name_freshness,,TSE,,,Trinseo PLC,Trinseo PLC,symbol_change_review,stockanalysis_symbol_changes,manual_review_pending_official_rename_or_symbol_reuse_evidence,P2,workflow_queue=blocked_missing_source_scope_mapping;review_bucket=manual_scope_mapping_required;apply_eligibility=blocked_until_exchange_scope_resolved;verification_evidence_required=source_exchange_mapping_before_any_symbol_change_review,source_exchange_mapping_before_any_symbol_change_review,Documented source-to-exchange scope mapping before symbol-change review.,Block review until the secondary feed event is mapped to an exchange scope.
C2_name_freshness,,ETHZ,US_LISTED,,"Forum Markets, Incorporated",Forum Markets Inc,symbol_change_review,stockanalysis_symbol_changes,manual_review_pending_official_rename_or_symbol_reuse_evidence,P4,workflow_queue=audit_already_reflected;review_bucket=already_reflected_in_source_scope;apply_eligibility=audit_only_no_apply;verification_evidence_required=audit_only_confirm_no_canonical_change_needed,audit_only_confirm_no_canonical_change_needed,Audit-only confirmation from scoped listing records; no canonical change.,"Audit only; no ticker, listing, or name change is authorized."
C2_name_freshness,,NITO,US_LISTED,,Nexentis Technologies Inc.,Nexentis Technologies Inc,symbol_change_review,stockanalysis_symbol_changes,manual_review_pending_official_rename_or_symbol_reuse_evidence,P4,workflow_queue=audit_already_reflected;review_bucket=already_reflected_in_source_scope;apply_eligibility=audit_only_no_apply;verification_evidence_required=audit_only_confirm_no_canonical_change_needed,audit_only_confirm_no_canonical_change_needed,Audit-only confirmation from scoped listing records; no canonical change.,"Audit only; no ticker, listing, or name change is authorized."
C2_name_freshness,,BLBX,US_LISTED,,REalloys Inc.,Realloys Inc,symbol_change_review,stockanalysis_symbol_changes,manual_review_pending_official_rename_or_symbol_reuse_evidence,P4,workflow_queue=audit_already_reflected;review_bucket=already_reflected_in_source_scope;apply_eligibility=audit_only_no_apply;verification_evidence_required=audit_only_confirm_no_canonical_change_needed,audit_only_confirm_no_canonical_change_needed,Audit-only confirmation from scoped listing records; no canonical change.,"Audit only; no ticker, listing, or name change is authorized."
C2_name_freshness,,RYI,US_LISTED,,Ryerson Holding Corporation,Ryerson Holding Corp,symbol_change_review,stockanalysis_symbol_changes,manual_review_pending_official_rename_or_symbol_reuse_evidence,P4,workflow_queue=audit_already_reflected;review_bucket=already_reflected_in_source_scope;apply_eligibility=audit_only_no_apply;verification_evidence_required=audit_only_confirm_no_canonical_change_needed,audit_only_confirm_no_canonical_change_needed,Audit-only confirmation from scoped listing records; no canonical change.,"Audit only; no ticker, listing, or name change is authorized."
C2_name_freshness,,ATGE,US_LISTED,,Covista Inc.,Covista Inc,symbol_change_review,stockanalysis_symbol_changes,manual_review_pending_official_rename_or_symbol_reuse_evidence,P4,workflow_queue=audit_already_reflected;review_bucket=already_reflected_in_source_scope;apply_eligibility=audit_only_no_apply;verification_evidence_required=audit_only_confirm_no_canonical_change_needed,audit_only_confirm_no_canonical_change_needed,Audit-only confirmation from scoped listing records; no canonical change.,"Audit only; no ticker, listing, or name change is authorized."
C2_name_freshness,NYSE ARCA::KBFR,KBFR,OTC,,,Lavoro Ltd.,symbol_change_review,stockanalysis_symbol_changes,manual_review_pending_official_rename_or_symbol_reuse_evidence,P2,workflow_queue=blocked_out_of_scope_symbol_collision;review_bucket=hold_out_of_scope_symbol_collision;apply_eligibility=blocked_until_exchange_scope_resolved;verification_evidence_required=official_exchange_scope_and_non_symbol_identity_evidence_before_apply,official_exchange_scope_and_non_symbol_identity_evidence_before_apply,Official source exchange scope mapping plus non-symbol identity evidence before any symbol action.,Block apply; global symbol collision outside source scope is not symbol-change evidence.
C2_name_freshness,,GMRE,US_LISTED,,Chiron Real Estate Inc.,Chiron Real Estate Inc,symbol_change_review,stockanalysis_symbol_changes,manual_review_pending_official_rename_or_symbol_reuse_evidence,P4,workflow_queue=audit_already_reflected;review_bucket=already_reflected_in_source_scope;apply_eligibility=audit_only_no_apply;verification_evidence_required=audit_only_confirm_no_canonical_change_needed,audit_only_confirm_no_canonical_change_needed,Audit-only confirmation from scoped listing records; no canonical change.,"Audit only; no ticker, listing, or name change is authorized."
C2_name_freshness,Borsa Italiana::ABP,ABP,OTC,,,Abpro Holdings Inc,symbol_change_review,stockanalysis_symbol_changes,manual_review_pending_official_rename_or_symbol_reuse_evidence,P2,workflow_queue=blocked_out_of_scope_symbol_collision;review_bucket=hold_out_of_scope_symbol_collision;apply_eligibility=blocked_until_exchange_scope_resolved;verification_evidence_required=official_exchange_scope_and_non_symbol_identity_evidence_before_apply,official_exchange_scope_and_non_symbol_identity_evidence_before_apply,Official source exchange scope mapping plus non-symbol identity evidence before any symbol action.,Block apply; global symbol collision outside source scope is not symbol-change evidence.
C2_name_freshness,,VRAR,US_LISTED,,"The Glimpse Group, Inc.",Glimpse Group Inc,symbol_change_review,stockanalysis_symbol_changes,manual_review_pending_official_rename_or_symbol_reuse_evidence,P4,workflow_queue=audit_already_reflected;review_bucket=already_reflected_in_source_scope;apply_eligibility=audit_only_no_apply;verification_evidence_required=audit_only_confirm_no_canonical_change_needed,audit_only_confirm_no_canonical_change_needed,Audit-only confirmation from scoped listing records; no canonical change.,"Audit only; no ticker, listing, or name change is authorized."
C2_name_freshness,,ARMN,US_LISTED,,Aris Mining Corporation,Aris Mining Corp,symbol_change_review,stockanalysis_symbol_changes,manual_review_pending_official_rename_or_symbol_reuse_evidence,P4,workflow_queue=audit_already_reflected;review_bucket=already_reflected_in_source_scope;apply_eligibility=audit_only_no_apply;verification_evidence_required=audit_only_confirm_no_canonical_change_needed,audit_only_confirm_no_canonical_change_needed,Audit-only confirmation from scoped listing records; no canonical change.,"Audit only; no ticker, listing, or name change is authorized."
C2_name_freshness,,THAR,US_LISTED,,"Canton Strategic Holdings, Inc.",Canton Strategic Holdings Inc,symbol_change_review,stockanalysis_symbol_changes,manual_review_pending_official_rename_or_symbol_reuse_evidence,P4,workflow_queue=audit_already_reflected;review_bucket=already_reflected_in_source_scope;apply_eligibility=audit_only_no_apply;verification_evidence_required=audit_only_confirm_no_canonical_change_needed,audit_only_confirm_no_canonical_change_needed,Audit-only confirmation from scoped listing records; no canonical change.,"Audit only; no ticker, listing, or name change is authorized."
C2_name_freshness,,NISN,US_LISTED,,AIOS Tech Inc.,Aios Tech Inc,symbol_change_review,stockanalysis_symbol_changes,manual_review_pending_official_rename_or_symbol_reuse_evidence,P4,workflow_queue=audit_already_reflected;review_bucket=already_reflected_in_source_scope;apply_eligibility=audit_only_no_apply;verification_evidence_required=audit_only_confirm_no_canonical_change_needed,audit_only_confirm_no_canonical_change_needed,Audit-only confirmation from scoped listing records; no canonical change.,"Audit only; no ticker, listing, or name change is authorized."
C2_name_freshness,,PX,US_LISTED,,"Ridgepost Capital, Inc",Ridgepost Capital Inc,symbol_change_review,stockanalysis_symbol_changes,manual_review_pending_official_rename_or_symbol_reuse_evidence,P4,workflow_queue=audit_already_reflected;review_bucket=already_reflected_in_source_scope;apply_eligibility=audit_only_no_apply;verification_evidence_required=audit_only_confirm_no_canonical_change_needed,audit_only_confirm_no_canonical_change_needed,Audit-only confirmation from scoped listing records; no canonical change.,"Audit only; no ticker, listing, or name change is authorized."
C2_name_freshness,,NUKK,US_LISTED,,T3 Defense Inc,T3 Defense Inc,symbol_change_review,stockanalysis_symbol_changes,manual_review_pending_official_rename_or_symbol_reuse_evidence,P4,workflow_queue=audit_already_reflected;review_bucket=already_reflected_in_source_scope;apply_eligibility=audit_only_no_apply;verification_evidence_required=audit_only_confirm_no_canonical_change_needed,audit_only_confirm_no_canonical_change_needed,Audit-only confirmation from scoped listing records; no canonical change.,"Audit only; no ticker, listing, or name change is authorized."
C2_name_freshness,,AXL,US_LISTED,,Dauch Corporation,Dauch Corp,symbol_change_review,stockanalysis_symbol_changes,manual_review_pending_official_rename_or_symbol_reuse_evidence,P4,workflow_queue=audit_already_reflected;review_bucket=already_reflected_in_source_scope;apply_eligibility=audit_only_no_apply;verification_evidence_required=audit_only_confirm_no_canonical_change_needed,audit_only_confirm_no_canonical_change_needed,Audit-only confirmation from scoped listing records; no canonical change.,"Audit only; no ticker, listing, or name change is authorized."
C2_name_freshness,,FATBP,OTC,,,Fat Brands Inc,symbol_change_review,stockanalysis_symbol_changes,manual_review_pending_official_rename_or_symbol_reuse_evidence,P3,workflow_queue=document_no_dataset_match;review_bucket=no_dataset_match_for_source_scope;apply_eligibility=no_dataset_action_without_scope_mapping;verification_evidence_required=official_exchange_scope_mapping_or_ignore_as_external_non_dataset_event,official_exchange_scope_mapping_or_ignore_as_external_non_dataset_event,"Official exchange scope mapping, or document the event as outside the dataset.",No dataset action without scoped official mapping to an existing or intended listing.
C2_name_freshness,,FAT,OTC,,,Fat Brands Inc,symbol_change_review,stockanalysis_symbol_changes,manual_review_pending_official_rename_or_symbol_reuse_evidence,P3,workflow_queue=document_no_dataset_match;review_bucket=no_dataset_match_for_source_scope;apply_eligibility=no_dataset_action_without_scope_mapping;verification_evidence_required=official_exchange_scope_mapping_or_ignore_as_external_non_dataset_event,official_exchange_scope_mapping_or_ignore_as_external_non_dataset_event,"Official exchange scope mapping, or document the event as outside the dataset.",No dataset action without scoped official mapping to an existing or intended listing.
C2_name_freshness,,LDWY,US_LISTED,,"Bloomia Holdings, Inc.",Bloomia Holdings Inc,symbol_change_review,stockanalysis_symbol_changes,manual_review_pending_official_rename_or_symbol_reuse_evidence,P4,workflow_queue=audit_already_reflected;review_bucket=already_reflected_in_source_scope;apply_eligibility=audit_only_no_apply;verification_evidence_required=audit_only_confirm_no_canonical_change_needed,audit_only_confirm_no_canonical_change_needed,Audit-only confirmation from scoped listing records; no canonical change.,"Audit only; no ticker, listing, or name change is authorized."
C2_name_freshness,,FLGC,US_LISTED,,ZeroStack Corp.,Zerostack Corp,symbol_change_review,stockanalysis_symbol_changes,manual_review_pending_official_rename_or_symbol_reuse_evidence,P4,workflow_queue=audit_already_reflected;review_bucket=already_reflected_in_source_scope;apply_eligibility=audit_only_no_apply;verification_evidence_required=audit_only_confirm_no_canonical_change_needed,audit_only_confirm_no_canonical_change_needed,Audit-only confirmation from scoped listing records; no canonical change.,"Audit only; no ticker, listing, or name change is authorized."
C2_name_freshness,OTC::QTIH,QTIH,US_LISTED,,"QT Imaging Holdings, Inc.",Qt Imaging Holdings Inc,symbol_change_review,stockanalysis_symbol_changes,manual_review_pending_official_rename_or_symbol_reuse_evidence,P4,workflow_queue=audit_already_reflected;review_bucket=already_reflected_in_scope_with_global_symbol_collision;apply_eligibility=audit_only_no_apply;verification_evidence_required=audit_only_confirm_no_canonical_change_needed,audit_only_confirm_no_canonical_change_needed,Audit-only comparison against official scoped exchange evidence; no canonical change.,"Audit only; no ticker, listing, or name change is authorized."
C2_name_freshness,,RELI,US_LISTED,,"Reliance Global Group, Inc.",Reliance Global Group Inc,symbol_change_review,stockanalysis_symbol_changes,manual_review_pending_official_rename_or_symbol_reuse_evidence,P4,workflow_queue=audit_already_reflected;review_bucket=already_reflected_in_source_scope;apply_eligibility=audit_only_no_apply;verification_evidence_required=audit_only_confirm_no_canonical_change_needed,audit_only_confirm_no_canonical_change_needed,Audit-only confirmation from scoped listing records; no canonical change.,"Audit only; no ticker, listing, or name change is authorized."
C2_name_freshness,,CMPO,US_LISTED,,"GPGI, Inc.",Gpgi Inc,symbol_change_review,stockanalysis_symbol_changes,manual_review_pending_official_rename_or_symbol_reuse_evidence,P4,workflow_queue=audit_already_reflected;review_bucket=already_reflected_in_source_scope;apply_eligibility=audit_only_no_apply;verification_evidence_required=audit_only_confirm_no_canonical_change_needed,audit_only_confirm_no_canonical_change_needed,Audit-only confirmation from scoped listing records; no canonical change.,"Audit only; no ticker, listing, or name change is authorized."
C2_name_freshness,,SGBX,US_LISTED,,Olenox Industries Inc.,Olenox Industries Inc,symbol_change_review,stockanalysis_symbol_changes,manual_review_pending_official_rename_or_symbol_reuse_evidence,P4,workflow_queue=audit_already_reflected;review_bucket=already_reflected_in_source_scope;apply_eligibility=audit_only_no_apply;verification_evidence_required=audit_only_confirm_no_canonical_change_needed,audit_only_confirm_no_canonical_change_needed,Audit-only confirmation from scoped listing records; no canonical change.,"Audit only; no ticker, listing, or name change is authorized."
C2_name_freshness,NSE_IN::IVP,IVP,OTC,,"Inspire Veterinary Partners, Inc.",Inspire Veterinary Partners Inc,symbol_change_review,stockanalysis_symbol_changes,manual_review_pending_official_rename_or_symbol_reuse_evidence,P4,workflow_queue=audit_already_reflected;review_bucket=already_reflected_in_scope_with_global_symbol_collision;apply_eligibility=audit_only_no_apply;verification_evidence_required=audit_only_confirm_no_canonical_change_needed,audit_only_confirm_no_canonical_change_needed,Audit-only comparison against official scoped exchange evidence; no canonical change.,"Audit only; no ticker, listing, or name change is authorized."
C2_name_freshness,TASE::ELWS,ELWS,US_LISTED,,Perpetuals.com Ltd,Perpetualscom Ltd.,symbol_change_review,stockanalysis_symbol_changes,manual_review_pending_official_rename_or_symbol_reuse_evidence,P4,workflow_queue=audit_already_reflected;review_bucket=already_reflected_in_scope_with_global_symbol_collision;apply_eligibility=audit_only_no_apply;verification_evidence_required=audit_only_confirm_no_canonical_change_needed,audit_only_confirm_no_canonical_change_needed,Audit-only comparison against official scoped exchange evidence; no canonical change.,"Audit only; no ticker, listing, or name change is authorized."
C2_name_freshness,,TEF,OTC,,"Telefónica, S.A.",Telefonica S A,symbol_change_review,stockanalysis_symbol_changes,manual_review_pending_official_rename_or_symbol_reuse_evidence,P4,workflow_queue=audit_already_reflected;review_bucket=already_reflected_in_source_scope;apply_eligibility=audit_only_no_apply;verification_evidence_required=audit_only_confirm_no_canonical_change_needed,audit_only_confirm_no_canonical_change_needed,Audit-only confirmation from scoped listing records; no canonical change.,"Audit only; no ticker, listing, or name change is authorized."
C2_name_freshness,,PTHL,US_LISTED,,iTonic Holdings Ltd.,Itonic Holdings Ltd.,symbol_change_review,stockanalysis_symbol_changes,manual_review_pending_official_rename_or_symbol_reuse_evidence,P4,workflow_queue=audit_already_reflected;review_bucket=already_reflected_in_source_scope;apply_eligibility=audit_only_no_apply;verification_evidence_required=audit_only_confirm_no_canonical_change_needed,audit_only_confirm_no_canonical_change_needed,Audit-only confirmation from scoped listing records; no canonical change.,"Audit only; no ticker, listing, or name change is authorized."
C2_name_freshness,SET::PT,PT,US_LISTED,,J and Friends Holdings Limited,J & Friends Holdings Ltd.,symbol_change_review,stockanalysis_symbol_changes,manual_review_pending_official_rename_or_symbol_reuse_evidence,P4,workflow_queue=audit_already_reflected;review_bucket=already_reflected_in_scope_with_global_symbol_collision;apply_eligibility=audit_only_no_apply;verification_evidence_required=audit_only_confirm_no_canonical_change_needed,audit_only_confirm_no_canonical_change_needed,Audit-only comparison against official scoped exchange evidence; no canonical change.,"Audit only; no ticker, listing, or name change is authorized."
C2_name_freshness,,MODG,US_LISTED,,Callaway Golf Company,Callaway Golf Co.,symbol_change_review,stockanalysis_symbol_changes,manual_review_pending_official_rename_or_symbol_reuse_evidence,P4,workflow_queue=audit_already_reflected;review_bucket=already_reflected_in_source_scope;apply_eligibility=audit_only_no_apply;verification_evidence_required=audit_only_confirm_no_canonical_change_needed,audit_only_confirm_no_canonical_change_needed,Audit-only confirmation from scoped listing records; no canonical change.,"Audit only; no ticker, listing, or name change is authorized."
C2_name_freshness,,MNMD,US_LISTED,,"Definium Therapeutics, Inc.",Definium Therapeutics Inc,symbol_change_review,stockanalysis_symbol_changes,manual_review_pending_official_rename_or_symbol_reuse_evidence,P4,workflow_queue=audit_already_reflected;review_bucket=already_reflected_in_source_scope;apply_eligibility=audit_only_no_apply;verification_evidence_required=audit_only_confirm_no_canonical_change_needed,audit_only_confirm_no_canonical_change_needed,Audit-only confirmation from scoped listing records; no canonical change.,"Audit only; no ticker, listing, or name change is authorized."
C2_name_freshness,,MMC,US_LISTED,,"Marsh & McLennan Companies, Inc.",Marsh & Mclennan Companies Inc,symbol_change_review,stockanalysis_symbol_changes,manual_review_pending_official_rename_or_symbol_reuse_evidence,P4,workflow_queue=audit_already_reflected;review_bucket=already_reflected_in_source_scope;apply_eligibility=audit_only_no_apply;verification_evidence_required=audit_only_confirm_no_canonical_change_needed,audit_only_confirm_no_canonical_change_needed,Audit-only confirmation from scoped listing records; no canonical change.,"Audit only; no ticker, listing, or name change is authorized."
C2_name_freshness,LSE::COMM,COMM,US_LISTED,,"Vistance Networks, Inc.",Vistance Networks Inc,symbol_change_review,stockanalysis_symbol_changes,manual_review_pending_official_rename_or_symbol_reuse_evidence,P4,workflow_queue=audit_already_reflected;review_bucket=already_reflected_in_scope_with_global_symbol_collision;apply_eligibility=audit_only_no_apply;verification_evidence_required=audit_only_confirm_no_canonical_change_needed,audit_only_confirm_no_canonical_change_needed,Audit-only comparison against official scoped exchange evidence; no canonical change.,"Audit only; no ticker, listing, or name change is authorized."
C2_name_freshness,,ATHA,US_LISTED,,"LeonaBio, Inc.",Leonabio Inc,symbol_change_review,stockanalysis_symbol_changes,manual_review_pending_official_rename_or_symbol_reuse_evidence,P4,workflow_queue=audit_already_reflected;review_bucket=already_reflected_in_source_scope;apply_eligibility=audit_only_no_apply;verification_evidence_required=audit_only_confirm_no_canonical_change_needed,audit_only_confirm_no_canonical_change_needed,Audit-only confirmation from scoped listing records; no canonical change.,"Audit only; no ticker, listing, or name change is authorized."
C2_name_freshness,,SLRX,US_LISTED,,Decoy Therapeutics Inc.,Decoy Therapeutics Inc,symbol_change_review,stockanalysis_symbol_changes,manual_review_pending_official_rename_or_symbol_reuse_evidence,P4,workflow_queue=audit_already_reflected;review_bucket=already_reflected_in_source_scope;apply_eligibility=audit_only_no_apply;verification_evidence_required=audit_only_confirm_no_canonical_change_needed,audit_only_confirm_no_canonical_change_needed,Audit-only confirmation from scoped listing records; no canonical change.,"Audit only; no ticker, listing, or name change is authorized."
C2_name_freshness,LSE::FGEN,FGEN,US_LISTED,,"Kyntra Bio, Inc.",Kyntra Bio Inc,symbol_change_review,stockanalysis_symbol_changes,manual_review_pending_official_rename_or_symbol_reuse_evidence,P4,workflow_queue=audit_already_reflected;review_bucket=already_reflected_in_scope_with_global_symbol_collision;apply_eligibility=audit_only_no_apply;verification_evidence_required=audit_only_confirm_no_canonical_change_needed,audit_only_confirm_no_canonical_change_needed,Audit-only comparison against official scoped exchange evidence; no canonical change.,"Audit only; no ticker, listing, or name change is authorized."
C2_name_freshness,,DGLY,US_LISTED,,"Kustom Entertainment, Inc.",Kustom Entertainment Inc,symbol_change_review,stockanalysis_symbol_changes,manual_review_pending_official_rename_or_symbol_reuse_evidence,P4,workflow_queue=audit_already_reflected;review_bucket=already_reflected_in_source_scope;apply_eligibility=audit_only_no_apply;verification_evidence_required=audit_only_confirm_no_canonical_change_needed,audit_only_confirm_no_canonical_change_needed,Audit-only confirmation from scoped listing records; no canonical change.,"Audit only; no ticker, listing, or name change is authorized."
C2_name_freshness,,WTMA,US_LISTED,,Evolution Metals & Technologies Corp. Common Stock,Evolution Metals & Technologies Corp,symbol_change_review,stockanalysis_symbol_changes,manual_review_pending_official_rename_or_symbol_reuse_evidence,P4,workflow_queue=audit_already_reflected;review_bucket=already_reflected_in_source_scope;apply_eligibility=audit_only_no_apply;verification_evidence_required=audit_only_confirm_no_canonical_change_needed,audit_only_confirm_no_canonical_change_needed,Audit-only confirmation from scoped listing records; no canonical change.,"Audit only; no ticker, listing, or name change is authorized."
C2_name_freshness,,CYBN,US_LISTED,,Cybin Inc.,Cybin Inc,symbol_change_review,stockanalysis_symbol_changes,manual_review_pending_official_rename_or_symbol_reuse_evidence,P4,workflow_queue=audit_already_reflected;review_bucket=already_reflected_in_source_scope;apply_eligibility=audit_only_no_apply;verification_evidence_required=audit_only_confirm_no_canonical_change_needed,audit_only_confirm_no_canonical_change_needed,Audit-only confirmation from scoped listing records; no canonical change.,"Audit only; no ticker, listing, or name change is authorized."
C2_name_freshness,TSXV::OMI,OMI,US_LISTED,,Accendra Health Inc,Accendra Health Inc,symbol_change_review,stockanalysis_symbol_changes,manual_review_pending_official_rename_or_symbol_reuse_evidence,P4,workflow_queue=audit_already_reflected;review_bucket=already_reflected_in_scope_with_global_symbol_collision;apply_eligibility=audit_only_no_apply;verification_evidence_required=audit_only_confirm_no_canonical_change_needed,audit_only_confirm_no_canonical_change_needed,Audit-only comparison against official scoped exchange evidence; no canonical change.,"Audit only; no ticker, listing, or name change is authorized."
C2_name_freshness,TSX::MOGO,MOGO,US_LISTED,,Orion Digital Corp.,Orion Digital Corp,symbol_change_review,stockanalysis_symbol_changes,manual_review_pending_official_rename_or_symbol_reuse_evidence,P4,workflow_queue=audit_already_reflected;review_bucket=already_reflected_in_scope_with_global_symbol_collision;apply_eligibility=audit_only_no_apply;verification_evidence_required=audit_only_confirm_no_canonical_change_needed,audit_only_confirm_no_canonical_change_needed,Audit-only comparison against official scoped exchange evidence; no canonical change.,"Audit only; no ticker, listing, or name change is authorized."
C2_name_freshness,,ABLLL,US_LISTED,,,Abacus Global Management Inc,symbol_change_review,stockanalysis_symbol_changes,manual_review_pending_official_rename_or_symbol_reuse_evidence,P3,workflow_queue=document_no_dataset_match;review_bucket=no_dataset_match_for_source_scope;apply_eligibility=no_dataset_action_without_scope_mapping;verification_evidence_required=official_exchange_scope_mapping_or_ignore_as_external_non_dataset_event,official_exchange_scope_mapping_or_ignore_as_external_non_dataset_event,"Official exchange scope mapping, or document the event as outside the dataset.",No dataset action without scoped official mapping to an existing or intended listing.
C2_name_freshness,OSL::ABL|XETRA::ABL,ABL,US_LISTED,,"Abacus Global Management, Inc. Class A Common Stock",Abacus Global Management Inc,symbol_change_review,stockanalysis_symbol_changes,manual_review_pending_official_rename_or_symbol_reuse_evidence,P4,workflow_queue=audit_already_reflected;review_bucket=already_reflected_in_scope_with_global_symbol_collision;apply_eligibility=audit_only_no_apply;verification_evidence_required=audit_only_confirm_no_canonical_change_needed,audit_only_confirm_no_canonical_change_needed,Audit-only comparison against official scoped exchange evidence; no canonical change.,"Audit only; no ticker, listing, or name change is authorized."
C2_name_freshness,STO::KAR,KAR,US_LISTED,,"OPENLANE, Inc.",Openlane Inc,symbol_change_review,stockanalysis_symbol_changes,manual_review_pending_official_rename_or_symbol_reuse_evidence,P4,workflow_queue=audit_already_reflected;review_bucket=already_reflected_in_scope_with_global_symbol_collision;apply_eligibility=audit_only_no_apply;verification_evidence_required=audit_only_confirm_no_canonical_change_needed,audit_only_confirm_no_canonical_change_needed,Audit-only comparison against official scoped exchange evidence; no canonical change.,"Audit only; no ticker, listing, or name change is authorized."
C2_name_freshness,AMS::STEC,STEC,US_LISTED,,BitVentures Limited,Bitventures Ltd.,symbol_change_review,stockanalysis_symbol_changes,manual_review_pending_official_rename_or_symbol_reuse_evidence,P4,workflow_queue=audit_already_reflected;review_bucket=already_reflected_in_scope_with_global_symbol_collision;apply_eligibility=audit_only_no_apply;verification_evidence_required=audit_only_confirm_no_canonical_change_needed,audit_only_confirm_no_canonical_change_needed,Audit-only comparison against official scoped exchange evidence; no canonical change.,"Audit only; no ticker, listing, or name change is authorized."
C2_name_freshness,,QD,US_LISTED,,High Templar Tech Limited,High Templar Tech Ltd.,symbol_change_review,stockanalysis_symbol_changes,manual_review_pending_official_rename_or_symbol_reuse_evidence,P4,workflow_queue=audit_already_reflected;review_bucket=already_reflected_in_source_scope;apply_eligibility=audit_only_no_apply;verification_evidence_required=audit_only_confirm_no_canonical_change_needed,audit_only_confirm_no_canonical_change_needed,Audit-only confirmation from scoped listing records; no canonical change.,"Audit only; no ticker, listing, or name change is authorized."
C2_name_freshness,TSX::SGD,SGD,US_LISTED,,RenX Enterprises Corp.,Renx Enterprises Corp,symbol_change_review,stockanalysis_symbol_changes,manual_review_pending_official_rename_or_symbol_reuse_evidence,P4,workflow_queue=audit_already_reflected;review_bucket=already_reflected_in_scope_with_global_symbol_collision;apply_eligibility=audit_only_no_apply;verification_evidence_required=audit_only_confirm_no_canonical_change_needed,audit_only_confirm_no_canonical_change_needed,Audit-only comparison against official scoped exchange evidence; no canonical change.,"Audit only; no ticker, listing, or name change is authorized."
C2_name_freshness,,TZUP,US_LISTED,,"Datacentrex, Inc.",Datacentrex Inc,symbol_change_review,stockanalysis_symbol_changes,manual_review_pending_official_rename_or_symbol_reuse_evidence,P4,workflow_queue=audit_already_reflected;review_bucket=already_reflected_in_source_scope;apply_eligibility=audit_only_no_apply;verification_evidence_required=audit_only_confirm_no_canonical_change_needed,audit_only_confirm_no_canonical_change_needed,Audit-only confirmation from scoped listing records; no canonical change.,"Audit only; no ticker, listing, or name change is authorized."
C2_name_freshness,,NAOV,US_LISTED,,ENvue Medical Inc.,Envue Medical Inc,symbol_change_review,stockanalysis_symbol_changes,manual_review_pending_official_rename_or_symbol_reuse_evidence,P4,workflow_queue=audit_already_reflected;review_bucket=already_reflected_in_source_scope;apply_eligibility=audit_only_no_apply;verification_evidence_required=audit_only_confirm_no_canonical_change_needed,audit_only_confirm_no_canonical_change_needed,Audit-only confirmation from scoped listing records; no canonical change.,"Audit only; no ticker, listing, or name change is authorized."
C2_name_freshness,,OBLG,US_LISTED,,TaoWeave Inc.,Taoweave Inc,symbol_change_review,stockanalysis_symbol_changes,manual_review_pending_official_rename_or_symbol_reuse_evidence,P4,workflow_queue=audit_already_reflected;review_bucket=already_reflected_in_source_scope;apply_eligibility=audit_only_no_apply;verification_evidence_required=audit_only_confirm_no_canonical_change_needed,audit_only_confirm_no_canonical_change_needed,Audit-only confirmation from scoped listing records; no canonical change.,"Audit only; no ticker, listing, or name change is authorized."
C2_name_freshness,,MCTR,US_LISTED,,TJGC Group Limited,Tjgc Group Ltd.,symbol_change_review,stockanalysis_symbol_changes,manual_review_pending_official_rename_or_symbol_reuse_evidence,P4,workflow_queue=audit_already_reflected;review_bucket=already_reflected_in_source_scope;apply_eligibility=audit_only_no_apply;verification_evidence_required=audit_only_confirm_no_canonical_change_needed,audit_only_confirm_no_canonical_change_needed,Audit-only confirmation from scoped listing records; no canonical change.,"Audit only; no ticker, listing, or name change is authorized."
C2_name_freshness,,CJET,US_LISTED,,Digital Currency X Technology Inc.,Digital Currency X Technology Inc,symbol_change_review,stockanalysis_symbol_changes,manual_review_pending_official_rename_or_symbol_reuse_evidence,P4,workflow_queue=audit_already_reflected;review_bucket=already_reflected_in_source_scope;apply_eligibility=audit_only_no_apply;verification_evidence_required=audit_only_confirm_no_canonical_change_needed,audit_only_confirm_no_canonical_change_needed,Audit-only confirmation from scoped listing records; no canonical change.,"Audit only; no ticker, listing, or name change is authorized."
C2_name_freshness,,ATMV,US_LISTED,,AMC Robotics Corporation,Amc Robotics Corp,symbol_change_review,stockanalysis_symbol_changes,manual_review_pending_official_rename_or_symbol_reuse_evidence,P4,workflow_queue=audit_already_reflected;review_bucket=already_reflected_in_source_scope;apply_eligibility=audit_only_no_apply;verification_evidence_required=audit_only_confirm_no_canonical_change_needed,audit_only_confirm_no_canonical_change_needed,Audit-only confirmation from scoped listing records; no canonical change.,"Audit only; no ticker, listing, or name change is authorized."
C2_name_freshness,,CEP,US_LISTED,,"Twenty One Capital, Inc.",Twenty One Capital Inc,symbol_change_review,stockanalysis_symbol_changes,manual_review_pending_official_rename_or_symbol_reuse_evidence,P4,workflow_queue=audit_already_reflected;review_bucket=already_reflected_in_source_scope;apply_eligibility=audit_only_no_apply;verification_evidence_required=audit_only_confirm_no_canonical_change_needed,audit_only_confirm_no_canonical_change_needed,Audit-only confirmation from scoped listing records; no canonical change.,"Audit only; no ticker, listing, or name change is authorized."
C2_name_freshness,,HUSA,US_LISTED,,Abundia Global Impact Group Inc. Common stock,Abundia Global Impact Group Inc,symbol_change_review,stockanalysis_symbol_changes,manual_review_pending_official_rename_or_symbol_reuse_evidence,P4,workflow_queue=audit_already_reflected;review_bucket=already_reflected_in_source_scope;apply_eligibility=audit_only_no_apply;verification_evidence_required=audit_only_confirm_no_canonical_change_needed,audit_only_confirm_no_canonical_change_needed,Audit-only confirmation from scoped listing records; no canonical change.,"Audit only; no ticker, listing, or name change is authorized."
C2_name_freshness,,DOOO,US_LISTED,,BRP Inc.,Brp Inc,symbol_change_review,stockanalysis_symbol_changes,manual_review_pending_official_rename_or_symbol_reuse_evidence,P4,workflow_queue=audit_already_reflected;review_bucket=already_reflected_in_source_scope;apply_eligibility=audit_only_no_apply;verification_evidence_required=audit_only_confirm_no_canonical_change_needed,audit_only_confirm_no_canonical_change_needed,Audit-only confirmation from scoped listing records; no canonical change.,"Audit only; no ticker, listing, or name change is authorized."
C2_name_freshness,TASE::AMRK,AMRK,US_LISTED,,"Gold.com, Inc. Common Stock",Goldcom Inc,symbol_change_review,stockanalysis_symbol_changes,manual_review_pending_official_rename_or_symbol_reuse_evidence,P4,workflow_queue=audit_already_reflected;review_bucket=already_reflected_in_scope_with_global_symbol_collision;apply_eligibility=audit_only_no_apply;verification_evidence_required=audit_only_confirm_no_canonical_change_needed,audit_only_confirm_no_canonical_change_needed,Audit-only comparison against official scoped exchange evidence; no canonical change.,"Audit only; no ticker, listing, or name change is authorized."
C2_name_freshness,,ENTO,US_LISTED,,GridAI Technologies Corp.,Gridai Technologies Corp,symbol_change_review,stockanalysis_symbol_changes,manual_review_pending_official_rename_or_symbol_reuse_evidence,P4,workflow_queue=audit_already_reflected;review_bucket=already_reflected_in_source_scope;apply_eligibility=audit_only_no_apply;verification_evidence_required=audit_only_confirm_no_canonical_change_needed,audit_only_confirm_no_canonical_change_needed,Audit-only confirmation from scoped listing records; no canonical change.,"Audit only; no ticker, listing, or name change is authorized."
C2_name_freshness,,CHEK,US_LISTED,,Check-Cap Ltd.,Check-cap Ltd.,symbol_change_review,stockanalysis_symbol_changes,manual_review_pending_official_rename_or_symbol_reuse_evidence,P4,workflow_queue=audit_already_reflected;review_bucket=already_reflected_in_source_scope;apply_eligibility=audit_only_no_apply;verification_evidence_required=audit_only_confirm_no_canonical_change_needed,audit_only_confirm_no_canonical_change_needed,Audit-only confirmation from scoped listing records; no canonical change.,"Audit only; no ticker, listing, or name change is authorized."
C2_name_freshness,,MESA,US_LISTED,,Republic Airways Holdings Inc,Republic Airways Holdings Inc,symbol_change_review,stockanalysis_symbol_changes,manual_review_pending_official_rename_or_symbol_reuse_evidence,P4,workflow_queue=audit_already_reflected;review_bucket=already_reflected_in_source_scope;apply_eligibility=audit_only_no_apply;verification_evidence_required=audit_only_confirm_no_canonical_change_needed,audit_only_confirm_no_canonical_change_needed,Audit-only confirmation from scoped listing records; no canonical change.,"Audit only; no ticker, listing, or name change is authorized."
C2_name_freshness,LSE::OPT,OPT,,,Optima Health plc,Opthea Ltd.,symbol_change_review,stockanalysis_symbol_changes,manual_review_pending_official_rename_or_symbol_reuse_evidence,P2,workflow_queue=blocked_missing_source_scope_mapping;review_bucket=manual_scope_mapping_required;apply_eligibility=blocked_until_exchange_scope_resolved;verification_evidence_required=source_exchange_mapping_before_any_symbol_change_review,source_exchange_mapping_before_any_symbol_change_review,Documented source-to-exchange scope mapping before symbol-change review.,Block review until the secondary feed event is mapped to an exchange scope.
C2_name_freshness,,AMBC,US_LISTED,,"Octave Specialty Group, Inc.",Octave Specialty Group Inc,symbol_change_review,stockanalysis_symbol_changes,manual_review_pending_official_rename_or_symbol_reuse_evidence,P4,workflow_queue=audit_already_reflected;review_bucket=already_reflected_in_source_scope;apply_eligibility=audit_only_no_apply;verification_evidence_required=audit_only_confirm_no_canonical_change_needed,audit_only_confirm_no_canonical_change_needed,Audit-only confirmation from scoped listing records; no canonical change.,"Audit only; no ticker, listing, or name change is authorized."
C2_name_freshness,,QLGN,US_LISTED,,"AIxCrypto Holdings, Inc.",Aixcrypto Holdings Inc,symbol_change_review,stockanalysis_symbol_changes,manual_review_pending_official_rename_or_symbol_reuse_evidence,P4,workflow_queue=audit_already_reflected;review_bucket=already_reflected_in_source_scope;apply_eligibility=audit_only_no_apply;verification_evidence_required=audit_only_confirm_no_canonical_change_needed,audit_only_confirm_no_canonical_change_needed,Audit-only confirmation from scoped listing records; no canonical change.,"Audit only; no ticker, listing, or name change is authorized."
C2_name_freshness,,ATUS,US_LISTED,,"Optimum Communications, Inc.",Optimum Communications Inc,symbol_change_review,stockanalysis_symbol_changes,manual_review_pending_official_rename_or_symbol_reuse_evidence,P4,workflow_queue=audit_already_reflected;review_bucket=already_reflected_in_source_scope;apply_eligibility=audit_only_no_apply;verification_evidence_required=audit_only_confirm_no_canonical_change_needed,audit_only_confirm_no_canonical_change_needed,Audit-only confirmation from scoped listing records; no canonical change.,"Audit only; no ticker, listing, or name change is authorized."
C2_name_freshness,ASX::GCI,GCI,US_LISTED,,"USA TODAY Co., Inc.",Usa Today Co Inc,symbol_change_review,stockanalysis_symbol_changes,manual_review_pending_official_rename_or_symbol_reuse_evidence,P4,workflow_queue=audit_already_reflected;review_bucket=already_reflected_in_scope_with_global_symbol_collision;apply_eligibility=audit_only_no_apply;verification_evidence_required=audit_only_confirm_no_canonical_change_needed,audit_only_confirm_no_canonical_change_needed,Audit-only comparison against official scoped exchange evidence; no canonical change.,"Audit only; no ticker, listing, or name change is authorized."
C2_name_freshness,,FORD,US_LISTED,,"Forward Industries, Inc.",Forward Industries Inc,symbol_change_review,stockanalysis_symbol_changes,manual_review_pending_official_rename_or_symbol_reuse_evidence,P4,workflow_queue=audit_already_reflected;review_bucket=already_reflected_in_source_scope;apply_eligibility=audit_only_no_apply;verification_evidence_required=audit_only_confirm_no_canonical_change_needed,audit_only_confirm_no_canonical_change_needed,Audit-only confirmation from scoped listing records; no canonical change.,"Audit only; no ticker, listing, or name change is authorized."
C2_name_freshness,ASX::LNW,LNW,OTC,,"Light & Wonder, Inc.",Light & Wonder Inc,symbol_change_review,stockanalysis_symbol_changes,manual_review_pending_official_rename_or_symbol_reuse_evidence,P4,workflow_queue=audit_already_reflected;review_bucket=already_reflected_in_scope_with_global_symbol_collision;apply_eligibility=audit_only_no_apply;verification_evidence_required=audit_only_confirm_no_canonical_change_needed,audit_only_confirm_no_canonical_change_needed,Audit-only comparison against official scoped exchange evidence; no canonical change.,"Audit only; no ticker, listing, or name change is authorized."
C2_name_freshness,,MFH,US_LISTED,,Chaince Digital Holdings Inc.,Chaince Digital Holdings Inc,symbol_change_review,stockanalysis_symbol_changes,manual_review_pending_official_rename_or_symbol_reuse_evidence,P4,workflow_queue=audit_already_reflected;review_bucket=already_reflected_in_source_scope;apply_eligibility=audit_only_no_apply;verification_evidence_required=audit_only_confirm_no_canonical_change_needed,audit_only_confirm_no_canonical_change_needed,Audit-only confirmation from scoped listing records; no canonical change.,"Audit only; no ticker, listing, or name change is authorized."
C2_name_freshness,,LPTX,US_LISTED,,Cypherpunk Technologies Inc.,Cypherpunk Technologies Inc,symbol_change_review,stockanalysis_symbol_changes,manual_review_pending_official_rename_or_symbol_reuse_evidence,P4,workflow_queue=audit_already_reflected;review_bucket=already_reflected_in_source_scope;apply_eligibility=audit_only_no_apply;verification_evidence_required=audit_only_confirm_no_canonical_change_needed,audit_only_confirm_no_canonical_change_needed,Audit-only confirmation from scoped listing records; no canonical change.,"Audit only; no ticker, listing, or name change is authorized."
C2_name_freshness,,AGRI,US_LISTED,,Avax One Technology Ltd.,Avax One Technology Ltd.,symbol_change_review,stockanalysis_symbol_changes,manual_review_pending_official_rename_or_symbol_reuse_evidence,P4,workflow_queue=audit_already_reflected;review_bucket=already_reflected_in_source_scope;apply_eligibility=audit_only_no_apply;verification_evidence_required=audit_only_confirm_no_canonical_change_needed,audit_only_confirm_no_canonical_change_needed,Audit-only confirmation from scoped listing records; no canonical change.,"Audit only; no ticker, listing, or name change is authorized."
C2_name_freshness,,PTNT,US_LISTED,,Palatin Technologies Inc,Palatin Technologies Inc,symbol_change_review,stockanalysis_symbol_changes,manual_review_pending_official_rename_or_symbol_reuse_evidence,P4,workflow_queue=audit_already_reflected;review_bucket=already_reflected_in_source_scope;apply_eligibility=audit_only_no_apply;verification_evidence_required=audit_only_confirm_no_canonical_change_needed,audit_only_confirm_no_canonical_change_needed,Audit-only confirmation from scoped listing records; no canonical change.,"Audit only; no ticker, listing, or name change is authorized."
C2_name_freshness,ASX::GTI,GTI,OTC,,Graphjet Technology,Graphjet Technology,symbol_change_review,stockanalysis_symbol_changes,manual_review_pending_official_rename_or_symbol_reuse_evidence,P4,workflow_queue=audit_already_reflected;review_bucket=already_reflected_in_scope_with_global_symbol_collision;apply_eligibility=audit_only_no_apply;verification_evidence_required=audit_only_confirm_no_canonical_change_needed,audit_only_confirm_no_canonical_change_needed,Audit-only comparison against official scoped exchange evidence; no canonical change.,"Audit only; no ticker, listing, or name change is authorized."
C2_name_freshness,,QSG,US_LISTED,,Here Group Limited,Here Group Ltd.,symbol_change_review,stockanalysis_symbol_changes,manual_review_pending_official_rename_or_symbol_reuse_evidence,P4,workflow_queue=audit_already_reflected;review_bucket=already_reflected_in_source_scope;apply_eligibility=audit_only_no_apply;verification_evidence_required=audit_only_confirm_no_canonical_change_needed,audit_only_confirm_no_canonical_change_needed,Audit-only confirmation from scoped listing records; no canonical change.,"Audit only; no ticker, listing, or name change is authorized."
C2_name_freshness,TSX::FI,FI,US_LISTED,,"Fiserv, Inc. Common Stock",Fiserv Inc,symbol_change_review,stockanalysis_symbol_changes,manual_review_pending_official_rename_or_symbol_reuse_evidence,P4,workflow_queue=audit_already_reflected;review_bucket=already_reflected_in_scope_with_global_symbol_collision;apply_eligibility=audit_only_no_apply;verification_evidence_required=audit_only_confirm_no_canonical_change_needed,audit_only_confirm_no_canonical_change_needed,Audit-only comparison against official scoped exchange evidence; no canonical change.,"Audit only; no ticker, listing, or name change is authorized."
C2_name_freshness,,NVFY,US_LISTED,,,Xmax Inc,symbol_change_review,stockanalysis_symbol_changes,manual_review_pending_official_rename_or_symbol_reuse_evidence,P3,workflow_queue=document_no_dataset_match;review_bucket=no_dataset_match_for_source_scope;apply_eligibility=no_dataset_action_without_scope_mapping;verification_evidence_required=official_exchange_scope_mapping_or_ignore_as_external_non_dataset_event,official_exchange_scope_mapping_or_ignore_as_external_non_dataset_event,"Official exchange scope mapping, or document the event as outside the dataset.",No dataset action without scoped official mapping to an existing or intended listing.
C2_name_freshness,,NVFY,US_LISTED,,XMax Inc,Xmax Inc,symbol_change_review,stockanalysis_symbol_changes,manual_review_pending_official_rename_or_symbol_reuse_evidence,P4,workflow_queue=audit_already_reflected;review_bucket=already_reflected_in_source_scope;apply_eligibility=audit_only_no_apply;verification_evidence_required=audit_only_confirm_no_canonical_change_needed,audit_only_confirm_no_canonical_change_needed,Audit-only confirmation from scoped listing records; no canonical change.,"Audit only; no ticker, listing, or name change is authorized."
C2_name_freshness,ASX::EBR,EBR,US_LISTED,,AXIA Energia,Axia Energia SA,symbol_change_review,stockanalysis_symbol_changes,manual_review_pending_official_rename_or_symbol_reuse_evidence,P4,workflow_queue=audit_already_reflected;review_bucket=already_reflected_in_scope_with_global_symbol_collision;apply_eligibility=audit_only_no_apply;verification_evidence_required=audit_only_confirm_no_canonical_change_needed,audit_only_confirm_no_canonical_change_needed,Audit-only comparison against official scoped exchange evidence; no canonical change.,"Audit only; no ticker, listing, or name change is authorized."
C2_name_freshness,,Q.W,US_LISTED,,"Qnity Electronics, Inc",Qnity Electronics Inc,symbol_change_review,stockanalysis_symbol_changes,manual_review_pending_official_rename_or_symbol_reuse_evidence,P4,workflow_queue=audit_already_reflected;review_bucket=already_reflected_in_source_scope;apply_eligibility=audit_only_no_apply;verification_evidence_required=audit_only_confirm_no_canonical_change_needed,audit_only_confirm_no_canonical_change_needed,Audit-only confirmation from scoped listing records; no canonical change.,"Audit only; no ticker, listing, or name change is authorized."
C2_name_freshness,,ERJ,US_LISTED,,Embraer S.A.,Embraer SA,symbol_change_review,stockanalysis_symbol_changes,manual_review_pending_official_rename_or_symbol_reuse_evidence,P4,workflow_queue=audit_already_reflected;review_bucket=already_reflected_in_source_scope;apply_eligibility=audit_only_no_apply;verification_evidence_required=audit_only_confirm_no_canonical_change_needed,audit_only_confirm_no_canonical_change_needed,Audit-only confirmation from scoped listing records; no canonical change.,"Audit only; no ticker, listing, or name change is authorized."
C2_name_freshness,,EQV,US_LISTED,,Presidio Production Company Class A Common Stock,Presidio Production Co.,symbol_change_review,stockanalysis_symbol_changes,manual_review_pending_official_rename_or_symbol_reuse_evidence,P4,workflow_queue=audit_already_reflected;review_bucket=already_reflected_in_source_scope;apply_eligibility=audit_only_no_apply;verification_evidence_required=audit_only_confirm_no_canonical_change_needed,audit_only_confirm_no_canonical_change_needed,Audit-only confirmation from scoped listing records; no canonical change.,"Audit only; no ticker, listing, or name change is authorized."
C2_name_freshness,SGX::ADN|TSX::ADN,ADN,OTC,,"Advent Technologies Holdings, Inc.",Advent Technologies Holdings Inc,symbol_change_review,stockanalysis_symbol_changes,manual_review_pending_official_rename_or_symbol_reuse_evidence,P4,workflow_queue=audit_already_reflected;review_bucket=already_reflected_in_scope_with_global_symbol_collision;apply_eligibility=audit_only_no_apply;verification_evidence_required=audit_only_confirm_no_canonical_change_needed,audit_only_confirm_no_canonical_change_needed,Audit-only comparison against official scoped exchange evidence; no canonical change.,"Audit only; no ticker, listing, or name change is authorized."
C2_name_freshness,,GLLI,US_LISTED,,ALPS Group Inc,Alps Group Inc,symbol_change_review,stockanalysis_symbol_changes,manual_review_pending_official_rename_or_symbol_reuse_evidence,P4,workflow_queue=audit_already_reflected;review_bucket=already_reflected_in_source_scope;apply_eligibility=audit_only_no_apply;verification_evidence_required=audit_only_confirm_no_canonical_change_needed,audit_only_confirm_no_canonical_change_needed,Audit-only confirmation from scoped listing records; no canonical change.,"Audit only; no ticker, listing, or name change is authorized."
C2_name_freshness,,CCCS,US_LISTED,,CCC Intelligent Solutions Holdings Inc.,Ccc Intelligent Solutions Holdings Inc,symbol_change_review,stockanalysis_symbol_changes,manual_review_pending_official_rename_or_symbol_reuse_evidence,P4,workflow_queue=audit_already_reflected;review_bucket=already_reflected_in_source_scope;apply_eligibility=audit_only_no_apply;verification_evidence_required=audit_only_confirm_no_canonical_change_needed,audit_only_confirm_no_canonical_change_needed,Audit-only confirmation from scoped listing records; no canonical change.,"Audit only; no ticker, listing, or name change is authorized."
C2_name_freshness,,IMAB,US_LISTED,,NovaBridge Biosciences,Novabridge Biosciences,symbol_change_review,stockanalysis_symbol_changes,manual_review_pending_official_rename_or_symbol_reuse_evidence,P4,workflow_queue=audit_already_reflected;review_bucket=already_reflected_in_source_scope;apply_eligibility=audit_only_no_apply;verification_evidence_required=audit_only_confirm_no_canonical_change_needed,audit_only_confirm_no_canonical_change_needed,Audit-only confirmation from scoped listing records; no canonical change.,"Audit only; no ticker, listing, or name change is authorized."
C2_name_freshness,,HOND,US_LISTED,,Terrestrial Energy Inc,Terrestrial Energy Inc,symbol_change_review,stockanalysis_symbol_changes,manual_review_pending_official_rename_or_symbol_reuse_evidence,P4,workflow_queue=audit_already_reflected;review_bucket=already_reflected_in_source_scope;apply_eligibility=audit_only_no_apply;verification_evidence_required=audit_only_confirm_no_canonical_change_needed,audit_only_confirm_no_canonical_change_needed,Audit-only confirmation from scoped listing records; no canonical change.,"Audit only; no ticker, listing, or name change is authorized."
C2_name_freshness,,PHH,US_LISTED,,"Park Ha Biological Technology Co., Ltd.",Park Ha Biological Technology Co Ltd.,symbol_change_review,stockanalysis_symbol_changes,manual_review_pending_official_rename_or_symbol_reuse_evidence,P4,workflow_queue=audit_already_reflected;review_bucket=already_reflected_in_source_scope;apply_eligibility=audit_only_no_apply;verification_evidence_required=audit_only_confirm_no_canonical_change_needed,audit_only_confirm_no_canonical_change_needed,Audit-only confirmation from scoped listing records; no canonical change.,"Audit only; no ticker, listing, or name change is authorized."
C2_name_freshness,,GIWWU,US_LISTED,,GigCapital8 Corp.,Gigcapital8 Corp,symbol_change_review,stockanalysis_symbol_changes,manual_review_pending_official_rename_or_symbol_reuse_evidence,P4,workflow_queue=audit_already_reflected;review_bucket=already_reflected_in_source_scope;apply_eligibility=audit_only_no_apply;verification_evidence_required=audit_only_confirm_no_canonical_change_needed,audit_only_confirm_no_canonical_change_needed,Audit-only confirmation from scoped listing records; no canonical change.,"Audit only; no ticker, listing, or name change is authorized."
C2_name_freshness,,SVII,US_LISTED,,Eagle Nuclear Energy Corp. - Common stock,Eagle Nuclear Energy Corp,symbol_change_review,stockanalysis_symbol_changes,manual_review_pending_official_rename_or_symbol_reuse_evidence,P4,workflow_queue=audit_already_reflected;review_bucket=already_reflected_in_source_scope;apply_eligibility=audit_only_no_apply;verification_evidence_required=audit_only_confirm_no_canonical_change_needed,audit_only_confirm_no_canonical_change_needed,Audit-only confirmation from scoped listing records; no canonical change.,"Audit only; no ticker, listing, or name change is authorized."
C2_name_freshness,,BTCM,,,SOLAI Limited,Solai Ltd.,symbol_change_review,stockanalysis_symbol_changes,manual_review_pending_official_rename_or_symbol_reuse_evidence,P2,workflow_queue=blocked_missing_source_scope_mapping;review_bucket=manual_scope_mapping_required;apply_eligibility=blocked_until_exchange_scope_resolved;verification_evidence_required=source_exchange_mapping_before_any_symbol_change_review,source_exchange_mapping_before_any_symbol_change_review,Documented source-to-exchange scope mapping before symbol-change review.,Block review until the secondary feed event is mapped to an exchange scope.
C2_name_freshness,TSXV::PWM,PWM,US_LISTED,,Aurelion Inc.,Aurelion Inc,symbol_change_review,stockanalysis_symbol_changes,manual_review_pending_official_rename_or_symbol_reuse_evidence,P4,workflow_queue=audit_already_reflected;review_bucket=already_reflected_in_scope_with_global_symbol_collision;apply_eligibility=audit_only_no_apply;verification_evidence_required=audit_only_confirm_no_canonical_change_needed,audit_only_confirm_no_canonical_change_needed,Audit-only comparison against official scoped exchange evidence; no canonical change.,"Audit only; no ticker, listing, or name change is authorized."
C2_name_freshness,TSX::SWIN,SWIN,US_LISTED,,Solowin Holdings,Solowin Holdings Ltd.,symbol_change_review,stockanalysis_symbol_changes,manual_review_pending_official_rename_or_symbol_reuse_evidence,P4,workflow_queue=audit_already_reflected;review_bucket=already_reflected_in_scope_with_global_symbol_collision;apply_eligibility=audit_only_no_apply;verification_evidence_required=audit_only_confirm_no_canonical_change_needed,audit_only_confirm_no_canonical_change_needed,Audit-only comparison against official scoped exchange evidence; no canonical change.,"Audit only; no ticker, listing, or name change is authorized."
C2_name_freshness,STO::SHOT,SHOT,US_LISTED,,"Bonk, Inc.",Bonk Inc,symbol_change_review,stockanalysis_symbol_changes,manual_review_pending_official_rename_or_symbol_reuse_evidence,P4,workflow_queue=audit_already_reflected;review_bucket=already_reflected_in_scope_with_global_symbol_collision;apply_eligibility=audit_only_no_apply;verification_evidence_required=audit_only_confirm_no_canonical_change_needed,audit_only_confirm_no_canonical_change_needed,Audit-only comparison against official scoped exchange evidence; no canonical change.,"Audit only; no ticker, listing, or name change is authorized."
C2_name_freshness,,GSRT,US_LISTED,,Terra Innovatum Global N.V. Ordinary shares,Terra Innovatum Global Nv,symbol_change_review,stockanalysis_symbol_changes,manual_review_pending_official_rename_or_symbol_reuse_evidence,P4,workflow_queue=audit_already_reflected;review_bucket=already_reflected_in_source_scope;apply_eligibility=audit_only_no_apply;verification_evidence_required=audit_only_confirm_no_canonical_change_needed,audit_only_confirm_no_canonical_change_needed,Audit-only confirmation from scoped listing records; no canonical change.,"Audit only; no ticker, listing, or name change is authorized."
C2_name_freshness,,SYTA,US_LISTED,,Core AI Holdings,Core Ai Holdings Inc,symbol_change_review,stockanalysis_symbol_changes,manual_review_pending_official_rename_or_symbol_reuse_evidence,P4,workflow_queue=audit_already_reflected;review_bucket=already_reflected_in_source_scope;apply_eligibility=audit_only_no_apply;verification_evidence_required=audit_only_confirm_no_canonical_change_needed,audit_only_confirm_no_canonical_change_needed,Audit-only confirmation from scoped listing records; no canonical change.,"Audit only; no ticker, listing, or name change is authorized."
C2_name_freshness,,APDN,OTC,,,Bnb Plus Corp,symbol_change_review,stockanalysis_symbol_changes,manual_review_pending_official_rename_or_symbol_reuse_evidence,P2,workflow_queue=blocked_out_of_scope_symbol_collision;review_bucket=hold_out_of_scope_symbol_collision;apply_eligibility=blocked_until_exchange_scope_resolved;verification_evidence_required=official_exchange_scope_and_non_symbol_identity_evidence_before_apply,official_exchange_scope_and_non_symbol_identity_evidence_before_apply,Official source exchange scope mapping plus non-symbol identity evidence before any symbol action.,Block apply; global symbol collision outside source scope is not symbol-change evidence.
C2_name_freshness,,BREA,US_LISTED,,Brera Holdings PLC,Brera Holdings PLC,symbol_change_review,stockanalysis_symbol_changes,manual_review_pending_official_rename_or_symbol_reuse_evidence,P4,workflow_queue=audit_already_reflected;review_bucket=already_reflected_in_source_scope;apply_eligibility=audit_only_no_apply;verification_evidence_required=audit_only_confirm_no_canonical_change_needed,audit_only_confirm_no_canonical_change_needed,Audit-only confirmation from scoped listing records; no canonical change.,"Audit only; no ticker, listing, or name change is authorized."
C2_name_freshness,,RENB,US_LISTED,,Lunai Bioworks Inc.,Lunai Bioworks Inc,symbol_change_review,stockanalysis_symbol_changes,manual_review_pending_official_rename_or_symbol_reuse_evidence,P4,workflow_queue=audit_already_reflected;review_bucket=already_reflected_in_source_scope;apply_eligibility=audit_only_no_apply;verification_evidence_required=audit_only_confirm_no_canonical_change_needed,audit_only_confirm_no_canonical_change_needed,Audit-only confirmation from scoped listing records; no canonical change.,"Audit only; no ticker, listing, or name change is authorized."
C2_name_freshness,,MJID,US_LISTED,,"Ping An Biomedical Co., Ltd.",Ping An Biomedical Co Ltd.,symbol_change_review,stockanalysis_symbol_changes,manual_review_pending_official_rename_or_symbol_reuse_evidence,P4,workflow_queue=audit_already_reflected;review_bucket=already_reflected_in_source_scope;apply_eligibility=audit_only_no_apply;verification_evidence_required=audit_only_confirm_no_canonical_change_needed,audit_only_confirm_no_canonical_change_needed,Audit-only confirmation from scoped listing records; no canonical change.,"Audit only; no ticker, listing, or name change is authorized."
C2_name_freshness,,IROH,US_LISTED,,CN Healthy Food Tech Group Corp.,Cn Healthy Food Tech Group Corp,symbol_change_review,stockanalysis_symbol_changes,manual_review_pending_official_rename_or_symbol_reuse_evidence,P4,workflow_queue=audit_already_reflected;review_bucket=already_reflected_in_source_scope;apply_eligibility=audit_only_no_apply;verification_evidence_required=audit_only_confirm_no_canonical_change_needed,audit_only_confirm_no_canonical_change_needed,Audit-only confirmation from scoped listing records; no canonical change.,"Audit only; no ticker, listing, or name change is authorized."
C2_name_freshness,,SVACU,US_LISTED,,General Fusion Group Ltd. - Common Shares,General Fusion Group Ltd.,symbol_change_review,stockanalysis_symbol_changes,manual_review_pending_official_rename_or_symbol_reuse_evidence,P4,workflow_queue=audit_already_reflected;review_bucket=already_reflected_in_source_scope;apply_eligibility=audit_only_no_apply;verification_evidence_required=audit_only_confirm_no_canonical_change_needed,audit_only_confirm_no_canonical_change_needed,Audit-only confirmation from scoped listing records; no canonical change.,"Audit only; no ticker, listing, or name change is authorized."
C2_name_freshness,,CNFR,US_LISTED,,"Presurance Holdings, Inc.",Presurance Holdings Inc,symbol_change_review,stockanalysis_symbol_changes,manual_review_pending_official_rename_or_symbol_reuse_evidence,P4,workflow_queue=audit_already_reflected;review_bucket=already_reflected_in_source_scope;apply_eligibility=audit_only_no_apply;verification_evidence_required=audit_only_confirm_no_canonical_change_needed,audit_only_confirm_no_canonical_change_needed,Audit-only confirmation from scoped listing records; no canonical change.,"Audit only; no ticker, listing, or name change is authorized."
C2_name_freshness,,TNFA,US_LISTED,,"Q/C Technologies, Inc.",Q/c Technologies Inc,symbol_change_review,stockanalysis_symbol_changes,manual_review_pending_official_rename_or_symbol_reuse_evidence,P4,workflow_queue=audit_already_reflected;review_bucket=already_reflected_in_source_scope;apply_eligibility=audit_only_no_apply;verification_evidence_required=audit_only_confirm_no_canonical_change_needed,audit_only_confirm_no_canonical_change_needed,Audit-only confirmation from scoped listing records; no canonical change.,"Audit only; no ticker, listing, or name change is authorized."
C2_name_freshness,MSX::AACT,AACT,US_LISTED,,"Kodiak AI, Inc. Common Stock",Kodiak Ai Inc,symbol_change_review,stockanalysis_symbol_changes,manual_review_pending_official_rename_or_symbol_reuse_evidence,P4,workflow_queue=audit_already_reflected;review_bucket=already_reflected_in_scope_with_global_symbol_collision;apply_eligibility=audit_only_no_apply;verification_evidence_required=audit_only_confirm_no_canonical_change_needed,audit_only_confirm_no_canonical_change_needed,Audit-only comparison against official scoped exchange evidence; no canonical change.,"Audit only; no ticker, listing, or name change is authorized."
C2_name_freshness,,CASK,US_LISTED,,"IP Strategy Holdings, Inc.",Ip Strategy Holdings Inc,symbol_change_review,stockanalysis_symbol_changes,manual_review_pending_official_rename_or_symbol_reuse_evidence,P4,workflow_queue=audit_already_reflected;review_bucket=already_reflected_in_source_scope;apply_eligibility=audit_only_no_apply;verification_evidence_required=audit_only_confirm_no_canonical_change_needed,audit_only_confirm_no_canonical_change_needed,Audit-only confirmation from scoped listing records; no canonical change.,"Audit only; no ticker, listing, or name change is authorized."
C2_name_freshness,,ANTE,US_LISTED,,Yueda Digital Holding,Yueda Digital Holding,symbol_change_review,stockanalysis_symbol_changes,manual_review_pending_official_rename_or_symbol_reuse_evidence,P4,workflow_queue=audit_already_reflected;review_bucket=already_reflected_in_source_scope;apply_eligibility=audit_only_no_apply;verification_evidence_required=audit_only_confirm_no_canonical_change_needed,audit_only_confirm_no_canonical_change_needed,Audit-only confirmation from scoped listing records; no canonical change.,"Audit only; no ticker, listing, or name change is authorized."
C2_name_freshness,,CYCC,US_LISTED,,"Bio Green Med Solution, Inc.",Bio Green Med Solution Inc,symbol_change_review,stockanalysis_symbol_changes,manual_review_pending_official_rename_or_symbol_reuse_evidence,P4,workflow_queue=audit_already_reflected;review_bucket=already_reflected_in_source_scope;apply_eligibility=audit_only_no_apply;verification_evidence_required=audit_only_confirm_no_canonical_change_needed,audit_only_confirm_no_canonical_change_needed,Audit-only confirmation from scoped listing records; no canonical change.,"Audit only; no ticker, listing, or name change is authorized."
C2_name_freshness,,BSGM,US_LISTED,,Streamex Corp,Streamex Corp,symbol_change_review,stockanalysis_symbol_changes,manual_review_pending_official_rename_or_symbol_reuse_evidence,P4,workflow_queue=audit_already_reflected;review_bucket=already_reflected_in_source_scope;apply_eligibility=audit_only_no_apply;verification_evidence_required=audit_only_confirm_no_canonical_change_needed,audit_only_confirm_no_canonical_change_needed,Audit-only confirmation from scoped listing records; no canonical change.,"Audit only; no ticker, listing, or name change is authorized."
C2_name_freshness,IDX::PORT|SET::PORT,PORT,US_LISTED,,"Angel Studios, Inc.",Angel Studios Inc,symbol_change_review,stockanalysis_symbol_changes,manual_review_pending_official_rename_or_symbol_reuse_evidence,P4,workflow_queue=audit_already_reflected;review_bucket=already_reflected_in_scope_with_global_symbol_collision;apply_eligibility=audit_only_no_apply;verification_evidence_required=audit_only_confirm_no_canonical_change_needed,audit_only_confirm_no_canonical_change_needed,Audit-only comparison against official scoped exchange evidence; no canonical change.,"Audit only; no ticker, listing, or name change is authorized."
C2_name_freshness,,OCTO,US_LISTED,,Eightco Holdings Inc.,Eightco Holdings Inc,symbol_change_review,stockanalysis_symbol_changes,manual_review_pending_official_rename_or_symbol_reuse_evidence,P4,workflow_queue=audit_already_reflected;review_bucket=already_reflected_in_source_scope;apply_eligibility=audit_only_no_apply;verification_evidence_required=audit_only_confirm_no_canonical_change_needed,audit_only_confirm_no_canonical_change_needed,Audit-only confirmation from scoped listing records; no canonical change.,"Audit only; no ticker, listing, or name change is authorized."
C2_name_freshness,,MEIP,US_LISTED,,"Lite Strategy, Inc.",Lite Strategy Inc,symbol_change_review,stockanalysis_symbol_changes,manual_review_pending_official_rename_or_symbol_reuse_evidence,P4,workflow_queue=audit_already_reflected;review_bucket=already_reflected_in_source_scope;apply_eligibility=audit_only_no_apply;verification_evidence_required=audit_only_confirm_no_canonical_change_needed,audit_only_confirm_no_canonical_change_needed,Audit-only confirmation from scoped listing records; no canonical change.,"Audit only; no ticker, listing, or name change is authorized."
C2_name_freshness,,HSON,US_LISTED,,Star Equity Holdings Inc,Star Equity Holdings Inc,symbol_change_review,stockanalysis_symbol_changes,manual_review_pending_official_rename_or_symbol_reuse_evidence,P4,workflow_queue=audit_already_reflected;review_bucket=already_reflected_in_source_scope;apply_eligibility=audit_only_no_apply;verification_evidence_required=audit_only_confirm_no_canonical_change_needed,audit_only_confirm_no_canonical_change_needed,Audit-only confirmation from scoped listing records; no canonical change.,"Audit only; no ticker, listing, or name change is authorized."
C2_name_freshness,,YOSH,OTC,,,Vestand Inc,symbol_change_review,stockanalysis_symbol_changes,manual_review_pending_official_rename_or_symbol_reuse_evidence,P2,workflow_queue=blocked_out_of_scope_symbol_collision;review_bucket=hold_out_of_scope_symbol_collision;apply_eligibility=blocked_until_exchange_scope_resolved;verification_evidence_required=official_exchange_scope_and_non_symbol_identity_evidence_before_apply,official_exchange_scope_and_non_symbol_identity_evidence_before_apply,Official source exchange scope mapping plus non-symbol identity evidence before any symbol action.,Block apply; global symbol collision outside source scope is not symbol-change evidence.
C2_name_freshness,,PRTG,US_LISTED,,Alpha Compute Corp,Alphaton Capital Corp,symbol_change_review,stockanalysis_symbol_changes,manual_review_pending_official_rename_or_symbol_reuse_evidence,P4,workflow_queue=audit_already_reflected;review_bucket=already_reflected_in_source_scope;apply_eligibility=audit_only_no_apply;verification_evidence_required=audit_only_confirm_no_canonical_change_needed,audit_only_confirm_no_canonical_change_needed,Audit-only confirmation from scoped listing records; no canonical change.,"Audit only; no ticker, listing, or name change is authorized."
C2_name_freshness,,PRTG,US_LISTED,,Alpha Compute Corp,Alpha Compute Corp,symbol_change_review,stockanalysis_symbol_changes,manual_review_pending_official_rename_or_symbol_reuse_evidence,P4,workflow_queue=audit_already_reflected;review_bucket=already_reflected_in_source_scope;apply_eligibility=audit_only_no_apply;verification_evidence_required=audit_only_confirm_no_canonical_change_needed,audit_only_confirm_no_canonical_change_needed,Audit-only confirmation from scoped listing records; no canonical change.,"Audit only; no ticker, listing, or name change is authorized."
C2_name_freshness,HNX::IPA,IPA,US_LISTED,,MindWalk Holdings Corp.,Mindwalk Holdings Corp,symbol_change_review,stockanalysis_symbol_changes,manual_review_pending_official_rename_or_symbol_reuse_evidence,P4,workflow_queue=audit_already_reflected;review_bucket=already_reflected_in_scope_with_global_symbol_collision;apply_eligibility=audit_only_no_apply;verification_evidence_required=audit_only_confirm_no_canonical_change_needed,audit_only_confirm_no_canonical_change_needed,Audit-only comparison against official scoped exchange evidence; no canonical change.,"Audit only; no ticker, listing, or name change is authorized."
C2_name_freshness,Euronext::AC,AC,OTC,,"Associated Capital Group, Inc.",Associated Capital Group Inc,symbol_change_review,stockanalysis_symbol_changes,manual_review_pending_official_rename_or_symbol_reuse_evidence,P4,workflow_queue=audit_already_reflected;review_bucket=already_reflected_in_scope_with_global_symbol_collision;apply_eligibility=audit_only_no_apply;verification_evidence_required=audit_only_confirm_no_canonical_change_needed,audit_only_confirm_no_canonical_change_needed,Audit-only comparison against official scoped exchange evidence; no canonical change.,"Audit only; no ticker, listing, or name change is authorized."
C2_name_freshness,,GRYP,US_LISTED,,American Bitcoin Corp,American Bitcoin Corp,symbol_change_review,stockanalysis_symbol_changes,manual_review_pending_official_rename_or_symbol_reuse_evidence,P4,workflow_queue=audit_already_reflected;review_bucket=already_reflected_in_source_scope;apply_eligibility=audit_only_no_apply;verification_evidence_required=audit_only_confirm_no_canonical_change_needed,audit_only_confirm_no_canonical_change_needed,Audit-only confirmation from scoped listing records; no canonical change.,"Audit only; no ticker, listing, or name change is authorized."
C2_name_freshness,,VERB,US_LISTED,,TON Strategy Co,Ton Strategy Co.,symbol_change_review,stockanalysis_symbol_changes,manual_review_pending_official_rename_or_symbol_reuse_evidence,P4,workflow_queue=audit_already_reflected;review_bucket=already_reflected_in_source_scope;apply_eligibility=audit_only_no_apply;verification_evidence_required=audit_only_confirm_no_canonical_change_needed,audit_only_confirm_no_canonical_change_needed,Audit-only confirmation from scoped listing records; no canonical change.,"Audit only; no ticker, listing, or name change is authorized."
C2_name_freshness,,HMST,US_LISTED,,Mechanics Bancorp,Mechanics Bancorp,symbol_change_review,stockanalysis_symbol_changes,manual_review_pending_official_rename_or_symbol_reuse_evidence,P4,workflow_queue=audit_already_reflected;review_bucket=already_reflected_in_source_scope;apply_eligibility=audit_only_no_apply;verification_evidence_required=audit_only_confirm_no_canonical_change_needed,audit_only_confirm_no_canonical_change_needed,Audit-only confirmation from scoped listing records; no canonical change.,"Audit only; no ticker, listing, or name change is authorized."
C2_name_freshness,,BHLB,US_LISTED,,Beacon Financial Corporation,Beacon Financial Corp,symbol_change_review,stockanalysis_symbol_changes,manual_review_pending_official_rename_or_symbol_reuse_evidence,P4,workflow_queue=audit_already_reflected;review_bucket=already_reflected_in_source_scope;apply_eligibility=audit_only_no_apply;verification_evidence_required=audit_only_confirm_no_canonical_change_needed,audit_only_confirm_no_canonical_change_needed,Audit-only confirmation from scoped listing records; no canonical change.,"Audit only; no ticker, listing, or name change is authorized."
C2_name_freshness,,AGFY,US_LISTED,,"RYTHM, Inc.",Rythm Inc,symbol_change_review,stockanalysis_symbol_changes,manual_review_pending_official_rename_or_symbol_reuse_evidence,P4,workflow_queue=audit_already_reflected;review_bucket=already_reflected_in_source_scope;apply_eligibility=audit_only_no_apply;verification_evidence_required=audit_only_confirm_no_canonical_change_needed,audit_only_confirm_no_canonical_change_needed,Audit-only confirmation from scoped listing records; no canonical change.,"Audit only; no ticker, listing, or name change is authorized."
C2_name_freshness,TASE::BYON,BYON,US_LISTED,,"Bed Bath & Beyond, Inc.",Bed Bath & Beyond Inc,symbol_change_review,stockanalysis_symbol_changes,manual_review_pending_official_rename_or_symbol_reuse_evidence,P4,workflow_queue=audit_already_reflected;review_bucket=already_reflected_in_scope_with_global_symbol_collision;apply_eligibility=audit_only_no_apply;verification_evidence_required=audit_only_confirm_no_canonical_change_needed,audit_only_confirm_no_canonical_change_needed,Audit-only comparison against official scoped exchange evidence; no canonical change.,"Audit only; no ticker, listing, or name change is authorized."
C2_name_freshness,,BRZH,US_LISTED,,YD Bio Ltd,Yd Bio Ltd.,symbol_change_review,stockanalysis_symbol_changes,manual_review_pending_official_rename_or_symbol_reuse_evidence,P4,workflow_queue=audit_already_reflected;review_bucket=already_reflected_in_source_scope;apply_eligibility=audit_only_no_apply;verification_evidence_required=audit_only_confirm_no_canonical_change_needed,audit_only_confirm_no_canonical_change_needed,Audit-only confirmation from scoped listing records; no canonical change.,"Audit only; no ticker, listing, or name change is authorized."
C2_name_freshness,,BLDE,US_LISTED,,"Strata Critical Medical, Inc.",Strata Critical Medical Inc,symbol_change_review,stockanalysis_symbol_changes,manual_review_pending_official_rename_or_symbol_reuse_evidence,P4,workflow_queue=audit_already_reflected;review_bucket=already_reflected_in_source_scope;apply_eligibility=audit_only_no_apply;verification_evidence_required=audit_only_confirm_no_canonical_change_needed,audit_only_confirm_no_canonical_change_needed,Audit-only confirmation from scoped listing records; no canonical change.,"Audit only; no ticker, listing, or name change is authorized."
C2_name_freshness,,DYNX,,,,Dynamix Corp,symbol_change_review,stockanalysis_symbol_changes,manual_review_pending_official_rename_or_symbol_reuse_evidence,P2,workflow_queue=blocked_missing_source_scope_mapping;review_bucket=manual_scope_mapping_required;apply_eligibility=blocked_until_exchange_scope_resolved;verification_evidence_required=source_exchange_mapping_before_any_symbol_change_review,source_exchange_mapping_before_any_symbol_change_review,Documented source-to-exchange scope mapping before symbol-change review.,Block review until the secondary feed event is mapped to an exchange scope.
C2_name_freshness,,DYNX,US_LISTED,,,Dynamix Corp,symbol_change_review,stockanalysis_symbol_changes,manual_review_pending_official_rename_or_symbol_reuse_evidence,P3,workflow_queue=document_no_dataset_match;review_bucket=no_dataset_match_for_source_scope;apply_eligibility=no_dataset_action_without_scope_mapping;verification_evidence_required=official_exchange_scope_mapping_or_ignore_as_external_non_dataset_event,official_exchange_scope_mapping_or_ignore_as_external_non_dataset_event,"Official exchange scope mapping, or document the event as outside the dataset.",No dataset action without scoped official mapping to an existing or intended listing.
C2_name_freshness,,NWTN,US_LISTED,,Robo.ai Inc.,Roboai Inc,symbol_change_review,stockanalysis_symbol_changes,manual_review_pending_official_rename_or_symbol_reuse_evidence,P4,workflow_queue=audit_already_reflected;review_bucket=already_reflected_in_source_scope;apply_eligibility=audit_only_no_apply;verification_evidence_required=audit_only_confirm_no_canonical_change_needed,audit_only_confirm_no_canonical_change_needed,Audit-only confirmation from scoped listing records; no canonical change.,"Audit only; no ticker, listing, or name change is authorized."
C2_name_freshness,,MCVT,US_LISTED,,SUI Group Holdings Limited,Sui Group Holdings Ltd.,symbol_change_review,stockanalysis_symbol_changes,manual_review_pending_official_rename_or_symbol_reuse_evidence,P4,workflow_queue=audit_already_reflected;review_bucket=already_reflected_in_source_scope;apply_eligibility=audit_only_no_apply;verification_evidence_required=audit_only_confirm_no_canonical_change_needed,audit_only_confirm_no_canonical_change_needed,Audit-only confirmation from scoped listing records; no canonical change.,"Audit only; no ticker, listing, or name change is authorized."
C2_name_freshness,,PTMN,US_LISTED,,BCP Investment Corp.,Bcp Investment Corp,symbol_change_review,stockanalysis_symbol_changes,manual_review_pending_official_rename_or_symbol_reuse_evidence,P4,workflow_queue=audit_already_reflected;review_bucket=already_reflected_in_source_scope;apply_eligibility=audit_only_no_apply;verification_evidence_required=audit_only_confirm_no_canonical_change_needed,audit_only_confirm_no_canonical_change_needed,Audit-only confirmation from scoped listing records; no canonical change.,"Audit only; no ticker, listing, or name change is authorized."
C2_name_freshness,,AYRO,US_LISTED,,,Stablex Technologies Inc,symbol_change_review,stockanalysis_symbol_changes,manual_review_pending_official_rename_or_symbol_reuse_evidence,P3,workflow_queue=document_no_dataset_match;review_bucket=no_dataset_match_for_source_scope;apply_eligibility=no_dataset_action_without_scope_mapping;verification_evidence_required=official_exchange_scope_mapping_or_ignore_as_external_non_dataset_event,official_exchange_scope_mapping_or_ignore_as_external_non_dataset_event,"Official exchange scope mapping, or document the event as outside the dataset.",No dataset action without scoped official mapping to an existing or intended listing.
C2_name_freshness,,AYRO,US_LISTED,,"Fabric.AI, Inc.",Fabricai Inc,symbol_change_review,stockanalysis_symbol_changes,manual_review_pending_official_rename_or_symbol_reuse_evidence,P4,workflow_queue=audit_already_reflected;review_bucket=already_reflected_in_source_scope;apply_eligibility=audit_only_no_apply;verification_evidence_required=audit_only_confirm_no_canonical_change_needed,audit_only_confirm_no_canonical_change_needed,Audit-only confirmation from scoped listing records; no canonical change.,"Audit only; no ticker, listing, or name change is authorized."
C2_name_freshness,TSXV::ADD,ADD,US_LISTED,,Zeta Network Group,Zeta Network Group,symbol_change_review,stockanalysis_symbol_changes,manual_review_pending_official_rename_or_symbol_reuse_evidence,P4,workflow_queue=audit_already_reflected;review_bucket=already_reflected_in_scope_with_global_symbol_collision;apply_eligibility=audit_only_no_apply;verification_evidence_required=audit_only_confirm_no_canonical_change_needed,audit_only_confirm_no_canonical_change_needed,Audit-only comparison against official scoped exchange evidence; no canonical change.,"Audit only; no ticker, listing, or name change is authorized."
C2_name_freshness,,VLDX,US_LISTED,,"Velo3D, Inc.",Velo3d Inc,symbol_change_review,stockanalysis_symbol_changes,manual_review_pending_official_rename_or_symbol_reuse_evidence,P4,workflow_queue=audit_already_reflected;review_bucket=already_reflected_in_source_scope;apply_eligibility=audit_only_no_apply;verification_evidence_required=audit_only_confirm_no_canonical_change_needed,audit_only_confirm_no_canonical_change_needed,Audit-only confirmation from scoped listing records; no canonical change.,"Audit only; no ticker, listing, or name change is authorized."
C2_name_freshness,,ATNF,US_LISTED,,"Forum Markets, Incorporated",Forum Markets Inc,symbol_change_review,stockanalysis_symbol_changes,manual_review_pending_official_rename_or_symbol_reuse_evidence,P4,workflow_queue=audit_already_reflected;review_bucket=already_reflected_in_source_scope;apply_eligibility=audit_only_no_apply;verification_evidence_required=audit_only_confirm_no_canonical_change_needed,audit_only_confirm_no_canonical_change_needed,Audit-only confirmation from scoped listing records; no canonical change.,"Audit only; no ticker, listing, or name change is authorized."
C2_name_freshness,,RSLS,US_LISTED,,"Vyome Holdings, Inc.",Vyome Holdings Inc,symbol_change_review,stockanalysis_symbol_changes,manual_review_pending_official_rename_or_symbol_reuse_evidence,P4,workflow_queue=audit_already_reflected;review_bucket=already_reflected_in_source_scope;apply_eligibility=audit_only_no_apply;verification_evidence_required=audit_only_confirm_no_canonical_change_needed,audit_only_confirm_no_canonical_change_needed,Audit-only confirmation from scoped listing records; no canonical change.,"Audit only; no ticker, listing, or name change is authorized."
C2_name_freshness,,CCIR,US_LISTED,,Kyivstar Group Ltd. Common Shares,Kyivstar Group Ltd.,symbol_change_review,stockanalysis_symbol_changes,manual_review_pending_official_rename_or_symbol_reuse_evidence,P4,workflow_queue=audit_already_reflected;review_bucket=already_reflected_in_source_scope;apply_eligibility=audit_only_no_apply;verification_evidence_required=audit_only_confirm_no_canonical_change_needed,audit_only_confirm_no_canonical_change_needed,Audit-only confirmation from scoped listing records; no canonical change.,"Audit only; no ticker, listing, or name change is authorized."
C2_name_freshness,,KNW,US_LISTED,,"USBC, Inc.",Usbc Inc,symbol_change_review,stockanalysis_symbol_changes,manual_review_pending_official_rename_or_symbol_reuse_evidence,P4,workflow_queue=audit_already_reflected;review_bucket=already_reflected_in_source_scope;apply_eligibility=audit_only_no_apply;verification_evidence_required=audit_only_confirm_no_canonical_change_needed,audit_only_confirm_no_canonical_change_needed,Audit-only confirmation from scoped listing records; no canonical change.,"Audit only; no ticker, listing, or name change is authorized."
C2_name_freshness,ASX::USM,USM,US_LISTED,,"Array Digital Infrastructure, Inc.",Array Digital Infrastructure Inc,symbol_change_review,stockanalysis_symbol_changes,manual_review_pending_official_rename_or_symbol_reuse_evidence,P4,workflow_queue=audit_already_reflected;review_bucket=already_reflected_in_scope_with_global_symbol_collision;apply_eligibility=audit_only_no_apply;verification_evidence_required=audit_only_confirm_no_canonical_change_needed,audit_only_confirm_no_canonical_change_needed,Audit-only comparison against official scoped exchange evidence; no canonical change.,"Audit only; no ticker, listing, or name change is authorized."
C2_name_freshness,,RMBL,US_LISTED,,"RideNow Group, Inc.",Ridenow Group Inc,symbol_change_review,stockanalysis_symbol_changes,manual_review_pending_official_rename_or_symbol_reuse_evidence,P4,workflow_queue=audit_already_reflected;review_bucket=already_reflected_in_source_scope;apply_eligibility=audit_only_no_apply;verification_evidence_required=audit_only_confirm_no_canonical_change_needed,audit_only_confirm_no_canonical_change_needed,Audit-only confirmation from scoped listing records; no canonical change.,"Audit only; no ticker, listing, or name change is authorized."
C2_name_freshness,,NEHC,US_LISTED,,"New Era Energy & Digital, Inc.",New Era Energy & Digital Inc,symbol_change_review,stockanalysis_symbol_changes,manual_review_pending_official_rename_or_symbol_reuse_evidence,P4,workflow_queue=audit_already_reflected;review_bucket=already_reflected_in_source_scope;apply_eligibility=audit_only_no_apply;verification_evidence_required=audit_only_confirm_no_canonical_change_needed,audit_only_confirm_no_canonical_change_needed,Audit-only confirmation from scoped listing records; no canonical change.,"Audit only; no ticker, listing, or name change is authorized."
C2_name_freshness,,HLXB,US_LISTED,,"BridgeBio Oncology Therapeutics, Inc.",Bridgebio Oncology Therapeutics Inc,symbol_change_review,stockanalysis_symbol_changes,manual_review_pending_official_rename_or_symbol_reuse_evidence,P4,workflow_queue=audit_already_reflected;review_bucket=already_reflected_in_source_scope;apply_eligibility=audit_only_no_apply;verification_evidence_required=audit_only_confirm_no_canonical_change_needed,audit_only_confirm_no_canonical_change_needed,Audit-only confirmation from scoped listing records; no canonical change.,"Audit only; no ticker, listing, or name change is authorized."
C2_name_freshness,,FGF,US_LISTED,,FG Nexus Inc.,Fg Nexus Inc,symbol_change_review,stockanalysis_symbol_changes,manual_review_pending_official_rename_or_symbol_reuse_evidence,P4,workflow_queue=audit_already_reflected;review_bucket=already_reflected_in_source_scope;apply_eligibility=audit_only_no_apply;verification_evidence_required=audit_only_confirm_no_canonical_change_needed,audit_only_confirm_no_canonical_change_needed,Audit-only confirmation from scoped listing records; no canonical change.,"Audit only; no ticker, listing, or name change is authorized."
C2_name_freshness,,DATS,US_LISTED,,"Myseum, Inc.",Myseumai Inc,symbol_change_review,stockanalysis_symbol_changes,manual_review_pending_official_rename_or_symbol_reuse_evidence,P4,workflow_queue=audit_already_reflected;review_bucket=already_reflected_in_source_scope;apply_eligibility=audit_only_no_apply;verification_evidence_required=audit_only_confirm_no_canonical_change_needed,audit_only_confirm_no_canonical_change_needed,Audit-only confirmation from scoped listing records; no canonical change.,"Audit only; no ticker, listing, or name change is authorized."
C2_name_freshness,,CHEB,US_LISTED,,Polibeli Group Ltd Class A Ordinary Shares,Polibeli Group Ltd.,symbol_change_review,stockanalysis_symbol_changes,manual_review_pending_official_rename_or_symbol_reuse_evidence,P4,workflow_queue=audit_already_reflected;review_bucket=already_reflected_in_source_scope;apply_eligibility=audit_only_no_apply;verification_evidence_required=audit_only_confirm_no_canonical_change_needed,audit_only_confirm_no_canonical_change_needed,Audit-only confirmation from scoped listing records; no canonical change.,"Audit only; no ticker, listing, or name change is authorized."
C2_name_freshness,,PARA,US_LISTED,,Paramount Skydance Corporation Class B Common Stock,Paramount Skydance Corp,symbol_change_review,stockanalysis_symbol_changes,manual_review_pending_official_rename_or_symbol_reuse_evidence,P4,workflow_queue=audit_already_reflected;review_bucket=already_reflected_in_source_scope;apply_eligibility=audit_only_no_apply;verification_evidence_required=audit_only_confirm_no_canonical_change_needed,audit_only_confirm_no_canonical_change_needed,Audit-only confirmation from scoped listing records; no canonical change.,"Audit only; no ticker, listing, or name change is authorized."
C2_name_freshness,,VAPE,US_LISTED,,CEA Industries Inc.,Cea Industries Inc,symbol_change_review,stockanalysis_symbol_changes,manual_review_pending_official_rename_or_symbol_reuse_evidence,P4,workflow_queue=audit_already_reflected;review_bucket=already_reflected_in_source_scope;apply_eligibility=audit_only_no_apply;verification_evidence_required=audit_only_confirm_no_canonical_change_needed,audit_only_confirm_no_canonical_change_needed,Audit-only confirmation from scoped listing records; no canonical change.,"Audit only; no ticker, listing, or name change is authorized."
C2_name_freshness,,BIGC,US_LISTED,,"Commerce.com, Inc.",Commercecom Inc,symbol_change_review,stockanalysis_symbol_changes,manual_review_pending_official_rename_or_symbol_reuse_evidence,P4,workflow_queue=audit_already_reflected;review_bucket=already_reflected_in_source_scope;apply_eligibility=audit_only_no_apply;verification_evidence_required=audit_only_confirm_no_canonical_change_needed,audit_only_confirm_no_canonical_change_needed,Audit-only confirmation from scoped listing records; no canonical change.,"Audit only; no ticker, listing, or name change is authorized."
C2_name_freshness,,VLCN,US_LISTED,,Empery Digital Inc.,Empery Digital Inc,symbol_change_review,stockanalysis_symbol_changes,manual_review_pending_official_rename_or_symbol_reuse_evidence,P4,workflow_queue=audit_already_reflected;review_bucket=already_reflected_in_source_scope;apply_eligibility=audit_only_no_apply;verification_evidence_required=audit_only_confirm_no_canonical_change_needed,audit_only_confirm_no_canonical_change_needed,Audit-only confirmation from scoped listing records; no canonical change.,"Audit only; no ticker, listing, or name change is authorized."
C2_name_freshness,TSXV::CCCM,CCCM,US_LISTED,,"ProCap Financial, Inc.",Procap Financial Inc,symbol_change_review,stockanalysis_symbol_changes,manual_review_pending_official_rename_or_symbol_reuse_evidence,P4,workflow_queue=audit_already_reflected;review_bucket=already_reflected_in_scope_with_global_symbol_collision;apply_eligibility=audit_only_no_apply;verification_evidence_required=audit_only_confirm_no_canonical_change_needed,audit_only_confirm_no_canonical_change_needed,Audit-only comparison against official scoped exchange evidence; no canonical change.,"Audit only; no ticker, listing, or name change is authorized."
C2_name_freshness,ASX::PET|LSE::PET,PET,OTC,,,Wag! Group Co.,symbol_change_review,stockanalysis_symbol_changes,manual_review_pending_official_rename_or_symbol_reuse_evidence,P2,workflow_queue=blocked_out_of_scope_symbol_collision;review_bucket=hold_out_of_scope_symbol_collision;apply_eligibility=blocked_until_exchange_scope_resolved;verification_evidence_required=official_exchange_scope_and_non_symbol_identity_evidence_before_apply,official_exchange_scope_and_non_symbol_identity_evidence_before_apply,Official source exchange scope mapping plus non-symbol identity evidence before any symbol action.,Block apply; global symbol collision outside source scope is not symbol-change evidence.
C2_name_freshness,,KIRK,US_LISTED,,,Brand House Collective Inc,symbol_change_review,stockanalysis_symbol_changes,manual_review_pending_official_rename_or_symbol_reuse_evidence,P3,workflow_queue=document_no_dataset_match;review_bucket=no_dataset_match_for_source_scope;apply_eligibility=no_dataset_action_without_scope_mapping;verification_evidence_required=official_exchange_scope_mapping_or_ignore_as_external_non_dataset_event,official_exchange_scope_mapping_or_ignore_as_external_non_dataset_event,"Official exchange scope mapping, or document the event as outside the dataset.",No dataset action without scoped official mapping to an existing or intended listing.
C2_name_freshness,,MULN,OTC,,,Bollinger Innovations Inc,symbol_change_review,stockanalysis_symbol_changes,manual_review_pending_official_rename_or_symbol_reuse_evidence,P3,workflow_queue=document_no_dataset_match;review_bucket=no_dataset_match_for_source_scope;apply_eligibility=no_dataset_action_without_scope_mapping;verification_evidence_required=official_exchange_scope_mapping_or_ignore_as_external_non_dataset_event,official_exchange_scope_mapping_or_ignore_as_external_non_dataset_event,"Official exchange scope mapping, or document the event as outside the dataset.",No dataset action without scoped official mapping to an existing or intended listing.
C2_name_freshness,,IKNA,US_LISTED,,"ImageneBio, Inc.",Imagenebio Inc,symbol_change_review,stockanalysis_symbol_changes,manual_review_pending_official_rename_or_symbol_reuse_evidence,P4,workflow_queue=audit_already_reflected;review_bucket=already_reflected_in_source_scope;apply_eligibility=audit_only_no_apply;verification_evidence_required=audit_only_confirm_no_canonical_change_needed,audit_only_confirm_no_canonical_change_needed,Audit-only confirmation from scoped listing records; no canonical change.,"Audit only; no ticker, listing, or name change is authorized."
C2_name_freshness,JSE::DTC,DTC,OTC,,,Solo Brands Inc,symbol_change_review,stockanalysis_symbol_changes,manual_review_pending_official_rename_or_symbol_reuse_evidence,P2,workflow_queue=blocked_out_of_scope_symbol_collision;review_bucket=hold_out_of_scope_symbol_collision;apply_eligibility=blocked_until_exchange_scope_resolved;verification_evidence_required=official_exchange_scope_and_non_symbol_identity_evidence_before_apply,official_exchange_scope_and_non_symbol_identity_evidence_before_apply,Official source exchange scope mapping plus non-symbol identity evidence before any symbol action.,Block apply; global symbol collision outside source scope is not symbol-change evidence.
C2_name_freshness,,KIND,US_LISTED,,"Nextdoor Holdings, Inc. Class A",Nextdoor Holdings Inc,symbol_change_review,stockanalysis_symbol_changes,manual_review_pending_official_rename_or_symbol_reuse_evidence,P4,workflow_queue=audit_already_reflected;review_bucket=already_reflected_in_source_scope;apply_eligibility=audit_only_no_apply;verification_evidence_required=audit_only_confirm_no_canonical_change_needed,audit_only_confirm_no_canonical_change_needed,Audit-only confirmation from scoped listing records; no canonical change.,"Audit only; no ticker, listing, or name change is authorized."
C2_name_freshness,,SRM,US_LISTED,,Tron Inc.,Tron Inc,symbol_change_review,stockanalysis_symbol_changes,manual_review_pending_official_rename_or_symbol_reuse_evidence,P4,workflow_queue=audit_already_reflected;review_bucket=already_reflected_in_source_scope;apply_eligibility=audit_only_no_apply;verification_evidence_required=audit_only_confirm_no_canonical_change_needed,audit_only_confirm_no_canonical_change_needed,Audit-only confirmation from scoped listing records; no canonical change.,"Audit only; no ticker, listing, or name change is authorized."
C2_name_freshness,,DTCB,OTC,,,Solo Brands Inc,symbol_change_review,stockanalysis_symbol_changes,manual_review_pending_official_rename_or_symbol_reuse_evidence,P2,workflow_queue=blocked_out_of_scope_symbol_collision;review_bucket=hold_out_of_scope_symbol_collision;apply_eligibility=blocked_until_exchange_scope_resolved;verification_evidence_required=official_exchange_scope_and_non_symbol_identity_evidence_before_apply,official_exchange_scope_and_non_symbol_identity_evidence_before_apply,Official source exchange scope mapping plus non-symbol identity evidence before any symbol action.,Block apply; global symbol collision outside source scope is not symbol-change evidence.
C2_name_freshness,NYSE::CLBR,CLBR,US_LISTED,,Colombier Acquisition Corp. III Class A Ordinary Shares|GrabAGun Digital Holdings Inc.,Grabagun Digital Holdings Inc,symbol_change_review,stockanalysis_symbol_changes,manual_review_pending_official_rename_or_symbol_reuse_evidence,P1,workflow_queue=review_duplicate_or_cross_listing;review_bucket=action_required_duplicate_or_cross_listing;apply_eligibility=requires_official_venue_confirmation;verification_evidence_required=official_exchange_directory_plus_listing_key_review_to_distinguish_duplicate_cross_listing_or_transition,official_exchange_directory_plus_listing_key_review_to_distinguish_duplicate_cross_listing_or_transition,Official exchange directory records plus listing-key review for both symbols.,"Do not change symbols until duplicate, cross-listing, or transition state is resolved listing-key by listing-key."
C2_name_freshness,,BNIX,US_LISTED,,"VisionWave Holdings, Inc. Common Stock",Visionwave Holdings Inc,symbol_change_review,stockanalysis_symbol_changes,manual_review_pending_official_rename_or_symbol_reuse_evidence,P4,workflow_queue=audit_already_reflected;review_bucket=already_reflected_in_source_scope;apply_eligibility=audit_only_no_apply;verification_evidence_required=audit_only_confirm_no_canonical_change_needed,audit_only_confirm_no_canonical_change_needed,Audit-only confirmation from scoped listing records; no canonical change.,"Audit only; no ticker, listing, or name change is authorized."
C2_name_freshness,,NVAC,US_LISTED,,"Profusa, Inc. Common Stock",Profusa Inc,symbol_change_review,stockanalysis_symbol_changes,manual_review_pending_official_rename_or_symbol_reuse_evidence,P4,workflow_queue=audit_already_reflected;review_bucket=already_reflected_in_source_scope;apply_eligibility=audit_only_no_apply;verification_evidence_required=audit_only_confirm_no_canonical_change_needed,audit_only_confirm_no_canonical_change_needed,Audit-only confirmation from scoped listing records; no canonical change.,"Audit only; no ticker, listing, or name change is authorized."
C2_name_freshness,,MINM,US_LISTED,,"FiEE, Inc.",Fiee Inc,symbol_change_review,stockanalysis_symbol_changes,manual_review_pending_official_rename_or_symbol_reuse_evidence,P4,workflow_queue=audit_already_reflected;review_bucket=already_reflected_in_source_scope;apply_eligibility=audit_only_no_apply;verification_evidence_required=audit_only_confirm_no_canonical_change_needed,audit_only_confirm_no_canonical_change_needed,Audit-only confirmation from scoped listing records; no canonical change.,"Audit only; no ticker, listing, or name change is authorized."
C2_name_freshness,STO::DIST,DIST,US_LISTED,,Youlife Group Inc.,Youlife Group Inc,symbol_change_review,stockanalysis_symbol_changes,manual_review_pending_official_rename_or_symbol_reuse_evidence,P4,workflow_queue=audit_already_reflected;review_bucket=already_reflected_in_scope_with_global_symbol_collision;apply_eligibility=audit_only_no_apply;verification_evidence_required=audit_only_confirm_no_canonical_change_needed,audit_only_confirm_no_canonical_change_needed,Audit-only comparison against official scoped exchange evidence; no canonical change.,"Audit only; no ticker, listing, or name change is authorized."
C2_name_freshness,,UBX,OTC,,,Unity Biotechnology Inc,symbol_change_review,stockanalysis_symbol_changes,manual_review_pending_official_rename_or_symbol_reuse_evidence,P3,workflow_queue=document_no_dataset_match;review_bucket=no_dataset_match_for_source_scope;apply_eligibility=no_dataset_action_without_scope_mapping;verification_evidence_required=official_exchange_scope_mapping_or_ignore_as_external_non_dataset_event,official_exchange_scope_mapping_or_ignore_as_external_non_dataset_event,"Official exchange scope mapping, or document the event as outside the dataset.",No dataset action without scoped official mapping to an existing or intended listing.
C2_name_freshness,,LTRY,US_LISTED,,Sports Entertainment Gaming Global Corporation,Sports Entertainment Gaming Global Corp,symbol_change_review,stockanalysis_symbol_changes,manual_review_pending_official_rename_or_symbol_reuse_evidence,P4,workflow_queue=audit_already_reflected;review_bucket=already_reflected_in_source_scope;apply_eligibility=audit_only_no_apply;verification_evidence_required=audit_only_confirm_no_canonical_change_needed,audit_only_confirm_no_canonical_change_needed,Audit-only confirmation from scoped listing records; no canonical change.,"Audit only; no ticker, listing, or name change is authorized."
C2_name_freshness,,CCCXU,US_LISTED,,"Infleqtion, Inc.",Infleqtion Inc,symbol_change_review,stockanalysis_symbol_changes,manual_review_pending_official_rename_or_symbol_reuse_evidence,P4,workflow_queue=audit_already_reflected;review_bucket=already_reflected_in_source_scope;apply_eligibility=audit_only_no_apply;verification_evidence_required=audit_only_confirm_no_canonical_change_needed,audit_only_confirm_no_canonical_change_needed,Audit-only confirmation from scoped listing records; no canonical change.,"Audit only; no ticker, listing, or name change is authorized."
C2_name_freshness,,JVSA,US_LISTED,,Hotel101 Global Holdings Corp. Class A Ordinary Shares,Hotel101 Global Holdings Corp,symbol_change_review,stockanalysis_symbol_changes,manual_review_pending_official_rename_or_symbol_reuse_evidence,P4,workflow_queue=audit_already_reflected;review_bucket=already_reflected_in_source_scope;apply_eligibility=audit_only_no_apply;verification_evidence_required=audit_only_confirm_no_canonical_change_needed,audit_only_confirm_no_canonical_change_needed,Audit-only confirmation from scoped listing records; no canonical change.,"Audit only; no ticker, listing, or name change is authorized."
C2_name_freshness,,EYEN,US_LISTED,,"Hyperion DeFi, Inc.",Hyperion Defi Inc,symbol_change_review,stockanalysis_symbol_changes,manual_review_pending_official_rename_or_symbol_reuse_evidence,P4,workflow_queue=audit_already_reflected;review_bucket=already_reflected_in_source_scope;apply_eligibility=audit_only_no_apply;verification_evidence_required=audit_only_confirm_no_canonical_change_needed,audit_only_confirm_no_canonical_change_needed,Audit-only confirmation from scoped listing records; no canonical change.,"Audit only; no ticker, listing, or name change is authorized."
C2_name_freshness,WSE::IGT,IGT,US_LISTED,,Brightstar Lottery PLC,Brightstar Lottery PLC,symbol_change_review,stockanalysis_symbol_changes,manual_review_pending_official_rename_or_symbol_reuse_evidence,P4,workflow_queue=audit_already_reflected;review_bucket=already_reflected_in_scope_with_global_symbol_collision;apply_eligibility=audit_only_no_apply;verification_evidence_required=audit_only_confirm_no_canonical_change_needed,audit_only_confirm_no_canonical_change_needed,Audit-only comparison against official scoped exchange evidence; no canonical change.,"Audit only; no ticker, listing, or name change is authorized."
C2_name_freshness,,CHRO,US_LISTED,,Pelthos Therapeutics Inc.,Pelthos Therapeutics Inc,symbol_change_review,stockanalysis_symbol_changes,manual_review_pending_official_rename_or_symbol_reuse_evidence,P4,workflow_queue=audit_already_reflected;review_bucket=already_reflected_in_source_scope;apply_eligibility=audit_only_no_apply;verification_evidence_required=audit_only_confirm_no_canonical_change_needed,audit_only_confirm_no_canonical_change_needed,Audit-only confirmation from scoped listing records; no canonical change.,"Audit only; no ticker, listing, or name change is authorized."
C2_name_freshness,BATS::SNPX,SNPX,US_LISTED,,TAO Synergies Inc.|Tradr 2X Long SNPS Daily ETF,Tao Synergies Inc,symbol_change_review,stockanalysis_symbol_changes,manual_review_pending_official_rename_or_symbol_reuse_evidence,P1,workflow_queue=review_duplicate_or_cross_listing;review_bucket=action_required_duplicate_or_cross_listing;apply_eligibility=requires_official_venue_confirmation;verification_evidence_required=official_exchange_directory_plus_listing_key_review_to_distinguish_duplicate_cross_listing_or_transition,official_exchange_directory_plus_listing_key_review_to_distinguish_duplicate_cross_listing_or_transition,Official exchange directory records plus listing-key review for both symbols.,"Do not change symbols until duplicate, cross-listing, or transition state is resolved listing-key by listing-key."
C2_name_freshness,,LANC,US_LISTED,,The Marzetti Company,Marzetti Co.,symbol_change_review,stockanalysis_symbol_changes,manual_review_pending_official_rename_or_symbol_reuse_evidence,P4,workflow_queue=audit_already_reflected;review_bucket=already_reflected_in_source_scope;apply_eligibility=audit_only_no_apply;verification_evidence_required=audit_only_confirm_no_canonical_change_needed,audit_only_confirm_no_canonical_change_needed,Audit-only confirmation from scoped listing records; no canonical change.,"Audit only; no ticker, listing, or name change is authorized."
C2_name_freshness,,KWE,US_LISTED,,DEFSEC Technologies Inc.,Defsec Technologies Inc,symbol_change_review,stockanalysis_symbol_changes,manual_review_pending_official_rename_or_symbol_reuse_evidence,P4,workflow_queue=audit_already_reflected;review_bucket=already_reflected_in_source_scope;apply_eligibility=audit_only_no_apply;verification_evidence_required=audit_only_confirm_no_canonical_change_needed,audit_only_confirm_no_canonical_change_needed,Audit-only confirmation from scoped listing records; no canonical change.,"Audit only; no ticker, listing, or name change is authorized."
C2_name_freshness,LSE::SUP,SUP,OTC,,,Superior Industries International Inc,symbol_change_review,stockanalysis_symbol_changes,manual_review_pending_official_rename_or_symbol_reuse_evidence,P2,workflow_queue=blocked_out_of_scope_symbol_collision;review_bucket=hold_out_of_scope_symbol_collision;apply_eligibility=blocked_until_exchange_scope_resolved;verification_evidence_required=official_exchange_scope_and_non_symbol_identity_evidence_before_apply,official_exchange_scope_and_non_symbol_identity_evidence_before_apply,Official source exchange scope mapping plus non-symbol identity evidence before any symbol action.,Block apply; global symbol collision outside source scope is not symbol-change evidence.
C2_name_freshness,,CGCTU,US_LISTED,,Factorial Energy Inc.,Factorial Energy Inc,symbol_change_review,stockanalysis_symbol_changes,manual_review_pending_official_rename_or_symbol_reuse_evidence,P4,workflow_queue=audit_already_reflected;review_bucket=already_reflected_in_source_scope;apply_eligibility=audit_only_no_apply;verification_evidence_required=audit_only_confirm_no_canonical_change_needed,audit_only_confirm_no_canonical_change_needed,Audit-only confirmation from scoped listing records; no canonical change.,"Audit only; no ticker, listing, or name change is authorized."
C2_name_freshness,,OCX,US_LISTED,,Insight Molecular Diagnostics Inc.,Insight Molecular Diagnostics Inc,symbol_change_review,stockanalysis_symbol_changes,manual_review_pending_official_rename_or_symbol_reuse_evidence,P4,workflow_queue=audit_already_reflected;review_bucket=already_reflected_in_source_scope;apply_eligibility=audit_only_no_apply;verification_evidence_required=audit_only_confirm_no_canonical_change_needed,audit_only_confirm_no_canonical_change_needed,Audit-only confirmation from scoped listing records; no canonical change.,"Audit only; no ticker, listing, or name change is authorized."
C2_name_freshness,OTC::AIMI,AIMI,US_LISTED,,AIM ImmunoTech Inc,Aim Immunotech Inc,symbol_change_review,stockanalysis_symbol_changes,manual_review_pending_official_rename_or_symbol_reuse_evidence,P4,workflow_queue=audit_already_reflected;review_bucket=already_reflected_in_scope_with_global_symbol_collision;apply_eligibility=audit_only_no_apply;verification_evidence_required=audit_only_confirm_no_canonical_change_needed,audit_only_confirm_no_canonical_change_needed,Audit-only comparison against official scoped exchange evidence; no canonical change.,"Audit only; no ticker, listing, or name change is authorized."
C2_name_freshness,,GLYC,US_LISTED,,"Crescent Biopharma, Inc.",Crescent Biopharma Inc,symbol_change_review,stockanalysis_symbol_changes,manual_review_pending_official_rename_or_symbol_reuse_evidence,P4,workflow_queue=audit_already_reflected;review_bucket=already_reflected_in_source_scope;apply_eligibility=audit_only_no_apply;verification_evidence_required=audit_only_confirm_no_canonical_change_needed,audit_only_confirm_no_canonical_change_needed,Audit-only confirmation from scoped listing records; no canonical change.,"Audit only; no ticker, listing, or name change is authorized."
C2_name_freshness,,CEAD,US_LISTED,,CEA Industries Inc.,Cea Industries Inc,symbol_change_review,stockanalysis_symbol_changes,manual_review_pending_official_rename_or_symbol_reuse_evidence,P4,workflow_queue=audit_already_reflected;review_bucket=already_reflected_in_source_scope;apply_eligibility=audit_only_no_apply;verification_evidence_required=audit_only_confirm_no_canonical_change_needed,audit_only_confirm_no_canonical_change_needed,Audit-only confirmation from scoped listing records; no canonical change.,"Audit only; no ticker, listing, or name change is authorized."
C2_name_freshness,,PELIU,US_LISTED,,Greenland Energy Company Common Stock,Greenland Energy Co.,symbol_change_review,stockanalysis_symbol_changes,manual_review_pending_official_rename_or_symbol_reuse_evidence,P4,workflow_queue=audit_already_reflected;review_bucket=already_reflected_in_source_scope;apply_eligibility=audit_only_no_apply;verification_evidence_required=audit_only_confirm_no_canonical_change_needed,audit_only_confirm_no_canonical_change_needed,Audit-only confirmation from scoped listing records; no canonical change.,"Audit only; no ticker, listing, or name change is authorized."
C2_name_freshness,,OB,US_LISTED,,Teads B.V.,Teads Holding Co.,symbol_change_review,stockanalysis_symbol_changes,manual_review_pending_official_rename_or_symbol_reuse_evidence,P4,workflow_queue=audit_already_reflected;review_bucket=already_reflected_in_source_scope;apply_eligibility=audit_only_no_apply;verification_evidence_required=audit_only_confirm_no_canonical_change_needed,audit_only_confirm_no_canonical_change_needed,Audit-only confirmation from scoped listing records; no canonical change.,"Audit only; no ticker, listing, or name change is authorized."
C2_name_freshness,,CSWI,US_LISTED,,"CSW Industrials, Inc.",Csw Industrials Inc,symbol_change_review,stockanalysis_symbol_changes,manual_review_pending_official_rename_or_symbol_reuse_evidence,P4,workflow_queue=audit_already_reflected;review_bucket=already_reflected_in_source_scope;apply_eligibility=audit_only_no_apply;verification_evidence_required=audit_only_confirm_no_canonical_change_needed,audit_only_confirm_no_canonical_change_needed,Audit-only confirmation from scoped listing records; no canonical change.,"Audit only; no ticker, listing, or name change is authorized."
C2_name_freshness,,CCCMU,US_LISTED,,"ProCap Financial, Inc.",Procap Financial Inc,symbol_change_review,stockanalysis_symbol_changes,manual_review_pending_official_rename_or_symbol_reuse_evidence,P4,workflow_queue=audit_already_reflected;review_bucket=already_reflected_in_source_scope;apply_eligibility=audit_only_no_apply;verification_evidence_required=audit_only_confirm_no_canonical_change_needed,audit_only_confirm_no_canonical_change_needed,Audit-only confirmation from scoped listing records; no canonical change.,"Audit only; no ticker, listing, or name change is authorized."
C2_name_freshness,,BHAC,US_LISTED,,"XCF Global, Inc. Class A Common Stock",Xcf Global Inc,symbol_change_review,stockanalysis_symbol_changes,manual_review_pending_official_rename_or_symbol_reuse_evidence,P4,workflow_queue=audit_already_reflected;review_bucket=already_reflected_in_source_scope;apply_eligibility=audit_only_no_apply;verification_evidence_required=audit_only_confirm_no_canonical_change_needed,audit_only_confirm_no_canonical_change_needed,Audit-only confirmation from scoped listing records; no canonical change.,"Audit only; no ticker, listing, or name change is authorized."
C2_name_freshness,,HCVI,US_LISTED,,Namib Minerals Ordinary Shares,Namib Minerals,symbol_change_review,stockanalysis_symbol_changes,manual_review_pending_official_rename_or_symbol_reuse_evidence,P4,workflow_queue=audit_already_reflected;review_bucket=already_reflected_in_source_scope;apply_eligibility=audit_only_no_apply;verification_evidence_required=audit_only_confirm_no_canonical_change_needed,audit_only_confirm_no_canonical_change_needed,Audit-only confirmation from scoped listing records; no canonical change.,"Audit only; no ticker, listing, or name change is authorized."
C2_name_freshness,,BSII,US_LISTED,,The Generation Essentials Group,Generation Essentials Group,symbol_change_review,stockanalysis_symbol_changes,manual_review_pending_official_rename_or_symbol_reuse_evidence,P4,workflow_queue=audit_already_reflected;review_bucket=already_reflected_in_source_scope;apply_eligibility=audit_only_no_apply;verification_evidence_required=audit_only_confirm_no_canonical_change_needed,audit_only_confirm_no_canonical_change_needed,Audit-only confirmation from scoped listing records; no canonical change.,"Audit only; no ticker, listing, or name change is authorized."
C2_name_freshness,,JUNE,US_LISTED,,SuperX AI Technology Limited,Superx Ai Technology Ltd.,symbol_change_review,stockanalysis_symbol_changes,manual_review_pending_official_rename_or_symbol_reuse_evidence,P4,workflow_queue=audit_already_reflected;review_bucket=already_reflected_in_source_scope;apply_eligibility=audit_only_no_apply;verification_evidence_required=audit_only_confirm_no_canonical_change_needed,audit_only_confirm_no_canonical_change_needed,Audit-only confirmation from scoped listing records; no canonical change.,"Audit only; no ticker, listing, or name change is authorized."
C2_name_freshness,BATS::TOPW,TOPW,US_LISTED,,AsiaStrategy|Roundhill WeeklyPay Universe ETF,Asiastrategy,symbol_change_review,stockanalysis_symbol_changes,manual_review_pending_official_rename_or_symbol_reuse_evidence,P1,workflow_queue=review_duplicate_or_cross_listing;review_bucket=action_required_duplicate_or_cross_listing;apply_eligibility=requires_official_venue_confirmation;verification_evidence_required=official_exchange_directory_plus_listing_key_review_to_distinguish_duplicate_cross_listing_or_transition,official_exchange_directory_plus_listing_key_review_to_distinguish_duplicate_cross_listing_or_transition,Official exchange directory records plus listing-key review for both symbols.,"Do not change symbols until duplicate, cross-listing, or transition state is resolved listing-key by listing-key."
C2_name_freshness,,KDLY,US_LISTED,,Nakamoto Inc.,Nakamoto Inc,symbol_change_review,stockanalysis_symbol_changes,manual_review_pending_official_rename_or_symbol_reuse_evidence,P4,workflow_queue=audit_already_reflected;review_bucket=already_reflected_in_source_scope;apply_eligibility=audit_only_no_apply;verification_evidence_required=audit_only_confirm_no_canonical_change_needed,audit_only_confirm_no_canonical_change_needed,Audit-only confirmation from scoped listing records; no canonical change.,"Audit only; no ticker, listing, or name change is authorized."
C2_name_freshness,ASX::DMN,DMN,OTC,,Damon Inc.,Damon Inc,symbol_change_review,stockanalysis_symbol_changes,manual_review_pending_official_rename_or_symbol_reuse_evidence,P4,workflow_queue=audit_already_reflected;review_bucket=already_reflected_in_scope_with_global_symbol_collision;apply_eligibility=audit_only_no_apply;verification_evidence_required=audit_only_confirm_no_canonical_change_needed,audit_only_confirm_no_canonical_change_needed,Audit-only comparison against official scoped exchange evidence; no canonical change.,"Audit only; no ticker, listing, or name change is authorized."
C2_name_freshness,,CHACU,US_LISTED,,Xanadu Quantum Technologies Limited Class B Subordinate Voting Shares,Xanadu Quantum Technologies Ltd.,symbol_change_review,stockanalysis_symbol_changes,manual_review_pending_official_rename_or_symbol_reuse_evidence,P4,workflow_queue=audit_already_reflected;review_bucket=already_reflected_in_source_scope;apply_eligibility=audit_only_no_apply;verification_evidence_required=audit_only_confirm_no_canonical_change_needed,audit_only_confirm_no_canonical_change_needed,Audit-only confirmation from scoped listing records; no canonical change.,"Audit only; no ticker, listing, or name change is authorized."
C2_name_freshness,NSE_IN::PGHL,PGHL,US_LISTED,,"DirectBooking Technology Co., Ltd.",Directbooking Technology Co Ltd.,symbol_change_review,stockanalysis_symbol_changes,manual_review_pending_official_rename_or_symbol_reuse_evidence,P4,workflow_queue=audit_already_reflected;review_bucket=already_reflected_in_scope_with_global_symbol_collision;apply_eligibility=audit_only_no_apply;verification_evidence_required=audit_only_confirm_no_canonical_change_needed,audit_only_confirm_no_canonical_change_needed,Audit-only comparison against official scoped exchange evidence; no canonical change.,"Audit only; no ticker, listing, or name change is authorized."
C2_name_freshness,NASDAQ::WW,WW,,,"WW International, Inc.  Common Stock",Ww International Inc,symbol_change_review,stockanalysis_symbol_changes,manual_review_pending_official_rename_or_symbol_reuse_evidence,P2,workflow_queue=blocked_missing_source_scope_mapping;review_bucket=manual_scope_mapping_required;apply_eligibility=blocked_until_exchange_scope_resolved;verification_evidence_required=source_exchange_mapping_before_any_symbol_change_review,source_exchange_mapping_before_any_symbol_change_review,Documented source-to-exchange scope mapping before symbol-change review.,Block review until the secondary feed event is mapped to an exchange scope.
C2_name_freshness,LSE::RTC|XETRA::RTC,RTC,OTC,,Baijiayun Group Ltd,Baijiayun Group Ltd.,symbol_change_review,stockanalysis_symbol_changes,manual_review_pending_official_rename_or_symbol_reuse_evidence,P4,workflow_queue=audit_already_reflected;review_bucket=already_reflected_in_scope_with_global_symbol_collision;apply_eligibility=audit_only_no_apply;verification_evidence_required=audit_only_confirm_no_canonical_change_needed,audit_only_confirm_no_canonical_change_needed,Audit-only comparison against official scoped exchange evidence; no canonical change.,"Audit only; no ticker, listing, or name change is authorized."
C2_name_freshness,,GLST,US_LISTED,,K Wave Media Ltd.,K Wave Media Ltd.,symbol_change_review,stockanalysis_symbol_changes,manual_review_pending_official_rename_or_symbol_reuse_evidence,P4,workflow_queue=audit_already_reflected;review_bucket=already_reflected_in_source_scope;apply_eligibility=audit_only_no_apply;verification_evidence_required=audit_only_confirm_no_canonical_change_needed,audit_only_confirm_no_canonical_change_needed,Audit-only confirmation from scoped listing records; no canonical change.,"Audit only; no ticker, listing, or name change is authorized."
C2_name_freshness,,ZI,US_LISTED,,ZoomInfo Technologies Inc.,Zoominfo Technologies Inc,symbol_change_review,stockanalysis_symbol_changes,manual_review_pending_official_rename_or_symbol_reuse_evidence,P4,workflow_queue=audit_already_reflected;review_bucket=already_reflected_in_source_scope;apply_eligibility=audit_only_no_apply;verification_evidence_required=audit_only_confirm_no_canonical_change_needed,audit_only_confirm_no_canonical_change_needed,Audit-only confirmation from scoped listing records; no canonical change.,"Audit only; no ticker, listing, or name change is authorized."
C2_name_freshness,NYSE::GOLD,GOLD,US_LISTED,,"Barrick Mining Corporation|Gold.com, Inc. Common Stock",Barrick Mining Corp,symbol_change_review,stockanalysis_symbol_changes,manual_review_pending_official_rename_or_symbol_reuse_evidence,P1,workflow_queue=review_duplicate_or_cross_listing;review_bucket=action_required_duplicate_or_cross_listing;apply_eligibility=requires_official_venue_confirmation;verification_evidence_required=official_exchange_directory_plus_listing_key_review_to_distinguish_duplicate_cross_listing_or_transition,official_exchange_directory_plus_listing_key_review_to_distinguish_duplicate_cross_listing_or_transition,Official exchange directory records plus listing-key review for both symbols.,"Do not change symbols until duplicate, cross-listing, or transition state is resolved listing-key by listing-key."
C2_name_freshness,,BUJA,US_LISTED,,GIBO Holdings Limited,Gibo Holdings Ltd.,symbol_change_review,stockanalysis_symbol_changes,manual_review_pending_official_rename_or_symbol_reuse_evidence,P4,workflow_queue=audit_already_reflected;review_bucket=already_reflected_in_source_scope;apply_eligibility=audit_only_no_apply;verification_evidence_required=audit_only_confirm_no_canonical_change_needed,audit_only_confirm_no_canonical_change_needed,Audit-only confirmation from scoped listing records; no canonical change.,"Audit only; no ticker, listing, or name change is authorized."
C2_name_freshness,,SJW,US_LISTED,,H2O America,H2o America,symbol_change_review,stockanalysis_symbol_changes,manual_review_pending_official_rename_or_symbol_reuse_evidence,P4,workflow_queue=audit_already_reflected;review_bucket=already_reflected_in_source_scope;apply_eligibility=audit_only_no_apply;verification_evidence_required=audit_only_confirm_no_canonical_change_needed,audit_only_confirm_no_canonical_change_needed,Audit-only confirmation from scoped listing records; no canonical change.,"Audit only; no ticker, listing, or name change is authorized."
C2_name_freshness,,JNVR,US_LISTED,,DeFi Development Corp.,Defi Development Corp,symbol_change_review,stockanalysis_symbol_changes,manual_review_pending_official_rename_or_symbol_reuse_evidence,P4,workflow_queue=audit_already_reflected;review_bucket=already_reflected_in_source_scope;apply_eligibility=audit_only_no_apply;verification_evidence_required=audit_only_confirm_no_canonical_change_needed,audit_only_confirm_no_canonical_change_needed,Audit-only confirmation from scoped listing records; no canonical change.,"Audit only; no ticker, listing, or name change is authorized."
C2_name_freshness,,HPH,US_LISTED,,Maase Inc.,Maase Inc,symbol_change_review,stockanalysis_symbol_changes,manual_review_pending_official_rename_or_symbol_reuse_evidence,P4,workflow_queue=audit_already_reflected;review_bucket=already_reflected_in_source_scope;apply_eligibility=audit_only_no_apply;verification_evidence_required=audit_only_confirm_no_canonical_change_needed,audit_only_confirm_no_canonical_change_needed,Audit-only confirmation from scoped listing records; no canonical change.,"Audit only; no ticker, listing, or name change is authorized."
C2_name_freshness,,MYTE,US_LISTED,,LuxExperience B.V.,Luxexperience Bv,symbol_change_review,stockanalysis_symbol_changes,manual_review_pending_official_rename_or_symbol_reuse_evidence,P4,workflow_queue=audit_already_reflected;review_bucket=already_reflected_in_source_scope;apply_eligibility=audit_only_no_apply;verification_evidence_required=audit_only_confirm_no_canonical_change_needed,audit_only_confirm_no_canonical_change_needed,Audit-only confirmation from scoped listing records; no canonical change.,"Audit only; no ticker, listing, or name change is authorized."
C2_name_freshness,,BTTR,US_LISTED,,SRx Health Solutions Inc.,Srx Health Solutions Inc,symbol_change_review,stockanalysis_symbol_changes,manual_review_pending_official_rename_or_symbol_reuse_evidence,P4,workflow_queue=audit_already_reflected;review_bucket=already_reflected_in_source_scope;apply_eligibility=audit_only_no_apply;verification_evidence_required=audit_only_confirm_no_canonical_change_needed,audit_only_confirm_no_canonical_change_needed,Audit-only confirmation from scoped listing records; no canonical change.,"Audit only; no ticker, listing, or name change is authorized."
C2_name_freshness,,AVTE,US_LISTED,,"Jade Biosciences, Inc.",Jade Biosciences Inc,symbol_change_review,stockanalysis_symbol_changes,manual_review_pending_official_rename_or_symbol_reuse_evidence,P4,workflow_queue=audit_already_reflected;review_bucket=already_reflected_in_source_scope;apply_eligibility=audit_only_no_apply;verification_evidence_required=audit_only_confirm_no_canonical_change_needed,audit_only_confirm_no_canonical_change_needed,Audit-only confirmation from scoped listing records; no canonical change.,"Audit only; no ticker, listing, or name change is authorized."
C2_name_freshness,LSE::SAG,SAG,US_LISTED,,INNEOVA Holdings Limited,Inneova Holdings Ltd.,symbol_change_review,stockanalysis_symbol_changes,manual_review_pending_official_rename_or_symbol_reuse_evidence,P4,workflow_queue=audit_already_reflected;review_bucket=already_reflected_in_scope_with_global_symbol_collision;apply_eligibility=audit_only_no_apply;verification_evidence_required=audit_only_confirm_no_canonical_change_needed,audit_only_confirm_no_canonical_change_needed,Audit-only comparison against official scoped exchange evidence; no canonical change.,"Audit only; no ticker, listing, or name change is authorized."
C2_name_freshness,,PITA,OTC,,Heramba Electric plc,Heramba Electric PLC,symbol_change_review,stockanalysis_symbol_changes,manual_review_pending_official_rename_or_symbol_reuse_evidence,P4,workflow_queue=audit_already_reflected;review_bucket=already_reflected_in_source_scope;apply_eligibility=audit_only_no_apply;verification_evidence_required=audit_only_confirm_no_canonical_change_needed,audit_only_confirm_no_canonical_change_needed,Audit-only confirmation from scoped listing records; no canonical change.,"Audit only; no ticker, listing, or name change is authorized."
C2_name_freshness,,NAYA,US_LISTED,,"INVO Fertility, Inc.",Invo Fertility Inc,symbol_change_review,stockanalysis_symbol_changes,manual_review_pending_official_rename_or_symbol_reuse_evidence,P4,workflow_queue=audit_already_reflected;review_bucket=already_reflected_in_source_scope;apply_eligibility=audit_only_no_apply;verification_evidence_required=audit_only_confirm_no_canonical_change_needed,audit_only_confirm_no_canonical_change_needed,Audit-only confirmation from scoped listing records; no canonical change.,"Audit only; no ticker, listing, or name change is authorized."
C2_name_freshness,,ONVO,US_LISTED,,"VivoSim Labs, Inc.",Vivosim Labs Inc,symbol_change_review,stockanalysis_symbol_changes,manual_review_pending_official_rename_or_symbol_reuse_evidence,P4,workflow_queue=audit_already_reflected;review_bucket=already_reflected_in_source_scope;apply_eligibility=audit_only_no_apply;verification_evidence_required=audit_only_confirm_no_canonical_change_needed,audit_only_confirm_no_canonical_change_needed,Audit-only confirmation from scoped listing records; no canonical change.,"Audit only; no ticker, listing, or name change is authorized."
C2_name_freshness,JSE::DTC,DTC,OTC,,,Solo Brands Inc,symbol_change_review,stockanalysis_symbol_changes,manual_review_pending_official_rename_or_symbol_reuse_evidence,P2,workflow_queue=blocked_out_of_scope_symbol_collision;review_bucket=hold_out_of_scope_symbol_collision;apply_eligibility=blocked_until_exchange_scope_resolved;verification_evidence_required=official_exchange_scope_and_non_symbol_identity_evidence_before_apply,official_exchange_scope_and_non_symbol_identity_evidence_before_apply,Official source exchange scope mapping plus non-symbol identity evidence before any symbol action.,Block apply; global symbol collision outside source scope is not symbol-change evidence.
C2_name_freshness,,CSLR,US_LISTED,,SunPower Inc.,Sunpower Inc,symbol_change_review,stockanalysis_symbol_changes,manual_review_pending_official_rename_or_symbol_reuse_evidence,P4,workflow_queue=audit_already_reflected;review_bucket=already_reflected_in_source_scope;apply_eligibility=audit_only_no_apply;verification_evidence_required=audit_only_confirm_no_canonical_change_needed,audit_only_confirm_no_canonical_change_needed,Audit-only confirmation from scoped listing records; no canonical change.,"Audit only; no ticker, listing, or name change is authorized."
C2_name_freshness,,ENZ,OTC,,,Enzo Biochem Inc,symbol_change_review,stockanalysis_symbol_changes,manual_review_pending_official_rename_or_symbol_reuse_evidence,P3,workflow_queue=document_no_dataset_match;review_bucket=no_dataset_match_for_source_scope;apply_eligibility=no_dataset_action_without_scope_mapping;verification_evidence_required=official_exchange_scope_mapping_or_ignore_as_external_non_dataset_event,official_exchange_scope_mapping_or_ignore_as_external_non_dataset_event,"Official exchange scope mapping, or document the event as outside the dataset.",No dataset action without scoped official mapping to an existing or intended listing.
C2_name_freshness,STO::CARA,CARA,US_LISTED,,"Tvardi Therapeutics, Inc.",Tvardi Therapeutics Inc,symbol_change_review,stockanalysis_symbol_changes,manual_review_pending_official_rename_or_symbol_reuse_evidence,P4,workflow_queue=audit_already_reflected;review_bucket=already_reflected_in_scope_with_global_symbol_collision;apply_eligibility=audit_only_no_apply;verification_evidence_required=audit_only_confirm_no_canonical_change_needed,audit_only_confirm_no_canonical_change_needed,Audit-only comparison against official scoped exchange evidence; no canonical change.,"Audit only; no ticker, listing, or name change is authorized."
C2_name_freshness,,AWH,OTC,,Aspira Women's Health Inc.,Aspira Women's Health Inc,symbol_change_review,stockanalysis_symbol_changes,manual_review_pending_official_rename_or_symbol_reuse_evidence,P4,workflow_queue=audit_already_reflected;review_bucket=already_reflected_in_source_scope;apply_eligibility=audit_only_no_apply;verification_evidence_required=audit_only_confirm_no_canonical_change_needed,audit_only_confirm_no_canonical_change_needed,Audit-only confirmation from scoped listing records; no canonical change.,"Audit only; no ticker, listing, or name change is authorized."
C2_name_freshness,,PEV,OTC,,Phoenix Motor Inc.,Phoenix Motor Inc,symbol_change_review,stockanalysis_symbol_changes,manual_review_pending_official_rename_or_symbol_reuse_evidence,P4,workflow_queue=audit_already_reflected;review_bucket=already_reflected_in_source_scope;apply_eligibility=audit_only_no_apply;verification_evidence_required=audit_only_confirm_no_canonical_change_needed,audit_only_confirm_no_canonical_change_needed,Audit-only confirmation from scoped listing records; no canonical change.,"Audit only; no ticker, listing, or name change is authorized."
