campaign,listing_key,ticker,exchange,asset_type,name,isin,guard_decision,leakage_class,confidence,evidence_source,evidence_value,review_strategy,verification_evidence_required,recommended_next_source,source_gate,recommended_action
C5_non_equity_leakage_guard,LSE::0HO8,0HO8,LSE,Stock,Blackstone Inc.,US09260D1072,blocked_non_common_stock,unit_name_pattern,deterministic,name,BLACKSTONE GROUP LP BLACKSTONE GROUP UNITS,exclude_or_reclassify_only_after_listing_keyed_official_evidence,official_security_type_cfi_openfigi_or_exchange_listing_evidence,"OpenFIGI securityType, official CFI code, exchange listing directory, or issuer security description for the exact listing.","Block Stock ingestion until official security-type, CFI, exchange, issuer, or OpenFIGI evidence proves the row is common stock or an allowed depositary receipt.",do_not_ingest_as_stock
C5_non_equity_leakage_guard,LSE::0S23,0S23,LSE,Stock,Enterprise Products Partners L.P.,US2937921078,blocked_non_common_stock,unit_name_pattern,deterministic,name,ENTERPRISE PRODUCTS PARTNERS LP ENTERPRISE PRODUCTS PARTNERS UNITS,exclude_or_reclassify_only_after_listing_keyed_official_evidence,official_security_type_cfi_openfigi_or_exchange_listing_evidence,"OpenFIGI securityType, official CFI code, exchange listing directory, or issuer security description for the exact listing.","Block Stock ingestion until official security-type, CFI, exchange, issuer, or OpenFIGI evidence proves the row is common stock or an allowed depositary receipt.",do_not_ingest_as_stock
C5_non_equity_leakage_guard,NYSE::AB,AB,NYSE,Stock,AllianceBernstein Holding L.P. ,US01881G1067,blocked_non_common_stock,unit_name_pattern,deterministic,name,AllianceBernstein Holding L.P.  Units,exclude_or_reclassify_only_after_listing_keyed_official_evidence,official_security_type_cfi_openfigi_or_exchange_listing_evidence,"OpenFIGI securityType, official CFI code, exchange listing directory, or issuer security description for the exact listing.","Block Stock ingestion until official security-type, CFI, exchange, issuer, or OpenFIGI evidence proves the row is common stock or an allowed depositary receipt.",do_not_ingest_as_stock
C5_non_equity_leakage_guard,NASDAQ::ACONW,ACONW,NASDAQ,Stock,Aclarion Inc,US6551874091,blocked_non_common_stock,warrant_name_pattern,deterministic,name,"Aclarion, Inc. - Warrant",exclude_or_reclassify_only_after_listing_keyed_official_evidence,official_security_type_cfi_openfigi_or_exchange_listing_evidence,"OpenFIGI securityType, official CFI code, exchange listing directory, or issuer security description for the exact listing.","Block Stock ingestion until official security-type, CFI, exchange, issuer, or OpenFIGI evidence proves the row is common stock or an allowed depositary receipt.",do_not_ingest_as_stock
C5_non_equity_leakage_guard,TSX::AD-UN,AD-UN,TSX,Stock,Alaris Equity Partners Income Trust,CAC010971017,blocked_non_common_stock,unit_ticker_pattern,deterministic,ticker,AD-UN,exclude_or_reclassify_only_after_listing_keyed_official_evidence,official_security_type_cfi_openfigi_or_exchange_listing_evidence,"OpenFIGI securityType, official CFI code, exchange listing directory, or issuer security description for the exact listing.","Block Stock ingestion until official security-type, CFI, exchange, issuer, or OpenFIGI evidence proves the row is common stock or an allowed depositary receipt.",do_not_ingest_as_stock
C5_non_equity_leakage_guard,NASDAQ::ADAMG,ADAMG,NASDAQ,Stock,"Adamas Trust, Inc.",US6496048405,blocked_non_common_stock,debt_name_pattern,deterministic,name,"Adamas Trust, Inc. - 9.125% Senior Notes Due 2030",exclude_or_reclassify_only_after_listing_keyed_official_evidence,official_security_type_cfi_openfigi_or_exchange_listing_evidence,"OpenFIGI securityType, official CFI code, exchange listing directory, or issuer security description for the exact listing.","Block Stock ingestion until official security-type, CFI, exchange, issuer, or OpenFIGI evidence proves the row is common stock or an allowed depositary receipt.",do_not_ingest_as_stock
C5_non_equity_leakage_guard,NASDAQ::ADAMM,ADAMM,NASDAQ,Stock,"Adamas Trust, Inc. - 7.875% Series E Fixed-to-Floating Rate Cumulative Redeemable",,blocked_non_common_stock,preferred_name_pattern,deterministic,name,"Adamas Trust, Inc. - 7.875% Series E Fixed-to-Floating Rate Cumulative Redeemable Preferred Stock",exclude_or_reclassify_only_after_listing_keyed_official_evidence,official_security_type_cfi_openfigi_or_exchange_listing_evidence,"OpenFIGI securityType, official CFI code, exchange listing directory, or issuer security description for the exact listing.","Block Stock ingestion until official security-type, CFI, exchange, issuer, or OpenFIGI evidence proves the row is common stock or an allowed depositary receipt.",do_not_ingest_as_stock
C5_non_equity_leakage_guard,NASDAQ::ADAMN,ADAMN,NASDAQ,Stock,"Adamas Trust, Inc",US6496048405,blocked_non_common_stock,preferred_name_pattern,deterministic,name,"Adamas Trust, Inc. - 8.00% Series D Fixed-to-Floating Rate Cumulative Redeemable Preferred Stock",exclude_or_reclassify_only_after_listing_keyed_official_evidence,official_security_type_cfi_openfigi_or_exchange_listing_evidence,"OpenFIGI securityType, official CFI code, exchange listing directory, or issuer security description for the exact listing.","Block Stock ingestion until official security-type, CFI, exchange, issuer, or OpenFIGI evidence proves the row is common stock or an allowed depositary receipt.",do_not_ingest_as_stock
C5_non_equity_leakage_guard,NASDAQ::ADAMZ,ADAMZ,NASDAQ,Stock,"Adamas Trust, Inc",US6496048405,blocked_non_common_stock,preferred_name_pattern,deterministic,name,"Adamas Trust, Inc. - 7.000% Series G Cumulative Redeemable Preferred Stock, $0.01 par value per share",exclude_or_reclassify_only_after_listing_keyed_official_evidence,official_security_type_cfi_openfigi_or_exchange_listing_evidence,"OpenFIGI securityType, official CFI code, exchange listing directory, or issuer security description for the exact listing.","Block Stock ingestion until official security-type, CFI, exchange, issuer, or OpenFIGI evidence proves the row is common stock or an allowed depositary receipt.",do_not_ingest_as_stock
C5_non_equity_leakage_guard,NASDAQ::AERTW,AERTW,NASDAQ,Stock,Aeries Technology Inc.,KYG0136H1020,blocked_non_common_stock,warrant_name_pattern,deterministic,name,"Aeries Technology, Inc. - Warrant",exclude_or_reclassify_only_after_listing_keyed_official_evidence,official_security_type_cfi_openfigi_or_exchange_listing_evidence,"OpenFIGI securityType, official CFI code, exchange listing directory, or issuer security description for the exact listing.","Block Stock ingestion until official security-type, CFI, exchange, issuer, or OpenFIGI evidence proves the row is common stock or an allowed depositary receipt.",do_not_ingest_as_stock
C5_non_equity_leakage_guard,NASDAQ::AGNCP,AGNCP,NASDAQ,Stock,AGNC Investment Corp.,US00123Q1040,blocked_non_common_stock,preferred_name_pattern,deterministic,name,"AGNC Investment Corp. - Depositary Shares Each Representing a 1/1,000th Interest in a Share of 6.125% Series F Fixed-to-Floating Rate Cumulative Redeemable Preferred Stock",exclude_or_reclassify_only_after_listing_keyed_official_evidence,official_security_type_cfi_openfigi_or_exchange_listing_evidence,"OpenFIGI securityType, official CFI code, exchange listing directory, or issuer security description for the exact listing.","Block Stock ingestion until official security-type, CFI, exchange, issuer, or OpenFIGI evidence proves the row is common stock or an allowed depositary receipt.",do_not_ingest_as_stock
C5_non_equity_leakage_guard,NASDAQ::AIMDW,AIMDW,NASDAQ,Stock,Ainos Inc.,US00902F3038,blocked_non_common_stock,warrant_name_pattern,deterministic,name,"Ainos, Inc. - warrants",exclude_or_reclassify_only_after_listing_keyed_official_evidence,official_security_type_cfi_openfigi_or_exchange_listing_evidence,"OpenFIGI securityType, official CFI code, exchange listing directory, or issuer security description for the exact listing.","Block Stock ingestion until official security-type, CFI, exchange, issuer, or OpenFIGI evidence proves the row is common stock or an allowed depositary receipt.",do_not_ingest_as_stock
C5_non_equity_leakage_guard,TSXV::ALAB-P,ALAB-P,TSXV,Stock,A-Labs Capital II Corp,CA58504D1006,blocked_non_common_stock,preferred_ticker_pattern,deterministic,ticker,ALAB-P,exclude_or_reclassify_only_after_listing_keyed_official_evidence,official_security_type_cfi_openfigi_or_exchange_listing_evidence,"OpenFIGI securityType, official CFI code, exchange listing directory, or issuer security description for the exact listing.","Block Stock ingestion until official security-type, CFI, exchange, issuer, or OpenFIGI evidence proves the row is common stock or an allowed depositary receipt.",do_not_ingest_as_stock
C5_non_equity_leakage_guard,TSXV::ALFA-UN,ALFA-UN,TSXV,Stock,Margaux Real Estate Investment Trust,CA56660A2092,blocked_non_common_stock,unit_ticker_pattern,deterministic,ticker,ALFA-UN,exclude_or_reclassify_only_after_listing_keyed_official_evidence,official_security_type_cfi_openfigi_or_exchange_listing_evidence,"OpenFIGI securityType, official CFI code, exchange listing directory, or issuer security description for the exact listing.","Block Stock ingestion until official security-type, CFI, exchange, issuer, or OpenFIGI evidence proves the row is common stock or an allowed depositary receipt.",do_not_ingest_as_stock
C5_non_equity_leakage_guard,NASDAQ::AMODW,AMODW,NASDAQ,Stock,"Alpha Modus Holdings, Inc.",US0209521071,blocked_non_common_stock,warrant_name_pattern,deterministic,name,"Alpha Modus Holdings, Inc. - Warrant",exclude_or_reclassify_only_after_listing_keyed_official_evidence,official_security_type_cfi_openfigi_or_exchange_listing_evidence,"OpenFIGI securityType, official CFI code, exchange listing directory, or issuer security description for the exact listing.","Block Stock ingestion until official security-type, CFI, exchange, issuer, or OpenFIGI evidence proves the row is common stock or an allowed depositary receipt.",do_not_ingest_as_stock
C5_non_equity_leakage_guard,NYSE::AOMD,AOMD,NYSE,Stock,"Angel Oak Mortgage REIT, Inc",,blocked_non_common_stock,debt_name_pattern,deterministic,name,"Angel Oak Mortgage REIT, Inc. 9.750% Senior Notes due 2030",exclude_or_reclassify_only_after_listing_keyed_official_evidence,official_security_type_cfi_openfigi_or_exchange_listing_evidence,"OpenFIGI securityType, official CFI code, exchange listing directory, or issuer security description for the exact listing.","Block Stock ingestion until official security-type, CFI, exchange, issuer, or OpenFIGI evidence proves the row is common stock or an allowed depositary receipt.",do_not_ingest_as_stock
C5_non_equity_leakage_guard,TSX::AP-UN,AP-UN,TSX,Stock,Allied Properties Real Estate Investment Trust,CA0194561027,blocked_non_common_stock,unit_ticker_pattern,deterministic,ticker,AP-UN,exclude_or_reclassify_only_after_listing_keyed_official_evidence,official_security_type_cfi_openfigi_or_exchange_listing_evidence,"OpenFIGI securityType, official CFI code, exchange listing directory, or issuer security description for the exact listing.","Block Stock ingestion until official security-type, CFI, exchange, issuer, or OpenFIGI evidence proves the row is common stock or an allowed depositary receipt.",do_not_ingest_as_stock
C5_non_equity_leakage_guard,NYSE::APOS,APOS,NYSE,Stock,Apollo Global Management Inc.,US03769M1062,blocked_non_common_stock,debt_name_pattern,deterministic,name,"Apollo Global Management, Inc. 7.625% Fixed-Rate Resettable Junior Subordinated Notes due 2053",exclude_or_reclassify_only_after_listing_keyed_official_evidence,official_security_type_cfi_openfigi_or_exchange_listing_evidence,"OpenFIGI securityType, official CFI code, exchange listing directory, or issuer security description for the exact listing.","Block Stock ingestion until official security-type, CFI, exchange, issuer, or OpenFIGI evidence proves the row is common stock or an allowed depositary receipt.",do_not_ingest_as_stock
C5_non_equity_leakage_guard,TSX::APR-UN,APR-UN,TSX,Stock,Automotive Properties Real Estate Investment Trust,CA05329M1041,blocked_non_common_stock,unit_ticker_pattern,deterministic,ticker,APR-UN,exclude_or_reclassify_only_after_listing_keyed_official_evidence,official_security_type_cfi_openfigi_or_exchange_listing_evidence,"OpenFIGI securityType, official CFI code, exchange listing directory, or issuer security description for the exact listing.","Block Stock ingestion until official security-type, CFI, exchange, issuer, or OpenFIGI evidence proves the row is common stock or an allowed depositary receipt.",do_not_ingest_as_stock
C5_non_equity_leakage_guard,NASDAQ::ARCC,ARCC,NASDAQ,Stock,Ares Capital Corporation,US04010L1035,manual_review_ambiguous_stock_classification,possible_closed_end_fund_or_trust,review,name,Ares Capital Corporation - Closed End Fund,classify_with_official_product_or_security_type_evidence,official_product_type_or_security_type_for_exact_listing,"Official exchange product segment, issuer security page, CFI code, or OpenFIGI securityType.",Queue for manual classification; name shape alone does not authorize a Stock or ETF change.,queue_for_classification_review
C5_non_equity_leakage_guard,NASDAQ::ARLP,ARLP,NASDAQ,Stock,Alliance Resource Partners LP,US01877R1086,blocked_non_common_stock,unit_name_pattern,deterministic,name,"Alliance Resource Partners, L.P. - Common Units Representing Limited Partnership Interests",exclude_or_reclassify_only_after_listing_keyed_official_evidence,official_security_type_cfi_openfigi_or_exchange_listing_evidence,"OpenFIGI securityType, official CFI code, exchange listing directory, or issuer security description for the exact listing.","Block Stock ingestion until official security-type, CFI, exchange, issuer, or OpenFIGI evidence proves the row is common stock or an allowed depositary receipt.",do_not_ingest_as_stock
C5_non_equity_leakage_guard,NASDAQ::ASPSW,ASPSW,NASDAQ,Stock,Altisource Portfolio Solutions S.A.,LU0445408270,blocked_non_common_stock,warrant_name_pattern,deterministic,name,Altisource Portfolio Solutions S.A. - Net Settle Stakeholder Warrants,exclude_or_reclassify_only_after_listing_keyed_official_evidence,official_security_type_cfi_openfigi_or_exchange_listing_evidence,"OpenFIGI securityType, official CFI code, exchange listing directory, or issuer security description for the exact listing.","Block Stock ingestion until official security-type, CFI, exchange, issuer, or OpenFIGI evidence proves the row is common stock or an allowed depositary receipt.",do_not_ingest_as_stock
C5_non_equity_leakage_guard,NASDAQ::ASPSZ,ASPSZ,NASDAQ,Stock,Altisource Portfolio Solutions S.A.,LU0445408270,blocked_non_common_stock,warrant_name_pattern,deterministic,name,Altisource Portfolio Solutions S.A. - Cash Exercise Stakeholder Warrants,exclude_or_reclassify_only_after_listing_keyed_official_evidence,official_security_type_cfi_openfigi_or_exchange_listing_evidence,"OpenFIGI securityType, official CFI code, exchange listing directory, or issuer security description for the exact listing.","Block Stock ingestion until official security-type, CFI, exchange, issuer, or OpenFIGI evidence proves the row is common stock or an allowed depositary receipt.",do_not_ingest_as_stock
C5_non_equity_leakage_guard,NASDAQ::AUROW,AUROW,NASDAQ,Stock,Aurora Innovation Inc,US0517741072,blocked_non_common_stock,warrant_name_pattern,deterministic,name,"Aurora Innovation, Inc.  - Warrant",exclude_or_reclassify_only_after_listing_keyed_official_evidence,official_security_type_cfi_openfigi_or_exchange_listing_evidence,"OpenFIGI securityType, official CFI code, exchange listing directory, or issuer security description for the exact listing.","Block Stock ingestion until official security-type, CFI, exchange, issuer, or OpenFIGI evidence proves the row is common stock or an allowed depositary receipt.",do_not_ingest_as_stock
C5_non_equity_leakage_guard,TSX::AX-UN,AX-UN,TSX,Stock,Artis Real Estate Investment Trust,CA04315L1058,blocked_non_common_stock,unit_ticker_pattern,deterministic,ticker,AX-UN,exclude_or_reclassify_only_after_listing_keyed_official_evidence,official_security_type_cfi_openfigi_or_exchange_listing_evidence,"OpenFIGI securityType, official CFI code, exchange listing directory, or issuer security description for the exact listing.","Block Stock ingestion until official security-type, CFI, exchange, issuer, or OpenFIGI evidence proves the row is common stock or an allowed depositary receipt.",do_not_ingest_as_stock
C5_non_equity_leakage_guard,TSX::BBU-UN,BBU-UN,TSX,Stock,Brookfield Business Partners L.P.,BMG162341090,blocked_non_common_stock,unit_ticker_pattern,deterministic,ticker,BBU-UN,exclude_or_reclassify_only_after_listing_keyed_official_evidence,official_security_type_cfi_openfigi_or_exchange_listing_evidence,"OpenFIGI securityType, official CFI code, exchange listing directory, or issuer security description for the exact listing.","Block Stock ingestion until official security-type, CFI, exchange, issuer, or OpenFIGI evidence proves the row is common stock or an allowed depositary receipt.",do_not_ingest_as_stock
C5_non_equity_leakage_guard,NASDAQ::BCIC,BCIC,NASDAQ,Stock,BCP Investment Corp.,US73688F2011,manual_review_ambiguous_stock_classification,possible_closed_end_fund_or_trust,review,name,BCP Investment Corporation - Closed End Fund,classify_with_official_product_or_security_type_evidence,official_product_type_or_security_type_for_exact_listing,"Official exchange product segment, issuer security page, CFI code, or OpenFIGI securityType.",Queue for manual classification; name shape alone does not authorize a Stock or ETF change.,queue_for_classification_review
C5_non_equity_leakage_guard,NASDAQ::BDMDW,BDMDW,NASDAQ,Stock,Baird Medical Investment Holdings Limited,KYG0705H1039,blocked_non_common_stock,warrant_name_pattern,deterministic,name,Baird Medical Investment Holdings Ltd - Warrant,exclude_or_reclassify_only_after_listing_keyed_official_evidence,official_security_type_cfi_openfigi_or_exchange_listing_evidence,"OpenFIGI securityType, official CFI code, exchange listing directory, or issuer security description for the exact listing.","Block Stock ingestion until official security-type, CFI, exchange, issuer, or OpenFIGI evidence proves the row is common stock or an allowed depositary receipt.",do_not_ingest_as_stock
C5_non_equity_leakage_guard,TSX::BEI-UN,BEI-UN,TSX,Stock,Boardwalk Real Estate Investment Trust,CA0966311064,blocked_non_common_stock,unit_ticker_pattern,deterministic,ticker,BEI-UN,exclude_or_reclassify_only_after_listing_keyed_official_evidence,official_security_type_cfi_openfigi_or_exchange_listing_evidence,"OpenFIGI securityType, official CFI code, exchange listing directory, or issuer security description for the exact listing.","Block Stock ingestion until official security-type, CFI, exchange, issuer, or OpenFIGI evidence proves the row is common stock or an allowed depositary receipt.",do_not_ingest_as_stock
C5_non_equity_leakage_guard,NYSE::BEP,BEP,NYSE,Stock,Brookfield Renewable Partners LP,BMG162581083,blocked_non_common_stock,unit_name_pattern,deterministic,name,Brookfield Renewable Partners L.P. Limited Partnership Units,exclude_or_reclassify_only_after_listing_keyed_official_evidence,official_security_type_cfi_openfigi_or_exchange_listing_evidence,"OpenFIGI securityType, official CFI code, exchange listing directory, or issuer security description for the exact listing.","Block Stock ingestion until official security-type, CFI, exchange, issuer, or OpenFIGI evidence proves the row is common stock or an allowed depositary receipt.",do_not_ingest_as_stock
C5_non_equity_leakage_guard,TSX::BEP-UN,BEP-UN,TSX,Stock,Brookfield Renewable Partners L.P,BMG162581083,blocked_non_common_stock,unit_ticker_pattern,deterministic,ticker,BEP-UN,exclude_or_reclassify_only_after_listing_keyed_official_evidence,official_security_type_cfi_openfigi_or_exchange_listing_evidence,"OpenFIGI securityType, official CFI code, exchange listing directory, or issuer security description for the exact listing.","Block Stock ingestion until official security-type, CFI, exchange, issuer, or OpenFIGI evidence proves the row is common stock or an allowed depositary receipt.",do_not_ingest_as_stock
C5_non_equity_leakage_guard,NASDAQ::BETRW,BETRW,NASDAQ,Stock,Better Home & Finance Holding Company,US08774B5084,blocked_non_common_stock,warrant_name_pattern,deterministic,name,Better Home & Finance Holding Company - Warrant,exclude_or_reclassify_only_after_listing_keyed_official_evidence,official_security_type_cfi_openfigi_or_exchange_listing_evidence,"OpenFIGI securityType, official CFI code, exchange listing directory, or issuer security description for the exact listing.","Block Stock ingestion until official security-type, CFI, exchange, issuer, or OpenFIGI evidence proves the row is common stock or an allowed depositary receipt.",do_not_ingest_as_stock
C5_non_equity_leakage_guard,TSX::BGI-UN,BGI-UN,TSX,Stock,Brookfield Global Infrastructure Securities Income Fund,,blocked_non_common_stock,unit_ticker_pattern,deterministic,ticker,BGI-UN,exclude_or_reclassify_only_after_listing_keyed_official_evidence,official_security_type_cfi_openfigi_or_exchange_listing_evidence,"OpenFIGI securityType, official CFI code, exchange listing directory, or issuer security description for the exact listing.","Block Stock ingestion until official security-type, CFI, exchange, issuer, or OpenFIGI evidence proves the row is common stock or an allowed depositary receipt.",do_not_ingest_as_stock
C5_non_equity_leakage_guard,NASDAQ::BHFAP,BHFAP,NASDAQ,Stock,Brighthouse Financial Inc,US10922N6085,blocked_non_common_stock,preferred_name_pattern,deterministic,name,"Brighthouse Financial, Inc. - Depositary Shares 6.6% Non-Cumulative Preferred Stock, Series A",exclude_or_reclassify_only_after_listing_keyed_official_evidence,official_security_type_cfi_openfigi_or_exchange_listing_evidence,"OpenFIGI securityType, official CFI code, exchange listing directory, or issuer security description for the exact listing.","Block Stock ingestion until official security-type, CFI, exchange, issuer, or OpenFIGI evidence proves the row is common stock or an allowed depositary receipt.",do_not_ingest_as_stock
C5_non_equity_leakage_guard,NYSE::BIP,BIP,NYSE,Stock,Brookfield Infrastructure Partners LP,BMG162521014,blocked_non_common_stock,unit_name_pattern,deterministic,name,Brookfield Infrastructure Partners LP Limited Partnership Units,exclude_or_reclassify_only_after_listing_keyed_official_evidence,official_security_type_cfi_openfigi_or_exchange_listing_evidence,"OpenFIGI securityType, official CFI code, exchange listing directory, or issuer security description for the exact listing.","Block Stock ingestion until official security-type, CFI, exchange, issuer, or OpenFIGI evidence proves the row is common stock or an allowed depositary receipt.",do_not_ingest_as_stock
C5_non_equity_leakage_guard,TSX::BIP-UN,BIP-UN,TSX,Stock,Brookfield Infrastructure Partners L.P,BMG162521014,blocked_non_common_stock,unit_ticker_pattern,deterministic,ticker,BIP-UN,exclude_or_reclassify_only_after_listing_keyed_official_evidence,official_security_type_cfi_openfigi_or_exchange_listing_evidence,"OpenFIGI securityType, official CFI code, exchange listing directory, or issuer security description for the exact listing.","Block Stock ingestion until official security-type, CFI, exchange, issuer, or OpenFIGI evidence proves the row is common stock or an allowed depositary receipt.",do_not_ingest_as_stock
C5_non_equity_leakage_guard,TSX::BPF-UN,BPF-UN,TSX,Stock,Boston Pizza Royalties Income Fund,,blocked_non_common_stock,unit_ticker_pattern,deterministic,ticker,BPF-UN,exclude_or_reclassify_only_after_listing_keyed_official_evidence,official_security_type_cfi_openfigi_or_exchange_listing_evidence,"OpenFIGI securityType, official CFI code, exchange listing directory, or issuer security description for the exact listing.","Block Stock ingestion until official security-type, CFI, exchange, issuer, or OpenFIGI evidence proves the row is common stock or an allowed depositary receipt.",do_not_ingest_as_stock
C5_non_equity_leakage_guard,NYSE::BSM,BSM,NYSE,Stock,Black Stone Minerals LP,US09225M1018,blocked_non_common_stock,unit_name_pattern,deterministic,name,"Black Stone Minerals, L.P. Common units representing limited partner interests",exclude_or_reclassify_only_after_listing_keyed_official_evidence,official_security_type_cfi_openfigi_or_exchange_listing_evidence,"OpenFIGI securityType, official CFI code, exchange listing directory, or issuer security description for the exact listing.","Block Stock ingestion until official security-type, CFI, exchange, issuer, or OpenFIGI evidence proves the row is common stock or an allowed depositary receipt.",do_not_ingest_as_stock
C5_non_equity_leakage_guard,TSX::BTB-UN,BTB-UN,TSX,Stock,BTB Real Estate Investment Trust,CA11777P3007,blocked_non_common_stock,unit_ticker_pattern,deterministic,ticker,BTB-UN,exclude_or_reclassify_only_after_listing_keyed_official_evidence,official_security_type_cfi_openfigi_or_exchange_listing_evidence,"OpenFIGI securityType, official CFI code, exchange listing directory, or issuer security description for the exact listing.","Block Stock ingestion until official security-type, CFI, exchange, issuer, or OpenFIGI evidence proves the row is common stock or an allowed depositary receipt.",do_not_ingest_as_stock
C5_non_equity_leakage_guard,NYSE::BWNB,BWNB,NYSE,Stock,Babcock & Wilcox Enterprises Inc.,US05614L2097,blocked_non_common_stock,debt_name_pattern,deterministic,name,"Babcock & Wilcox Enterprises, Inc. 6.50% Senior Notes due 2026",exclude_or_reclassify_only_after_listing_keyed_official_evidence,official_security_type_cfi_openfigi_or_exchange_listing_evidence,"OpenFIGI securityType, official CFI code, exchange listing directory, or issuer security description for the exact listing.","Block Stock ingestion until official security-type, CFI, exchange, issuer, or OpenFIGI evidence proves the row is common stock or an allowed depositary receipt.",do_not_ingest_as_stock
C5_non_equity_leakage_guard,NYSE::CAPL,CAPL,NYSE,Stock,Crossamerica Partners LP,US22758A1051,blocked_non_common_stock,unit_name_pattern,deterministic,name,CrossAmerica Partners LP Common Units representing limited partner interests,exclude_or_reclassify_only_after_listing_keyed_official_evidence,official_security_type_cfi_openfigi_or_exchange_listing_evidence,"OpenFIGI securityType, official CFI code, exchange listing directory, or issuer security description for the exact listing.","Block Stock ingestion until official security-type, CFI, exchange, issuer, or OpenFIGI evidence proves the row is common stock or an allowed depositary receipt.",do_not_ingest_as_stock
C5_non_equity_leakage_guard,TSX::CAR-UN,CAR-UN,TSX,Stock,Canadian Apartment Properties Real Estate Investment Trust,CA1349211054,blocked_non_common_stock,unit_ticker_pattern,deterministic,ticker,CAR-UN,exclude_or_reclassify_only_after_listing_keyed_official_evidence,official_security_type_cfi_openfigi_or_exchange_listing_evidence,"OpenFIGI securityType, official CFI code, exchange listing directory, or issuer security description for the exact listing.","Block Stock ingestion until official security-type, CFI, exchange, issuer, or OpenFIGI evidence proves the row is common stock or an allowed depositary receipt.",do_not_ingest_as_stock
C5_non_equity_leakage_guard,NASDAQ::CDIOW,CDIOW,NASDAQ,Stock,Cardio Diagnostics Holdings Inc,US14159C1036,blocked_non_common_stock,warrant_name_pattern,deterministic,name,Cardio Diagnostics Holdings Inc. - Warrant,exclude_or_reclassify_only_after_listing_keyed_official_evidence,official_security_type_cfi_openfigi_or_exchange_listing_evidence,"OpenFIGI securityType, official CFI code, exchange listing directory, or issuer security description for the exact listing.","Block Stock ingestion until official security-type, CFI, exchange, issuer, or OpenFIGI evidence proves the row is common stock or an allowed depositary receipt.",do_not_ingest_as_stock
C5_non_equity_leakage_guard,NASDAQ::CGBD,CGBD,NASDAQ,Stock,Carlyle Secured Lending Inc,US8722801029,manual_review_ambiguous_stock_classification,possible_closed_end_fund_or_trust,review,name,"Carlyle Secured Lending, Inc. - Closed End Fund",classify_with_official_product_or_security_type_evidence,official_product_type_or_security_type_for_exact_listing,"Official exchange product segment, issuer security page, CFI code, or OpenFIGI securityType.",Queue for manual classification; name shape alone does not authorize a Stock or ETF change.,queue_for_classification_review
C5_non_equity_leakage_guard,TSX::CHE-UN,CHE-UN,TSX,Stock,Chemtrade Logistics Income Fund,CA16387P1036,blocked_non_common_stock,unit_ticker_pattern,deterministic,ticker,CHE-UN,exclude_or_reclassify_only_after_listing_keyed_official_evidence,official_security_type_cfi_openfigi_or_exchange_listing_evidence,"OpenFIGI securityType, official CFI code, exchange listing directory, or issuer security description for the exact listing.","Block Stock ingestion until official security-type, CFI, exchange, issuer, or OpenFIGI evidence proves the row is common stock or an allowed depositary receipt.",do_not_ingest_as_stock
C5_non_equity_leakage_guard,TSX::CHP-UN,CHP-UN,TSX,Stock,Choice Properties Real Estate Investment Trust,CA17039A1066,blocked_non_common_stock,unit_ticker_pattern,deterministic,ticker,CHP-UN,exclude_or_reclassify_only_after_listing_keyed_official_evidence,official_security_type_cfi_openfigi_or_exchange_listing_evidence,"OpenFIGI securityType, official CFI code, exchange listing directory, or issuer security description for the exact listing.","Block Stock ingestion until official security-type, CFI, exchange, issuer, or OpenFIGI evidence proves the row is common stock or an allowed depositary receipt.",do_not_ingest_as_stock
C5_non_equity_leakage_guard,NYSE::CICB,CICB,NYSE,Stock,CION Investment Corporation,US17259U2042,blocked_non_common_stock,debt_name_pattern,deterministic,name,CION Investment Corporation 7.50% Notes due 2029,exclude_or_reclassify_only_after_listing_keyed_official_evidence,official_security_type_cfi_openfigi_or_exchange_listing_evidence,"OpenFIGI securityType, official CFI code, exchange listing directory, or issuer security description for the exact listing.","Block Stock ingestion until official security-type, CFI, exchange, issuer, or OpenFIGI evidence proves the row is common stock or an allowed depositary receipt.",do_not_ingest_as_stock
C5_non_equity_leakage_guard,NYSE::CIMN,CIMN,NYSE,Stock,Chimera Investment Corporation,US16934Q8024,blocked_non_common_stock,debt_name_pattern,deterministic,name,Chimera Investment Corporation 9.000% Senior Notes due 2029,exclude_or_reclassify_only_after_listing_keyed_official_evidence,official_security_type_cfi_openfigi_or_exchange_listing_evidence,"OpenFIGI securityType, official CFI code, exchange listing directory, or issuer security description for the exact listing.","Block Stock ingestion until official security-type, CFI, exchange, issuer, or OpenFIGI evidence proves the row is common stock or an allowed depositary receipt.",do_not_ingest_as_stock
C5_non_equity_leakage_guard,NASDAQ::COCHW,COCHW,NASDAQ,Stock,Envoy Medical Inc.,US29415V1098,blocked_non_common_stock,warrant_name_pattern,deterministic,name,"Envoy Medical, Inc. - Warrant",exclude_or_reclassify_only_after_listing_keyed_official_evidence,official_security_type_cfi_openfigi_or_exchange_listing_evidence,"OpenFIGI securityType, official CFI code, exchange listing directory, or issuer security description for the exact listing.","Block Stock ingestion until official security-type, CFI, exchange, issuer, or OpenFIGI evidence proves the row is common stock or an allowed depositary receipt.",do_not_ingest_as_stock
C5_non_equity_leakage_guard,TSX::COP-UN,COP-UN,TSX,Stock,Sprott Physical Copper Trust,,blocked_non_common_stock,unit_ticker_pattern,deterministic,ticker,COP-UN,exclude_or_reclassify_only_after_listing_keyed_official_evidence,official_security_type_cfi_openfigi_or_exchange_listing_evidence,"OpenFIGI securityType, official CFI code, exchange listing directory, or issuer security description for the exact listing.","Block Stock ingestion until official security-type, CFI, exchange, issuer, or OpenFIGI evidence proves the row is common stock or an allowed depositary receipt.",do_not_ingest_as_stock
C5_non_equity_leakage_guard,NYSE::CQP,CQP,NYSE,Stock,Cheniere Energy Partners LP,US16411Q1013,blocked_non_common_stock,unit_name_pattern,deterministic,name,"Cheniere Energy Partners, LP Common Units",exclude_or_reclassify_only_after_listing_keyed_official_evidence,official_security_type_cfi_openfigi_or_exchange_listing_evidence,"OpenFIGI securityType, official CFI code, exchange listing directory, or issuer security description for the exact listing.","Block Stock ingestion until official security-type, CFI, exchange, issuer, or OpenFIGI evidence proves the row is common stock or an allowed depositary receipt.",do_not_ingest_as_stock
C5_non_equity_leakage_guard,TSX::CRR-UN,CRR-UN,TSX,Stock,Crombie Real Estate Investment Trust,CA2271071094,blocked_non_common_stock,unit_ticker_pattern,deterministic,ticker,CRR-UN,exclude_or_reclassify_only_after_listing_keyed_official_evidence,official_security_type_cfi_openfigi_or_exchange_listing_evidence,"OpenFIGI securityType, official CFI code, exchange listing directory, or issuer security description for the exact listing.","Block Stock ingestion until official security-type, CFI, exchange, issuer, or OpenFIGI evidence proves the row is common stock or an allowed depositary receipt.",do_not_ingest_as_stock
C5_non_equity_leakage_guard,TSX::CRT-UN,CRT-UN,TSX,Stock,CT Real Estate Investment Trust,CA1264621006,blocked_non_common_stock,unit_ticker_pattern,deterministic,ticker,CRT-UN,exclude_or_reclassify_only_after_listing_keyed_official_evidence,official_security_type_cfi_openfigi_or_exchange_listing_evidence,"OpenFIGI securityType, official CFI code, exchange listing directory, or issuer security description for the exact listing.","Block Stock ingestion until official security-type, CFI, exchange, issuer, or OpenFIGI evidence proves the row is common stock or an allowed depositary receipt.",do_not_ingest_as_stock
C5_non_equity_leakage_guard,TSX::CSH-UN,CSH-UN,TSX,Stock,Chartwell Retirement Residences,CA16141A1030,blocked_non_common_stock,unit_ticker_pattern,deterministic,ticker,CSH-UN,exclude_or_reclassify_only_after_listing_keyed_official_evidence,official_security_type_cfi_openfigi_or_exchange_listing_evidence,"OpenFIGI securityType, official CFI code, exchange listing directory, or issuer security description for the exact listing.","Block Stock ingestion until official security-type, CFI, exchange, issuer, or OpenFIGI evidence proves the row is common stock or an allowed depositary receipt.",do_not_ingest_as_stock
C5_non_equity_leakage_guard,NASDAQ::CXAIW,CXAIW,NASDAQ,Stock,CXApp Inc.,US23248B1098,blocked_non_common_stock,warrant_name_pattern,deterministic,name,CXApp Inc. - Warrant,exclude_or_reclassify_only_after_listing_keyed_official_evidence,official_security_type_cfi_openfigi_or_exchange_listing_evidence,"OpenFIGI securityType, official CFI code, exchange listing directory, or issuer security description for the exact listing.","Block Stock ingestion until official security-type, CFI, exchange, issuer, or OpenFIGI evidence proves the row is common stock or an allowed depositary receipt.",do_not_ingest_as_stock
C5_non_equity_leakage_guard,TSX::D-UN,D-UN,TSX,Stock,Dream Office Real Estate Investment Trust,CA26153P1045,blocked_non_common_stock,unit_ticker_pattern,deterministic,ticker,D-UN,exclude_or_reclassify_only_after_listing_keyed_official_evidence,official_security_type_cfi_openfigi_or_exchange_listing_evidence,"OpenFIGI securityType, official CFI code, exchange listing directory, or issuer security description for the exact listing.","Block Stock ingestion until official security-type, CFI, exchange, issuer, or OpenFIGI evidence proves the row is common stock or an allowed depositary receipt.",do_not_ingest_as_stock
C5_non_equity_leakage_guard,NASDAQ::DFNSW,DFNSW,NASDAQ,Stock,T3 Defense Inc.,US67053Q1076,blocked_non_common_stock,warrant_name_pattern,deterministic,name,T3 Defense Inc. - Warrants,exclude_or_reclassify_only_after_listing_keyed_official_evidence,official_security_type_cfi_openfigi_or_exchange_listing_evidence,"OpenFIGI securityType, official CFI code, exchange listing directory, or issuer security description for the exact listing.","Block Stock ingestion until official security-type, CFI, exchange, issuer, or OpenFIGI evidence proves the row is common stock or an allowed depositary receipt.",do_not_ingest_as_stock
C5_non_equity_leakage_guard,TSX::DHT-UN,DHT-UN,TSX,Stock,DRI Healthcare Trust,MHY2065G1219,blocked_non_common_stock,unit_ticker_pattern,deterministic,ticker,DHT-UN,exclude_or_reclassify_only_after_listing_keyed_official_evidence,official_security_type_cfi_openfigi_or_exchange_listing_evidence,"OpenFIGI securityType, official CFI code, exchange listing directory, or issuer security description for the exact listing.","Block Stock ingestion until official security-type, CFI, exchange, issuer, or OpenFIGI evidence proves the row is common stock or an allowed depositary receipt.",do_not_ingest_as_stock
C5_non_equity_leakage_guard,TSX::DIR-UN,DIR-UN,TSX,Stock,Dream Industrial Real Estate Investment Trust,CA26153W1095,blocked_non_common_stock,unit_ticker_pattern,deterministic,ticker,DIR-UN,exclude_or_reclassify_only_after_listing_keyed_official_evidence,official_security_type_cfi_openfigi_or_exchange_listing_evidence,"OpenFIGI securityType, official CFI code, exchange listing directory, or issuer security description for the exact listing.","Block Stock ingestion until official security-type, CFI, exchange, issuer, or OpenFIGI evidence proves the row is common stock or an allowed depositary receipt.",do_not_ingest_as_stock
C5_non_equity_leakage_guard,NASDAQ::DJTWW,DJTWW,NASDAQ,Stock,Trump Media & Technology Group Corp.,US25400Q1058,blocked_non_common_stock,warrant_name_pattern,deterministic,name,Trump Media & Technology Group Corp. - Warrants,exclude_or_reclassify_only_after_listing_keyed_official_evidence,official_security_type_cfi_openfigi_or_exchange_listing_evidence,"OpenFIGI securityType, official CFI code, exchange listing directory, or issuer security description for the exact listing.","Block Stock ingestion until official security-type, CFI, exchange, issuer, or OpenFIGI evidence proves the row is common stock or an allowed depositary receipt.",do_not_ingest_as_stock
C5_non_equity_leakage_guard,NYSE::DKL,DKL,NYSE,Stock,Delek Logistics Partners LP,US24664T1034,blocked_non_common_stock,unit_name_pattern,deterministic,name,"Delek Logistics Partners, L.P. Common Units representing Limited Partner Interests",exclude_or_reclassify_only_after_listing_keyed_official_evidence,official_security_type_cfi_openfigi_or_exchange_listing_evidence,"OpenFIGI securityType, official CFI code, exchange listing directory, or issuer security description for the exact listing.","Block Stock ingestion until official security-type, CFI, exchange, issuer, or OpenFIGI evidence proves the row is common stock or an allowed depositary receipt.",do_not_ingest_as_stock
C5_non_equity_leakage_guard,NYSE::DLNG,DLNG,NYSE,Stock,Dynagas LNG Partners LP,MHY2188B1083,blocked_non_common_stock,unit_name_pattern,deterministic,name,Dynagas LNG Partners LP Common Units,exclude_or_reclassify_only_after_listing_keyed_official_evidence,official_security_type_cfi_openfigi_or_exchange_listing_evidence,"OpenFIGI securityType, official CFI code, exchange listing directory, or issuer security description for the exact listing.","Block Stock ingestion until official security-type, CFI, exchange, issuer, or OpenFIGI evidence proves the row is common stock or an allowed depositary receipt.",do_not_ingest_as_stock
C5_non_equity_leakage_guard,NASDAQ::DMLP,DMLP,NASDAQ,Stock,Dorchester Minerals LP,US25820R1059,blocked_non_common_stock,unit_name_pattern,deterministic,name,"Dorchester Minerals, L.P. - Common Units Representing Limited Partnership Interests",exclude_or_reclassify_only_after_listing_keyed_official_evidence,official_security_type_cfi_openfigi_or_exchange_listing_evidence,"OpenFIGI securityType, official CFI code, exchange listing directory, or issuer security description for the exact listing.","Block Stock ingestion until official security-type, CFI, exchange, issuer, or OpenFIGI evidence proves the row is common stock or an allowed depositary receipt.",do_not_ingest_as_stock
C5_non_equity_leakage_guard,NASDAQ::DXR,DXR,NASDAQ,Stock,Daxor Corporation,US2394671034,manual_review_ambiguous_stock_classification,possible_closed_end_fund_or_trust,review,name,Daxor Corporation - Closed End Fund,classify_with_official_product_or_security_type_evidence,official_product_type_or_security_type_for_exact_listing,"Official exchange product segment, issuer security page, CFI code, or OpenFIGI securityType.",Queue for manual classification; name shape alone does not authorize a Stock or ETF change.,queue_for_classification_review
C5_non_equity_leakage_guard,NASDAQ::EDBLW,EDBLW,NASDAQ,Stock,Edible Garden AG Incorporated,,blocked_non_common_stock,warrant_name_pattern,deterministic,name,Edible Garden AG Incorporated - Warrant,exclude_or_reclassify_only_after_listing_keyed_official_evidence,official_security_type_cfi_openfigi_or_exchange_listing_evidence,"OpenFIGI securityType, official CFI code, exchange listing directory, or issuer security description for the exact listing.","Block Stock ingestion until official security-type, CFI, exchange, issuer, or OpenFIGI evidence proves the row is common stock or an allowed depositary receipt.",do_not_ingest_as_stock
C5_non_equity_leakage_guard,NASDAQ::EGHAU,EGHAU,NASDAQ,Stock,EGH Acquisition Corp.,KYG2946P1265,blocked_non_common_stock,unit_name_pattern,deterministic,name,EGH Acquisition Corp. - Unit,exclude_or_reclassify_only_after_listing_keyed_official_evidence,official_security_type_cfi_openfigi_or_exchange_listing_evidence,"OpenFIGI securityType, official CFI code, exchange listing directory, or issuer security description for the exact listing.","Block Stock ingestion until official security-type, CFI, exchange, issuer, or OpenFIGI evidence proves the row is common stock or an allowed depositary receipt.",do_not_ingest_as_stock
C5_non_equity_leakage_guard,TSXV::EIRE-P,EIRE-P,TSXV,Stock,Monaghan Capital Fund Ltd.,CA6090021008,blocked_non_common_stock,preferred_ticker_pattern,deterministic,ticker,EIRE-P,exclude_or_reclassify_only_after_listing_keyed_official_evidence,official_security_type_cfi_openfigi_or_exchange_listing_evidence,"OpenFIGI securityType, official CFI code, exchange listing directory, or issuer security description for the exact listing.","Block Stock ingestion until official security-type, CFI, exchange, issuer, or OpenFIGI evidence proves the row is common stock or an allowed depositary receipt.",do_not_ingest_as_stock
C5_non_equity_leakage_guard,TSX::ERE-UN,ERE-UN,TSX,Stock,European Residential Real Estate Investment Trust,CA29880W1032,blocked_non_common_stock,unit_ticker_pattern,deterministic,ticker,ERE-UN,exclude_or_reclassify_only_after_listing_keyed_official_evidence,official_security_type_cfi_openfigi_or_exchange_listing_evidence,"OpenFIGI securityType, official CFI code, exchange listing directory, or issuer security description for the exact listing.","Block Stock ingestion until official security-type, CFI, exchange, issuer, or OpenFIGI evidence proves the row is common stock or an allowed depositary receipt.",do_not_ingest_as_stock
C5_non_equity_leakage_guard,NYSE ARCA::ESBA,ESBA,NYSE ARCA,Stock,Empire State Realty OP LP ES,US2921021000,blocked_non_common_stock,unit_name_pattern,deterministic,name,"Empire State Realty OP, L.P. Series ES Operating Partnership Units Representing Limited Partnership Interests",exclude_or_reclassify_only_after_listing_keyed_official_evidence,official_security_type_cfi_openfigi_or_exchange_listing_evidence,"OpenFIGI securityType, official CFI code, exchange listing directory, or issuer security description for the exact listing.","Block Stock ingestion until official security-type, CFI, exchange, issuer, or OpenFIGI evidence proves the row is common stock or an allowed depositary receipt.",do_not_ingest_as_stock
C5_non_equity_leakage_guard,NASDAQ::ESLAW,ESLAW,NASDAQ,Stock,Estrella Immunopharma Inc.,US2975841048,blocked_non_common_stock,warrant_name_pattern,deterministic,name,"Estrella Immunopharma, Inc. - Warrant",exclude_or_reclassify_only_after_listing_keyed_official_evidence,official_security_type_cfi_openfigi_or_exchange_listing_evidence,"OpenFIGI securityType, official CFI code, exchange listing directory, or issuer security description for the exact listing.","Block Stock ingestion until official security-type, CFI, exchange, issuer, or OpenFIGI evidence proves the row is common stock or an allowed depositary receipt.",do_not_ingest_as_stock
C5_non_equity_leakage_guard,NYSE::ET,ET,NYSE,Stock,Energy Transfer LP,US29273V1008,blocked_non_common_stock,unit_name_pattern,deterministic,name,Energy Transfer LP Common Units,exclude_or_reclassify_only_after_listing_keyed_official_evidence,official_security_type_cfi_openfigi_or_exchange_listing_evidence,"OpenFIGI securityType, official CFI code, exchange listing directory, or issuer security description for the exact listing.","Block Stock ingestion until official security-type, CFI, exchange, issuer, or OpenFIGI evidence proves the row is common stock or an allowed depositary receipt.",do_not_ingest_as_stock
C5_non_equity_leakage_guard,NASDAQ::EUDAW,EUDAW,NASDAQ,Stock,EUDA Health Holdings Limited,VGG3142E1051,blocked_non_common_stock,warrant_name_pattern,deterministic,name,Euda Health Holdings Limited - Warrant,exclude_or_reclassify_only_after_listing_keyed_official_evidence,official_security_type_cfi_openfigi_or_exchange_listing_evidence,"OpenFIGI securityType, official CFI code, exchange listing directory, or issuer security description for the exact listing.","Block Stock ingestion until official security-type, CFI, exchange, issuer, or OpenFIGI evidence proves the row is common stock or an allowed depositary receipt.",do_not_ingest_as_stock
C5_non_equity_leakage_guard,NASDAQ::EVLVW,EVLVW,NASDAQ,Stock,Evolv Technologies Holdings Inc,US30049H1023,blocked_non_common_stock,warrant_name_pattern,deterministic,name,"Evolv Technologies Holdings, Inc. - Warrant",exclude_or_reclassify_only_after_listing_keyed_official_evidence,official_security_type_cfi_openfigi_or_exchange_listing_evidence,"OpenFIGI securityType, official CFI code, exchange listing directory, or issuer security description for the exact listing.","Block Stock ingestion until official security-type, CFI, exchange, issuer, or OpenFIGI evidence proves the row is common stock or an allowed depositary receipt.",do_not_ingest_as_stock
C5_non_equity_leakage_guard,TSX::FCD-UN,FCD-UN,TSX,Stock,Firm Capital Property Trust,CA3183261054,blocked_non_common_stock,unit_ticker_pattern,deterministic,ticker,FCD-UN,exclude_or_reclassify_only_after_listing_keyed_official_evidence,official_security_type_cfi_openfigi_or_exchange_listing_evidence,"OpenFIGI securityType, official CFI code, exchange listing directory, or issuer security description for the exact listing.","Block Stock ingestion until official security-type, CFI, exchange, issuer, or OpenFIGI evidence proves the row is common stock or an allowed depositary receipt.",do_not_ingest_as_stock
C5_non_equity_leakage_guard,TSX::FCR-UN,FCR-UN,TSX,Stock,First Capital Real Estate Investment Trust,CA31890B1031,blocked_non_common_stock,unit_ticker_pattern,deterministic,ticker,FCR-UN,exclude_or_reclassify_only_after_listing_keyed_official_evidence,official_security_type_cfi_openfigi_or_exchange_listing_evidence,"OpenFIGI securityType, official CFI code, exchange listing directory, or issuer security description for the exact listing.","Block Stock ingestion until official security-type, CFI, exchange, issuer, or OpenFIGI evidence proves the row is common stock or an allowed depositary receipt.",do_not_ingest_as_stock
C5_non_equity_leakage_guard,PSE::FDCPB,FDCPB,PSE,Stock,Filinvest Development Corp,PH0000060998,blocked_non_common_stock,preferred_name_pattern,deterministic,name,Filinvest Development Corporation Series B Preferred Shares,exclude_or_reclassify_only_after_listing_keyed_official_evidence,official_security_type_cfi_openfigi_or_exchange_listing_evidence,"OpenFIGI securityType, official CFI code, exchange listing directory, or issuer security description for the exact listing.","Block Stock ingestion until official security-type, CFI, exchange, issuer, or OpenFIGI evidence proves the row is common stock or an allowed depositary receipt.",do_not_ingest_as_stock
C5_non_equity_leakage_guard,NASDAQ::FDUS,FDUS,NASDAQ,Stock,Fidus Investment Corp,US3165001070,manual_review_ambiguous_stock_classification,possible_closed_end_fund_or_trust,review,name,Fidus Investment Corporation - Closed End Fund,classify_with_official_product_or_security_type_evidence,official_product_type_or_security_type_for_exact_listing,"Official exchange product segment, issuer security page, CFI code, or OpenFIGI securityType.",Queue for manual classification; name shape alone does not authorize a Stock or ETF change.,queue_for_classification_review
C5_non_equity_leakage_guard,NASDAQ::FGBIP,FGBIP,NASDAQ,Stock,First Guaranty Bancshares Inc,US32043P1066,blocked_non_common_stock,preferred_name_pattern,deterministic,name,"First Guaranty Bancshares, Inc. - 6.75% Series A Fixed-Rate Non-Cumulative Perpetual Preferred Stock",exclude_or_reclassify_only_after_listing_keyed_official_evidence,official_security_type_cfi_openfigi_or_exchange_listing_evidence,"OpenFIGI securityType, official CFI code, exchange listing directory, or issuer security description for the exact listing.","Block Stock ingestion until official security-type, CFI, exchange, issuer, or OpenFIGI evidence proves the row is common stock or an allowed depositary receipt.",do_not_ingest_as_stock
C5_non_equity_leakage_guard,NYSE::FGN,FGN,NYSE,Stock,F&G Annuities & Life Inc. 7.95,US30190A1043,blocked_non_common_stock,debt_name_pattern,deterministic,name,"F&G Annuities & Life, Inc. 7.950% Senior Notes due 2053",exclude_or_reclassify_only_after_listing_keyed_official_evidence,official_security_type_cfi_openfigi_or_exchange_listing_evidence,"OpenFIGI securityType, official CFI code, exchange listing directory, or issuer security description for the exact listing.","Block Stock ingestion until official security-type, CFI, exchange, issuer, or OpenFIGI evidence proves the row is common stock or an allowed depositary receipt.",do_not_ingest_as_stock
C5_non_equity_leakage_guard,NYSE ARCA::FISK,FISK,NYSE ARCA,Stock,Empire State Realty OP LP 250,US2921023089,blocked_non_common_stock,unit_name_pattern,deterministic,name,"Empire State Realty OP, L.P. Series 250 Operating Partnership Units Representing Limited Partnership Interests",exclude_or_reclassify_only_after_listing_keyed_official_evidence,official_security_type_cfi_openfigi_or_exchange_listing_evidence,"OpenFIGI securityType, official CFI code, exchange listing directory, or issuer security description for the exact listing.","Block Stock ingestion until official security-type, CFI, exchange, issuer, or OpenFIGI evidence proves the row is common stock or an allowed depositary receipt.",do_not_ingest_as_stock
C5_non_equity_leakage_guard,OTC::FSLUF,FSLUF,OTC,Stock,First Ship Lease Trust,SG1U66934613,blocked_non_common_stock,unit_name_pattern,deterministic,name,FSL Trust Units Shipping Business Trust,exclude_or_reclassify_only_after_listing_keyed_official_evidence,official_security_type_cfi_openfigi_or_exchange_listing_evidence,"OpenFIGI securityType, official CFI code, exchange listing directory, or issuer security description for the exact listing.","Block Stock ingestion until official security-type, CFI, exchange, issuer, or OpenFIGI evidence proves the row is common stock or an allowed depositary receipt.",do_not_ingest_as_stock
C5_non_equity_leakage_guard,NASDAQ::GBDC,GBDC,NASDAQ,Stock,Golub Capital BDC Inc,US38173M1027,manual_review_ambiguous_stock_classification,possible_closed_end_fund_or_trust,review,name,"Golub Capital BDC, Inc. - Closed End Fund",classify_with_official_product_or_security_type_evidence,official_product_type_or_security_type_for_exact_listing,"Official exchange product segment, issuer security page, CFI code, or OpenFIGI securityType.",Queue for manual classification; name shape alone does not authorize a Stock or ETF change.,queue_for_classification_review
C5_non_equity_leakage_guard,NASDAQ::GECC,GECC,NASDAQ,Stock,Great Elm Capital Corp,US3903201099,manual_review_ambiguous_stock_classification,possible_closed_end_fund_or_trust,review,name,Great Elm Capital Corp. - Closed End Fund,classify_with_official_product_or_security_type_evidence,official_product_type_or_security_type_for_exact_listing,"Official exchange product segment, issuer security page, CFI code, or OpenFIGI securityType.",Queue for manual classification; name shape alone does not authorize a Stock or ETF change.,queue_for_classification_review
C5_non_equity_leakage_guard,NYSE::GEL,GEL,NYSE,Stock,Genesis Energy LP,US3719271047,blocked_non_common_stock,unit_name_pattern,deterministic,name,"Genesis Energy, L.P. Common Units",exclude_or_reclassify_only_after_listing_keyed_official_evidence,official_security_type_cfi_openfigi_or_exchange_listing_evidence,"OpenFIGI securityType, official CFI code, exchange listing directory, or issuer security description for the exact listing.","Block Stock ingestion until official security-type, CFI, exchange, issuer, or OpenFIGI evidence proves the row is common stock or an allowed depositary receipt.",do_not_ingest_as_stock
C5_non_equity_leakage_guard,NYSE::GHI,GHI,NYSE,Stock,Greystone Housing Impact Investors LP,US02364V2060,blocked_non_common_stock,unit_name_pattern,deterministic,name,Greystone Housing Impact Investors LP Beneficial Unit Certificates representing assignments of limited partnership interests,exclude_or_reclassify_only_after_listing_keyed_official_evidence,official_security_type_cfi_openfigi_or_exchange_listing_evidence,"OpenFIGI securityType, official CFI code, exchange listing directory, or issuer security description for the exact listing.","Block Stock ingestion until official security-type, CFI, exchange, issuer, or OpenFIGI evidence proves the row is common stock or an allowed depositary receipt.",do_not_ingest_as_stock
C5_non_equity_leakage_guard,NASDAQ::GIBOW,GIBOW,NASDAQ,Stock,GIBO Holdings Limited,KYG386171097,blocked_non_common_stock,warrant_name_pattern,deterministic,name,GIBO Holdings Limited - Warrants,exclude_or_reclassify_only_after_listing_keyed_official_evidence,official_security_type_cfi_openfigi_or_exchange_listing_evidence,"OpenFIGI securityType, official CFI code, exchange listing directory, or issuer security description for the exact listing.","Block Stock ingestion until official security-type, CFI, exchange, issuer, or OpenFIGI evidence proves the row is common stock or an allowed depositary receipt.",do_not_ingest_as_stock
C5_non_equity_leakage_guard,NASDAQ::GLAD,GLAD,NASDAQ,Stock,Gladstone Capital Corporation,US3765358789,manual_review_ambiguous_stock_classification,possible_closed_end_fund_or_trust,review,name,Gladstone Capital Corporation - Closed End Fund,classify_with_official_product_or_security_type_evidence,official_product_type_or_security_type_for_exact_listing,"Official exchange product segment, issuer security page, CFI code, or OpenFIGI securityType.",Queue for manual classification; name shape alone does not authorize a Stock or ETF change.,queue_for_classification_review
C5_non_equity_leakage_guard,PSE::GLOBB,GLOBB,PSE,Stock,Globe Telecom Inc,PH0000062093,blocked_non_common_stock,preferred_name_pattern,deterministic,name,"Globe Telecom, Inc. Series B Non-Voting Preferred Shares",exclude_or_reclassify_only_after_listing_keyed_official_evidence,official_security_type_cfi_openfigi_or_exchange_listing_evidence,"OpenFIGI securityType, official CFI code, exchange listing directory, or issuer security description for the exact listing.","Block Stock ingestion until official security-type, CFI, exchange, issuer, or OpenFIGI evidence proves the row is common stock or an allowed depositary receipt.",do_not_ingest_as_stock
C5_non_equity_leakage_guard,NYSE::GLP,GLP,NYSE,Stock,Global Partners LP,US37946R1095,blocked_non_common_stock,unit_name_pattern,deterministic,name,Global Partners LP Common Units representing Limited Partner Interests,exclude_or_reclassify_only_after_listing_keyed_official_evidence,official_security_type_cfi_openfigi_or_exchange_listing_evidence,"OpenFIGI securityType, official CFI code, exchange listing directory, or issuer security description for the exact listing.","Block Stock ingestion until official security-type, CFI, exchange, issuer, or OpenFIGI evidence proves the row is common stock or an allowed depositary receipt.",do_not_ingest_as_stock
C5_non_equity_leakage_guard,BME::GRF-P,GRF-P,BME,Stock,Grifols SA,ES0171996095,blocked_non_common_stock,preferred_ticker_pattern,deterministic,ticker,GRF-P,exclude_or_reclassify_only_after_listing_keyed_official_evidence,official_security_type_cfi_openfigi_or_exchange_listing_evidence,"OpenFIGI securityType, official CFI code, exchange listing directory, or issuer security description for the exact listing.","Block Stock ingestion until official security-type, CFI, exchange, issuer, or OpenFIGI evidence proves the row is common stock or an allowed depositary receipt.",do_not_ingest_as_stock
C5_non_equity_leakage_guard,NASDAQ::GRMLW,GRMLW,NASDAQ,Stock,Greenland Mines Ltd,US49876K1034,blocked_non_common_stock,warrant_name_pattern,deterministic,name,Greenland Mines Ltd - Warrants,exclude_or_reclassify_only_after_listing_keyed_official_evidence,official_security_type_cfi_openfigi_or_exchange_listing_evidence,"OpenFIGI securityType, official CFI code, exchange listing directory, or issuer security description for the exact listing.","Block Stock ingestion until official security-type, CFI, exchange, issuer, or OpenFIGI evidence proves the row is common stock or an allowed depositary receipt.",do_not_ingest_as_stock
C5_non_equity_leakage_guard,TSX::GRT-UN,GRT-UN,TSX,Stock,Granite Real Estate Investment Trust,CA3874372053,blocked_non_common_stock,unit_ticker_pattern,deterministic,ticker,GRT-UN,exclude_or_reclassify_only_after_listing_keyed_official_evidence,official_security_type_cfi_openfigi_or_exchange_listing_evidence,"OpenFIGI securityType, official CFI code, exchange listing directory, or issuer security description for the exact listing.","Block Stock ingestion until official security-type, CFI, exchange, issuer, or OpenFIGI evidence proves the row is common stock or an allowed depositary receipt.",do_not_ingest_as_stock
C5_non_equity_leakage_guard,NASDAQ::HOLOW,HOLOW,NASDAQ,Stock,MicroCloud Hologram Inc.,KYG550321254,blocked_non_common_stock,warrant_name_pattern,deterministic,name,MicroCloud Hologram Inc. - Warrant,exclude_or_reclassify_only_after_listing_keyed_official_evidence,official_security_type_cfi_openfigi_or_exchange_listing_evidence,"OpenFIGI securityType, official CFI code, exchange listing directory, or issuer security description for the exact listing.","Block Stock ingestion until official security-type, CFI, exchange, issuer, or OpenFIGI evidence proves the row is common stock or an allowed depositary receipt.",do_not_ingest_as_stock
C5_non_equity_leakage_guard,TSX::HOM-UN,HOM-UN,TSX,Stock,BSR Real Estate Investment Trust,CA05585D1033,blocked_non_common_stock,unit_ticker_pattern,deterministic,ticker,HOM-UN,exclude_or_reclassify_only_after_listing_keyed_official_evidence,official_security_type_cfi_openfigi_or_exchange_listing_evidence,"OpenFIGI securityType, official CFI code, exchange listing directory, or issuer security description for the exact listing.","Block Stock ingestion until official security-type, CFI, exchange, issuer, or OpenFIGI evidence proves the row is common stock or an allowed depositary receipt.",do_not_ingest_as_stock
C5_non_equity_leakage_guard,TSX::HOT-UN,HOT-UN,TSX,Stock,American Hotel Income Properties REIT LP,CA0266951064,blocked_non_common_stock,unit_ticker_pattern,deterministic,ticker,HOT-UN,exclude_or_reclassify_only_after_listing_keyed_official_evidence,official_security_type_cfi_openfigi_or_exchange_listing_evidence,"OpenFIGI securityType, official CFI code, exchange listing directory, or issuer security description for the exact listing.","Block Stock ingestion until official security-type, CFI, exchange, issuer, or OpenFIGI evidence proves the row is common stock or an allowed depositary receipt.",do_not_ingest_as_stock
C5_non_equity_leakage_guard,NASDAQ::HOVRW,HOVRW,NASDAQ,Stock,New Horizon Aircraft Ltd,CA64550A1075,blocked_non_common_stock,warrant_name_pattern,deterministic,name,New Horizon Aircraft Ltd. - Warrant,exclude_or_reclassify_only_after_listing_keyed_official_evidence,official_security_type_cfi_openfigi_or_exchange_listing_evidence,"OpenFIGI securityType, official CFI code, exchange listing directory, or issuer security description for the exact listing.","Block Stock ingestion until official security-type, CFI, exchange, issuer, or OpenFIGI evidence proves the row is common stock or an allowed depositary receipt.",do_not_ingest_as_stock
C5_non_equity_leakage_guard,TSX::HR-UN,HR-UN,TSX,Stock,H&R Real Estate Investment Trust,CA4039254079,blocked_non_common_stock,unit_ticker_pattern,deterministic,ticker,HR-UN,exclude_or_reclassify_only_after_listing_keyed_official_evidence,official_security_type_cfi_openfigi_or_exchange_listing_evidence,"OpenFIGI securityType, official CFI code, exchange listing directory, or issuer security description for the exact listing.","Block Stock ingestion until official security-type, CFI, exchange, issuer, or OpenFIGI evidence proves the row is common stock or an allowed depositary receipt.",do_not_ingest_as_stock
C5_non_equity_leakage_guard,NASDAQ::HWCPZ,HWCPZ,NASDAQ,Stock,Hancock Whitney Corporation - 6,US4101201097,blocked_non_common_stock,debt_name_pattern,deterministic,name,Hancock Whitney Corporation - 6.25% Subordinated Notes due 2060,exclude_or_reclassify_only_after_listing_keyed_official_evidence,official_security_type_cfi_openfigi_or_exchange_listing_evidence,"OpenFIGI securityType, official CFI code, exchange listing directory, or issuer security description for the exact listing.","Block Stock ingestion until official security-type, CFI, exchange, issuer, or OpenFIGI evidence proves the row is common stock or an allowed depositary receipt.",do_not_ingest_as_stock
C5_non_equity_leakage_guard,NASDAQ::IEP,IEP,NASDAQ,Stock,Icahn Enterprises LP,US4511001012,blocked_non_common_stock,unit_name_pattern,deterministic,name,Icahn Enterprises L.P. - Depositary Units representing Limited Partner Interests,exclude_or_reclassify_only_after_listing_keyed_official_evidence,official_security_type_cfi_openfigi_or_exchange_listing_evidence,"OpenFIGI securityType, official CFI code, exchange listing directory, or issuer security description for the exact listing.","Block Stock ingestion until official security-type, CFI, exchange, issuer, or OpenFIGI evidence proves the row is common stock or an allowed depositary receipt.",do_not_ingest_as_stock
C5_non_equity_leakage_guard,TSX::IGBT-UN,IGBT-UN,TSX,Stock,2028 Investment Grade Bond Trust,,blocked_non_common_stock,unit_ticker_pattern,deterministic,ticker,IGBT-UN,exclude_or_reclassify_only_after_listing_keyed_official_evidence,official_security_type_cfi_openfigi_or_exchange_listing_evidence,"OpenFIGI securityType, official CFI code, exchange listing directory, or issuer security description for the exact listing.","Block Stock ingestion until official security-type, CFI, exchange, issuer, or OpenFIGI evidence proves the row is common stock or an allowed depositary receipt.",do_not_ingest_as_stock
C5_non_equity_leakage_guard,TSX::IIP-UN,IIP-UN,TSX,Stock,InterRent Real Estate Investment Trust,CA46071W2058,blocked_non_common_stock,unit_ticker_pattern,deterministic,ticker,IIP-UN,exclude_or_reclassify_only_after_listing_keyed_official_evidence,official_security_type_cfi_openfigi_or_exchange_listing_evidence,"OpenFIGI securityType, official CFI code, exchange listing directory, or issuer security description for the exact listing.","Block Stock ingestion until official security-type, CFI, exchange, issuer, or OpenFIGI evidence proves the row is common stock or an allowed depositary receipt.",do_not_ingest_as_stock
C5_non_equity_leakage_guard,TSX::INC-UN,INC-UN,TSX,Stock,Income Financial Trust,,blocked_non_common_stock,unit_ticker_pattern,deterministic,ticker,INC-UN,exclude_or_reclassify_only_after_listing_keyed_official_evidence,official_security_type_cfi_openfigi_or_exchange_listing_evidence,"OpenFIGI securityType, official CFI code, exchange listing directory, or issuer security description for the exact listing.","Block Stock ingestion until official security-type, CFI, exchange, issuer, or OpenFIGI evidence proves the row is common stock or an allowed depositary receipt.",do_not_ingest_as_stock
C5_non_equity_leakage_guard,TSX::INO-UN,INO-UN,TSX,Stock,Inovalis Real Estate Investment Trust,CA45780E1007,blocked_non_common_stock,unit_ticker_pattern,deterministic,ticker,INO-UN,exclude_or_reclassify_only_after_listing_keyed_official_evidence,official_security_type_cfi_openfigi_or_exchange_listing_evidence,"OpenFIGI securityType, official CFI code, exchange listing directory, or issuer security description for the exact listing.","Block Stock ingestion until official security-type, CFI, exchange, issuer, or OpenFIGI evidence proves the row is common stock or an allowed depositary receipt.",do_not_ingest_as_stock
C5_non_equity_leakage_guard,STO::K2A-PREF,K2A-PREF,STO,Stock,K2A Knaust & Andersson Fastigheter AB (publ),SE0006852075,blocked_non_common_stock,preferred_ticker_pattern,deterministic,ticker,K2A-PREF,exclude_or_reclassify_only_after_listing_keyed_official_evidence,official_security_type_cfi_openfigi_or_exchange_listing_evidence,"OpenFIGI securityType, official CFI code, exchange listing directory, or issuer security description for the exact listing.","Block Stock ingestion until official security-type, CFI, exchange, issuer, or OpenFIGI evidence proves the row is common stock or an allowed depositary receipt.",do_not_ingest_as_stock
C5_non_equity_leakage_guard,NASDAQ::KITTW,KITTW,NASDAQ,Stock,Nauticus Robotics Inc.,US63911H2076,blocked_non_common_stock,warrant_name_pattern,deterministic,name,"Nauticus Robotics, Inc. - Warrant",exclude_or_reclassify_only_after_listing_keyed_official_evidence,official_security_type_cfi_openfigi_or_exchange_listing_evidence,"OpenFIGI securityType, official CFI code, exchange listing directory, or issuer security description for the exact listing.","Block Stock ingestion until official security-type, CFI, exchange, issuer, or OpenFIGI evidence proves the row is common stock or an allowed depositary receipt.",do_not_ingest_as_stock
C5_non_equity_leakage_guard,NYSE::KKRT,KKRT,NYSE,Stock,KKR & Co. Inc. 6.875% Subordina,,blocked_non_common_stock,debt_name_pattern,deterministic,name,KKR & Co. Inc. 6.875% Subordinated Notes due 2065,exclude_or_reclassify_only_after_listing_keyed_official_evidence,official_security_type_cfi_openfigi_or_exchange_listing_evidence,"OpenFIGI securityType, official CFI code, exchange listing directory, or issuer security description for the exact listing.","Block Stock ingestion until official security-type, CFI, exchange, issuer, or OpenFIGI evidence proves the row is common stock or an allowed depositary receipt.",do_not_ingest_as_stock
C5_non_equity_leakage_guard,TSXV::KLX,KLX,TSXV,Stock,Klimat X Developments Inc.,,blocked_non_common_stock,right_name_pattern,deterministic,name,Carbon Done Right Developments Inc.,exclude_or_reclassify_only_after_listing_keyed_official_evidence,official_security_type_cfi_openfigi_or_exchange_listing_evidence,"OpenFIGI securityType, official CFI code, exchange listing directory, or issuer security description for the exact listing.","Block Stock ingestion until official security-type, CFI, exchange, issuer, or OpenFIGI evidence proves the row is common stock or an allowed depositary receipt.",do_not_ingest_as_stock
C5_non_equity_leakage_guard,TSX::KMP-UN,KMP-UN,TSX,Stock,Killam Apartment Real Estate Investment Trust,CA49410M1023,blocked_non_common_stock,unit_ticker_pattern,deterministic,ticker,KMP-UN,exclude_or_reclassify_only_after_listing_keyed_official_evidence,official_security_type_cfi_openfigi_or_exchange_listing_evidence,"OpenFIGI securityType, official CFI code, exchange listing directory, or issuer security description for the exact listing.","Block Stock ingestion until official security-type, CFI, exchange, issuer, or OpenFIGI evidence proves the row is common stock or an allowed depositary receipt.",do_not_ingest_as_stock
C5_non_equity_leakage_guard,NYSE::KNOP,KNOP,NYSE,Stock,KNOT Offshore Partners LP,MHY481251012,blocked_non_common_stock,unit_name_pattern,deterministic,name,KNOT Offshore Partners LP Common Units representing Limited Partner Interests,exclude_or_reclassify_only_after_listing_keyed_official_evidence,official_security_type_cfi_openfigi_or_exchange_listing_evidence,"OpenFIGI securityType, official CFI code, exchange listing directory, or issuer security description for the exact listing.","Block Stock ingestion until official security-type, CFI, exchange, issuer, or OpenFIGI evidence proves the row is common stock or an allowed depositary receipt.",do_not_ingest_as_stock
C5_non_equity_leakage_guard,NASDAQ::KWMWW,KWMWW,NASDAQ,Stock,K Wave Media Ltd.,KYG531511098,blocked_non_common_stock,warrant_name_pattern,deterministic,name,"K Wave Media, Ltd. - Warrant",exclude_or_reclassify_only_after_listing_keyed_official_evidence,official_security_type_cfi_openfigi_or_exchange_listing_evidence,"OpenFIGI securityType, official CFI code, exchange listing directory, or issuer security description for the exact listing.","Block Stock ingestion until official security-type, CFI, exchange, issuer, or OpenFIGI evidence proves the row is common stock or an allowed depositary receipt.",do_not_ingest_as_stock
C5_non_equity_leakage_guard,NASDAQ::LIDRW,LIDRW,NASDAQ,Stock,AEye Inc,US0081832042,blocked_non_common_stock,warrant_name_pattern,deterministic,name,"AEye, Inc. - Warrant",exclude_or_reclassify_only_after_listing_keyed_official_evidence,official_security_type_cfi_openfigi_or_exchange_listing_evidence,"OpenFIGI securityType, official CFI code, exchange listing directory, or issuer security description for the exact listing.","Block Stock ingestion until official security-type, CFI, exchange, issuer, or OpenFIGI evidence proves the row is common stock or an allowed depositary receipt.",do_not_ingest_as_stock
C5_non_equity_leakage_guard,SEM::LMLC-P,LMLC-P,SEM,Stock,LES MOULINS DE LA CONCORDE LT,MU0083J00007,blocked_non_common_stock,preferred_ticker_pattern,deterministic,ticker,LMLC-P,exclude_or_reclassify_only_after_listing_keyed_official_evidence,official_security_type_cfi_openfigi_or_exchange_listing_evidence,"OpenFIGI securityType, official CFI code, exchange listing directory, or issuer security description for the exact listing.","Block Stock ingestion until official security-type, CFI, exchange, issuer, or OpenFIGI evidence proves the row is common stock or an allowed depositary receipt.",do_not_ingest_as_stock
C5_non_equity_leakage_guard,NASDAQ::LUCYW,LUCYW,NASDAQ,Stock,Innovative Eyewear Inc,US45791D2080,blocked_non_common_stock,warrant_name_pattern,deterministic,name,"Innovative Eyewear, Inc. - Warrants",exclude_or_reclassify_only_after_listing_keyed_official_evidence,official_security_type_cfi_openfigi_or_exchange_listing_evidence,"OpenFIGI securityType, official CFI code, exchange listing directory, or issuer security description for the exact listing.","Block Stock ingestion until official security-type, CFI, exchange, issuer, or OpenFIGI evidence proves the row is common stock or an allowed depositary receipt.",do_not_ingest_as_stock
C5_non_equity_leakage_guard,OTC::MAPGF,MAPGF,OTC,Stock,Mapletree Logistics Trust,,blocked_non_common_stock,unit_name_pattern,deterministic,name,Mapletree Logistics Trust Units Real Estate Investment Trust,exclude_or_reclassify_only_after_listing_keyed_official_evidence,official_security_type_cfi_openfigi_or_exchange_listing_evidence,"OpenFIGI securityType, official CFI code, exchange listing directory, or issuer security description for the exact listing.","Block Stock ingestion until official security-type, CFI, exchange, issuer, or OpenFIGI evidence proves the row is common stock or an allowed depositary receipt.",do_not_ingest_as_stock
C5_non_equity_leakage_guard,TSXV::MAR-UN,MAR-UN,TSXV,Stock,Marwest Apartment Real Estate Investment Trust,,blocked_non_common_stock,unit_ticker_pattern,deterministic,ticker,MAR-UN,exclude_or_reclassify_only_after_listing_keyed_official_evidence,official_security_type_cfi_openfigi_or_exchange_listing_evidence,"OpenFIGI securityType, official CFI code, exchange listing directory, or issuer security description for the exact listing.","Block Stock ingestion until official security-type, CFI, exchange, issuer, or OpenFIGI evidence proves the row is common stock or an allowed depositary receipt.",do_not_ingest_as_stock
C5_non_equity_leakage_guard,NASDAQ::MARPS,MARPS,NASDAQ,Stock,Marine Petroleum Trust,US5684231070,blocked_non_common_stock,unit_name_pattern,deterministic,name,Marine Petroleum Trust - Units of Beneficial Interest,exclude_or_reclassify_only_after_listing_keyed_official_evidence,official_security_type_cfi_openfigi_or_exchange_listing_evidence,"OpenFIGI securityType, official CFI code, exchange listing directory, or issuer security description for the exact listing.","Block Stock ingestion until official security-type, CFI, exchange, issuer, or OpenFIGI evidence proves the row is common stock or an allowed depositary receipt.",do_not_ingest_as_stock
C5_non_equity_leakage_guard,NASDAQ::MDAIW,MDAIW,NASDAQ,Stock,Spectral AI Inc,US84757T1051,blocked_non_common_stock,warrant_name_pattern,deterministic,name,"Spectral AI, Inc. - Warrants",exclude_or_reclassify_only_after_listing_keyed_official_evidence,official_security_type_cfi_openfigi_or_exchange_listing_evidence,"OpenFIGI securityType, official CFI code, exchange listing directory, or issuer security description for the exact listing.","Block Stock ingestion until official security-type, CFI, exchange, issuer, or OpenFIGI evidence proves the row is common stock or an allowed depositary receipt.",do_not_ingest_as_stock
C5_non_equity_leakage_guard,NASDAQ::MFIC,MFIC,NASDAQ,Stock,MidCap Financial Investment Corporation,US03761U5020,manual_review_ambiguous_stock_classification,possible_closed_end_fund_or_trust,review,name,MidCap Financial Investment Corporation - Closed End Fund,classify_with_official_product_or_security_type_evidence,official_product_type_or_security_type_for_exact_listing,"Official exchange product segment, issuer security page, CFI code, or OpenFIGI securityType.",Queue for manual classification; name shape alone does not authorize a Stock or ETF change.,queue_for_classification_review
C5_non_equity_leakage_guard,NYSE::MGRD,MGRD,NYSE,Stock,"Affiliated Managers Group, Inc.",US0082521081,blocked_non_common_stock,debt_name_pattern,deterministic,name,"Affiliated Managers Group, Inc. 4.200% Junior Subordinated Notes due 2061",exclude_or_reclassify_only_after_listing_keyed_official_evidence,official_security_type_cfi_openfigi_or_exchange_listing_evidence,"OpenFIGI securityType, official CFI code, exchange listing directory, or issuer security description for the exact listing.","Block Stock ingestion until official security-type, CFI, exchange, issuer, or OpenFIGI evidence proves the row is common stock or an allowed depositary receipt.",do_not_ingest_as_stock
C5_non_equity_leakage_guard,NYSE::MGRE,MGRE,NYSE,Stock,"Affiliated Managers Group, Inc.",US0082521081,blocked_non_common_stock,debt_name_pattern,deterministic,name,"Affiliated Managers Group, Inc. 6.750% Junior Subordinated Notes due 2064",exclude_or_reclassify_only_after_listing_keyed_official_evidence,official_security_type_cfi_openfigi_or_exchange_listing_evidence,"OpenFIGI securityType, official CFI code, exchange listing directory, or issuer security description for the exact listing.","Block Stock ingestion until official security-type, CFI, exchange, issuer, or OpenFIGI evidence proves the row is common stock or an allowed depositary receipt.",do_not_ingest_as_stock
C5_non_equity_leakage_guard,TSX::MI-UN,MI-UN,TSX,Stock,Minto Apartment Real Estate Investment Trust,CA60448E1034,blocked_non_common_stock,unit_ticker_pattern,deterministic,ticker,MI-UN,exclude_or_reclassify_only_after_listing_keyed_official_evidence,official_security_type_cfi_openfigi_or_exchange_listing_evidence,"OpenFIGI securityType, official CFI code, exchange listing directory, or issuer security description for the exact listing.","Block Stock ingestion until official security-type, CFI, exchange, issuer, or OpenFIGI evidence proves the row is common stock or an allowed depositary receipt.",do_not_ingest_as_stock
C5_non_equity_leakage_guard,TSX::MID-UN,MID-UN,TSX,Stock,MINT Income Fund,,blocked_non_common_stock,unit_ticker_pattern,deterministic,ticker,MID-UN,exclude_or_reclassify_only_after_listing_keyed_official_evidence,official_security_type_cfi_openfigi_or_exchange_listing_evidence,"OpenFIGI securityType, official CFI code, exchange listing directory, or issuer security description for the exact listing.","Block Stock ingestion until official security-type, CFI, exchange, issuer, or OpenFIGI evidence proves the row is common stock or an allowed depositary receipt.",do_not_ingest_as_stock
C5_non_equity_leakage_guard,NYSE::MITN,MITN,NYSE,Stock,AG Mortgage Investment Trust Inc,US0012285013,blocked_non_common_stock,debt_name_pattern,deterministic,name,"TPG Mortgage Investment Trust, Inc. 9.500% Senior Notes due 2029",exclude_or_reclassify_only_after_listing_keyed_official_evidence,official_security_type_cfi_openfigi_or_exchange_listing_evidence,"OpenFIGI securityType, official CFI code, exchange listing directory, or issuer security description for the exact listing.","Block Stock ingestion until official security-type, CFI, exchange, issuer, or OpenFIGI evidence proves the row is common stock or an allowed depositary receipt.",do_not_ingest_as_stock
C5_non_equity_leakage_guard,NYSE::MITP,MITP,NYSE,Stock,"AG Mortgage Investment Trust, Inc",US0012285013,blocked_non_common_stock,debt_name_pattern,deterministic,name,"TPG Mortgage Investment Trust, Inc. 9.500% Senior Notes due 2029",exclude_or_reclassify_only_after_listing_keyed_official_evidence,official_security_type_cfi_openfigi_or_exchange_listing_evidence,"OpenFIGI securityType, official CFI code, exchange listing directory, or issuer security description for the exact listing.","Block Stock ingestion until official security-type, CFI, exchange, issuer, or OpenFIGI evidence proves the row is common stock or an allowed depositary receipt.",do_not_ingest_as_stock
C5_non_equity_leakage_guard,TSX::MKZ-UN,MKZ-UN,TSX,Stock,Mackenzie Master Limited Partnership,CA5549051095,blocked_non_common_stock,unit_ticker_pattern,deterministic,ticker,MKZ-UN,exclude_or_reclassify_only_after_listing_keyed_official_evidence,official_security_type_cfi_openfigi_or_exchange_listing_evidence,"OpenFIGI securityType, official CFI code, exchange listing directory, or issuer security description for the exact listing.","Block Stock ingestion until official security-type, CFI, exchange, issuer, or OpenFIGI evidence proves the row is common stock or an allowed depositary receipt.",do_not_ingest_as_stock
C5_non_equity_leakage_guard,NASDAQ::MMLP,MMLP,NASDAQ,Stock,Martin Midstream Partners LP,US5733311055,blocked_non_common_stock,unit_name_pattern,deterministic,name,Martin Midstream Partners L.P. - Common Units Representing Limited Partnership Interests,exclude_or_reclassify_only_after_listing_keyed_official_evidence,official_security_type_cfi_openfigi_or_exchange_listing_evidence,"OpenFIGI securityType, official CFI code, exchange listing directory, or issuer security description for the exact listing.","Block Stock ingestion until official security-type, CFI, exchange, issuer, or OpenFIGI evidence proves the row is common stock or an allowed depositary receipt.",do_not_ingest_as_stock
C5_non_equity_leakage_guard,TSX::MMP-UN,MMP-UN,TSX,Stock,Precious Metals And Mining Trust,,blocked_non_common_stock,unit_ticker_pattern,deterministic,ticker,MMP-UN,exclude_or_reclassify_only_after_listing_keyed_official_evidence,official_security_type_cfi_openfigi_or_exchange_listing_evidence,"OpenFIGI securityType, official CFI code, exchange listing directory, or issuer security description for the exact listing.","Block Stock ingestion until official security-type, CFI, exchange, issuer, or OpenFIGI evidence proves the row is common stock or an allowed depositary receipt.",do_not_ingest_as_stock
C5_non_equity_leakage_guard,NYSE::MNR,MNR,NYSE,Stock,Mach Natural Resources LP,,blocked_non_common_stock,unit_name_pattern,deterministic,name,Mach Natural Resources LP Common Units representing Limited Partner Interests,exclude_or_reclassify_only_after_listing_keyed_official_evidence,official_security_type_cfi_openfigi_or_exchange_listing_evidence,"OpenFIGI securityType, official CFI code, exchange listing directory, or issuer security description for the exact listing.","Block Stock ingestion until official security-type, CFI, exchange, issuer, or OpenFIGI evidence proves the row is common stock or an allowed depositary receipt.",do_not_ingest_as_stock
C5_non_equity_leakage_guard,NASDAQ::MOBXW,MOBXW,NASDAQ,Stock,Mobix Labs Inc,US60743G1004,blocked_non_common_stock,warrant_name_pattern,deterministic,name,"Mobix Labs, Inc. - Warrants",exclude_or_reclassify_only_after_listing_keyed_official_evidence,official_security_type_cfi_openfigi_or_exchange_listing_evidence,"OpenFIGI securityType, official CFI code, exchange listing directory, or issuer security description for the exact listing.","Block Stock ingestion until official security-type, CFI, exchange, issuer, or OpenFIGI evidence proves the row is common stock or an allowed depositary receipt.",do_not_ingest_as_stock
C5_non_equity_leakage_guard,TSX::MPCT-UN,MPCT-UN,TSX,Stock,Dream Impact Trust,CA26154L1287,blocked_non_common_stock,unit_ticker_pattern,deterministic,ticker,MPCT-UN,exclude_or_reclassify_only_after_listing_keyed_official_evidence,official_security_type_cfi_openfigi_or_exchange_listing_evidence,"OpenFIGI securityType, official CFI code, exchange listing directory, or issuer security description for the exact listing.","Block Stock ingestion until official security-type, CFI, exchange, issuer, or OpenFIGI evidence proves the row is common stock or an allowed depositary receipt.",do_not_ingest_as_stock
C5_non_equity_leakage_guard,NYSE::MPLX,MPLX,NYSE,Stock,MPLX LP,US55336V1008,blocked_non_common_stock,unit_name_pattern,deterministic,name,MPLX LP Common Units Representing Limited Partner Interests,exclude_or_reclassify_only_after_listing_keyed_official_evidence,official_security_type_cfi_openfigi_or_exchange_listing_evidence,"OpenFIGI securityType, official CFI code, exchange listing directory, or issuer security description for the exact listing.","Block Stock ingestion until official security-type, CFI, exchange, issuer, or OpenFIGI evidence proves the row is common stock or an allowed depositary receipt.",do_not_ingest_as_stock
C5_non_equity_leakage_guard,TSX::MRG-UN,MRG-UN,TSX,Stock,Morguard North American Residential Real Estate Investment Trust,CA61761E1007,blocked_non_common_stock,unit_ticker_pattern,deterministic,ticker,MRG-UN,exclude_or_reclassify_only_after_listing_keyed_official_evidence,official_security_type_cfi_openfigi_or_exchange_listing_evidence,"OpenFIGI securityType, official CFI code, exchange listing directory, or issuer security description for the exact listing.","Block Stock ingestion until official security-type, CFI, exchange, issuer, or OpenFIGI evidence proves the row is common stock or an allowed depositary receipt.",do_not_ingest_as_stock
C5_non_equity_leakage_guard,TSX::MRT-UN,MRT-UN,TSX,Stock,Morguard Real Estate Investment Trust,CA6179141065,blocked_non_common_stock,unit_ticker_pattern,deterministic,ticker,MRT-UN,exclude_or_reclassify_only_after_listing_keyed_official_evidence,official_security_type_cfi_openfigi_or_exchange_listing_evidence,"OpenFIGI securityType, official CFI code, exchange listing directory, or issuer security description for the exact listing.","Block Stock ingestion until official security-type, CFI, exchange, issuer, or OpenFIGI evidence proves the row is common stock or an allowed depositary receipt.",do_not_ingest_as_stock
C5_non_equity_leakage_guard,NASDAQ::MSBIP,MSBIP,NASDAQ,Stock,Midland States Bancorp Inc,US5977423038,blocked_non_common_stock,preferred_name_pattern,deterministic,name,"Midland States Bancorp, Inc. - Depositary Shares Each Representing a 1/40th Interest in a Share of 7.750% Fixed-Rate Reset Non-Cumulative Perpetual Preferred Stock, Series A",exclude_or_reclassify_only_after_listing_keyed_official_evidence,official_security_type_cfi_openfigi_or_exchange_listing_evidence,"OpenFIGI securityType, official CFI code, exchange listing directory, or issuer security description for the exact listing.","Block Stock ingestion until official security-type, CFI, exchange, issuer, or OpenFIGI evidence proves the row is common stock or an allowed depositary receipt.",do_not_ingest_as_stock
C5_non_equity_leakage_guard,NYSE::MVO,MVO,NYSE,Stock,MV Oil Trust,US5538591091,blocked_non_common_stock,unit_name_pattern,deterministic,name,MV Oil Trust Units of Beneficial Interests,exclude_or_reclassify_only_after_listing_keyed_official_evidence,official_security_type_cfi_openfigi_or_exchange_listing_evidence,"OpenFIGI securityType, official CFI code, exchange listing directory, or issuer security description for the exact listing.","Block Stock ingestion until official security-type, CFI, exchange, issuer, or OpenFIGI evidence proves the row is common stock or an allowed depositary receipt.",do_not_ingest_as_stock
C5_non_equity_leakage_guard,NASDAQ::NCPLW,NCPLW,NASDAQ,Stock,Netcapital Inc,US64113L2025,blocked_non_common_stock,warrant_name_pattern,deterministic,name,Netcapital Inc. - warrants,exclude_or_reclassify_only_after_listing_keyed_official_evidence,official_security_type_cfi_openfigi_or_exchange_listing_evidence,"OpenFIGI securityType, official CFI code, exchange listing directory, or issuer security description for the exact listing.","Block Stock ingestion until official security-type, CFI, exchange, issuer, or OpenFIGI evidence proves the row is common stock or an allowed depositary receipt.",do_not_ingest_as_stock
C5_non_equity_leakage_guard,NYSE MKT::NEN,NEN,NYSE MKT,Stock,New England Realty Associates LP,US6442061049,blocked_non_common_stock,unit_name_pattern,deterministic,name,New England Realty Associates Limited Partnership Class A Depositary Receipts Evidencing Units of Limited Partnership,exclude_or_reclassify_only_after_listing_keyed_official_evidence,official_security_type_cfi_openfigi_or_exchange_listing_evidence,"OpenFIGI securityType, official CFI code, exchange listing directory, or issuer security description for the exact listing.","Block Stock ingestion until official security-type, CFI, exchange, issuer, or OpenFIGI evidence proves the row is common stock or an allowed depositary receipt.",do_not_ingest_as_stock
C5_non_equity_leakage_guard,TSXV::NET-UN,NET-UN,TSXV,Stock,Canadian Net Real Estate Investment Trust,CA13639A1093,blocked_non_common_stock,unit_ticker_pattern,deterministic,ticker,NET-UN,exclude_or_reclassify_only_after_listing_keyed_official_evidence,official_security_type_cfi_openfigi_or_exchange_listing_evidence,"OpenFIGI securityType, official CFI code, exchange listing directory, or issuer security description for the exact listing.","Block Stock ingestion until official security-type, CFI, exchange, issuer, or OpenFIGI evidence proves the row is common stock or an allowed depositary receipt.",do_not_ingest_as_stock
C5_non_equity_leakage_guard,NYSE::NGL,NGL,NYSE,Stock,NGL Energy Partners LP,US62913M1071,blocked_non_common_stock,unit_name_pattern,deterministic,name,NGL ENERGY PARTNERS LP Common Units representing Limited Partner Interests,exclude_or_reclassify_only_after_listing_keyed_official_evidence,official_security_type_cfi_openfigi_or_exchange_listing_evidence,"OpenFIGI securityType, official CFI code, exchange listing directory, or issuer security description for the exact listing.","Block Stock ingestion until official security-type, CFI, exchange, issuer, or OpenFIGI evidence proves the row is common stock or an allowed depositary receipt.",do_not_ingest_as_stock
C5_non_equity_leakage_guard,NASDAQ::NHPBP,NHPBP,NASDAQ,Stock,"National Healthcare Properties, Inc.",US42226B4023,blocked_non_common_stock,preferred_name_pattern,deterministic,name,"National Healthcare Properties, Inc. - 7.125% Series B Cumulative Redeemable Perpetual Preferred Stock",exclude_or_reclassify_only_after_listing_keyed_official_evidence,official_security_type_cfi_openfigi_or_exchange_listing_evidence,"OpenFIGI securityType, official CFI code, exchange listing directory, or issuer security description for the exact listing.","Block Stock ingestion until official security-type, CFI, exchange, issuer, or OpenFIGI evidence proves the row is common stock or an allowed depositary receipt.",do_not_ingest_as_stock
C5_non_equity_leakage_guard,STO::NP3-PREF,NP3-PREF,STO,Stock,NP3 Fastigheter AB (publ),SE0010820514,blocked_non_common_stock,preferred_ticker_pattern,deterministic,ticker,NP3-PREF,exclude_or_reclassify_only_after_listing_keyed_official_evidence,official_security_type_cfi_openfigi_or_exchange_listing_evidence,"OpenFIGI securityType, official CFI code, exchange listing directory, or issuer security description for the exact listing.","Block Stock ingestion until official security-type, CFI, exchange, issuer, or OpenFIGI evidence proves the row is common stock or an allowed depositary receipt.",do_not_ingest_as_stock
C5_non_equity_leakage_guard,TSX::NRR-UN,NRR-UN,TSX,Stock,Northview Residential REIT,,blocked_non_common_stock,unit_ticker_pattern,deterministic,ticker,NRR-UN,exclude_or_reclassify_only_after_listing_keyed_official_evidence,official_security_type_cfi_openfigi_or_exchange_listing_evidence,"OpenFIGI securityType, official CFI code, exchange listing directory, or issuer security description for the exact listing.","Block Stock ingestion until official security-type, CFI, exchange, issuer, or OpenFIGI evidence proves the row is common stock or an allowed depositary receipt.",do_not_ingest_as_stock
C5_non_equity_leakage_guard,TSX::NWH-UN,NWH-UN,TSX,Stock,NorthWest Healthcare Properties Real Estate Investment Trust,CA6674951059,blocked_non_common_stock,unit_ticker_pattern,deterministic,ticker,NWH-UN,exclude_or_reclassify_only_after_listing_keyed_official_evidence,official_security_type_cfi_openfigi_or_exchange_listing_evidence,"OpenFIGI securityType, official CFI code, exchange listing directory, or issuer security description for the exact listing.","Block Stock ingestion until official security-type, CFI, exchange, issuer, or OpenFIGI evidence proves the row is common stock or an allowed depositary receipt.",do_not_ingest_as_stock
C5_non_equity_leakage_guard,TSX::NXR-UN,NXR-UN,TSX,Stock,Nexus Real Estate Investment Trust,CA65342N3159,blocked_non_common_stock,unit_ticker_pattern,deterministic,ticker,NXR-UN,exclude_or_reclassify_only_after_listing_keyed_official_evidence,official_security_type_cfi_openfigi_or_exchange_listing_evidence,"OpenFIGI securityType, official CFI code, exchange listing directory, or issuer security description for the exact listing.","Block Stock ingestion until official security-type, CFI, exchange, issuer, or OpenFIGI evidence proves the row is common stock or an allowed depositary receipt.",do_not_ingest_as_stock
C5_non_equity_leakage_guard,NASDAQ::OCSL,OCSL,NASDAQ,Stock,Oaktree Specialty Lending Corp,US67401P4054,manual_review_ambiguous_stock_classification,possible_closed_end_fund_or_trust,review,name,Oaktree Specialty Lending Corporation - Closed End Fund,classify_with_official_product_or_security_type_evidence,official_product_type_or_security_type_for_exact_listing,"Official exchange product segment, issuer security page, CFI code, or OpenFIGI securityType.",Queue for manual classification; name shape alone does not authorize a Stock or ETF change.,queue_for_classification_review
C5_non_equity_leakage_guard,NASDAQ::OFS,OFS,NASDAQ,Stock,OFS Capital Corp,US67103B1008,manual_review_ambiguous_stock_classification,possible_closed_end_fund_or_trust,review,name,OFS Capital Corporation - Closed End Fund,classify_with_official_product_or_security_type_evidence,official_product_type_or_security_type_for_exact_listing,"Official exchange product segment, issuer security page, CFI code, or OpenFIGI securityType.",Queue for manual classification; name shape alone does not authorize a Stock or ETF change.,queue_for_classification_review
C5_non_equity_leakage_guard,NYSE ARCA::OGCP,OGCP,NYSE ARCA,Stock,Empire State Realty OP LP,US2921022099,blocked_non_common_stock,unit_name_pattern,deterministic,name,"Empire State Realty OP, L.P. Series 60 Operating Partnership Units Representing Limited Partnership Interests",exclude_or_reclassify_only_after_listing_keyed_official_evidence,official_security_type_cfi_openfigi_or_exchange_listing_evidence,"OpenFIGI securityType, official CFI code, exchange listing directory, or issuer security description for the exact listing.","Block Stock ingestion until official security-type, CFI, exchange, issuer, or OpenFIGI evidence proves the row is common stock or an allowed depositary receipt.",do_not_ingest_as_stock
C5_non_equity_leakage_guard,NASDAQ::OIOWW,OIOWW,NASDAQ,Stock,OIO Group,,blocked_non_common_stock,warrant_name_pattern,deterministic,name,OIO Group - Warrants,exclude_or_reclassify_only_after_listing_keyed_official_evidence,official_security_type_cfi_openfigi_or_exchange_listing_evidence,"OpenFIGI securityType, official CFI code, exchange listing directory, or issuer security description for the exact listing.","Block Stock ingestion until official security-type, CFI, exchange, issuer, or OpenFIGI evidence proves the row is common stock or an allowed depositary receipt.",do_not_ingest_as_stock
C5_non_equity_leakage_guard,NASDAQ::ONMDW,ONMDW,NASDAQ,Stock,OneMedNet Corp.,US68270C1036,blocked_non_common_stock,warrant_name_pattern,deterministic,name,OneMedNet Corp - Warrant,exclude_or_reclassify_only_after_listing_keyed_official_evidence,official_security_type_cfi_openfigi_or_exchange_listing_evidence,"OpenFIGI securityType, official CFI code, exchange listing directory, or issuer security description for the exact listing.","Block Stock ingestion until official security-type, CFI, exchange, issuer, or OpenFIGI evidence proves the row is common stock or an allowed depositary receipt.",do_not_ingest_as_stock
C5_non_equity_leakage_guard,NASDAQ::OSRHW,OSRHW,NASDAQ,Stock,"OSR Holdings, Inc.",US68840D1028,blocked_non_common_stock,warrant_name_pattern,deterministic,name,"OSR Health, Inc. - Warrant",exclude_or_reclassify_only_after_listing_keyed_official_evidence,official_security_type_cfi_openfigi_or_exchange_listing_evidence,"OpenFIGI securityType, official CFI code, exchange listing directory, or issuer security description for the exact listing.","Block Stock ingestion until official security-type, CFI, exchange, issuer, or OpenFIGI evidence proves the row is common stock or an allowed depositary receipt.",do_not_ingest_as_stock
C5_non_equity_leakage_guard,NASDAQ::OXLC,OXLC,NASDAQ,Stock,Oxford Lane Capital Corp,US6915438476,manual_review_ambiguous_stock_classification,possible_closed_end_fund_or_trust,review,name,Oxford Lane Capital Corp. - Closed End Fund,classify_with_official_product_or_security_type_evidence,official_product_type_or_security_type_for_exact_listing,"Official exchange product segment, issuer security page, CFI code, or OpenFIGI securityType.",Queue for manual classification; name shape alone does not authorize a Stock or ETF change.,queue_for_classification_review
C5_non_equity_leakage_guard,NASDAQ::OXSQ,OXSQ,NASDAQ,Stock,Oxford Square Capital Corp,US69181V1070,manual_review_ambiguous_stock_classification,possible_closed_end_fund_or_trust,review,name,Oxford Square Capital Corp. - Closed End Fund,classify_with_official_product_or_security_type_evidence,official_product_type_or_security_type_for_exact_listing,"Official exchange product segment, issuer security page, CFI code, or OpenFIGI securityType.",Queue for manual classification; name shape alone does not authorize a Stock or ETF change.,queue_for_classification_review
C5_non_equity_leakage_guard,NASDAQ::OYSEU,OYSEU,NASDAQ,Stock,Oyster Enterprises II Acquisition Corp,KYG6861F1202,blocked_non_common_stock,unit_name_pattern,deterministic,name,Oyster Enterprises II Acquisition Corp - Units,exclude_or_reclassify_only_after_listing_keyed_official_evidence,official_security_type_cfi_openfigi_or_exchange_listing_evidence,"OpenFIGI securityType, official CFI code, exchange listing directory, or issuer security description for the exact listing.","Block Stock ingestion until official security-type, CFI, exchange, issuer, or OpenFIGI evidence proves the row is common stock or an allowed depositary receipt.",do_not_ingest_as_stock
C5_non_equity_leakage_guard,NASDAQ::PAA,PAA,NASDAQ,Stock,Plains All American Pipeline LP,US7265031051,blocked_non_common_stock,unit_name_pattern,deterministic,name,"Plains All American Pipeline, L.P. - Common Units representing Limited Partner Interests",exclude_or_reclassify_only_after_listing_keyed_official_evidence,official_security_type_cfi_openfigi_or_exchange_listing_evidence,"OpenFIGI securityType, official CFI code, exchange listing directory, or issuer security description for the exact listing.","Block Stock ingestion until official security-type, CFI, exchange, issuer, or OpenFIGI evidence proves the row is common stock or an allowed depositary receipt.",do_not_ingest_as_stock
C5_non_equity_leakage_guard,TSX::PBY-UN,PBY-UN,TSX,Stock,Canso Credit Trust - Canso Credit Income Fund,,blocked_non_common_stock,unit_ticker_pattern,deterministic,ticker,PBY-UN,exclude_or_reclassify_only_after_listing_keyed_official_evidence,official_security_type_cfi_openfigi_or_exchange_listing_evidence,"OpenFIGI securityType, official CFI code, exchange listing directory, or issuer security description for the exact listing.","Block Stock ingestion until official security-type, CFI, exchange, issuer, or OpenFIGI evidence proves the row is common stock or an allowed depositary receipt.",do_not_ingest_as_stock
C5_non_equity_leakage_guard,NASDAQ::PDYNW,PDYNW,NASDAQ,Stock,Palladyne AI Corp,US80359A2050,blocked_non_common_stock,warrant_name_pattern,deterministic,name,Palladyne AI Corp. - Warrant,exclude_or_reclassify_only_after_listing_keyed_official_evidence,official_security_type_cfi_openfigi_or_exchange_listing_evidence,"OpenFIGI securityType, official CFI code, exchange listing directory, or issuer security description for the exact listing.","Block Stock ingestion until official security-type, CFI, exchange, issuer, or OpenFIGI evidence proves the row is common stock or an allowed depositary receipt.",do_not_ingest_as_stock
C5_non_equity_leakage_guard,NYSE::PHXE-P,PHXE-P,NYSE,Stock,"Phoenix Energy One, LLC",,blocked_non_common_stock,preferred_ticker_pattern,deterministic,ticker,PHXE-P,exclude_or_reclassify_only_after_listing_keyed_official_evidence,official_security_type_cfi_openfigi_or_exchange_listing_evidence,"OpenFIGI securityType, official CFI code, exchange listing directory, or issuer security description for the exact listing.","Block Stock ingestion until official security-type, CFI, exchange, issuer, or OpenFIGI evidence proves the row is common stock or an allowed depositary receipt.",do_not_ingest_as_stock
C5_non_equity_leakage_guard,NASDAQ::PIIIW,PIIIW,NASDAQ,Stock,P3 Health Partners Inc,US7444131053,blocked_non_common_stock,warrant_name_pattern,deterministic,name,P3 Health Partners Inc. - Warrant,exclude_or_reclassify_only_after_listing_keyed_official_evidence,official_security_type_cfi_openfigi_or_exchange_listing_evidence,"OpenFIGI securityType, official CFI code, exchange listing directory, or issuer security description for the exact listing.","Block Stock ingestion until official security-type, CFI, exchange, issuer, or OpenFIGI evidence proves the row is common stock or an allowed depositary receipt.",do_not_ingest_as_stock
C5_non_equity_leakage_guard,TSXV::PINE-UN,PINE-UN,TSXV,Stock,Pine Trail Real Estate Investment Trust,CA72288P1062,blocked_non_common_stock,unit_ticker_pattern,deterministic,ticker,PINE-UN,exclude_or_reclassify_only_after_listing_keyed_official_evidence,official_security_type_cfi_openfigi_or_exchange_listing_evidence,"OpenFIGI securityType, official CFI code, exchange listing directory, or issuer security description for the exact listing.","Block Stock ingestion until official security-type, CFI, exchange, issuer, or OpenFIGI evidence proves the row is common stock or an allowed depositary receipt.",do_not_ingest_as_stock
C5_non_equity_leakage_guard,TSX::PLZ-UN,PLZ-UN,TSX,Stock,Plaza Retail REIT,CA72820F1036,blocked_non_common_stock,unit_ticker_pattern,deterministic,ticker,PLZ-UN,exclude_or_reclassify_only_after_listing_keyed_official_evidence,official_security_type_cfi_openfigi_or_exchange_listing_evidence,"OpenFIGI securityType, official CFI code, exchange listing directory, or issuer security description for the exact listing.","Block Stock ingestion until official security-type, CFI, exchange, issuer, or OpenFIGI evidence proves the row is common stock or an allowed depositary receipt.",do_not_ingest_as_stock
C5_non_equity_leakage_guard,NYSE::PMTU,PMTU,NYSE,Stock,PennyMac Mortgage Investment Tr,US70931T1034,blocked_non_common_stock,debt_name_pattern,deterministic,name,PennyMac Mortgage Investment Trust 8.50% Senior Notes due 2028,exclude_or_reclassify_only_after_listing_keyed_official_evidence,official_security_type_cfi_openfigi_or_exchange_listing_evidence,"OpenFIGI securityType, official CFI code, exchange listing directory, or issuer security description for the exact listing.","Block Stock ingestion until official security-type, CFI, exchange, issuer, or OpenFIGI evidence proves the row is common stock or an allowed depositary receipt.",do_not_ingest_as_stock
C5_non_equity_leakage_guard,NYSE::PMTW,PMTW,NYSE,Stock,PennyMac Mortgage Investment Trust,US70931T1034,blocked_non_common_stock,debt_name_pattern,deterministic,name,PennyMac Mortgage Investment Trust 9.00% Senior Notes due 2030,exclude_or_reclassify_only_after_listing_keyed_official_evidence,official_security_type_cfi_openfigi_or_exchange_listing_evidence,"OpenFIGI securityType, official CFI code, exchange listing directory, or issuer security description for the exact listing.","Block Stock ingestion until official security-type, CFI, exchange, issuer, or OpenFIGI evidence proves the row is common stock or an allowed depositary receipt.",do_not_ingest_as_stock
C5_non_equity_leakage_guard,NASDAQ::PRHIZ,PRHIZ,NASDAQ,Stock,"Presurance Holdings, Inc.",US20731J1025,blocked_non_common_stock,debt_name_pattern,deterministic,name,"Presurance Holdings, Inc. - 9.75% Senior Unsecured Notes due 2028",exclude_or_reclassify_only_after_listing_keyed_official_evidence,official_security_type_cfi_openfigi_or_exchange_listing_evidence,"OpenFIGI securityType, official CFI code, exchange listing directory, or issuer security description for the exact listing.","Block Stock ingestion until official security-type, CFI, exchange, issuer, or OpenFIGI evidence proves the row is common stock or an allowed depositary receipt.",do_not_ingest_as_stock
C5_non_equity_leakage_guard,NYSE::PRT,PRT,NYSE,Stock,PermRock Royalty Trust,US7142541090,blocked_non_common_stock,unit_name_pattern,deterministic,name,PermRock Royalty Trust Units of Beneficial Interest,exclude_or_reclassify_only_after_listing_keyed_official_evidence,official_security_type_cfi_openfigi_or_exchange_listing_evidence,"OpenFIGI securityType, official CFI code, exchange listing directory, or issuer security description for the exact listing.","Block Stock ingestion until official security-type, CFI, exchange, issuer, or OpenFIGI evidence proves the row is common stock or an allowed depositary receipt.",do_not_ingest_as_stock
C5_non_equity_leakage_guard,TSX::PRV-UN,PRV-UN,TSX,Stock,Pro Real Estate Investment Trust,CA7426943006,blocked_non_common_stock,unit_ticker_pattern,deterministic,ticker,PRV-UN,exclude_or_reclassify_only_after_listing_keyed_official_evidence,official_security_type_cfi_openfigi_or_exchange_listing_evidence,"OpenFIGI securityType, official CFI code, exchange listing directory, or issuer security description for the exact listing.","Block Stock ingestion until official security-type, CFI, exchange, issuer, or OpenFIGI evidence proves the row is common stock or an allowed depositary receipt.",do_not_ingest_as_stock
C5_non_equity_leakage_guard,NASDAQ::PSEC,PSEC,NASDAQ,Stock,Prospect Capital Corporation,US74348T1025,manual_review_ambiguous_stock_classification,possible_closed_end_fund_or_trust,review,name,Prospect Capital Corporation - Closed End Fund,classify_with_official_product_or_security_type_evidence,official_product_type_or_security_type_for_exact_listing,"Official exchange product segment, issuer security page, CFI code, or OpenFIGI securityType.",Queue for manual classification; name shape alone does not authorize a Stock or ETF change.,queue_for_classification_review
C5_non_equity_leakage_guard,TSXV::PVF-UN,PVF-UN,TSXV,Stock,Partners Value Investments LP,,blocked_non_common_stock,unit_ticker_pattern,deterministic,ticker,PVF-UN,exclude_or_reclassify_only_after_listing_keyed_official_evidence,official_security_type_cfi_openfigi_or_exchange_listing_evidence,"OpenFIGI securityType, official CFI code, exchange listing directory, or issuer security description for the exact listing.","Block Stock ingestion until official security-type, CFI, exchange, issuer, or OpenFIGI evidence proves the row is common stock or an allowed depositary receipt.",do_not_ingest_as_stock
C5_non_equity_leakage_guard,NYSE::PVL,PVL,NYSE,Stock,Permianville Royalty Trust,US71425H1005,blocked_non_common_stock,unit_name_pattern,deterministic,name,Permianville Royalty Trust Units of Beneficial Interest,exclude_or_reclassify_only_after_listing_keyed_official_evidence,official_security_type_cfi_openfigi_or_exchange_listing_evidence,"OpenFIGI securityType, official CFI code, exchange listing directory, or issuer security description for the exact listing.","Block Stock ingestion until official security-type, CFI, exchange, issuer, or OpenFIGI evidence proves the row is common stock or an allowed depositary receipt.",do_not_ingest_as_stock
C5_non_equity_leakage_guard,NASDAQ::QSEAR,QSEAR,NASDAQ,Stock,Quartzsea Acquisition Corporation,KYG7314B1041,blocked_non_common_stock,right_name_pattern,deterministic,name,Quartzsea Acquisition Corporation - Rights,exclude_or_reclassify_only_after_listing_keyed_official_evidence,official_security_type_cfi_openfigi_or_exchange_listing_evidence,"OpenFIGI securityType, official CFI code, exchange listing directory, or issuer security description for the exact listing.","Block Stock ingestion until official security-type, CFI, exchange, issuer, or OpenFIGI evidence proves the row is common stock or an allowed depositary receipt.",do_not_ingest_as_stock
C5_non_equity_leakage_guard,TSX::QSP-UN,QSP-UN,TSX,Stock,Restaurant Brands International Limited Partnership,CA76090H1038,blocked_non_common_stock,unit_ticker_pattern,deterministic,ticker,QSP-UN,exclude_or_reclassify_only_after_listing_keyed_official_evidence,official_security_type_cfi_openfigi_or_exchange_listing_evidence,"OpenFIGI securityType, official CFI code, exchange listing directory, or issuer security description for the exact listing.","Block Stock ingestion until official security-type, CFI, exchange, issuer, or OpenFIGI evidence proves the row is common stock or an allowed depositary receipt.",do_not_ingest_as_stock
C5_non_equity_leakage_guard,NASDAQ::RAND,RAND,NASDAQ,Stock,Rand Capital Corp,US7521852076,manual_review_ambiguous_stock_classification,possible_closed_end_fund_or_trust,review,name,Rand Capital Corporation - Closed End Fund,classify_with_official_product_or_security_type_evidence,official_product_type_or_security_type_for_exact_listing,"Official exchange product segment, issuer security page, CFI code, or OpenFIGI securityType.",Queue for manual classification; name shape alone does not authorize a Stock or ETF change.,queue_for_classification_review
C5_non_equity_leakage_guard,TSX::RBN-UN,RBN-UN,TSX,Stock,Blue Ribbon Income Fund,,blocked_non_common_stock,unit_ticker_pattern,deterministic,ticker,RBN-UN,exclude_or_reclassify_only_after_listing_keyed_official_evidence,official_security_type_cfi_openfigi_or_exchange_listing_evidence,"OpenFIGI securityType, official CFI code, exchange listing directory, or issuer security description for the exact listing.","Block Stock ingestion until official security-type, CFI, exchange, issuer, or OpenFIGI evidence proves the row is common stock or an allowed depositary receipt.",do_not_ingest_as_stock
C5_non_equity_leakage_guard,TSXV::RCR-P,RCR-P,TSXV,Stock,Canna 8 Investment Trust,CA13766K1021,blocked_non_common_stock,preferred_ticker_pattern,deterministic,ticker,RCR-P,exclude_or_reclassify_only_after_listing_keyed_official_evidence,official_security_type_cfi_openfigi_or_exchange_listing_evidence,"OpenFIGI securityType, official CFI code, exchange listing directory, or issuer security description for the exact listing.","Block Stock ingestion until official security-type, CFI, exchange, issuer, or OpenFIGI evidence proves the row is common stock or an allowed depositary receipt.",do_not_ingest_as_stock
C5_non_equity_leakage_guard,NASDAQ::RDACU,RDACU,NASDAQ,Stock,Rising Dragon Acquisition Corp.,KYG7576K1076,blocked_non_common_stock,unit_name_pattern,deterministic,name,Rising Dragon Acquisition Corp. - Unit,exclude_or_reclassify_only_after_listing_keyed_official_evidence,official_security_type_cfi_openfigi_or_exchange_listing_evidence,"OpenFIGI securityType, official CFI code, exchange listing directory, or issuer security description for the exact listing.","Block Stock ingestion until official security-type, CFI, exchange, issuer, or OpenFIGI evidence proves the row is common stock or an allowed depositary receipt.",do_not_ingest_as_stock
C5_non_equity_leakage_guard,NASDAQ::RDZNW,RDZNW,NASDAQ,Stock,Roadzen Inc,VGG7606H1082,blocked_non_common_stock,warrant_name_pattern,deterministic,name,"Roadzen, Inc. - Warrants",exclude_or_reclassify_only_after_listing_keyed_official_evidence,official_security_type_cfi_openfigi_or_exchange_listing_evidence,"OpenFIGI securityType, official CFI code, exchange listing directory, or issuer security description for the exact listing.","Block Stock ingestion until official security-type, CFI, exchange, issuer, or OpenFIGI evidence proves the row is common stock or an allowed depositary receipt.",do_not_ingest_as_stock
C5_non_equity_leakage_guard,TSX::REI-UN,REI-UN,TSX,Stock,RioCan Real Estate Investment Trust,CA7669101031,blocked_non_common_stock,unit_ticker_pattern,deterministic,ticker,REI-UN,exclude_or_reclassify_only_after_listing_keyed_official_evidence,official_security_type_cfi_openfigi_or_exchange_listing_evidence,"OpenFIGI securityType, official CFI code, exchange listing directory, or issuer security description for the exact listing.","Block Stock ingestion until official security-type, CFI, exchange, issuer, or OpenFIGI evidence proves the row is common stock or an allowed depositary receipt.",do_not_ingest_as_stock
C5_non_equity_leakage_guard,NASDAQ::REVBW,REVBW,NASDAQ,Stock,Revelation Biosciences Inc,US76135L6065,blocked_non_common_stock,warrant_name_pattern,deterministic,name,"Revelation Biosciences, Inc. - Warrant",exclude_or_reclassify_only_after_listing_keyed_official_evidence,official_security_type_cfi_openfigi_or_exchange_listing_evidence,"OpenFIGI securityType, official CFI code, exchange listing directory, or issuer security description for the exact listing.","Block Stock ingestion until official security-type, CFI, exchange, issuer, or OpenFIGI evidence proves the row is common stock or an allowed depositary receipt.",do_not_ingest_as_stock
C5_non_equity_leakage_guard,TSX::RPR-UN,RPR-UN,TSX,Stock,Ravelin Properties REIT,CA8310211005,blocked_non_common_stock,unit_ticker_pattern,deterministic,ticker,RPR-UN,exclude_or_reclassify_only_after_listing_keyed_official_evidence,official_security_type_cfi_openfigi_or_exchange_listing_evidence,"OpenFIGI securityType, official CFI code, exchange listing directory, or issuer security description for the exact listing.","Block Stock ingestion until official security-type, CFI, exchange, issuer, or OpenFIGI evidence proves the row is common stock or an allowed depositary receipt.",do_not_ingest_as_stock
C5_non_equity_leakage_guard,TSXV::RRR-UN,RRR-UN,TSXV,Stock,R&R Real Estate Investment Trust,CA74979N1015,blocked_non_common_stock,unit_ticker_pattern,deterministic,ticker,RRR-UN,exclude_or_reclassify_only_after_listing_keyed_official_evidence,official_security_type_cfi_openfigi_or_exchange_listing_evidence,"OpenFIGI securityType, official CFI code, exchange listing directory, or issuer security description for the exact listing.","Block Stock ingestion until official security-type, CFI, exchange, issuer, or OpenFIGI evidence proves the row is common stock or an allowed depositary receipt.",do_not_ingest_as_stock
C5_non_equity_leakage_guard,NASDAQ::RSVRW,RSVRW,NASDAQ,Stock,Reservoir Media Management Inc,US76119X1054,blocked_non_common_stock,warrant_name_pattern,deterministic,name,"Reservoir Media, Inc.. - Warrant",exclude_or_reclassify_only_after_listing_keyed_official_evidence,official_security_type_cfi_openfigi_or_exchange_listing_evidence,"OpenFIGI securityType, official CFI code, exchange listing directory, or issuer security description for the exact listing.","Block Stock ingestion until official security-type, CFI, exchange, issuer, or OpenFIGI evidence proves the row is common stock or an allowed depositary receipt.",do_not_ingest_as_stock
C5_non_equity_leakage_guard,NASDAQ::RUMBW,RUMBW,NASDAQ,Stock,Rumble Inc.,US78137L1052,blocked_non_common_stock,warrant_name_pattern,deterministic,name,RUM Group Inc. - Warrant,exclude_or_reclassify_only_after_listing_keyed_official_evidence,official_security_type_cfi_openfigi_or_exchange_listing_evidence,"OpenFIGI securityType, official CFI code, exchange listing directory, or issuer security description for the exact listing.","Block Stock ingestion until official security-type, CFI, exchange, issuer, or OpenFIGI evidence proves the row is common stock or an allowed depositary receipt.",do_not_ingest_as_stock
C5_non_equity_leakage_guard,NYSE::RWTP,RWTP,NYSE,Stock,"Redwood Trust, Inc.",US7580754023,blocked_non_common_stock,debt_name_pattern,deterministic,name,"Redwood Trust, Inc. 9.125% Senior Notes Due 2030",exclude_or_reclassify_only_after_listing_keyed_official_evidence,official_security_type_cfi_openfigi_or_exchange_listing_evidence,"OpenFIGI securityType, official CFI code, exchange listing directory, or issuer security description for the exact listing.","Block Stock ingestion until official security-type, CFI, exchange, issuer, or OpenFIGI evidence proves the row is common stock or an allowed depositary receipt.",do_not_ingest_as_stock
C5_non_equity_leakage_guard,NYSE::RWTQ,RWTQ,NYSE,Stock,"Redwood Trust, Inc.",US7580754023,blocked_non_common_stock,debt_name_pattern,deterministic,name,"Redwood Trust, Inc. 9.500% Senior Notes Due 2030",exclude_or_reclassify_only_after_listing_keyed_official_evidence,official_security_type_cfi_openfigi_or_exchange_listing_evidence,"OpenFIGI securityType, official CFI code, exchange listing directory, or issuer security description for the exact listing.","Block Stock ingestion until official security-type, CFI, exchange, issuer, or OpenFIGI evidence proves the row is common stock or an allowed depositary receipt.",do_not_ingest_as_stock
C5_non_equity_leakage_guard,NASDAQ::SAIHW,SAIHW,NASDAQ,Stock,SAIHEAT Limited,KYG7852T2021,blocked_non_common_stock,warrant_name_pattern,deterministic,name,SAIHEAT Limited - Warrant,exclude_or_reclassify_only_after_listing_keyed_official_evidence,official_security_type_cfi_openfigi_or_exchange_listing_evidence,"OpenFIGI securityType, official CFI code, exchange listing directory, or issuer security description for the exact listing.","Block Stock ingestion until official security-type, CFI, exchange, issuer, or OpenFIGI evidence proves the row is common stock or an allowed depositary receipt.",do_not_ingest_as_stock
C5_non_equity_leakage_guard,NYSE::SAT,SAT,NYSE,Stock,Saratoga Investment Corp 6.00%,,blocked_non_common_stock,debt_name_pattern,deterministic,name,Saratoga Investment Corp 6.00% Notes due 2027,exclude_or_reclassify_only_after_listing_keyed_official_evidence,official_security_type_cfi_openfigi_or_exchange_listing_evidence,"OpenFIGI securityType, official CFI code, exchange listing directory, or issuer security description for the exact listing.","Block Stock ingestion until official security-type, CFI, exchange, issuer, or OpenFIGI evidence proves the row is common stock or an allowed depositary receipt.",do_not_ingest_as_stock
C5_non_equity_leakage_guard,NYSE::SAY,SAY,NYSE,Stock,Saratoga Investment Corp 8.125%,,blocked_non_common_stock,debt_name_pattern,deterministic,name,Saratoga Investment Corp 8.125% Notes due 2027,exclude_or_reclassify_only_after_listing_keyed_official_evidence,official_security_type_cfi_openfigi_or_exchange_listing_evidence,"OpenFIGI securityType, official CFI code, exchange listing directory, or issuer security description for the exact listing.","Block Stock ingestion until official security-type, CFI, exchange, issuer, or OpenFIGI evidence proves the row is common stock or an allowed depositary receipt.",do_not_ingest_as_stock
C5_non_equity_leakage_guard,NYSE::SAZ,SAZ,NYSE,Stock,Saratoga Investment Corp 8.50%,US80349A2087,blocked_non_common_stock,debt_name_pattern,deterministic,name,Saratoga Investment Corp 8.50% Notes due 2028,exclude_or_reclassify_only_after_listing_keyed_official_evidence,official_security_type_cfi_openfigi_or_exchange_listing_evidence,"OpenFIGI securityType, official CFI code, exchange listing directory, or issuer security description for the exact listing.","Block Stock ingestion until official security-type, CFI, exchange, issuer, or OpenFIGI evidence proves the row is common stock or an allowed depositary receipt.",do_not_ingest_as_stock
C5_non_equity_leakage_guard,NASDAQ::SBCWW,SBCWW,NASDAQ,Stock,SBC Medical Group Holdings Incorporated,US73245B1070,blocked_non_common_stock,warrant_name_pattern,deterministic,name,SBC Medical Group Holdings Incorporated - Warrants,exclude_or_reclassify_only_after_listing_keyed_official_evidence,official_security_type_cfi_openfigi_or_exchange_listing_evidence,"OpenFIGI securityType, official CFI code, exchange listing directory, or issuer security description for the exact listing.","Block Stock ingestion until official security-type, CFI, exchange, issuer, or OpenFIGI evidence proves the row is common stock or an allowed depositary receipt.",do_not_ingest_as_stock
C5_non_equity_leakage_guard,NYSE::SBXD-UN,SBXD-UN,NYSE,Stock,SilverBox Corp IV,KYG813541052,blocked_non_common_stock,unit_ticker_pattern,deterministic,ticker,SBXD-UN,exclude_or_reclassify_only_after_listing_keyed_official_evidence,official_security_type_cfi_openfigi_or_exchange_listing_evidence,"OpenFIGI securityType, official CFI code, exchange listing directory, or issuer security description for the exact listing.","Block Stock ingestion until official security-type, CFI, exchange, issuer, or OpenFIGI evidence proves the row is common stock or an allowed depositary receipt.",do_not_ingest_as_stock
C5_non_equity_leakage_guard,NASDAQ::SCLXW,SCLXW,NASDAQ,Stock,Scilex Holding Company,US80880W2052,blocked_non_common_stock,warrant_name_pattern,deterministic,name,Scilex Holding Company - Warrant,exclude_or_reclassify_only_after_listing_keyed_official_evidence,official_security_type_cfi_openfigi_or_exchange_listing_evidence,"OpenFIGI securityType, official CFI code, exchange listing directory, or issuer security description for the exact listing.","Block Stock ingestion until official security-type, CFI, exchange, issuer, or OpenFIGI evidence proves the row is common stock or an allowed depositary receipt.",do_not_ingest_as_stock
C5_non_equity_leakage_guard,NASDAQ::SDAWW,SDAWW,NASDAQ,Stock,SunCar Technology Group Inc.,KYG857271087,blocked_non_common_stock,warrant_name_pattern,deterministic,name,SunCar Technology Group Inc. - Warrant,exclude_or_reclassify_only_after_listing_keyed_official_evidence,official_security_type_cfi_openfigi_or_exchange_listing_evidence,"OpenFIGI securityType, official CFI code, exchange listing directory, or issuer security description for the exact listing.","Block Stock ingestion until official security-type, CFI, exchange, issuer, or OpenFIGI evidence proves the row is common stock or an allowed depositary receipt.",do_not_ingest_as_stock
C5_non_equity_leakage_guard,NASDAQ::SDSTW,SDSTW,NASDAQ,Stock,Stardust Power Inc.,US8549361017,blocked_non_common_stock,warrant_name_pattern,deterministic,name,Stardust Power Inc. - Warrant,exclude_or_reclassify_only_after_listing_keyed_official_evidence,official_security_type_cfi_openfigi_or_exchange_listing_evidence,"OpenFIGI securityType, official CFI code, exchange listing directory, or issuer security description for the exact listing.","Block Stock ingestion until official security-type, CFI, exchange, issuer, or OpenFIGI evidence proves the row is common stock or an allowed depositary receipt.",do_not_ingest_as_stock
C5_non_equity_leakage_guard,TSX::SGR-UN,SGR-UN,TSX,Stock,Slate Grocery REIT,CA8310622037,blocked_non_common_stock,unit_ticker_pattern,deterministic,ticker,SGR-UN,exclude_or_reclassify_only_after_listing_keyed_official_evidence,official_security_type_cfi_openfigi_or_exchange_listing_evidence,"OpenFIGI securityType, official CFI code, exchange listing directory, or issuer security description for the exact listing.","Block Stock ingestion until official security-type, CFI, exchange, issuer, or OpenFIGI evidence proves the row is common stock or an allowed depositary receipt.",do_not_ingest_as_stock
C5_non_equity_leakage_guard,NASDAQ::SHFSW,SHFSW,NASDAQ,Stock,SHF Holdings Inc,US8244303009,blocked_non_common_stock,warrant_name_pattern,deterministic,name,"SHF Holdings, Inc. - Warrants",exclude_or_reclassify_only_after_listing_keyed_official_evidence,official_security_type_cfi_openfigi_or_exchange_listing_evidence,"OpenFIGI securityType, official CFI code, exchange listing directory, or issuer security description for the exact listing.","Block Stock ingestion until official security-type, CFI, exchange, issuer, or OpenFIGI evidence proves the row is common stock or an allowed depositary receipt.",do_not_ingest_as_stock
C5_non_equity_leakage_guard,NASDAQ::SLDPW,SLDPW,NASDAQ,Stock,Solid Power Inc,US83422N1054,blocked_non_common_stock,warrant_name_pattern,deterministic,name,"Solid Power, Inc. - Warrant",exclude_or_reclassify_only_after_listing_keyed_official_evidence,official_security_type_cfi_openfigi_or_exchange_listing_evidence,"OpenFIGI securityType, official CFI code, exchange listing directory, or issuer security description for the exact listing.","Block Stock ingestion until official security-type, CFI, exchange, issuer, or OpenFIGI evidence proves the row is common stock or an allowed depositary receipt.",do_not_ingest_as_stock
C5_non_equity_leakage_guard,NASDAQ::SLRC,SLRC,NASDAQ,Stock,SLR Investment Corp,US83413U1007,manual_review_ambiguous_stock_classification,possible_closed_end_fund_or_trust,review,name,SLR Investment Corp. - Closed End Fund,classify_with_official_product_or_security_type_evidence,official_product_type_or_security_type_for_exact_listing,"Official exchange product segment, issuer security page, CFI code, or OpenFIGI securityType.",Queue for manual classification; name shape alone does not authorize a Stock or ETF change.,queue_for_classification_review
C5_non_equity_leakage_guard,NYSE::SOJF,SOJF,NYSE,Stock,The Southern Company,US8425871071,blocked_non_common_stock,debt_name_pattern,deterministic,name,"Southern Company (The) Series 2025A 6.50% Junior Subordinated Notes due March 15, 2085",exclude_or_reclassify_only_after_listing_keyed_official_evidence,official_security_type_cfi_openfigi_or_exchange_listing_evidence,"OpenFIGI securityType, official CFI code, exchange listing directory, or issuer security description for the exact listing.","Block Stock ingestion until official security-type, CFI, exchange, issuer, or OpenFIGI evidence proves the row is common stock or an allowed depositary receipt.",do_not_ingest_as_stock
C5_non_equity_leakage_guard,TSX::SRU-UN,SRU-UN,TSX,Stock,SmartCentres Real Estate Investment Trust,CA83179X1087,blocked_non_common_stock,unit_ticker_pattern,deterministic,ticker,SRU-UN,exclude_or_reclassify_only_after_listing_keyed_official_evidence,official_security_type_cfi_openfigi_or_exchange_listing_evidence,"OpenFIGI securityType, official CFI code, exchange listing directory, or issuer security description for the exact listing.","Block Stock ingestion until official security-type, CFI, exchange, issuer, or OpenFIGI evidence proves the row is common stock or an allowed depositary receipt.",do_not_ingest_as_stock
C5_non_equity_leakage_guard,TSX::SRV-UN,SRV-UN,TSX,Stock,SIR Royalty Income Fund,,blocked_non_common_stock,unit_ticker_pattern,deterministic,ticker,SRV-UN,exclude_or_reclassify_only_after_listing_keyed_official_evidence,official_security_type_cfi_openfigi_or_exchange_listing_evidence,"OpenFIGI securityType, official CFI code, exchange listing directory, or issuer security description for the exact listing.","Block Stock ingestion until official security-type, CFI, exchange, issuer, or OpenFIGI evidence proves the row is common stock or an allowed depositary receipt.",do_not_ingest_as_stock
C5_non_equity_leakage_guard,NYSE::SUN,SUN,NYSE,Stock,Sunoco LP,US86765K1097,blocked_non_common_stock,unit_name_pattern,deterministic,name,Sunoco LP Common Units representing limited partner interests,exclude_or_reclassify_only_after_listing_keyed_official_evidence,official_security_type_cfi_openfigi_or_exchange_listing_evidence,"OpenFIGI securityType, official CFI code, exchange listing directory, or issuer security description for the exact listing.","Block Stock ingestion until official security-type, CFI, exchange, issuer, or OpenFIGI evidence proves the row is common stock or an allowed depositary receipt.",do_not_ingest_as_stock
C5_non_equity_leakage_guard,NYSE::SUNC,SUNC,NYSE,Stock,SunocoCorp LLC,US86765Q1067,blocked_non_common_stock,unit_name_pattern,deterministic,name,"SunocoCorp LLC Common Units, representing limited liability company interests",exclude_or_reclassify_only_after_listing_keyed_official_evidence,official_security_type_cfi_openfigi_or_exchange_listing_evidence,"OpenFIGI securityType, official CFI code, exchange listing directory, or issuer security description for the exact listing.","Block Stock ingestion until official security-type, CFI, exchange, issuer, or OpenFIGI evidence proves the row is common stock or an allowed depositary receipt.",do_not_ingest_as_stock
C5_non_equity_leakage_guard,TSXV::SURF-UN,SURF-UN,TSXV,Stock,Starlight U.S. Residential Fund (Multi-Family) Investment LP,,blocked_non_common_stock,unit_ticker_pattern,deterministic,ticker,SURF-UN,exclude_or_reclassify_only_after_listing_keyed_official_evidence,official_security_type_cfi_openfigi_or_exchange_listing_evidence,"OpenFIGI securityType, official CFI code, exchange listing directory, or issuer security description for the exact listing.","Block Stock ingestion until official security-type, CFI, exchange, issuer, or OpenFIGI evidence proves the row is common stock or an allowed depositary receipt.",do_not_ingest_as_stock
C5_non_equity_leakage_guard,NASDAQ::SZZLR,SZZLR,NASDAQ,Stock,Sizzle Acquisition Corp. II,KYG8193F1090,blocked_non_common_stock,right_name_pattern,deterministic,name,Sizzle Acquisition Corp. II - Right,exclude_or_reclassify_only_after_listing_keyed_official_evidence,official_security_type_cfi_openfigi_or_exchange_listing_evidence,"OpenFIGI securityType, official CFI code, exchange listing directory, or issuer security description for the exact listing.","Block Stock ingestion until official security-type, CFI, exchange, issuer, or OpenFIGI evidence proves the row is common stock or an allowed depositary receipt.",do_not_ingest_as_stock
C5_non_equity_leakage_guard,NASDAQ::TCBIO,TCBIO,NASDAQ,Stock,Texas Capital Bancshares Inc,US88224Q1076,blocked_non_common_stock,preferred_name_pattern,deterministic,name,"Texas Capital Bancshares, Inc. - Depositary Shares 5.75% Fixed Rate Non-Cumulative Perpetual Preferred Stock Series B",exclude_or_reclassify_only_after_listing_keyed_official_evidence,official_security_type_cfi_openfigi_or_exchange_listing_evidence,"OpenFIGI securityType, official CFI code, exchange listing directory, or issuer security description for the exact listing.","Block Stock ingestion until official security-type, CFI, exchange, issuer, or OpenFIGI evidence proves the row is common stock or an allowed depositary receipt.",do_not_ingest_as_stock
C5_non_equity_leakage_guard,NASDAQ::TCPC,TCPC,NASDAQ,Stock,BlackRock TCP Capital Corp,US09259E1082,manual_review_ambiguous_stock_classification,possible_closed_end_fund_or_trust,review,name,BlackRock TCP Capital Corp. - Closed End Fund,classify_with_official_product_or_security_type_evidence,official_product_type_or_security_type_for_exact_listing,"Official exchange product segment, issuer security page, CFI code, or OpenFIGI securityType.",Queue for manual classification; name shape alone does not authorize a Stock or ETF change.,queue_for_classification_review
C5_non_equity_leakage_guard,TSXV::THY-P,THY-P,TSXV,Stock,Thermopylae Capital Inc.,CA8836541059,blocked_non_common_stock,preferred_ticker_pattern,deterministic,ticker,THY-P,exclude_or_reclassify_only_after_listing_keyed_official_evidence,official_security_type_cfi_openfigi_or_exchange_listing_evidence,"OpenFIGI securityType, official CFI code, exchange listing directory, or issuer security description for the exact listing.","Block Stock ingestion until official security-type, CFI, exchange, issuer, or OpenFIGI evidence proves the row is common stock or an allowed depositary receipt.",do_not_ingest_as_stock
C5_non_equity_leakage_guard,NASDAQ::TLSIW,TLSIW,NASDAQ,Stock,TriSalus Life Sciences Inc.,US89680M1018,blocked_non_common_stock,warrant_name_pattern,deterministic,name,"TriSalus Life Sciences, Inc. - Warrant",exclude_or_reclassify_only_after_listing_keyed_official_evidence,official_security_type_cfi_openfigi_or_exchange_listing_evidence,"OpenFIGI securityType, official CFI code, exchange listing directory, or issuer security description for the exact listing.","Block Stock ingestion until official security-type, CFI, exchange, issuer, or OpenFIGI evidence proves the row is common stock or an allowed depositary receipt.",do_not_ingest_as_stock
C5_non_equity_leakage_guard,TSX::TNT-UN,TNT-UN,TSX,Stock,True North Commercial Real Estate Investment Trust,CA89784Y2096,blocked_non_common_stock,unit_ticker_pattern,deterministic,ticker,TNT-UN,exclude_or_reclassify_only_after_listing_keyed_official_evidence,official_security_type_cfi_openfigi_or_exchange_listing_evidence,"OpenFIGI securityType, official CFI code, exchange listing directory, or issuer security description for the exact listing.","Block Stock ingestion until official security-type, CFI, exchange, issuer, or OpenFIGI evidence proves the row is common stock or an allowed depositary receipt.",do_not_ingest_as_stock
C5_non_equity_leakage_guard,NASDAQ::TVGNW,TVGNW,NASDAQ,Stock,Tevogen Bio Holdings Inc,US88165K1016,blocked_non_common_stock,warrant_name_pattern,deterministic,name,Tevogen Bio Holdings Inc. - Warrant,exclude_or_reclassify_only_after_listing_keyed_official_evidence,official_security_type_cfi_openfigi_or_exchange_listing_evidence,"OpenFIGI securityType, official CFI code, exchange listing directory, or issuer security description for the exact listing.","Block Stock ingestion until official security-type, CFI, exchange, issuer, or OpenFIGI evidence proves the row is common stock or an allowed depositary receipt.",do_not_ingest_as_stock
C5_non_equity_leakage_guard,NYSE::TWOD,TWOD,NYSE,Stock,Two Harbors Investment Corp.,US90187B8046,blocked_non_common_stock,debt_name_pattern,deterministic,name,Two Harbors Investments Corp 9.375% Senior Notes due 2030,exclude_or_reclassify_only_after_listing_keyed_official_evidence,official_security_type_cfi_openfigi_or_exchange_listing_evidence,"OpenFIGI securityType, official CFI code, exchange listing directory, or issuer security description for the exact listing.","Block Stock ingestion until official security-type, CFI, exchange, issuer, or OpenFIGI evidence proves the row is common stock or an allowed depositary receipt.",do_not_ingest_as_stock
C5_non_equity_leakage_guard,NYSE::TXO,TXO,NYSE,Stock,"MorningStar Partners, L.P.",US87313P1030,blocked_non_common_stock,unit_name_pattern,deterministic,name,"TXO Partners, L.P. Common Units Representing Limited Partner Interests",exclude_or_reclassify_only_after_listing_keyed_official_evidence,official_security_type_cfi_openfigi_or_exchange_listing_evidence,"OpenFIGI securityType, official CFI code, exchange listing directory, or issuer security description for the exact listing.","Block Stock ingestion until official security-type, CFI, exchange, issuer, or OpenFIGI evidence proves the row is common stock or an allowed depositary receipt.",do_not_ingest_as_stock
C5_non_equity_leakage_guard,NYSE::UAN,UAN,NYSE,Stock,CVR Partners LP,US1266332055,blocked_non_common_stock,unit_name_pattern,deterministic,name,"CVR Partners, LP Common Units representing Limited Partner Interests",exclude_or_reclassify_only_after_listing_keyed_official_evidence,official_security_type_cfi_openfigi_or_exchange_listing_evidence,"OpenFIGI securityType, official CFI code, exchange listing directory, or issuer security description for the exact listing.","Block Stock ingestion until official security-type, CFI, exchange, issuer, or OpenFIGI evidence proves the row is common stock or an allowed depositary receipt.",do_not_ingest_as_stock
C5_non_equity_leakage_guard,NYSE::USAC,USAC,NYSE,Stock,USA Compression Partners LP,US90290N1090,blocked_non_common_stock,unit_name_pattern,deterministic,name,"USA Compression Partners, LP Common Units Representing Limited Partner Interests",exclude_or_reclassify_only_after_listing_keyed_official_evidence,official_security_type_cfi_openfigi_or_exchange_listing_evidence,"OpenFIGI securityType, official CFI code, exchange listing directory, or issuer security description for the exact listing.","Block Stock ingestion until official security-type, CFI, exchange, issuer, or OpenFIGI evidence proves the row is common stock or an allowed depositary receipt.",do_not_ingest_as_stock
C5_non_equity_leakage_guard,NASDAQ::UYSCR,UYSCR,NASDAQ,Stock,UY Scuti Acquisition Corp.,KYG93Y0A1201,blocked_non_common_stock,right_name_pattern,deterministic,name,UY Scuti Acquisition Corp. - Rights,exclude_or_reclassify_only_after_listing_keyed_official_evidence,official_security_type_cfi_openfigi_or_exchange_listing_evidence,"OpenFIGI securityType, official CFI code, exchange listing directory, or issuer security description for the exact listing.","Block Stock ingestion until official security-type, CFI, exchange, issuer, or OpenFIGI evidence proves the row is common stock or an allowed depositary receipt.",do_not_ingest_as_stock
C5_non_equity_leakage_guard,NASDAQ::VEEAW,VEEAW,NASDAQ,Stock,Veea Inc,US6934891226,blocked_non_common_stock,warrant_name_pattern,deterministic,name,Veea Inc. - Warrant,exclude_or_reclassify_only_after_listing_keyed_official_evidence,official_security_type_cfi_openfigi_or_exchange_listing_evidence,"OpenFIGI securityType, official CFI code, exchange listing directory, or issuer security description for the exact listing.","Block Stock ingestion until official security-type, CFI, exchange, issuer, or OpenFIGI evidence proves the row is common stock or an allowed depositary receipt.",do_not_ingest_as_stock
C5_non_equity_leakage_guard,NASDAQ::VSEEW,VSEEW,NASDAQ,Stock,"VSee Health, Inc.",US92919Y1029,blocked_non_common_stock,warrant_name_pattern,deterministic,name,"VSee Health, Inc. - Warrant",exclude_or_reclassify_only_after_listing_keyed_official_evidence,official_security_type_cfi_openfigi_or_exchange_listing_evidence,"OpenFIGI securityType, official CFI code, exchange listing directory, or issuer security description for the exact listing.","Block Stock ingestion until official security-type, CFI, exchange, issuer, or OpenFIGI evidence proves the row is common stock or an allowed depositary receipt.",do_not_ingest_as_stock
C5_non_equity_leakage_guard,NASDAQ::WALDW,WALDW,NASDAQ,Stock,Waldencast Acquisition Corp,JE00BPG99318,blocked_non_common_stock,warrant_name_pattern,deterministic,name,Waldencast plc - Warrant,exclude_or_reclassify_only_after_listing_keyed_official_evidence,official_security_type_cfi_openfigi_or_exchange_listing_evidence,"OpenFIGI securityType, official CFI code, exchange listing directory, or issuer security description for the exact listing.","Block Stock ingestion until official security-type, CFI, exchange, issuer, or OpenFIGI evidence proves the row is common stock or an allowed depositary receipt.",do_not_ingest_as_stock
C5_non_equity_leakage_guard,NYSE::WES,WES,NYSE,Stock,Western Midstream Partners LP,US9586691035,blocked_non_common_stock,unit_name_pattern,deterministic,name,"Western Midstream Partners, LP Common Units Representing Limited Partner Interests",exclude_or_reclassify_only_after_listing_keyed_official_evidence,official_security_type_cfi_openfigi_or_exchange_listing_evidence,"OpenFIGI securityType, official CFI code, exchange listing directory, or issuer security description for the exact listing.","Block Stock ingestion until official security-type, CFI, exchange, issuer, or OpenFIGI evidence proves the row is common stock or an allowed depositary receipt.",do_not_ingest_as_stock
C5_non_equity_leakage_guard,NASDAQ::WHF,WHF,NASDAQ,Stock,WhiteHorse Finance,US96524V1061,manual_review_ambiguous_stock_classification,possible_closed_end_fund_or_trust,review,name,"WhiteHorse Finance, Inc. - Closed End Fund",classify_with_official_product_or_security_type_evidence,official_product_type_or_security_type_for_exact_listing,"Official exchange product segment, issuer security page, CFI code, or OpenFIGI securityType.",Queue for manual classification; name shape alone does not authorize a Stock or ETF change.,queue_for_classification_review
C5_non_equity_leakage_guard,NASDAQ::WLDSW,WLDSW,NASDAQ,Stock,Wearable Devices Ltd.,,blocked_non_common_stock,warrant_name_pattern,deterministic,name,Wearable Devices Ltd. - Warrant,exclude_or_reclassify_only_after_listing_keyed_official_evidence,official_security_type_cfi_openfigi_or_exchange_listing_evidence,"OpenFIGI securityType, official CFI code, exchange listing directory, or issuer security description for the exact listing.","Block Stock ingestion until official security-type, CFI, exchange, issuer, or OpenFIGI evidence proves the row is common stock or an allowed depositary receipt.",do_not_ingest_as_stock
C5_non_equity_leakage_guard,NYSE::WLKP,WLKP,NYSE,Stock,Westlake Chemical Partners LP,US9604171036,blocked_non_common_stock,unit_name_pattern,deterministic,name,Westlake Chemical Partners LP Common Units representing limited partner interests,exclude_or_reclassify_only_after_listing_keyed_official_evidence,official_security_type_cfi_openfigi_or_exchange_listing_evidence,"OpenFIGI securityType, official CFI code, exchange listing directory, or issuer security description for the exact listing.","Block Stock ingestion until official security-type, CFI, exchange, issuer, or OpenFIGI evidence proves the row is common stock or an allowed depositary receipt.",do_not_ingest_as_stock
C5_non_equity_leakage_guard,NASDAQ::XOMAO,XOMAO,NASDAQ,Stock,XOMA Corporation,US98419J2069,blocked_non_common_stock,preferred_name_pattern,deterministic,name,XOMA Royalty Corporation - Depositary Shares Rep Series B 8.375% Cumulative Preferred Stock,exclude_or_reclassify_only_after_listing_keyed_official_evidence,official_security_type_cfi_openfigi_or_exchange_listing_evidence,"OpenFIGI securityType, official CFI code, exchange listing directory, or issuer security description for the exact listing.","Block Stock ingestion until official security-type, CFI, exchange, issuer, or OpenFIGI evidence proves the row is common stock or an allowed depositary receipt.",do_not_ingest_as_stock
