listing_key,action,ticker,exchange,asset_type,isin,old_name,new_name,source_key,reference_scope,source_url,observation_id,evidence_status
ADX::GRMNY,proposed,GRMNY,ADX,ETF,IE000EK4H397,Chimera S&P Germany UCITS ETF - Share Class D - Income,Lunate S&P Germany UCITS ETF,adx_market_watch,exchange_directory,https://www.adx.ae/english/pages/marketwatch.aspx,e00eb004283e0730b9222667,active_official_exact_listing_isin_name
ADX::JPANI,proposed,JPANI,ADX,ETF,IE000M10VZK6,Chimera S&P Japan UCITS ETF - Share Class D-Income,Lunate S&P Japan UCITS ETF,adx_market_watch,exchange_directory,https://www.adx.ae/english/pages/marketwatch.aspx,45ca15fdba14191bc7ec42d1,active_official_exact_listing_isin_name
ADX::PKSTN,proposed,PKSTN,ADX,ETF,IE00088ID6F8,Chimera S&P Pakistan UCITS ETF- Share D - Income,Lunate S&P Pakistan UCITS ETF,adx_market_watch,exchange_directory,https://www.adx.ae/english/pages/marketwatch.aspx,094098d6fa6064a29f937c66,active_official_exact_listing_isin_name
ADX::UAED,proposed,UAED,ADX,ETF,IE00BKDMN700,CHIMERA S&P UAE UCITS ETF - SHARE CLASS D INCOME,Lunate S&P UAE UCITS ETF,adx_market_watch,exchange_directory,https://www.adx.ae/english/pages/marketwatch.aspx,cc183beba709fc69214f3f76,active_official_exact_listing_isin_name
AMS::500E,proposed,500E,AMS,ETF,LU1681049018,Amundi Index Solutions - Amundi S&P 500 UCITS ETF C USD EUR,Amundi S&P 500 Swap UCITS ETF USD Acc,euronext_etfs,exchange_directory,"https://live.euronext.com/en/product_directory/data/etf-all-markets/download?mics=ALXA,ALXB,ALXL,ALXP,ATFX,BGEM,ENXB,ENXL,ETFP,ETLX,EXGM,MERK,MIVX,MLXB,MOTX,MTAA,MTAH,MTCH,SEDX,TNLA,TNLB,VPXB,WOMF,XACD,XAMC,XAMS,XATL,XBRU,XDUB,XESM,XLDN,XLIS,XMLI,XMOT,XMSM,XOAM,XOAS,XOBD,XOSL,XPAR,XPMC",197111c7331fec56ba0160e5,active_official_exact_listing_isin_name
AMS::ERC,proposed,ERC,AMS,Stock,NL0010389508,Er Capital N.V.,ER Capital,euronext_equities,exchange_directory,https://live.euronext.com/pd_es/data/stocks/download?mics=dm_all_stock,d374fa50ef03a9a44005b6bc,active_official_exact_listing_isin_name
AMS::EXS1,proposed,EXS1,AMS,ETF,DE0005933931,iShares Core DAX® UCITS ETF (DE) EUR (Acc),iShares Core DAX UCITS ETF EUR (Acc),euronext_etfs,exchange_directory,"https://live.euronext.com/en/product_directory/data/etf-all-markets/download?mics=ALXA,ALXB,ALXL,ALXP,ATFX,BGEM,ENXB,ENXL,ETFP,ETLX,EXGM,MERK,MIVX,MLXB,MOTX,MTAA,MTAH,MTCH,SEDX,TNLA,TNLB,VPXB,WOMF,XACD,XAMC,XAMS,XATL,XBRU,XDUB,XESM,XLDN,XLIS,XMLI,XMOT,XMSM,XOAM,XOAS,XOBD,XOSL,XPAR,XPMC",45df74d48dcb7041d40f00e3,active_official_exact_listing_isin_name
AMS::IAEX,proposed,IAEX,AMS,ETF,IE00B0M62Y33,iShares AEX UCITS ETF EUR (Dist),iShares AEX,euronext_etfs,exchange_directory,"https://live.euronext.com/en/product_directory/data/etf-all-markets/download?mics=ALXA,ALXB,ALXL,ALXP,ATFX,BGEM,ENXB,ENXL,ETFP,ETLX,EXGM,MERK,MIVX,MLXB,MOTX,MTAA,MTAH,MTCH,SEDX,TNLA,TNLB,VPXB,WOMF,XACD,XAMC,XAMS,XATL,XBRU,XDUB,XESM,XLDN,XLIS,XMLI,XMOT,XMSM,XOAM,XOAS,XOBD,XOSL,XPAR,XPMC",b2eeba28f795a11c302de8b0,active_official_exact_listing_isin_name
AMS::IEGA,proposed,IEGA,AMS,ETF,IE00B4WXJJ64,iShares III Public Limited Company - iShares Core Euro Government Bond UCITS ETF,iShares Core EUR Govt Bond UCITS ETF EUR (Dist),euronext_etfs,exchange_directory,"https://live.euronext.com/en/product_directory/data/etf-all-markets/download?mics=ALXA,ALXB,ALXL,ALXP,ATFX,BGEM,ENXB,ENXL,ETFP,ETLX,EXGM,MERK,MIVX,MLXB,MOTX,MTAA,MTAH,MTCH,SEDX,TNLA,TNLB,VPXB,WOMF,XACD,XAMC,XAMS,XATL,XBRU,XDUB,XESM,XLDN,XLIS,XMLI,XMOT,XMSM,XOAM,XOAS,XOBD,XOSL,XPAR,XPMC",d0f92178e2aa70d852f55dcf,active_official_exact_listing_isin_name
AMS::LQDA,proposed,LQDA,AMS,ETF,IE0032895942,iShares $ Corp Bond UCITS ETF USD (Dist) EUR,iShares S Corporate Bond UCITS ETF,euronext_etfs,exchange_directory,"https://live.euronext.com/en/product_directory/data/etf-all-markets/download?mics=ALXA,ALXB,ALXL,ALXP,ATFX,BGEM,ENXB,ENXL,ETFP,ETLX,EXGM,MERK,MIVX,MLXB,MOTX,MTAA,MTAH,MTCH,SEDX,TNLA,TNLB,VPXB,WOMF,XACD,XAMC,XAMS,XATL,XBRU,XDUB,XESM,XLDN,XLIS,XMLI,XMOT,XMSM,XOAM,XOAS,XOBD,XOSL,XPAR,XPMC",51241a9892bf86e82773f86e,active_official_exact_listing_isin_name
AMS::SPYL,proposed,SPYL,AMS,ETF,IE000XZSV718,SPDR S&P 500 UCITS ETF USD Acc EUR,State Street SPDR S&P 500 UCITS ETF (Acc),euronext_etfs,exchange_directory,"https://live.euronext.com/en/product_directory/data/etf-all-markets/download?mics=ALXA,ALXB,ALXL,ALXP,ATFX,BGEM,ENXB,ENXL,ETFP,ETLX,EXGM,MERK,MIVX,MLXB,MOTX,MTAA,MTAH,MTCH,SEDX,TNLA,TNLB,VPXB,WOMF,XACD,XAMC,XAMS,XATL,XBRU,XDUB,XESM,XLDN,XLIS,XMLI,XMOT,XMSM,XOAM,XOAS,XOBD,XOSL,XPAR,XPMC",fca45f171567f15f40041406,active_official_exact_listing_isin_name
AMS::TPSA,proposed,TPSA,AMS,ETF,IE00B1FZSC47,iShares II Public Limited Company - iShares $ TIPS UCITS ETF,iShares S TIPS UCITS ETF USD (Acc),euronext_etfs,exchange_directory,"https://live.euronext.com/en/product_directory/data/etf-all-markets/download?mics=ALXA,ALXB,ALXL,ALXP,ATFX,BGEM,ENXB,ENXL,ETFP,ETLX,EXGM,MERK,MIVX,MLXB,MOTX,MTAA,MTAH,MTCH,SEDX,TNLA,TNLB,VPXB,WOMF,XACD,XAMC,XAMS,XATL,XBRU,XDUB,XESM,XLDN,XLIS,XMLI,XMOT,XMSM,XOAM,XOAS,XOBD,XOSL,XPAR,XPMC",66b1ffcfbf7a9311b0310501,active_official_exact_listing_isin_name
AMS::USCE,proposed,USCE,AMS,ETF,IE00BFY0GV36,SPDR BB SB USCorEH,State Street SPDR Bloomberg U.S. Corporate Scored EUR Hdg UCITS ETF (Acc),euronext_etfs,exchange_directory,"https://live.euronext.com/en/product_directory/data/etf-all-markets/download?mics=ALXA,ALXB,ALXL,ALXP,ATFX,BGEM,ENXB,ENXL,ETFP,ETLX,EXGM,MERK,MIVX,MLXB,MOTX,MTAA,MTAH,MTCH,SEDX,TNLA,TNLB,VPXB,WOMF,XACD,XAMC,XAMS,XATL,XBRU,XDUB,XESM,XLDN,XLIS,XMLI,XMOT,XMSM,XOAM,XOAS,XOBD,XOSL,XPAR,XPMC",6d88e52fc1a41ffe5fdb1e08,active_official_exact_listing_isin_name
B3::BCTE39,proposed,BCTE39,B3,ETF,BRBCTEBDR005,GLOBAL X CLEANTECH ETF,GLOBAL X CLIMATETECH ETF,b3_instruments_equities,exchange_directory,https://arquivos.b3.com.br/bdi/table/InstrumentsEquities,92c48b285a16dc3148bafe3c,active_official_exact_listing_isin_name
BCBA::BA-C,proposed,BA-C,BCBA,Stock,ARDEUT112851,BANK OF AMERICA CORPORATION CED,Bank of American Corporation,byma_equity_details,security_lookup_subset,https://open.bymadata.com.ar/vanoms-be-core/rest/api/bymadata/free/bnown/fichatecnica/especies/general,aaf476dbf3d6d1b4c1b083c9,active_official_exact_listing_isin_name
BIST::MARKA,proposed,MARKA,BIST,Stock,TREIFTY00019,MARKA YATIRIM HOLDİNG A.Ş.,US YATIRIM HOLDİNG A.Ş.,bist_kap_mkk_listed_securities,exchange_directory,https://www.kap.org.tr/tr/bist-sirketler,2b8cbc56b6d7da578936784f,active_official_exact_listing_isin_name
BK::ALIMTIAZ,proposed,ALIMTIAZ,BK,Stock,KW0EQ0202832,Al Imtiaz Investment Group,Alimtiaz Group Holding Company (K.S.C.P),boursa_kuwait_stocks,exchange_directory,https://www.boursakuwait.com.kw/data-api/legacy-mix-services,fed3082d2aa29522ab18aa53,active_official_exact_listing_isin_name
BME::COXG,proposed,COXG,BME,Stock,ES0105848008,Cox ABG Group SA,COX GROUP,bme_listed_companies,listed_companies_subset,https://apiweb.bolsasymercados.es/Market/v1/EQ/ListedCompanies,be6fcf665e4c3832b977f5ce,active_official_exact_listing_isin_name
BME::HBX,proposed,HBX,BME,Stock,GB00BNXJB679,HBX Group International plc,HBX GROUP,bme_listed_companies,listed_companies_subset,https://apiweb.bolsasymercados.es/Market/v1/EQ/ListedCompanies,10c52e81c103fdf96232230d,active_official_exact_listing_isin_name
BME::LYXIB,proposed,LYXIB,BME,ETF,FR0010251744,Lyxor UCITS Ibex35 (DR) D-EUR,AMUNDI IBEX 35 UCITS ETF,bme_etf_list,listed_companies_subset,https://apiweb.bolsasymercados.es/Market/v1/EQ/ListedCompanies,616c26475ffd1a7cf29b34d6,active_official_exact_listing_isin_name
BMV::GSKN,proposed,GSKN,BMV,Stock,US37733W2044,GlaxoSmithKline plc,GSK PLC,bmv_issuer_directory,listed_companies_subset,https://staging.bmv.com.mx/es/Grupo_BMV/Informacion_de_emisora/_rid/541/_mto/3/_mod/doSearch,7b93903bc50936cf4828edf2,active_official_exact_listing_isin_name
BSE_IN::EBIX,proposed,EBIX,BSE_IN,Stock,INE432F01032,Eraaya Lifespaces Ltd,EBIX Ltd,bse_india_scrips,exchange_directory,https://www.bseindia.com/corporates/List_Scrips.html,85e04018546fa8c143e78013,active_official_exact_listing_isin_name
BVB::IARV,proposed,IARV,BVB,Stock,ROIARVACNOR1,IAR SA,IAR SA Brasov,bvb_shares_directory,exchange_directory,https://m.bvb.ro/FinancialInstruments/Details/FinancialInstrumentsDetails.aspx?s=IARV,4689d9b0ef218a75a5f8b450,active_official_exact_listing_isin_name
BVB::ICGROETF,proposed,ICGROETF,BVB,ETF,HRICAMFRGBB8,Intercapital ETF D.o.o.,INTERCAPITAL EUR ROMANIA GOVT BOND 5-10YR UCITS ETF,bvb_fund_units_directory,listed_companies_subset,https://m.bvb.ro/FinancialInstruments/Details/FinancialInstrumentsDetails.aspx?s=ICGROETF,f359b670438bb2641fa6ba2f,active_official_exact_listing_isin_name
BVB::MACO,proposed,MACO,BVB,Stock,ROMACOACNOR0,Macofil SA,MACOFIL SA TG. JIU,bvb_shares_directory,exchange_directory,https://m.bvb.ro/FinancialInstruments/Details/FinancialInstrumentsDetails.aspx?s=MACO,534464218b2a0c4ddaba6aeb,active_official_exact_listing_isin_name
BVB::SATU,proposed,SATU,BVB,Stock,ROSATUACNOR8,Saturn SA,SATURN SA ALBA IULIA,bvb_shares_directory,exchange_directory,https://m.bvb.ro/FinancialInstruments/Details/FinancialInstrumentsDetails.aspx?s=SATU,7031f8047b0ba7f087a3d4e5,active_official_exact_listing_isin_name
Borsa Italiana::DBA,proposed,DBA,Borsa Italiana,Stock,IT0005285942,Dba Group S.p.A.,DBA GROUP,euronext_equities,exchange_directory,https://live.euronext.com/pd_es/data/stocks/download?mics=dm_all_stock,f527a4eee9d80fd232f1f632,active_official_exact_listing_isin_name
Borsa Italiana::ICOP,proposed,ICOP,Borsa Italiana,Stock,IT0001214433,I.Co.P. S.p.A. Società Benefit,I.CO.P.,euronext_equities,exchange_directory,https://live.euronext.com/pd_es/data/stocks/download?mics=dm_all_stock,855cf6cc69f41f230f9e9a02,active_official_exact_listing_isin_name
Borsa Italiana::KME,proposed,KME,Borsa Italiana,Stock,IT0004552359,Kme Group S.p.A.,KME GROUP,euronext_equities,exchange_directory,https://live.euronext.com/pd_es/data/stocks/download?mics=dm_all_stock,f97d18fa620b6a3fdeb146fc,active_official_exact_listing_isin_name
Bursa::0093,proposed,0093,Bursa,Stock,MYQ0093OO003,Solution Engineering Holdings Bhd,SOLUTION GROUP BERHAD,bursa_equity_isin,listed_companies_subset,https://www.bursamalaysia.com/sites/5d809dcf39fba22790cad230/assets/69fab7cbcd34aac8ddc7e2a7/ISIN_EQUITY.pdf,a8d788b3c497fbab8d0e4fe3,active_official_exact_listing_isin_name
Bursa::0148,proposed,0148,Bursa,Stock,MYQ0148OO005,Sunzen Biotech Bhd,SUNZEN GROUP BERHAD,bursa_equity_isin,listed_companies_subset,https://www.bursamalaysia.com/sites/5d809dcf39fba22790cad230/assets/69fab7cbcd34aac8ddc7e2a7/ISIN_EQUITY.pdf,a32a710ca329bdac2a8d338b,active_official_exact_listing_isin_name
Bursa::0154,proposed,0154,Bursa,Stock,MYQ0154OO003,EA Holdings Bhd,EA HOLDINGS BERHAD,bursa_equity_isin,listed_companies_subset,https://www.bursamalaysia.com/sites/5d809dcf39fba22790cad230/assets/69fab7cbcd34aac8ddc7e2a7/ISIN_EQUITY.pdf,f44745d2b9086750b53143cc,active_official_exact_listing_isin_name
Bursa::0155,proposed,0155,Bursa,Stock,MYQ0155OO000,Malaysian Genomics Resource,MSIAN GENOMICS RES CENTRE BHD,bursa_equity_isin,listed_companies_subset,https://www.bursamalaysia.com/sites/5d809dcf39fba22790cad230/assets/69fab7cbcd34aac8ddc7e2a7/ISIN_EQUITY.pdf,5e7612950483a72522153956,active_official_exact_listing_isin_name
Bursa::0158,proposed,0158,Bursa,Stock,MYQ0158OO004,SCC Holdings Bhd,SCC HOLDINGS BERHAD,bursa_equity_isin,listed_companies_subset,https://www.bursamalaysia.com/sites/5d809dcf39fba22790cad230/assets/69fab7cbcd34aac8ddc7e2a7/ISIN_EQUITY.pdf,9d17cab5188550388a6cfab6,active_official_exact_listing_isin_name
Bursa::0172,proposed,0172,Bursa,Stock,MYQ0172OO005,OCK Group Bhd,OCK GROUP BERHAD,bursa_equity_isin,listed_companies_subset,https://www.bursamalaysia.com/sites/5d809dcf39fba22790cad230/assets/69fab7cbcd34aac8ddc7e2a7/ISIN_EQUITY.pdf,b579b873dfa8a3646316e603,active_official_exact_listing_isin_name
Bursa::0177,proposed,0177,Bursa,Stock,MYQ0177OO004,Pasukhas Group Bhd,MIDTOWN GROUP BERHAD,bursa_equity_isin,listed_companies_subset,https://www.bursamalaysia.com/sites/5d809dcf39fba22790cad230/assets/69fab7cbcd34aac8ddc7e2a7/ISIN_EQUITY.pdf,79c445af15c6205d497d3233,active_official_exact_listing_isin_name
Bursa::0196,proposed,0196,Bursa,Stock,MYQ0196OO004,QES Group Bhd,QES GROUP BERHAD,bursa_equity_isin,listed_companies_subset,https://www.bursamalaysia.com/sites/5d809dcf39fba22790cad230/assets/69fab7cbcd34aac8ddc7e2a7/ISIN_EQUITY.pdf,b9190d5a44038553f35da1fe,active_official_exact_listing_isin_name
Bursa::0198,proposed,0198,Bursa,Stock,MYQ0198OO000,GDB Holdings Bhd,GDB HOLDINGS BERHAD,bursa_equity_isin,listed_companies_subset,https://www.bursamalaysia.com/sites/5d809dcf39fba22790cad230/assets/69fab7cbcd34aac8ddc7e2a7/ISIN_EQUITY.pdf,a41bee7fb16c3a90675e0676,active_official_exact_listing_isin_name
Bursa::0212,proposed,0212,Bursa,Stock,MYQ0212OO009,SDS Group Bhd,SDS GROUP BERHAD,bursa_equity_isin,listed_companies_subset,https://www.bursamalaysia.com/sites/5d809dcf39fba22790cad230/assets/69fab7cbcd34aac8ddc7e2a7/ISIN_EQUITY.pdf,795b2cc9233f9e49cfcfe270,active_official_exact_listing_isin_name
Bursa::0218,proposed,0218,Bursa,Stock,MYQ0218OO006,Aco Group Bhd,ACO GROUP BERHAD,bursa_equity_isin,listed_companies_subset,https://www.bursamalaysia.com/sites/5d809dcf39fba22790cad230/assets/69fab7cbcd34aac8ddc7e2a7/ISIN_EQUITY.pdf,e8ab1d869b9caee97b120df2,active_official_exact_listing_isin_name
Bursa::0221,proposed,0221,Bursa,Stock,MYQ0221OO000,TCS Group Holdings Bhd,TCS GROUP HOLDINGS BERHAD,bursa_equity_isin,listed_companies_subset,https://www.bursamalaysia.com/sites/5d809dcf39fba22790cad230/assets/69fab7cbcd34aac8ddc7e2a7/ISIN_EQUITY.pdf,d7385a051d87609b2cd8ad9a,active_official_exact_listing_isin_name
Bursa::0222,proposed,0222,Bursa,Stock,MYQ0222OO008,Optimax Holdings Sdn Bhd,OPTIMAX HOLDINGS BERHAD,bursa_equity_isin,listed_companies_subset,https://www.bursamalaysia.com/sites/5d809dcf39fba22790cad230/assets/69fab7cbcd34aac8ddc7e2a7/ISIN_EQUITY.pdf,c7f52126668843881b916c2d,active_official_exact_listing_isin_name
Bursa::0228,proposed,0228,Bursa,Stock,MYQ0228OO005,HPP Holdings Bhd,HPP HOLDINGS BERHAD,bursa_equity_isin,listed_companies_subset,https://www.bursamalaysia.com/sites/5d809dcf39fba22790cad230/assets/69fab7cbcd34aac8ddc7e2a7/ISIN_EQUITY.pdf,eb575a71ecd2e47ef79aa0f1,active_official_exact_listing_isin_name
Bursa::0230,proposed,0230,Bursa,Stock,MYQ0230OO001,Teladan Setia Group Bhd,TELADAN GROUP BERHAD,bursa_equity_isin,listed_companies_subset,https://www.bursamalaysia.com/sites/5d809dcf39fba22790cad230/assets/69fab7cbcd34aac8ddc7e2a7/ISIN_EQUITY.pdf,835bdb2beee96cfb66e2b1fd,active_official_exact_listing_isin_name
Bursa::0257,proposed,0257,Bursa,Stock,MYQ0257OO004,UNIQUE,UNIQUE FIRE HOLDINGS BERHAD,bursa_equity_isin,listed_companies_subset,https://www.bursamalaysia.com/sites/5d809dcf39fba22790cad230/assets/69fab7cbcd34aac8ddc7e2a7/ISIN_EQUITY.pdf,84c3cd1399b18a186ffb8d18,active_official_exact_listing_isin_name
Bursa::0297,proposed,0297,Bursa,Stock,MYQ0297OO000,TSA,TSA GROUP BERHAD,bursa_equity_isin,listed_companies_subset,https://www.bursamalaysia.com/sites/5d809dcf39fba22790cad230/assets/69fab7cbcd34aac8ddc7e2a7/ISIN_EQUITY.pdf,2dbcdc74d66087507138f48d,active_official_exact_listing_isin_name
Bursa::0303,proposed,0303,Bursa,Stock,MYQ0303OO006,ALPHA,ALPHA IVF GROUP BERHAD,bursa_equity_isin,listed_companies_subset,https://www.bursamalaysia.com/sites/5d809dcf39fba22790cad230/assets/69fab7cbcd34aac8ddc7e2a7/ISIN_EQUITY.pdf,6354dfb3d0c035d62b8df37e,active_official_exact_listing_isin_name
Bursa::0306,proposed,0306,Bursa,Stock,MYQ0306OO009,SMART,SMART ASIA CHEMICAL BHD,bursa_equity_isin,listed_companies_subset,https://www.bursamalaysia.com/sites/5d809dcf39fba22790cad230/assets/69fab7cbcd34aac8ddc7e2a7/ISIN_EQUITY.pdf,416cd0aff13e5652fed691be,active_official_exact_listing_isin_name
Bursa::0373,proposed,0373,Bursa,Stock,MYQ0373OO009,VERDANT,VERDANT SOLAR HOLDINGS BERHAD,bursa_equity_isin,listed_companies_subset,https://www.bursamalaysia.com/sites/5d809dcf39fba22790cad230/assets/69fab7cbcd34aac8ddc7e2a7/ISIN_EQUITY.pdf,76f47f32ee659ce80a95e500,active_official_exact_listing_isin_name
Bursa::0385,proposed,0385,Bursa,Stock,MYQ0385OO003,BMS,BMS HOLDINGS BERHAD,bursa_equity_isin,listed_companies_subset,https://www.bursamalaysia.com/sites/5d809dcf39fba22790cad230/assets/69fab7cbcd34aac8ddc7e2a7/ISIN_EQUITY.pdf,0c3cf65def4fe1853b50df80,active_official_exact_listing_isin_name
Bursa::1198,proposed,1198,Bursa,Stock,MYL1198OO000,MAA Group Bhd,MAA GROUP BERHAD,bursa_equity_isin,listed_companies_subset,https://www.bursamalaysia.com/sites/5d809dcf39fba22790cad230/assets/69fab7cbcd34aac8ddc7e2a7/ISIN_EQUITY.pdf,1991c05e98615ff378e095fe,active_official_exact_listing_isin_name
Bursa::2054,proposed,2054,Bursa,Stock,MYL2054OO004,TDM Berhad,TDM BHD,bursa_equity_isin,listed_companies_subset,https://www.bursamalaysia.com/sites/5d809dcf39fba22790cad230/assets/69fab7cbcd34aac8ddc7e2a7/ISIN_EQUITY.pdf,62762cc766c17f11f5adf0f2,active_official_exact_listing_isin_name
Bursa::2828,proposed,2828,Bursa,Stock,MYL2828OO001,CI Holdings Bhd,C.I. HOLDINGS BHD,bursa_equity_isin,listed_companies_subset,https://www.bursamalaysia.com/sites/5d809dcf39fba22790cad230/assets/69fab7cbcd34aac8ddc7e2a7/ISIN_EQUITY.pdf,79edea5ee186b04ed7a2994b,active_official_exact_listing_isin_name
Bursa::3565,proposed,3565,Bursa,Stock,MYL3565OO008,WCE Holdings Bhd,WCE HOLDINGS BERHAD,bursa_equity_isin,listed_companies_subset,https://www.bursamalaysia.com/sites/5d809dcf39fba22790cad230/assets/69fab7cbcd34aac8ddc7e2a7/ISIN_EQUITY.pdf,243bb9b0112a4be71547b4c6,active_official_exact_listing_isin_name
Bursa::4251,proposed,4251,Bursa,Stock,MYL4251OO004,I-Berhad,I-BHD,bursa_equity_isin,listed_companies_subset,https://www.bursamalaysia.com/sites/5d809dcf39fba22790cad230/assets/69fab7cbcd34aac8ddc7e2a7/ISIN_EQUITY.pdf,9c4e6f38691ba133cbc426e9,active_official_exact_listing_isin_name
Bursa::5255,proposed,5255,Bursa,Stock,MYL5255OO004,Icon Offshore Bhd,LIANSON FLEET GROUP BERHAD,bursa_equity_isin,listed_companies_subset,https://www.bursamalaysia.com/sites/5d809dcf39fba22790cad230/assets/69fab7cbcd34aac8ddc7e2a7/ISIN_EQUITY.pdf,9b66b7930192a57fb92fa28a,active_official_exact_listing_isin_name
Bursa::5296,proposed,5296,Bursa,Stock,MYL5296OO008,Mr D I Y Group M Bhd,MR D.I.Y. GROUP (M) BERHAD,bursa_equity_isin,listed_companies_subset,https://www.bursamalaysia.com/sites/5d809dcf39fba22790cad230/assets/69fab7cbcd34aac8ddc7e2a7/ISIN_EQUITY.pdf,391222fa6ce31cc748f00363,active_official_exact_listing_isin_name
Bursa::5307,proposed,5307,Bursa,Stock,MYL5307TO002,AME REIT,AME REAL ESTATE INVESTMENT TRUST,bursa_equity_isin,listed_companies_subset,https://www.bursamalaysia.com/sites/5d809dcf39fba22790cad230/assets/69fab7cbcd34aac8ddc7e2a7/ISIN_EQUITY.pdf,68f0809ef528a23be3ef53da,active_official_exact_listing_isin_name
Bursa::5330,proposed,5330,Bursa,Stock,MYL5330OO005,TMK,TMK CHEMICAL BHD,bursa_equity_isin,listed_companies_subset,https://www.bursamalaysia.com/sites/5d809dcf39fba22790cad230/assets/69fab7cbcd34aac8ddc7e2a7/ISIN_EQUITY.pdf,5e5616b39fec756c4fb7d0e0,active_official_exact_listing_isin_name
Bursa::5908,proposed,5908,Bursa,Stock,MYL5908OO008,DKSH Holdings Malaysia Berhad,DKSH HOLDINGS(M)BHD,bursa_equity_isin,listed_companies_subset,https://www.bursamalaysia.com/sites/5d809dcf39fba22790cad230/assets/69fab7cbcd34aac8ddc7e2a7/ISIN_EQUITY.pdf,ddbcd841c91712045eef31c6,active_official_exact_listing_isin_name
Bursa::7004,proposed,7004,Bursa,Stock,MYL7004OO004,MCE Holdings Bhd,MCE HOLDINGS BERHAD,bursa_equity_isin,listed_companies_subset,https://www.bursamalaysia.com/sites/5d809dcf39fba22790cad230/assets/69fab7cbcd34aac8ddc7e2a7/ISIN_EQUITY.pdf,28cf45fac2beca6ea0273cf5,active_official_exact_listing_isin_name
Bursa::7005,proposed,7005,Bursa,Stock,MYL7005OO001,BIG Industries Bhd,B.I.G. INDUSTRIES BHD,bursa_equity_isin,listed_companies_subset,https://www.bursamalaysia.com/sites/5d809dcf39fba22790cad230/assets/69fab7cbcd34aac8ddc7e2a7/ISIN_EQUITY.pdf,df78de56a90fae42c3068063,active_official_exact_listing_isin_name
Bursa::7007,proposed,7007,Bursa,Stock,MYL7007OO007,ARK Resources Bhd,ARK RESOURCES HOLDINGS BERHAD,bursa_equity_isin,listed_companies_subset,https://www.bursamalaysia.com/sites/5d809dcf39fba22790cad230/assets/69fab7cbcd34aac8ddc7e2a7/ISIN_EQUITY.pdf,0620dc3d359723a5139eff01,active_official_exact_listing_isin_name
Bursa::7047,proposed,7047,Bursa,Stock,MYL7047OO003,Fajarbaru Builder Group Bhd,FBG HOLDINGS BERHAD,bursa_equity_isin,listed_companies_subset,https://www.bursamalaysia.com/sites/5d809dcf39fba22790cad230/assets/69fab7cbcd34aac8ddc7e2a7/ISIN_EQUITY.pdf,d0965397e394b87dd009fabc,active_official_exact_listing_isin_name
Bursa::7071,proposed,7071,Bursa,Stock,MYL7071OO003,OCR Group Bhd,OCR GROUP BERHAD,bursa_equity_isin,listed_companies_subset,https://www.bursamalaysia.com/sites/5d809dcf39fba22790cad230/assets/69fab7cbcd34aac8ddc7e2a7/ISIN_EQUITY.pdf,1f30f69ca73a004e1f33a765,active_official_exact_listing_isin_name
Bursa::7079,proposed,7079,Bursa,Stock,MYL7079OO006,TWL Holdings Bhd,TWL HOLDINGS BERHAD,bursa_equity_isin,listed_companies_subset,https://www.bursamalaysia.com/sites/5d809dcf39fba22790cad230/assets/69fab7cbcd34aac8ddc7e2a7/ISIN_EQUITY.pdf,d7863222843d1cc853e30578,active_official_exact_listing_isin_name
Bursa::7095,proposed,7095,Bursa,Stock,MYL7095OO002,PIE Industrial Bhd,P.I.E. INDUSTRIAL BHD,bursa_equity_isin,listed_companies_subset,https://www.bursamalaysia.com/sites/5d809dcf39fba22790cad230/assets/69fab7cbcd34aac8ddc7e2a7/ISIN_EQUITY.pdf,94340d22e642ae4cd5131279,active_official_exact_listing_isin_name
Bursa::7096,proposed,7096,Bursa,Stock,MYL7096OO000,Joe Holding Bhd,JOE HOLDING BERHAD,bursa_equity_isin,listed_companies_subset,https://www.bursamalaysia.com/sites/5d809dcf39fba22790cad230/assets/69fab7cbcd34aac8ddc7e2a7/ISIN_EQUITY.pdf,dcdceb0789c0b3a1cad4b129,active_official_exact_listing_isin_name
Bursa::7105,proposed,7105,Bursa,Stock,MYL7105OO009,HCK Capital Group Bhd,HCK CAPITAL GROUP BERHAD,bursa_equity_isin,listed_companies_subset,https://www.bursamalaysia.com/sites/5d809dcf39fba22790cad230/assets/69fab7cbcd34aac8ddc7e2a7/ISIN_EQUITY.pdf,5b97dd1ca71018d3de0352ab,active_official_exact_listing_isin_name
Bursa::7121,proposed,7121,Bursa,Stock,MYL7121OO006,XL Holdings Bhd,XL HOLDINGS BERHAD,bursa_equity_isin,listed_companies_subset,https://www.bursamalaysia.com/sites/5d809dcf39fba22790cad230/assets/69fab7cbcd34aac8ddc7e2a7/ISIN_EQUITY.pdf,4f8dab18a5bf96c6c04dbc61,active_official_exact_listing_isin_name
Bursa::7168,proposed,7168,Bursa,Stock,MYL7168OO007,Prg Holdings Bhd,PRG HOLDINGS BERHAD,bursa_equity_isin,listed_companies_subset,https://www.bursamalaysia.com/sites/5d809dcf39fba22790cad230/assets/69fab7cbcd34aac8ddc7e2a7/ISIN_EQUITY.pdf,03fea6f7d78f779cf3b771c8,active_official_exact_listing_isin_name
Bursa::7221,proposed,7221,Bursa,Stock,MYL7221OO004,BSL Corp Bhd,BSL CORPORATION BERHAD,bursa_equity_isin,listed_companies_subset,https://www.bursamalaysia.com/sites/5d809dcf39fba22790cad230/assets/69fab7cbcd34aac8ddc7e2a7/ISIN_EQUITY.pdf,de5dcf3fb98b995634b3f9c1,active_official_exact_listing_isin_name
Bursa::8567,proposed,8567,Bursa,Stock,MYL8567OO009,Salcon Engineering Berhad,SALCON BHD,bursa_equity_isin,listed_companies_subset,https://www.bursamalaysia.com/sites/5d809dcf39fba22790cad230/assets/69fab7cbcd34aac8ddc7e2a7/ISIN_EQUITY.pdf,a1f9fe329657e3d9af677158,active_official_exact_listing_isin_name
Bursa::9296,proposed,9296,Bursa,Stock,MYL9296OO004,RCE Capital Berhad,RCE CAPITAL BHD,bursa_equity_isin,listed_companies_subset,https://www.bursamalaysia.com/sites/5d809dcf39fba22790cad230/assets/69fab7cbcd34aac8ddc7e2a7/ISIN_EQUITY.pdf,8b0e1ec487536d4ef608bc25,active_official_exact_listing_isin_name
Bursa::9423,proposed,9423,Bursa,Stock,MYL9423OO004,CWG Holdings Bhd,CWG HOLDINGS BERHAD,bursa_equity_isin,listed_companies_subset,https://www.bursamalaysia.com/sites/5d809dcf39fba22790cad230/assets/69fab7cbcd34aac8ddc7e2a7/ISIN_EQUITY.pdf,874fcdd04857c6b8f0948bd6,active_official_exact_listing_isin_name
Bursa::9679,proposed,9679,Bursa,Stock,MYL9679OO001,WCT Holdings Bhd,WCT HOLDINGS BERHAD,bursa_equity_isin,listed_companies_subset,https://www.bursamalaysia.com/sites/5d809dcf39fba22790cad230/assets/69fab7cbcd34aac8ddc7e2a7/ISIN_EQUITY.pdf,2e87da40c2c361d499ab59d6,active_official_exact_listing_isin_name
Bursa::9946,proposed,9946,Bursa,Stock,MYL9946OO004,Rex Industry Bhd,ETA GROUP BERHAD,bursa_equity_isin,listed_companies_subset,https://www.bursamalaysia.com/sites/5d809dcf39fba22790cad230/assets/69fab7cbcd34aac8ddc7e2a7/ISIN_EQUITY.pdf,4ea6305bc8ff2c2207fe220c,active_official_exact_listing_isin_name
CPH::AOJ-B,proposed,AOJ-B,CPH,Stock,DK0061686714,Broedrene A&O Johansen A/S Series B,Brdr. A & O Johansen B,nasdaq_nordic_copenhagen_shares,listed_companies_subset,https://api.nasdaq.com/api/nordic/screener/shares,eeda5a0d9837ea03dac1d635,active_official_exact_listing_isin_name
CPH::DNORD,proposed,DNORD,CPH,Stock,DK0060083210,Dampskibsselskabet Norden AS,D/S Norden,nasdaq_nordic_copenhagen_shares,listed_companies_subset,https://api.nasdaq.com/api/nordic/screener/shares,385e76e4b97cba4677671a8c,active_official_exact_listing_isin_name
CPH::FOM,proposed,FOM,CPH,Stock,DK0061278199,FOM Technologies A/S,FOM Technologies,nasdaq_nordic_copenhagen_shares,listed_companies_subset,https://api.nasdaq.com/api/nordic/screener/shares,4779e37677e456974054cbef,active_official_exact_listing_isin_name
CPH::HH,proposed,HH,CPH,Stock,DK0015202451,H+H International A/S,H+H International,nasdaq_nordic_copenhagen_shares,listed_companies_subset,https://api.nasdaq.com/api/nordic/screener/shares,45df5cf77d49562c7a77ea21,active_official_exact_listing_isin_name
CPH::KBHL,proposed,KBHL,CPH,Stock,DK0010201102,Copenhagen Airports AS,Københavns Lufthavne,nasdaq_nordic_copenhagen_shares,listed_companies_subset,https://api.nasdaq.com/api/nordic/screener/shares,76817696db3d9af4c8358c99,active_official_exact_listing_isin_name
CPH::MNBA,proposed,MNBA,CPH,Stock,DK0060133841,Moens Bank A/S,Møns Bank,nasdaq_nordic_copenhagen_shares,listed_companies_subset,https://api.nasdaq.com/api/nordic/screener/shares,a4d5e38d8c2f4c3e14bd4afe,active_official_exact_listing_isin_name
CPH::MTHH,proposed,MTHH,CPH,Stock,DK0010255975,MT Hoejgaard Holding A/S,MT Højgaard Holding,nasdaq_nordic_copenhagen_shares,listed_companies_subset,https://api.nasdaq.com/api/nordic/screener/shares,08777dfd1ba6e4ff33357fb5,active_official_exact_listing_isin_name
CPH::RILBA,proposed,RILBA,CPH,Stock,DK0060854669,Ringkjoebing Landbobank A/S,Ringkjøbing Landbobank,nasdaq_nordic_copenhagen_shares,listed_companies_subset,https://api.nasdaq.com/api/nordic/screener/shares,458035223822b0395ae976ce,active_official_exact_listing_isin_name
CPH::SPG,proposed,SPG,CPH,Stock,DK0061027356,Sp Group A/S,SP Group,nasdaq_nordic_copenhagen_shares,listed_companies_subset,https://api.nasdaq.com/api/nordic/screener/shares,412bbb013dd7c8724e143a85,active_official_exact_listing_isin_name
CPH::XACTC25,proposed,XACTC25,CPH,ETF,SE0011452127,Xact Kapitalforvaltning,XACT OMXC25 ESG (UCITS ETF),nasdaq_nordic_copenhagen_etfs,listed_companies_subset,https://api.nasdaq.com/api/nordic/screener/etp,32e3584da3451d89c1576093,active_official_exact_listing_isin_name
DFM::CHAE,proposed,CHAE,DFM,ETF,IE00BKDMN692,Chimera S&P UAE UCITS ETF - Share Class A - Accumulating,Lunate S&P UAE UCITS ETF - Share A - ACCUMLATING,dfm_listed_securities,exchange_directory,https://api2.dfm.ae/web/widgets/v1/data,1fa8254fedcb7b3073d6d5f3,active_official_exact_listing_isin_name
EGX::ANFI,proposed,ANFI,EGX,Stock,EGS67331C016,Alexandria National Company for Financial Investment,Tycoon Holding Company For Financial Investments,egx_listed_stocks,listed_companies_subset,https://www.egx.com.eg/en/ListedStocks.aspx,495fa8f462b5c0bab0492743,active_official_exact_listing_isin_name
EGX::ARVA,proposed,ARVA,EGX,Stock,EGS3E1E1C013,Arab Valves Company,Arabian Metal Industries And Industrial Investments,egx_listed_stocks,listed_companies_subset,https://www.egx.com.eg/en/ListedStocks.aspx,74d8f5b69952126deeb2f00b,active_official_exact_listing_isin_name
Euronext::500,proposed,500,Euronext,ETF,LU1681048804,Amundi Index Solutions - Amundi S&P 500 UCITS ETF C EUR,Amundi S&P 500 Swap UCITS ETF EUR Acc,euronext_etfs,exchange_directory,"https://live.euronext.com/en/product_directory/data/etf-all-markets/download?mics=ALXA,ALXB,ALXL,ALXP,ATFX,BGEM,ENXB,ENXL,ETFP,ETLX,EXGM,MERK,MIVX,MLXB,MOTX,MTAA,MTAH,MTCH,SEDX,TNLA,TNLB,VPXB,WOMF,XACD,XAMC,XAMS,XATL,XBRU,XDUB,XESM,XLDN,XLIS,XMLI,XMOT,XMSM,XOAM,XOAS,XOBD,XOSL,XPAR,XPMC",6e71434afeab1dfa97a346cd,active_official_exact_listing_isin_name
Euronext::ARGX,proposed,ARGX,Euronext,Stock,NL0010832176,Argen-X,ARGENX SE,euronext_equities,exchange_directory,https://live.euronext.com/pd_es/data/stocks/download?mics=dm_all_stock,e70bc2739760bb1ccdf7fb8b,active_official_exact_listing_isin_name
Euronext::AXLM,proposed,AXLM,Euronext,ETF,CH1109575535,21S Stellar,21Shares Stellar ETP,euronext_etfs,exchange_directory,"https://live.euronext.com/en/product_directory/data/etf-all-markets/download?mics=ALXA,ALXB,ALXL,ALXP,ATFX,BGEM,ENXB,ENXL,ETFP,ETLX,EXGM,MERK,MIVX,MLXB,MOTX,MTAA,MTAH,MTCH,SEDX,TNLA,TNLB,VPXB,WOMF,XACD,XAMC,XAMS,XATL,XBRU,XDUB,XESM,XLDN,XLIS,XMLI,XMOT,XMSM,XOAM,XOAS,XOBD,XOSL,XPAR,XPMC",f2580a683c25214c7d866e7b,active_official_exact_listing_isin_name
Euronext::BTPS,proposed,BTPS,Euronext,ETF,FR0011023621,Lyxor UCITS Daily Double Short BTP,Amundi Italy BTP Daily (-2x) Inverse UCITS ETF Acc,euronext_etfs,exchange_directory,"https://live.euronext.com/en/product_directory/data/etf-all-markets/download?mics=ALXA,ALXB,ALXL,ALXP,ATFX,BGEM,ENXB,ENXL,ETFP,ETLX,EXGM,MERK,MIVX,MLXB,MOTX,MTAA,MTAH,MTCH,SEDX,TNLA,TNLB,VPXB,WOMF,XACD,XAMC,XAMS,XATL,XBRU,XDUB,XESM,XLDN,XLIS,XMLI,XMOT,XMSM,XOAM,XOAS,XOBD,XOSL,XPAR,XPMC",80f306a93b29214beb57f1b8,active_official_exact_listing_isin_name
Euronext::BX4,proposed,BX4,Euronext,ETF,FR0010411884,Lyxor UCITS CAC 40 Daily Double Short,Amundi CAC 40 Daily (-2x) Inverse UCITS ETF Acc,euronext_etfs,exchange_directory,"https://live.euronext.com/en/product_directory/data/etf-all-markets/download?mics=ALXA,ALXB,ALXL,ALXP,ATFX,BGEM,ENXB,ENXL,ETFP,ETLX,EXGM,MERK,MIVX,MLXB,MOTX,MTAA,MTAH,MTCH,SEDX,TNLA,TNLB,VPXB,WOMF,XACD,XAMC,XAMS,XATL,XBRU,XDUB,XESM,XLDN,XLIS,XMLI,XMOT,XMSM,XOAM,XOAS,XOBD,XOSL,XPAR,XPMC",7068d982e6ddb697e7b51ba4,active_official_exact_listing_isin_name
Euronext::C1U,proposed,C1U,Euronext,ETF,LU1437025023,Amundi FTSE 100 UCITS,Amundi MSCI UK IMI SRI Climate Paris Aligned - UCITS ETF DR - EUR (C),euronext_etfs,exchange_directory,"https://live.euronext.com/en/product_directory/data/etf-all-markets/download?mics=ALXA,ALXB,ALXL,ALXP,ATFX,BGEM,ENXB,ENXL,ETFP,ETLX,EXGM,MERK,MIVX,MLXB,MOTX,MTAA,MTAH,MTCH,SEDX,TNLA,TNLB,VPXB,WOMF,XACD,XAMC,XAMS,XATL,XBRU,XDUB,XESM,XLDN,XLIS,XMLI,XMOT,XMSM,XOAM,XOAS,XOBD,XOSL,XPAR,XPMC",1a960d8985e362d616e11382,active_official_exact_listing_isin_name
Euronext::C3M,proposed,C3M,Euronext,ETF,FR0010754200,Amundi ETF Govies 0-6 Months EuroMTS Investment Grade UCITS ETF DR,Amundi Euro Government Bond 0-6 M UCITS ETF Acc,euronext_etfs,exchange_directory,"https://live.euronext.com/en/product_directory/data/etf-all-markets/download?mics=ALXA,ALXB,ALXL,ALXP,ATFX,BGEM,ENXB,ENXL,ETFP,ETLX,EXGM,MERK,MIVX,MLXB,MOTX,MTAA,MTAH,MTCH,SEDX,TNLA,TNLB,VPXB,WOMF,XACD,XAMC,XAMS,XATL,XBRU,XDUB,XESM,XLDN,XLIS,XMLI,XMOT,XMSM,XOAM,XOAS,XOBD,XOSL,XPAR,XPMC",b8384c60e04eea42beba296d,active_official_exact_listing_isin_name
Euronext::CACC,proposed,CACC,Euronext,ETF,FR0013380607,Lyxor CAC 40 (DR) UCITS ETF Acc,Amundi CAC 40 UCITS ETF Acc,euronext_etfs,exchange_directory,"https://live.euronext.com/en/product_directory/data/etf-all-markets/download?mics=ALXA,ALXB,ALXL,ALXP,ATFX,BGEM,ENXB,ENXL,ETFP,ETLX,EXGM,MERK,MIVX,MLXB,MOTX,MTAA,MTAH,MTCH,SEDX,TNLA,TNLB,VPXB,WOMF,XACD,XAMC,XAMS,XATL,XBRU,XDUB,XESM,XLDN,XLIS,XMLI,XMOT,XMSM,XOAM,XOAS,XOBD,XOSL,XPAR,XPMC",c22d74884252c3cef191e3e0,active_official_exact_listing_isin_name
Euronext::CC4,proposed,CC4,Euronext,ETF,LU1681039647,Amundi Index Solutions - Amundi EURO Corporates UCITS ETF DR EUR C,Amundi EUR Corporate Bond ESG - UCITS ETF 2 DR - EUR (C),euronext_etfs,exchange_directory,"https://live.euronext.com/en/product_directory/data/etf-all-markets/download?mics=ALXA,ALXB,ALXL,ALXP,ATFX,BGEM,ENXB,ENXL,ETFP,ETLX,EXGM,MERK,MIVX,MLXB,MOTX,MTAA,MTAH,MTCH,SEDX,TNLA,TNLB,VPXB,WOMF,XACD,XAMC,XAMS,XATL,XBRU,XDUB,XESM,XLDN,XLIS,XMLI,XMOT,XMSM,XOAM,XOAS,XOBD,XOSL,XPAR,XPMC",4ab13419e69bf697f33469ef,active_official_exact_listing_isin_name
Euronext::CF1,proposed,CF1,Euronext,ETF,FR0010655704,Amundi ETF MSCI France UCITS ETF,AMUNDI CAC TRANSITION CLIMAT UCITS ETF,euronext_etfs,exchange_directory,"https://live.euronext.com/en/product_directory/data/etf-all-markets/download?mics=ALXA,ALXB,ALXL,ALXP,ATFX,BGEM,ENXB,ENXL,ETFP,ETLX,EXGM,MERK,MIVX,MLXB,MOTX,MTAA,MTAH,MTCH,SEDX,TNLA,TNLB,VPXB,WOMF,XACD,XAMC,XAMS,XATL,XBRU,XDUB,XESM,XLDN,XLIS,XMLI,XMOT,XMSM,XOAM,XOAS,XOBD,XOSL,XPAR,XPMC",ef6b994435a8dc4521773fee,active_official_exact_listing_isin_name
Euronext::CMUD,proposed,CMUD,Euronext,ETF,LU2059756325,AM EMU ESG LEAD D,Amundi MSCI EMU ESG Selection - UCITS ETF DR - EUR (D),euronext_etfs,exchange_directory,"https://live.euronext.com/en/product_directory/data/etf-all-markets/download?mics=ALXA,ALXB,ALXL,ALXP,ATFX,BGEM,ENXB,ENXL,ETFP,ETLX,EXGM,MERK,MIVX,MLXB,MOTX,MTAA,MTAH,MTCH,SEDX,TNLA,TNLB,VPXB,WOMF,XACD,XAMC,XAMS,XATL,XBRU,XDUB,XESM,XLDN,XLIS,XMLI,XMOT,XMSM,XOAM,XOAS,XOBD,XOSL,XPAR,XPMC",ffcd847de82cb3e58c98d13e,active_official_exact_listing_isin_name
Euronext::COBH,proposed,COBH,Euronext,Stock,BE0003519270,Brouwerij Handelsmaatschappij NV,CO.BR.HA,euronext_equities,exchange_directory,https://live.euronext.com/pd_es/data/stocks/download?mics=dm_all_stock,a89184d1a2fe49b80300020a,active_official_exact_listing_isin_name
Euronext::DSP5,proposed,DSP5,Euronext,ETF,LU1327051279,Lyxor S&P 500 Daily (-2x) Inverse UCITS ETF C USD,Amundi Nasdaq-100 Daily (-1x) Inverse UCITS ETF Acc,euronext_etfs,exchange_directory,"https://live.euronext.com/en/product_directory/data/etf-all-markets/download?mics=ALXA,ALXB,ALXL,ALXP,ATFX,BGEM,ENXB,ENXL,ETFP,ETLX,EXGM,MERK,MIVX,MLXB,MOTX,MTAA,MTAH,MTCH,SEDX,TNLA,TNLB,VPXB,WOMF,XACD,XAMC,XAMS,XATL,XBRU,XDUB,XESM,XLDN,XLIS,XMLI,XMOT,XMSM,XOAM,XOAS,XOBD,XOSL,XPAR,XPMC",8991ec3e37b9baf37ffb0f3d,active_official_exact_listing_isin_name
Euronext::EBBB,proposed,EBBB,Euronext,ETF,LU1525418643,Amundi Index Solutions - Amundi Index Euro Corp BBB 1-5 UCITS ETF DR,AMUNDI EUR CORPORATE BOND 1-5Y ESG UCITS ETF Acc,euronext_etfs,exchange_directory,"https://live.euronext.com/en/product_directory/data/etf-all-markets/download?mics=ALXA,ALXB,ALXL,ALXP,ATFX,BGEM,ENXB,ENXL,ETFP,ETLX,EXGM,MERK,MIVX,MLXB,MOTX,MTAA,MTAH,MTCH,SEDX,TNLA,TNLB,VPXB,WOMF,XACD,XAMC,XAMS,XATL,XBRU,XDUB,XESM,XLDN,XLIS,XMLI,XMOT,XMSM,XOAM,XOAS,XOBD,XOSL,XPAR,XPMC",0cf66dea8fc16d4d35125a14,active_official_exact_listing_isin_name
Euronext::ECR1,proposed,ECR1,Euronext,ETF,LU2300294316,Amundi Index Solutions - Amundi EUR Corporate Bond 0-1Y ESG UCITS ETF DR (C),Amundi Euro Corp 0-1Y ESG UCITS ETF DR (C),euronext_etfs,exchange_directory,"https://live.euronext.com/en/product_directory/data/etf-all-markets/download?mics=ALXA,ALXB,ALXL,ALXP,ATFX,BGEM,ENXB,ENXL,ETFP,ETLX,EXGM,MERK,MIVX,MLXB,MOTX,MTAA,MTAH,MTCH,SEDX,TNLA,TNLB,VPXB,WOMF,XACD,XAMC,XAMS,XATL,XBRU,XDUB,XESM,XLDN,XLIS,XMLI,XMOT,XMSM,XOAM,XOAS,XOBD,XOSL,XPAR,XPMC",1e3a38793ab76b9e278ef54d,active_official_exact_listing_isin_name
Euronext::FGBL,proposed,FGBL,Euronext,ETF,IE00BYTH6121,First Trust Global Equity Income UCITS ETF Class A USD,FIRST TRUST GLOBAL ALPHADEX UCITS ETF,euronext_etfs,exchange_directory,"https://live.euronext.com/en/product_directory/data/etf-all-markets/download?mics=ALXA,ALXB,ALXL,ALXP,ATFX,BGEM,ENXB,ENXL,ETFP,ETLX,EXGM,MERK,MIVX,MLXB,MOTX,MTAA,MTAH,MTCH,SEDX,TNLA,TNLB,VPXB,WOMF,XACD,XAMC,XAMS,XATL,XBRU,XDUB,XESM,XLDN,XLIS,XMLI,XMOT,XMSM,XOAM,XOAS,XOBD,XOSL,XPAR,XPMC",e1308a92a18ac7394ed178e2,active_official_exact_listing_isin_name
Euronext::FMI,proposed,FMI,Euronext,ETF,LU1681037518,Amundi Index Solutions - Amundi FTSE MIB UCITS ETF-C,Amundi Italy MIB ESG UCITS ETF Acc,euronext_etfs,exchange_directory,"https://live.euronext.com/en/product_directory/data/etf-all-markets/download?mics=ALXA,ALXB,ALXL,ALXP,ATFX,BGEM,ENXB,ENXL,ETFP,ETLX,EXGM,MERK,MIVX,MLXB,MOTX,MTAA,MTAH,MTCH,SEDX,TNLA,TNLB,VPXB,WOMF,XACD,XAMC,XAMS,XATL,XBRU,XDUB,XESM,XLDN,XLIS,XMLI,XMOT,XMSM,XOAM,XOAS,XOBD,XOSL,XPAR,XPMC",7e6add5857ec025d08c76f02,active_official_exact_listing_isin_name
Euronext::HSRID,proposed,HSRID,Euronext,ETF,LU2244386137,BNPP EHY SRI D ETF,BNP Paribas Easy EUR High Yield SRI Fossil Free UCITS ETF,euronext_etfs,exchange_directory,"https://live.euronext.com/en/product_directory/data/etf-all-markets/download?mics=ALXA,ALXB,ALXL,ALXP,ATFX,BGEM,ENXB,ENXL,ETFP,ETLX,EXGM,MERK,MIVX,MLXB,MOTX,MTAA,MTAH,MTCH,SEDX,TNLA,TNLB,VPXB,WOMF,XACD,XAMC,XAMS,XATL,XBRU,XDUB,XESM,XLDN,XLIS,XMLI,XMOT,XMSM,XOAM,XOAS,XOBD,XOSL,XPAR,XPMC",e257a03dff3b40cf9d93589e,active_official_exact_listing_isin_name
Euronext::IMIE,proposed,IMIE,Euronext,ETF,IE00B3YLTY66,SPDR MSCI ACWI IMI,State Street SPDR MSCI All Country World Investable Market UCITS ETF (Acc),euronext_etfs,exchange_directory,"https://live.euronext.com/en/product_directory/data/etf-all-markets/download?mics=ALXA,ALXB,ALXL,ALXP,ATFX,BGEM,ENXB,ENXL,ETFP,ETLX,EXGM,MERK,MIVX,MLXB,MOTX,MTAA,MTAH,MTCH,SEDX,TNLA,TNLB,VPXB,WOMF,XACD,XAMC,XAMS,XATL,XBRU,XDUB,XESM,XLDN,XLIS,XMLI,XMOT,XMSM,XOAM,XOAS,XOBD,XOSL,XPAR,XPMC",246b726e1059c4e6be832534,active_official_exact_listing_isin_name
Euronext::LUXU,proposed,LUXU,Euronext,ETF,LU1681048713,Amundi S&P Global Luxury UCITS,Amundi Global Luxury UCITS ETF USD Acc,euronext_etfs,exchange_directory,"https://live.euronext.com/en/product_directory/data/etf-all-markets/download?mics=ALXA,ALXB,ALXL,ALXP,ATFX,BGEM,ENXB,ENXL,ETFP,ETLX,EXGM,MERK,MIVX,MLXB,MOTX,MTAA,MTAH,MTCH,SEDX,TNLA,TNLB,VPXB,WOMF,XACD,XAMC,XAMS,XATL,XBRU,XDUB,XESM,XLDN,XLIS,XMLI,XMOT,XMSM,XOAM,XOAS,XOBD,XOSL,XPAR,XPMC",cbc4c6873d0173b38d9b92c3,active_official_exact_listing_isin_name
Euronext::LVC,proposed,LVC,Euronext,ETF,FR0010592014,Lyxor UCITS Daily Leverage CAC 40,Amundi CAC 40 Daily (2x) Leveraged UCITS ETF Acc,euronext_etfs,exchange_directory,"https://live.euronext.com/en/product_directory/data/etf-all-markets/download?mics=ALXA,ALXB,ALXL,ALXP,ATFX,BGEM,ENXB,ENXL,ETFP,ETLX,EXGM,MERK,MIVX,MLXB,MOTX,MTAA,MTAH,MTCH,SEDX,TNLA,TNLB,VPXB,WOMF,XACD,XAMC,XAMS,XATL,XBRU,XDUB,XESM,XLDN,XLIS,XMLI,XMOT,XMSM,XOAM,XOAS,XOBD,XOSL,XPAR,XPMC",ebf391a69bdb996b755f780c,active_official_exact_listing_isin_name
Euronext::LVD,proposed,LVD,Euronext,ETF,LU0252634307,Multi Units Luxembourg - Lyxor Daily LevDAX UCITS ETF,Amundi LevDax Daily (2x) leveraged UCITS ETF Acc,euronext_etfs,exchange_directory,"https://live.euronext.com/en/product_directory/data/etf-all-markets/download?mics=ALXA,ALXB,ALXL,ALXP,ATFX,BGEM,ENXB,ENXL,ETFP,ETLX,EXGM,MERK,MIVX,MLXB,MOTX,MTAA,MTAH,MTCH,SEDX,TNLA,TNLB,VPXB,WOMF,XACD,XAMC,XAMS,XATL,XBRU,XDUB,XESM,XLDN,XLIS,XMLI,XMOT,XMSM,XOAM,XOAS,XOBD,XOSL,XPAR,XPMC",6982717ec52f589224f5dd00,active_official_exact_listing_isin_name
Euronext::MLPRX,proposed,MLPRX,Euronext,Stock,NL0012650535,Parx Plastics NV,PARX MATERIALS NV,euronext_equities,exchange_directory,https://live.euronext.com/pd_es/data/stocks/download?mics=dm_all_stock,20ec6534f39eaf5043f5955b,active_official_exact_listing_isin_name
Euronext::MSES,proposed,MSES,Euronext,ETF,FR001400ZGP1,Amundi EuroStoxx 50 II UCITS ETF S-Acc,Amundi EURO STOXX 50 II UCITS ETF S - Acc,euronext_etfs,exchange_directory,"https://live.euronext.com/en/product_directory/data/etf-all-markets/download?mics=ALXA,ALXB,ALXL,ALXP,ATFX,BGEM,ENXB,ENXL,ETFP,ETLX,EXGM,MERK,MIVX,MLXB,MOTX,MTAA,MTAH,MTCH,SEDX,TNLA,TNLB,VPXB,WOMF,XACD,XAMC,XAMS,XATL,XBRU,XDUB,XESM,XLDN,XLIS,XMLI,XMOT,XMSM,XOAM,XOAS,XOBD,XOSL,XPAR,XPMC",ef4b04ac560ced6fcecd7032,active_official_exact_listing_isin_name
Euronext::MTF,proposed,MTF,Euronext,ETF,LU1287023268,Lyxor EuroMTS 15+Y Investment Grade UCITS C,Amundi Euro Government Bond 15+Y   UCITS ETF Acc,euronext_etfs,exchange_directory,"https://live.euronext.com/en/product_directory/data/etf-all-markets/download?mics=ALXA,ALXB,ALXL,ALXP,ATFX,BGEM,ENXB,ENXL,ETFP,ETLX,EXGM,MERK,MIVX,MLXB,MOTX,MTAA,MTAH,MTCH,SEDX,TNLA,TNLB,VPXB,WOMF,XACD,XAMC,XAMS,XATL,XBRU,XDUB,XESM,XLDN,XLIS,XMLI,XMOT,XMSM,XOAM,XOAS,XOBD,XOSL,XPAR,XPMC",086fb94078ba7796a6d09468,active_official_exact_listing_isin_name
Euronext::NRGW,proposed,NRGW,Euronext,ETF,IE000J0LN0R5,Amundi S&P Global Energy Carbon Reduced UCITS ETF DR EUR Acc EUR,Amundi S&P World Energy Screened UCITS ETF Acc,euronext_etfs,exchange_directory,"https://live.euronext.com/en/product_directory/data/etf-all-markets/download?mics=ALXA,ALXB,ALXL,ALXP,ATFX,BGEM,ENXB,ENXL,ETFP,ETLX,EXGM,MERK,MIVX,MLXB,MOTX,MTAA,MTAH,MTCH,SEDX,TNLA,TNLB,VPXB,WOMF,XACD,XAMC,XAMS,XATL,XBRU,XDUB,XESM,XLDN,XLIS,XMLI,XMOT,XMSM,XOAM,XOAS,XOBD,XOSL,XPAR,XPMC",73b6f388ff708ec341e6ffc3,active_official_exact_listing_isin_name
Euronext::NRJ,proposed,NRJ,Euronext,ETF,FR0010524777,Multi Units France - Lyxor New Energy (DR) UCITS ETF,Amundi MSCI New Energy UCITS ETF Dist,euronext_etfs,exchange_directory,"https://live.euronext.com/en/product_directory/data/etf-all-markets/download?mics=ALXA,ALXB,ALXL,ALXP,ATFX,BGEM,ENXB,ENXL,ETFP,ETLX,EXGM,MERK,MIVX,MLXB,MOTX,MTAA,MTAH,MTCH,SEDX,TNLA,TNLB,VPXB,WOMF,XACD,XAMC,XAMS,XATL,XBRU,XDUB,XESM,XLDN,XLIS,XMLI,XMOT,XMSM,XOAM,XOAS,XOBD,XOSL,XPAR,XPMC",9fdd86347f7ac9c32c69cc53,active_official_exact_listing_isin_name
Euronext::PANX,proposed,PANX,Euronext,ETF,FR0013412269,Amundi ETF PEA Nasdaq-100 UCITS ETF,Amundi PEA US Tech Screened UCITS ETF - Acc,euronext_etfs,exchange_directory,"https://live.euronext.com/en/product_directory/data/etf-all-markets/download?mics=ALXA,ALXB,ALXL,ALXP,ATFX,BGEM,ENXB,ENXL,ETFP,ETLX,EXGM,MERK,MIVX,MLXB,MOTX,MTAA,MTAH,MTCH,SEDX,TNLA,TNLB,VPXB,WOMF,XACD,XAMC,XAMS,XATL,XBRU,XDUB,XESM,XLDN,XLIS,XMLI,XMOT,XMSM,XOAM,XOAS,XOBD,XOSL,XPAR,XPMC",904c3d15e01144d23cf017df,active_official_exact_listing_isin_name
Euronext::PDJE,proposed,PDJE,Euronext,ETF,FR0011869270,Lyxor PEA Dow Jones Industrial Average UCITS C,Amundi PEA S&P US Industrials Screened UCITS ETF - Acc,euronext_etfs,exchange_directory,"https://live.euronext.com/en/product_directory/data/etf-all-markets/download?mics=ALXA,ALXB,ALXL,ALXP,ATFX,BGEM,ENXB,ENXL,ETFP,ETLX,EXGM,MERK,MIVX,MLXB,MOTX,MTAA,MTAH,MTCH,SEDX,TNLA,TNLB,VPXB,WOMF,XACD,XAMC,XAMS,XATL,XBRU,XDUB,XESM,XLDN,XLIS,XMLI,XMOT,XMSM,XOAM,XOAS,XOBD,XOSL,XPAR,XPMC",9933fa67a2d18f8402a32137,active_official_exact_listing_isin_name
Euronext::PE500,proposed,PE500,Euronext,ETF,FR0013412285,Amundi ETF PEA S&P 500 UCITS ETF EUR,Amundi PEA S&P 500 Screened UCITS ETF - Acc,euronext_etfs,exchange_directory,"https://live.euronext.com/en/product_directory/data/etf-all-markets/download?mics=ALXA,ALXB,ALXL,ALXP,ATFX,BGEM,ENXB,ENXL,ETFP,ETLX,EXGM,MERK,MIVX,MLXB,MOTX,MTAA,MTAH,MTCH,SEDX,TNLA,TNLB,VPXB,WOMF,XACD,XAMC,XAMS,XATL,XBRU,XDUB,XESM,XLDN,XLIS,XMLI,XMOT,XMSM,XOAM,XOAS,XOBD,XOSL,XPAR,XPMC",178087a5f3a181069b885ab2,active_official_exact_listing_isin_name
Euronext::PSP5,proposed,PSP5,Euronext,ETF,FR0011871128,Lyxor PEA S&P 500 UCITS C,Amundi PEA S&P 500 UCITS ETF Acc,euronext_etfs,exchange_directory,"https://live.euronext.com/en/product_directory/data/etf-all-markets/download?mics=ALXA,ALXB,ALXL,ALXP,ATFX,BGEM,ENXB,ENXL,ETFP,ETLX,EXGM,MERK,MIVX,MLXB,MOTX,MTAA,MTAH,MTCH,SEDX,TNLA,TNLB,VPXB,WOMF,XACD,XAMC,XAMS,XATL,XBRU,XDUB,XESM,XLDN,XLIS,XMLI,XMOT,XMSM,XOAM,XOAS,XOBD,XOSL,XPAR,XPMC",348cbc4c71c4e111f7077405,active_official_exact_listing_isin_name
Euronext::PSPH,proposed,PSPH,Euronext,ETF,FR0011871136,Lyxor PEA S&P 500 UCITS ETF Couverte en EUR Capi,Amundi PEA S&P 500 UCITS ETF EUR Hedged Acc,euronext_etfs,exchange_directory,"https://live.euronext.com/en/product_directory/data/etf-all-markets/download?mics=ALXA,ALXB,ALXL,ALXP,ATFX,BGEM,ENXB,ENXL,ETFP,ETLX,EXGM,MERK,MIVX,MLXB,MOTX,MTAA,MTAH,MTCH,SEDX,TNLA,TNLB,VPXB,WOMF,XACD,XAMC,XAMS,XATL,XBRU,XDUB,XESM,XLDN,XLIS,XMLI,XMOT,XMSM,XOAM,XOAS,XOBD,XOSL,XPAR,XPMC",401ccb6ed9859d6d89e6bbb7,active_official_exact_listing_isin_name
Euronext::PSPS,proposed,PSPS,Euronext,ETF,FR001400ZGS5,Amundi PEA SP 500 Scrn UCITS ETF S-Acc,Amundi PEA S&P 500 Screened UCITS ETF S - Acc,euronext_etfs,exchange_directory,"https://live.euronext.com/en/product_directory/data/etf-all-markets/download?mics=ALXA,ALXB,ALXL,ALXP,ATFX,BGEM,ENXB,ENXL,ETFP,ETLX,EXGM,MERK,MIVX,MLXB,MOTX,MTAA,MTAH,MTCH,SEDX,TNLA,TNLB,VPXB,WOMF,XACD,XAMC,XAMS,XATL,XBRU,XDUB,XESM,XLDN,XLIS,XMLI,XMOT,XMSM,XOAM,XOAS,XOBD,XOSL,XPAR,XPMC",4809c0e7c0ca90839cd79e58,active_official_exact_listing_isin_name
Euronext::S500,proposed,S500,Euronext,ETF,IE000KXCEXR3,Amundi S&P 500 ESG UCITS ETF Acc EUR,Amundi S&P 500 Screened UCITS ETF - Acc,euronext_etfs,exchange_directory,"https://live.euronext.com/en/product_directory/data/etf-all-markets/download?mics=ALXA,ALXB,ALXL,ALXP,ATFX,BGEM,ENXB,ENXL,ETFP,ETLX,EXGM,MERK,MIVX,MLXB,MOTX,MTAA,MTAH,MTCH,SEDX,TNLA,TNLB,VPXB,WOMF,XACD,XAMC,XAMS,XATL,XBRU,XDUB,XESM,XLDN,XLIS,XMLI,XMOT,XMSM,XOAM,XOAS,XOBD,XOSL,XPAR,XPMC",ff5d70765484ffe75b25cbf7,active_official_exact_listing_isin_name
Euronext::SDOT,proposed,SDOT,Euronext,ETF,CH1113516871,AMINA Polkadot ETC,Tracker Securities on Polkadot (DOT),euronext_etfs,exchange_directory,"https://live.euronext.com/en/product_directory/data/etf-all-markets/download?mics=ALXA,ALXB,ALXL,ALXP,ATFX,BGEM,ENXB,ENXL,ETFP,ETLX,EXGM,MERK,MIVX,MLXB,MOTX,MTAA,MTAH,MTCH,SEDX,TNLA,TNLB,VPXB,WOMF,XACD,XAMC,XAMS,XATL,XBRU,XDUB,XESM,XLDN,XLIS,XMLI,XMOT,XMSM,XOAM,XOAS,XOBD,XOSL,XPAR,XPMC",df9d1c9d06067ae4bae7abff,active_official_exact_listing_isin_name
Euronext::SPY4,proposed,SPY4,Euronext,ETF,IE00B4YBJ215,SSgA SPDR S&P 400 US Mid Cap,State Street SPDR S&P 400 US Mid Cap UCITS ETF (Acc),euronext_etfs,exchange_directory,"https://live.euronext.com/en/product_directory/data/etf-all-markets/download?mics=ALXA,ALXB,ALXL,ALXP,ATFX,BGEM,ENXB,ENXL,ETFP,ETLX,EXGM,MERK,MIVX,MLXB,MOTX,MTAA,MTAH,MTCH,SEDX,TNLA,TNLB,VPXB,WOMF,XACD,XAMC,XAMS,XATL,XBRU,XDUB,XESM,XLDN,XLIS,XMLI,XMOT,XMSM,XOAM,XOAS,XOBD,XOSL,XPAR,XPMC",803ba1817d544630e7e24239,active_official_exact_listing_isin_name
Euronext::UBBB,proposed,UBBB,Euronext,ETF,LU1525418726,Amundi Index Solutions - Amundi Global Corp SRI 1-5Y UCITS ETF DR,Amundi Global Corporate Bond 1-5Y ESG - UCITS ETF DR (C),euronext_etfs,exchange_directory,"https://live.euronext.com/en/product_directory/data/etf-all-markets/download?mics=ALXA,ALXB,ALXL,ALXP,ATFX,BGEM,ENXB,ENXL,ETFP,ETLX,EXGM,MERK,MIVX,MLXB,MOTX,MTAA,MTAH,MTCH,SEDX,TNLA,TNLB,VPXB,WOMF,XACD,XAMC,XAMS,XATL,XBRU,XDUB,XESM,XLDN,XLIS,XMLI,XMOT,XMSM,XOAM,XOAS,XOBD,XOSL,XPAR,XPMC",507c0299f9def82b82525b88,active_official_exact_listing_isin_name
FSX::01P,proposed,01P,FSX,Stock,US58506Q1094,Medpace Holdings Inc,"MEDPACE HOLDINGS   DL-,01",deutsche_boerse_frankfurt_all_tradable_equities,exchange_directory,https://www.cashmarket.deutsche-boerse.com/resource/blob/2289108/3a67eacf4ad3419344f37b88a755943f/data/t7-xfra-BF-allTradableInstruments.csv,5f812e39de35ca760a01a7c1,active_official_exact_listing_isin_name
FSX::02H0,proposed,02H0,FSX,Stock,SE0018040677,Hexatronic Group AB (publ),HEXATRONIC GROUP AB AK,deutsche_boerse_frankfurt_all_tradable_equities,exchange_directory,https://www.cashmarket.deutsche-boerse.com/resource/blob/2289108/3a67eacf4ad3419344f37b88a755943f/data/t7-xfra-BF-allTradableInstruments.csv,591bee57f675f2cd5d75a0e7,active_official_exact_listing_isin_name
FSX::07R,proposed,07R,FSX,Stock,FR0010528059,StreamWIDE,"STREAMWIDE SA     EO 0,10",deutsche_boerse_frankfurt_all_tradable_equities,exchange_directory,https://www.cashmarket.deutsche-boerse.com/resource/blob/2289108/3a67eacf4ad3419344f37b88a755943f/data/t7-xfra-BF-allTradableInstruments.csv,fadeafff017eee9a5052c348,active_official_exact_listing_isin_name
FSX::087,proposed,087,FSX,Stock,GB00BD7XPJ64,NewRiver REIT plc,"NEWRIVER REIT      LS-,01",deutsche_boerse_frankfurt_all_tradable_equities,exchange_directory,https://www.cashmarket.deutsche-boerse.com/resource/blob/2289108/3a67eacf4ad3419344f37b88a755943f/data/t7-xfra-BF-allTradableInstruments.csv,106f14e0b06148900ed74eb0,active_official_exact_listing_isin_name
FSX::096,proposed,096,FSX,Stock,US4435731009,HubSpot Inc,"HUBSPOT INC.      DL-,001",deutsche_boerse_frankfurt_all_tradable_equities,exchange_directory,https://www.cashmarket.deutsche-boerse.com/resource/blob/2289108/3a67eacf4ad3419344f37b88a755943f/data/t7-xfra-BF-allTradableInstruments.csv,7654da759a3e9a065ac94b30,active_official_exact_listing_isin_name
FSX::0C6,proposed,0C6,FSX,Stock,US1417881091,CarGurus Inc,"CARGURUS INC.CL.A DL-,001",deutsche_boerse_frankfurt_all_tradable_equities,exchange_directory,https://www.cashmarket.deutsche-boerse.com/resource/blob/2289108/3a67eacf4ad3419344f37b88a755943f/data/t7-xfra-BF-allTradableInstruments.csv,21107ca5870cbb755a819c7d,active_official_exact_listing_isin_name
FSX::0HY,proposed,0HY,FSX,Stock,CNE100006NX7,"Mokingran Jewellery Group Co., Ltd.",MOKINGRAN J.G.CO. H YC1,deutsche_boerse_frankfurt_all_tradable_equities,exchange_directory,https://www.cashmarket.deutsche-boerse.com/resource/blob/2289108/3a67eacf4ad3419344f37b88a755943f/data/t7-xfra-BF-allTradableInstruments.csv,cbebf92a556248ee4cba3430,active_official_exact_listing_isin_name
FSX::0O9,proposed,0O9,FSX,Stock,US65481N1000,Niu Technologies,"NIU TECH. ADR/2 A -,0001",deutsche_boerse_frankfurt_all_tradable_equities,exchange_directory,https://www.cashmarket.deutsche-boerse.com/resource/blob/2289108/3a67eacf4ad3419344f37b88a755943f/data/t7-xfra-BF-allTradableInstruments.csv,71698d11d849959a4544f8d3,active_official_exact_listing_isin_name
FSX::0OM,proposed,0OM,FSX,Stock,US68628V3087,Orion Group Holdings Inc,"ORION MARINE GROUP DL-,01",deutsche_boerse_frankfurt_all_tradable_equities,exchange_directory,https://www.cashmarket.deutsche-boerse.com/resource/blob/2289108/3a67eacf4ad3419344f37b88a755943f/data/t7-xfra-BF-allTradableInstruments.csv,a88dc6677b1ea8bf80c5a9f2,active_official_exact_listing_isin_name
FSX::0PE,proposed,0PE,FSX,Stock,CY0102630916,Petrolia SE,"PETROLIA SE       DL 0,10",deutsche_boerse_frankfurt_all_tradable_equities,exchange_directory,https://www.cashmarket.deutsche-boerse.com/resource/blob/2289108/3a67eacf4ad3419344f37b88a755943f/data/t7-xfra-BF-allTradableInstruments.csv,cc1405b33f54f375289501b0,active_official_exact_listing_isin_name
FSX::0S0,proposed,0S0,FSX,Stock,US82982L1035,SiteOne Landscape Supply Inc,"SITEO.LANDS.SUPP.INC.-,01",deutsche_boerse_frankfurt_all_tradable_equities,exchange_directory,https://www.cashmarket.deutsche-boerse.com/resource/blob/2289108/3a67eacf4ad3419344f37b88a755943f/data/t7-xfra-BF-allTradableInstruments.csv,701c8e9e01c268eedd1e8934,active_official_exact_listing_isin_name
FSX::0S1,proposed,0S1,FSX,Stock,US68268W1036,OneMain Holdings Inc,"ONEMAIN HOLDINGS   DL-,01",deutsche_boerse_frankfurt_all_tradable_equities,exchange_directory,https://www.cashmarket.deutsche-boerse.com/resource/blob/2289108/3a67eacf4ad3419344f37b88a755943f/data/t7-xfra-BF-allTradableInstruments.csv,14da023e3cd354fa00b4c560,active_official_exact_listing_isin_name
FSX::0V4,proposed,0V4,FSX,Stock,US92047W1018,Valvoline Inc,"VALVOLINE INC.    DL-,01",deutsche_boerse_frankfurt_all_tradable_equities,exchange_directory,https://www.cashmarket.deutsche-boerse.com/resource/blob/2289108/3a67eacf4ad3419344f37b88a755943f/data/t7-xfra-BF-allTradableInstruments.csv,d8948a6ab831cf27b27cfff1,active_official_exact_listing_isin_name
FSX::0WKA,proposed,0WKA,FSX,Stock,US98139A1051,Workiva Inc,"WORKIVA INC. A    DL-,001",deutsche_boerse_frankfurt_all_tradable_equities,exchange_directory,https://www.cashmarket.deutsche-boerse.com/resource/blob/2289108/3a67eacf4ad3419344f37b88a755943f/data/t7-xfra-BF-allTradableInstruments.csv,cd7c620fadc72353983b96e5,active_official_exact_listing_isin_name
FSX::0YT,proposed,0YT,FSX,Stock,GB0004478896,Hunting PLC,"HUNTING PLC        LS-,25",deutsche_boerse_frankfurt_all_tradable_equities,exchange_directory,https://www.cashmarket.deutsche-boerse.com/resource/blob/2289108/3a67eacf4ad3419344f37b88a755943f/data/t7-xfra-BF-allTradableInstruments.csv,577798b57699e03b9c3f1617,active_official_exact_listing_isin_name
FSX::0ZG,proposed,0ZG,FSX,Stock,US98954M1018,Zillow Group Inc,"ZILLOW GROUP       DL-,01",deutsche_boerse_frankfurt_all_tradable_equities,exchange_directory,https://www.cashmarket.deutsche-boerse.com/resource/blob/2289108/3a67eacf4ad3419344f37b88a755943f/data/t7-xfra-BF-allTradableInstruments.csv,f826679bea43bf5b2ebe172a,active_official_exact_listing_isin_name
FSX::11N,proposed,11N,FSX,Stock,US67011P1003,Now Inc,"DNOW INC           DL-,01",deutsche_boerse_frankfurt_all_tradable_equities,exchange_directory,https://www.cashmarket.deutsche-boerse.com/resource/blob/2289108/3a67eacf4ad3419344f37b88a755943f/data/t7-xfra-BF-allTradableInstruments.csv,7384e69c3f3282271a9fdc61,active_official_exact_listing_isin_name
FSX::12DA,proposed,12DA,FSX,Stock,US24703L2025,Dell Technologies Inc,"DELL TECHS INC. C  DL-,01",deutsche_boerse_frankfurt_all_tradable_equities,exchange_directory,https://www.cashmarket.deutsche-boerse.com/resource/blob/2289108/3a67eacf4ad3419344f37b88a755943f/data/t7-xfra-BF-allTradableInstruments.csv,dfa4db88c01391c8e0a3e48a,active_official_exact_listing_isin_name
FSX::12V,proposed,12V,FSX,Stock,US92337F1075,Veracyte Inc,"VERACYTE INC.     DL-,001",deutsche_boerse_frankfurt_all_tradable_equities,exchange_directory,https://www.cashmarket.deutsche-boerse.com/resource/blob/2289108/3a67eacf4ad3419344f37b88a755943f/data/t7-xfra-BF-allTradableInstruments.csv,136b0b1bdb7d4eda17130741,active_official_exact_listing_isin_name
FSX::163,proposed,163,FSX,Stock,US0050981085,Acushnet Holdings Corp,"ACUSHNET HLDGS.CORP -,001",deutsche_boerse_frankfurt_all_tradable_equities,exchange_directory,https://www.cashmarket.deutsche-boerse.com/resource/blob/2289108/3a67eacf4ad3419344f37b88a755943f/data/t7-xfra-BF-allTradableInstruments.csv,a7b96c1c91cff50edbf4bd30,active_official_exact_listing_isin_name
FSX::18G0,proposed,18G0,FSX,Stock,GB00BPK3YZ68,Itaconix plc,"ITACONIX PLC     LS-,50",deutsche_boerse_frankfurt_all_tradable_equities,exchange_directory,https://www.cashmarket.deutsche-boerse.com/resource/blob/2289108/3a67eacf4ad3419344f37b88a755943f/data/t7-xfra-BF-allTradableInstruments.csv,c8b5cde3e027ca3c6fbfc1c2,active_official_exact_listing_isin_name
FSX::19P,proposed,19P,FSX,Stock,US71944F1066,Phreesia Inc,"PHREESIA INC.      DL-,01",deutsche_boerse_frankfurt_all_tradable_equities,exchange_directory,https://www.cashmarket.deutsche-boerse.com/resource/blob/2289108/3a67eacf4ad3419344f37b88a755943f/data/t7-xfra-BF-allTradableInstruments.csv,8039cf1feb5d72ec66ab2b96,active_official_exact_listing_isin_name
FSX::19YA,proposed,19YA,FSX,Stock,US98585L1008,Yiren Digital Ltd,"YIREN DIG. ADR/2 DL-,0001",deutsche_boerse_frankfurt_all_tradable_equities,exchange_directory,https://www.cashmarket.deutsche-boerse.com/resource/blob/2289108/3a67eacf4ad3419344f37b88a755943f/data/t7-xfra-BF-allTradableInstruments.csv,d67c537646203bd5649bd43d,active_official_exact_listing_isin_name
FSX::1AE,proposed,1AE,FSX,Stock,NL0010832176,Argen-X,"ARGENX SE EO -,10",deutsche_boerse_frankfurt_all_tradable_equities,exchange_directory,https://www.cashmarket.deutsche-boerse.com/resource/blob/2289108/3a67eacf4ad3419344f37b88a755943f/data/t7-xfra-BF-allTradableInstruments.csv,def912196ed1c7e3d7222c7f,active_official_exact_listing_isin_name
FSX::1C9,proposed,1C9,FSX,Stock,CA1249003098,CCL Industries Inc,CCL IND. INC. CL.-B-,deutsche_boerse_frankfurt_all_tradable_equities,exchange_directory,https://www.cashmarket.deutsche-boerse.com/resource/blob/2289108/3a67eacf4ad3419344f37b88a755943f/data/t7-xfra-BF-allTradableInstruments.csv,56f099987d7933bc31f24d11,active_official_exact_listing_isin_name
FSX::1DH,proposed,1DH,FSX,Stock,GB0002018363,Clarkson PLC,"CLARKSON PLC       LS-,25",deutsche_boerse_frankfurt_all_tradable_equities,exchange_directory,https://www.cashmarket.deutsche-boerse.com/resource/blob/2289108/3a67eacf4ad3419344f37b88a755943f/data/t7-xfra-BF-allTradableInstruments.csv,60ceaa7b1a24c32c9fe31d7b,active_official_exact_listing_isin_name
FSX::1G70,proposed,1G70,FSX,Stock,US3765358789,Gladstone Capital Corporation,GLADSTONE CAP CORP. NEW,deutsche_boerse_frankfurt_all_tradable_equities,exchange_directory,https://www.cashmarket.deutsche-boerse.com/resource/blob/2289108/3a67eacf4ad3419344f37b88a755943f/data/t7-xfra-BF-allTradableInstruments.csv,7ed93103570639518cafc9fb,active_official_exact_listing_isin_name
FSX::1HI,proposed,1HI,FSX,Stock,US32051X1081,First Hawaiian Inc,"1ST HAWAIIAN INC.  DL-,01",deutsche_boerse_frankfurt_all_tradable_equities,exchange_directory,https://www.cashmarket.deutsche-boerse.com/resource/blob/2289108/3a67eacf4ad3419344f37b88a755943f/data/t7-xfra-BF-allTradableInstruments.csv,8e310190e9b03fd5b11822cf,active_official_exact_listing_isin_name
FSX::1L3,proposed,1L3,FSX,Stock,US53174A1060,Lifco AB (publ),LIFCO AB  UNSP.ADR/1/2,deutsche_boerse_frankfurt_all_tradable_equities,exchange_directory,https://www.cashmarket.deutsche-boerse.com/resource/blob/2289108/3a67eacf4ad3419344f37b88a755943f/data/t7-xfra-BF-allTradableInstruments.csv,b61cf323086765d7b22d9f1a,active_official_exact_listing_isin_name
FSX::1L6,proposed,1L6,FSX,Stock,CH0001624714,CPH Group AG,CPH GROUP AG NAA,deutsche_boerse_frankfurt_all_tradable_equities,exchange_directory,https://www.cashmarket.deutsche-boerse.com/resource/blob/2289108/3a67eacf4ad3419344f37b88a755943f/data/t7-xfra-BF-allTradableInstruments.csv,80ae5172030093a156956b61,active_official_exact_listing_isin_name
FSX::1ON,proposed,1ON,FSX,Stock,US2575541055,Domo Inc,"DOMO INC. CL.B DL-,001",deutsche_boerse_frankfurt_all_tradable_equities,exchange_directory,https://www.cashmarket.deutsche-boerse.com/resource/blob/2289108/3a67eacf4ad3419344f37b88a755943f/data/t7-xfra-BF-allTradableInstruments.csv,026821602e3240225bbf60bf,active_official_exact_listing_isin_name
FSX::1OY,proposed,1OY,FSX,Stock,GB0009292243,Victrex plc,"VICTREX PLC        LS-,01",deutsche_boerse_frankfurt_all_tradable_equities,exchange_directory,https://www.cashmarket.deutsche-boerse.com/resource/blob/2289108/3a67eacf4ad3419344f37b88a755943f/data/t7-xfra-BF-allTradableInstruments.csv,7d77b055cff2aa1f22d1d487,active_official_exact_listing_isin_name
FSX::1PZ,proposed,1PZ,FSX,Stock,NO0010564701,Panoro Energy ASA,"PANORO ENERGY ASA NK 0,05",deutsche_boerse_frankfurt_all_tradable_equities,exchange_directory,https://www.cashmarket.deutsche-boerse.com/resource/blob/2289108/3a67eacf4ad3419344f37b88a755943f/data/t7-xfra-BF-allTradableInstruments.csv,ac081f7355c0d6611d7f2228,active_official_exact_listing_isin_name
FSX::1Q6,proposed,1Q6,FSX,Stock,NO0010861990,Prosafe SE,"PROSAFE SE        EO 1,25",deutsche_boerse_frankfurt_all_tradable_equities,exchange_directory,https://www.cashmarket.deutsche-boerse.com/resource/blob/2289108/3a67eacf4ad3419344f37b88a755943f/data/t7-xfra-BF-allTradableInstruments.csv,aaf80b884f19649780a5ab7c,active_official_exact_listing_isin_name
FSX::1QC,proposed,1QC,FSX,Stock,CA0287921096,American Pacific Mining Corp.,AMER. PACIF. MIN.CORP NEW,deutsche_boerse_frankfurt_all_tradable_equities,exchange_directory,https://www.cashmarket.deutsche-boerse.com/resource/blob/2289108/3a67eacf4ad3419344f37b88a755943f/data/t7-xfra-BF-allTradableInstruments.csv,7a69c7853f44c055a77eeac1,active_official_exact_listing_isin_name
FSX::1QG,proposed,1QG,FSX,Stock,GB00B012BV22,Marshalls PLC,"MARSHALLS PLC     LS -,25",deutsche_boerse_frankfurt_all_tradable_equities,exchange_directory,https://www.cashmarket.deutsche-boerse.com/resource/blob/2289108/3a67eacf4ad3419344f37b88a755943f/data/t7-xfra-BF-allTradableInstruments.csv,a0cafdafa6638bd3260d7368,active_official_exact_listing_isin_name
FSX::1RU,proposed,1RU,FSX,Stock,CH0386200239,Medartis Holding AG,"MEDARTIS HLDG AG SF-,20",deutsche_boerse_frankfurt_all_tradable_equities,exchange_directory,https://www.cashmarket.deutsche-boerse.com/resource/blob/2289108/3a67eacf4ad3419344f37b88a755943f/data/t7-xfra-BF-allTradableInstruments.csv,fe628e7557e693036552389d,active_official_exact_listing_isin_name
FSX::1U1,proposed,1U1,FSX,Stock,DE0005545503,1&1 AG,1+1 AG  INH O.N.,deutsche_boerse_frankfurt_all_tradable_equities,exchange_directory,https://www.cashmarket.deutsche-boerse.com/resource/blob/2289108/3a67eacf4ad3419344f37b88a755943f/data/t7-xfra-BF-allTradableInstruments.csv,035f8edd258fa950fad27dde,active_official_exact_listing_isin_name
FSX::1VRA,proposed,1VRA,FSX,Stock,FR0013447729,Verallia Société Anonyme,"VERALLIA SA (PROM.)EO3,38",deutsche_boerse_frankfurt_all_tradable_equities,exchange_directory,https://www.cashmarket.deutsche-boerse.com/resource/blob/2289108/3a67eacf4ad3419344f37b88a755943f/data/t7-xfra-BF-allTradableInstruments.csv,8af0ab3b445f4cbad90d990a,active_official_exact_listing_isin_name
FSX::1YN,proposed,1YN,FSX,Stock,US98585X1046,YETI Holdings Inc,"YETI HOLDINGS INC  DL-,01",deutsche_boerse_frankfurt_all_tradable_equities,exchange_directory,https://www.cashmarket.deutsche-boerse.com/resource/blob/2289108/3a67eacf4ad3419344f37b88a755943f/data/t7-xfra-BF-allTradableInstruments.csv,53dadeda274eee42ef953a7d,active_official_exact_listing_isin_name
FSX::1YZ,proposed,1YZ,FSX,Stock,GB00B135BJ46,Savills plc,"SAVILLS PLC       LS-,025",deutsche_boerse_frankfurt_all_tradable_equities,exchange_directory,https://www.cashmarket.deutsche-boerse.com/resource/blob/2289108/3a67eacf4ad3419344f37b88a755943f/data/t7-xfra-BF-allTradableInstruments.csv,1e9f2e61622d911e33d8c2be,active_official_exact_listing_isin_name
FSX::1ZV,proposed,1ZV,FSX,Stock,CA0307361026,AmeriTrust Financial Technologies Inc.,AMERITRUST FINL TECHN.INC,deutsche_boerse_frankfurt_all_tradable_equities,exchange_directory,https://www.cashmarket.deutsche-boerse.com/resource/blob/2289108/3a67eacf4ad3419344f37b88a755943f/data/t7-xfra-BF-allTradableInstruments.csv,9cfcc4d1859b8cebd68044ec,active_official_exact_listing_isin_name
FSX::22UA,proposed,22UA,FSX,Stock,US09075V1026,BioNTech SE,BIONTECH SE SPON. ADRS 1,deutsche_boerse_frankfurt_all_tradable_equities,exchange_directory,https://www.cashmarket.deutsche-boerse.com/resource/blob/2289108/3a67eacf4ad3419344f37b88a755943f/data/t7-xfra-BF-allTradableInstruments.csv,0fbe9247e7c5f3c176e9491f,active_official_exact_listing_isin_name
FSX::26R,proposed,26R,FSX,Stock,US74967R1068,The RMR Group Inc,"RMR GROUP INC.CL.A DL-,01",deutsche_boerse_frankfurt_all_tradable_equities,exchange_directory,https://www.cashmarket.deutsche-boerse.com/resource/blob/2289108/3a67eacf4ad3419344f37b88a755943f/data/t7-xfra-BF-allTradableInstruments.csv,b0b1ffa3152b1c2cd14c5a6c,active_official_exact_listing_isin_name
FSX::276,proposed,276,FSX,Stock,NL0011660485,Sif Holding N.V,"SIF HOLDING N.V.   EO-,20",deutsche_boerse_frankfurt_all_tradable_equities,exchange_directory,https://www.cashmarket.deutsche-boerse.com/resource/blob/2289108/3a67eacf4ad3419344f37b88a755943f/data/t7-xfra-BF-allTradableInstruments.csv,64e91fe28aa574283100de2c,active_official_exact_listing_isin_name
FSX::27E,proposed,27E,FSX,Stock,US29357K1034,Enova International Inc,"ENOVA INTL INC.    DL-,01",deutsche_boerse_frankfurt_all_tradable_equities,exchange_directory,https://www.cashmarket.deutsche-boerse.com/resource/blob/2289108/3a67eacf4ad3419344f37b88a755943f/data/t7-xfra-BF-allTradableInstruments.csv,25ed5b0275b06a351a898e8c,active_official_exact_listing_isin_name
FSX::27M,proposed,27M,FSX,Stock,GB00BNGDN821,Melrose Industries PLC,"MELR IN PLC LS-,001",deutsche_boerse_frankfurt_all_tradable_equities,exchange_directory,https://www.cashmarket.deutsche-boerse.com/resource/blob/2289108/3a67eacf4ad3419344f37b88a755943f/data/t7-xfra-BF-allTradableInstruments.csv,36a14d0961a261d1e81b344f,active_official_exact_listing_isin_name
FSX::2A41,proposed,2A41,FSX,Stock,FI4000058870,Aktia Pankki Oyj,AKTIA BANK PLC A,deutsche_boerse_frankfurt_all_tradable_equities,exchange_directory,https://www.cashmarket.deutsche-boerse.com/resource/blob/2289108/3a67eacf4ad3419344f37b88a755943f/data/t7-xfra-BF-allTradableInstruments.csv,792c8f21cf08278a6b9c207c,active_official_exact_listing_isin_name
FSX::2ES,proposed,2ES,FSX,Stock,JP3046500009,Industrial & Infrastructure Fund Investment Corp,IND+INFRSTR.FD INVT CORP.,deutsche_boerse_frankfurt_all_tradable_equities,exchange_directory,https://www.cashmarket.deutsche-boerse.com/resource/blob/2289108/3a67eacf4ad3419344f37b88a755943f/data/t7-xfra-BF-allTradableInstruments.csv,d0d87d4be1d94a7ab248fb3a,active_official_exact_listing_isin_name
FSX::2H51,proposed,2H51,FSX,Stock,US67577C1053,Ocugen Inc,"OCUGEN INC.       DL-,001",deutsche_boerse_frankfurt_all_tradable_equities,exchange_directory,https://www.cashmarket.deutsche-boerse.com/resource/blob/2289108/3a67eacf4ad3419344f37b88a755943f/data/t7-xfra-BF-allTradableInstruments.csv,532c323070b7bc3d90e39322,active_official_exact_listing_isin_name
FSX::2HK,proposed,2HK,FSX,Stock,KYG451581055,HKBN Ltd,"HKBN LTD        HD -,0001",deutsche_boerse_frankfurt_all_tradable_equities,exchange_directory,https://www.cashmarket.deutsche-boerse.com/resource/blob/2289108/3a67eacf4ad3419344f37b88a755943f/data/t7-xfra-BF-allTradableInstruments.csv,e5eecd421113e0f5a641960d,active_official_exact_listing_isin_name
FSX::2HRA,proposed,2HRA,FSX,Stock,DE000A2E4T77,H&R GmbH & Co. KGaA,H+R KGAA  INH. O.N.,deutsche_boerse_frankfurt_all_tradable_equities,exchange_directory,https://www.cashmarket.deutsche-boerse.com/resource/blob/2289108/3a67eacf4ad3419344f37b88a755943f/data/t7-xfra-BF-allTradableInstruments.csv,7fcecb3a8c0db589391c0964,active_official_exact_listing_isin_name
FSX::2II,proposed,2II,FSX,Stock,US45073V1089,ITT Inc,ITT INC.         DL 1,deutsche_boerse_frankfurt_all_tradable_equities,exchange_directory,https://www.cashmarket.deutsche-boerse.com/resource/blob/2289108/3a67eacf4ad3419344f37b88a755943f/data/t7-xfra-BF-allTradableInstruments.csv,bd6d88cf5ca32f61dee8dd19,active_official_exact_listing_isin_name
FSX::2LJ,proposed,2LJ,FSX,Stock,NO0010840515,Axactor SE,"AXACTOR ASA  NK 5,09",deutsche_boerse_frankfurt_all_tradable_equities,exchange_directory,https://www.cashmarket.deutsche-boerse.com/resource/blob/2289108/3a67eacf4ad3419344f37b88a755943f/data/t7-xfra-BF-allTradableInstruments.csv,bda4ddc42b3da3fad2ac3af9,active_official_exact_listing_isin_name
FSX::2M6,proposed,2M6,FSX,Stock,IE00BTN1Y115,Medtronic PLC,"MEDTRONIC PLC    DL-,0001",deutsche_boerse_frankfurt_all_tradable_equities,exchange_directory,https://www.cashmarket.deutsche-boerse.com/resource/blob/2289108/3a67eacf4ad3419344f37b88a755943f/data/t7-xfra-BF-allTradableInstruments.csv,ae90bfcaa911ec6f7238bfcb,active_official_exact_listing_isin_name
FSX::2MK,proposed,2MK,FSX,Stock,CH0420462266,Klingelnberg AG,KLINGELNBERG AG NA    SF5,deutsche_boerse_frankfurt_all_tradable_equities,exchange_directory,https://www.cashmarket.deutsche-boerse.com/resource/blob/2289108/3a67eacf4ad3419344f37b88a755943f/data/t7-xfra-BF-allTradableInstruments.csv,e654321b7e1045a930991eac,active_official_exact_listing_isin_name
FSX::2NM0,proposed,2NM0,FSX,Stock,CNE100006NF4,"S.F. Holding Co., Ltd.",S.F.HOLDING CO.LTD H YC1,deutsche_boerse_frankfurt_all_tradable_equities,exchange_directory,https://www.cashmarket.deutsche-boerse.com/resource/blob/2289108/3a67eacf4ad3419344f37b88a755943f/data/t7-xfra-BF-allTradableInstruments.csv,c2d83a1d93d02d9b847c2e20,active_official_exact_listing_isin_name
FSX::2NN,proposed,2NN,FSX,Stock,NL0010773842,NN Group NV,"NN GROUP NV EO -,12",deutsche_boerse_frankfurt_all_tradable_equities,exchange_directory,https://www.cashmarket.deutsche-boerse.com/resource/blob/2289108/3a67eacf4ad3419344f37b88a755943f/data/t7-xfra-BF-allTradableInstruments.csv,6f10bfae713a78f696a76ca8,active_official_exact_listing_isin_name
FSX::2OY,proposed,2OY,FSX,Stock,US2605571031,Dow Inc,"DOW INC.           DL-,01",deutsche_boerse_frankfurt_all_tradable_equities,exchange_directory,https://www.cashmarket.deutsche-boerse.com/resource/blob/2289108/3a67eacf4ad3419344f37b88a755943f/data/t7-xfra-BF-allTradableInstruments.csv,c64bc351c3a8e3eae8f3de6c,active_official_exact_listing_isin_name
FSX::2UA,proposed,2UA,FSX,Stock,GB00BVYVFW23,Auto Trader Group Plc,"AUTOTR. GROUP PLC  LS0,01",deutsche_boerse_frankfurt_all_tradable_equities,exchange_directory,https://www.cashmarket.deutsche-boerse.com/resource/blob/2289108/3a67eacf4ad3419344f37b88a755943f/data/t7-xfra-BF-allTradableInstruments.csv,d25be0d95e2e6ad1f13ca2ae,active_official_exact_listing_isin_name
FSX::2WZ,proposed,2WZ,FSX,Stock,US67098H1041,O-I Glass Inc,"O-I GLASS INC.     DL-,01",deutsche_boerse_frankfurt_all_tradable_equities,exchange_directory,https://www.cashmarket.deutsche-boerse.com/resource/blob/2289108/3a67eacf4ad3419344f37b88a755943f/data/t7-xfra-BF-allTradableInstruments.csv,15b3533461e7de384d0ff844,active_official_exact_listing_isin_name
FSX::2X0,proposed,2X0,FSX,Stock,US22052L1044,Corteva Inc,"CORTEVA INC.      DL -,01",deutsche_boerse_frankfurt_all_tradable_equities,exchange_directory,https://www.cashmarket.deutsche-boerse.com/resource/blob/2289108/3a67eacf4ad3419344f37b88a755943f/data/t7-xfra-BF-allTradableInstruments.csv,27b7545f6269148425f84b20,active_official_exact_listing_isin_name
FSX::2X1,proposed,2X1,FSX,Stock,FR0012333284,Abivax SA,"ABIVAX SA         EO -,01",deutsche_boerse_frankfurt_all_tradable_equities,exchange_directory,https://www.cashmarket.deutsche-boerse.com/resource/blob/2289108/3a67eacf4ad3419344f37b88a755943f/data/t7-xfra-BF-allTradableInstruments.csv,eff2b9d9921114e184af2698,active_official_exact_listing_isin_name
FSX::34T1,proposed,34T1,FSX,Stock,KYG888311134,Tiangong International Company Limited,"TIANGONG INTL CO.DL-,0025",deutsche_boerse_frankfurt_all_tradable_equities,exchange_directory,https://www.cashmarket.deutsche-boerse.com/resource/blob/2289108/3a67eacf4ad3419344f37b88a755943f/data/t7-xfra-BF-allTradableInstruments.csv,972caad1c0399aa103386278,active_official_exact_listing_isin_name
FSX::34V,proposed,34V,FSX,Stock,CNE100002003,Guolian Securities Co. Ltd,GUOLIAN SECS CO.LTD H YC1,deutsche_boerse_frankfurt_all_tradable_equities,exchange_directory,https://www.cashmarket.deutsche-boerse.com/resource/blob/2289108/3a67eacf4ad3419344f37b88a755943f/data/t7-xfra-BF-allTradableInstruments.csv,ff98ba24a4cd4fd29ccfe997,active_official_exact_listing_isin_name
FSX::3A9,proposed,3A9,FSX,Stock,US17253J1060,Cipher Mining Inc,CIPHER DIGITAL INC.,deutsche_boerse_frankfurt_all_tradable_equities,exchange_directory,https://www.cashmarket.deutsche-boerse.com/resource/blob/2289108/3a67eacf4ad3419344f37b88a755943f/data/t7-xfra-BF-allTradableInstruments.csv,5270bbb7bb357b4807d67d6a,active_official_exact_listing_isin_name
FSX::3B7,proposed,3B7,FSX,Stock,SE0010442418,Bahnhof AB (publ),BAHNHOF AB AK B,deutsche_boerse_frankfurt_all_tradable_equities,exchange_directory,https://www.cashmarket.deutsche-boerse.com/resource/blob/2289108/3a67eacf4ad3419344f37b88a755943f/data/t7-xfra-BF-allTradableInstruments.csv,e7334d0a64952ad0141e0965,active_official_exact_listing_isin_name
FSX::3E2,proposed,3E2,FSX,Stock,US29786A1060,Etsy Inc,"ETSY INC.         DL-,001",deutsche_boerse_frankfurt_all_tradable_equities,exchange_directory,https://www.cashmarket.deutsche-boerse.com/resource/blob/2289108/3a67eacf4ad3419344f37b88a755943f/data/t7-xfra-BF-allTradableInstruments.csv,ca576c9c3a05b3eff71e549f,active_official_exact_listing_isin_name
FSX::3F3,proposed,3F3,FSX,Stock,FR0010492199,Foraco International SA,FORACO INTL SA      EO 15,deutsche_boerse_frankfurt_all_tradable_equities,exchange_directory,https://www.cashmarket.deutsche-boerse.com/resource/blob/2289108/3a67eacf4ad3419344f37b88a755943f/data/t7-xfra-BF-allTradableInstruments.csv,ad2f3945af0af0108d68e5c7,active_official_exact_listing_isin_name
FSX::3FF,proposed,3FF,FSX,Stock,US36116M1062,FutureFuel Corp,"FUTUREFUEL CORP. DL-,0001",deutsche_boerse_frankfurt_all_tradable_equities,exchange_directory,https://www.cashmarket.deutsche-boerse.com/resource/blob/2289108/3a67eacf4ad3419344f37b88a755943f/data/t7-xfra-BF-allTradableInstruments.csv,2a76b6f6f608a123b0207a4a,active_official_exact_listing_isin_name
FSX::3G0,proposed,3G0,FSX,Stock,US02155H2004,Altimmune Inc,"ALTIMMUNE INC.   DL-,0001",deutsche_boerse_frankfurt_all_tradable_equities,exchange_directory,https://www.cashmarket.deutsche-boerse.com/resource/blob/2289108/3a67eacf4ad3419344f37b88a755943f/data/t7-xfra-BF-allTradableInstruments.csv,ccf37909e77d43d28ba4e9ef,active_official_exact_listing_isin_name
FSX::3GS,proposed,3GS,FSX,Stock,KYG3932Q1029,Global Sweeteners Holdings Limited,"GLOBAL CORN GROUP  HD-,01",deutsche_boerse_frankfurt_all_tradable_equities,exchange_directory,https://www.cashmarket.deutsche-boerse.com/resource/blob/2289108/3a67eacf4ad3419344f37b88a755943f/data/t7-xfra-BF-allTradableInstruments.csv,d04de1dd1bf185453dd8a1c7,active_official_exact_listing_isin_name
FSX::3HJ,proposed,3HJ,FSX,Stock,SG1W27938677,Lippo Malls Indonesia Retail Trust,LANDMARK REIT,deutsche_boerse_frankfurt_all_tradable_equities,exchange_directory,https://www.cashmarket.deutsche-boerse.com/resource/blob/2289108/3a67eacf4ad3419344f37b88a755943f/data/t7-xfra-BF-allTradableInstruments.csv,ba841d27c167842e1e07cc07,active_official_exact_listing_isin_name
FSX::3I5,proposed,3I5,FSX,Stock,US35905A1097,Frontdoor Inc,"FRONTDOOR INC.   DL-,01",deutsche_boerse_frankfurt_all_tradable_equities,exchange_directory,https://www.cashmarket.deutsche-boerse.com/resource/blob/2289108/3a67eacf4ad3419344f37b88a755943f/data/t7-xfra-BF-allTradableInstruments.csv,b6ef632b6aa293ed5cf20771,active_official_exact_listing_isin_name
FSX::3K1,proposed,3K1,FSX,Stock,KYG5264Y1089,Kingsoft Corporation Limited,"KINGSOFT COR.LTD DL-,0005",deutsche_boerse_frankfurt_all_tradable_equities,exchange_directory,https://www.cashmarket.deutsche-boerse.com/resource/blob/2289108/3a67eacf4ad3419344f37b88a755943f/data/t7-xfra-BF-allTradableInstruments.csv,f8249ba3c73f75a318d338fd,active_official_exact_listing_isin_name
FSX::3L1,proposed,3L1,FSX,Stock,US5663301068,The Marcus Corporation,MARCUS CORP.         DL 1,deutsche_boerse_frankfurt_all_tradable_equities,exchange_directory,https://www.cashmarket.deutsche-boerse.com/resource/blob/2289108/3a67eacf4ad3419344f37b88a755943f/data/t7-xfra-BF-allTradableInstruments.csv,794b653e59e28c7ed1259bec,active_official_exact_listing_isin_name
FSX::3L7A,proposed,3L7A,FSX,Stock,US74758T3032,Qualys Inc,"QUALYS INC.      DL -,001",deutsche_boerse_frankfurt_all_tradable_equities,exchange_directory,https://www.cashmarket.deutsche-boerse.com/resource/blob/2289108/3a67eacf4ad3419344f37b88a755943f/data/t7-xfra-BF-allTradableInstruments.csv,6f89e0b4e448f200b467c0fc,active_official_exact_listing_isin_name
FSX::3P71,proposed,3P71,FSX,Stock,US6983413021,Pandora A/S,"PANDORA  UNSP.ADR/0,125",deutsche_boerse_frankfurt_all_tradable_equities,exchange_directory,https://www.cashmarket.deutsche-boerse.com/resource/blob/2289108/3a67eacf4ad3419344f37b88a755943f/data/t7-xfra-BF-allTradableInstruments.csv,a85e6a18cfd16f5535b89696,active_official_exact_listing_isin_name
FSX::3RR,proposed,3RR,FSX,Stock,BMG763301022,RomReal Limited,"ROMREAL LTD.    EO 0,0025",deutsche_boerse_frankfurt_all_tradable_equities,exchange_directory,https://www.cashmarket.deutsche-boerse.com/resource/blob/2289108/3a67eacf4ad3419344f37b88a755943f/data/t7-xfra-BF-allTradableInstruments.csv,75f2b65536cb85cdc3b0798c,active_official_exact_listing_isin_name
FSX::3S9,proposed,3S9,FSX,Stock,US86771W1053,Sunrun Inc,"SUNRUN INC.      DL-,0001",deutsche_boerse_frankfurt_all_tradable_equities,exchange_directory,https://www.cashmarket.deutsche-boerse.com/resource/blob/2289108/3a67eacf4ad3419344f37b88a755943f/data/t7-xfra-BF-allTradableInstruments.csv,0d97df4036341cf350dbd72a,active_official_exact_listing_isin_name
FSX::3V64,proposed,3V64,FSX,Stock,US92826C8394,Visa Inc,"VISA INC. CL. A DL -,0001",deutsche_boerse_frankfurt_all_tradable_equities,exchange_directory,https://www.cashmarket.deutsche-boerse.com/resource/blob/2289108/3a67eacf4ad3419344f37b88a755943f/data/t7-xfra-BF-allTradableInstruments.csv,854fb6f7123796774329759a,active_official_exact_listing_isin_name
FSX::3VM,proposed,3VM,FSX,Stock,SE0023112438,Modelon AB (publ),MODELON AB AK O.N.,deutsche_boerse_frankfurt_all_tradable_equities,exchange_directory,https://www.cashmarket.deutsche-boerse.com/resource/blob/2289108/3a67eacf4ad3419344f37b88a755943f/data/t7-xfra-BF-allTradableInstruments.csv,08b331c43323e6a28e1db343,active_official_exact_listing_isin_name
FSX::41X,proposed,41X,FSX,Stock,US0396971071,Ardelyx Inc,"ARDELYX INC.     DL-,0001",deutsche_boerse_frankfurt_all_tradable_equities,exchange_directory,https://www.cashmarket.deutsche-boerse.com/resource/blob/2289108/3a67eacf4ad3419344f37b88a755943f/data/t7-xfra-BF-allTradableInstruments.csv,796f7ce8f377f4df632df372,active_official_exact_listing_isin_name
FSX::43D,proposed,43D,FSX,Stock,US2372661015,Darling Ingredients Inc,"DARLING INGRED.INC.DL-,01",deutsche_boerse_frankfurt_all_tradable_equities,exchange_directory,https://www.cashmarket.deutsche-boerse.com/resource/blob/2289108/3a67eacf4ad3419344f37b88a755943f/data/t7-xfra-BF-allTradableInstruments.csv,79f1b65484a82ee0cb96325f,active_official_exact_listing_isin_name
FSX::43Z,proposed,43Z,FSX,Stock,US80810D1037,"Schrödinger, Inc.","SCHRODINGER INC.DL -,01",deutsche_boerse_frankfurt_all_tradable_equities,exchange_directory,https://www.cashmarket.deutsche-boerse.com/resource/blob/2289108/3a67eacf4ad3419344f37b88a755943f/data/t7-xfra-BF-allTradableInstruments.csv,1ad66899772dccd927bdda0a,active_official_exact_listing_isin_name
FSX::44B,proposed,44B,FSX,Stock,GB0001859296,Vistry Group PLC,"VISTRY GROUP PLC   LS-,50",deutsche_boerse_frankfurt_all_tradable_equities,exchange_directory,https://www.cashmarket.deutsche-boerse.com/resource/blob/2289108/3a67eacf4ad3419344f37b88a755943f/data/t7-xfra-BF-allTradableInstruments.csv,555c3f31449c83c7e2351c43,active_official_exact_listing_isin_name
FSX::47Q,proposed,47Q,FSX,Stock,US69047Q1022,Ovintiv Inc,"OVINTIV INC.       DL-,01",deutsche_boerse_frankfurt_all_tradable_equities,exchange_directory,https://www.cashmarket.deutsche-boerse.com/resource/blob/2289108/3a67eacf4ad3419344f37b88a755943f/data/t7-xfra-BF-allTradableInstruments.csv,a3b062ee4f396f68cbbcf8f8,active_official_exact_listing_isin_name
FSX::48W,proposed,48W,FSX,Stock,GB00BKM0ZJ18,Pensana Plc,"PENSANA PLC       LS-,001",deutsche_boerse_frankfurt_all_tradable_equities,exchange_directory,https://www.cashmarket.deutsche-boerse.com/resource/blob/2289108/3a67eacf4ad3419344f37b88a755943f/data/t7-xfra-BF-allTradableInstruments.csv,7733502b6c29c1f275a413b9,active_official_exact_listing_isin_name
FSX::4AB,proposed,4AB,FSX,Stock,US00287Y1091,AbbVie Inc,"ABBVIE INC.        DL-,01",deutsche_boerse_frankfurt_all_tradable_equities,exchange_directory,https://www.cashmarket.deutsche-boerse.com/resource/blob/2289108/3a67eacf4ad3419344f37b88a755943f/data/t7-xfra-BF-allTradableInstruments.csv,b1296218c4b3860f5feee323,active_official_exact_listing_isin_name
FSX::4BW,proposed,4BW,FSX,Stock,US05605H1005,BWX Technologies Inc,"BWX TECHS INC.     DL-,01",deutsche_boerse_frankfurt_all_tradable_equities,exchange_directory,https://www.cashmarket.deutsche-boerse.com/resource/blob/2289108/3a67eacf4ad3419344f37b88a755943f/data/t7-xfra-BF-allTradableInstruments.csv,894ad348f5e9fe27982efe26,active_official_exact_listing_isin_name
FSX::4C0,proposed,4C0,FSX,Stock,US2067871036,Conduent Inc,"CONDUENT INC.     DL-,01",deutsche_boerse_frankfurt_all_tradable_equities,exchange_directory,https://www.cashmarket.deutsche-boerse.com/resource/blob/2289108/3a67eacf4ad3419344f37b88a755943f/data/t7-xfra-BF-allTradableInstruments.csv,c2cfb52247f22f75425beb8c,active_official_exact_listing_isin_name
FSX::4DH,proposed,4DH,FSX,Stock,US2358252052,Dana Inc,"DANA INC.         DL -,01",deutsche_boerse_frankfurt_all_tradable_equities,exchange_directory,https://www.cashmarket.deutsche-boerse.com/resource/blob/2289108/3a67eacf4ad3419344f37b88a755943f/data/t7-xfra-BF-allTradableInstruments.csv,a1d1ea65a5188892303e330d,active_official_exact_listing_isin_name
FSX::4DN,proposed,4DN,FSX,Stock,US24823R1059,Denali Therapeutics Inc,"DENALI THERAP.INC. DL-,01",deutsche_boerse_frankfurt_all_tradable_equities,exchange_directory,https://www.cashmarket.deutsche-boerse.com/resource/blob/2289108/3a67eacf4ad3419344f37b88a755943f/data/t7-xfra-BF-allTradableInstruments.csv,b340af11c14fbebbf0a429bd,active_official_exact_listing_isin_name
FSX::4GY,proposed,4GY,FSX,Stock,GB00BZBX0P70,Gym Group (The) PLC,"THE GYM GROUP     LS -,01",deutsche_boerse_frankfurt_all_tradable_equities,exchange_directory,https://www.cashmarket.deutsche-boerse.com/resource/blob/2289108/3a67eacf4ad3419344f37b88a755943f/data/t7-xfra-BF-allTradableInstruments.csv,9c552154a8d9cc5a4b6db665,active_official_exact_listing_isin_name
FSX::4H6,proposed,4H6,FSX,Stock,ZAE000096210,Hulamin Limited,"HULAMIN LTD       RC -,10",deutsche_boerse_frankfurt_all_tradable_equities,exchange_directory,https://www.cashmarket.deutsche-boerse.com/resource/blob/2289108/3a67eacf4ad3419344f37b88a755943f/data/t7-xfra-BF-allTradableInstruments.csv,6f36a5ed6b1d3f00204a2034,active_official_exact_listing_isin_name
FSX::4JMA,proposed,4JMA,FSX,Stock,US48138M1053,Jumia Technologies AG,JUMIA TECH. SP.ADR/2 O.N.,deutsche_boerse_frankfurt_all_tradable_equities,exchange_directory,https://www.cashmarket.deutsche-boerse.com/resource/blob/2289108/3a67eacf4ad3419344f37b88a755943f/data/t7-xfra-BF-allTradableInstruments.csv,b3dcc482c18fd7f33110c6e3,active_official_exact_listing_isin_name
FSX::4MGN,proposed,4MGN,FSX,Stock,US57667L1070,Match Group Inc,"MATCH GR.INC. NEW DL-,001",deutsche_boerse_frankfurt_all_tradable_equities,exchange_directory,https://www.cashmarket.deutsche-boerse.com/resource/blob/2289108/3a67eacf4ad3419344f37b88a755943f/data/t7-xfra-BF-allTradableInstruments.csv,b6de6fb1ceb28a587b62be50,active_official_exact_listing_isin_name
FSX::4PG,proposed,4PG,FSX,Stock,US68902V1070,Otis Worldwide Corp,"OTIS WORLDWID.CORP DL-,01",deutsche_boerse_frankfurt_all_tradable_equities,exchange_directory,https://www.cashmarket.deutsche-boerse.com/resource/blob/2289108/3a67eacf4ad3419344f37b88a755943f/data/t7-xfra-BF-allTradableInstruments.csv,4fc1e9e34b211cfc4dc450f9,active_official_exact_listing_isin_name
FSX::4PN,proposed,4PN,FSX,Stock,US14448C1045,Carrier Global Corporation,"CARRIER GLBL CORP  DL-,01",deutsche_boerse_frankfurt_all_tradable_equities,exchange_directory,https://www.cashmarket.deutsche-boerse.com/resource/blob/2289108/3a67eacf4ad3419344f37b88a755943f/data/t7-xfra-BF-allTradableInstruments.csv,25ff42f5bb5bc829b316dbc0,active_official_exact_listing_isin_name
FSX::4RW,proposed,4RW,FSX,Stock,IT0005054967,Rai Way S.p.A,RAI WAY SPA O.N.,deutsche_boerse_frankfurt_all_tradable_equities,exchange_directory,https://www.cashmarket.deutsche-boerse.com/resource/blob/2289108/3a67eacf4ad3419344f37b88a755943f/data/t7-xfra-BF-allTradableInstruments.csv,7f4fa27e18a9cd826b701a5a,active_official_exact_listing_isin_name
FSX::4SM,proposed,4SM,FSX,Stock,NO0010187032,Magnora ASA,"MAGNORA ASA       NK 0,50",deutsche_boerse_frankfurt_all_tradable_equities,exchange_directory,https://www.cashmarket.deutsche-boerse.com/resource/blob/2289108/3a67eacf4ad3419344f37b88a755943f/data/t7-xfra-BF-allTradableInstruments.csv,5d4e89b2a5369f553eb41a42,active_official_exact_listing_isin_name
FSX::4U4,proposed,4U4,FSX,Stock,KYG5340S1093,"Laekna, Inc.","LAEKNA INC. DL-,00001",deutsche_boerse_frankfurt_all_tradable_equities,exchange_directory,https://www.cashmarket.deutsche-boerse.com/resource/blob/2289108/3a67eacf4ad3419344f37b88a755943f/data/t7-xfra-BF-allTradableInstruments.csv,ad82a91c0de04523e45d27cf,active_official_exact_listing_isin_name
FSX::4VK,proposed,4VK,FSX,Stock,IE00BLP1HW54,Aon PLC,"AON PLC A         DL -,01",deutsche_boerse_frankfurt_all_tradable_equities,exchange_directory,https://www.cashmarket.deutsche-boerse.com/resource/blob/2289108/3a67eacf4ad3419344f37b88a755943f/data/t7-xfra-BF-allTradableInstruments.csv,2c4e5f73a7834de4841138f9,active_official_exact_listing_isin_name
FSX::4Y50,proposed,4Y50,FSX,Stock,FR001400LO86,DBT SA,"DBT SA        EO 0,01",deutsche_boerse_frankfurt_all_tradable_equities,exchange_directory,https://www.cashmarket.deutsche-boerse.com/resource/blob/2289108/3a67eacf4ad3419344f37b88a755943f/data/t7-xfra-BF-allTradableInstruments.csv,46872e9041a11d3c96cb2fde,active_official_exact_listing_isin_name
FSX::51B,proposed,51B,FSX,Stock,GB00B4QVDF07,Bioventix PLC,"BIOVENTIX PLC     LS -,05",deutsche_boerse_frankfurt_all_tradable_equities,exchange_directory,https://www.cashmarket.deutsche-boerse.com/resource/blob/2289108/3a67eacf4ad3419344f37b88a755943f/data/t7-xfra-BF-allTradableInstruments.csv,cd0b99ffb221cc6837bb9b70,active_official_exact_listing_isin_name
FSX::541,proposed,541,FSX,Stock,US00090Q1031,ADT Inc,"ADT INC.  DL-,01",deutsche_boerse_frankfurt_all_tradable_equities,exchange_directory,https://www.cashmarket.deutsche-boerse.com/resource/blob/2289108/3a67eacf4ad3419344f37b88a755943f/data/t7-xfra-BF-allTradableInstruments.csv,13f8a66fa792c36438ea0785,active_official_exact_listing_isin_name
FSX::54E,proposed,54E,FSX,Stock,US03957W1062,Archrock Inc,"ARCHROCK INC.      DL-,01",deutsche_boerse_frankfurt_all_tradable_equities,exchange_directory,https://www.cashmarket.deutsche-boerse.com/resource/blob/2289108/3a67eacf4ad3419344f37b88a755943f/data/t7-xfra-BF-allTradableInstruments.csv,8eb75984a040d7c8695ea3fa,active_official_exact_listing_isin_name
FSX::5730,proposed,5730,FSX,Stock,CA8949431099,Trenchant Technologies Capital Corp.,TRENCHANT TECH.CAP.CORP.,deutsche_boerse_frankfurt_all_tradable_equities,exchange_directory,https://www.cashmarket.deutsche-boerse.com/resource/blob/2289108/3a67eacf4ad3419344f37b88a755943f/data/t7-xfra-BF-allTradableInstruments.csv,7cc2b15724efeb97b388f3d4,active_official_exact_listing_isin_name
FSX::597,proposed,597,FSX,Stock,HK0000337987,BOCOM International Holdings Company Limited,BOCOM INT.HLDGS CO. LTD,deutsche_boerse_frankfurt_all_tradable_equities,exchange_directory,https://www.cashmarket.deutsche-boerse.com/resource/blob/2289108/3a67eacf4ad3419344f37b88a755943f/data/t7-xfra-BF-allTradableInstruments.csv,93fb77f27bb094a486fca453,active_official_exact_listing_isin_name
FSX::5BU0,proposed,5BU0,FSX,Stock,US98955N2071,Zhihu Inc.,ZHIHU INC.SP.ADR/3 CL.A,deutsche_boerse_frankfurt_all_tradable_equities,exchange_directory,https://www.cashmarket.deutsche-boerse.com/resource/blob/2289108/3a67eacf4ad3419344f37b88a755943f/data/t7-xfra-BF-allTradableInstruments.csv,a598ac1c9aee9f3304d4d373,active_official_exact_listing_isin_name
FSX::5J70,proposed,5J70,FSX,Stock,SE0023468194,Tangiamo Touch Technology AB (publ),36 GROUP AB,deutsche_boerse_frankfurt_all_tradable_equities,exchange_directory,https://www.cashmarket.deutsche-boerse.com/resource/blob/2289108/3a67eacf4ad3419344f37b88a755943f/data/t7-xfra-BF-allTradableInstruments.csv,aeb41afe94234981422bcee0,active_official_exact_listing_isin_name
FSX::5JY,proposed,5JY,FSX,Stock,GB00B64NSP76,Costain Group PLC,"COSTAIN GRP PLC    LS-,01",deutsche_boerse_frankfurt_all_tradable_equities,exchange_directory,https://www.cashmarket.deutsche-boerse.com/resource/blob/2289108/3a67eacf4ad3419344f37b88a755943f/data/t7-xfra-BF-allTradableInstruments.csv,e14a83589e05707b3c2d9f7b,active_official_exact_listing_isin_name
FSX::5OV0,proposed,5OV0,FSX,Stock,CA8465011044,Sparc Al Inc.,SPARC AI INC.,deutsche_boerse_frankfurt_all_tradable_equities,exchange_directory,https://www.cashmarket.deutsche-boerse.com/resource/blob/2289108/3a67eacf4ad3419344f37b88a755943f/data/t7-xfra-BF-allTradableInstruments.csv,32be340c79e48826554a6e24,active_official_exact_listing_isin_name
FSX::5PH,proposed,5PH,FSX,Stock,GG00BG0KTL52,Gemfields Group Limited,GEMFIELDS GROUP  DL-00001,deutsche_boerse_frankfurt_all_tradable_equities,exchange_directory,https://www.cashmarket.deutsche-boerse.com/resource/blob/2289108/3a67eacf4ad3419344f37b88a755943f/data/t7-xfra-BF-allTradableInstruments.csv,117db3fb3df298d30c163f86,active_official_exact_listing_isin_name
FSX::5Q8,proposed,5Q8,FSX,Stock,US74874Q1004,QuinStreet Inc,"QUINSTREET INC     DL-,01",deutsche_boerse_frankfurt_all_tradable_equities,exchange_directory,https://www.cashmarket.deutsche-boerse.com/resource/blob/2289108/3a67eacf4ad3419344f37b88a755943f/data/t7-xfra-BF-allTradableInstruments.csv,c4d5611a96a2ee76928bd63b,active_official_exact_listing_isin_name
FSX::5QR,proposed,5QR,FSX,Stock,SE0011204510,Nederman Holding AB (publ),NEDERMAN HLDG AB,deutsche_boerse_frankfurt_all_tradable_equities,exchange_directory,https://www.cashmarket.deutsche-boerse.com/resource/blob/2289108/3a67eacf4ad3419344f37b88a755943f/data/t7-xfra-BF-allTradableInstruments.csv,35df605b95b361b99953b3bb,active_official_exact_listing_isin_name
FSX::5TQ,proposed,5TQ,FSX,Stock,FI0009009559,PARTNERA OY,FOAMIT OYJ,deutsche_boerse_frankfurt_all_tradable_equities,exchange_directory,https://www.cashmarket.deutsche-boerse.com/resource/blob/2289108/3a67eacf4ad3419344f37b88a755943f/data/t7-xfra-BF-allTradableInstruments.csv,0d1050da9e3bcb57a6c745c7,active_official_exact_listing_isin_name
FSX::5UM,proposed,5UM,FSX,Stock,HK0000255361,Genertec Universal Medical Group Company Limited,GENERTEC UNIVER.MED.GR.CO,deutsche_boerse_frankfurt_all_tradable_equities,exchange_directory,https://www.cashmarket.deutsche-boerse.com/resource/blob/2289108/3a67eacf4ad3419344f37b88a755943f/data/t7-xfra-BF-allTradableInstruments.csv,faac1781fc65483567325fbd,active_official_exact_listing_isin_name
FSX::5UR,proposed,5UR,FSX,Stock,US75513E1010,RTX Corp,"RTX CORP.            -,01",deutsche_boerse_frankfurt_all_tradable_equities,exchange_directory,https://www.cashmarket.deutsche-boerse.com/resource/blob/2289108/3a67eacf4ad3419344f37b88a755943f/data/t7-xfra-BF-allTradableInstruments.csv,f5346075e7ca6427c6f470c6,active_official_exact_listing_isin_name
FSX::5Y20,proposed,5Y20,FSX,Stock,US25445T1060,Dino Polska S.A.,"DINO POLSKAUN.ADR 1 ZY-,1",deutsche_boerse_frankfurt_all_tradable_equities,exchange_directory,https://www.cashmarket.deutsche-boerse.com/resource/blob/2289108/3a67eacf4ad3419344f37b88a755943f/data/t7-xfra-BF-allTradableInstruments.csv,c372e1a8f3fb3b521a8d905b,active_official_exact_listing_isin_name
FSX::5ZW,proposed,5ZW,FSX,Stock,KYG4469K1040,Helens International Holdings Company Limited,HELENS INTL HLDGS CO LTD,deutsche_boerse_frankfurt_all_tradable_equities,exchange_directory,https://www.cashmarket.deutsche-boerse.com/resource/blob/2289108/3a67eacf4ad3419344f37b88a755943f/data/t7-xfra-BF-allTradableInstruments.csv,4c26c6083fff5939f15d430c,active_official_exact_listing_isin_name
FSX::6IO,proposed,6IO,FSX,Stock,US45780L1044,Inogen Inc,"INOGEN INC.      DL -,001",deutsche_boerse_frankfurt_all_tradable_equities,exchange_directory,https://www.cashmarket.deutsche-boerse.com/resource/blob/2289108/3a67eacf4ad3419344f37b88a755943f/data/t7-xfra-BF-allTradableInstruments.csv,d99e0c4732f4200fb5681445,active_official_exact_listing_isin_name
FSX::6LV,proposed,6LV,FSX,Stock,US00938A1043,Airgain Inc,"AIRGAIN INC.     DL-,0001",deutsche_boerse_frankfurt_all_tradable_equities,exchange_directory,https://www.cashmarket.deutsche-boerse.com/resource/blob/2289108/3a67eacf4ad3419344f37b88a755943f/data/t7-xfra-BF-allTradableInstruments.csv,5b9d9cb31712ddf7cac969e3,active_official_exact_listing_isin_name
FSX::6MN,proposed,6MN,FSX,Stock,JP3876600002,MARUHA NICHIRO CORP.,UMIOS CORP.,deutsche_boerse_frankfurt_all_tradable_equities,exchange_directory,https://www.cashmarket.deutsche-boerse.com/resource/blob/2289108/3a67eacf4ad3419344f37b88a755943f/data/t7-xfra-BF-allTradableInstruments.csv,25837eb879edf4c21b7656a6,active_official_exact_listing_isin_name
FSX::6MT,proposed,6MT,FSX,Stock,CNE100000FF3,Metallurgical Corporation of China Ltd,METALLURG.CORP.O.CN.H YC1,deutsche_boerse_frankfurt_all_tradable_equities,exchange_directory,https://www.cashmarket.deutsche-boerse.com/resource/blob/2289108/3a67eacf4ad3419344f37b88a755943f/data/t7-xfra-BF-allTradableInstruments.csv,c02571baa52abdee46489e46,active_official_exact_listing_isin_name
FSX::6NM,proposed,6NM,FSX,Stock,US6292093050,NMI Holdings Inc,"NMI HOLDS INC.    DL -,01",deutsche_boerse_frankfurt_all_tradable_equities,exchange_directory,https://www.cashmarket.deutsche-boerse.com/resource/blob/2289108/3a67eacf4ad3419344f37b88a755943f/data/t7-xfra-BF-allTradableInstruments.csv,7b8d084f704d18d092140ec6,active_official_exact_listing_isin_name
FSX::6NY,proposed,6NY,FSX,Stock,SG1CF0000001,GS HOLDINGS LTD.,OCTOPUS (APAC) HLDGS.LTD.,deutsche_boerse_frankfurt_all_tradable_equities,exchange_directory,https://www.cashmarket.deutsche-boerse.com/resource/blob/2289108/3a67eacf4ad3419344f37b88a755943f/data/t7-xfra-BF-allTradableInstruments.csv,a9221ed182cc76eccd0cbe19,active_official_exact_listing_isin_name
FSX::6PU,proposed,6PU,FSX,Stock,US74624M1027,Pure Storage Inc,EVERPURE INC CL.A DL-0001,deutsche_boerse_frankfurt_all_tradable_equities,exchange_directory,https://www.cashmarket.deutsche-boerse.com/resource/blob/2289108/3a67eacf4ad3419344f37b88a755943f/data/t7-xfra-BF-allTradableInstruments.csv,a56bb8fd37dbf67f7da816e8,active_official_exact_listing_isin_name
FSX::6TS,proposed,6TS,FSX,Stock,US29430C1027,Vestis Corporation,"VESTIS CORP. DL-,01",deutsche_boerse_frankfurt_all_tradable_equities,exchange_directory,https://www.cashmarket.deutsche-boerse.com/resource/blob/2289108/3a67eacf4ad3419344f37b88a755943f/data/t7-xfra-BF-allTradableInstruments.csv,08231374f85ef8ae6fe41537,active_official_exact_listing_isin_name
FSX::6YA,proposed,6YA,FSX,Stock,NO0010713571,SoilTech AS,"SOILTECH ASA      NK -,13",deutsche_boerse_frankfurt_all_tradable_equities,exchange_directory,https://www.cashmarket.deutsche-boerse.com/resource/blob/2289108/3a67eacf4ad3419344f37b88a755943f/data/t7-xfra-BF-allTradableInstruments.csv,782c40165d2ed75e1f16b100,active_official_exact_listing_isin_name
FSX::752,proposed,752,FSX,Stock,ES0105848008,"Cox ABG Group, S.A.",COX ABG GROUP S.A. O.N.,deutsche_boerse_frankfurt_all_tradable_equities,exchange_directory,https://www.cashmarket.deutsche-boerse.com/resource/blob/2289108/3a67eacf4ad3419344f37b88a755943f/data/t7-xfra-BF-allTradableInstruments.csv,f1a0f1829597d35894f4e5df,active_official_exact_listing_isin_name
FSX::7850,proposed,7850,FSX,Stock,KYG913841006,Tuya Inc.,"TUYA INC.   DL -,00005",deutsche_boerse_frankfurt_all_tradable_equities,exchange_directory,https://www.cashmarket.deutsche-boerse.com/resource/blob/2289108/3a67eacf4ad3419344f37b88a755943f/data/t7-xfra-BF-allTradableInstruments.csv,a3b974250140701834ba6485,active_official_exact_listing_isin_name
FSX::79T,proposed,79T,FSX,Stock,SE0001860511,MEDIMI AB AK,SERVANA AB             AK,deutsche_boerse_frankfurt_all_tradable_equities,exchange_directory,https://www.cashmarket.deutsche-boerse.com/resource/blob/2289108/3a67eacf4ad3419344f37b88a755943f/data/t7-xfra-BF-allTradableInstruments.csv,68c80e9c8ec92092e7347bce,active_official_exact_listing_isin_name
FSX::7AQ0,proposed,7AQ0,FSX,Stock,SE0022062196,AQ Group AB (publ),"AQ GROUP AB       SK 0,40",deutsche_boerse_frankfurt_all_tradable_equities,exchange_directory,https://www.cashmarket.deutsche-boerse.com/resource/blob/2289108/3a67eacf4ad3419344f37b88a755943f/data/t7-xfra-BF-allTradableInstruments.csv,4655d06ccd311fb59f256f11,active_official_exact_listing_isin_name
FSX::7B1,proposed,7B1,FSX,Stock,SE0010948588,BHG Group AB (publ),BHG GROUP AB,deutsche_boerse_frankfurt_all_tradable_equities,exchange_directory,https://www.cashmarket.deutsche-boerse.com/resource/blob/2289108/3a67eacf4ad3419344f37b88a755943f/data/t7-xfra-BF-allTradableInstruments.csv,bddddb2db40ab8951802a62d,active_official_exact_listing_isin_name
FSX::7BP1,proposed,7BP1,FSX,Stock,TH0420010R18,Bangchak Corporation Public Company Limited,BANGCHAK CORP. NVDR  BA 1,deutsche_boerse_frankfurt_all_tradable_equities,exchange_directory,https://www.cashmarket.deutsche-boerse.com/resource/blob/2289108/3a67eacf4ad3419344f37b88a755943f/data/t7-xfra-BF-allTradableInstruments.csv,1652b98e3eee976eb465b147,active_official_exact_listing_isin_name
FSX::7DG,proposed,7DG,FSX,Stock,US2566771059,Dollar General Corporation,"DOLLAR GENER.CORP.DL-,875",deutsche_boerse_frankfurt_all_tradable_equities,exchange_directory,https://www.cashmarket.deutsche-boerse.com/resource/blob/2289108/3a67eacf4ad3419344f37b88a755943f/data/t7-xfra-BF-allTradableInstruments.csv,6a1417a4fa7cef1dc62e515a,active_official_exact_listing_isin_name
FSX::7FP,proposed,7FP,FSX,Stock,US3580391056,Freshpet Inc,"FRESHPET INC.     DL-,001",deutsche_boerse_frankfurt_all_tradable_equities,exchange_directory,https://www.cashmarket.deutsche-boerse.com/resource/blob/2289108/3a67eacf4ad3419344f37b88a755943f/data/t7-xfra-BF-allTradableInstruments.csv,8596aae1d8bf76bd97674a32,active_official_exact_listing_isin_name
FSX::7N1,proposed,7N1,FSX,Stock,CA36254S1056,GT Resources Inc.,GT RESOURCES INC. O.N.,deutsche_boerse_frankfurt_all_tradable_equities,exchange_directory,https://www.cashmarket.deutsche-boerse.com/resource/blob/2289108/3a67eacf4ad3419344f37b88a755943f/data/t7-xfra-BF-allTradableInstruments.csv,4bed39f564b4bfd51b061682,active_official_exact_listing_isin_name
FSX::7OZ,proposed,7OZ,FSX,Stock,KYG2993S1066,EDA Group Holdings Limited,EDA GR.HLDGS LTD,deutsche_boerse_frankfurt_all_tradable_equities,exchange_directory,https://www.cashmarket.deutsche-boerse.com/resource/blob/2289108/3a67eacf4ad3419344f37b88a755943f/data/t7-xfra-BF-allTradableInstruments.csv,a85e99bd00e556590bb64510,active_official_exact_listing_isin_name
FSX::7R8,proposed,7R8,FSX,Stock,US76029N1063,Replimune Group Inc,"REPLIMUNE GR. INC DL-,001",deutsche_boerse_frankfurt_all_tradable_equities,exchange_directory,https://www.cashmarket.deutsche-boerse.com/resource/blob/2289108/3a67eacf4ad3419344f37b88a755943f/data/t7-xfra-BF-allTradableInstruments.csv,012f9592a9c3bce1f1b9b36e,active_official_exact_listing_isin_name
FSX::7RY,proposed,7RY,FSX,Stock,US7837541041,Ryerson Holding Corporation,"RYERSON HLDG CORP. DL-,01",deutsche_boerse_frankfurt_all_tradable_equities,exchange_directory,https://www.cashmarket.deutsche-boerse.com/resource/blob/2289108/3a67eacf4ad3419344f37b88a755943f/data/t7-xfra-BF-allTradableInstruments.csv,29199818dfeaa7d393d082ee,active_official_exact_listing_isin_name
FSX::83B,proposed,83B,FSX,Stock,KYG8875G1029,3SBio Inc,"3SBIO INC.     DL -,00001",deutsche_boerse_frankfurt_all_tradable_equities,exchange_directory,https://www.cashmarket.deutsche-boerse.com/resource/blob/2289108/3a67eacf4ad3419344f37b88a755943f/data/t7-xfra-BF-allTradableInstruments.csv,ade8d7f484f18b8601d64a3e,active_official_exact_listing_isin_name
FSX::85V1,proposed,85V1,FSX,Stock,GB00BMXNWH07,Noble Corporation plc,NOBLE CORP.A/ENT.DL-00001,deutsche_boerse_frankfurt_all_tradable_equities,exchange_directory,https://www.cashmarket.deutsche-boerse.com/resource/blob/2289108/3a67eacf4ad3419344f37b88a755943f/data/t7-xfra-BF-allTradableInstruments.csv,5a32fbea26864155a356b2cf,active_official_exact_listing_isin_name
FSX::8CZ0,proposed,8CZ0,FSX,Stock,US98978W1018,"Zoomlion Heavy Industry Science and Technology Co., Ltd.",ZOOML.HE.IND.H ADR/10 YC1,deutsche_boerse_frankfurt_all_tradable_equities,exchange_directory,https://www.cashmarket.deutsche-boerse.com/resource/blob/2289108/3a67eacf4ad3419344f37b88a755943f/data/t7-xfra-BF-allTradableInstruments.csv,8601fcbe0a7b329eb19aab7b,active_official_exact_listing_isin_name
FSX::8ID0,proposed,8ID0,FSX,Stock,CA81373W1086,Secure Blockchain Development Corp.,SECURE BLOCKC. DEV. CORP.,deutsche_boerse_frankfurt_all_tradable_equities,exchange_directory,https://www.cashmarket.deutsche-boerse.com/resource/blob/2289108/3a67eacf4ad3419344f37b88a755943f/data/t7-xfra-BF-allTradableInstruments.csv,b1d10bef04efd34d2fe30550,active_official_exact_listing_isin_name
FSX::8J9,proposed,8J9,FSX,Stock,GB00BMVSDN09,Tap Global Group Plc,"TAP GLOBAL PLC   LS -,001",deutsche_boerse_frankfurt_all_tradable_equities,exchange_directory,https://www.cashmarket.deutsche-boerse.com/resource/blob/2289108/3a67eacf4ad3419344f37b88a755943f/data/t7-xfra-BF-allTradableInstruments.csv,4587dcc5648b1ca9998336dd,active_official_exact_listing_isin_name
FSX::8JN0,proposed,8JN0,FSX,Stock,KYG5224V1032,Kanzhun Limited,"KANZHUN LTD CL.A DL-,0001",deutsche_boerse_frankfurt_all_tradable_equities,exchange_directory,https://www.cashmarket.deutsche-boerse.com/resource/blob/2289108/3a67eacf4ad3419344f37b88a755943f/data/t7-xfra-BF-allTradableInstruments.csv,a841c2f28dc0e763dc6a2353,active_official_exact_listing_isin_name
FSX::8KZ0,proposed,8KZ0,FSX,Stock,US46264C3051,authID Inc.,"AUTHID INC.      DL-,0001",deutsche_boerse_frankfurt_all_tradable_equities,exchange_directory,https://www.cashmarket.deutsche-boerse.com/resource/blob/2289108/3a67eacf4ad3419344f37b88a755943f/data/t7-xfra-BF-allTradableInstruments.csv,d18433be207b0688c9b46466,active_official_exact_listing_isin_name
FSX::8MV0,proposed,8MV0,FSX,Stock,CA09076J2074,BioHarvest Sciences Inc.,BIOHARVEST SC.INC. O.N.,deutsche_boerse_frankfurt_all_tradable_equities,exchange_directory,https://www.cashmarket.deutsche-boerse.com/resource/blob/2289108/3a67eacf4ad3419344f37b88a755943f/data/t7-xfra-BF-allTradableInstruments.csv,59b3a2acb02563c7caa088c8,active_official_exact_listing_isin_name
FSX::8OB0,proposed,8OB0,FSX,Stock,SE0022088233,Compodium International AB (publ),COMPODIUM INTL. AB,deutsche_boerse_frankfurt_all_tradable_equities,exchange_directory,https://www.cashmarket.deutsche-boerse.com/resource/blob/2289108/3a67eacf4ad3419344f37b88a755943f/data/t7-xfra-BF-allTradableInstruments.csv,ce645a241904abeb73e9320d,active_official_exact_listing_isin_name
FSX::8OE,proposed,8OE,FSX,Stock,VGG794831062,SEALSQ Corp,"SEALSQ CORP.     DL-,01",deutsche_boerse_frankfurt_all_tradable_equities,exchange_directory,https://www.cashmarket.deutsche-boerse.com/resource/blob/2289108/3a67eacf4ad3419344f37b88a755943f/data/t7-xfra-BF-allTradableInstruments.csv,37148a23fe9a431e8f04b0e7,active_official_exact_listing_isin_name
FSX::8PC,proposed,8PC,FSX,Stock,CA84652L2075,Spark Energy Minerals Inc.,SPARK ENERGY MINER. INC.,deutsche_boerse_frankfurt_all_tradable_equities,exchange_directory,https://www.cashmarket.deutsche-boerse.com/resource/blob/2289108/3a67eacf4ad3419344f37b88a755943f/data/t7-xfra-BF-allTradableInstruments.csv,f82e4ba6d022f5b057399708,active_official_exact_listing_isin_name
FSX::8QV0,proposed,8QV0,FSX,Stock,US4236801076,Hemnet Group AB (publ),HEMNET GROUP  UNSP.ADR/1,deutsche_boerse_frankfurt_all_tradable_equities,exchange_directory,https://www.cashmarket.deutsche-boerse.com/resource/blob/2289108/3a67eacf4ad3419344f37b88a755943f/data/t7-xfra-BF-allTradableInstruments.csv,918b61200b9810c5a141fda1,active_official_exact_listing_isin_name
FSX::8V6,proposed,8V6,FSX,Stock,SE0009242654,SCANDINAV.CHEMOTECH CL.B,NEEMS HILL AB CL.B,deutsche_boerse_frankfurt_all_tradable_equities,exchange_directory,https://www.cashmarket.deutsche-boerse.com/resource/blob/2289108/3a67eacf4ad3419344f37b88a755943f/data/t7-xfra-BF-allTradableInstruments.csv,df9056fe02f5422228d80772,active_official_exact_listing_isin_name
FSX::960,proposed,960,FSX,Stock,US00773T1016,AdvanSix Inc,"ADVANSIX INC.     DL-,01",deutsche_boerse_frankfurt_all_tradable_equities,exchange_directory,https://www.cashmarket.deutsche-boerse.com/resource/blob/2289108/3a67eacf4ad3419344f37b88a755943f/data/t7-xfra-BF-allTradableInstruments.csv,96462f8d5c9eac73c301cb0e,active_official_exact_listing_isin_name
FSX::9EP,proposed,9EP,FSX,Stock,US29251M1062,Enanta Pharmaceuticals Inc,"ENANTA PHARMA.INC. DL-,01",deutsche_boerse_frankfurt_all_tradable_equities,exchange_directory,https://www.cashmarket.deutsche-boerse.com/resource/blob/2289108/3a67eacf4ad3419344f37b88a755943f/data/t7-xfra-BF-allTradableInstruments.csv,8de75fd2adc73a7a977e61d6,active_official_exact_listing_isin_name
FSX::9GR,proposed,9GR,FSX,Stock,SE0006288015,Gränges AB (publ),GRANGES AB (PUBL),deutsche_boerse_frankfurt_all_tradable_equities,exchange_directory,https://www.cashmarket.deutsche-boerse.com/resource/blob/2289108/3a67eacf4ad3419344f37b88a755943f/data/t7-xfra-BF-allTradableInstruments.csv,343d774d81aa16d90f3a2d12,active_official_exact_listing_isin_name
FSX::9JG,proposed,9JG,FSX,Stock,BMG174341047,Brookfield Wealth Solutions Ltd.,BROOKFIELD WEAL.SOLU.LTD.,deutsche_boerse_frankfurt_all_tradable_equities,exchange_directory,https://www.cashmarket.deutsche-boerse.com/resource/blob/2289108/3a67eacf4ad3419344f37b88a755943f/data/t7-xfra-BF-allTradableInstruments.csv,52752b24f03dc78011c5ba54,active_official_exact_listing_isin_name
FSX::9Q9,proposed,9Q9,FSX,Stock,NL00150006Z9,Azerion Group N.V.,AZERION GROUP       EO-01,deutsche_boerse_frankfurt_all_tradable_equities,exchange_directory,https://www.cashmarket.deutsche-boerse.com/resource/blob/2289108/3a67eacf4ad3419344f37b88a755943f/data/t7-xfra-BF-allTradableInstruments.csv,f964ec5d15e665030f05feea,active_official_exact_listing_isin_name
FSX::9SI,proposed,9SI,FSX,Stock,US8542311076,Standex International Corporation,"STANDEX INTL CORP. DL1,50",deutsche_boerse_frankfurt_all_tradable_equities,exchange_directory,https://www.cashmarket.deutsche-boerse.com/resource/blob/2289108/3a67eacf4ad3419344f37b88a755943f/data/t7-xfra-BF-allTradableInstruments.csv,a4c197c3571162427a6864d9,active_official_exact_listing_isin_name
FSX::9U20,proposed,9U20,FSX,Stock,SE0020551679,Ortelius International AB,ELLWEE AB,deutsche_boerse_frankfurt_all_tradable_equities,exchange_directory,https://www.cashmarket.deutsche-boerse.com/resource/blob/2289108/3a67eacf4ad3419344f37b88a755943f/data/t7-xfra-BF-allTradableInstruments.csv,a689edad9236ce7eea636592,active_official_exact_listing_isin_name
FSX::A1OS,proposed,A1OS,FSX,Stock,DE0005110001,All For One Steeb AG,ALL FOR ONE GROUP NA O.N.,deutsche_boerse_frankfurt_all_tradable_equities,exchange_directory,https://www.cashmarket.deutsche-boerse.com/resource/blob/2289108/3a67eacf4ad3419344f37b88a755943f/data/t7-xfra-BF-allTradableInstruments.csv,1621b2d3a63f73087c868837,active_official_exact_listing_isin_name
FSX::A1Y,proposed,A1Y,FSX,Stock,SE0010547075,FlexQube AB (publ),FLEXQUBE AB AK O.N.,deutsche_boerse_frankfurt_all_tradable_equities,exchange_directory,https://www.cashmarket.deutsche-boerse.com/resource/blob/2289108/3a67eacf4ad3419344f37b88a755943f/data/t7-xfra-BF-allTradableInstruments.csv,174b74e4c0764bdd373bbd4b,active_official_exact_listing_isin_name
FSX::A2S,proposed,A2S,FSX,Stock,BMG0620W3009,Asian Citrus Holdings Limited,"ASIAN CI. HDS LTD HD-,01",deutsche_boerse_frankfurt_all_tradable_equities,exchange_directory,https://www.cashmarket.deutsche-boerse.com/resource/blob/2289108/3a67eacf4ad3419344f37b88a755943f/data/t7-xfra-BF-allTradableInstruments.csv,e7a5cce0fb43e3836d990497,active_official_exact_listing_isin_name
FSX::A3A,proposed,A3A,FSX,Stock,GRS289103004,Alumil Aluminium Industry S.A,"ALUMIL ALU.IND.SA EO 0,37",deutsche_boerse_frankfurt_all_tradable_equities,exchange_directory,https://www.cashmarket.deutsche-boerse.com/resource/blob/2289108/3a67eacf4ad3419344f37b88a755943f/data/t7-xfra-BF-allTradableInstruments.csv,f76336866ca231cddd64e750,active_official_exact_listing_isin_name
FSX::A3I,proposed,A3I,FSX,Stock,US03071H1005,AMERISAFE Inc,"AMERISAFE INC.     DL-,01",deutsche_boerse_frankfurt_all_tradable_equities,exchange_directory,https://www.cashmarket.deutsche-boerse.com/resource/blob/2289108/3a67eacf4ad3419344f37b88a755943f/data/t7-xfra-BF-allTradableInstruments.csv,7ad64d5a75f0805218594410,active_official_exact_listing_isin_name
FSX::A3J,proposed,A3J,FSX,Stock,CA0010921058,AGF Management Limited,AGF MGMT B PFD NV,deutsche_boerse_frankfurt_all_tradable_equities,exchange_directory,https://www.cashmarket.deutsche-boerse.com/resource/blob/2289108/3a67eacf4ad3419344f37b88a755943f/data/t7-xfra-BF-allTradableInstruments.csv,77c84288adfdd3fee29e1a84,active_official_exact_listing_isin_name
FSX::A4N4,proposed,A4N4,FSX,Stock,US7311054099,Polestar Automotive Holding UK PLC Sponsored ADR Class A,POLESTAR AUTO.ADR/30 A,deutsche_boerse_frankfurt_all_tradable_equities,exchange_directory,https://www.cashmarket.deutsche-boerse.com/resource/blob/2289108/3a67eacf4ad3419344f37b88a755943f/data/t7-xfra-BF-allTradableInstruments.csv,a6ddf6719c1db8a9a8a7ddce,active_official_exact_listing_isin_name
FSX::A7G,proposed,A7G,FSX,Stock,US9037421040,Ülker Bisküvi Sanayi A.S.,ULKER BISKUVI SA.ADR/10,deutsche_boerse_frankfurt_all_tradable_equities,exchange_directory,https://www.cashmarket.deutsche-boerse.com/resource/blob/2289108/3a67eacf4ad3419344f37b88a755943f/data/t7-xfra-BF-allTradableInstruments.csv,791afce64874b21264832f98,active_official_exact_listing_isin_name
FSX::AB4,proposed,AB4,FSX,Stock,US0009571003,ABM Industries Incorporated,"ABM INDS INC.      DL-,01",deutsche_boerse_frankfurt_all_tradable_equities,exchange_directory,https://www.cashmarket.deutsche-boerse.com/resource/blob/2289108/3a67eacf4ad3419344f37b88a755943f/data/t7-xfra-BF-allTradableInstruments.csv,4ba587964f5a4018030ae845,active_official_exact_listing_isin_name
FSX::AB5,proposed,AB5,FSX,Stock,US0454871056,Associated Banc-Corp,"ASSOC. BANC-CORP   DL-,01",deutsche_boerse_frankfurt_all_tradable_equities,exchange_directory,https://www.cashmarket.deutsche-boerse.com/resource/blob/2289108/3a67eacf4ad3419344f37b88a755943f/data/t7-xfra-BF-allTradableInstruments.csv,9a8c583ae1384af9f4c78ce6,active_official_exact_listing_isin_name
FSX::ABEA,proposed,ABEA,FSX,Stock,US02079K3059,Alphabet Inc Class A,"ALPHABET INC.CL.A DL-,001",deutsche_boerse_frankfurt_all_tradable_equities,exchange_directory,https://www.cashmarket.deutsche-boerse.com/resource/blob/2289108/3a67eacf4ad3419344f37b88a755943f/data/t7-xfra-BF-allTradableInstruments.csv,49c2cbc1efa3852d51c54116,active_official_exact_listing_isin_name
FSX::ADV,proposed,ADV,FSX,Stock,DE0005103006,Adtran Networks SE,ADTRAN NETW.SE INH O.N.,deutsche_boerse_frankfurt_all_tradable_equities,exchange_directory,https://www.cashmarket.deutsche-boerse.com/resource/blob/2289108/3a67eacf4ad3419344f37b88a755943f/data/t7-xfra-BF-allTradableInstruments.csv,31512c9101203e5a2a2f4c7d,active_official_exact_listing_isin_name
FSX::AES,proposed,AES,FSX,Stock,US00130H1059,The AES Corporation,"AES CORP.          DL-,01",deutsche_boerse_frankfurt_all_tradable_equities,exchange_directory,https://www.cashmarket.deutsche-boerse.com/resource/blob/2289108/3a67eacf4ad3419344f37b88a755943f/data/t7-xfra-BF-allTradableInstruments.csv,dc890e6a1ae23a36d0294af9,active_official_exact_listing_isin_name
FSX::AEZ,proposed,AEZ,FSX,Stock,US5880561015,Mercer International Inc,MERCER INTL INC.     DL 1,deutsche_boerse_frankfurt_all_tradable_equities,exchange_directory,https://www.cashmarket.deutsche-boerse.com/resource/blob/2289108/3a67eacf4ad3419344f37b88a755943f/data/t7-xfra-BF-allTradableInstruments.csv,f447b197984e1996862c3c20,active_official_exact_listing_isin_name
FSX::AGJ,proposed,AGJ,FSX,Stock,US0010841023,AGCO Corporation,"AGCO CORP.         DL-,01",deutsche_boerse_frankfurt_all_tradable_equities,exchange_directory,https://www.cashmarket.deutsche-boerse.com/resource/blob/2289108/3a67eacf4ad3419344f37b88a755943f/data/t7-xfra-BF-allTradableInstruments.csv,abb716b261f8903aa232c6c1,active_official_exact_listing_isin_name
FSX::AGT,proposed,AGT,FSX,Stock,US0383361039,AptarGroup Inc,"APTARGRP INC.      DL-,01",deutsche_boerse_frankfurt_all_tradable_equities,exchange_directory,https://www.cashmarket.deutsche-boerse.com/resource/blob/2289108/3a67eacf4ad3419344f37b88a755943f/data/t7-xfra-BF-allTradableInstruments.csv,cbd246b615ef47524d4a1360,active_official_exact_listing_isin_name
FSX::AHV,proposed,AHV,FSX,Stock,US00246W1036,AXT Inc,"AXT INC.          DL-,001",deutsche_boerse_frankfurt_all_tradable_equities,exchange_directory,https://www.cashmarket.deutsche-boerse.com/resource/blob/2289108/3a67eacf4ad3419344f37b88a755943f/data/t7-xfra-BF-allTradableInstruments.csv,4300c3387da9902a6ea57406,active_official_exact_listing_isin_name
FSX::AI2,proposed,AI2,FSX,Stock,US0462241011,Astec Industries Inc,"ASTEC INDS INC.    DL-,20",deutsche_boerse_frankfurt_all_tradable_equities,exchange_directory,https://www.cashmarket.deutsche-boerse.com/resource/blob/2289108/3a67eacf4ad3419344f37b88a755943f/data/t7-xfra-BF-allTradableInstruments.csv,e4f5e91f71e800100cf877a5,active_official_exact_listing_isin_name
FSX::AJ3,proposed,AJ3,FSX,Stock,ES0125220311,Acciona S.A,ACCIONA SA INH.    EO 1,deutsche_boerse_frankfurt_all_tradable_equities,exchange_directory,https://www.cashmarket.deutsche-boerse.com/resource/blob/2289108/3a67eacf4ad3419344f37b88a755943f/data/t7-xfra-BF-allTradableInstruments.csv,ab29adcefc22b598e4de94c1,active_official_exact_listing_isin_name
FSX::AK1,proposed,AK1,FSX,Stock,US0311001004,AMETEK Inc,"AMETEK INC.        DL-,01",deutsche_boerse_frankfurt_all_tradable_equities,exchange_directory,https://www.cashmarket.deutsche-boerse.com/resource/blob/2289108/3a67eacf4ad3419344f37b88a755943f/data/t7-xfra-BF-allTradableInstruments.csv,51427a8d7b1eb334fea01458,active_official_exact_listing_isin_name
FSX::AL3,proposed,AL3,FSX,Stock,US0113111076,Alamo Group Inc,"ALAMO GRP INC.     DL-,10",deutsche_boerse_frankfurt_all_tradable_equities,exchange_directory,https://www.cashmarket.deutsche-boerse.com/resource/blob/2289108/3a67eacf4ad3419344f37b88a755943f/data/t7-xfra-BF-allTradableInstruments.csv,e4736b70711dc55a366b1d00,active_official_exact_listing_isin_name
FSX::AP7,proposed,AP7,FSX,Stock,US18482P1030,Clearfield Inc,CLEARFIELD INC.     DL-01,deutsche_boerse_frankfurt_all_tradable_equities,exchange_directory,https://www.cashmarket.deutsche-boerse.com/resource/blob/2289108/3a67eacf4ad3419344f37b88a755943f/data/t7-xfra-BF-allTradableInstruments.csv,d6cf22c13a9ca71181f3d9a1,active_official_exact_listing_isin_name
FSX::APE1,proposed,APE1,FSX,Stock,US00654J2069,Addex Therapeutics Ltd,ADDEX THERAP.ADR NEW/120,deutsche_boerse_frankfurt_all_tradable_equities,exchange_directory,https://www.cashmarket.deutsche-boerse.com/resource/blob/2289108/3a67eacf4ad3419344f37b88a755943f/data/t7-xfra-BF-allTradableInstruments.csv,95aab56e5e10c9e06d652048,active_official_exact_listing_isin_name
FSX::ARZ,proposed,ARZ,FSX,Stock,US0003611052,AAR Corp,AAR CORP.            DL 1,deutsche_boerse_frankfurt_all_tradable_equities,exchange_directory,https://www.cashmarket.deutsche-boerse.com/resource/blob/2289108/3a67eacf4ad3419344f37b88a755943f/data/t7-xfra-BF-allTradableInstruments.csv,89ceed0ded5be9e2befc521a,active_official_exact_listing_isin_name
FSX::AS3,proposed,AS3,FSX,Stock,US0323325045,Amtech Systems Inc,"AMTECH SYS INC.    DL-,01",deutsche_boerse_frankfurt_all_tradable_equities,exchange_directory,https://www.cashmarket.deutsche-boerse.com/resource/blob/2289108/3a67eacf4ad3419344f37b88a755943f/data/t7-xfra-BF-allTradableInstruments.csv,6fc27fe15a657bfa84d6275f,active_official_exact_listing_isin_name
FSX::ASF,proposed,ASF,FSX,Stock,US45778Q1076,Insperity Inc,"INSPERITY INC.     DL-,01",deutsche_boerse_frankfurt_all_tradable_equities,exchange_directory,https://www.cashmarket.deutsche-boerse.com/resource/blob/2289108/3a67eacf4ad3419344f37b88a755943f/data/t7-xfra-BF-allTradableInstruments.csv,b65190c904c11dc9a287c35e,active_official_exact_listing_isin_name
FSX::ATP,proposed,ATP,FSX,Stock,US00215F1075,ATN International Inc,"ATN INTL INC.      DL-,01",deutsche_boerse_frankfurt_all_tradable_equities,exchange_directory,https://www.cashmarket.deutsche-boerse.com/resource/blob/2289108/3a67eacf4ad3419344f37b88a755943f/data/t7-xfra-BF-allTradableInstruments.csv,c638f8c6aa2ce886991b5c4c,active_official_exact_listing_isin_name
FSX::AU1,proposed,AU1,FSX,Stock,IL0010829658,AudioCodes Ltd,"AUDIOCODES LTD.   IS 0,01",deutsche_boerse_frankfurt_all_tradable_equities,exchange_directory,https://www.cashmarket.deutsche-boerse.com/resource/blob/2289108/3a67eacf4ad3419344f37b88a755943f/data/t7-xfra-BF-allTradableInstruments.csv,191ec10d56d970fad6a74c98,active_official_exact_listing_isin_name
FSX::AXI1,proposed,AXI1,FSX,Stock,FR001400X2S4,Atos SE,ATOS GROUP NOM.      EO 1,deutsche_boerse_frankfurt_all_tradable_equities,exchange_directory,https://www.cashmarket.deutsche-boerse.com/resource/blob/2289108/3a67eacf4ad3419344f37b88a755943f/data/t7-xfra-BF-allTradableInstruments.csv,08b0651db8fcc7ce8e2ac2d1,active_official_exact_listing_isin_name
FSX::AYJ,proposed,AYJ,FSX,Stock,FR0004056851,Valneva SE,"VALNEVA SE        EO -,15",deutsche_boerse_frankfurt_all_tradable_equities,exchange_directory,https://www.cashmarket.deutsche-boerse.com/resource/blob/2289108/3a67eacf4ad3419344f37b88a755943f/data/t7-xfra-BF-allTradableInstruments.csv,6d8fbb719282f80b8fb4564d,active_official_exact_listing_isin_name
FSX::AZZ2,proposed,AZZ2,FSX,Stock,SE0014781795,Addtech AB (publ.),"ADDTECH AB B    SK 0,1875",deutsche_boerse_frankfurt_all_tradable_equities,exchange_directory,https://www.cashmarket.deutsche-boerse.com/resource/blob/2289108/3a67eacf4ad3419344f37b88a755943f/data/t7-xfra-BF-allTradableInstruments.csv,a5fcfa8bee3fb3d040a96e66,active_official_exact_listing_isin_name
FSX::B1S,proposed,B1S,FSX,Stock,KYG9879S1003,YSB Inc.,"YSB INC. DL-,0000025",deutsche_boerse_frankfurt_all_tradable_equities,exchange_directory,https://www.cashmarket.deutsche-boerse.com/resource/blob/2289108/3a67eacf4ad3419344f37b88a755943f/data/t7-xfra-BF-allTradableInstruments.csv,400f88e2044e2668de0c8290,active_official_exact_listing_isin_name
FSX::B52,proposed,B52,FSX,Stock,GB00BPVDXX64,Applied Nutrition Plc,"APPLI.NUTRI.PLC  LS-,0002",deutsche_boerse_frankfurt_all_tradable_equities,exchange_directory,https://www.cashmarket.deutsche-boerse.com/resource/blob/2289108/3a67eacf4ad3419344f37b88a755943f/data/t7-xfra-BF-allTradableInstruments.csv,c62ae476abec400ceb76051b,active_official_exact_listing_isin_name
FSX::B7F0,proposed,B7F0,FSX,Stock,US94858P2092,WEG S.A.,WEG SA SPONS. ADR 1,deutsche_boerse_frankfurt_all_tradable_equities,exchange_directory,https://www.cashmarket.deutsche-boerse.com/resource/blob/2289108/3a67eacf4ad3419344f37b88a755943f/data/t7-xfra-BF-allTradableInstruments.csv,5d60dea1ae3a649d8e928f2f,active_official_exact_listing_isin_name
FSX::B7P,proposed,B7P,FSX,Stock,ZAE000093183,Raubex Group Limited,"RAUBEX GROUP LTD  RC -,01",deutsche_boerse_frankfurt_all_tradable_equities,exchange_directory,https://www.cashmarket.deutsche-boerse.com/resource/blob/2289108/3a67eacf4ad3419344f37b88a755943f/data/t7-xfra-BF-allTradableInstruments.csv,0c171109e17814da265d3610,active_official_exact_listing_isin_name
FSX::B9B,proposed,B9B,FSX,Stock,DE000A1CRQD6,BHB Brauholding Bayern-Mitte AG,BHB BRAUHLD.BAY.MIT.AG,deutsche_boerse_frankfurt_all_tradable_equities,exchange_directory,https://www.cashmarket.deutsche-boerse.com/resource/blob/2289108/3a67eacf4ad3419344f37b88a755943f/data/t7-xfra-BF-allTradableInstruments.csv,bef653c672ac64e193ccc347,active_official_exact_listing_isin_name
FSX::BBJ,proposed,BBJ,FSX,Stock,AU000000ANO7,Advance NanoTek Limited,ADVANCE ZINCTEK LTD.,deutsche_boerse_frankfurt_all_tradable_equities,exchange_directory,https://www.cashmarket.deutsche-boerse.com/resource/blob/2289108/3a67eacf4ad3419344f37b88a755943f/data/t7-xfra-BF-allTradableInstruments.csv,8a7f6b40065c64af2ea402e8,active_official_exact_listing_isin_name
FSX::BBK,proposed,BBK,FSX,Stock,US89832Q1094,Truist Financial Corporation,TRUIST FINL CORP.    DL 5,deutsche_boerse_frankfurt_all_tradable_equities,exchange_directory,https://www.cashmarket.deutsche-boerse.com/resource/blob/2289108/3a67eacf4ad3419344f37b88a755943f/data/t7-xfra-BF-allTradableInstruments.csv,377c6baf76a938448bdad79f,active_official_exact_listing_isin_name
FSX::BBN1,proposed,BBN1,FSX,Stock,US09260D1072,Blackstone Group Inc,"BLACKSTONE INC. DL-,00001",deutsche_boerse_frankfurt_all_tradable_equities,exchange_directory,https://www.cashmarket.deutsche-boerse.com/resource/blob/2289108/3a67eacf4ad3419344f37b88a755943f/data/t7-xfra-BF-allTradableInstruments.csv,7669c12c29ddc8c24fba4752,active_official_exact_listing_isin_name
FSX::BCE1,proposed,BCE1,FSX,Stock,CA05534B7604,BCE Inc,BCE INC. NEW,deutsche_boerse_frankfurt_all_tradable_equities,exchange_directory,https://www.cashmarket.deutsche-boerse.com/resource/blob/2289108/3a67eacf4ad3419344f37b88a755943f/data/t7-xfra-BF-allTradableInstruments.csv,fe2108c5885f099266f3b193,active_official_exact_listing_isin_name
FSX::BCO,proposed,BCO,FSX,Stock,US0970231058,The Boeing Company,BOEING CO.           DL 5,deutsche_boerse_frankfurt_all_tradable_equities,exchange_directory,https://www.cashmarket.deutsche-boerse.com/resource/blob/2289108/3a67eacf4ad3419344f37b88a755943f/data/t7-xfra-BF-allTradableInstruments.csv,22e7a510691e0134f3e58f12,active_official_exact_listing_isin_name
FSX::BCY,proposed,BCY,FSX,Stock,GB0031348658,Barclays PLC,"BARCLAYS PLC      LS 0,25",deutsche_boerse_frankfurt_all_tradable_equities,exchange_directory,https://www.cashmarket.deutsche-boerse.com/resource/blob/2289108/3a67eacf4ad3419344f37b88a755943f/data/t7-xfra-BF-allTradableInstruments.csv,52e9f9f26cfb177600d698c6,active_official_exact_listing_isin_name
FSX::BFV,proposed,BFV,FSX,Stock,DE0005221303,Berliner Effektengesellschaft AG,BERL.EFFEKTENGES.AG O.N.,deutsche_boerse_frankfurt_all_tradable_equities,exchange_directory,https://www.cashmarket.deutsche-boerse.com/resource/blob/2289108/3a67eacf4ad3419344f37b88a755943f/data/t7-xfra-BF-allTradableInstruments.csv,93f0fcec4d405564ffaf839d,active_official_exact_listing_isin_name
FSX::BGA1,proposed,BGA1,FSX,Stock,SE0008321921,BE Group AB (publ),BE GROUP AB,deutsche_boerse_frankfurt_all_tradable_equities,exchange_directory,https://www.cashmarket.deutsche-boerse.com/resource/blob/2289108/3a67eacf4ad3419344f37b88a755943f/data/t7-xfra-BF-allTradableInstruments.csv,3aa04b040a519c97ec7f41d3,active_official_exact_listing_isin_name
FSX::BHM,proposed,BHM,FSX,Stock,US05636G1058,Bachem Holding AG,BACHEM HLD.UNSP.ADR/1/10,deutsche_boerse_frankfurt_all_tradable_equities,exchange_directory,https://www.cashmarket.deutsche-boerse.com/resource/blob/2289108/3a67eacf4ad3419344f37b88a755943f/data/t7-xfra-BF-allTradableInstruments.csv,7dd6a2a9621c2899dbdaeccd,active_official_exact_listing_isin_name
FSX::BI1,proposed,BI1,FSX,Stock,US08975P1084,BigCommerce Holdings Inc,"COMMERCE.COM INC.  -,0001",deutsche_boerse_frankfurt_all_tradable_equities,exchange_directory,https://www.cashmarket.deutsche-boerse.com/resource/blob/2289108/3a67eacf4ad3419344f37b88a755943f/data/t7-xfra-BF-allTradableInstruments.csv,475e611129cd551a11157eda,active_official_exact_listing_isin_name
FSX::BL9B,proposed,BL9B,FSX,Stock,US0576652004,Balchem Corporation,"BALCHEM CORP. B   DL-,067",deutsche_boerse_frankfurt_all_tradable_equities,exchange_directory,https://www.cashmarket.deutsche-boerse.com/resource/blob/2289108/3a67eacf4ad3419344f37b88a755943f/data/t7-xfra-BF-allTradableInstruments.csv,53311acf05bfc645f77c20ee,active_official_exact_listing_isin_name
FSX::BMM,proposed,BMM,FSX,Stock,DE0005275507,Brüder Mannesmann Aktiengesellschaft,BRUEDER MANNESM.AG O.N.,deutsche_boerse_frankfurt_all_tradable_equities,exchange_directory,https://www.cashmarket.deutsche-boerse.com/resource/blob/2289108/3a67eacf4ad3419344f37b88a755943f/data/t7-xfra-BF-allTradableInstruments.csv,e640b53e1a51a00ee24098dc,active_official_exact_listing_isin_name
FSX::BMU,proposed,BMU,FSX,Stock,US08160H1014,Benchmark Electronics Inc,"BENCHMARK EL. INC. DL-,10",deutsche_boerse_frankfurt_all_tradable_equities,exchange_directory,https://www.cashmarket.deutsche-boerse.com/resource/blob/2289108/3a67eacf4ad3419344f37b88a755943f/data/t7-xfra-BF-allTradableInstruments.csv,78ede60f0d64fd167c175ef9,active_official_exact_listing_isin_name
FSX::BN5,proposed,BN5,FSX,Stock,GB00B1CKQD97,Bezant Resources Plc,"BEZANT RES PLC LS -,00002",deutsche_boerse_frankfurt_all_tradable_equities,exchange_directory,https://www.cashmarket.deutsche-boerse.com/resource/blob/2289108/3a67eacf4ad3419344f37b88a755943f/data/t7-xfra-BF-allTradableInstruments.csv,9d8a02e7595ddb10704693fe,active_official_exact_listing_isin_name
FSX::BNK,proposed,BNK,FSX,Stock,US09227Q1004,Blackbaud Inc,"BLACKBAUD INC.    DL-,001",deutsche_boerse_frankfurt_all_tradable_equities,exchange_directory,https://www.cashmarket.deutsche-boerse.com/resource/blob/2289108/3a67eacf4ad3419344f37b88a755943f/data/t7-xfra-BF-allTradableInstruments.csv,de32eccfa99a30abbfd539ae,active_official_exact_listing_isin_name
FSX::BNU,proposed,BNU,FSX,Stock,US06652K1034,BankUnited Inc,"BANKUNITED INC.    DL-,01",deutsche_boerse_frankfurt_all_tradable_equities,exchange_directory,https://www.cashmarket.deutsche-boerse.com/resource/blob/2289108/3a67eacf4ad3419344f37b88a755943f/data/t7-xfra-BF-allTradableInstruments.csv,e1e7bd8affa42450b5df87a6,active_official_exact_listing_isin_name
FSX::BO9,proposed,BO9,FSX,Stock,US1011211018,Boston Properties Inc,"BXP INC.           DL-,01",deutsche_boerse_frankfurt_all_tradable_equities,exchange_directory,https://www.cashmarket.deutsche-boerse.com/resource/blob/2289108/3a67eacf4ad3419344f37b88a755943f/data/t7-xfra-BF-allTradableInstruments.csv,423e56b3a2b7513511d61f7c,active_official_exact_listing_isin_name
FSX::BR2,proposed,BR2,FSX,Stock,CA3194101067,First Canadian Graphite Inc.,F.CDN GRAPHITE INC.,deutsche_boerse_frankfurt_all_tradable_equities,exchange_directory,https://www.cashmarket.deutsche-boerse.com/resource/blob/2289108/3a67eacf4ad3419344f37b88a755943f/data/t7-xfra-BF-allTradableInstruments.csv,d701aa5ea167ce799302e5ee,active_official_exact_listing_isin_name
FSX::BRP,proposed,BRP,FSX,Stock,US1295001044,Caleres Inc,"CALERES INC.       DL-,01",deutsche_boerse_frankfurt_all_tradable_equities,exchange_directory,https://www.cashmarket.deutsche-boerse.com/resource/blob/2289108/3a67eacf4ad3419344f37b88a755943f/data/t7-xfra-BF-allTradableInstruments.csv,f35f0449d537babdd3cfca54,active_official_exact_listing_isin_name
FSX::BUWA,proposed,BUWA,FSX,Stock,US0905722072,Bio-Rad Laboratories Inc,"BIO-RAD LABS INC.DL-,0001",deutsche_boerse_frankfurt_all_tradable_equities,exchange_directory,https://www.cashmarket.deutsche-boerse.com/resource/blob/2289108/3a67eacf4ad3419344f37b88a755943f/data/t7-xfra-BF-allTradableInstruments.csv,8266680efdfa8ec51d2c89a7,active_official_exact_listing_isin_name
FSX::BWI,proposed,BWI,FSX,Stock,US1170431092,Brunswick Corporation,"BRUNSWICK CORP.    DL-,75",deutsche_boerse_frankfurt_all_tradable_equities,exchange_directory,https://www.cashmarket.deutsche-boerse.com/resource/blob/2289108/3a67eacf4ad3419344f37b88a755943f/data/t7-xfra-BF-allTradableInstruments.csv,d809ea22e92150697f93c216,active_official_exact_listing_isin_name
FSX::BY0,proposed,BY0,FSX,Stock,GB0002349065,R.E.A. Holdings plc,"R.E.A. HLDGS PLC  LS 0,25",deutsche_boerse_frankfurt_all_tradable_equities,exchange_directory,https://www.cashmarket.deutsche-boerse.com/resource/blob/2289108/3a67eacf4ad3419344f37b88a755943f/data/t7-xfra-BF-allTradableInstruments.csv,a6ac91f67518851f3dc92679,active_official_exact_listing_isin_name
FSX::BY6,proposed,BY6,FSX,Stock,CNE100000296,BYD Company Limited,BYD CO. LTD H        YC 1,deutsche_boerse_frankfurt_all_tradable_equities,exchange_directory,https://www.cashmarket.deutsche-boerse.com/resource/blob/2289108/3a67eacf4ad3419344f37b88a755943f/data/t7-xfra-BF-allTradableInstruments.csv,8ffeb86d55d0c2ee3481e8a0,active_official_exact_listing_isin_name
FSX::C1Y,proposed,C1Y,FSX,Stock,GB0001751915,Carclo plc,"CARCLO PLC         LS-,05",deutsche_boerse_frankfurt_all_tradable_equities,exchange_directory,https://www.cashmarket.deutsche-boerse.com/resource/blob/2289108/3a67eacf4ad3419344f37b88a755943f/data/t7-xfra-BF-allTradableInstruments.csv,4817834f8dadda118a321d80,active_official_exact_listing_isin_name
FSX::C26,proposed,C26,FSX,Stock,SE0000683484,CellaVision AB (publ),"CELLAVISION AB    SK -,15",deutsche_boerse_frankfurt_all_tradable_equities,exchange_directory,https://www.cashmarket.deutsche-boerse.com/resource/blob/2289108/3a67eacf4ad3419344f37b88a755943f/data/t7-xfra-BF-allTradableInstruments.csv,be95649e7eab5a702492f4a0,active_official_exact_listing_isin_name
FSX::C28,proposed,C28,FSX,Stock,NO0013325506,Moreld ASA,"MORELD ASA        NK -,10",deutsche_boerse_frankfurt_all_tradable_equities,exchange_directory,https://www.cashmarket.deutsche-boerse.com/resource/blob/2289108/3a67eacf4ad3419344f37b88a755943f/data/t7-xfra-BF-allTradableInstruments.csv,61e536147bbc119747597380,active_official_exact_listing_isin_name
FSX::C58,proposed,C58,FSX,Stock,US83066P3091,Skillsoft Corp.,"SKILLSOFT CORP.A DL-,0001",deutsche_boerse_frankfurt_all_tradable_equities,exchange_directory,https://www.cashmarket.deutsche-boerse.com/resource/blob/2289108/3a67eacf4ad3419344f37b88a755943f/data/t7-xfra-BF-allTradableInstruments.csv,a9de8b31ac1fba1f59d47d77,active_official_exact_listing_isin_name
FSX::C6G,proposed,C6G,FSX,Stock,CNE1000002J7,COSCO SHIPPING Holdings Co. Ltd,COSCO SHIP.HLDG.CO.H YC 1,deutsche_boerse_frankfurt_all_tradable_equities,exchange_directory,https://www.cashmarket.deutsche-boerse.com/resource/blob/2289108/3a67eacf4ad3419344f37b88a755943f/data/t7-xfra-BF-allTradableInstruments.csv,399d3bc442edbf6683110c9a,active_official_exact_listing_isin_name
FSX::C7N,proposed,C7N,FSX,Stock,US2270461096,Crocs Inc,"CROCS INC. DL-,001",deutsche_boerse_frankfurt_all_tradable_equities,exchange_directory,https://www.cashmarket.deutsche-boerse.com/resource/blob/2289108/3a67eacf4ad3419344f37b88a755943f/data/t7-xfra-BF-allTradableInstruments.csv,f2ced32ebb939494f1677b1a,active_official_exact_listing_isin_name
FSX::CA8A,proposed,CA8A,FSX,Stock,US1271903049,CACI International Inc,"CACI INTL INC. A    DL-,1",deutsche_boerse_frankfurt_all_tradable_equities,exchange_directory,https://www.cashmarket.deutsche-boerse.com/resource/blob/2289108/3a67eacf4ad3419344f37b88a755943f/data/t7-xfra-BF-allTradableInstruments.csv,b4bd37c06274160f79719fb4,active_official_exact_listing_isin_name
FSX::CD5,proposed,CD5,FSX,Stock,US46122W3034,"Inuvo, Inc.","INUVO INC.        DL-,001",deutsche_boerse_frankfurt_all_tradable_equities,exchange_directory,https://www.cashmarket.deutsche-boerse.com/resource/blob/2289108/3a67eacf4ad3419344f37b88a755943f/data/t7-xfra-BF-allTradableInstruments.csv,2068014b1bc773b80d0d1623,active_official_exact_listing_isin_name
FSX::CFC,proposed,CFC,FSX,Stock,DE000A0LBKW6,UET United Electronic Technology AG,ACONNIC AG INH O.N.,deutsche_boerse_frankfurt_all_tradable_equities,exchange_directory,https://www.cashmarket.deutsche-boerse.com/resource/blob/2289108/3a67eacf4ad3419344f37b88a755943f/data/t7-xfra-BF-allTradableInstruments.csv,d287b21918b82ff0df363c1d,active_official_exact_listing_isin_name
FSX::CGM,proposed,CGM,FSX,Stock,FR0000125338,Capgemini SE,CAPGEMINI SE INH. EO 8,deutsche_boerse_frankfurt_all_tradable_equities,exchange_directory,https://www.cashmarket.deutsche-boerse.com/resource/blob/2289108/3a67eacf4ad3419344f37b88a755943f/data/t7-xfra-BF-allTradableInstruments.csv,eb01b431af8660a018f0d280,active_official_exact_listing_isin_name
FSX::CGN,proposed,CGN,FSX,Stock,US1255231003,Cigna Corporation,"CIGNA GROUP, THE     DL 1",deutsche_boerse_frankfurt_all_tradable_equities,exchange_directory,https://www.cashmarket.deutsche-boerse.com/resource/blob/2289108/3a67eacf4ad3419344f37b88a755943f/data/t7-xfra-BF-allTradableInstruments.csv,3c179a0f960a2f7a4ce650ec,active_official_exact_listing_isin_name
FSX::CIE1,proposed,CIE1,FSX,Stock,US1717793095,Ciena Corporation,"CIENA CORP. NEW    DL-,01",deutsche_boerse_frankfurt_all_tradable_equities,exchange_directory,https://www.cashmarket.deutsche-boerse.com/resource/blob/2289108/3a67eacf4ad3419344f37b88a755943f/data/t7-xfra-BF-allTradableInstruments.csv,059722875277528e15f5075b,active_official_exact_listing_isin_name
FSX::CJ5A,proposed,CJ5A,FSX,Stock,CA12532H1047,CGI Inc,CGI INC. A SV,deutsche_boerse_frankfurt_all_tradable_equities,exchange_directory,https://www.cashmarket.deutsche-boerse.com/resource/blob/2289108/3a67eacf4ad3419344f37b88a755943f/data/t7-xfra-BF-allTradableInstruments.csv,dc068137bd77d22101e1aa77,active_official_exact_listing_isin_name
FSX::CKR0,proposed,CKR0,FSX,Stock,KYG8851G1001,"Qfin Holdings, Inc.","QFIN HOLDINGS CL.A-,00001",deutsche_boerse_frankfurt_all_tradable_equities,exchange_directory,https://www.cashmarket.deutsche-boerse.com/resource/blob/2289108/3a67eacf4ad3419344f37b88a755943f/data/t7-xfra-BF-allTradableInstruments.csv,3dd35be4a955980ef0610e50,active_official_exact_listing_isin_name
FSX::CM9,proposed,CM9,FSX,Stock,US20337X1090,CommScope Holding Company Inc,"VISTANCE NETW.INC.DL-,01",deutsche_boerse_frankfurt_all_tradable_equities,exchange_directory,https://www.cashmarket.deutsche-boerse.com/resource/blob/2289108/3a67eacf4ad3419344f37b88a755943f/data/t7-xfra-BF-allTradableInstruments.csv,cac951f2cf3b0197226ad472,active_official_exact_listing_isin_name
FSX::CMJ,proposed,CMJ,FSX,Stock,HK0119000674,Poly Property Group Co. Limited,POLY PPTY GR.CO.LTD.,deutsche_boerse_frankfurt_all_tradable_equities,exchange_directory,https://www.cashmarket.deutsche-boerse.com/resource/blob/2289108/3a67eacf4ad3419344f37b88a755943f/data/t7-xfra-BF-allTradableInstruments.csv,1b246bb4805a52a0ea27252f,active_official_exact_listing_isin_name
FSX::CMN1,proposed,CMN1,FSX,Stock,GB00B45C9X44,Chemring Group PLC,"CHEMRING GRP PLC   LS-,01",deutsche_boerse_frankfurt_all_tradable_equities,exchange_directory,https://www.cashmarket.deutsche-boerse.com/resource/blob/2289108/3a67eacf4ad3419344f37b88a755943f/data/t7-xfra-BF-allTradableInstruments.csv,63632e175ba668dc2fe4cc6d,active_official_exact_listing_isin_name
FSX::CNP,proposed,CNP,FSX,Stock,US4571871023,Ingredion Incorporated,"INGREDION INC.     DL-,01",deutsche_boerse_frankfurt_all_tradable_equities,exchange_directory,https://www.cashmarket.deutsche-boerse.com/resource/blob/2289108/3a67eacf4ad3419344f37b88a755943f/data/t7-xfra-BF-allTradableInstruments.csv,2371711b13ae28b28cfa9d09,active_official_exact_listing_isin_name
FSX::CO3A,proposed,CO3A,FSX,Stock,US2220702037,Coty Inc,"COTY INC.CL.A     DL -,01",deutsche_boerse_frankfurt_all_tradable_equities,exchange_directory,https://www.cashmarket.deutsche-boerse.com/resource/blob/2289108/3a67eacf4ad3419344f37b88a755943f/data/t7-xfra-BF-allTradableInstruments.csv,feb596d7dbf43d31a8f0bab7,active_official_exact_listing_isin_name
FSX::CO8,proposed,CO8,FSX,Stock,US20602D1019,Concentrix Corporation,"CONCENTRIX CORP. DL-,0001",deutsche_boerse_frankfurt_all_tradable_equities,exchange_directory,https://www.cashmarket.deutsche-boerse.com/resource/blob/2289108/3a67eacf4ad3419344f37b88a755943f/data/t7-xfra-BF-allTradableInstruments.csv,9d1bfb3ab399f3413fdde199,active_official_exact_listing_isin_name
FSX::CQ2,proposed,CQ2,FSX,Stock,US13765N1072,Cannae Holdings Inc,"CANNAE HLDG INC DL-,0001",deutsche_boerse_frankfurt_all_tradable_equities,exchange_directory,https://www.cashmarket.deutsche-boerse.com/resource/blob/2289108/3a67eacf4ad3419344f37b88a755943f/data/t7-xfra-BF-allTradableInstruments.csv,566be334af5ef6d5f3b32d41,active_official_exact_listing_isin_name
FSX::CRG,proposed,CRG,FSX,Stock,IE0001827041,CRH plc,"CRH PLC            EO-,32",deutsche_boerse_frankfurt_all_tradable_equities,exchange_directory,https://www.cashmarket.deutsche-boerse.com/resource/blob/2289108/3a67eacf4ad3419344f37b88a755943f/data/t7-xfra-BF-allTradableInstruments.csv,9686ca1e77906b141c5fa5ea,active_official_exact_listing_isin_name
FSX::CS0,proposed,CS0,FSX,Stock,CNE100002B89,CSC Financial Co. Ltd,CSC FINANCIAL CO. H YC 1,deutsche_boerse_frankfurt_all_tradable_equities,exchange_directory,https://www.cashmarket.deutsche-boerse.com/resource/blob/2289108/3a67eacf4ad3419344f37b88a755943f/data/t7-xfra-BF-allTradableInstruments.csv,163c0a017ca81563a53450b3,active_official_exact_listing_isin_name
FSX::CTH,proposed,CTH,FSX,Stock,BMG2442N1048,COSCO SHIPPING Ports Ltd,COSCO SHIP.PORT.LTD.HD-10,deutsche_boerse_frankfurt_all_tradable_equities,exchange_directory,https://www.cashmarket.deutsche-boerse.com/resource/blob/2289108/3a67eacf4ad3419344f37b88a755943f/data/t7-xfra-BF-allTradableInstruments.csv,9947a9fadc6ddb6ebff604dd,active_official_exact_listing_isin_name
FSX::CTJ1,proposed,CTJ1,FSX,Stock,BMG5320C1082,Kunlun Energy Company Limited,"KUNLUN ENERGY CO.  HD-,01",deutsche_boerse_frankfurt_all_tradable_equities,exchange_directory,https://www.cashmarket.deutsche-boerse.com/resource/blob/2289108/3a67eacf4ad3419344f37b88a755943f/data/t7-xfra-BF-allTradableInstruments.csv,97a00b052bf13a0090aad8fa,active_official_exact_listing_isin_name
FSX::CUD,proposed,CUD,FSX,Stock,CA1367178326,Canadian Utilities Limited,CDN UTILITIES LTD A,deutsche_boerse_frankfurt_all_tradable_equities,exchange_directory,https://www.cashmarket.deutsche-boerse.com/resource/blob/2289108/3a67eacf4ad3419344f37b88a755943f/data/t7-xfra-BF-allTradableInstruments.csv,72658f22bf809135880df280,active_official_exact_listing_isin_name
FSX::CUM,proposed,CUM,FSX,Stock,US2310211063,Cummins Inc,"CUMMINS INC.      DL 2,50",deutsche_boerse_frankfurt_all_tradable_equities,exchange_directory,https://www.cashmarket.deutsche-boerse.com/resource/blob/2289108/3a67eacf4ad3419344f37b88a755943f/data/t7-xfra-BF-allTradableInstruments.csv,e2594aad33c74b19536276d2,active_official_exact_listing_isin_name
FSX::CX91,proposed,CX91,FSX,Stock,US2057683029,Comstock Resources Inc,"COMSTOCK RES INC.  DL-,50",deutsche_boerse_frankfurt_all_tradable_equities,exchange_directory,https://www.cashmarket.deutsche-boerse.com/resource/blob/2289108/3a67eacf4ad3419344f37b88a755943f/data/t7-xfra-BF-allTradableInstruments.csv,a1e4d834842cd1178362b3d6,active_official_exact_listing_isin_name
FSX::CXR,proposed,CXR,FSX,Stock,US1264081035,CSX Corporation,CSX CORP.            DL 1,deutsche_boerse_frankfurt_all_tradable_equities,exchange_directory,https://www.cashmarket.deutsche-boerse.com/resource/blob/2289108/3a67eacf4ad3419344f37b88a755943f/data/t7-xfra-BF-allTradableInstruments.csv,89867c607701b0520b1a8458,active_official_exact_listing_isin_name
FSX::D0Y,proposed,D0Y,FSX,Stock,MHY8900D1085,Toro Corp.,"TORO CORP.  DL -,001",deutsche_boerse_frankfurt_all_tradable_equities,exchange_directory,https://www.cashmarket.deutsche-boerse.com/resource/blob/2289108/3a67eacf4ad3419344f37b88a755943f/data/t7-xfra-BF-allTradableInstruments.csv,cdc3fee0afd318eecec94d22,active_official_exact_listing_isin_name
FSX::D1F,proposed,D1F,FSX,Stock,SE0001634262,Diös Fastigheter AB (publ),DIOS FASTIGHETER AB  SK 2,deutsche_boerse_frankfurt_all_tradable_equities,exchange_directory,https://www.cashmarket.deutsche-boerse.com/resource/blob/2289108/3a67eacf4ad3419344f37b88a755943f/data/t7-xfra-BF-allTradableInstruments.csv,6d61acb74678f3133a314981,active_official_exact_listing_isin_name
FSX::D1N,proposed,D1N,FSX,Stock,US23341C1036,DNB Bank ASA,DNB BK ASA (SP.ADR),deutsche_boerse_frankfurt_all_tradable_equities,exchange_directory,https://www.cashmarket.deutsche-boerse.com/resource/blob/2289108/3a67eacf4ad3419344f37b88a755943f/data/t7-xfra-BF-allTradableInstruments.csv,80717cf82f824787311d0647,active_official_exact_listing_isin_name
FSX::D2MN,proposed,D2MN,FSX,Stock,US26441C2044,Duke Energy Corporation,"DUKE EN.CORP.    DL -,001",deutsche_boerse_frankfurt_all_tradable_equities,exchange_directory,https://www.cashmarket.deutsche-boerse.com/resource/blob/2289108/3a67eacf4ad3419344f37b88a755943f/data/t7-xfra-BF-allTradableInstruments.csv,dfe79c00452f1adc736efb81,active_official_exact_listing_isin_name
FSX::D3N,proposed,D3N,FSX,Stock,HK0405033157,Yuexiu Real Estate Investment Trust,YUEXIU REIT UTS,deutsche_boerse_frankfurt_all_tradable_equities,exchange_directory,https://www.cashmarket.deutsche-boerse.com/resource/blob/2289108/3a67eacf4ad3419344f37b88a755943f/data/t7-xfra-BF-allTradableInstruments.csv,2b02183320a8e8f609e5eaf0,active_official_exact_listing_isin_name
FSX::D7G,proposed,D7G,FSX,Stock,NO0010081235,Nel ASA,"NEL ASA            NK-,20",deutsche_boerse_frankfurt_all_tradable_equities,exchange_directory,https://www.cashmarket.deutsche-boerse.com/resource/blob/2289108/3a67eacf4ad3419344f37b88a755943f/data/t7-xfra-BF-allTradableInstruments.csv,90cb8839ac03fe30227352e6,active_official_exact_listing_isin_name
FSX::D8EN,proposed,D8EN,FSX,Stock,MHY2065G1219,DHT Holdings Inc,"DHT HLDGS INC.NEW DL -,01",deutsche_boerse_frankfurt_all_tradable_equities,exchange_directory,https://www.cashmarket.deutsche-boerse.com/resource/blob/2289108/3a67eacf4ad3419344f37b88a755943f/data/t7-xfra-BF-allTradableInstruments.csv,7f69cdee5023ea7fbb135654,active_official_exact_listing_isin_name
FSX::D8Y0,proposed,D8Y0,FSX,Stock,US7999261008,Sandoz Group AG,SANDOZ GR.AG SP.ADR/1/1,deutsche_boerse_frankfurt_all_tradable_equities,exchange_directory,https://www.cashmarket.deutsche-boerse.com/resource/blob/2289108/3a67eacf4ad3419344f37b88a755943f/data/t7-xfra-BF-allTradableInstruments.csv,8f6902c22b12ac9ee6cf99a9,active_official_exact_listing_isin_name
FSX::D9D,proposed,D9D,FSX,Stock,DK0061408580,Dataproces Group A/S,"DATAPROCES GROUP DK -,02",deutsche_boerse_frankfurt_all_tradable_equities,exchange_directory,https://www.cashmarket.deutsche-boerse.com/resource/blob/2289108/3a67eacf4ad3419344f37b88a755943f/data/t7-xfra-BF-allTradableInstruments.csv,9315a50bfe1dda3d3663f64b,active_official_exact_listing_isin_name
FSX::DCC,proposed,DCC,FSX,Stock,IE0002424939,DCC plc,"DCC ENERGY PLC     EO-,25",deutsche_boerse_frankfurt_all_tradable_equities,exchange_directory,https://www.cashmarket.deutsche-boerse.com/resource/blob/2289108/3a67eacf4ad3419344f37b88a755943f/data/t7-xfra-BF-allTradableInstruments.csv,a97e1c53c329fd5a5b765849,active_official_exact_listing_isin_name
FSX::DGI,proposed,DGI,FSX,Stock,US2537981027,Digi International Inc,"DIGI INTL INC.     DL-,01",deutsche_boerse_frankfurt_all_tradable_equities,exchange_directory,https://www.cashmarket.deutsche-boerse.com/resource/blob/2289108/3a67eacf4ad3419344f37b88a755943f/data/t7-xfra-BF-allTradableInstruments.csv,1d3d97a7a8deab66043788e3,active_official_exact_listing_isin_name
FSX::DGR,proposed,DGR,FSX,Stock,DE0005533400,Deutsche Grundstücksauktionen AG,DT.GRUNDST.AUKT.AG,deutsche_boerse_frankfurt_all_tradable_equities,exchange_directory,https://www.cashmarket.deutsche-boerse.com/resource/blob/2289108/3a67eacf4ad3419344f37b88a755943f/data/t7-xfra-BF-allTradableInstruments.csv,1f53df31c2dcbcc779f92e00,active_official_exact_listing_isin_name
FSX::DKG,proposed,DKG,FSX,Stock,DE000A14KRD3,Deutsche Konsum REIT AG,DT.KONSUM REAL EST.AG,deutsche_boerse_frankfurt_all_tradable_equities,exchange_directory,https://www.cashmarket.deutsche-boerse.com/resource/blob/2289108/3a67eacf4ad3419344f37b88a755943f/data/t7-xfra-BF-allTradableInstruments.csv,0cc763d4c0d195b41c2c738d,active_official_exact_listing_isin_name
FSX::DKI,proposed,DKI,FSX,Stock,JP3481800005,Daikin IndustriesLtd,DAIKIN IND. LTD,deutsche_boerse_frankfurt_all_tradable_equities,exchange_directory,https://www.cashmarket.deutsche-boerse.com/resource/blob/2289108/3a67eacf4ad3419344f37b88a755943f/data/t7-xfra-BF-allTradableInstruments.csv,9f9fd42b4503affd18c7e45f,active_official_exact_listing_isin_name
FSX::DLS,proposed,DLS,FSX,Stock,TH0528A10Z14,Delta Electronics (Thailand) Public Company Limited,"DELTA EL.TH.PCL-FGN-BA ,1",deutsche_boerse_frankfurt_all_tradable_equities,exchange_directory,https://www.cashmarket.deutsche-boerse.com/resource/blob/2289108/3a67eacf4ad3419344f37b88a755943f/data/t7-xfra-BF-allTradableInstruments.csv,3b48028eebd7c614a225a7b4,active_official_exact_listing_isin_name
FSX::DNQ,proposed,DNQ,FSX,Stock,NO0010096985,Equinor ASA,"EQUINOR ASA       NK 2,50",deutsche_boerse_frankfurt_all_tradable_equities,exchange_directory,https://www.cashmarket.deutsche-boerse.com/resource/blob/2289108/3a67eacf4ad3419344f37b88a755943f/data/t7-xfra-BF-allTradableInstruments.csv,380434a24e95d0d653848c12,active_official_exact_listing_isin_name
FSX::DOQ,proposed,DOQ,FSX,Stock,AT0000818802,DO & CO Aktiengesellschaft,DO + CO AG,deutsche_boerse_frankfurt_all_tradable_equities,exchange_directory,https://www.cashmarket.deutsche-boerse.com/resource/blob/2289108/3a67eacf4ad3419344f37b88a755943f/data/t7-xfra-BF-allTradableInstruments.csv,0c0397b94725ea5de0c7a88c,active_official_exact_listing_isin_name
FSX::DP9,proposed,DP9,FSX,Stock,GB0001826634,Diploma PLC,"DIPLOMA PLC        LS-,05",deutsche_boerse_frankfurt_all_tradable_equities,exchange_directory,https://www.cashmarket.deutsche-boerse.com/resource/blob/2289108/3a67eacf4ad3419344f37b88a755943f/data/t7-xfra-BF-allTradableInstruments.csv,f08552d83b9955c012d4845b,active_official_exact_listing_isin_name
FSX::DR0,proposed,DR0,FSX,Stock,DE000A0XYG76,Deutsche Rohstoff AG,DT.ROHSTOFF AG NA O.N.,deutsche_boerse_frankfurt_all_tradable_equities,exchange_directory,https://www.cashmarket.deutsche-boerse.com/resource/blob/2289108/3a67eacf4ad3419344f37b88a755943f/data/t7-xfra-BF-allTradableInstruments.csv,b04ac867787fc0c801d0a0ec,active_official_exact_listing_isin_name
FSX::DRC,proposed,DRC,FSX,Stock,SE0000331266,Duroc AB (publ),DUROC AB B           SK 1,deutsche_boerse_frankfurt_all_tradable_equities,exchange_directory,https://www.cashmarket.deutsche-boerse.com/resource/blob/2289108/3a67eacf4ad3419344f37b88a755943f/data/t7-xfra-BF-allTradableInstruments.csv,852e2e224d7daea2899c2799,active_official_exact_listing_isin_name
FSX::DST,proposed,DST,FSX,Stock,SE0007439443,Storytel AB Class B,STORYTEL AB B        SK 5,deutsche_boerse_frankfurt_all_tradable_equities,exchange_directory,https://www.cashmarket.deutsche-boerse.com/resource/blob/2289108/3a67eacf4ad3419344f37b88a755943f/data/t7-xfra-BF-allTradableInstruments.csv,0056b70643696e8a1d47db7a,active_official_exact_listing_isin_name
FSX::DTE,proposed,DTE,FSX,Stock,DE0005557508,Deutsche Telekom AG,DT.TELEKOM AG NA,deutsche_boerse_frankfurt_all_tradable_equities,exchange_directory,https://www.cashmarket.deutsche-boerse.com/resource/blob/2289108/3a67eacf4ad3419344f37b88a755943f/data/t7-xfra-BF-allTradableInstruments.csv,2d36504c08a8b8ddb99bc441,active_official_exact_listing_isin_name
FSX::DU3,proposed,DU3,FSX,Stock,SE0017232838,PUREFUN GROUP AB,VUXEN GROUP AB,deutsche_boerse_frankfurt_all_tradable_equities,exchange_directory,https://www.cashmarket.deutsche-boerse.com/resource/blob/2289108/3a67eacf4ad3419344f37b88a755943f/data/t7-xfra-BF-allTradableInstruments.csv,4c41293ad08b2f68180630c2,active_official_exact_listing_isin_name
FSX::DUT,proposed,DUT,FSX,Stock,US6153691059,Moody's Corporation,"MOODYS CORP       DL-,01",deutsche_boerse_frankfurt_all_tradable_equities,exchange_directory,https://www.cashmarket.deutsche-boerse.com/resource/blob/2289108/3a67eacf4ad3419344f37b88a755943f/data/t7-xfra-BF-allTradableInstruments.csv,c1b74126b8851aba63d8d139,active_official_exact_listing_isin_name
FSX::DV4,proposed,DV4,FSX,Stock,CA22675G2018,Critical Reagent Processing Corp.,CRITICAL REAG. PROC.CORP.,deutsche_boerse_frankfurt_all_tradable_equities,exchange_directory,https://www.cashmarket.deutsche-boerse.com/resource/blob/2289108/3a67eacf4ad3419344f37b88a755943f/data/t7-xfra-BF-allTradableInstruments.csv,07255543eb92cd0d03042109,active_official_exact_listing_isin_name
FSX::DW51,proposed,DW51,FSX,Stock,US00770K2024,Aemetis Inc,"AEMETIS INC.       DL-,01",deutsche_boerse_frankfurt_all_tradable_equities,exchange_directory,https://www.cashmarket.deutsche-boerse.com/resource/blob/2289108/3a67eacf4ad3419344f37b88a755943f/data/t7-xfra-BF-allTradableInstruments.csv,57ccc3c97791da764f6f8c6a,active_official_exact_listing_isin_name
FSX::DWP,proposed,DWP,FSX,Stock,FR0010436584,DNXCorp SE,"DNXCORP SE       EO -,164",deutsche_boerse_frankfurt_all_tradable_equities,exchange_directory,https://www.cashmarket.deutsche-boerse.com/resource/blob/2289108/3a67eacf4ad3419344f37b88a755943f/data/t7-xfra-BF-allTradableInstruments.csv,afb0ff464a3960266c6019e5,active_official_exact_listing_isin_name
FSX::DY6,proposed,DY6,FSX,Stock,US25179M1036,Devon Energy Corporation,"DEVON ENERGY CORP. DL-,10",deutsche_boerse_frankfurt_all_tradable_equities,exchange_directory,https://www.cashmarket.deutsche-boerse.com/resource/blob/2289108/3a67eacf4ad3419344f37b88a755943f/data/t7-xfra-BF-allTradableInstruments.csv,cd8ba788843c346028158d10,active_official_exact_listing_isin_name
FSX::DYH,proposed,DYH,FSX,Stock,US87612E1064,Target Corporation,"TARGET CORP.     DL-,0833",deutsche_boerse_frankfurt_all_tradable_equities,exchange_directory,https://www.cashmarket.deutsche-boerse.com/resource/blob/2289108/3a67eacf4ad3419344f37b88a755943f/data/t7-xfra-BF-allTradableInstruments.csv,d69bcb78b517d34f6190047d,active_official_exact_listing_isin_name
FSX::DYI,proposed,DYI,FSX,Stock,US2674751019,Dycom Industries Inc,"DYCOM INDS INC.   DL-,333",deutsche_boerse_frankfurt_all_tradable_equities,exchange_directory,https://www.cashmarket.deutsche-boerse.com/resource/blob/2289108/3a67eacf4ad3419344f37b88a755943f/data/t7-xfra-BF-allTradableInstruments.csv,4b9777a924c608e2454d2f5d,active_official_exact_listing_isin_name
FSX::DYJ0,proposed,DYJ0,FSX,Stock,GB00BTDR2S27,River Global Plc,"RIVER G.PLC B     LS-,005",deutsche_boerse_frankfurt_all_tradable_equities,exchange_directory,https://www.cashmarket.deutsche-boerse.com/resource/blob/2289108/3a67eacf4ad3419344f37b88a755943f/data/t7-xfra-BF-allTradableInstruments.csv,482d1bae643e32b47460557f,active_official_exact_listing_isin_name
FSX::DYT1,proposed,DYT1,FSX,Stock,US26817Q8868,Dynex Capital Inc,"DYNEX CAPITAL INC. DL-,01",deutsche_boerse_frankfurt_all_tradable_equities,exchange_directory,https://www.cashmarket.deutsche-boerse.com/resource/blob/2289108/3a67eacf4ad3419344f37b88a755943f/data/t7-xfra-BF-allTradableInstruments.csv,a9f42c42a32c90587e85c4cc,active_official_exact_listing_isin_name
FSX::E08A,proposed,E08A,FSX,Stock,US30068X1037,Exagen Inc,"EXAGEN INC.       DL-,001",deutsche_boerse_frankfurt_all_tradable_equities,exchange_directory,https://www.cashmarket.deutsche-boerse.com/resource/blob/2289108/3a67eacf4ad3419344f37b88a755943f/data/t7-xfra-BF-allTradableInstruments.csv,c0d30081d1e1f87069df7d0d,active_official_exact_listing_isin_name
FSX::E0C,proposed,E0C,FSX,Stock,SE0023261599,Carasent AB (publ),CARASENT AB AK O.N.,deutsche_boerse_frankfurt_all_tradable_equities,exchange_directory,https://www.cashmarket.deutsche-boerse.com/resource/blob/2289108/3a67eacf4ad3419344f37b88a755943f/data/t7-xfra-BF-allTradableInstruments.csv,7755cb29172148acdf5f9f89,active_official_exact_listing_isin_name
FSX::E20,proposed,E20,FSX,Stock,US2787681061,EchoStar Corporation,"ECHOSTAR CORP. A DL -,001",deutsche_boerse_frankfurt_all_tradable_equities,exchange_directory,https://www.cashmarket.deutsche-boerse.com/resource/blob/2289108/3a67eacf4ad3419344f37b88a755943f/data/t7-xfra-BF-allTradableInstruments.csv,4fbd5abf777c1de56607d1ee,active_official_exact_listing_isin_name
FSX::E3G1,proposed,E3G1,FSX,Stock,SE0012673267,Evolution AB (publ),"EVOLUTION AB (PU) SK-,003",deutsche_boerse_frankfurt_all_tradable_equities,exchange_directory,https://www.cashmarket.deutsche-boerse.com/resource/blob/2289108/3a67eacf4ad3419344f37b88a755943f/data/t7-xfra-BF-allTradableInstruments.csv,2d4d463195b717ac0b7b0893,active_official_exact_listing_isin_name
FSX::E3M,proposed,E3M,FSX,Stock,US29414B1044,EPAM Systems Inc,"EPAM SYSTEMS INC. DL-,001",deutsche_boerse_frankfurt_all_tradable_equities,exchange_directory,https://www.cashmarket.deutsche-boerse.com/resource/blob/2289108/3a67eacf4ad3419344f37b88a755943f/data/t7-xfra-BF-allTradableInstruments.csv,6e7a924e3e0290e6d63eebcb,active_official_exact_listing_isin_name
FSX::E3X1,proposed,E3X1,FSX,Stock,US30212P3038,Expedia Group Inc,"EXPEDIA GRP INC. DL-,0001",deutsche_boerse_frankfurt_all_tradable_equities,exchange_directory,https://www.cashmarket.deutsche-boerse.com/resource/blob/2289108/3a67eacf4ad3419344f37b88a755943f/data/t7-xfra-BF-allTradableInstruments.csv,4b8dc0e6c8b905ec549d9e9b,active_official_exact_listing_isin_name
FSX::E9Z,proposed,E9Z,FSX,Stock,CA59132M1086,Metalsource Mining Inc,METALS. MINING INC.O.N.,deutsche_boerse_frankfurt_all_tradable_equities,exchange_directory,https://www.cashmarket.deutsche-boerse.com/resource/blob/2289108/3a67eacf4ad3419344f37b88a755943f/data/t7-xfra-BF-allTradableInstruments.csv,1653f3025b2c2e5323254b16,active_official_exact_listing_isin_name
FSX::EAI,proposed,EAI,FSX,Stock,BE0003797140,Groupe Bruxelles Lambert SA,GBL SA,deutsche_boerse_frankfurt_all_tradable_equities,exchange_directory,https://www.cashmarket.deutsche-boerse.com/resource/blob/2289108/3a67eacf4ad3419344f37b88a755943f/data/t7-xfra-BF-allTradableInstruments.csv,fc58e48d04c5d0e675f2f0ba,active_official_exact_listing_isin_name
FSX::EBO,proposed,EBO,FSX,Stock,AT0000652011,Erste Group Bank AG,ERSTE GROUP BNK INH. O.N.,deutsche_boerse_frankfurt_all_tradable_equities,exchange_directory,https://www.cashmarket.deutsche-boerse.com/resource/blob/2289108/3a67eacf4ad3419344f37b88a755943f/data/t7-xfra-BF-allTradableInstruments.csv,bfc3398107ca4bb8060adb67,active_official_exact_listing_isin_name
FSX::EDXR,proposed,EDXR,FSX,Stock,IT0003372205,Edison S.p.A.,EDISON SPA   RISP.NC EO 1,deutsche_boerse_frankfurt_all_tradable_equities,exchange_directory,https://www.cashmarket.deutsche-boerse.com/resource/blob/2289108/3a67eacf4ad3419344f37b88a755943f/data/t7-xfra-BF-allTradableInstruments.csv,a6ae820c5d38469fdafd03d5,active_official_exact_listing_isin_name
FSX::EF3,proposed,EF3,FSX,Stock,FR0000130452,Eiffage SA,EIFFAGE SA INH.      EO 4,deutsche_boerse_frankfurt_all_tradable_equities,exchange_directory,https://www.cashmarket.deutsche-boerse.com/resource/blob/2289108/3a67eacf4ad3419344f37b88a755943f/data/t7-xfra-BF-allTradableInstruments.csv,a3a9821daa798e807dc1322c,active_official_exact_listing_isin_name
FSX::EG7,proposed,EG7,FSX,Stock,IE0003290289,FBD Holdings plc,"FBD HOLDINGS PLC   EO-,60",deutsche_boerse_frankfurt_all_tradable_equities,exchange_directory,https://www.cashmarket.deutsche-boerse.com/resource/blob/2289108/3a67eacf4ad3419344f37b88a755943f/data/t7-xfra-BF-allTradableInstruments.csv,c6f1649bb0e5ce9e366f275a,active_official_exact_listing_isin_name
FSX::EJXB,proposed,EJXB,FSX,Stock,SE0000163628,Elekta AB (publ),ELEKTA AB         B  SK 2,deutsche_boerse_frankfurt_all_tradable_equities,exchange_directory,https://www.cashmarket.deutsche-boerse.com/resource/blob/2289108/3a67eacf4ad3419344f37b88a755943f/data/t7-xfra-BF-allTradableInstruments.csv,80cf0c4401822dd1c080a1fc,active_official_exact_listing_isin_name
FSX::EL49,proposed,EL49,FSX,ETF,DE000ETFL375,Deka iBoxx EUR Liquid Corporates Diversified UCITS ETF,DK IBOXX EO LIQ.CORP.DIV.,deutsche_boerse_frankfurt_all_tradable_equities,exchange_directory,https://www.cashmarket.deutsche-boerse.com/resource/blob/2289108/3a67eacf4ad3419344f37b88a755943f/data/t7-xfra-BF-allTradableInstruments.csv,5c99c16a6d00e7fe98ad8214,active_official_exact_listing_isin_name
FSX::ELP,proposed,ELP,FSX,Stock,US20441B7047,Companhia Paranaense de Energia - COPEL,C. PARAN. EN. SP.ADR/4,deutsche_boerse_frankfurt_all_tradable_equities,exchange_directory,https://www.cashmarket.deutsche-boerse.com/resource/blob/2289108/3a67eacf4ad3419344f37b88a755943f/data/t7-xfra-BF-allTradableInstruments.csv,8e4a0f9882d7c4a4b17a0320,active_official_exact_listing_isin_name
FSX::EM4,proposed,EM4,FSX,Stock,US29084Q1004,EMCOR Group Inc,"EMCOR GRP INC.     DL-,01",deutsche_boerse_frankfurt_all_tradable_equities,exchange_directory,https://www.cashmarket.deutsche-boerse.com/resource/blob/2289108/3a67eacf4ad3419344f37b88a755943f/data/t7-xfra-BF-allTradableInstruments.csv,2b0f90d757e299f15238faa1,active_official_exact_listing_isin_name
FSX::ENQ,proposed,ENQ,FSX,Stock,US29362U1043,Entegris Inc,"ENTEGRIS INC.      DL-,01",deutsche_boerse_frankfurt_all_tradable_equities,exchange_directory,https://www.cashmarket.deutsche-boerse.com/resource/blob/2289108/3a67eacf4ad3419344f37b88a755943f/data/t7-xfra-BF-allTradableInstruments.csv,27f7202adcffcaf95709cf20,active_official_exact_listing_isin_name
FSX::EOAN,proposed,EOAN,FSX,Stock,DE000ENAG999,E.ON SE,E.ON SE NA O.N.,deutsche_boerse_frankfurt_all_tradable_equities,exchange_directory,https://www.cashmarket.deutsche-boerse.com/resource/blob/2289108/3a67eacf4ad3419344f37b88a755943f/data/t7-xfra-BF-allTradableInstruments.csv,69b0e8c90f75aad7dce51df0,active_official_exact_listing_isin_name
FSX::EOB,proposed,EOB,FSX,Stock,US0396531008,Arcosa Inc,"ARCOSA INC.       DL -,01",deutsche_boerse_frankfurt_all_tradable_equities,exchange_directory,https://www.cashmarket.deutsche-boerse.com/resource/blob/2289108/3a67eacf4ad3419344f37b88a755943f/data/t7-xfra-BF-allTradableInstruments.csv,1d4bf3c614803efd1cfeff65,active_official_exact_listing_isin_name
FSX::EP5,proposed,EP5,FSX,Stock,US30214U1025,Exponent Inc,"EXPONENT INC.   DL -,0001",deutsche_boerse_frankfurt_all_tradable_equities,exchange_directory,https://www.cashmarket.deutsche-boerse.com/resource/blob/2289108/3a67eacf4ad3419344f37b88a755943f/data/t7-xfra-BF-allTradableInstruments.csv,c78c523b761ebcf2eb66bbe1,active_official_exact_listing_isin_name
FSX::ERG1,proposed,ERG1,FSX,Stock,US11040G1031,Bristow Group Inc,"BRISTOW GROUP INC. DL-,01",deutsche_boerse_frankfurt_all_tradable_equities,exchange_directory,https://www.cashmarket.deutsche-boerse.com/resource/blob/2289108/3a67eacf4ad3419344f37b88a755943f/data/t7-xfra-BF-allTradableInstruments.csv,034a4a744d8badc139a128cc,active_official_exact_listing_isin_name
FSX::ERWE,proposed,ERWE,FSX,Stock,DE000A1X3WX6,ERWE Immobilien AG,ERWE IMMOB. AG INH O.N.,deutsche_boerse_frankfurt_all_tradable_equities,exchange_directory,https://www.cashmarket.deutsche-boerse.com/resource/blob/2289108/3a67eacf4ad3419344f37b88a755943f/data/t7-xfra-BF-allTradableInstruments.csv,c762b1cf9f803adfdb678ae7,active_official_exact_listing_isin_name
FSX::ESD,proposed,ESD,FSX,Stock,US0889291045,"BGC Group, Inc.","BGC GROUP INC.A    DL-,01",deutsche_boerse_frankfurt_all_tradable_equities,exchange_directory,https://www.cashmarket.deutsche-boerse.com/resource/blob/2289108/3a67eacf4ad3419344f37b88a755943f/data/t7-xfra-BF-allTradableInstruments.csv,f6b7aadb35ffe6aea466ce4b,active_official_exact_listing_isin_name
FSX::EUN5,proposed,EUN5,FSX,ETF,IE00B3F81R35,iShares III Public Limited Company - iShares Core Euro Corporate Bond UCITS ETF,ISHSIII-C.EO CORP.B.EODIS,deutsche_boerse_frankfurt_all_tradable_equities,exchange_directory,https://www.cashmarket.deutsche-boerse.com/resource/blob/2289108/3a67eacf4ad3419344f37b88a755943f/data/t7-xfra-BF-allTradableInstruments.csv,2080a1b30da5ba97e4da417b,active_official_exact_listing_isin_name
FSX::EUS0,proposed,EUS0,FSX,Stock,CA50067K3082,KORE Mining Ltd.,KORE MNG LTD  NEW O.N.,deutsche_boerse_frankfurt_all_tradable_equities,exchange_directory,https://www.cashmarket.deutsche-boerse.com/resource/blob/2289108/3a67eacf4ad3419344f37b88a755943f/data/t7-xfra-BF-allTradableInstruments.csv,96596632c6b49250aada02c6,active_official_exact_listing_isin_name
FSX::EVL,proposed,EVL,FSX,Stock,US30052C1071,Evolus Inc,"EVOLUS INC.     DL-,00001",deutsche_boerse_frankfurt_all_tradable_equities,exchange_directory,https://www.cashmarket.deutsche-boerse.com/resource/blob/2289108/3a67eacf4ad3419344f37b88a755943f/data/t7-xfra-BF-allTradableInstruments.csv,3ce44a3039212a235e148549,active_official_exact_listing_isin_name
FSX::EXH4,proposed,EXH4,FSX,ETF,DE000A0H08J9,iShares STOXX Europe 600 Industrial Goods & Services UCITS ETF (DE),IS.S.E.600 I.G+S.U.ETF A.,deutsche_boerse_frankfurt_all_tradable_equities,exchange_directory,https://www.cashmarket.deutsche-boerse.com/resource/blob/2289108/3a67eacf4ad3419344f37b88a755943f/data/t7-xfra-BF-allTradableInstruments.csv,edd9fa880ca9fa91866b3cd2,active_official_exact_listing_isin_name
FSX::EXH5,proposed,EXH5,FSX,ETF,DE000A0H08K7,iShares STOXX Europe 600 Insurance UCITS ETF (DE),IS.S.E.600 INSUR.U.ETF A.,deutsche_boerse_frankfurt_all_tradable_equities,exchange_directory,https://www.cashmarket.deutsche-boerse.com/resource/blob/2289108/3a67eacf4ad3419344f37b88a755943f/data/t7-xfra-BF-allTradableInstruments.csv,63d2a568be85af14784e61d5,active_official_exact_listing_isin_name
FSX::EXS1,proposed,EXS1,FSX,ETF,DE0005933931,iShares Core DAX® UCITS ETF (DE) EUR (Acc),ISHS CORE DAX UC.ETF EOA,deutsche_boerse_frankfurt_all_tradable_equities,exchange_directory,https://www.cashmarket.deutsche-boerse.com/resource/blob/2289108/3a67eacf4ad3419344f37b88a755943f/data/t7-xfra-BF-allTradableInstruments.csv,63452675346819d9cbc4efa8,active_official_exact_listing_isin_name
FSX::EY3,proposed,EY3,FSX,Stock,US1564311082,Century Aluminum Company,"CENTURY ALUM. CO.  DL-,01",deutsche_boerse_frankfurt_all_tradable_equities,exchange_directory,https://www.cashmarket.deutsche-boerse.com/resource/blob/2289108/3a67eacf4ad3419344f37b88a755943f/data/t7-xfra-BF-allTradableInstruments.csv,e6a240b4f2facfaa09221388,active_official_exact_listing_isin_name
FSX::EZ2A,proposed,EZ2A,FSX,Stock,US3023011063,EZCORP Inc,"EZCORP INC. A      DL-,01",deutsche_boerse_frankfurt_all_tradable_equities,exchange_directory,https://www.cashmarket.deutsche-boerse.com/resource/blob/2289108/3a67eacf4ad3419344f37b88a755943f/data/t7-xfra-BF-allTradableInstruments.csv,66986b53b25d83cf957dd310,active_official_exact_listing_isin_name
FSX::F03,proposed,F03,FSX,Stock,US34959J1088,Fortive Corporation,"FORTIVE CORP.      DL-,01",deutsche_boerse_frankfurt_all_tradable_equities,exchange_directory,https://www.cashmarket.deutsche-boerse.com/resource/blob/2289108/3a67eacf4ad3419344f37b88a755943f/data/t7-xfra-BF-allTradableInstruments.csv,48d79ce783b83b83d17e80e5,active_official_exact_listing_isin_name
FSX::F1P,proposed,F1P,FSX,Stock,TH0961010Y12,TTW Public Company Limited,TTW PCL -FGN-        BA 1,deutsche_boerse_frankfurt_all_tradable_equities,exchange_directory,https://www.cashmarket.deutsche-boerse.com/resource/blob/2289108/3a67eacf4ad3419344f37b88a755943f/data/t7-xfra-BF-allTradableInstruments.csv,3393440ba5f2149ab7069a67,active_official_exact_listing_isin_name
FSX::F1P2,proposed,F1P2,FSX,Stock,TH0961010R11,TTW Public Company Limited,TTW PCL        -NVDR- BA1,deutsche_boerse_frankfurt_all_tradable_equities,exchange_directory,https://www.cashmarket.deutsche-boerse.com/resource/blob/2289108/3a67eacf4ad3419344f37b88a755943f/data/t7-xfra-BF-allTradableInstruments.csv,ffb657205fb21013697d07eb,active_official_exact_listing_isin_name
FSX::F7Y,proposed,F7Y,FSX,Stock,KYG3902N1051,Gaush Meditech Ltd,"GAUSH MEDIT. LTD DL-,0001",deutsche_boerse_frankfurt_all_tradable_equities,exchange_directory,https://www.cashmarket.deutsche-boerse.com/resource/blob/2289108/3a67eacf4ad3419344f37b88a755943f/data/t7-xfra-BF-allTradableInstruments.csv,8f8920389be8cf4e01976452,active_official_exact_listing_isin_name
FSX::FAI0,proposed,FAI0,FSX,Stock,FI4000567029,Finnair Oyj,"FINNAIR OYJ       EO 85,-",deutsche_boerse_frankfurt_all_tradable_equities,exchange_directory,https://www.cashmarket.deutsche-boerse.com/resource/blob/2289108/3a67eacf4ad3419344f37b88a755943f/data/t7-xfra-BF-allTradableInstruments.csv,d398cd13add91d774cfb6b32,active_official_exact_listing_isin_name
FSX::FBLM,proposed,FBLM,FSX,Stock,GB00BD0CWJ91,FIH Group PLC,"FIH GROUP PLC     LS -,10",deutsche_boerse_frankfurt_all_tradable_equities,exchange_directory,https://www.cashmarket.deutsche-boerse.com/resource/blob/2289108/3a67eacf4ad3419344f37b88a755943f/data/t7-xfra-BF-allTradableInstruments.csv,7bbcdf8ec9659cb457d4be73,active_official_exact_listing_isin_name
FSX::FDU,proposed,FDU,FSX,Stock,US2026081057,Commercial Vehicle Group Inc,"COML VEHICLE GROUP DL-,01",deutsche_boerse_frankfurt_all_tradable_equities,exchange_directory,https://www.cashmarket.deutsche-boerse.com/resource/blob/2289108/3a67eacf4ad3419344f37b88a755943f/data/t7-xfra-BF-allTradableInstruments.csv,a2359bc2237f9162354cb4a5,active_official_exact_listing_isin_name
FSX::FIV,proposed,FIV,FSX,Stock,US3377381088,Fiserv Inc,"FISERV INC.        DL-,01",deutsche_boerse_frankfurt_all_tradable_equities,exchange_directory,https://www.cashmarket.deutsche-boerse.com/resource/blob/2289108/3a67eacf4ad3419344f37b88a755943f/data/t7-xfra-BF-allTradableInstruments.csv,96b9357415abcc48d83d4631,active_official_exact_listing_isin_name
FSX::FMF,proposed,FMF,FSX,Stock,US3463751087,FormFactor Inc,"FORMFACTOR INC.   DL-,001",deutsche_boerse_frankfurt_all_tradable_equities,exchange_directory,https://www.cashmarket.deutsche-boerse.com/resource/blob/2289108/3a67eacf4ad3419344f37b88a755943f/data/t7-xfra-BF-allTradableInstruments.csv,6905f8c9a45a8a55c6781cc8,active_official_exact_listing_isin_name
FSX::FOT,proposed,FOT,FSX,Stock,FI0009007132,Fortum Oyj,"FORTUM OYJ        EO 3,40",deutsche_boerse_frankfurt_all_tradable_equities,exchange_directory,https://www.cashmarket.deutsche-boerse.com/resource/blob/2289108/3a67eacf4ad3419344f37b88a755943f/data/t7-xfra-BF-allTradableInstruments.csv,ab4967f134567fc0d74fea44,active_official_exact_listing_isin_name
FSX::FPC,proposed,FPC,FSX,Stock,BMG348041077,First Pacific Company Limited,"FIRST PAC. CO.LTD  DL-,01",deutsche_boerse_frankfurt_all_tradable_equities,exchange_directory,https://www.cashmarket.deutsche-boerse.com/resource/blob/2289108/3a67eacf4ad3419344f37b88a755943f/data/t7-xfra-BF-allTradableInstruments.csv,cf2e1172fe9ccf583ad0c013,active_official_exact_listing_isin_name
FSX::FQV,proposed,FQV,FSX,Stock,US84863T1060,Spok Holdings Inc,"SPOK HLDGS INC.  DL-,0001",deutsche_boerse_frankfurt_all_tradable_equities,exchange_directory,https://www.cashmarket.deutsche-boerse.com/resource/blob/2289108/3a67eacf4ad3419344f37b88a755943f/data/t7-xfra-BF-allTradableInstruments.csv,cca8775dba98865117655015,active_official_exact_listing_isin_name
FSX::FRY,proposed,FRY,FSX,Stock,US8701951043,Swedbank AB (publ),SWEDBANK AB A ADR/1 SK20,deutsche_boerse_frankfurt_all_tradable_equities,exchange_directory,https://www.cashmarket.deutsche-boerse.com/resource/blob/2289108/3a67eacf4ad3419344f37b88a755943f/data/t7-xfra-BF-allTradableInstruments.csv,e7ea0ee14e41171c26f0a5ce,active_official_exact_listing_isin_name
FSX::FS5A,proposed,FS5A,FSX,Stock,US3026352068,FS KKR Capital Corp,"FS KKR CAP CORP. DL -,001",deutsche_boerse_frankfurt_all_tradable_equities,exchange_directory,https://www.cashmarket.deutsche-boerse.com/resource/blob/2289108/3a67eacf4ad3419344f37b88a755943f/data/t7-xfra-BF-allTradableInstruments.csv,4fc4c058166c5395a1fd14ff,active_official_exact_listing_isin_name
FSX::FSG,proposed,FSG,FSX,Stock,US3138551086,Federal Signal Corporation,FED. SIGNAL CORP.    DL 1,deutsche_boerse_frankfurt_all_tradable_equities,exchange_directory,https://www.cashmarket.deutsche-boerse.com/resource/blob/2289108/3a67eacf4ad3419344f37b88a755943f/data/t7-xfra-BF-allTradableInstruments.csv,5e51d0fcf2755ac6a570a397,active_official_exact_listing_isin_name
FSX::FSL,proposed,FSL,FSX,Stock,US34988V1061,Fossil Group Inc,"FOSSIL GROUP INC.  DL-,01",deutsche_boerse_frankfurt_all_tradable_equities,exchange_directory,https://www.cashmarket.deutsche-boerse.com/resource/blob/2289108/3a67eacf4ad3419344f37b88a755943f/data/t7-xfra-BF-allTradableInstruments.csv,d6f9a3c9fef857b16b508e3f,active_official_exact_listing_isin_name
FSX::FSRA,proposed,FSRA,FSX,Stock,ZAE000066304,FirstRand Limited,"FIRSTRAND LTD      RC-,01",deutsche_boerse_frankfurt_all_tradable_equities,exchange_directory,https://www.cashmarket.deutsche-boerse.com/resource/blob/2289108/3a67eacf4ad3419344f37b88a755943f/data/t7-xfra-BF-allTradableInstruments.csv,ed34eb0bf52687e3344753b3,active_official_exact_listing_isin_name
FSX::FU2,proposed,FU2,FSX,Stock,US3610081057,Funko Inc,"FUNKO INC. CL.A DL -,0001",deutsche_boerse_frankfurt_all_tradable_equities,exchange_directory,https://www.cashmarket.deutsche-boerse.com/resource/blob/2289108/3a67eacf4ad3419344f37b88a755943f/data/t7-xfra-BF-allTradableInstruments.csv,1c12f2d0551e093853d66aab,active_official_exact_listing_isin_name
FSX::FU5,proposed,FU5,FSX,Stock,US3602711000,Fulton Financial Corporation,"FULTON FINL CORP.  DL2,50",deutsche_boerse_frankfurt_all_tradable_equities,exchange_directory,https://www.cashmarket.deutsche-boerse.com/resource/blob/2289108/3a67eacf4ad3419344f37b88a755943f/data/t7-xfra-BF-allTradableInstruments.csv,6f9bbafa73ffd60fdd37aab0,active_official_exact_listing_isin_name
FSX::FUE1,proposed,FUE1,FSX,Stock,US3595231073,Fuel Tech Inc,"FUEL TECHS INC.    DL-,01",deutsche_boerse_frankfurt_all_tradable_equities,exchange_directory,https://www.cashmarket.deutsche-boerse.com/resource/blob/2289108/3a67eacf4ad3419344f37b88a755943f/data/t7-xfra-BF-allTradableInstruments.csv,83eb7525d37bc16175d04517,active_official_exact_listing_isin_name
FSX::FWQ,proposed,FWQ,FSX,Stock,AU000000MGX7,Mount Gibson Iron Limited,MGX RESOURCES LTD.,deutsche_boerse_frankfurt_all_tradable_equities,exchange_directory,https://www.cashmarket.deutsche-boerse.com/resource/blob/2289108/3a67eacf4ad3419344f37b88a755943f/data/t7-xfra-BF-allTradableInstruments.csv,58ebf1f0fd2e3841e017b66d,active_official_exact_listing_isin_name
FSX::FZM,proposed,FZM,FSX,Stock,CNE1000004Y2,ZTE Corporation,ZTE CORP. H          YC 1,deutsche_boerse_frankfurt_all_tradable_equities,exchange_directory,https://www.cashmarket.deutsche-boerse.com/resource/blob/2289108/3a67eacf4ad3419344f37b88a755943f/data/t7-xfra-BF-allTradableInstruments.csv,f466d613947f51bd72f7b9d3,active_official_exact_listing_isin_name
FSX::G6V,proposed,G6V,FSX,Stock,US44925C1036,ICF International Inc,"ICF INTL INC.     DL -,01",deutsche_boerse_frankfurt_all_tradable_equities,exchange_directory,https://www.cashmarket.deutsche-boerse.com/resource/blob/2289108/3a67eacf4ad3419344f37b88a755943f/data/t7-xfra-BF-allTradableInstruments.csv,fe681bb7d59bae75bf99cc94,active_official_exact_listing_isin_name
FSX::G7A,proposed,G7A,FSX,Stock,US4005011022,Grupo Aeroportuario del Centro Norte S.A.B. de C.V.,GR.AERO.D.CEN.NOR.B ADR/8,deutsche_boerse_frankfurt_all_tradable_equities,exchange_directory,https://www.cashmarket.deutsche-boerse.com/resource/blob/2289108/3a67eacf4ad3419344f37b88a755943f/data/t7-xfra-BF-allTradableInstruments.csv,c5def287e3dd234c90835a44,active_official_exact_listing_isin_name
FSX::G7H0,proposed,G7H0,FSX,Stock,SE0020699296,oodash Group AB (publ),OODA AI AB             AK,deutsche_boerse_frankfurt_all_tradable_equities,exchange_directory,https://www.cashmarket.deutsche-boerse.com/resource/blob/2289108/3a67eacf4ad3419344f37b88a755943f/data/t7-xfra-BF-allTradableInstruments.csv,8ba7679cade0c6ce04bc7c05,active_official_exact_listing_isin_name
FSX::G93,proposed,G93,FSX,Stock,CNE1000057K9,"Jiangsu Recbio Technology Co., Ltd.",JIANG.REC.TEC.LTD H YC 1,deutsche_boerse_frankfurt_all_tradable_equities,exchange_directory,https://www.cashmarket.deutsche-boerse.com/resource/blob/2289108/3a67eacf4ad3419344f37b88a755943f/data/t7-xfra-BF-allTradableInstruments.csv,f4759c60b25512d5d14dcc45,active_official_exact_listing_isin_name
FSX::GAP,proposed,GAP,FSX,Stock,US3647601083,The Gap Inc,"GAP INC.           DL-,05",deutsche_boerse_frankfurt_all_tradable_equities,exchange_directory,https://www.cashmarket.deutsche-boerse.com/resource/blob/2289108/3a67eacf4ad3419344f37b88a755943f/data/t7-xfra-BF-allTradableInstruments.csv,29d6673f0f0ee2eb92ea94d5,active_official_exact_listing_isin_name
FSX::GAX,proposed,GAX,FSX,Stock,US3614481030,GATX Corporation,"GATX CORP.        DL-,625",deutsche_boerse_frankfurt_all_tradable_equities,exchange_directory,https://www.cashmarket.deutsche-boerse.com/resource/blob/2289108/3a67eacf4ad3419344f37b88a755943f/data/t7-xfra-BF-allTradableInstruments.csv,edac27657f96f592c5097721,active_official_exact_listing_isin_name
FSX::GCG,proposed,GCG,FSX,Stock,IE0003864109,Greencore Group plc,"GREENCORE GRP PLC LS 0,01",deutsche_boerse_frankfurt_all_tradable_equities,exchange_directory,https://www.cashmarket.deutsche-boerse.com/resource/blob/2289108/3a67eacf4ad3419344f37b88a755943f/data/t7-xfra-BF-allTradableInstruments.csv,8b91916388f6865a8bc0d4be,active_official_exact_listing_isin_name
FSX::GCZB,proposed,GCZB,FSX,Stock,US3893751061,Gray Television Inc,GRAY MEDIA INC.     DL-01,deutsche_boerse_frankfurt_all_tradable_equities,exchange_directory,https://www.cashmarket.deutsche-boerse.com/resource/blob/2289108/3a67eacf4ad3419344f37b88a755943f/data/t7-xfra-BF-allTradableInstruments.csv,11520730b9cb5514b776f696,active_official_exact_listing_isin_name
FSX::GEY,proposed,GEY,FSX,Stock,CH0114405324,Garmin Ltd,"GARMIN LTD   NAM.SF 0,10",deutsche_boerse_frankfurt_all_tradable_equities,exchange_directory,https://www.cashmarket.deutsche-boerse.com/resource/blob/2289108/3a67eacf4ad3419344f37b88a755943f/data/t7-xfra-BF-allTradableInstruments.csv,d58b546eac0b8154dbdbbb21,active_official_exact_listing_isin_name
FSX::GFF,proposed,GFF,FSX,Stock,US3984331021,Griffon Corporation,"GRIFFON CORP.      DL-,25",deutsche_boerse_frankfurt_all_tradable_equities,exchange_directory,https://www.cashmarket.deutsche-boerse.com/resource/blob/2289108/3a67eacf4ad3419344f37b88a755943f/data/t7-xfra-BF-allTradableInstruments.csv,df7758ce235f8ae6b8643b78,active_official_exact_listing_isin_name
FSX::GIFN,proposed,GIFN,FSX,Stock,SG9999014831,GigaMedia Limited,GIGAMEDIA LTD       TA 10,deutsche_boerse_frankfurt_all_tradable_equities,exchange_directory,https://www.cashmarket.deutsche-boerse.com/resource/blob/2289108/3a67eacf4ad3419344f37b88a755943f/data/t7-xfra-BF-allTradableInstruments.csv,295e3bf5ab80fe3f2c9487bb,active_official_exact_listing_isin_name
FSX::GLW,proposed,GLW,FSX,Stock,US2193501051,Corning Incorporated,"CORNING INC.      DL -,50",deutsche_boerse_frankfurt_all_tradable_equities,exchange_directory,https://www.cashmarket.deutsche-boerse.com/resource/blob/2289108/3a67eacf4ad3419344f37b88a755943f/data/t7-xfra-BF-allTradableInstruments.csv,fefefaf3df99899c24d7b90d,active_official_exact_listing_isin_name
FSX::GRB,proposed,GRB,FSX,Stock,FR0000121709,SEB SA,SEB SA INH.          EO 1,deutsche_boerse_frankfurt_all_tradable_equities,exchange_directory,https://www.cashmarket.deutsche-boerse.com/resource/blob/2289108/3a67eacf4ad3419344f37b88a755943f/data/t7-xfra-BF-allTradableInstruments.csv,e6a62ac0293ba02bd6001c99,active_official_exact_listing_isin_name
FSX::GS71,proposed,GS71,FSX,Stock,GB00BN7SWP63,GSK plc,"GSK PLC  LS-,3125",deutsche_boerse_frankfurt_all_tradable_equities,exchange_directory,https://www.cashmarket.deutsche-boerse.com/resource/blob/2289108/3a67eacf4ad3419344f37b88a755943f/data/t7-xfra-BF-allTradableInstruments.csv,23f7c9204f1e8c94f356f7fb,active_official_exact_listing_isin_name
FSX::GTX,proposed,GTX,FSX,Stock,US3719011096,Gentex Corporation,"GENTEX CORP.       DL-,06",deutsche_boerse_frankfurt_all_tradable_equities,exchange_directory,https://www.cashmarket.deutsche-boerse.com/resource/blob/2289108/3a67eacf4ad3419344f37b88a755943f/data/t7-xfra-BF-allTradableInstruments.csv,3cafa55f13032168c9c83c09,active_official_exact_listing_isin_name
FSX::GTY,proposed,GTY,FSX,Stock,DE000A0JJTG7,Gateway Real Estate AG,GATEWAY R.EST.AG O.N.,deutsche_boerse_frankfurt_all_tradable_equities,exchange_directory,https://www.cashmarket.deutsche-boerse.com/resource/blob/2289108/3a67eacf4ad3419344f37b88a755943f/data/t7-xfra-BF-allTradableInstruments.csv,5bc04cc2f57d952ca01b6787,active_official_exact_listing_isin_name
FSX::GUL,proposed,GUL,FSX,Stock,FR0000066722,Guillemot Corporation S.A,"GUILLEMOT CORP.INH.EO-,77",deutsche_boerse_frankfurt_all_tradable_equities,exchange_directory,https://www.cashmarket.deutsche-boerse.com/resource/blob/2289108/3a67eacf4ad3419344f37b88a755943f/data/t7-xfra-BF-allTradableInstruments.csv,687695406060a650d3e6fdeb,active_official_exact_listing_isin_name
FSX::H2X3,proposed,H2X3,FSX,Stock,BMG4593F1389,Hiscox Ltd,"HISCOX LTD        LS-,065",deutsche_boerse_frankfurt_all_tradable_equities,exchange_directory,https://www.cashmarket.deutsche-boerse.com/resource/blob/2289108/3a67eacf4ad3419344f37b88a755943f/data/t7-xfra-BF-allTradableInstruments.csv,0d65fa3cf951ed3657770886,active_official_exact_listing_isin_name
FSX::H6D0,proposed,H6D0,FSX,Stock,GB00BMX86B70,Haleon PLC,"HALEON PLC       LS 0,01",deutsche_boerse_frankfurt_all_tradable_equities,exchange_directory,https://www.cashmarket.deutsche-boerse.com/resource/blob/2289108/3a67eacf4ad3419344f37b88a755943f/data/t7-xfra-BF-allTradableInstruments.csv,cddab41dc6b907f4369c5965,active_official_exact_listing_isin_name
FSX::H7C,proposed,H7C,FSX,Stock,US85512G1067,Star Holdings,STAR HOLDINGS BEN. INT.,deutsche_boerse_frankfurt_all_tradable_equities,exchange_directory,https://www.cashmarket.deutsche-boerse.com/resource/blob/2289108/3a67eacf4ad3419344f37b88a755943f/data/t7-xfra-BF-allTradableInstruments.csv,9576de7199e8a63624c20863,active_official_exact_listing_isin_name
FSX::H9W,proposed,H9W,FSX,Stock,DE000A0LR4P1,HWA AG,HWA AG  INH.O.N.,deutsche_boerse_frankfurt_all_tradable_equities,exchange_directory,https://www.cashmarket.deutsche-boerse.com/resource/blob/2289108/3a67eacf4ad3419344f37b88a755943f/data/t7-xfra-BF-allTradableInstruments.csv,959cc1fe32d577db4d11dc96,active_official_exact_listing_isin_name
FSX::HAY,proposed,HAY,FSX,Stock,GB0004161021,Hays plc,"HAYS PLC           LS-,01",deutsche_boerse_frankfurt_all_tradable_equities,exchange_directory,https://www.cashmarket.deutsche-boerse.com/resource/blob/2289108/3a67eacf4ad3419344f37b88a755943f/data/t7-xfra-BF-allTradableInstruments.csv,ceddc8e2c918c8dffbb44eec,active_official_exact_listing_isin_name
FSX::HBG,proposed,HBG,FSX,Stock,US4433201062,Hub Group Inc,"HUB GROUP INC. A   DL-,01",deutsche_boerse_frankfurt_all_tradable_equities,exchange_directory,https://www.cashmarket.deutsche-boerse.com/resource/blob/2289108/3a67eacf4ad3419344f37b88a755943f/data/t7-xfra-BF-allTradableInstruments.csv,4546207fe570a6de6f0f061e,active_official_exact_listing_isin_name
FSX::HC5,proposed,HC5,FSX,Stock,US42250P1030,Healthpeak Properties Inc,HEALTHPEAK PROP.INC. DL 1,deutsche_boerse_frankfurt_all_tradable_equities,exchange_directory,https://www.cashmarket.deutsche-boerse.com/resource/blob/2289108/3a67eacf4ad3419344f37b88a755943f/data/t7-xfra-BF-allTradableInstruments.csv,36ca8d4f2de7b033f151e38b,active_official_exact_listing_isin_name
FSX::HG0,proposed,HG0,FSX,Stock,GB00BMTV7393,THG Plc,"THG PLC           LS-,005",deutsche_boerse_frankfurt_all_tradable_equities,exchange_directory,https://www.cashmarket.deutsche-boerse.com/resource/blob/2289108/3a67eacf4ad3419344f37b88a755943f/data/t7-xfra-BF-allTradableInstruments.csv,d6f4d18f114fb1649371135a,active_official_exact_listing_isin_name
FSX::HHE0,proposed,HHE0,FSX,Stock,US44267T1025,Howard Hughes Holdings Inc.,"HOWRD.HG.HL.INC NW DL-,01",deutsche_boerse_frankfurt_all_tradable_equities,exchange_directory,https://www.cashmarket.deutsche-boerse.com/resource/blob/2289108/3a67eacf4ad3419344f37b88a755943f/data/t7-xfra-BF-allTradableInstruments.csv,6276845d819dbe83875ec0e5,active_official_exact_listing_isin_name
FSX::HIFH,proposed,HIFH,FSX,Stock,CNE1000002S8,COSCO SHIPPING Energy Transportation Co. Ltd,COSCO SHIP.ENER.TRAN.CO.H,deutsche_boerse_frankfurt_all_tradable_equities,exchange_directory,https://www.cashmarket.deutsche-boerse.com/resource/blob/2289108/3a67eacf4ad3419344f37b88a755943f/data/t7-xfra-BF-allTradableInstruments.csv,f49fca29e78debd79af939af,active_official_exact_listing_isin_name
FSX::HIJ2,proposed,HIJ2,FSX,Stock,NL0006237562,Arcadis NV,"ARCADIS NV         EO-,02",deutsche_boerse_frankfurt_all_tradable_equities,exchange_directory,https://www.cashmarket.deutsche-boerse.com/resource/blob/2289108/3a67eacf4ad3419344f37b88a755943f/data/t7-xfra-BF-allTradableInstruments.csv,2727167dcadec816cc1af27e,active_official_exact_listing_isin_name
FSX::HQX,proposed,HQX,FSX,Stock,AU000000DMP0,Domino's Pizza Enterprises Limited,DOMINOS PIZZA ENTERPR.LTD,deutsche_boerse_frankfurt_all_tradable_equities,exchange_directory,https://www.cashmarket.deutsche-boerse.com/resource/blob/2289108/3a67eacf4ad3419344f37b88a755943f/data/t7-xfra-BF-allTradableInstruments.csv,a2907e30a16ac7e56b0da776,active_official_exact_listing_isin_name
FSX::HTR,proposed,HTR,FSX,Stock,US4470111075,Huntsman Corporation,"HUNTSMAN CORP.     DL-,01",deutsche_boerse_frankfurt_all_tradable_equities,exchange_directory,https://www.cashmarket.deutsche-boerse.com/resource/blob/2289108/3a67eacf4ad3419344f37b88a755943f/data/t7-xfra-BF-allTradableInstruments.csv,24ad0f9c7d8b29ace30372a2,active_official_exact_listing_isin_name
FSX::HXL,proposed,HXL,FSX,Stock,US4282911084,Hexcel Corporation,"HEXCEL CORP.      DL-,01",deutsche_boerse_frankfurt_all_tradable_equities,exchange_directory,https://www.cashmarket.deutsche-boerse.com/resource/blob/2289108/3a67eacf4ad3419344f37b88a755943f/data/t7-xfra-BF-allTradableInstruments.csv,3cd3f5b9bed694247aabdfdc,active_official_exact_listing_isin_name
FSX::HY7,proposed,HY7,FSX,Stock,ZAE000012084,Shoprite Holdings Limited,"SHOPRITE HLD LTD RC 1,134",deutsche_boerse_frankfurt_all_tradable_equities,exchange_directory,https://www.cashmarket.deutsche-boerse.com/resource/blob/2289108/3a67eacf4ad3419344f37b88a755943f/data/t7-xfra-BF-allTradableInstruments.csv,961ccbca570d8bcf235bfd3e,active_official_exact_listing_isin_name
FSX::HYI,proposed,HYI,FSX,Stock,DE0006004500,Hyrican Informationssysteme Aktiengesellschaft,HYRICAN INFO.SYSTEME AG,deutsche_boerse_frankfurt_all_tradable_equities,exchange_directory,https://www.cashmarket.deutsche-boerse.com/resource/blob/2289108/3a67eacf4ad3419344f37b88a755943f/data/t7-xfra-BF-allTradableInstruments.csv,8c1fb6ac1f039828202f1df1,active_official_exact_listing_isin_name
FSX::HYN,proposed,HYN,FSX,Stock,HK0014000126,Hysan Development Company Limited,HYSAN DEV. CO.LTD,deutsche_boerse_frankfurt_all_tradable_equities,exchange_directory,https://www.cashmarket.deutsche-boerse.com/resource/blob/2289108/3a67eacf4ad3419344f37b88a755943f/data/t7-xfra-BF-allTradableInstruments.csv,44a6de04d5060ba7d294c5ee,active_official_exact_listing_isin_name
FSX::I1M,proposed,I1M,FSX,Stock,SE0001515552,Indutrade AB (publ),INDUTRADE AB         SK 1,deutsche_boerse_frankfurt_all_tradable_equities,exchange_directory,https://www.cashmarket.deutsche-boerse.com/resource/blob/2289108/3a67eacf4ad3419344f37b88a755943f/data/t7-xfra-BF-allTradableInstruments.csv,5372231594663fdb84170b4d,active_official_exact_listing_isin_name
FSX::I91,proposed,I91,FSX,Stock,KYG6771K1022,IGG Inc,"IGG INC.      DL-,0000025",deutsche_boerse_frankfurt_all_tradable_equities,exchange_directory,https://www.cashmarket.deutsche-boerse.com/resource/blob/2289108/3a67eacf4ad3419344f37b88a755943f/data/t7-xfra-BF-allTradableInstruments.csv,4a33b9720e1d6139d5a6971c,active_official_exact_listing_isin_name
FSX::IC2,proposed,IC2,FSX,Stock,US45866F1049,Intercontinental Exchange Inc,INTERCONTINENTAL EXCH.INC,deutsche_boerse_frankfurt_all_tradable_equities,exchange_directory,https://www.cashmarket.deutsche-boerse.com/resource/blob/2289108/3a67eacf4ad3419344f37b88a755943f/data/t7-xfra-BF-allTradableInstruments.csv,d65b864a1bc5594196c88a5d,active_official_exact_listing_isin_name
FSX::ICP,proposed,ICP,FSX,Stock,DE000A1R1C81,Panamax AG,UNIT. ECO SOLUTIONS AG ON,deutsche_boerse_frankfurt_all_tradable_equities,exchange_directory,https://www.cashmarket.deutsche-boerse.com/resource/blob/2289108/3a67eacf4ad3419344f37b88a755943f/data/t7-xfra-BF-allTradableInstruments.csv,a00277c5481dcfe5cb36d34c,active_official_exact_listing_isin_name
FSX::ICQ,proposed,ICQ,FSX,Stock,SE0001200015,Invisio AB (publ),INVISIO AB           SK 1,deutsche_boerse_frankfurt_all_tradable_equities,exchange_directory,https://www.cashmarket.deutsche-boerse.com/resource/blob/2289108/3a67eacf4ad3419344f37b88a755943f/data/t7-xfra-BF-allTradableInstruments.csv,1c58e4706f5cb8820bc9564a,active_official_exact_listing_isin_name
FSX::ID6,proposed,ID6,FSX,Stock,US4576422053,Innodata Inc,"INNODATA INC.     DL -,01",deutsche_boerse_frankfurt_all_tradable_equities,exchange_directory,https://www.cashmarket.deutsche-boerse.com/resource/blob/2289108/3a67eacf4ad3419344f37b88a755943f/data/t7-xfra-BF-allTradableInstruments.csv,ce509c8d5a2f4f77b8c22a8b,active_official_exact_listing_isin_name
FSX::IDC2,proposed,IDC2,FSX,Stock,US4489475073,IDT Corporation,"IDT CORP. B NEW    DL-,01",deutsche_boerse_frankfurt_all_tradable_equities,exchange_directory,https://www.cashmarket.deutsche-boerse.com/resource/blob/2289108/3a67eacf4ad3419344f37b88a755943f/data/t7-xfra-BF-allTradableInstruments.csv,4c296dc5ef909a13b8bb797b,active_official_exact_listing_isin_name
FSX::IF6N,proposed,IF6N,FSX,Stock,US4586653044,Interface Inc,"INTERFACE INC.     DL-,10",deutsche_boerse_frankfurt_all_tradable_equities,exchange_directory,https://www.cashmarket.deutsche-boerse.com/resource/blob/2289108/3a67eacf4ad3419344f37b88a755943f/data/t7-xfra-BF-allTradableInstruments.csv,e71995bfe6984b83e59b75ca,active_official_exact_listing_isin_name
FSX::IF7,proposed,IF7,FSX,Stock,GB00B2QL5C79,Iofina plc,"IOFINA PLC        LS -,01",deutsche_boerse_frankfurt_all_tradable_equities,exchange_directory,https://www.cashmarket.deutsche-boerse.com/resource/blob/2289108/3a67eacf4ad3419344f37b88a755943f/data/t7-xfra-BF-allTradableInstruments.csv,bd6edbc9681a37c98fb1cd8c,active_official_exact_listing_isin_name
FSX::IFX,proposed,IFX,FSX,Stock,DE0006231004,Infineon Technologies AG,INFINEON TECH.AG NA O.N.,deutsche_boerse_frankfurt_all_tradable_equities,exchange_directory,https://www.cashmarket.deutsche-boerse.com/resource/blob/2289108/3a67eacf4ad3419344f37b88a755943f/data/t7-xfra-BF-allTradableInstruments.csv,2f73d7f6105ca7f5009fed05,active_official_exact_listing_isin_name
FSX::IJU,proposed,IJU,FSX,Stock,SE0000936478,Intrum AB (publ),"INTRUM AB          SK-,02",deutsche_boerse_frankfurt_all_tradable_equities,exchange_directory,https://www.cashmarket.deutsche-boerse.com/resource/blob/2289108/3a67eacf4ad3419344f37b88a755943f/data/t7-xfra-BF-allTradableInstruments.csv,d6ee9c9bf43826514d5b9b58,active_official_exact_listing_isin_name
FSX::IMV,proposed,IMV,FSX,Stock,US4525211078,Immersion Corporation,"IMMERSION CORP.   DL-,001",deutsche_boerse_frankfurt_all_tradable_equities,exchange_directory,https://www.cashmarket.deutsche-boerse.com/resource/blob/2289108/3a67eacf4ad3419344f37b88a755943f/data/t7-xfra-BF-allTradableInstruments.csv,ef574b30b81cd25dfc692437,active_official_exact_listing_isin_name
FSX::INNA,proposed,INNA,FSX,Stock,US4568371037,ING Groep N.V,"ING GP NV SP.ADR/1 EO-,24",deutsche_boerse_frankfurt_all_tradable_equities,exchange_directory,https://www.cashmarket.deutsche-boerse.com/resource/blob/2289108/3a67eacf4ad3419344f37b88a755943f/data/t7-xfra-BF-allTradableInstruments.csv,2544dc92c6262dedfb444324,active_official_exact_listing_isin_name
FSX::INVN,proposed,INVN,FSX,Stock,US45170X2053,Identiv Inc,"IDENTIV INC.      DL-,001",deutsche_boerse_frankfurt_all_tradable_equities,exchange_directory,https://www.cashmarket.deutsche-boerse.com/resource/blob/2289108/3a67eacf4ad3419344f37b88a755943f/data/t7-xfra-BF-allTradableInstruments.csv,f03c57a4367743bdee02ce84,active_official_exact_listing_isin_name
FSX::IQL,proposed,IQL,FSX,Stock,CH0451424300,iQ International AG,"IQ INTL AG IL      SF-,01",deutsche_boerse_frankfurt_all_tradable_equities,exchange_directory,https://www.cashmarket.deutsche-boerse.com/resource/blob/2289108/3a67eacf4ad3419344f37b88a755943f/data/t7-xfra-BF-allTradableInstruments.csv,256f059c57730fb93658f9cf,active_official_exact_listing_isin_name
FSX::IRI,proposed,IRI,FSX,Stock,NO0010001118,Itera ASA,"ITERA ASA         NK 0,30",deutsche_boerse_frankfurt_all_tradable_equities,exchange_directory,https://www.cashmarket.deutsche-boerse.com/resource/blob/2289108/3a67eacf4ad3419344f37b88a755943f/data/t7-xfra-BF-allTradableInstruments.csv,3a444922ce0c23fe19ffb2c9,active_official_exact_listing_isin_name
FSX::IRY,proposed,IRY,FSX,Stock,US4500473032,IRSA Inversiones y Representaciones Sociedad Anónima,IRSA -INV Y REPR.  SP.ADR,deutsche_boerse_frankfurt_all_tradable_equities,exchange_directory,https://www.cashmarket.deutsche-boerse.com/resource/blob/2289108/3a67eacf4ad3419344f37b88a755943f/data/t7-xfra-BF-allTradableInstruments.csv,f28af9b8876d487ceacb73a1,active_official_exact_listing_isin_name
FSX::IS3N,proposed,IS3N,FSX,ETF,IE00BKM4GZ66,iShares Core MSCI Emerging Markets IMI UCITS,IS C.MSCI EMIMI U.ETF DLA,deutsche_boerse_frankfurt_all_tradable_equities,exchange_directory,https://www.cashmarket.deutsche-boerse.com/resource/blob/2289108/3a67eacf4ad3419344f37b88a755943f/data/t7-xfra-BF-allTradableInstruments.csv,062b75c07eb41a725fdf07ca,active_official_exact_listing_isin_name
FSX::ITU,proposed,ITU,FSX,Stock,US4612021034,Intuit Inc,"INTUIT INC.        DL-,01",deutsche_boerse_frankfurt_all_tradable_equities,exchange_directory,https://www.cashmarket.deutsche-boerse.com/resource/blob/2289108/3a67eacf4ad3419344f37b88a755943f/data/t7-xfra-BF-allTradableInstruments.csv,9274ef606955f151391ee674,active_official_exact_listing_isin_name
FSX::IUR,proposed,IUR,FSX,Stock,DE0006208408,KAP AG,KAP AG  INH O.N.,deutsche_boerse_frankfurt_all_tradable_equities,exchange_directory,https://www.cashmarket.deutsche-boerse.com/resource/blob/2289108/3a67eacf4ad3419344f37b88a755943f/data/t7-xfra-BF-allTradableInstruments.csv,8b57381202cd5f39f87e18f3,active_official_exact_listing_isin_name
FSX::IUSU,proposed,IUSU,FSX,ETF,IE00B14X4S71,iShares Public Limited Company - iShares $ Treasury Bond 1-3yr UCITS ETF,IS DL T.BD1-3YR U.ETF DLD,deutsche_boerse_frankfurt_all_tradable_equities,exchange_directory,https://www.cashmarket.deutsche-boerse.com/resource/blob/2289108/3a67eacf4ad3419344f37b88a755943f/data/t7-xfra-BF-allTradableInstruments.csv,ed060bea09b3c0a693f70c7d,active_official_exact_listing_isin_name
FSX::IWY,proposed,IWY,FSX,Stock,US82655M2061,Sify Technologies Limited,SIFY TECHNO.LTD.ADR IR 10,deutsche_boerse_frankfurt_all_tradable_equities,exchange_directory,https://www.cashmarket.deutsche-boerse.com/resource/blob/2289108/3a67eacf4ad3419344f37b88a755943f/data/t7-xfra-BF-allTradableInstruments.csv,822c15256263f008b51f5ffe,active_official_exact_listing_isin_name
FSX::IX1,proposed,IX1,FSX,Stock,US45168D1046,IDEXX Laboratories Inc,"IDEXX LABS INC.    DL-,10",deutsche_boerse_frankfurt_all_tradable_equities,exchange_directory,https://www.cashmarket.deutsche-boerse.com/resource/blob/2289108/3a67eacf4ad3419344f37b88a755943f/data/t7-xfra-BF-allTradableInstruments.csv,d2cda05505cc46c1589fbd98,active_official_exact_listing_isin_name
FSX::J0J,proposed,J0J,FSX,Stock,CH1430134226,Amrize AG,AMRIZE AG   DL 1000,deutsche_boerse_frankfurt_all_tradable_equities,exchange_directory,https://www.cashmarket.deutsche-boerse.com/resource/blob/2289108/3a67eacf4ad3419344f37b88a755943f/data/t7-xfra-BF-allTradableInstruments.csv,04ef7cd77577a1dde0048dfa,active_official_exact_listing_isin_name
FSX::J2A,proposed,J2A,FSX,Stock,US96924N1000,Willdan Group Inc,"WILLDAN GROUP INC. DL-,01",deutsche_boerse_frankfurt_all_tradable_equities,exchange_directory,https://www.cashmarket.deutsche-boerse.com/resource/blob/2289108/3a67eacf4ad3419344f37b88a755943f/data/t7-xfra-BF-allTradableInstruments.csv,05719b5a063ff109c233ff89,active_official_exact_listing_isin_name
FSX::J4D,proposed,J4D,FSX,Stock,US49177J1025,Kenvue Inc.,"KENVUE INC.      DL -,001",deutsche_boerse_frankfurt_all_tradable_equities,exchange_directory,https://www.cashmarket.deutsche-boerse.com/resource/blob/2289108/3a67eacf4ad3419344f37b88a755943f/data/t7-xfra-BF-allTradableInstruments.csv,cbc690d5f097b330a98c6044,active_official_exact_listing_isin_name
FSX::J74,proposed,J74,FSX,Stock,TH0612010R10,Betagro Public Company Limited,BETAGRO PLC  -NVDR- BA 5,deutsche_boerse_frankfurt_all_tradable_equities,exchange_directory,https://www.cashmarket.deutsche-boerse.com/resource/blob/2289108/3a67eacf4ad3419344f37b88a755943f/data/t7-xfra-BF-allTradableInstruments.csv,91943d4e5d54da5954e62492,active_official_exact_listing_isin_name
FSX::J92,proposed,J92,FSX,Stock,KYG4990A1040,J&T Global Express Limited,J+T GLOBAL EXPR.LTD. CL.B,deutsche_boerse_frankfurt_all_tradable_equities,exchange_directory,https://www.cashmarket.deutsche-boerse.com/resource/blob/2289108/3a67eacf4ad3419344f37b88a755943f/data/t7-xfra-BF-allTradableInstruments.csv,5feea57d09a5262a8a08067c,active_official_exact_listing_isin_name
FSX::JDC,proposed,JDC,FSX,Stock,DE000A0B9N37,JDC Group AG,JDC GROUP AG O.N.,deutsche_boerse_frankfurt_all_tradable_equities,exchange_directory,https://www.cashmarket.deutsche-boerse.com/resource/blob/2289108/3a67eacf4ad3419344f37b88a755943f/data/t7-xfra-BF-allTradableInstruments.csv,6cfa83ecdf23de5c61463591,active_official_exact_listing_isin_name
FSX::JEP,proposed,JEP,FSX,Stock,NO0010310956,SalMar ASA,"SALMAR ASA        NK -,25",deutsche_boerse_frankfurt_all_tradable_equities,exchange_directory,https://www.cashmarket.deutsche-boerse.com/resource/blob/2289108/3a67eacf4ad3419344f37b88a755943f/data/t7-xfra-BF-allTradableInstruments.csv,c2a68023661fc40d8b7b4231,active_official_exact_listing_isin_name
FSX::JL80,proposed,JL80,FSX,Stock,NO0013052209,Norconsult ASA,"NORCONSULT ASA    NK -,02",deutsche_boerse_frankfurt_all_tradable_equities,exchange_directory,https://www.cashmarket.deutsche-boerse.com/resource/blob/2289108/3a67eacf4ad3419344f37b88a755943f/data/t7-xfra-BF-allTradableInstruments.csv,531cb9d3ff55d67e5a225faa,active_official_exact_listing_isin_name
FSX::JMM,proposed,JMM,FSX,Stock,SE0000806994,JM AB (publ),JM AB,deutsche_boerse_frankfurt_all_tradable_equities,exchange_directory,https://www.cashmarket.deutsche-boerse.com/resource/blob/2289108/3a67eacf4ad3419344f37b88a755943f/data/t7-xfra-BF-allTradableInstruments.csv,6a39fd1bcac5a387dfe0f944,active_official_exact_listing_isin_name
FSX::JMX,proposed,JMX,FSX,Stock,US57776J1007,MaxLinear Inc,"MAXLINEAR INC.     DL-,01",deutsche_boerse_frankfurt_all_tradable_equities,exchange_directory,https://www.cashmarket.deutsche-boerse.com/resource/blob/2289108/3a67eacf4ad3419344f37b88a755943f/data/t7-xfra-BF-allTradableInstruments.csv,b7a8127a6dd2ffa17d1de9f0,active_official_exact_listing_isin_name
FSX::JOE,proposed,JOE,FSX,Stock,US7901481009,St Joe Company,ST JOE CO.         DL 100,deutsche_boerse_frankfurt_all_tradable_equities,exchange_directory,https://www.cashmarket.deutsche-boerse.com/resource/blob/2289108/3a67eacf4ad3419344f37b88a755943f/data/t7-xfra-BF-allTradableInstruments.csv,c79a1f9047f486947a075962,active_official_exact_listing_isin_name
FSX::K67,proposed,K67,FSX,Stock,US34965K1079,Fortrea Holdings Inc.,"FORTREA HOLDINGS  DL-,001",deutsche_boerse_frankfurt_all_tradable_equities,exchange_directory,https://www.cashmarket.deutsche-boerse.com/resource/blob/2289108/3a67eacf4ad3419344f37b88a755943f/data/t7-xfra-BF-allTradableInstruments.csv,54a354486503daa3d94a32f9,active_official_exact_listing_isin_name
FSX::K900,proposed,K900,FSX,Stock,SE0014504817,Loomis AB (publ),LOOMIS AB SERIES,deutsche_boerse_frankfurt_all_tradable_equities,exchange_directory,https://www.cashmarket.deutsche-boerse.com/resource/blob/2289108/3a67eacf4ad3419344f37b88a755943f/data/t7-xfra-BF-allTradableInstruments.csv,75ce2e0209b701e239f0975a,active_official_exact_listing_isin_name
FSX::KAO0,proposed,KAO0,FSX,Stock,US4855374017,Kao Corporation,"KAO CORP. UNSP. ADR/0,20",deutsche_boerse_frankfurt_all_tradable_equities,exchange_directory,https://www.cashmarket.deutsche-boerse.com/resource/blob/2289108/3a67eacf4ad3419344f37b88a755943f/data/t7-xfra-BF-allTradableInstruments.csv,b8b983a102994a4d60721dd7,active_official_exact_listing_isin_name
FSX::KBIA,proposed,KBIA,FSX,Stock,US48241A1051,KB Financial Group Inc,KB FINANCIAL ADR SW 5000,deutsche_boerse_frankfurt_all_tradable_equities,exchange_directory,https://www.cashmarket.deutsche-boerse.com/resource/blob/2289108/3a67eacf4ad3419344f37b88a755943f/data/t7-xfra-BF-allTradableInstruments.csv,afdf34d927ea24760545a0c6,active_official_exact_listing_isin_name
FSX::KDA,proposed,KDA,FSX,Stock,US48282T1043,Kadant Inc,"KADANT INC.        DL-,01",deutsche_boerse_frankfurt_all_tradable_equities,exchange_directory,https://www.cashmarket.deutsche-boerse.com/resource/blob/2289108/3a67eacf4ad3419344f37b88a755943f/data/t7-xfra-BF-allTradableInstruments.csv,49008681fed5845e970f2ac3,active_official_exact_listing_isin_name
FSX::KE8,proposed,KE8,FSX,Stock,KYG5223Y1089,KE Holdings Inc.,"KE HOLDINGS A DL -,00002",deutsche_boerse_frankfurt_all_tradable_equities,exchange_directory,https://www.cashmarket.deutsche-boerse.com/resource/blob/2289108/3a67eacf4ad3419344f37b88a755943f/data/t7-xfra-BF-allTradableInstruments.csv,027c20ce5fd630323f4cb809,active_official_exact_listing_isin_name
FSX::KEP1,proposed,KEP1,FSX,Stock,SG1U68934629,Keppel Corporation Limited,"KEPPEL LTD.  SUB.  SD-,25",deutsche_boerse_frankfurt_all_tradable_equities,exchange_directory,https://www.cashmarket.deutsche-boerse.com/resource/blob/2289108/3a67eacf4ad3419344f37b88a755943f/data/t7-xfra-BF-allTradableInstruments.csv,4246f4bf4936a4662ae40152,active_official_exact_listing_isin_name
FSX::KHP,proposed,KHP,FSX,Stock,US5002551043,Kohl's Corporation,"KOHL'S CORP.       DL-,01",deutsche_boerse_frankfurt_all_tradable_equities,exchange_directory,https://www.cashmarket.deutsche-boerse.com/resource/blob/2289108/3a67eacf4ad3419344f37b88a755943f/data/t7-xfra-BF-allTradableInstruments.csv,f2668e877aa42071313ff875,active_official_exact_listing_isin_name
FSX::KLA,proposed,KLA,FSX,Stock,US4824801009,KLA Corporation,"KLA CORP.        DL -,001",deutsche_boerse_frankfurt_all_tradable_equities,exchange_directory,https://www.cashmarket.deutsche-boerse.com/resource/blob/2289108/3a67eacf4ad3419344f37b88a755943f/data/t7-xfra-BF-allTradableInstruments.csv,82047821140f97c21bc41e43,active_official_exact_listing_isin_name
FSX::KLU1,proposed,KLU1,FSX,Stock,US4830077040,Kaiser Aluminum Corporation,"KAISER ALUM.CORP. DL-,01",deutsche_boerse_frankfurt_all_tradable_equities,exchange_directory,https://www.cashmarket.deutsche-boerse.com/resource/blob/2289108/3a67eacf4ad3419344f37b88a755943f/data/t7-xfra-BF-allTradableInstruments.csv,21f69eea514281f6f1295c72,active_official_exact_listing_isin_name
FSX::KM3,proposed,KM3,FSX,Stock,US4891701009,Kennametal Inc,"KENNAMETAL INC.   DL 1,25",deutsche_boerse_frankfurt_all_tradable_equities,exchange_directory,https://www.cashmarket.deutsche-boerse.com/resource/blob/2289108/3a67eacf4ad3419344f37b88a755943f/data/t7-xfra-BF-allTradableInstruments.csv,f6604c0aea60660ad5c9d82a,active_official_exact_listing_isin_name
FSX::KO9,proposed,KO9,FSX,Stock,US50060P1066,Koppers Holdings Inc,"KOPPERS HOLDINGS   DL-,01",deutsche_boerse_frankfurt_all_tradable_equities,exchange_directory,https://www.cashmarket.deutsche-boerse.com/resource/blob/2289108/3a67eacf4ad3419344f37b88a755943f/data/t7-xfra-BF-allTradableInstruments.csv,8e03c3398eb193c12cc77495,active_official_exact_listing_isin_name
FSX::KOG,proposed,KOG,FSX,Stock,US5010441013,The Kroger Co,KROGER CO.           DL 1,deutsche_boerse_frankfurt_all_tradable_equities,exchange_directory,https://www.cashmarket.deutsche-boerse.com/resource/blob/2289108/3a67eacf4ad3419344f37b88a755943f/data/t7-xfra-BF-allTradableInstruments.csv,14bc51db9ef3aecf2f5c9725,active_official_exact_listing_isin_name
FSX::KOS1,proposed,KOS1,FSX,Stock,US5006881065,Kosmos Energy Ltd,"KOSMOS ENERGY LTD  DL-,01",deutsche_boerse_frankfurt_all_tradable_equities,exchange_directory,https://www.cashmarket.deutsche-boerse.com/resource/blob/2289108/3a67eacf4ad3419344f37b88a755943f/data/t7-xfra-BF-allTradableInstruments.csv,9060eee6657875454ae6b337,active_official_exact_listing_isin_name
FSX::KRX,proposed,KRX,FSX,Stock,IE0004927939,Kingspan Group plc,"KINGSPAN GRP PLC   EO-,13",deutsche_boerse_frankfurt_all_tradable_equities,exchange_directory,https://www.cashmarket.deutsche-boerse.com/resource/blob/2289108/3a67eacf4ad3419344f37b88a755943f/data/t7-xfra-BF-allTradableInstruments.csv,7e8c0d4a6f44c2a8606a322d,active_official_exact_listing_isin_name
FSX::KSB,proposed,KSB,FSX,Stock,DE0006292006,KSB SE & Co. KGaA,KSB SE+CO.KGAA  ST O.N.,deutsche_boerse_frankfurt_all_tradable_equities,exchange_directory,https://www.cashmarket.deutsche-boerse.com/resource/blob/2289108/3a67eacf4ad3419344f37b88a755943f/data/t7-xfra-BF-allTradableInstruments.csv,0a031496f685e7be532cc422,active_official_exact_listing_isin_name
FSX::KSB3,proposed,KSB3,FSX,Stock,DE0006292030,KSB SE & Co. KGaA,KSB SE+CO.KGAA VZO O.N.,deutsche_boerse_frankfurt_all_tradable_equities,exchange_directory,https://www.cashmarket.deutsche-boerse.com/resource/blob/2289108/3a67eacf4ad3419344f37b88a755943f/data/t7-xfra-BF-allTradableInstruments.csv,e0bba6e67a92d46493c4bed8,active_official_exact_listing_isin_name
FSX::KSC,proposed,KSC,FSX,Stock,DE000A1A6V48,KPS AG,KPS AG NA O.N.,deutsche_boerse_frankfurt_all_tradable_equities,exchange_directory,https://www.cashmarket.deutsche-boerse.com/resource/blob/2289108/3a67eacf4ad3419344f37b88a755943f/data/t7-xfra-BF-allTradableInstruments.csv,bb65af61dc72c9de55e5b8cb,active_official_exact_listing_isin_name
FSX::KTC,proposed,KTC,FSX,Stock,US48268K1016,KT Corporation,KT CORP. ADR 1/2/SW 5000,deutsche_boerse_frankfurt_all_tradable_equities,exchange_directory,https://www.cashmarket.deutsche-boerse.com/resource/blob/2289108/3a67eacf4ad3419344f37b88a755943f/data/t7-xfra-BF-allTradableInstruments.csv,dd369c0784aaeb3d248a8ef5,active_official_exact_listing_isin_name
FSX::KWO,proposed,KWO,FSX,Stock,BMG9031M1082,Transport International Holdings Limited,TRANSP.INTL HLDG.LTD.HD 1,deutsche_boerse_frankfurt_all_tradable_equities,exchange_directory,https://www.cashmarket.deutsche-boerse.com/resource/blob/2289108/3a67eacf4ad3419344f37b88a755943f/data/t7-xfra-BF-allTradableInstruments.csv,8e701f969d055741acdce37e,active_official_exact_listing_isin_name
FSX::L1D,proposed,L1D,FSX,Stock,CA00135V1094,AI Artificial Intelligence Ventures Inc.,AI ARTIF.INTEL.VENT.INC.,deutsche_boerse_frankfurt_all_tradable_equities,exchange_directory,https://www.cashmarket.deutsche-boerse.com/resource/blob/2289108/3a67eacf4ad3419344f37b88a755943f/data/t7-xfra-BF-allTradableInstruments.csv,ab79d7f90b976d62d8a30c1a,active_official_exact_listing_isin_name
FSX::L52,proposed,L52,FSX,Stock,CNE1000069Z2,"REPT BATTERO Energy Co., Ltd.",REPT BAT.E.C.LTD  H YC1,deutsche_boerse_frankfurt_all_tradable_equities,exchange_directory,https://www.cashmarket.deutsche-boerse.com/resource/blob/2289108/3a67eacf4ad3419344f37b88a755943f/data/t7-xfra-BF-allTradableInstruments.csv,8d6cedd52c085d786648e058,active_official_exact_listing_isin_name
FSX::L5R,proposed,L5R,FSX,Stock,HK0823032773,Link Real Estate Investment Trust,LINK REIT,deutsche_boerse_frankfurt_all_tradable_equities,exchange_directory,https://www.cashmarket.deutsche-boerse.com/resource/blob/2289108/3a67eacf4ad3419344f37b88a755943f/data/t7-xfra-BF-allTradableInstruments.csv,74acd533f6f877893ba7dbae,active_official_exact_listing_isin_name
FSX::LA5,proposed,LA5,FSX,Stock,US8269191024,Silicon Laboratories Inc,"SILICON LABS INC.DL-,0001",deutsche_boerse_frankfurt_all_tradable_equities,exchange_directory,https://www.cashmarket.deutsche-boerse.com/resource/blob/2289108/3a67eacf4ad3419344f37b88a755943f/data/t7-xfra-BF-allTradableInstruments.csv,46fdf1b807adb6ccee28cf31,active_official_exact_listing_isin_name
FSX::LCM,proposed,LCM,FSX,Stock,MHY1771G1026,Costamare Inc,"COSTAMARE INC.   DL-,0001",deutsche_boerse_frankfurt_all_tradable_equities,exchange_directory,https://www.cashmarket.deutsche-boerse.com/resource/blob/2289108/3a67eacf4ad3419344f37b88a755943f/data/t7-xfra-BF-allTradableInstruments.csv,e6d11f8935b588ef2dd55352,active_official_exact_listing_isin_name
FSX::LD1A,proposed,LD1A,FSX,Stock,US5057431042,Ladder Capital Corp,"LADDER CAP.CORP.A DL-,001",deutsche_boerse_frankfurt_all_tradable_equities,exchange_directory,https://www.cashmarket.deutsche-boerse.com/resource/blob/2289108/3a67eacf4ad3419344f37b88a755943f/data/t7-xfra-BF-allTradableInstruments.csv,4581a2c383e6d56db301fdb5,active_official_exact_listing_isin_name
FSX::LEH,proposed,LEH,FSX,Stock,DE000A2DA406,LEHNER INVESTMENTS AG,LAMPETIA AG INH O.N.,deutsche_boerse_frankfurt_all_tradable_equities,exchange_directory,https://www.cashmarket.deutsche-boerse.com/resource/blob/2289108/3a67eacf4ad3419344f37b88a755943f/data/t7-xfra-BF-allTradableInstruments.csv,6f33ab8df05c2e946a7cfdb0,active_official_exact_listing_isin_name
FSX::LFD,proposed,LFD,FSX,Stock,GB00B00KV284,GCM Resources Plc,"GCM RESOURCES PLC  LS-,01",deutsche_boerse_frankfurt_all_tradable_equities,exchange_directory,https://www.cashmarket.deutsche-boerse.com/resource/blob/2289108/3a67eacf4ad3419344f37b88a755943f/data/t7-xfra-BF-allTradableInstruments.csv,94acab8e4b708620ab9c3851,active_official_exact_listing_isin_name
FSX::LFL0,proposed,LFL0,FSX,Stock,US51817R2058,LATAM Airlines Group S.A.,LATAM AIRL.GRP ADR/2000,deutsche_boerse_frankfurt_all_tradable_equities,exchange_directory,https://www.cashmarket.deutsche-boerse.com/resource/blob/2289108/3a67eacf4ad3419344f37b88a755943f/data/t7-xfra-BF-allTradableInstruments.csv,51d2182e2bd70abdf134cbd1,active_official_exact_listing_isin_name
FSX::LFS,proposed,LFS,FSX,Stock,US5370081045,Littelfuse Inc,"LITTELFUSE INC.    DL-,01",deutsche_boerse_frankfurt_all_tradable_equities,exchange_directory,https://www.cashmarket.deutsche-boerse.com/resource/blob/2289108/3a67eacf4ad3419344f37b88a755943f/data/t7-xfra-BF-allTradableInstruments.csv,47354bae5dcf0631dcc635a8,active_official_exact_listing_isin_name
FSX::LGI0,proposed,LGI0,FSX,Stock,US52463H1032,Legal & General Group Plc,LEGAL GENL GRP PLC ADR/5,deutsche_boerse_frankfurt_all_tradable_equities,exchange_directory,https://www.cashmarket.deutsche-boerse.com/resource/blob/2289108/3a67eacf4ad3419344f37b88a755943f/data/t7-xfra-BF-allTradableInstruments.csv,3ddcd12d6955910798f94020,active_official_exact_listing_isin_name
FSX::LGX1,proposed,LGX1,FSX,Stock,BMG2113B1081,China Resources Gas Group Limited,"CN RES GAS GR.LTD. HD-,10",deutsche_boerse_frankfurt_all_tradable_equities,exchange_directory,https://www.cashmarket.deutsche-boerse.com/resource/blob/2289108/3a67eacf4ad3419344f37b88a755943f/data/t7-xfra-BF-allTradableInstruments.csv,4c4c39b57b4ab352816f67af,active_official_exact_listing_isin_name
FSX::LH6,proposed,LH6,FSX,Stock,KYG989BA1027,ZJLD Group Inc.,"ZJLD GROUP INC.DL-,000002",deutsche_boerse_frankfurt_all_tradable_equities,exchange_directory,https://www.cashmarket.deutsche-boerse.com/resource/blob/2289108/3a67eacf4ad3419344f37b88a755943f/data/t7-xfra-BF-allTradableInstruments.csv,77fbc4b39142c497fa2176d5,active_official_exact_listing_isin_name
FSX::LHA,proposed,LHA,FSX,Stock,DE0008232125,Deutsche Lufthansa AG,LUFTHANSA AG VNA O.N.,deutsche_boerse_frankfurt_all_tradable_equities,exchange_directory,https://www.cashmarket.deutsche-boerse.com/resource/blob/2289108/3a67eacf4ad3419344f37b88a755943f/data/t7-xfra-BF-allTradableInstruments.csv,d6d8cf7d1534083c71901b90,active_official_exact_listing_isin_name
FSX::LI3,proposed,LI3,FSX,Stock,FR0000050353,Lisi S.A,"LISI SA INH.      EO 0,40",deutsche_boerse_frankfurt_all_tradable_equities,exchange_directory,https://www.cashmarket.deutsche-boerse.com/resource/blob/2289108/3a67eacf4ad3419344f37b88a755943f/data/t7-xfra-BF-allTradableInstruments.csv,9b4afdecacd8319a929a0a4d,active_official_exact_listing_isin_name
FSX::LIA,proposed,LIA,FSX,Stock,GB00BYMT0J19,LivaNova PLC,"LIVANOVA PLC      DL -,01",deutsche_boerse_frankfurt_all_tradable_equities,exchange_directory,https://www.cashmarket.deutsche-boerse.com/resource/blob/2289108/3a67eacf4ad3419344f37b88a755943f/data/t7-xfra-BF-allTradableInstruments.csv,20d99172ff443c5116295266,active_official_exact_listing_isin_name
FSX::LL6,proposed,LL6,FSX,Stock,ZAE000042164,MTN Group Limited,"MTN GROUP LTD.   RC-,0001",deutsche_boerse_frankfurt_all_tradable_equities,exchange_directory,https://www.cashmarket.deutsche-boerse.com/resource/blob/2289108/3a67eacf4ad3419344f37b88a755943f/data/t7-xfra-BF-allTradableInstruments.csv,c0f88e645f00bf7299d8eb75,active_official_exact_listing_isin_name
FSX::LLD2,proposed,LLD2,FSX,Stock,US5394391099,Lloyds Banking Group plc,"LLOYDS BKG ADR/4 LS -,25",deutsche_boerse_frankfurt_all_tradable_equities,exchange_directory,https://www.cashmarket.deutsche-boerse.com/resource/blob/2289108/3a67eacf4ad3419344f37b88a755943f/data/t7-xfra-BF-allTradableInstruments.csv,0f09a101fac81adecaa93a4c,active_official_exact_listing_isin_name
FSX::LLI,proposed,LLI,FSX,Stock,US5117951062,Lakeland Industries Inc,"LAKELAND INDS INC. DL-,01",deutsche_boerse_frankfurt_all_tradable_equities,exchange_directory,https://www.cashmarket.deutsche-boerse.com/resource/blob/2289108/3a67eacf4ad3419344f37b88a755943f/data/t7-xfra-BF-allTradableInstruments.csv,22d94e8692c2743cfac49132,active_official_exact_listing_isin_name
FSX::LLP,proposed,LLP,FSX,Stock,GB0005359004,Renew Holdings plc,"RENEW HOLDINGS PLC LS-,10",deutsche_boerse_frankfurt_all_tradable_equities,exchange_directory,https://www.cashmarket.deutsche-boerse.com/resource/blob/2289108/3a67eacf4ad3419344f37b88a755943f/data/t7-xfra-BF-allTradableInstruments.csv,699f7fcd9629fd93706f943e,active_official_exact_listing_isin_name
FSX::LU4,proposed,LU4,FSX,Stock,BMG5700D1065,Luks Group (Vietnam Holdings) Company Limited,"LUKS GROUP (VN)   HD -,01",deutsche_boerse_frankfurt_all_tradable_equities,exchange_directory,https://www.cashmarket.deutsche-boerse.com/resource/blob/2289108/3a67eacf4ad3419344f37b88a755943f/data/t7-xfra-BF-allTradableInstruments.csv,a4d073c54def65ef4027980d,active_official_exact_listing_isin_name
FSX::LXI,proposed,LXI,FSX,Stock,US5261071071,Lennox International Inc,"LENNOX INTL INC.   DL-,01",deutsche_boerse_frankfurt_all_tradable_equities,exchange_directory,https://www.cashmarket.deutsche-boerse.com/resource/blob/2289108/3a67eacf4ad3419344f37b88a755943f/data/t7-xfra-BF-allTradableInstruments.csv,a71920ffd77f7e59b30621b6,active_official_exact_listing_isin_name
FSX::M3K0,proposed,M3K0,FSX,Stock,GRS314003013,MIG Holdings S.A.,"MIG HOLDINGS NEW   EO-,40",deutsche_boerse_frankfurt_all_tradable_equities,exchange_directory,https://www.cashmarket.deutsche-boerse.com/resource/blob/2289108/3a67eacf4ad3419344f37b88a755943f/data/t7-xfra-BF-allTradableInstruments.csv,b718a9cb814fbc071bbb699f,active_official_exact_listing_isin_name
FSX::M3T,proposed,M3T,FSX,Stock,SG1M51904654,CapitaLand Integrated Commercial Trust,CAPITALAND INT.COMM.TRUST,deutsche_boerse_frankfurt_all_tradable_equities,exchange_directory,https://www.cashmarket.deutsche-boerse.com/resource/blob/2289108/3a67eacf4ad3419344f37b88a755943f/data/t7-xfra-BF-allTradableInstruments.csv,94f449b0cc603c46f24d8c71,active_official_exact_listing_isin_name
FSX::M4I,proposed,M4I,FSX,Stock,US57636Q1040,Mastercard Inc,"MASTERCARD INC.A DL-,0001",deutsche_boerse_frankfurt_all_tradable_equities,exchange_directory,https://www.cashmarket.deutsche-boerse.com/resource/blob/2289108/3a67eacf4ad3419344f37b88a755943f/data/t7-xfra-BF-allTradableInstruments.csv,54a865a66dad63e41dcb02e1,active_official_exact_listing_isin_name
FSX::M5C,proposed,M5C,FSX,Stock,AU000000MCP2,MCPHERSONS LTD,MCPHERSON'S LTD,deutsche_boerse_frankfurt_all_tradable_equities,exchange_directory,https://www.cashmarket.deutsche-boerse.com/resource/blob/2289108/3a67eacf4ad3419344f37b88a755943f/data/t7-xfra-BF-allTradableInstruments.csv,c39bfc99ea7f8c936d7140cf,active_official_exact_listing_isin_name
FSX::M5U,proposed,M5U,FSX,Stock,KYG5966D1051,Meitu Inc,"MEITU INC.      DL-,00001",deutsche_boerse_frankfurt_all_tradable_equities,exchange_directory,https://www.cashmarket.deutsche-boerse.com/resource/blob/2289108/3a67eacf4ad3419344f37b88a755943f/data/t7-xfra-BF-allTradableInstruments.csv,fa814c5fc18553841b70744b,active_official_exact_listing_isin_name
FSX::M5V,proposed,M5V,FSX,Stock,US28238P1093,eHealth Inc,"EHEALTH INC.      DL-,001",deutsche_boerse_frankfurt_all_tradable_equities,exchange_directory,https://www.cashmarket.deutsche-boerse.com/resource/blob/2289108/3a67eacf4ad3419344f37b88a755943f/data/t7-xfra-BF-allTradableInstruments.csv,140ee6b55077ddb62a281479,active_official_exact_listing_isin_name
FSX::MAH0,proposed,MAH0,FSX,Stock,US5894921072,Mereo BioPharma Group plc,"MEREO BIOPH. ADR  LS-,003",deutsche_boerse_frankfurt_all_tradable_equities,exchange_directory,https://www.cashmarket.deutsche-boerse.com/resource/blob/2289108/3a67eacf4ad3419344f37b88a755943f/data/t7-xfra-BF-allTradableInstruments.csv,3fa4ff5b3850c757982b59a9,active_official_exact_listing_isin_name
FSX::MAT,proposed,MAT,FSX,Stock,US69832A3041,Panasonic Holdings Corporation,PANASONIC HLD. UNSP.ADR/1,deutsche_boerse_frankfurt_all_tradable_equities,exchange_directory,https://www.cashmarket.deutsche-boerse.com/resource/blob/2289108/3a67eacf4ad3419344f37b88a755943f/data/t7-xfra-BF-allTradableInstruments.csv,6b74b45b7311fab94687cf80,active_official_exact_listing_isin_name
FSX::MBY,proposed,MBY,FSX,Stock,US5962781010,The Middleby Corporation,"MIDDLEBY CORP.     DL-,01",deutsche_boerse_frankfurt_all_tradable_equities,exchange_directory,https://www.cashmarket.deutsche-boerse.com/resource/blob/2289108/3a67eacf4ad3419344f37b88a755943f/data/t7-xfra-BF-allTradableInstruments.csv,fcd210f176b936e70b1d0f2c,active_official_exact_listing_isin_name
FSX::MCG,proposed,MCG,FSX,Stock,US5894001008,Mercury General Corporation,MERCURY GENL CORP.,deutsche_boerse_frankfurt_all_tradable_equities,exchange_directory,https://www.cashmarket.deutsche-boerse.com/resource/blob/2289108/3a67eacf4ad3419344f37b88a755943f/data/t7-xfra-BF-allTradableInstruments.csv,da63fff561dcf9ca7f0d26e3,active_official_exact_listing_isin_name
FSX::MD1,proposed,MD1,FSX,Stock,NO0010159684,Medistim ASA,"MEDISTIM ASA      NK -,25",deutsche_boerse_frankfurt_all_tradable_equities,exchange_directory,https://www.cashmarket.deutsche-boerse.com/resource/blob/2289108/3a67eacf4ad3419344f37b88a755943f/data/t7-xfra-BF-allTradableInstruments.csv,079aa00d9f5800d797189c62,active_official_exact_listing_isin_name
FSX::ME90,proposed,ME90,FSX,Stock,US58502K1060,Mediobanca Banca di Credito Finanziario S.p.A.,MEDIOBANCA S.P.A.UNSP.ADR,deutsche_boerse_frankfurt_all_tradable_equities,exchange_directory,https://www.cashmarket.deutsche-boerse.com/resource/blob/2289108/3a67eacf4ad3419344f37b88a755943f/data/t7-xfra-BF-allTradableInstruments.csv,599e9282ae228bc98eb390ac,active_official_exact_listing_isin_name
FSX::MEA,proposed,MEA,FSX,Stock,JP3906000009,MinebeaMitsumi Inc,MINEBEA MITSUMI INC.,deutsche_boerse_frankfurt_all_tradable_equities,exchange_directory,https://www.cashmarket.deutsche-boerse.com/resource/blob/2289108/3a67eacf4ad3419344f37b88a755943f/data/t7-xfra-BF-allTradableInstruments.csv,944281c49ad575b6c241ca50,active_official_exact_listing_isin_name
FSX::MIE,proposed,MIE,FSX,Stock,US6067762012,Mitsubishi Electric Corporation,MITSUBISHI ELECTR. ADR/2,deutsche_boerse_frankfurt_all_tradable_equities,exchange_directory,https://www.cashmarket.deutsche-boerse.com/resource/blob/2289108/3a67eacf4ad3419344f37b88a755943f/data/t7-xfra-BF-allTradableInstruments.csv,e29d73a76cbc1d52809a8332,active_official_exact_listing_isin_name
FSX::MIY,proposed,MIY,FSX,Stock,US60649T1079,Mistras Group Inc,"MISTRAS GROUP INC. DL-,01",deutsche_boerse_frankfurt_all_tradable_equities,exchange_directory,https://www.cashmarket.deutsche-boerse.com/resource/blob/2289108/3a67eacf4ad3419344f37b88a755943f/data/t7-xfra-BF-allTradableInstruments.csv,06dbda35fade66e651098b81,active_official_exact_listing_isin_name
FSX::MLE,proposed,MLE,FSX,Stock,US2942681071,ePlus inc,"EPLUS INC.         DL-,01",deutsche_boerse_frankfurt_all_tradable_equities,exchange_directory,https://www.cashmarket.deutsche-boerse.com/resource/blob/2289108/3a67eacf4ad3419344f37b88a755943f/data/t7-xfra-BF-allTradableInstruments.csv,f7ec931e685c8eb2bfbd085a,active_official_exact_listing_isin_name
FSX::MLP,proposed,MLP,FSX,Stock,DE0006569908,MLP SE,MLP SE  INH. O.N.,deutsche_boerse_frankfurt_all_tradable_equities,exchange_directory,https://www.cashmarket.deutsche-boerse.com/resource/blob/2289108/3a67eacf4ad3419344f37b88a755943f/data/t7-xfra-BF-allTradableInstruments.csv,1162ad7a8976987d38561159,active_official_exact_listing_isin_name
FSX::MMG,proposed,MMG,FSX,Stock,JP3888400003,Mitsui Mining & Smelting Co. Ltd,MITSUI KINZOKU CO. LTD.,deutsche_boerse_frankfurt_all_tradable_equities,exchange_directory,https://www.cashmarket.deutsche-boerse.com/resource/blob/2289108/3a67eacf4ad3419344f37b88a755943f/data/t7-xfra-BF-allTradableInstruments.csv,931086eb6ed7ec9a4f4365fd,active_official_exact_listing_isin_name
FSX::MN2,proposed,MN2,FSX,Stock,SE0012673291,Mentice AB,"MENTICE AB        SK -,20",deutsche_boerse_frankfurt_all_tradable_equities,exchange_directory,https://www.cashmarket.deutsche-boerse.com/resource/blob/2289108/3a67eacf4ad3419344f37b88a755943f/data/t7-xfra-BF-allTradableInstruments.csv,22de22094acf9bc20980b6a5,active_official_exact_listing_isin_name
FSX::MO7A,proposed,MO7A,FSX,Stock,US6153942023,Moog Inc,MOOG INC. CL.A       DL 1,deutsche_boerse_frankfurt_all_tradable_equities,exchange_directory,https://www.cashmarket.deutsche-boerse.com/resource/blob/2289108/3a67eacf4ad3419344f37b88a755943f/data/t7-xfra-BF-allTradableInstruments.csv,ec4df1c53760cdda694362fb,active_official_exact_listing_isin_name
FSX::MQ1,proposed,MQ1,FSX,Stock,US8962152091,TriMas Corporation,"TRIMAS CORP.       DL-,01",deutsche_boerse_frankfurt_all_tradable_equities,exchange_directory,https://www.cashmarket.deutsche-boerse.com/resource/blob/2289108/3a67eacf4ad3419344f37b88a755943f/data/t7-xfra-BF-allTradableInstruments.csv,d4a27ef68faf25e5d383fe6f,active_official_exact_listing_isin_name
FSX::MR2,proposed,MR2,FSX,Stock,US6102361010,Monro Inc,"MONRO INC.        DL -,01",deutsche_boerse_frankfurt_all_tradable_equities,exchange_directory,https://www.cashmarket.deutsche-boerse.com/resource/blob/2289108/3a67eacf4ad3419344f37b88a755943f/data/t7-xfra-BF-allTradableInstruments.csv,02eb2858c79edf7b8dedc0aa,active_official_exact_listing_isin_name
FSX::MTE,proposed,MTE,FSX,Stock,US5951121038,Micron Technology Inc,"MICRON TECHN. INC. DL-,10",deutsche_boerse_frankfurt_all_tradable_equities,exchange_directory,https://www.cashmarket.deutsche-boerse.com/resource/blob/2289108/3a67eacf4ad3419344f37b88a755943f/data/t7-xfra-BF-allTradableInstruments.csv,df4c864abdddf6fc0f78714e,active_official_exact_listing_isin_name
FSX::MTJ3,proposed,MTJ3,FSX,Stock,IT0004552359,Intek Group S.p.A,KME GROUP S.P.A.,deutsche_boerse_frankfurt_all_tradable_equities,exchange_directory,https://www.cashmarket.deutsche-boerse.com/resource/blob/2289108/3a67eacf4ad3419344f37b88a755943f/data/t7-xfra-BF-allTradableInstruments.csv,2efc0df01ea44e60ec3ca000,active_official_exact_listing_isin_name
FSX::MUD,proposed,MUD,FSX,Stock,US6247561029,Mueller Industries Inc,"MUELLER INDS INC.  DL-,01",deutsche_boerse_frankfurt_all_tradable_equities,exchange_directory,https://www.cashmarket.deutsche-boerse.com/resource/blob/2289108/3a67eacf4ad3419344f37b88a755943f/data/t7-xfra-BF-allTradableInstruments.csv,01e3621ddd64754569e825d6,active_official_exact_listing_isin_name
FSX::MUR,proposed,MUR,FSX,Stock,US6264251025,"Murata Manufacturing Co., Ltd.",MURATA MFG CO. UNSP.ADR 1,deutsche_boerse_frankfurt_all_tradable_equities,exchange_directory,https://www.cashmarket.deutsche-boerse.com/resource/blob/2289108/3a67eacf4ad3419344f37b88a755943f/data/t7-xfra-BF-allTradableInstruments.csv,73b39e4baaf649e40003ed2f,active_official_exact_listing_isin_name
FSX::MUY,proposed,MUY,FSX,Stock,GB0006094303,Mulberry Group PLC,"MULBERRY GRP PLC   LS-,05",deutsche_boerse_frankfurt_all_tradable_equities,exchange_directory,https://www.cashmarket.deutsche-boerse.com/resource/blob/2289108/3a67eacf4ad3419344f37b88a755943f/data/t7-xfra-BF-allTradableInstruments.csv,3b6622c750110094d74fa51a,active_official_exact_listing_isin_name
FSX::MV4,proposed,MV4,FSX,Stock,US6245801062,Movado Group Inc,"MOVADO GRP INC.    DL-,01",deutsche_boerse_frankfurt_all_tradable_equities,exchange_directory,https://www.cashmarket.deutsche-boerse.com/resource/blob/2289108/3a67eacf4ad3419344f37b88a755943f/data/t7-xfra-BF-allTradableInstruments.csv,bf127a77ca3f50318b497e67,active_official_exact_listing_isin_name
FSX::MWG,proposed,MWG,FSX,Stock,CA4576377002,InMed Pharmaceuticals Inc,INMED PHARMACEUT.INC.NEW,deutsche_boerse_frankfurt_all_tradable_equities,exchange_directory,https://www.cashmarket.deutsche-boerse.com/resource/blob/2289108/3a67eacf4ad3419344f37b88a755943f/data/t7-xfra-BF-allTradableInstruments.csv,b42de9e41ae586ad7a4d4377,active_official_exact_listing_isin_name
FSX::MWX,proposed,MWX,FSX,Stock,KYG6074A1085,Mewah International Inc,"MEWAH INTL INC.   DL-,001",deutsche_boerse_frankfurt_all_tradable_equities,exchange_directory,https://www.cashmarket.deutsche-boerse.com/resource/blob/2289108/3a67eacf4ad3419344f37b88a755943f/data/t7-xfra-BF-allTradableInstruments.csv,d400abd1809b7a04cc647ccf,active_official_exact_listing_isin_name
FSX::MWZ,proposed,MWZ,FSX,Stock,US59156R1086,MetLife Inc,"METLIFE INC.       DL-,01",deutsche_boerse_frankfurt_all_tradable_equities,exchange_directory,https://www.cashmarket.deutsche-boerse.com/resource/blob/2289108/3a67eacf4ad3419344f37b88a755943f/data/t7-xfra-BF-allTradableInstruments.csv,a233e65e06405843512d80d5,active_official_exact_listing_isin_name
FSX::MX4A,proposed,MX4A,FSX,Stock,US12572Q1058,CME Group Inc,"CME GROUP INC.     DL-,01",deutsche_boerse_frankfurt_all_tradable_equities,exchange_directory,https://www.cashmarket.deutsche-boerse.com/resource/blob/2289108/3a67eacf4ad3419344f37b88a755943f/data/t7-xfra-BF-allTradableInstruments.csv,81f9aaf362c4896b14113aeb,active_official_exact_listing_isin_name
FSX::MXD,proposed,MXD,FSX,Stock,HK0222001130,Min Xin Holdings Limited,MIN XIN HLDGS LTD,deutsche_boerse_frankfurt_all_tradable_equities,exchange_directory,https://www.cashmarket.deutsche-boerse.com/resource/blob/2289108/3a67eacf4ad3419344f37b88a755943f/data/t7-xfra-BF-allTradableInstruments.csv,bd0d4f5e83503f8ec7f59ff6,active_official_exact_listing_isin_name
FSX::MY1,proposed,MY1,FSX,Stock,MU0295S00016,MakeMyTrip Limited,"MAKEMYTRIP LTD  DL -,0005",deutsche_boerse_frankfurt_all_tradable_equities,exchange_directory,https://www.cashmarket.deutsche-boerse.com/resource/blob/2289108/3a67eacf4ad3419344f37b88a755943f/data/t7-xfra-BF-allTradableInstruments.csv,6226225238cba9ab7261c940,active_official_exact_listing_isin_name
FSX::MY8,proposed,MY8,FSX,Stock,US5763231090,MasTec Inc,"MASTEC INC.        DL-,10",deutsche_boerse_frankfurt_all_tradable_equities,exchange_directory,https://www.cashmarket.deutsche-boerse.com/resource/blob/2289108/3a67eacf4ad3419344f37b88a755943f/data/t7-xfra-BF-allTradableInstruments.csv,49e7d77e4b1be1fb98e14a11,active_official_exact_listing_isin_name
FSX::MYP,proposed,MYP,FSX,Stock,US55405W1045,MYR Group Inc,MYR GROUP INC. (DEL.),deutsche_boerse_frankfurt_all_tradable_equities,exchange_directory,https://www.cashmarket.deutsche-boerse.com/resource/blob/2289108/3a67eacf4ad3419344f37b88a755943f/data/t7-xfra-BF-allTradableInstruments.csv,fac1f306a47ab9fcec4f2402,active_official_exact_listing_isin_name
FSX::MZB,proposed,MZB,FSX,Stock,US5927701012,Mexco Energy Corporation,"MEXCO ENERGY CORP. DL-,50",deutsche_boerse_frankfurt_all_tradable_equities,exchange_directory,https://www.cashmarket.deutsche-boerse.com/resource/blob/2289108/3a67eacf4ad3419344f37b88a755943f/data/t7-xfra-BF-allTradableInstruments.csv,586a776fcb60271cae053b88,active_official_exact_listing_isin_name
FSX::N5Z,proposed,N5Z,FSX,Stock,CA6568111067,North American Construction Group Ltd,NRTH AMER.CONST.GRP LTD,deutsche_boerse_frankfurt_all_tradable_equities,exchange_directory,https://www.cashmarket.deutsche-boerse.com/resource/blob/2289108/3a67eacf4ad3419344f37b88a755943f/data/t7-xfra-BF-allTradableInstruments.csv,d7607df5752f8abf903f1236,active_official_exact_listing_isin_name
FSX::N8Q,proposed,N8Q,FSX,Stock,SE0023950795,Röko AB (publ),ROKO AB B,deutsche_boerse_frankfurt_all_tradable_equities,exchange_directory,https://www.cashmarket.deutsche-boerse.com/resource/blob/2289108/3a67eacf4ad3419344f37b88a755943f/data/t7-xfra-BF-allTradableInstruments.csv,fc395631b8d4ee25e3d70eb6,active_official_exact_listing_isin_name
FSX::NBG6,proposed,NBG6,FSX,Stock,DE0008435967,NÜRNBERGER Beteiligungs-AG,NUERNBERGER BET.AG VNA,deutsche_boerse_frankfurt_all_tradable_equities,exchange_directory,https://www.cashmarket.deutsche-boerse.com/resource/blob/2289108/3a67eacf4ad3419344f37b88a755943f/data/t7-xfra-BF-allTradableInstruments.csv,61b50c111fbdec1a4a57c43f,active_official_exact_listing_isin_name
FSX::NEN0,proposed,NEN0,FSX,Stock,US75972B1017,Renesas Electronics Corporation,RENESAS ELECTR.ADR 1/2/ON,deutsche_boerse_frankfurt_all_tradable_equities,exchange_directory,https://www.cashmarket.deutsche-boerse.com/resource/blob/2289108/3a67eacf4ad3419344f37b88a755943f/data/t7-xfra-BF-allTradableInstruments.csv,f31c603021a6f2718219a719,active_official_exact_listing_isin_name
FSX::NGJ,proposed,NGJ,FSX,Stock,US64111Q1040,NETGEAR Inc,"NETGEAR INC.      DL-,001",deutsche_boerse_frankfurt_all_tradable_equities,exchange_directory,https://www.cashmarket.deutsche-boerse.com/resource/blob/2289108/3a67eacf4ad3419344f37b88a755943f/data/t7-xfra-BF-allTradableInstruments.csv,1ab0071472a5ece6a0dd8795,active_official_exact_listing_isin_name
FSX::NHM,proposed,NHM,FSX,Stock,US56624R1086,Marchex Inc,"MARCHEX INC.       DL-,01",deutsche_boerse_frankfurt_all_tradable_equities,exchange_directory,https://www.cashmarket.deutsche-boerse.com/resource/blob/2289108/3a67eacf4ad3419344f37b88a755943f/data/t7-xfra-BF-allTradableInstruments.csv,30feaddcf7da35f01667bf8e,active_official_exact_listing_isin_name
FSX::NIJ,proposed,NIJ,FSX,Stock,US64031N1081,Nelnet Inc,"NELNET INC. CL. A  DL-,01",deutsche_boerse_frankfurt_all_tradable_equities,exchange_directory,https://www.cashmarket.deutsche-boerse.com/resource/blob/2289108/3a67eacf4ad3419344f37b88a755943f/data/t7-xfra-BF-allTradableInstruments.csv,6026c7486d4352966e81de91,active_official_exact_listing_isin_name
FSX::NJX,proposed,NJX,FSX,Stock,CA6709024021,Nuinsco Resources Limited,NUINSCO RES. LTD NEW,deutsche_boerse_frankfurt_all_tradable_equities,exchange_directory,https://www.cashmarket.deutsche-boerse.com/resource/blob/2289108/3a67eacf4ad3419344f37b88a755943f/data/t7-xfra-BF-allTradableInstruments.csv,392725a616b84d6746e23e08,active_official_exact_listing_isin_name
FSX::NMM,proposed,NMM,FSX,Stock,US6516391066,Newmont Corporation,"NEWMONT CORP.     DL 1,60",deutsche_boerse_frankfurt_all_tradable_equities,exchange_directory,https://www.cashmarket.deutsche-boerse.com/resource/blob/2289108/3a67eacf4ad3419344f37b88a755943f/data/t7-xfra-BF-allTradableInstruments.csv,d3ebd7c3eb0fdafb376bcd53,active_official_exact_listing_isin_name
FSX::NMX0,proposed,NMX0,FSX,Stock,CA65344P2017,NexLiving Communities Inc.,NEXLIVING CMNTYS INC.,deutsche_boerse_frankfurt_all_tradable_equities,exchange_directory,https://www.cashmarket.deutsche-boerse.com/resource/blob/2289108/3a67eacf4ad3419344f37b88a755943f/data/t7-xfra-BF-allTradableInstruments.csv,83b2b093280b11e093b605ef,active_official_exact_listing_isin_name
FSX::NNGD,proposed,NNGD,FSX,Stock,US6362744095,National Grid plc,NATL GRID PLC ADR/5,deutsche_boerse_frankfurt_all_tradable_equities,exchange_directory,https://www.cashmarket.deutsche-boerse.com/resource/blob/2289108/3a67eacf4ad3419344f37b88a755943f/data/t7-xfra-BF-allTradableInstruments.csv,771de4b50c8427e93b3868b8,active_official_exact_listing_isin_name
FSX::NRA,proposed,NRA,FSX,Stock,US6293775085,NRG Energy Inc,"NRG ENERGY INC.    DL-,01",deutsche_boerse_frankfurt_all_tradable_equities,exchange_directory,https://www.cashmarket.deutsche-boerse.com/resource/blob/2289108/3a67eacf4ad3419344f37b88a755943f/data/t7-xfra-BF-allTradableInstruments.csv,60060eeebc14457ac5881b97,active_official_exact_listing_isin_name
FSX::NTT,proposed,NTT,FSX,Stock,JP3735400008,Nippon Telegraph and Telephone Corporation,NTT INC.,deutsche_boerse_frankfurt_all_tradable_equities,exchange_directory,https://www.cashmarket.deutsche-boerse.com/resource/blob/2289108/3a67eacf4ad3419344f37b88a755943f/data/t7-xfra-BF-allTradableInstruments.csv,e686558afbb15abbddb85f27,active_official_exact_listing_isin_name
FSX::NVAI,proposed,NVAI,FSX,Stock,TH0376010R12,Loxley Public Company Limited,LOXLEY PCL -NVDR-   BA 10,deutsche_boerse_frankfurt_all_tradable_equities,exchange_directory,https://www.cashmarket.deutsche-boerse.com/resource/blob/2289108/3a67eacf4ad3419344f37b88a755943f/data/t7-xfra-BF-allTradableInstruments.csv,92b179dc772cf18a00ca607b,active_official_exact_listing_isin_name
FSX::NVK,proposed,NVK,FSX,Stock,US6294452064,NVE Corporation,"NVE CORP. NEW      DL-,01",deutsche_boerse_frankfurt_all_tradable_equities,exchange_directory,https://www.cashmarket.deutsche-boerse.com/resource/blob/2289108/3a67eacf4ad3419344f37b88a755943f/data/t7-xfra-BF-allTradableInstruments.csv,775b7c65925dab9e90e35ab2,active_official_exact_listing_isin_name
FSX::NYVL,proposed,NYVL,FSX,Stock,TH0371010R13,Supalai Public Company Limited,SUPALAI PCL-NVDR-   BA 1,deutsche_boerse_frankfurt_all_tradable_equities,exchange_directory,https://www.cashmarket.deutsche-boerse.com/resource/blob/2289108/3a67eacf4ad3419344f37b88a755943f/data/t7-xfra-BF-allTradableInstruments.csv,723609f9a062bcfb4c3947b2,active_official_exact_listing_isin_name
FSX::NZB,proposed,NZB,FSX,Stock,GB00B01QGK86,NCC Group plc,"NCC GROUP PLC    LS -,01",deutsche_boerse_frankfurt_all_tradable_equities,exchange_directory,https://www.cashmarket.deutsche-boerse.com/resource/blob/2289108/3a67eacf4ad3419344f37b88a755943f/data/t7-xfra-BF-allTradableInstruments.csv,9720eabb36f4324c77a7ed11,active_official_exact_listing_isin_name
FSX::O3P,proposed,O3P,FSX,Stock,AT0000APOST4,Österreichische Post AG,OESTERREICH. POST AG,deutsche_boerse_frankfurt_all_tradable_equities,exchange_directory,https://www.cashmarket.deutsche-boerse.com/resource/blob/2289108/3a67eacf4ad3419344f37b88a755943f/data/t7-xfra-BF-allTradableInstruments.csv,afe7f774ddef2bdf85566d20,active_official_exact_listing_isin_name
FSX::OA2,proposed,OA2,FSX,Stock,US00191U1025,ASGN Incorporated,"EVERFORTH INC.     DL-,01",deutsche_boerse_frankfurt_all_tradable_equities,exchange_directory,https://www.cashmarket.deutsche-boerse.com/resource/blob/2289108/3a67eacf4ad3419344f37b88a755943f/data/t7-xfra-BF-allTradableInstruments.csv,6371d15edcabaded7cae5977,active_official_exact_listing_isin_name
FSX::OBD,proposed,OBD,FSX,Stock,SE0000514705,Obducat AB (publ),OBDUCAT AB B       SK 8,deutsche_boerse_frankfurt_all_tradable_equities,exchange_directory,https://www.cashmarket.deutsche-boerse.com/resource/blob/2289108/3a67eacf4ad3419344f37b88a755943f/data/t7-xfra-BF-allTradableInstruments.csv,da21fddd1349c8ebb5dfb8ed,active_official_exact_listing_isin_name
FSX::OC9,proposed,OC9,FSX,Stock,US68213N1090,Omnicell Inc,"OMNICELL INC.     DL-,001",deutsche_boerse_frankfurt_all_tradable_equities,exchange_directory,https://www.cashmarket.deutsche-boerse.com/resource/blob/2289108/3a67eacf4ad3419344f37b88a755943f/data/t7-xfra-BF-allTradableInstruments.csv,f40ca6f31d7903506d7a1894,active_official_exact_listing_isin_name
FSX::OE5,proposed,OE5,FSX,Stock,CA6834768088,Opawica Explorations Inc.,OPAWICA EXPLOR.INC.,deutsche_boerse_frankfurt_all_tradable_equities,exchange_directory,https://www.cashmarket.deutsche-boerse.com/resource/blob/2289108/3a67eacf4ad3419344f37b88a755943f/data/t7-xfra-BF-allTradableInstruments.csv,957d6a26db8aace04785f02d,active_official_exact_listing_isin_name
FSX::OHB,proposed,OHB,FSX,Stock,DE0005936124,OHB SE,OHB SE   O.N.,deutsche_boerse_frankfurt_all_tradable_equities,exchange_directory,https://www.cashmarket.deutsche-boerse.com/resource/blob/2289108/3a67eacf4ad3419344f37b88a755943f/data/t7-xfra-BF-allTradableInstruments.csv,86671cf4e1fe83ed0872c4b0,active_official_exact_listing_isin_name
FSX::OHP,proposed,OHP,FSX,Stock,GB0006825383,Persimmon Plc,"PERSIMMON PLC      LS-,10",deutsche_boerse_frankfurt_all_tradable_equities,exchange_directory,https://www.cashmarket.deutsche-boerse.com/resource/blob/2289108/3a67eacf4ad3419344f37b88a755943f/data/t7-xfra-BF-allTradableInstruments.csv,81d932b3dc447ff0d02f5dfe,active_official_exact_listing_isin_name
FSX::OJ4,proposed,OJ4,FSX,Stock,CA92261D2014,Velox Energy Materials Inc.,VELOX ENER.MAT.INC. O.N.,deutsche_boerse_frankfurt_all_tradable_equities,exchange_directory,https://www.cashmarket.deutsche-boerse.com/resource/blob/2289108/3a67eacf4ad3419344f37b88a755943f/data/t7-xfra-BF-allTradableInstruments.csv,14fd284b6ccf4853d70c7801,active_official_exact_listing_isin_name
FSX::OLU,proposed,OLU,FSX,Stock,TH0803010014,MCOT Public Company Limited,MCOT PCL -FGN-       BA 5,deutsche_boerse_frankfurt_all_tradable_equities,exchange_directory,https://www.cashmarket.deutsche-boerse.com/resource/blob/2289108/3a67eacf4ad3419344f37b88a755943f/data/t7-xfra-BF-allTradableInstruments.csv,ae83ea0ab15f1b2c5bf83162,active_official_exact_listing_isin_name
FSX::OLU1,proposed,OLU1,FSX,Stock,TH0803010R15,MCOT Public Company Limited,MCOT PCL -NVDR-      BA 5,deutsche_boerse_frankfurt_all_tradable_equities,exchange_directory,https://www.cashmarket.deutsche-boerse.com/resource/blob/2289108/3a67eacf4ad3419344f37b88a755943f/data/t7-xfra-BF-allTradableInstruments.csv,e0c56d21b54f32dd7be36f72,active_official_exact_listing_isin_name
FSX::OM0,proposed,OM0,FSX,Stock,FI4000306733,Oma Säästöpankki Oyj,OMA SAASTOPANKKI OYJ,deutsche_boerse_frankfurt_all_tradable_equities,exchange_directory,https://www.cashmarket.deutsche-boerse.com/resource/blob/2289108/3a67eacf4ad3419344f37b88a755943f/data/t7-xfra-BF-allTradableInstruments.csv,b502afae099128904f48434d,active_official_exact_listing_isin_name
FSX::ORC,proposed,ORC,FSX,Stock,US68389X1054,Oracle Corporation,"ORACLE CORP.       DL-,01",deutsche_boerse_frankfurt_all_tradable_equities,exchange_directory,https://www.cashmarket.deutsche-boerse.com/resource/blob/2289108/3a67eacf4ad3419344f37b88a755943f/data/t7-xfra-BF-allTradableInstruments.csv,0126b3099095c2ac412f162a,active_official_exact_listing_isin_name
FSX::OU8,proposed,OU8,FSX,Stock,THA790010013,SCB X Public Company Limited(Alien Mkt),SCB X PCL  -FGN- BA 10,deutsche_boerse_frankfurt_all_tradable_equities,exchange_directory,https://www.cashmarket.deutsche-boerse.com/resource/blob/2289108/3a67eacf4ad3419344f37b88a755943f/data/t7-xfra-BF-allTradableInstruments.csv,5cc358f9896db2a73be0a0fc,active_official_exact_listing_isin_name
FSX::OZV2,proposed,OZV2,FSX,Stock,ZAE000170049,PPC Ltd,PPC LTD.             O.N.,deutsche_boerse_frankfurt_all_tradable_equities,exchange_directory,https://www.cashmarket.deutsche-boerse.com/resource/blob/2289108/3a67eacf4ad3419344f37b88a755943f/data/t7-xfra-BF-allTradableInstruments.csv,7ed5f58f43422cf1dbe7f2ca,active_official_exact_listing_isin_name
FSX::P0G,proposed,P0G,FSX,Stock,CA86102Q1081,Stock Trend Capital Inc.,STOCK TRENDS CAPITAL INC.,deutsche_boerse_frankfurt_all_tradable_equities,exchange_directory,https://www.cashmarket.deutsche-boerse.com/resource/blob/2289108/3a67eacf4ad3419344f37b88a755943f/data/t7-xfra-BF-allTradableInstruments.csv,4dad26951032c25829012652,active_official_exact_listing_isin_name
FSX::P4O,proposed,P4O,FSX,Stock,DE000A0HGQS8,Plan Optik AG,PLANOPTIK AG INH O.N.,deutsche_boerse_frankfurt_all_tradable_equities,exchange_directory,https://www.cashmarket.deutsche-boerse.com/resource/blob/2289108/3a67eacf4ad3419344f37b88a755943f/data/t7-xfra-BF-allTradableInstruments.csv,afaa1c5e3dbe290005d5d5da,active_official_exact_listing_isin_name
FSX::P55,proposed,P55,FSX,Stock,IL0011284465,Plus500 Ltd,"PLUS500 LTD.      LS -,01",deutsche_boerse_frankfurt_all_tradable_equities,exchange_directory,https://www.cashmarket.deutsche-boerse.com/resource/blob/2289108/3a67eacf4ad3419344f37b88a755943f/data/t7-xfra-BF-allTradableInstruments.csv,f30f80239b1d6a4bbc22deb2,active_official_exact_listing_isin_name
FSX::P7V,proposed,P7V,FSX,Stock,NL0010391108,Photon Energy N.V.,"PHOTON ENERGY NV   EO-,01",deutsche_boerse_frankfurt_all_tradable_equities,exchange_directory,https://www.cashmarket.deutsche-boerse.com/resource/blob/2289108/3a67eacf4ad3419344f37b88a755943f/data/t7-xfra-BF-allTradableInstruments.csv,f6be60182fbb5cc4d9cde873,active_official_exact_listing_isin_name
FSX::PA9,proposed,PA9,FSX,Stock,US89417E1091,The Travelers Companies Inc,TRAVELERS COS INC.,deutsche_boerse_frankfurt_all_tradable_equities,exchange_directory,https://www.cashmarket.deutsche-boerse.com/resource/blob/2289108/3a67eacf4ad3419344f37b88a755943f/data/t7-xfra-BF-allTradableInstruments.csv,3bf63585e93c6a762c91b58c,active_official_exact_listing_isin_name
FSX::PAHA,proposed,PAHA,FSX,Stock,US73328P1066,Porsche Automobil Holding SE,PORSCHE AUT.UNSP.ADR 1/10,deutsche_boerse_frankfurt_all_tradable_equities,exchange_directory,https://www.cashmarket.deutsche-boerse.com/resource/blob/2289108/3a67eacf4ad3419344f37b88a755943f/data/t7-xfra-BF-allTradableInstruments.csv,24cb47672d48404a50ebac43,active_official_exact_listing_isin_name
FSX::PAN0,proposed,PAN0,FSX,Stock,GB00BVMTNR93,PayPoint plc,"PAYPOINT PLC LS -,003611",deutsche_boerse_frankfurt_all_tradable_equities,exchange_directory,https://www.cashmarket.deutsche-boerse.com/resource/blob/2289108/3a67eacf4ad3419344f37b88a755943f/data/t7-xfra-BF-allTradableInstruments.csv,7ec6ad1d4f849caabcc5edfd,active_official_exact_listing_isin_name
FSX::PCX,proposed,PCX,FSX,Stock,US7043261079,Paychex Inc,"PAYCHEX INC.       DL-,01",deutsche_boerse_frankfurt_all_tradable_equities,exchange_directory,https://www.cashmarket.deutsche-boerse.com/resource/blob/2289108/3a67eacf4ad3419344f37b88a755943f/data/t7-xfra-BF-allTradableInstruments.csv,778c12bf49095f290fd7f5ce,active_official_exact_listing_isin_name
FSX::PEKB,proposed,PEKB,FSX,Stock,SE0000106205,Peab AB (publ),PEAB AB B            SK 5,deutsche_boerse_frankfurt_all_tradable_equities,exchange_directory,https://www.cashmarket.deutsche-boerse.com/resource/blob/2289108/3a67eacf4ad3419344f37b88a755943f/data/t7-xfra-BF-allTradableInstruments.csv,168802c07f81c566861e8774,active_official_exact_listing_isin_name
FSX::PES,proposed,PES,FSX,Stock,GB0006776081,Pearson plc,"PEARSON PLC        LS-,25",deutsche_boerse_frankfurt_all_tradable_equities,exchange_directory,https://www.cashmarket.deutsche-boerse.com/resource/blob/2289108/3a67eacf4ad3419344f37b88a755943f/data/t7-xfra-BF-allTradableInstruments.csv,35877d3f695d8eb88d9a57da,active_official_exact_listing_isin_name
FSX::PGV,proposed,PGV,FSX,Stock,US7433151039,The Progressive Corporation,PROGRESSIVE CORP.    DL 1,deutsche_boerse_frankfurt_all_tradable_equities,exchange_directory,https://www.cashmarket.deutsche-boerse.com/resource/blob/2289108/3a67eacf4ad3419344f37b88a755943f/data/t7-xfra-BF-allTradableInstruments.csv,81c65f57b4db7badb21f259d,active_official_exact_listing_isin_name
FSX::PHQ,proposed,PHQ,FSX,Stock,GB0008481250,Photo-Me International plc,"ME GROUP INTL.PLC LS-,005",deutsche_boerse_frankfurt_all_tradable_equities,exchange_directory,https://www.cashmarket.deutsche-boerse.com/resource/blob/2289108/3a67eacf4ad3419344f37b88a755943f/data/t7-xfra-BF-allTradableInstruments.csv,4991d1191c9335d22e61a7e6,active_official_exact_listing_isin_name
FSX::PHRE,proposed,PHRE,FSX,Stock,GB00BZ973D04,Water Intelligence plc,"WATER INTELLIG.PLC LS-,01",deutsche_boerse_frankfurt_all_tradable_equities,exchange_directory,https://www.cashmarket.deutsche-boerse.com/resource/blob/2289108/3a67eacf4ad3419344f37b88a755943f/data/t7-xfra-BF-allTradableInstruments.csv,72420eb908fa4f3641e8c25e,active_official_exact_listing_isin_name
FSX::PHT,proposed,PHT,FSX,Stock,FR0000066755,Haulotte Group SA,"HAULOTTE GROUP INH.EO-,13",deutsche_boerse_frankfurt_all_tradable_equities,exchange_directory,https://www.cashmarket.deutsche-boerse.com/resource/blob/2289108/3a67eacf4ad3419344f37b88a755943f/data/t7-xfra-BF-allTradableInstruments.csv,6b8ed4c4af006ba151f197ca,active_official_exact_listing_isin_name
FSX::PI7,proposed,PI7,FSX,Stock,US74164M1080,Primerica Inc,"PRIMERICA INC.     DL-,01",deutsche_boerse_frankfurt_all_tradable_equities,exchange_directory,https://www.cashmarket.deutsche-boerse.com/resource/blob/2289108/3a67eacf4ad3419344f37b88a755943f/data/t7-xfra-BF-allTradableInstruments.csv,1d1c64ccf27d76799d63ff27,active_official_exact_listing_isin_name
FSX::PIR,proposed,PIR,FSX,Stock,CNE100001MK7,The People's Insurance Company (Group) of China Limited,PEOPL.INS.CO.(GR.) H YC 1,deutsche_boerse_frankfurt_all_tradable_equities,exchange_directory,https://www.cashmarket.deutsche-boerse.com/resource/blob/2289108/3a67eacf4ad3419344f37b88a755943f/data/t7-xfra-BF-allTradableInstruments.csv,0d4ceb2704939cb86d3de25d,active_official_exact_listing_isin_name
FSX::PKX,proposed,PKX,FSX,Stock,US6934831099,POSCO Holdings Inc,POSCO HOL.ADR 1/4/SW 5000,deutsche_boerse_frankfurt_all_tradable_equities,exchange_directory,https://www.cashmarket.deutsche-boerse.com/resource/blob/2289108/3a67eacf4ad3419344f37b88a755943f/data/t7-xfra-BF-allTradableInstruments.csv,866bf8884a346cad3d5f19d1,active_official_exact_listing_isin_name
FSX::PLO,proposed,PLO,FSX,Stock,US69344D4088,PLDT Inc,PLDT INC. SP. ADRS/1 PP 5,deutsche_boerse_frankfurt_all_tradable_equities,exchange_directory,https://www.cashmarket.deutsche-boerse.com/resource/blob/2289108/3a67eacf4ad3419344f37b88a755943f/data/t7-xfra-BF-allTradableInstruments.csv,5e51719087e2e26185e965fa,active_official_exact_listing_isin_name
FSX::PLR,proposed,PLR,FSX,Stock,AU000000PLS0,Pilbara Minerals Limited,PLS GROUP LTD.,deutsche_boerse_frankfurt_all_tradable_equities,exchange_directory,https://www.cashmarket.deutsche-boerse.com/resource/blob/2289108/3a67eacf4ad3419344f37b88a755943f/data/t7-xfra-BF-allTradableInstruments.csv,f8a6a2d5f4b1f4e04af47b6d,active_official_exact_listing_isin_name
FSX::PNE3,proposed,PNE3,FSX,Stock,DE000A0JBPG2,PNE AG,PNE AG  NA O.N.,deutsche_boerse_frankfurt_all_tradable_equities,exchange_directory,https://www.cashmarket.deutsche-boerse.com/resource/blob/2289108/3a67eacf4ad3419344f37b88a755943f/data/t7-xfra-BF-allTradableInstruments.csv,8024ae94f0d9ce82105bdac3,active_official_exact_listing_isin_name
FSX::POV1,proposed,POV1,FSX,Stock,US69354N1063,PRA Group Inc,"PRA GROUP INC.     DL-,01",deutsche_boerse_frankfurt_all_tradable_equities,exchange_directory,https://www.cashmarket.deutsche-boerse.com/resource/blob/2289108/3a67eacf4ad3419344f37b88a755943f/data/t7-xfra-BF-allTradableInstruments.csv,ed0a9fe6506af878dad20cab,active_official_exact_listing_isin_name
FSX::PP3,proposed,PP3,FSX,Stock,US31810T1016,FinVolution Group,FINVOLUTION GRP (SP.ADR),deutsche_boerse_frankfurt_all_tradable_equities,exchange_directory,https://www.cashmarket.deutsche-boerse.com/resource/blob/2289108/3a67eacf4ad3419344f37b88a755943f/data/t7-xfra-BF-allTradableInstruments.csv,413cdf7293f76e2f7117dcef,active_official_exact_listing_isin_name
FSX::PP4A,proposed,PP4A,FSX,Stock,PR7331747001,Popular Inc,POPULAR INC. NEW     DL 6,deutsche_boerse_frankfurt_all_tradable_equities,exchange_directory,https://www.cashmarket.deutsche-boerse.com/resource/blob/2289108/3a67eacf4ad3419344f37b88a755943f/data/t7-xfra-BF-allTradableInstruments.csv,5d208ffa8c03b0682706147e,active_official_exact_listing_isin_name
FSX::PP9,proposed,PP9,FSX,Stock,US69351T1060,PPL Corporation,"PPL CORP.          DL-,01",deutsche_boerse_frankfurt_all_tradable_equities,exchange_directory,https://www.cashmarket.deutsche-boerse.com/resource/blob/2289108/3a67eacf4ad3419344f37b88a755943f/data/t7-xfra-BF-allTradableInstruments.csv,299134921acaa01f113038cd,active_official_exact_listing_isin_name
FSX::PQIA,proposed,PQIA,FSX,Stock,US7504911022,RadNet Inc,"RADNET INC.        DL-,01",deutsche_boerse_frankfurt_all_tradable_equities,exchange_directory,https://www.cashmarket.deutsche-boerse.com/resource/blob/2289108/3a67eacf4ad3419344f37b88a755943f/data/t7-xfra-BF-allTradableInstruments.csv,5188c30ab5119b61cc1c7944,active_official_exact_listing_isin_name
FSX::PQM,proposed,PQM,FSX,Stock,US7163821066,PetMed Express Inc,"PETMED EXPRES.INC DL-,001",deutsche_boerse_frankfurt_all_tradable_equities,exchange_directory,https://www.cashmarket.deutsche-boerse.com/resource/blob/2289108/3a67eacf4ad3419344f37b88a755943f/data/t7-xfra-BF-allTradableInstruments.csv,9fd86bac3af7a45739b1f747,active_official_exact_listing_isin_name
FSX::PS8,proposed,PS8,FSX,Stock,US7415111092,PriceSmart Inc,"PRICESMART INC.  DL-,0001",deutsche_boerse_frankfurt_all_tradable_equities,exchange_directory,https://www.cashmarket.deutsche-boerse.com/resource/blob/2289108/3a67eacf4ad3419344f37b88a755943f/data/t7-xfra-BF-allTradableInstruments.csv,249563e778cc4a0dffbea847,active_official_exact_listing_isin_name
FSX::PSRA,proposed,PSRA,FSX,Stock,US21871N1019,CoreCivic Inc,"CORECIVIC INC.     DL-,01",deutsche_boerse_frankfurt_all_tradable_equities,exchange_directory,https://www.cashmarket.deutsche-boerse.com/resource/blob/2289108/3a67eacf4ad3419344f37b88a755943f/data/t7-xfra-BF-allTradableInstruments.csv,48611e85e28ff221053a6b03,active_official_exact_listing_isin_name
FSX::PTY,proposed,PTY,FSX,Stock,US1096961040,The Brink's Company,"BRINKS CO., THE      DL 1",deutsche_boerse_frankfurt_all_tradable_equities,exchange_directory,https://www.cashmarket.deutsche-boerse.com/resource/blob/2289108/3a67eacf4ad3419344f37b88a755943f/data/t7-xfra-BF-allTradableInstruments.csv,f923d5171a00f28c9e5de7b8,active_official_exact_listing_isin_name
FSX::PW2,proposed,PW2,FSX,Stock,US7391281067,Powell Industries Inc,"POWELL IND. INC.  DL -,01",deutsche_boerse_frankfurt_all_tradable_equities,exchange_directory,https://www.cashmarket.deutsche-boerse.com/resource/blob/2289108/3a67eacf4ad3419344f37b88a755943f/data/t7-xfra-BF-allTradableInstruments.csv,79074d68b72026f0da7c22c4,active_official_exact_listing_isin_name
FSX::PWT,proposed,PWT,FSX,Stock,US87240R1077,TFS Financial Corporation,"TFS FINANCIAL CORP DL-,01",deutsche_boerse_frankfurt_all_tradable_equities,exchange_directory,https://www.cashmarket.deutsche-boerse.com/resource/blob/2289108/3a67eacf4ad3419344f37b88a755943f/data/t7-xfra-BF-allTradableInstruments.csv,0e444282a7f406b846b9eb7b,active_official_exact_listing_isin_name
FSX::PX4,proposed,PX4,FSX,Stock,US7291321005,Plexus Corp,"PLEXUS CORP.       DL-,01",deutsche_boerse_frankfurt_all_tradable_equities,exchange_directory,https://www.cashmarket.deutsche-boerse.com/resource/blob/2289108/3a67eacf4ad3419344f37b88a755943f/data/t7-xfra-BF-allTradableInstruments.csv,a48ae477afaef238b8f61fc6,active_official_exact_listing_isin_name
FSX::Q1D,proposed,Q1D,FSX,Stock,GB00BNXJB679,HBX Group International plc,"HBX GROUP INTL    EO -,01",deutsche_boerse_frankfurt_all_tradable_equities,exchange_directory,https://www.cashmarket.deutsche-boerse.com/resource/blob/2289108/3a67eacf4ad3419344f37b88a755943f/data/t7-xfra-BF-allTradableInstruments.csv,49f0816b47a3eec9e531206d,active_official_exact_listing_isin_name
FSX::QB3,proposed,QB3,FSX,Stock,CA7481932084,Quebecor Inc,QUEBECOR INC. B SUB.VTG,deutsche_boerse_frankfurt_all_tradable_equities,exchange_directory,https://www.cashmarket.deutsche-boerse.com/resource/blob/2289108/3a67eacf4ad3419344f37b88a755943f/data/t7-xfra-BF-allTradableInstruments.csv,416a2b69b99f0fb0394fcfbf,active_official_exact_listing_isin_name
FSX::QC8,proposed,QC8,FSX,Stock,GB00B18S7B29,AFC Energy plc,"H-POWER PLC      LS -,001",deutsche_boerse_frankfurt_all_tradable_equities,exchange_directory,https://www.cashmarket.deutsche-boerse.com/resource/blob/2289108/3a67eacf4ad3419344f37b88a755943f/data/t7-xfra-BF-allTradableInstruments.csv,6629e90354858675714e0995,active_official_exact_listing_isin_name
FSX::QCTA,proposed,QCTA,FSX,Stock,US0774541066,Belden Inc,"BELDEN INC.       DL -,01",deutsche_boerse_frankfurt_all_tradable_equities,exchange_directory,https://www.cashmarket.deutsche-boerse.com/resource/blob/2289108/3a67eacf4ad3419344f37b88a755943f/data/t7-xfra-BF-allTradableInstruments.csv,afec50e8f72233cf877028a3,active_official_exact_listing_isin_name
FSX::QH7,proposed,QH7,FSX,Stock,FI0009800296,Reka Industrial Oyj,REKA INDUSTRI.OYJ  B EO 4,deutsche_boerse_frankfurt_all_tradable_equities,exchange_directory,https://www.cashmarket.deutsche-boerse.com/resource/blob/2289108/3a67eacf4ad3419344f37b88a755943f/data/t7-xfra-BF-allTradableInstruments.csv,beb1ce66bb2dfee548adb588,active_official_exact_listing_isin_name
FSX::QKL1,proposed,QKL1,FSX,Stock,US74837P4054,QuickLogic Corporation,"QUICKLOGIC CORP.  DL-,001",deutsche_boerse_frankfurt_all_tradable_equities,exchange_directory,https://www.cashmarket.deutsche-boerse.com/resource/blob/2289108/3a67eacf4ad3419344f37b88a755943f/data/t7-xfra-BF-allTradableInstruments.csv,12f058229a4350389d8e3195,active_official_exact_listing_isin_name
FSX::QN0,proposed,QN0,FSX,Stock,BMG427061046,"Hamilton Insurance Group, Ltd.",HAMILTON INS.GROUP LTD B,deutsche_boerse_frankfurt_all_tradable_equities,exchange_directory,https://www.cashmarket.deutsche-boerse.com/resource/blob/2289108/3a67eacf4ad3419344f37b88a755943f/data/t7-xfra-BF-allTradableInstruments.csv,4d8b8b5f068c32593eb07cb2,active_official_exact_listing_isin_name
FSX::QN3,proposed,QN3,FSX,Stock,CA65558V2093,Nord Precious Metals Mining Inc.,NORD PREC. M.M. INC. O.N.,deutsche_boerse_frankfurt_all_tradable_equities,exchange_directory,https://www.cashmarket.deutsche-boerse.com/resource/blob/2289108/3a67eacf4ad3419344f37b88a755943f/data/t7-xfra-BF-allTradableInstruments.csv,00c1c43785f4fcb6c7cc3c4e,active_official_exact_listing_isin_name
FSX::QU4B,proposed,QU4B,FSX,Stock,BMG1985B1138,C C Land Holdings Limited,"C C LAND HOLDINGS  HD-,10",deutsche_boerse_frankfurt_all_tradable_equities,exchange_directory,https://www.cashmarket.deutsche-boerse.com/resource/blob/2289108/3a67eacf4ad3419344f37b88a755943f/data/t7-xfra-BF-allTradableInstruments.csv,bc8ac9fd8cda16c854dbfebd,active_official_exact_listing_isin_name
FSX::QUC,proposed,QUC,FSX,Stock,US7473161070,Quaker Chemical Corporation,QUAKER HOUGHTON CORP. DL1,deutsche_boerse_frankfurt_all_tradable_equities,exchange_directory,https://www.cashmarket.deutsche-boerse.com/resource/blob/2289108/3a67eacf4ad3419344f37b88a755943f/data/t7-xfra-BF-allTradableInstruments.csv,394b0fc806bbab120181006d,active_official_exact_listing_isin_name
FSX::R0A,proposed,R0A,FSX,Stock,SE0023837091,Qualisys Holding AB (publ),QUALISYS HLDGS AB O.N.,deutsche_boerse_frankfurt_all_tradable_equities,exchange_directory,https://www.cashmarket.deutsche-boerse.com/resource/blob/2289108/3a67eacf4ad3419344f37b88a755943f/data/t7-xfra-BF-allTradableInstruments.csv,826fa2d4348167fa3f9f30c2,active_official_exact_listing_isin_name
FSX::R1D,proposed,R1D,FSX,Stock,NL0000687663,AerCap Holdings N.V,"AERCAP HOLDINGS   EO -,01",deutsche_boerse_frankfurt_all_tradable_equities,exchange_directory,https://www.cashmarket.deutsche-boerse.com/resource/blob/2289108/3a67eacf4ad3419344f37b88a755943f/data/t7-xfra-BF-allTradableInstruments.csv,2f3233c52be101dce5a46619,active_official_exact_listing_isin_name
FSX::R35,proposed,R35,FSX,Stock,US77543R1023,Roku Inc,"ROKU INC   CL. A DL-,0001",deutsche_boerse_frankfurt_all_tradable_equities,exchange_directory,https://www.cashmarket.deutsche-boerse.com/resource/blob/2289108/3a67eacf4ad3419344f37b88a755943f/data/t7-xfra-BF-allTradableInstruments.csv,6a5564e4ca3fe21bbd8d06b6,active_official_exact_listing_isin_name
FSX::R9G0,proposed,R9G0,FSX,Stock,CA73015G1046,PMET Resources Inc.,PME.RES.INC. O.N.,deutsche_boerse_frankfurt_all_tradable_equities,exchange_directory,https://www.cashmarket.deutsche-boerse.com/resource/blob/2289108/3a67eacf4ad3419344f37b88a755943f/data/t7-xfra-BF-allTradableInstruments.csv,f054a9daf2050792c537d095,active_official_exact_listing_isin_name
FSX::RAG,proposed,RAG,FSX,Stock,US7502361014,Radian Group Inc,"RADIAN GRP INC.   DL-,001",deutsche_boerse_frankfurt_all_tradable_equities,exchange_directory,https://www.cashmarket.deutsche-boerse.com/resource/blob/2289108/3a67eacf4ad3419344f37b88a755943f/data/t7-xfra-BF-allTradableInstruments.csv,bf439eff2c4eae1c7574091a,active_official_exact_listing_isin_name
FSX::RF6,proposed,RF6,FSX,Stock,US12504L1098,CBRE Group Inc Class A,"CBRE GROUP INC. A  DL-,01",deutsche_boerse_frankfurt_all_tradable_equities,exchange_directory,https://www.cashmarket.deutsche-boerse.com/resource/blob/2289108/3a67eacf4ad3419344f37b88a755943f/data/t7-xfra-BF-allTradableInstruments.csv,9b690a3ffd9d3e1b95ecce14,active_official_exact_listing_isin_name
FSX::RGI0,proposed,RGI0,FSX,Stock,US7589322061,Regis Corporation,REGIS CORP. (MINN.) DL-05,deutsche_boerse_frankfurt_all_tradable_equities,exchange_directory,https://www.cashmarket.deutsche-boerse.com/resource/blob/2289108/3a67eacf4ad3419344f37b88a755943f/data/t7-xfra-BF-allTradableInstruments.csv,b4f9eb33706d7d20cbe7beb8,active_official_exact_listing_isin_name
FSX::RGN,proposed,RGN,FSX,Stock,US7599161095,Repligen Corporation,"REPLIGEN CORP.     DL-,01",deutsche_boerse_frankfurt_all_tradable_equities,exchange_directory,https://www.cashmarket.deutsche-boerse.com/resource/blob/2289108/3a67eacf4ad3419344f37b88a755943f/data/t7-xfra-BF-allTradableInstruments.csv,f30428b5f257ff733692f8df,active_official_exact_listing_isin_name
FSX::RHN,proposed,RHN,FSX,Stock,GB0031775819,Enwell Energy plc,"ENWELL ENERGY PLC  LS-,05",deutsche_boerse_frankfurt_all_tradable_equities,exchange_directory,https://www.cashmarket.deutsche-boerse.com/resource/blob/2289108/3a67eacf4ad3419344f37b88a755943f/data/t7-xfra-BF-allTradableInstruments.csv,20829a9f8963bb0a81dc9b66,active_official_exact_listing_isin_name
FSX::RHO,proposed,RHO,FSX,Stock,CH0012032113,Roche Holding AG,ROCHE HLDG AG INH. SF 1,deutsche_boerse_frankfurt_all_tradable_equities,exchange_directory,https://www.cashmarket.deutsche-boerse.com/resource/blob/2289108/3a67eacf4ad3419344f37b88a755943f/data/t7-xfra-BF-allTradableInstruments.csv,6b68bad3252dca418aa81264,active_official_exact_listing_isin_name
FSX::RL1,proposed,RL1,FSX,Stock,US7496071074,RLI Corp,RLI CORP.            DL 1,deutsche_boerse_frankfurt_all_tradable_equities,exchange_directory,https://www.cashmarket.deutsche-boerse.com/resource/blob/2289108/3a67eacf4ad3419344f37b88a755943f/data/t7-xfra-BF-allTradableInstruments.csv,8e5c89fea1d308b364453b2f,active_official_exact_listing_isin_name
FSX::RLD,proposed,RLD,FSX,Stock,US7496601060,RPC Inc,"RPC INC.           DL-,10",deutsche_boerse_frankfurt_all_tradable_equities,exchange_directory,https://www.cashmarket.deutsche-boerse.com/resource/blob/2289108/3a67eacf4ad3419344f37b88a755943f/data/t7-xfra-BF-allTradableInstruments.csv,255a6f4e2982a47a6c518c98,active_official_exact_listing_isin_name
FSX::RLF0,proposed,RLF0,FSX,Stock,US54303R1014,Longfor Group Holdings Limited,LONGFOR GRHG. UN.ADR/10/1,deutsche_boerse_frankfurt_all_tradable_equities,exchange_directory,https://www.cashmarket.deutsche-boerse.com/resource/blob/2289108/3a67eacf4ad3419344f37b88a755943f/data/t7-xfra-BF-allTradableInstruments.csv,8fcb9a84eafb18462b0c687f,active_official_exact_listing_isin_name
FSX::RMP1,proposed,RMP1,FSX,Stock,GB00BJT0FF39,RM PLC,"RM PLC      LS-,022857142",deutsche_boerse_frankfurt_all_tradable_equities,exchange_directory,https://www.cashmarket.deutsche-boerse.com/resource/blob/2289108/3a67eacf4ad3419344f37b88a755943f/data/t7-xfra-BF-allTradableInstruments.csv,898692d0a498a8103a90f77d,active_official_exact_listing_isin_name
FSX::RP8,proposed,RP8,FSX,Stock,US7496851038,RPM International Inc,"RPM INTERN. INC.   DL-,01",deutsche_boerse_frankfurt_all_tradable_equities,exchange_directory,https://www.cashmarket.deutsche-boerse.com/resource/blob/2289108/3a67eacf4ad3419344f37b88a755943f/data/t7-xfra-BF-allTradableInstruments.csv,cafac296cc0bf2d6e1469e37,active_official_exact_listing_isin_name
FSX::RPH1,proposed,RPH1,FSX,Stock,US03486T2024,Anglo American Platinum Limited,VALTERRA PLATI.SP.ADR 1/6,deutsche_boerse_frankfurt_all_tradable_equities,exchange_directory,https://www.cashmarket.deutsche-boerse.com/resource/blob/2289108/3a67eacf4ad3419344f37b88a755943f/data/t7-xfra-BF-allTradableInstruments.csv,bed6b9b559339076d18138f2,active_official_exact_listing_isin_name
FSX::RQ2,proposed,RQ2,FSX,Stock,SE0001321761,Triona AB,"TRIONA AB  SK-,20",deutsche_boerse_frankfurt_all_tradable_equities,exchange_directory,https://www.cashmarket.deutsche-boerse.com/resource/blob/2289108/3a67eacf4ad3419344f37b88a755943f/data/t7-xfra-BF-allTradableInstruments.csv,6b5e9e9b0504b44710c54cee,active_official_exact_listing_isin_name
FSX::RR5,proposed,RR5,FSX,Stock,SE0017082548,Solid Forsakringsaktiebolag,SOLID FOERSAEKRING AB,deutsche_boerse_frankfurt_all_tradable_equities,exchange_directory,https://www.cashmarket.deutsche-boerse.com/resource/blob/2289108/3a67eacf4ad3419344f37b88a755943f/data/t7-xfra-BF-allTradableInstruments.csv,96fc65f9d1613078d339a033,active_official_exact_listing_isin_name
FSX::RSK,proposed,RSK,FSX,Stock,BMG0450A1053,Arch Capital Group Ltd,"ARCH CAPITAL GROUP DL-,01",deutsche_boerse_frankfurt_all_tradable_equities,exchange_directory,https://www.cashmarket.deutsche-boerse.com/resource/blob/2289108/3a67eacf4ad3419344f37b88a755943f/data/t7-xfra-BF-allTradableInstruments.csv,2d7cc5a667e275ebd1da6ee7,active_official_exact_listing_isin_name
FSX::RSO,proposed,RSO,FSX,Stock,US7782961038,Ross Stores Inc,"ROSS STRS INC.     DL-,01",deutsche_boerse_frankfurt_all_tradable_equities,exchange_directory,https://www.cashmarket.deutsche-boerse.com/resource/blob/2289108/3a67eacf4ad3419344f37b88a755943f/data/t7-xfra-BF-allTradableInstruments.csv,e0960817f6107dd926b162ce,active_official_exact_listing_isin_name
FSX::RTHA,proposed,RTHA,FSX,Stock,SG1T56930848,Wilmar International Limited,"WILMAR INTL LTD.  SD -,50",deutsche_boerse_frankfurt_all_tradable_equities,exchange_directory,https://www.cashmarket.deutsche-boerse.com/resource/blob/2289108/3a67eacf4ad3419344f37b88a755943f/data/t7-xfra-BF-allTradableInstruments.csv,19e52ef961c94bef4b8c82e6,active_official_exact_listing_isin_name
FSX::RWA,proposed,RWA,FSX,Stock,IL0010834765,Radware Ltd,"RADWARE LTD.       IS-,05",deutsche_boerse_frankfurt_all_tradable_equities,exchange_directory,https://www.cashmarket.deutsche-boerse.com/resource/blob/2289108/3a67eacf4ad3419344f37b88a755943f/data/t7-xfra-BF-allTradableInstruments.csv,c36a69b48efb9e0c313e7306,active_official_exact_listing_isin_name
FSX::RWE,proposed,RWE,FSX,Stock,DE0007037129,RWE AG,RWE AG   INH O.N.,deutsche_boerse_frankfurt_all_tradable_equities,exchange_directory,https://www.cashmarket.deutsche-boerse.com/resource/blob/2289108/3a67eacf4ad3419344f37b88a755943f/data/t7-xfra-BF-allTradableInstruments.csv,460a9f0416e5e89c37acb3fd,active_official_exact_listing_isin_name
FSX::RWI,proposed,RWI,FSX,Stock,US05329W1027,AutoNation Inc,"AUTONATION INC.    DL-,01",deutsche_boerse_frankfurt_all_tradable_equities,exchange_directory,https://www.cashmarket.deutsche-boerse.com/resource/blob/2289108/3a67eacf4ad3419344f37b88a755943f/data/t7-xfra-BF-allTradableInstruments.csv,9c7af8d576ebe39aa9c41c61,active_official_exact_listing_isin_name
FSX::RXI,proposed,RXI,FSX,Stock,SG2G04994999,Rex International Holding Limited,REX INTL HOLDINGS LTD,deutsche_boerse_frankfurt_all_tradable_equities,exchange_directory,https://www.cashmarket.deutsche-boerse.com/resource/blob/2289108/3a67eacf4ad3419344f37b88a755943f/data/t7-xfra-BF-allTradableInstruments.csv,477fb6e7b6d2409f9ea0a934,active_official_exact_listing_isin_name
FSX::RY4C,proposed,RY4C,FSX,Stock,IE00BYTBXV33,Ryanair Holdings plc,"RYANAIR HLDGS PLC EO-,006",deutsche_boerse_frankfurt_all_tradable_equities,exchange_directory,https://www.cashmarket.deutsche-boerse.com/resource/blob/2289108/3a67eacf4ad3419344f37b88a755943f/data/t7-xfra-BF-allTradableInstruments.csv,6554914f29c7bf645ddebfbc,active_official_exact_listing_isin_name
FSX::RZT,proposed,RZT,FSX,Stock,ZAE000060000,Merafe Resources Limited,"MERAFE RES LTD.    RC-,01",deutsche_boerse_frankfurt_all_tradable_equities,exchange_directory,https://www.cashmarket.deutsche-boerse.com/resource/blob/2289108/3a67eacf4ad3419344f37b88a755943f/data/t7-xfra-BF-allTradableInstruments.csv,aa41bb6ea7ff62c3f6dcf980,active_official_exact_listing_isin_name
FSX::S01,proposed,S01,FSX,Stock,US86722A1034,SunCoke Energy Inc,SUNCOKE ENERGY INC. DL-01,deutsche_boerse_frankfurt_all_tradable_equities,exchange_directory,https://www.cashmarket.deutsche-boerse.com/resource/blob/2289108/3a67eacf4ad3419344f37b88a755943f/data/t7-xfra-BF-allTradableInstruments.csv,a9a7e56a6830825ca2475422,active_official_exact_listing_isin_name
FSX::S0V,proposed,S0V,FSX,Stock,US8115431079,Seaboard Corporation,SEABOARD CORP (DEL.) DL 1,deutsche_boerse_frankfurt_all_tradable_equities,exchange_directory,https://www.cashmarket.deutsche-boerse.com/resource/blob/2289108/3a67eacf4ad3419344f37b88a755943f/data/t7-xfra-BF-allTradableInstruments.csv,8953f8d181a9fe799ef15f72,active_official_exact_listing_isin_name
FSX::S190,proposed,S190,FSX,Stock,US86563T1043,"Sumitomo Metal Mining Co., Ltd.",SUMITOMO ME.MNG UNSP.ADR,deutsche_boerse_frankfurt_all_tradable_equities,exchange_directory,https://www.cashmarket.deutsche-boerse.com/resource/blob/2289108/3a67eacf4ad3419344f37b88a755943f/data/t7-xfra-BF-allTradableInstruments.csv,f0a8a87acfe610a74441f44c,active_official_exact_listing_isin_name
FSX::S1Y,proposed,S1Y,FSX,Stock,GB00B0T29327,Oriole Resources PLC,"ORIOLE RES PLC   LS -,001",deutsche_boerse_frankfurt_all_tradable_equities,exchange_directory,https://www.cashmarket.deutsche-boerse.com/resource/blob/2289108/3a67eacf4ad3419344f37b88a755943f/data/t7-xfra-BF-allTradableInstruments.csv,db12131af368374f9f3a05f0,active_official_exact_listing_isin_name
FSX::S2Y,proposed,S2Y,FSX,Stock,FI0009007983,Digia Oyj,"DIGIA OYJ          EO-,10",deutsche_boerse_frankfurt_all_tradable_equities,exchange_directory,https://www.cashmarket.deutsche-boerse.com/resource/blob/2289108/3a67eacf4ad3419344f37b88a755943f/data/t7-xfra-BF-allTradableInstruments.csv,e05cf0ce6ea2e66c22eafc07,active_official_exact_listing_isin_name
FSX::S6IA,proposed,S6IA,FSX,Stock,US5253271028,Leidos Holdings Inc,"LEIDOS HOLDINGS  DL-,0001",deutsche_boerse_frankfurt_all_tradable_equities,exchange_directory,https://www.cashmarket.deutsche-boerse.com/resource/blob/2289108/3a67eacf4ad3419344f37b88a755943f/data/t7-xfra-BF-allTradableInstruments.csv,f70d89ee01270d380846244d,active_official_exact_listing_isin_name
FSX::S6LA,proposed,S6LA,FSX,Stock,US82322R1095,Shenzhou International Group Holdings Limited,SHENZHOU INTL GR.H.SP.ADR,deutsche_boerse_frankfurt_all_tradable_equities,exchange_directory,https://www.cashmarket.deutsche-boerse.com/resource/blob/2289108/3a67eacf4ad3419344f37b88a755943f/data/t7-xfra-BF-allTradableInstruments.csv,0d616319a95c4aeea00032ba,active_official_exact_listing_isin_name
FSX::SAP,proposed,SAP,FSX,Stock,DE0007164600,SAP SE,SAP SE O.N.,deutsche_boerse_frankfurt_all_tradable_equities,exchange_directory,https://www.cashmarket.deutsche-boerse.com/resource/blob/2289108/3a67eacf4ad3419344f37b88a755943f/data/t7-xfra-BF-allTradableInstruments.csv,1db9f98d362741790a6e392b,active_official_exact_listing_isin_name
FSX::SAYN,proposed,SAYN,FSX,Stock,US8010561020,Sanmina Corporation,"SANMINA CORP. NEW  DL-,01",deutsche_boerse_frankfurt_all_tradable_equities,exchange_directory,https://www.cashmarket.deutsche-boerse.com/resource/blob/2289108/3a67eacf4ad3419344f37b88a755943f/data/t7-xfra-BF-allTradableInstruments.csv,390eb0cba609577e05fd3cc8,active_official_exact_listing_isin_name
FSX::SCL,proposed,SCL,FSX,Stock,AN8068571086,Schlumberger Limited,"SLB LTD.           DL-,01",deutsche_boerse_frankfurt_all_tradable_equities,exchange_directory,https://www.cashmarket.deutsche-boerse.com/resource/blob/2289108/3a67eacf4ad3419344f37b88a755943f/data/t7-xfra-BF-allTradableInstruments.csv,d87249b7dd75f89a3bc53214,active_official_exact_listing_isin_name
FSX::SCZ,proposed,SCZ,FSX,Stock,US8666741041,Sun Communities Inc,"SUN COMM. INC.     DL-,01",deutsche_boerse_frankfurt_all_tradable_equities,exchange_directory,https://www.cashmarket.deutsche-boerse.com/resource/blob/2289108/3a67eacf4ad3419344f37b88a755943f/data/t7-xfra-BF-allTradableInstruments.csv,36fd02c9633461cb7e804ce6,active_official_exact_listing_isin_name
FSX::SDF,proposed,SDF,FSX,Stock,DE000KSAG888,K+S Aktiengesellschaft,K+S AG NA O.N.,deutsche_boerse_frankfurt_all_tradable_equities,exchange_directory,https://www.cashmarket.deutsche-boerse.com/resource/blob/2289108/3a67eacf4ad3419344f37b88a755943f/data/t7-xfra-BF-allTradableInstruments.csv,ec6d00c0537e3b01f4086499,active_official_exact_listing_isin_name
FSX::SDRC,proposed,SDRC,FSX,Stock,FR0010411983,SCOR SE,"SCOR SE      EO 7,8769723",deutsche_boerse_frankfurt_all_tradable_equities,exchange_directory,https://www.cashmarket.deutsche-boerse.com/resource/blob/2289108/3a67eacf4ad3419344f37b88a755943f/data/t7-xfra-BF-allTradableInstruments.csv,fd3b54f479df1b2b2368961f,active_official_exact_listing_isin_name
FSX::SEO,proposed,SEO,FSX,Stock,GB0007973794,Serco Group plc,"SERCO GROUP PLC    LS-,02",deutsche_boerse_frankfurt_all_tradable_equities,exchange_directory,https://www.cashmarket.deutsche-boerse.com/resource/blob/2289108/3a67eacf4ad3419344f37b88a755943f/data/t7-xfra-BF-allTradableInstruments.csv,3a01ea8042f3461460048083,active_official_exact_listing_isin_name
FSX::SF7,proposed,SF7,FSX,Stock,SE0000323305,Softronic AB,"SOFTRONIC AB    B SK 0,40",deutsche_boerse_frankfurt_all_tradable_equities,exchange_directory,https://www.cashmarket.deutsche-boerse.com/resource/blob/2289108/3a67eacf4ad3419344f37b88a755943f/data/t7-xfra-BF-allTradableInstruments.csv,9fe1b45fa6fe23801223009f,active_official_exact_listing_isin_name
FSX::SG9,proposed,SG9,FSX,Stock,IM00BF0FMG91,Strix Group Plc,"STRIX GROUP PLC   LS -,01",deutsche_boerse_frankfurt_all_tradable_equities,exchange_directory,https://www.cashmarket.deutsche-boerse.com/resource/blob/2289108/3a67eacf4ad3419344f37b88a755943f/data/t7-xfra-BF-allTradableInstruments.csv,d96e3f0dda3bec9645f73ced,active_official_exact_listing_isin_name
FSX::SHL,proposed,SHL,FSX,Stock,DE000SHL1006,Siemens Healthineers AG,SIEMENS HEALTH.AG NA O.N.,deutsche_boerse_frankfurt_all_tradable_equities,exchange_directory,https://www.cashmarket.deutsche-boerse.com/resource/blob/2289108/3a67eacf4ad3419344f37b88a755943f/data/t7-xfra-BF-allTradableInstruments.csv,fea177a154a608dd5810b923,active_official_exact_listing_isin_name
FSX::SIE,proposed,SIE,FSX,Stock,DE0007236101,Siemens Aktiengesellschaft,SIEMENS AG  NA O.N.,deutsche_boerse_frankfurt_all_tradable_equities,exchange_directory,https://www.cashmarket.deutsche-boerse.com/resource/blob/2289108/3a67eacf4ad3419344f37b88a755943f/data/t7-xfra-BF-allTradableInstruments.csv,dddc201028f4c3cc03dadf27,active_official_exact_listing_isin_name
FSX::SJN,proposed,SJN,FSX,Stock,US87157D1090,Synaptics Incorporated,"SYNAPTICS INC.   DL 0,001",deutsche_boerse_frankfurt_all_tradable_equities,exchange_directory,https://www.cashmarket.deutsche-boerse.com/resource/blob/2289108/3a67eacf4ad3419344f37b88a755943f/data/t7-xfra-BF-allTradableInstruments.csv,7f491684564de081c2342bf8,active_official_exact_listing_isin_name
FSX::SKFA,proposed,SKFA,FSX,Stock,SE0000108201,AB SKF (publ),"SKF AB A         SK 0,625",deutsche_boerse_frankfurt_all_tradable_equities,exchange_directory,https://www.cashmarket.deutsche-boerse.com/resource/blob/2289108/3a67eacf4ad3419344f37b88a755943f/data/t7-xfra-BF-allTradableInstruments.csv,051e2eb6d40b76d315a79719,active_official_exact_listing_isin_name
FSX::SKNB,proposed,SKNB,FSX,Stock,SE0000113250,Skanska AB (publ),SKANSKA AB B FRIA    SK 3,deutsche_boerse_frankfurt_all_tradable_equities,exchange_directory,https://www.cashmarket.deutsche-boerse.com/resource/blob/2289108/3a67eacf4ad3419344f37b88a755943f/data/t7-xfra-BF-allTradableInstruments.csv,d05488a2c36125fa5deb5807,active_official_exact_listing_isin_name
FSX::SKVB,proposed,SKVB,FSX,Stock,SE0000188518,Catella AB (publ),CATELLA AB B         SK 2,deutsche_boerse_frankfurt_all_tradable_equities,exchange_directory,https://www.cashmarket.deutsche-boerse.com/resource/blob/2289108/3a67eacf4ad3419344f37b88a755943f/data/t7-xfra-BF-allTradableInstruments.csv,f96290a7376bbdbecdef8f13,active_official_exact_listing_isin_name
FSX::SKWC,proposed,SKWC,FSX,Stock,SE0000120669,SSAB AB (publ),SSAB AB -B- FRIA,deutsche_boerse_frankfurt_all_tradable_equities,exchange_directory,https://www.cashmarket.deutsche-boerse.com/resource/blob/2289108/3a67eacf4ad3419344f37b88a755943f/data/t7-xfra-BF-allTradableInstruments.csv,fddf09f0e85d229e769e7086,active_official_exact_listing_isin_name
FSX::SL1,proposed,SL1,FSX,Stock,US8070661058,Scholastic Corporation,"SCHOLASTIC CORP.   DL-,01",deutsche_boerse_frankfurt_all_tradable_equities,exchange_directory,https://www.cashmarket.deutsche-boerse.com/resource/blob/2289108/3a67eacf4ad3419344f37b88a755943f/data/t7-xfra-BF-allTradableInstruments.csv,4a208b12daa05fbe73827138,active_official_exact_listing_isin_name
FSX::SL3,proposed,SL3,FSX,Stock,US8270481091,Silgan Holdings Inc,"SILGAN HLDGS INC.  DL-,01",deutsche_boerse_frankfurt_all_tradable_equities,exchange_directory,https://www.cashmarket.deutsche-boerse.com/resource/blob/2289108/3a67eacf4ad3419344f37b88a755943f/data/t7-xfra-BF-allTradableInstruments.csv,3ab8a96abbdb85b3c208cf6d,active_official_exact_listing_isin_name
FSX::SM1,proposed,SM1,FSX,Stock,US78442P1066,SLM Corporation,"SLM CORP.          DL-,20",deutsche_boerse_frankfurt_all_tradable_equities,exchange_directory,https://www.cashmarket.deutsche-boerse.com/resource/blob/2289108/3a67eacf4ad3419344f37b88a755943f/data/t7-xfra-BF-allTradableInstruments.csv,9bb674c40ee57695aca21881,active_official_exact_listing_isin_name
FSX::SMHN,proposed,SMHN,FSX,Stock,DE000A1K0235,SÜSS MicroTec SE,SUSS MICROTEC SE NA O.N.,deutsche_boerse_frankfurt_all_tradable_equities,exchange_directory,https://www.cashmarket.deutsche-boerse.com/resource/blob/2289108/3a67eacf4ad3419344f37b88a755943f/data/t7-xfra-BF-allTradableInstruments.csv,3ae1072555a9b7d92014a74e,active_official_exact_listing_isin_name
FSX::SNO,proposed,SNO,FSX,Stock,HK0083000502,Sino Land Company Limited,SINO LD CO.,deutsche_boerse_frankfurt_all_tradable_equities,exchange_directory,https://www.cashmarket.deutsche-boerse.com/resource/blob/2289108/3a67eacf4ad3419344f37b88a755943f/data/t7-xfra-BF-allTradableInstruments.csv,a4f9a7f395df8720928b14e5,active_official_exact_listing_isin_name
FSX::SNS,proposed,SNS,FSX,Stock,US8354951027,Sonoco Products Company,SONOCO PROD. CO.,deutsche_boerse_frankfurt_all_tradable_equities,exchange_directory,https://www.cashmarket.deutsche-boerse.com/resource/blob/2289108/3a67eacf4ad3419344f37b88a755943f/data/t7-xfra-BF-allTradableInstruments.csv,8041706adb84d1e9f6a21c4f,active_official_exact_listing_isin_name
FSX::SP1,proposed,SP1,FSX,Stock,US73278L1052,Pool Corporation,"POOL CORP.        DL-,001",deutsche_boerse_frankfurt_all_tradable_equities,exchange_directory,https://www.cashmarket.deutsche-boerse.com/resource/blob/2289108/3a67eacf4ad3419344f37b88a755943f/data/t7-xfra-BF-allTradableInstruments.csv,5e3b94e989aafaefacb4a5f2,active_official_exact_listing_isin_name
FSX::SPYI,proposed,SPYI,FSX,ETF,IE00B3YLTY66,State Street SPDR MSCI All Country World Investable Market UCITS ETF,ST.STR.SP.MS.ACWIM UC.ETF,deutsche_boerse_frankfurt_all_tradable_equities,exchange_directory,https://www.cashmarket.deutsche-boerse.com/resource/blob/2289108/3a67eacf4ad3419344f37b88a755943f/data/t7-xfra-BF-allTradableInstruments.csv,3322191d8537943ec9a935b2,active_official_exact_listing_isin_name
FSX::SPYW,proposed,SPYW,FSX,ETF,IE00B5M1WJ87,SPDR S&P Euro Dividend Aristocrats UCITS ETF,SPDR S+P EO DIV.ARIST.ETF,deutsche_boerse_frankfurt_all_tradable_equities,exchange_directory,https://www.cashmarket.deutsche-boerse.com/resource/blob/2289108/3a67eacf4ad3419344f37b88a755943f/data/t7-xfra-BF-allTradableInstruments.csv,39e13218175e60ca4ed34f4a,active_official_exact_listing_isin_name
FSX::SQ6B,proposed,SQ6B,FSX,Stock,US8110544025,E. W. Scripps Co Class A,"SCRIPPS CO. A NEW  DL-,01",deutsche_boerse_frankfurt_all_tradable_equities,exchange_directory,https://www.cashmarket.deutsche-boerse.com/resource/blob/2289108/3a67eacf4ad3419344f37b88a755943f/data/t7-xfra-BF-allTradableInstruments.csv,882e22423b4c2d60d9d8f19a,active_official_exact_listing_isin_name
FSX::SQR,proposed,SQR,FSX,Stock,US78709Y1055,Saia Inc,"SAIA INC.          DL-,01",deutsche_boerse_frankfurt_all_tradable_equities,exchange_directory,https://www.cashmarket.deutsche-boerse.com/resource/blob/2289108/3a67eacf4ad3419344f37b88a755943f/data/t7-xfra-BF-allTradableInstruments.csv,4aa9b17b699c1af8b24b3c47,active_official_exact_listing_isin_name
FSX::SSUN,proposed,SSUN,FSX,Stock,US7960502018,Samsung Electronics Co. Ltd,SAMSUNG EL./25 GDRS NV PF,deutsche_boerse_frankfurt_all_tradable_equities,exchange_directory,https://www.cashmarket.deutsche-boerse.com/resource/blob/2289108/3a67eacf4ad3419344f37b88a755943f/data/t7-xfra-BF-allTradableInstruments.csv,4a0e061a68747a61e93795e5,active_official_exact_listing_isin_name
FSX::SSW,proposed,SSW,FSX,Stock,KYG7814S1021,SA SA International Holdings Limited,"SA SA INTL HLDGS   HD-,10",deutsche_boerse_frankfurt_all_tradable_equities,exchange_directory,https://www.cashmarket.deutsche-boerse.com/resource/blob/2289108/3a67eacf4ad3419344f37b88a755943f/data/t7-xfra-BF-allTradableInstruments.csv,a82e4a2d09bc4a1b3364cd3f,active_official_exact_listing_isin_name
FSX::STD,proposed,STD,FSX,Stock,GB0004082847,Standard Chartered PLC,"STAND. CHART. PLC  DL-,50",deutsche_boerse_frankfurt_all_tradable_equities,exchange_directory,https://www.cashmarket.deutsche-boerse.com/resource/blob/2289108/3a67eacf4ad3419344f37b88a755943f/data/t7-xfra-BF-allTradableInstruments.csv,d9d506155480c82e640c358c,active_official_exact_listing_isin_name
FSX::STO3,proposed,STO3,FSX,Stock,DE0007274136,Sto SE & Co. KGaA,STO SE+CO.KGAA VZO O.N.,deutsche_boerse_frankfurt_all_tradable_equities,exchange_directory,https://www.cashmarket.deutsche-boerse.com/resource/blob/2289108/3a67eacf4ad3419344f37b88a755943f/data/t7-xfra-BF-allTradableInstruments.csv,f564193df24caeec169976fa,active_official_exact_listing_isin_name
FSX::SUT,proposed,SUT,FSX,Stock,KYG7255N1097,Productive Technologies Company Limited,"PROD. T. CO LTD. HD-,01",deutsche_boerse_frankfurt_all_tradable_equities,exchange_directory,https://www.cashmarket.deutsche-boerse.com/resource/blob/2289108/3a67eacf4ad3419344f37b88a755943f/data/t7-xfra-BF-allTradableInstruments.csv,798091f1b69bc459756c6152,active_official_exact_listing_isin_name
FSX::SVC,proposed,SVC,FSX,Stock,US8175651046,Service Corporation International,SERVICE CORP. INTL   DL 1,deutsche_boerse_frankfurt_all_tradable_equities,exchange_directory,https://www.cashmarket.deutsche-boerse.com/resource/blob/2289108/3a67eacf4ad3419344f37b88a755943f/data/t7-xfra-BF-allTradableInstruments.csv,e5befe3ac6790c2c86e21e6e,active_official_exact_listing_isin_name
FSX::SWN,proposed,SWN,FSX,Stock,US8447411088,Southwest Airlines Co,SOUTHW. AIRL. CO.    DL 1,deutsche_boerse_frankfurt_all_tradable_equities,exchange_directory,https://www.cashmarket.deutsche-boerse.com/resource/blob/2289108/3a67eacf4ad3419344f37b88a755943f/data/t7-xfra-BF-allTradableInstruments.csv,fbc444b9fe947ad131b93046,active_official_exact_listing_isin_name
FSX::SXRS,proposed,SXRS,FSX,ETF,IE00BDFL4P12,iShares Diversified Commodity Swap UCITS ETF,ISHS VI-DIV.COM.S.U.ETF,deutsche_boerse_frankfurt_all_tradable_equities,exchange_directory,https://www.cashmarket.deutsche-boerse.com/resource/blob/2289108/3a67eacf4ad3419344f37b88a755943f/data/t7-xfra-BF-allTradableInstruments.csv,1f7553bfa913375271de8cf2,active_official_exact_listing_isin_name
FSX::SYP,proposed,SYP,FSX,Stock,US8716071076,Synopsys Inc,"SYNOPSYS INC.      DL-,01",deutsche_boerse_frankfurt_all_tradable_equities,exchange_directory,https://www.cashmarket.deutsche-boerse.com/resource/blob/2289108/3a67eacf4ad3419344f37b88a755943f/data/t7-xfra-BF-allTradableInstruments.csv,e06ad5fdecfc8a3f6b64132d,active_official_exact_listing_isin_name
FSX::T270,proposed,T270,FSX,Stock,CA07568L1022,Beckett's Inc.,BECKETTS INC. O.N.,deutsche_boerse_frankfurt_all_tradable_equities,exchange_directory,https://www.cashmarket.deutsche-boerse.com/resource/blob/2289108/3a67eacf4ad3419344f37b88a755943f/data/t7-xfra-BF-allTradableInstruments.csv,1b61593b4dca79deaeae5d63,active_official_exact_listing_isin_name
FSX::T6O,proposed,T6O,FSX,Stock,US8754651060,Tanger Factory Outlet Centers Inc,"TANGER INC. DL-,01",deutsche_boerse_frankfurt_all_tradable_equities,exchange_directory,https://www.cashmarket.deutsche-boerse.com/resource/blob/2289108/3a67eacf4ad3419344f37b88a755943f/data/t7-xfra-BF-allTradableInstruments.csv,f598e6d2c423b265bf0fa790,active_official_exact_listing_isin_name
FSX::T810,proposed,T810,FSX,Stock,KYG9898T1058,ZG Group,ZG GROUP  O.N.,deutsche_boerse_frankfurt_all_tradable_equities,exchange_directory,https://www.cashmarket.deutsche-boerse.com/resource/blob/2289108/3a67eacf4ad3419344f37b88a755943f/data/t7-xfra-BF-allTradableInstruments.csv,d01f41bea8f30f0807f16737,active_official_exact_listing_isin_name
FSX::T9R,proposed,T9R,FSX,Stock,SE0001664707,Catena AB (publ),CATENA AB NAM.,deutsche_boerse_frankfurt_all_tradable_equities,exchange_directory,https://www.cashmarket.deutsche-boerse.com/resource/blob/2289108/3a67eacf4ad3419344f37b88a755943f/data/t7-xfra-BF-allTradableInstruments.csv,6b72f1315e220fd274e205af,active_official_exact_listing_isin_name
FSX::TAF0,proposed,TAF0,FSX,Stock,THB231010R11,True Corporation Public Company Limited,TRUE CORP. -NVDR-   BA 4,deutsche_boerse_frankfurt_all_tradable_equities,exchange_directory,https://www.cashmarket.deutsche-boerse.com/resource/blob/2289108/3a67eacf4ad3419344f37b88a755943f/data/t7-xfra-BF-allTradableInstruments.csv,a1054224f044909358af06f9,active_official_exact_listing_isin_name
FSX::TAF1,proposed,TAF1,FSX,Stock,THB231010018,True Corporation Public Company Limited,TRUE CORP.PCL -FGN-  BA 4,deutsche_boerse_frankfurt_all_tradable_equities,exchange_directory,https://www.cashmarket.deutsche-boerse.com/resource/blob/2289108/3a67eacf4ad3419344f37b88a755943f/data/t7-xfra-BF-allTradableInstruments.csv,2125c3a46b3e134b09faf441,active_official_exact_listing_isin_name
FSX::TB8A,proposed,TB8A,FSX,Stock,GB00B4X3Q493,Afentra PLC,"AFENTRA PLC        LS-,10",deutsche_boerse_frankfurt_all_tradable_equities,exchange_directory,https://www.cashmarket.deutsche-boerse.com/resource/blob/2289108/3a67eacf4ad3419344f37b88a755943f/data/t7-xfra-BF-allTradableInstruments.csv,fa17b113463ca9119f830486,active_official_exact_listing_isin_name
FSX::TD9,proposed,TD9,FSX,Stock,US88642R1095,Tidewater Inc,"TIDEWATER INC.    DL-,001",deutsche_boerse_frankfurt_all_tradable_equities,exchange_directory,https://www.cashmarket.deutsche-boerse.com/resource/blob/2289108/3a67eacf4ad3419344f37b88a755943f/data/t7-xfra-BF-allTradableInstruments.csv,9ee2a7e2b6b03fd4bf25e923,active_official_exact_listing_isin_name
FSX::TEY,proposed,TEY,FSX,Stock,US8807701029,Teradyne Inc,"TERADYNE INC.     DL-,125",deutsche_boerse_frankfurt_all_tradable_equities,exchange_directory,https://www.cashmarket.deutsche-boerse.com/resource/blob/2289108/3a67eacf4ad3419344f37b88a755943f/data/t7-xfra-BF-allTradableInstruments.csv,996625c96a138487dc872c42,active_official_exact_listing_isin_name
FSX::TGC,proposed,TGC,FSX,Stock,NO0003078800,TGS ASA,"TGS ASA           NK 0,25",deutsche_boerse_frankfurt_all_tradable_equities,exchange_directory,https://www.cashmarket.deutsche-boerse.com/resource/blob/2289108/3a67eacf4ad3419344f37b88a755943f/data/t7-xfra-BF-allTradableInstruments.csv,2fd297b026c9fc7ac7e53bbe,active_official_exact_listing_isin_name
FSX::TGNA,proposed,TGNA,FSX,Stock,FR0005175080,Transgene SA,"TRANSGENE SA   EO 0,30",deutsche_boerse_frankfurt_all_tradable_equities,exchange_directory,https://www.cashmarket.deutsche-boerse.com/resource/blob/2289108/3a67eacf4ad3419344f37b88a755943f/data/t7-xfra-BF-allTradableInstruments.csv,aa4555c74076815c5533e68a,active_official_exact_listing_isin_name
FSX::TH1,proposed,TH1,FSX,Stock,US89854H1023,TTEC Holdings Inc,"TTEC HLDGS INC.    DL-,01",deutsche_boerse_frankfurt_all_tradable_equities,exchange_directory,https://www.cashmarket.deutsche-boerse.com/resource/blob/2289108/3a67eacf4ad3419344f37b88a755943f/data/t7-xfra-BF-allTradableInstruments.csv,047a0a354f9000217abde866,active_official_exact_listing_isin_name
FSX::TI2,proposed,TI2,FSX,Stock,JP3322000005,SATO SHO-JI CORPORATION,SATO SHOJI CORP.,deutsche_boerse_frankfurt_all_tradable_equities,exchange_directory,https://www.cashmarket.deutsche-boerse.com/resource/blob/2289108/3a67eacf4ad3419344f37b88a755943f/data/t7-xfra-BF-allTradableInstruments.csv,e9f4d5eaec6721bf2b8ded0c,active_official_exact_listing_isin_name
FSX::TJX,proposed,TJX,FSX,Stock,US8725401090,The TJX Companies Inc,TJX COS INC.         DL 1,deutsche_boerse_frankfurt_all_tradable_equities,exchange_directory,https://www.cashmarket.deutsche-boerse.com/resource/blob/2289108/3a67eacf4ad3419344f37b88a755943f/data/t7-xfra-BF-allTradableInstruments.csv,857343bb2dc0037c420018d1,active_official_exact_listing_isin_name
FSX::TK6,proposed,TK6,FSX,Stock,CA37960T1066,Global Compliance Applications Corp,GL COMPL.APPL.CORP.,deutsche_boerse_frankfurt_all_tradable_equities,exchange_directory,https://www.cashmarket.deutsche-boerse.com/resource/blob/2289108/3a67eacf4ad3419344f37b88a755943f/data/t7-xfra-BF-allTradableInstruments.csv,f89d7fc9d49bc9e18578b014,active_official_exact_listing_isin_name
FSX::TL50,proposed,TL50,FSX,Stock,CA8864535056,Tidewater Midstream and Infrastructure Ltd.,TIDEW. MIDS.+INFRASTR.LTD,deutsche_boerse_frankfurt_all_tradable_equities,exchange_directory,https://www.cashmarket.deutsche-boerse.com/resource/blob/2289108/3a67eacf4ad3419344f37b88a755943f/data/t7-xfra-BF-allTradableInstruments.csv,a7cd3e03e4cddfc9b049df61,active_official_exact_listing_isin_name
FSX::TLS,proposed,TLS,FSX,Stock,SE0000667925,Telia Company AB (publ),"TELIA COMPANY AB  SK 3,20",deutsche_boerse_frankfurt_all_tradable_equities,exchange_directory,https://www.cashmarket.deutsche-boerse.com/resource/blob/2289108/3a67eacf4ad3419344f37b88a755943f/data/t7-xfra-BF-allTradableInstruments.csv,66afced43e50e9bec803ef78,active_official_exact_listing_isin_name
FSX::TN1,proposed,TN1,FSX,Stock,US8803451033,Tennant Company,"TENNANT CO.       DL-,375",deutsche_boerse_frankfurt_all_tradable_equities,exchange_directory,https://www.cashmarket.deutsche-boerse.com/resource/blob/2289108/3a67eacf4ad3419344f37b88a755943f/data/t7-xfra-BF-allTradableInstruments.csv,d55370dcca512eba595bb5a9,active_official_exact_listing_isin_name
FSX::TOW,proposed,TOW,FSX,Stock,IL0010823792,Tower Semiconductor Ltd,"TOWER SEMICON. LTD IS-,10",deutsche_boerse_frankfurt_all_tradable_equities,exchange_directory,https://www.cashmarket.deutsche-boerse.com/resource/blob/2289108/3a67eacf4ad3419344f37b88a755943f/data/t7-xfra-BF-allTradableInstruments.csv,83bcdd840e9d2a326748cf16,active_official_exact_listing_isin_name
FSX::TPIG,proposed,TPIG,FSX,Stock,TH0471010Y12,IRPC Public Company Limited,IRPC PCL -FOREIGN-   BA 1,deutsche_boerse_frankfurt_all_tradable_equities,exchange_directory,https://www.cashmarket.deutsche-boerse.com/resource/blob/2289108/3a67eacf4ad3419344f37b88a755943f/data/t7-xfra-BF-allTradableInstruments.csv,9719b3299d07e9f0e82e20f3,active_official_exact_listing_isin_name
FSX::TRL,proposed,TRL,FSX,Stock,US23918K1088,DaVita Inc,"DAVITA INC.      DL -,001",deutsche_boerse_frankfurt_all_tradable_equities,exchange_directory,https://www.cashmarket.deutsche-boerse.com/resource/blob/2289108/3a67eacf4ad3419344f37b88a755943f/data/t7-xfra-BF-allTradableInstruments.csv,8a1a91d661c8866f32668e90,active_official_exact_listing_isin_name
FSX::TRR,proposed,TRR,FSX,Stock,US89531P1057,Trex Company Inc,"TREX CO. INC.      DL-,01",deutsche_boerse_frankfurt_all_tradable_equities,exchange_directory,https://www.cashmarket.deutsche-boerse.com/resource/blob/2289108/3a67eacf4ad3419344f37b88a755943f/data/t7-xfra-BF-allTradableInstruments.csv,795aa93f6134de3ef438856b,active_official_exact_listing_isin_name
FSX::TRVC,proposed,TRVC,FSX,Stock,US1729674242,Citigroup Inc,"CITIGROUP INC. DL -,01",deutsche_boerse_frankfurt_all_tradable_equities,exchange_directory,https://www.cashmarket.deutsche-boerse.com/resource/blob/2289108/3a67eacf4ad3419344f37b88a755943f/data/t7-xfra-BF-allTradableInstruments.csv,7495658fc46b1fe08baacc56,active_official_exact_listing_isin_name
FSX::TSN,proposed,TSN,FSX,Stock,GB00B1VS7G47,Alina Holdings PLC,"ALINA HOLDINGS    LS 0,01",deutsche_boerse_frankfurt_all_tradable_equities,exchange_directory,https://www.cashmarket.deutsche-boerse.com/resource/blob/2289108/3a67eacf4ad3419344f37b88a755943f/data/t7-xfra-BF-allTradableInstruments.csv,a3fd7506892f4f17b1208285,active_official_exact_listing_isin_name
FSX::TTEB,proposed,TTEB,FSX,Stock,FI0009000277,TietoEVRY Oyj,TIETO OYJ,deutsche_boerse_frankfurt_all_tradable_equities,exchange_directory,https://www.cashmarket.deutsche-boerse.com/resource/blob/2289108/3a67eacf4ad3419344f37b88a755943f/data/t7-xfra-BF-allTradableInstruments.csv,77e89c64a2e38c2241f89501,active_official_exact_listing_isin_name
FSX::TUI1,proposed,TUI1,FSX,Stock,DE000TUAG505,TUI AG,TUI AG NA O.N.,deutsche_boerse_frankfurt_all_tradable_equities,exchange_directory,https://www.cashmarket.deutsche-boerse.com/resource/blob/2289108/3a67eacf4ad3419344f37b88a755943f/data/t7-xfra-BF-allTradableInstruments.csv,945a4c3078249b472fa99040,active_official_exact_listing_isin_name
FSX::TXG,proposed,TXG,FSX,Stock,US8807791038,Terex Corporation,"TEREX CORP.        DL-,01",deutsche_boerse_frankfurt_all_tradable_equities,exchange_directory,https://www.cashmarket.deutsche-boerse.com/resource/blob/2289108/3a67eacf4ad3419344f37b88a755943f/data/t7-xfra-BF-allTradableInstruments.csv,dc116b9a6bce89d8229cb3ac,active_official_exact_listing_isin_name
FSX::TXW,proposed,TXW,FSX,Stock,BMG8770Z1068,Texwinca Holdings Limited,"TEXWINCA HLDGS LTD HD-,05",deutsche_boerse_frankfurt_all_tradable_equities,exchange_directory,https://www.cashmarket.deutsche-boerse.com/resource/blob/2289108/3a67eacf4ad3419344f37b88a755943f/data/t7-xfra-BF-allTradableInstruments.csv,cc67f0cff915cd0ab50bd3b3,active_official_exact_listing_isin_name
FSX::TYP,proposed,TYP,FSX,Stock,US9022521051,Tyler Technologies Inc,"TYLER TECHS INC.   DL-,01",deutsche_boerse_frankfurt_all_tradable_equities,exchange_directory,https://www.cashmarket.deutsche-boerse.com/resource/blob/2289108/3a67eacf4ad3419344f37b88a755943f/data/t7-xfra-BF-allTradableInstruments.csv,b26c608d627699ce06eacb03,active_official_exact_listing_isin_name
FSX::TZ4,proposed,TZ4,FSX,Stock,US88830M1027,Titan International Inc,"TITAN INTL INC.    DL-,01",deutsche_boerse_frankfurt_all_tradable_equities,exchange_directory,https://www.cashmarket.deutsche-boerse.com/resource/blob/2289108/3a67eacf4ad3419344f37b88a755943f/data/t7-xfra-BF-allTradableInstruments.csv,cfa0b6d4cababf7d12ef8a08,active_official_exact_listing_isin_name
FSX::U0K,proposed,U0K,FSX,Stock,BMG3398L1182,Fidelis Insurance Holdings Limited,PELAGOS INSURANCE CA.LTD.,deutsche_boerse_frankfurt_all_tradable_equities,exchange_directory,https://www.cashmarket.deutsche-boerse.com/resource/blob/2289108/3a67eacf4ad3419344f37b88a755943f/data/t7-xfra-BF-allTradableInstruments.csv,e4a9f955d26b388bd166f0d5,active_official_exact_listing_isin_name
FSX::U1O,proposed,U1O,FSX,Stock,SG1S83002349,UOL Group Limited,UOL GROUP LTD.       SD 1,deutsche_boerse_frankfurt_all_tradable_equities,exchange_directory,https://www.cashmarket.deutsche-boerse.com/resource/blob/2289108/3a67eacf4ad3419344f37b88a755943f/data/t7-xfra-BF-allTradableInstruments.csv,b323f9158ca1d6df7a1439ce,active_official_exact_listing_isin_name
FSX::U7MA,proposed,U7MA,FSX,Stock,KYG2352X1262,CNNC International Limited,"CNNC INTL LTD     HD -,01",deutsche_boerse_frankfurt_all_tradable_equities,exchange_directory,https://www.cashmarket.deutsche-boerse.com/resource/blob/2289108/3a67eacf4ad3419344f37b88a755943f/data/t7-xfra-BF-allTradableInstruments.csv,b5ebee8012970441385ebb2a,active_official_exact_listing_isin_name
FSX::UFP,proposed,UFP,FSX,Stock,US9026731029,UFP Technologies Inc,"UFP TECHS INC.     DL-,01",deutsche_boerse_frankfurt_all_tradable_equities,exchange_directory,https://www.cashmarket.deutsche-boerse.com/resource/blob/2289108/3a67eacf4ad3419344f37b88a755943f/data/t7-xfra-BF-allTradableInstruments.csv,b3ef7c18d13ea2600e177c6c,active_official_exact_listing_isin_name
FSX::UG6,proposed,UG6,FSX,Stock,BMG7738W1064,SFL Corporation Ltd,SFL CORP. LTD        DL 1,deutsche_boerse_frankfurt_all_tradable_equities,exchange_directory,https://www.cashmarket.deutsche-boerse.com/resource/blob/2289108/3a67eacf4ad3419344f37b88a755943f/data/t7-xfra-BF-allTradableInstruments.csv,04d3a21db32eadb299cbf3e8,active_official_exact_listing_isin_name
FSX::UHRN,proposed,UHRN,FSX,Stock,CH0012255144,The Swatch Group AG,"SWATCH GRP AG NAM.SF 0,45",deutsche_boerse_frankfurt_all_tradable_equities,exchange_directory,https://www.cashmarket.deutsche-boerse.com/resource/blob/2289108/3a67eacf4ad3419344f37b88a755943f/data/t7-xfra-BF-allTradableInstruments.csv,d0ab1ce51ba3189b142add08,active_official_exact_listing_isin_name
FSX::UI2,proposed,UI2,FSX,Stock,US4884011002,Kemper Corporation,"KEMPER CORP.       DL-,10",deutsche_boerse_frankfurt_all_tradable_equities,exchange_directory,https://www.cashmarket.deutsche-boerse.com/resource/blob/2289108/3a67eacf4ad3419344f37b88a755943f/data/t7-xfra-BF-allTradableInstruments.csv,410db832fd3b8f95f3df985b,active_official_exact_listing_isin_name
FSX::ULB,proposed,ULB,FSX,Stock,US9038991025,Ultralife Corporation,"ULTRALIFE CORP.   DL -,10",deutsche_boerse_frankfurt_all_tradable_equities,exchange_directory,https://www.cashmarket.deutsche-boerse.com/resource/blob/2289108/3a67eacf4ad3419344f37b88a755943f/data/t7-xfra-BF-allTradableInstruments.csv,88d542233ec87bed64fde1ba,active_official_exact_listing_isin_name
FSX::UMB,proposed,UMB,FSX,Stock,US9027881088,UMB Financial Corporation,UMB FINL CORP.       DL 1,deutsche_boerse_frankfurt_all_tradable_equities,exchange_directory,https://www.cashmarket.deutsche-boerse.com/resource/blob/2289108/3a67eacf4ad3419344f37b88a755943f/data/t7-xfra-BF-allTradableInstruments.csv,f971a7f71d71e5e7ef447318,active_official_exact_listing_isin_name
FSX::UNK,proposed,UNK,FSX,Stock,US9099071071,United Bankshares Inc,"UTD BANKSHS INC.  DL 2,50",deutsche_boerse_frankfurt_all_tradable_equities,exchange_directory,https://www.cashmarket.deutsche-boerse.com/resource/blob/2289108/3a67eacf4ad3419344f37b88a755943f/data/t7-xfra-BF-allTradableInstruments.csv,8f0648c7fab858cdd4877efb,active_official_exact_listing_isin_name
FSX::USY1,proposed,USY1,FSX,Stock,US9092143067,Unisys Corporation,"UNISYS CORP. NEW   DL-,01",deutsche_boerse_frankfurt_all_tradable_equities,exchange_directory,https://www.cashmarket.deutsche-boerse.com/resource/blob/2289108/3a67eacf4ad3419344f37b88a755943f/data/t7-xfra-BF-allTradableInstruments.csv,6119827c097d0b2756a31f96,active_official_exact_listing_isin_name
FSX::UT80,proposed,UT80,FSX,Stock,CA90355T1084,"Uber Technologies, Inc.",UBER TEC. INC. CDR(REG.S),deutsche_boerse_frankfurt_all_tradable_equities,exchange_directory,https://www.cashmarket.deutsche-boerse.com/resource/blob/2289108/3a67eacf4ad3419344f37b88a755943f/data/t7-xfra-BF-allTradableInstruments.csv,9a5fe19fa7486de3b64ab0ec,active_official_exact_listing_isin_name
FSX::UUM,proposed,UUM,FSX,Stock,US91529Y1064,Unum Group,"UNUM GROUP         DL-,10",deutsche_boerse_frankfurt_all_tradable_equities,exchange_directory,https://www.cashmarket.deutsche-boerse.com/resource/blob/2289108/3a67eacf4ad3419344f37b88a755943f/data/t7-xfra-BF-allTradableInstruments.csv,605f06b9d0391782403cf456,active_official_exact_listing_isin_name
FSX::UWV,proposed,UWV,FSX,Stock,US92922P1066,W&T Offshore Inc,W+T OFFSHORE INC.DL-00001,deutsche_boerse_frankfurt_all_tradable_equities,exchange_directory,https://www.cashmarket.deutsche-boerse.com/resource/blob/2289108/3a67eacf4ad3419344f37b88a755943f/data/t7-xfra-BF-allTradableInstruments.csv,b7f8944da060e278a75da5c8,active_official_exact_listing_isin_name
FSX::V0Y,proposed,V0Y,FSX,Stock,US9290891004,Voya Financial Inc,"VOYA FINANCIAL INC.DL-,01",deutsche_boerse_frankfurt_all_tradable_equities,exchange_directory,https://www.cashmarket.deutsche-boerse.com/resource/blob/2289108/3a67eacf4ad3419344f37b88a755943f/data/t7-xfra-BF-allTradableInstruments.csv,ce2979a9dbe7f5ae97fd80d3,active_official_exact_listing_isin_name
FSX::V16,proposed,V16,FSX,Stock,FR0000031577,Virbac SA,"VIRBAC SA         EO 1,25",deutsche_boerse_frankfurt_all_tradable_equities,exchange_directory,https://www.cashmarket.deutsche-boerse.com/resource/blob/2289108/3a67eacf4ad3419344f37b88a755943f/data/t7-xfra-BF-allTradableInstruments.csv,aae9fe23bdfa0d6aca570454,active_official_exact_listing_isin_name
FSX::V1L,proposed,V1L,FSX,Stock,US91913Y1001,Valero Energy Corporation,"VALERO ENERGY CORP.DL-,01",deutsche_boerse_frankfurt_all_tradable_equities,exchange_directory,https://www.cashmarket.deutsche-boerse.com/resource/blob/2289108/3a67eacf4ad3419344f37b88a755943f/data/t7-xfra-BF-allTradableInstruments.csv,7fddb8c2b60696da01d7011d,active_official_exact_listing_isin_name
FSX::VAGE,proposed,VAGE,FSX,ETF,IE00BG47KB92,Vanguard Global Aggregate Bond UCITS ETF EUR Hedged Income,VANGUARD-GL.A.B.U.ETF EOH,deutsche_boerse_frankfurt_all_tradable_equities,exchange_directory,https://www.cashmarket.deutsche-boerse.com/resource/blob/2289108/3a67eacf4ad3419344f37b88a755943f/data/t7-xfra-BF-allTradableInstruments.csv,fe8da775ee84b00304cc7d21,active_official_exact_listing_isin_name
FSX::VDY,proposed,VDY,FSX,Stock,US68287N1000,OneSpan Inc,"ONESPAN INC.      DL-,001",deutsche_boerse_frankfurt_all_tradable_equities,exchange_directory,https://www.cashmarket.deutsche-boerse.com/resource/blob/2289108/3a67eacf4ad3419344f37b88a755943f/data/t7-xfra-BF-allTradableInstruments.csv,497453ab42c16dab99e9cf5e,active_official_exact_listing_isin_name
FSX::VEZ,proposed,VEZ,FSX,Stock,DE000A3E5ED2,Veganz Group AG,PLANETHIC GROUP INH. O.N.,deutsche_boerse_frankfurt_all_tradable_equities,exchange_directory,https://www.cashmarket.deutsche-boerse.com/resource/blob/2289108/3a67eacf4ad3419344f37b88a755943f/data/t7-xfra-BF-allTradableInstruments.csv,6fad15d7de9215d6a587ab84,active_official_exact_listing_isin_name
FSX::VI1,proposed,VI1,FSX,Stock,US9202531011,Valmont Industries Inc,VALMONT IND. INC.    DL 1,deutsche_boerse_frankfurt_all_tradable_equities,exchange_directory,https://www.cashmarket.deutsche-boerse.com/resource/blob/2289108/3a67eacf4ad3419344f37b88a755943f/data/t7-xfra-BF-allTradableInstruments.csv,cf538c99cc9b590f34f1dbbd,active_official_exact_listing_isin_name
FSX::VIS,proposed,VIS,FSX,Stock,ES0184262212,Viscofan,"VISCOFAN SA  INH. EO 0,70",deutsche_boerse_frankfurt_all_tradable_equities,exchange_directory,https://www.cashmarket.deutsche-boerse.com/resource/blob/2289108/3a67eacf4ad3419344f37b88a755943f/data/t7-xfra-BF-allTradableInstruments.csv,8b7186fdc1201397bd157cf5,active_official_exact_listing_isin_name
FSX::VO1,proposed,VO1,FSX,Stock,GB00BN3ZZ526,Volution Group plc,"VOLUTION GROUP    LS -,01",deutsche_boerse_frankfurt_all_tradable_equities,exchange_directory,https://www.cashmarket.deutsche-boerse.com/resource/blob/2289108/3a67eacf4ad3419344f37b88a755943f/data/t7-xfra-BF-allTradableInstruments.csv,a198ec31ff3ffe10fb72a8a9,active_official_exact_listing_isin_name
FSX::VSA2,proposed,VSA2,FSX,Stock,FR0013176526,Valeo SA,VALEO SE INH.        EO 1,deutsche_boerse_frankfurt_all_tradable_equities,exchange_directory,https://www.cashmarket.deutsche-boerse.com/resource/blob/2289108/3a67eacf4ad3419344f37b88a755943f/data/t7-xfra-BF-allTradableInstruments.csv,dfef4251cd55449316c4a6e9,active_official_exact_listing_isin_name
FSX::VTFN,proposed,VTFN,FSX,Stock,SE0011205202,Vitrolife AB (publ),"VITROLIFE AB       SK 0,2",deutsche_boerse_frankfurt_all_tradable_equities,exchange_directory,https://www.cashmarket.deutsche-boerse.com/resource/blob/2289108/3a67eacf4ad3419344f37b88a755943f/data/t7-xfra-BF-allTradableInstruments.csv,c21e582797f7065578dac593,active_official_exact_listing_isin_name
FSX::W8C,proposed,W8C,FSX,Stock,CY0200751713,Theon International Plc,THEON INTERN.PLC      CY1,deutsche_boerse_frankfurt_all_tradable_equities,exchange_directory,https://www.cashmarket.deutsche-boerse.com/resource/blob/2289108/3a67eacf4ad3419344f37b88a755943f/data/t7-xfra-BF-allTradableInstruments.csv,48817f2058a397e0bdc1d0df,active_official_exact_listing_isin_name
FSX::WC3,proposed,WC3,FSX,Stock,US9426222009,Watsco Inc,"WATSCO INC. A      DL-,50",deutsche_boerse_frankfurt_all_tradable_equities,exchange_directory,https://www.cashmarket.deutsche-boerse.com/resource/blob/2289108/3a67eacf4ad3419344f37b88a755943f/data/t7-xfra-BF-allTradableInstruments.csv,181ea2290983a04843847e33,active_official_exact_listing_isin_name
FSX::WD1,proposed,WD1,FSX,Stock,US9292361071,WD-40 Company,"WD-40 CO.        DL -,001",deutsche_boerse_frankfurt_all_tradable_equities,exchange_directory,https://www.cashmarket.deutsche-boerse.com/resource/blob/2289108/3a67eacf4ad3419344f37b88a755943f/data/t7-xfra-BF-allTradableInstruments.csv,cc51073ca3384a35aa9ba277,active_official_exact_listing_isin_name
FSX::WED,proposed,WED,FSX,Stock,US9478901096,Webster Financial Corporation,"WEBSTER FINL CORP. DL-,01",deutsche_boerse_frankfurt_all_tradable_equities,exchange_directory,https://www.cashmarket.deutsche-boerse.com/resource/blob/2289108/3a67eacf4ad3419344f37b88a755943f/data/t7-xfra-BF-allTradableInstruments.csv,9954f03071a00012fc50b3d1,active_official_exact_listing_isin_name
FSX::WIS,proposed,WIS,FSX,Stock,FR0000121204,Wendel,WENDEL SE INH.       EO 4,deutsche_boerse_frankfurt_all_tradable_equities,exchange_directory,https://www.cashmarket.deutsche-boerse.com/resource/blob/2289108/3a67eacf4ad3419344f37b88a755943f/data/t7-xfra-BF-allTradableInstruments.csv,e1d6d43dd50c2588941d0241,active_official_exact_listing_isin_name
FSX::WMB,proposed,WMB,FSX,Stock,US9694571004,The Williams Companies Inc,WILLIAMS COS INC.    DL 1,deutsche_boerse_frankfurt_all_tradable_equities,exchange_directory,https://www.cashmarket.deutsche-boerse.com/resource/blob/2289108/3a67eacf4ad3419344f37b88a755943f/data/t7-xfra-BF-allTradableInstruments.csv,7ea4515c2d4ebec575e911f1,active_official_exact_listing_isin_name
FSX::WP7,proposed,WP7,FSX,Stock,US95082P1057,WESCO International Inc,"WESCO INTL INC.    DL-,01",deutsche_boerse_frankfurt_all_tradable_equities,exchange_directory,https://www.cashmarket.deutsche-boerse.com/resource/blob/2289108/3a67eacf4ad3419344f37b88a755943f/data/t7-xfra-BF-allTradableInstruments.csv,1fa1c2a29363b783aaa6ef3b,active_official_exact_listing_isin_name
FSX::WW1,proposed,WW1,FSX,Stock,US9807451037,Woodward Inc,"WOODWARD INC.  DL-,001455",deutsche_boerse_frankfurt_all_tradable_equities,exchange_directory,https://www.cashmarket.deutsche-boerse.com/resource/blob/2289108/3a67eacf4ad3419344f37b88a755943f/data/t7-xfra-BF-allTradableInstruments.csv,2bece52e440de27060419e94,active_official_exact_listing_isin_name
FSX::WX1,proposed,WX1,FSX,Stock,US0042391096,Acadia Realty Trust,ACADIA RLTY TRUST  DL-001,deutsche_boerse_frankfurt_all_tradable_equities,exchange_directory,https://www.cashmarket.deutsche-boerse.com/resource/blob/2289108/3a67eacf4ad3419344f37b88a755943f/data/t7-xfra-BF-allTradableInstruments.csv,fbe54196bcb4f5cb041f8aab,active_official_exact_listing_isin_name
FSX::WXF,proposed,WXF,FSX,Stock,US4327481010,Hilltop Holdings Inc,"HILLTOP HLDGS INC. DL-,01",deutsche_boerse_frankfurt_all_tradable_equities,exchange_directory,https://www.cashmarket.deutsche-boerse.com/resource/blob/2289108/3a67eacf4ad3419344f37b88a755943f/data/t7-xfra-BF-allTradableInstruments.csv,89ad78babe4234f10d98d87d,active_official_exact_listing_isin_name
FSX::X2S,proposed,X2S,FSX,Stock,CNE100000FN7,Sinopharm Group Co. Ltd,SINOPHARM GRP CO. H  YC 1,deutsche_boerse_frankfurt_all_tradable_equities,exchange_directory,https://www.cashmarket.deutsche-boerse.com/resource/blob/2289108/3a67eacf4ad3419344f37b88a755943f/data/t7-xfra-BF-allTradableInstruments.csv,636da35d12bbe73d06ce54ec,active_official_exact_listing_isin_name
FSX::X5Z,proposed,X5Z,FSX,Stock,US03736N1046,ANZ Group Holdings Limited,ANZ GROUP HLDGS SP.ADR,deutsche_boerse_frankfurt_all_tradable_equities,exchange_directory,https://www.cashmarket.deutsche-boerse.com/resource/blob/2289108/3a67eacf4ad3419344f37b88a755943f/data/t7-xfra-BF-allTradableInstruments.csv,8566da0cd11f3124ed86b0c0,active_official_exact_listing_isin_name
FSX::X72,proposed,X72,FSX,Stock,SE0017768658,RENEWABLE VENTURES NORDIC,XER TECH HOLDING AB,deutsche_boerse_frankfurt_all_tradable_equities,exchange_directory,https://www.cashmarket.deutsche-boerse.com/resource/blob/2289108/3a67eacf4ad3419344f37b88a755943f/data/t7-xfra-BF-allTradableInstruments.csv,cfab04f40808cc66fb493981,active_official_exact_listing_isin_name
FSX::X74,proposed,X74,FSX,Stock,IT0005549255,I.M.D. International Medical Devices S.p.A.,IMD INT. MED. DEVICES SPA,deutsche_boerse_frankfurt_all_tradable_equities,exchange_directory,https://www.cashmarket.deutsche-boerse.com/resource/blob/2289108/3a67eacf4ad3419344f37b88a755943f/data/t7-xfra-BF-allTradableInstruments.csv,cfd01096c0c1c01f0e620149,active_official_exact_listing_isin_name
FSX::XC5,proposed,XC5,FSX,Stock,KYG0929L1041,Beauty Farm Medical and Health Industry Inc.,BEAUTY F.MED.+HEA.IN.INC.,deutsche_boerse_frankfurt_all_tradable_equities,exchange_directory,https://www.cashmarket.deutsche-boerse.com/resource/blob/2289108/3a67eacf4ad3419344f37b88a755943f/data/t7-xfra-BF-allTradableInstruments.csv,fc6156ecb6d09d5bcb4897a8,active_official_exact_listing_isin_name
FSX::XE9,proposed,XE9,FSX,Stock,US98401F1057,Xencor Inc,"XENCOR INC.        DL-,01",deutsche_boerse_frankfurt_all_tradable_equities,exchange_directory,https://www.cashmarket.deutsche-boerse.com/resource/blob/2289108/3a67eacf4ad3419344f37b88a755943f/data/t7-xfra-BF-allTradableInstruments.csv,1679dabb5244821afa11a6e9,active_official_exact_listing_isin_name
FSX::XEJ,proposed,XEJ,FSX,Stock,US0043971052,Accuray Incorporated,"ACCURAY INC.     DL -,001",deutsche_boerse_frankfurt_all_tradable_equities,exchange_directory,https://www.cashmarket.deutsche-boerse.com/resource/blob/2289108/3a67eacf4ad3419344f37b88a755943f/data/t7-xfra-BF-allTradableInstruments.csv,e506d75f8a3c946aad85bd5c,active_official_exact_listing_isin_name
FSX::XGR2,proposed,XGR2,FSX,Stock,GB00BD6K4575,Compass Group PLC,"COMPASS GROUP    LS-,1105",deutsche_boerse_frankfurt_all_tradable_equities,exchange_directory,https://www.cashmarket.deutsche-boerse.com/resource/blob/2289108/3a67eacf4ad3419344f37b88a755943f/data/t7-xfra-BF-allTradableInstruments.csv,f5b1be5cf7e6760729a65c6f,active_official_exact_listing_isin_name
FSX::XV2,proposed,XV2,FSX,Stock,CA7279411069,PlasCred Circular Innovations Inc.,PLASCRED CIRCU.INNOV.INC.,deutsche_boerse_frankfurt_all_tradable_equities,exchange_directory,https://www.cashmarket.deutsche-boerse.com/resource/blob/2289108/3a67eacf4ad3419344f37b88a755943f/data/t7-xfra-BF-allTradableInstruments.csv,647a4ca04f4e08c1e2ee95f7,active_official_exact_listing_isin_name
FSX::Y1G,proposed,Y1G,FSX,Stock,GB00B1VQ6H25,YouGov plc,"YOUGOV PLC       LS -,002",deutsche_boerse_frankfurt_all_tradable_equities,exchange_directory,https://www.cashmarket.deutsche-boerse.com/resource/blob/2289108/3a67eacf4ad3419344f37b88a755943f/data/t7-xfra-BF-allTradableInstruments.csv,d3e269403d165c86c9a8b791,active_official_exact_listing_isin_name
FSX::Y6P,proposed,Y6P,FSX,Stock,FI4000541313,Tamtron Group Oyj,TAMPTRON GROUP OYJ,deutsche_boerse_frankfurt_all_tradable_equities,exchange_directory,https://www.cashmarket.deutsche-boerse.com/resource/blob/2289108/3a67eacf4ad3419344f37b88a755943f/data/t7-xfra-BF-allTradableInstruments.csv,9f46f3780b85c911c013186b,active_official_exact_listing_isin_name
FSX::Y7K,proposed,Y7K,FSX,Stock,US86804J2042,"Sunwoda Electronic Co.,Ltd",SUNWODA ELECTR. GDR REG S,deutsche_boerse_frankfurt_all_tradable_equities,exchange_directory,https://www.cashmarket.deutsche-boerse.com/resource/blob/2289108/3a67eacf4ad3419344f37b88a755943f/data/t7-xfra-BF-allTradableInstruments.csv,bd317a77c8a815fe97190920,active_official_exact_listing_isin_name
FSX::Y9L,proposed,Y9L,FSX,Stock,US9858171054,Yelp Inc,"YELP INC.      DL-,000001",deutsche_boerse_frankfurt_all_tradable_equities,exchange_directory,https://www.cashmarket.deutsche-boerse.com/resource/blob/2289108/3a67eacf4ad3419344f37b88a755943f/data/t7-xfra-BF-allTradableInstruments.csv,247f30c48d83c9660ef41530,active_official_exact_listing_isin_name
FSX::YB4P,proposed,YB4P,FSX,Stock,US8051111016,Savara Inc,"SAVARA INC.       DL-,001",deutsche_boerse_frankfurt_all_tradable_equities,exchange_directory,https://www.cashmarket.deutsche-boerse.com/resource/blob/2289108/3a67eacf4ad3419344f37b88a755943f/data/t7-xfra-BF-allTradableInstruments.csv,a52d77a2b04a9823c173afc4,active_official_exact_listing_isin_name
FSX::YC3,proposed,YC3,FSX,Stock,JP3305990008,CONCORDIA FINL GROUP,YOKOHAMA FINANCIAL GROUP,deutsche_boerse_frankfurt_all_tradable_equities,exchange_directory,https://www.cashmarket.deutsche-boerse.com/resource/blob/2289108/3a67eacf4ad3419344f37b88a755943f/data/t7-xfra-BF-allTradableInstruments.csv,9525b308a2634be864ceda07,active_official_exact_listing_isin_name
FSX::YDX,proposed,YDX,FSX,Stock,NL0009805522,Nebius Group N.V.,"NEBIUS GROUP CL.A  DL-,01",deutsche_boerse_frankfurt_all_tradable_equities,exchange_directory,https://www.cashmarket.deutsche-boerse.com/resource/blob/2289108/3a67eacf4ad3419344f37b88a755943f/data/t7-xfra-BF-allTradableInstruments.csv,6cee3d61c985056ab1c0e3e1,active_official_exact_listing_isin_name
FSX::YE20,proposed,YE20,FSX,Stock,CA8629522076,Strathcona Resources Ltd.,STRATHCONA RES. LTD. NEW,deutsche_boerse_frankfurt_all_tradable_equities,exchange_directory,https://www.cashmarket.deutsche-boerse.com/resource/blob/2289108/3a67eacf4ad3419344f37b88a755943f/data/t7-xfra-BF-allTradableInstruments.csv,766bad4db9a38853c83d1c22,active_official_exact_listing_isin_name
FSX::YOC,proposed,YOC,FSX,Stock,DE0005932735,YOC AG,YOC AG O.N.,deutsche_boerse_frankfurt_all_tradable_equities,exchange_directory,https://www.cashmarket.deutsche-boerse.com/resource/blob/2289108/3a67eacf4ad3419344f37b88a755943f/data/t7-xfra-BF-allTradableInstruments.csv,893ca004ad602eff767811ea,active_official_exact_listing_isin_name
FSX::Z68,proposed,Z68,FSX,Stock,CA54929M1068,Luca Mining Corp.,LUCA MNG INC.,deutsche_boerse_frankfurt_all_tradable_equities,exchange_directory,https://www.cashmarket.deutsche-boerse.com/resource/blob/2289108/3a67eacf4ad3419344f37b88a755943f/data/t7-xfra-BF-allTradableInstruments.csv,aa5b6f17366b907e049a427d,active_official_exact_listing_isin_name
FSX::Z9D,proposed,Z9D,FSX,Stock,SE0000567752,Novotek AB,"NOVOTEK AB B       SK-,25",deutsche_boerse_frankfurt_all_tradable_equities,exchange_directory,https://www.cashmarket.deutsche-boerse.com/resource/blob/2289108/3a67eacf4ad3419344f37b88a755943f/data/t7-xfra-BF-allTradableInstruments.csv,bef58a85e52523854d4879f0,active_official_exact_listing_isin_name
FSX::Z9P,proposed,Z9P,FSX,Stock,NO0013573014,Sentia ASA,"SENTIA ASA   NK-,012",deutsche_boerse_frankfurt_all_tradable_equities,exchange_directory,https://www.cashmarket.deutsche-boerse.com/resource/blob/2289108/3a67eacf4ad3419344f37b88a755943f/data/t7-xfra-BF-allTradableInstruments.csv,610a719a58771625b4ab8ea9,active_official_exact_listing_isin_name
FSX::ZNHH,proposed,ZNHH,FSX,Stock,CNE1000002T6,China Southern Airlines Company Limited,CHINA STHN AIRL.CO. H YC1,deutsche_boerse_frankfurt_all_tradable_equities,exchange_directory,https://www.cashmarket.deutsche-boerse.com/resource/blob/2289108/3a67eacf4ad3419344f37b88a755943f/data/t7-xfra-BF-allTradableInstruments.csv,c6eb4e2fc3a941fd767fb111,active_official_exact_listing_isin_name
FSX::ZZA,proposed,ZZA,FSX,Stock,US17243V1026,Cinemark Holdings Inc,"CINEMARK HLDGS INC.DL-,01",deutsche_boerse_frankfurt_all_tradable_equities,exchange_directory,https://www.cashmarket.deutsche-boerse.com/resource/blob/2289108/3a67eacf4ad3419344f37b88a755943f/data/t7-xfra-BF-allTradableInstruments.csv,99a4ea59e5e48e1b9a350019,active_official_exact_listing_isin_name
FSX::ZZG,proposed,ZZG,FSX,Stock,US45675Y1047,INFORMATION SVC GRP,"INFO.SVCS GRP.INC.DL-,001",deutsche_boerse_frankfurt_all_tradable_equities,exchange_directory,https://www.cashmarket.deutsche-boerse.com/resource/blob/2289108/3a67eacf4ad3419344f37b88a755943f/data/t7-xfra-BF-allTradableInstruments.csv,d180f803e74cef2fc36b5e31,active_official_exact_listing_isin_name
HEL::AKTIA,proposed,AKTIA,HEL,Stock,FI4000058870,Aktia Bank Abp,Aktia Pankki,nasdaq_nordic_helsinki_shares,listed_companies_subset,https://api.nasdaq.com/api/nordic/screener/shares,13821c0b37d3e4c38eb2e173,active_official_exact_listing_isin_name
HEL::CONSTI,proposed,CONSTI,HEL,Stock,FI4000178256,Consti Yhtiot Oy,Consti Oyj,nasdaq_nordic_helsinki_shares,listed_companies_subset,https://api.nasdaq.com/api/nordic/screener/shares,0fa63af595ad68c6837b8605,active_official_exact_listing_isin_name
HEL::HUH1V,proposed,HUH1V,HEL,Stock,FI0009000459,Huhtamaki Oyj,Huhtamäki Oyj,nasdaq_nordic_helsinki_shares,listed_companies_subset,https://api.nasdaq.com/api/nordic/screener/shares,180c643ce792dde8ecf5ab0a,active_official_exact_listing_isin_name
HEL::KAMUX,proposed,KAMUX,HEL,Stock,FI4000206750,Kamux Suomi Oy,Kamux Oyj,nasdaq_nordic_helsinki_shares,listed_companies_subset,https://api.nasdaq.com/api/nordic/screener/shares,83c42ec540b10b645c41e7b5,active_official_exact_listing_isin_name
HEL::OMASP,proposed,OMASP,HEL,Stock,FI4000306733,Oma Saastopankki Oyj,Oma Säästöpankki Oyj,nasdaq_nordic_helsinki_shares,listed_companies_subset,https://api.nasdaq.com/api/nordic/screener/shares,70a02b3e5d66738ff8a9bd76,active_official_exact_listing_isin_name
HEL::OVARO,proposed,OVARO,HEL,Stock,FI4000349113,Ovaro Kiinteistosijoitus Oyj,Ovaro Kiinteistösijoitus Oyj,nasdaq_nordic_helsinki_shares,listed_companies_subset,https://api.nasdaq.com/api/nordic/screener/shares,5301614cb5a1f126d1a6a479,active_official_exact_listing_isin_name
HEL::SRV1V,proposed,SRV1V,HEL,Stock,FI4000523675,SRV Group plc,SRV Yhtiöt Oyj,nasdaq_nordic_helsinki_shares,listed_companies_subset,https://api.nasdaq.com/api/nordic/screener/shares,c985fac2813c526c903cae5b,active_official_exact_listing_isin_name
HEL::WRT1V,proposed,WRT1V,HEL,Stock,FI0009003727,Wartsila Oyj Abp,Wärtsilä Oyj Abp,nasdaq_nordic_helsinki_shares,listed_companies_subset,https://api.nasdaq.com/api/nordic/screener/shares,870eeb0e7b513b7a43f355fb,active_official_exact_listing_isin_name
HEL::WUF1V,proposed,WUF1V,HEL,Stock,FI0009008452,Wulff-Yhtiot Oy,Wulff-Yhtiöt Oyj,nasdaq_nordic_helsinki_shares,listed_companies_subset,https://api.nasdaq.com/api/nordic/screener/shares,5fe3b9240311e48c29f76f71,active_official_exact_listing_isin_name
HKEX::00727,proposed,00727,HKEX,Stock,HK0001131157,CROWNICORP,SINOPROS CORP,hkex_securities_list,exchange_directory,https://www.hkex.com.hk/eng/services/trading/securities/securitieslists/ListOfSecurities.xlsx,a632cdb4775cc24b875e7c8c,active_official_exact_listing_isin_name
HKEX::08087,proposed,08087,HKEX,Stock,KYG8442C1886,CHINA 33MEDIA,CHINA 33 GROUP,hkex_securities_list,exchange_directory,https://www.hkex.com.hk/eng/services/trading/securities/securitieslists/ListOfSecurities.xlsx,d1e2b538d558ddea428dfd84,active_official_exact_listing_isin_name
HNX::BKC,proposed,BKC,HNX,Stock,VN000000BKC7,BacKan Mineral Joint Stock Corp,Công ty cổ phần Khoáng sản Bắc Kạn,hnx_listed_securities,exchange_directory,https://www.hnx.vn/cophieu-etfs/chung-khoan-ny.html,a3b35a4bd3c9e74d13bbaaeb,active_official_exact_listing_isin_name
HNX::C69,proposed,C69,HNX,Stock,VN000000C697,1369 Construction JSC,Công ty cổ phần Xây dựng 1369,hnx_listed_securities,exchange_directory,https://www.hnx.vn/cophieu-etfs/chung-khoan-ny.html,bab4d13744c00f8bae3063b0,active_official_exact_listing_isin_name
HNX::CDN,proposed,CDN,HNX,Stock,VN000000CDN7,Danang Port JSC,Công ty cổ phần Cảng Đà Nẵng,hnx_listed_securities,exchange_directory,https://www.hnx.vn/cophieu-etfs/chung-khoan-ny.html,e6f1fccae9ad1cc595010e06,active_official_exact_listing_isin_name
HNX::CEO,proposed,CEO,HNX,Stock,VN000000CEO3,CEO Group JSC,Công ty cổ phần Tập đoàn C.E.O,hnx_listed_securities,exchange_directory,https://www.hnx.vn/cophieu-etfs/chung-khoan-ny.html,0cc6ecff97dd44778ef03f2a,active_official_exact_listing_isin_name
HNX::D11,proposed,D11,HNX,Stock,VN000000D117,Real Estate 11,Công ty cổ phần Địa ốc 11,hnx_listed_securities,exchange_directory,https://www.hnx.vn/cophieu-etfs/chung-khoan-ny.html,dc6126f4f6d7a6a40e17e185,active_official_exact_listing_isin_name
HNX::DC2,proposed,DC2,HNX,Stock,VN000000DC23,Development Investment Construction Number 2 JSC,Công ty cổ phần Đầu tư Phát triển - Xây dựng (DIC) số 2,hnx_listed_securities,exchange_directory,https://www.hnx.vn/cophieu-etfs/chung-khoan-ny.html,1e070b63ae44aee94d5e59fa,active_official_exact_listing_isin_name
HNX::DIH,proposed,DIH,HNX,Stock,VN000000DIH6,Development Investment Construction Hoi An JSC,Công ty cổ phần Đầu tư Phát triển Xây dựng - Hội An,hnx_listed_securities,exchange_directory,https://www.hnx.vn/cophieu-etfs/chung-khoan-ny.html,c9b8ab7e9289d05a656219a8,active_official_exact_listing_isin_name
HNX::DP3,proposed,DP3,HNX,Stock,VN000000DP36,Central Pharmaceutical JSC No3,Công ty cổ phần Dược phẩm Trung ương 3,hnx_listed_securities,exchange_directory,https://www.hnx.vn/cophieu-etfs/chung-khoan-ny.html,de3027a9e6d44645e26d13eb,active_official_exact_listing_isin_name
HNX::DS3,proposed,DS3,HNX,Stock,VN000000DS33,Riverway Management JSC No3,Công ty cổ phần DS3,hnx_listed_securities,exchange_directory,https://www.hnx.vn/cophieu-etfs/chung-khoan-ny.html,10e5efdbbe392a6a89b12ff7,active_official_exact_listing_isin_name
HNX::DVM,proposed,DVM,HNX,Stock,VN000000DVM9,Vietnam Medicinal Materials JSC,Công ty cổ phần Dược liệu Việt Nam,hnx_listed_securities,exchange_directory,https://www.hnx.vn/cophieu-etfs/chung-khoan-ny.html,24569cc4d44cfc20841c1eb0,active_official_exact_listing_isin_name
HNX::EID,proposed,EID,HNX,Stock,VN000000EID3,Ha Noi Education Development And Investment JSC,Công ty cổ phần Đầu tư và Phát triển Giáo dục Hà Nội,hnx_listed_securities,exchange_directory,https://www.hnx.vn/cophieu-etfs/chung-khoan-ny.html,32a974708f650e7da1862e21,active_official_exact_listing_isin_name
HNX::GLT,proposed,GLT,HNX,Stock,VN000000GLT8,Global Electrical Technology Corp,Công ty cổ phần Kỹ thuật Điện Toàn Cầu,hnx_listed_securities,exchange_directory,https://www.hnx.vn/cophieu-etfs/chung-khoan-ny.html,df64c4288d7ae0aca2773397,active_official_exact_listing_isin_name
HNX::HAT,proposed,HAT,HNX,Stock,VN000000HAT9,Hanoi Beer Trading JSC,Công ty cổ phần Thương mại Bia Hà Nội,hnx_listed_securities,exchange_directory,https://www.hnx.vn/cophieu-etfs/chung-khoan-ny.html,b182abbeb9365c88df689531,active_official_exact_listing_isin_name
HNX::HJS,proposed,HJS,HNX,Stock,VN000000HJS2,Nam Mu Hydropower JSC,CTCP Thủy điện Nậm Mu,hnx_listed_securities,exchange_directory,https://www.hnx.vn/cophieu-etfs/chung-khoan-ny.html,4d200536ea0c369fa59229a2,active_official_exact_listing_isin_name
HNX::HLD,proposed,HLD,HNX,Stock,VN000000HLD0,HUDLAND Real Estate Investment and Development,Công ty cổ phần Đầu tư và phát triển Bất động sản HUDLAND,hnx_listed_securities,exchange_directory,https://www.hnx.vn/cophieu-etfs/chung-khoan-ny.html,cd35fd50b7be4c2a32ae8d22,active_official_exact_listing_isin_name
HNX::IDC,proposed,IDC,HNX,Stock,VN000000IDC7,Idico Corporation JSC,Tổng Công ty IDICO - CTCP,hnx_listed_securities,exchange_directory,https://www.hnx.vn/cophieu-etfs/chung-khoan-ny.html,d53b5b06eef4099eca3343ad,active_official_exact_listing_isin_name
HNX::IDJ,proposed,IDJ,HNX,Stock,VN000000IDJ2,IDJ FINANCIAL,Công ty cổ phần Đầu tư IDJ Việt Nam,hnx_listed_securities,exchange_directory,https://www.hnx.vn/cophieu-etfs/chung-khoan-ny.html,d62295ffd7fce027e473977b,active_official_exact_listing_isin_name
HNX::IPA,proposed,IPA,HNX,Stock,VN000000IPA5,Ipa Investments Group JSC,Công ty cổ phần Tập đoàn Đầu tư I.P.A,hnx_listed_securities,exchange_directory,https://www.hnx.vn/cophieu-etfs/chung-khoan-ny.html,715d3e104bb96e91f9e8806e,active_official_exact_listing_isin_name
HNX::KDM,proposed,KDM,HNX,Stock,VN000000KDM2,New Residential Urban Development Holdings Corp,Công ty Cổ Phần Tập đoàn GCL,hnx_listed_securities,exchange_directory,https://www.hnx.vn/cophieu-etfs/chung-khoan-ny.html,629f95f7a5dc4f0b4e6f12ba,active_official_exact_listing_isin_name
HNX::KSF,proposed,KSF,HNX,Stock,VN000000KSF4,KSFinance Group JSC,Công ty cổ phần Tập đoàn Sunshine,hnx_listed_securities,exchange_directory,https://www.hnx.vn/cophieu-etfs/chung-khoan-ny.html,997132c39c8ed683547dce9d,active_official_exact_listing_isin_name
HNX::KSV,proposed,KSV,HNX,Stock,VN000000KSV1,Vinacomin Minerals Holding Corp,Tổng Công ty Khoáng Sản TKV - CTCP,hnx_listed_securities,exchange_directory,https://www.hnx.vn/cophieu-etfs/chung-khoan-ny.html,3e25cd565560978952875626,active_official_exact_listing_isin_name
HNX::L18,proposed,L18,HNX,Stock,VN000000L185,Construction And Investment JSC No 18,CTCP Đầu tư và Xây dựng số 18,hnx_listed_securities,exchange_directory,https://www.hnx.vn/cophieu-etfs/chung-khoan-ny.html,4a90032396c5afff12dec35a,active_official_exact_listing_isin_name
HNX::MKV,proposed,MKV,HNX,Stock,VN000000MKV4,Cai Lay Veterinary Pharmaceutical JSC,Công ty cổ phần Dược Thú Y Cai Lậy,hnx_listed_securities,exchange_directory,https://www.hnx.vn/cophieu-etfs/chung-khoan-ny.html,912770f1af43b4167e356507,active_official_exact_listing_isin_name
HNX::NBC,proposed,NBC,HNX,Stock,VN000000NBC1,Vinacomin NuiBeo Coal JSC,CTCP Than Núi Béo - Vinacomin,hnx_listed_securities,exchange_directory,https://www.hnx.vn/cophieu-etfs/chung-khoan-ny.html,f09fd5926cecb13d3792b75c,active_official_exact_listing_isin_name
HNX::NBW,proposed,NBW,HNX,Stock,VN000000NBW9,Nha Be Water Supply JSC,CTCP Cấp nước Nhà Bè,hnx_listed_securities,exchange_directory,https://www.hnx.vn/cophieu-etfs/chung-khoan-ny.html,125f814d01507af52859e849,active_official_exact_listing_isin_name
HNX::NDN,proposed,NDN,HNX,Stock,VN000000NDN4,DANANG HOUSING,CTCP Đầu tư phát triển Nhà Đà Nẵng,hnx_listed_securities,exchange_directory,https://www.hnx.vn/cophieu-etfs/chung-khoan-ny.html,7cddeae34fd0d451baa9c845,active_official_exact_listing_isin_name
HNX::NDX,proposed,NDX,HNX,Stock,VN000000NDX3,DA NANG HOUSIN,CTCP Xây lắp Phát triển Nhà Đà Nẵng,hnx_listed_securities,exchange_directory,https://www.hnx.vn/cophieu-etfs/chung-khoan-ny.html,d6106d17c7cd29012cee138d,active_official_exact_listing_isin_name
HNX::NVB,proposed,NVB,HNX,Stock,VN000000NVB1,National Citizen Commercial Joint Stock Bank,Ngân hàng TMCP Quốc Dân,hnx_listed_securities,exchange_directory,https://www.hnx.vn/cophieu-etfs/chung-khoan-ny.html,3d4dec23706c5460f4255b85,active_official_exact_listing_isin_name
HNX::PCH,proposed,PCH,HNX,Stock,VN000000PCH3,Picomat Plastic JSC,Công Ty Cổ phần Picomat Holding,hnx_listed_securities,exchange_directory,https://www.hnx.vn/cophieu-etfs/chung-khoan-ny.html,0c9107fa57a340959c1f6747,active_official_exact_listing_isin_name
HNX::PDB,proposed,PDB,HNX,Stock,VN000000PDB4,Din Capital Investment Group JSC,CTCP Tập đoàn Đầu tư DIN Capital,hnx_listed_securities,exchange_directory,https://www.hnx.vn/cophieu-etfs/chung-khoan-ny.html,35f8ce02c75c84f920b6f7c1,active_official_exact_listing_isin_name
HNX::PJC,proposed,PJC,HNX,Stock,VN000000PJC9,Petrolimex Hanoi,CTCP Thương mại và Vận tải Petrolimex Hà Nội,hnx_listed_securities,exchange_directory,https://www.hnx.vn/cophieu-etfs/chung-khoan-ny.html,1488754ea4b6be88a3909730,active_official_exact_listing_isin_name
HNX::PMB,proposed,PMB,HNX,Stock,VN000000PMB5,North PetroVietnam Fertilizer & Chemicals JSC,CTCP Phân bón và Hóa chất Dầu khí Miền Bắc,hnx_listed_securities,exchange_directory,https://www.hnx.vn/cophieu-etfs/chung-khoan-ny.html,e931119ac6bafdddeed587aa,active_official_exact_listing_isin_name
HNX::PMS,proposed,PMS,HNX,Stock,VN000000PMS9,Petroleum Mechanical JSC,CTCP Cơ khí xăng dầu,hnx_listed_securities,exchange_directory,https://www.hnx.vn/cophieu-etfs/chung-khoan-ny.html,e44e8dc15ea0e8c778223e27,active_official_exact_listing_isin_name
HNX::POT,proposed,POT,HNX,Stock,VN000000POT3,Post&Telecommunication Equipment,CTCP Thiết bị Bưu điện,hnx_listed_securities,exchange_directory,https://www.hnx.vn/cophieu-etfs/chung-khoan-ny.html,05ab4d1d8d300172fd4ef710,active_official_exact_listing_isin_name
HNX::PSW,proposed,PSW,HNX,Stock,VN000000PSW8,South West PetroVietnam Fertilizer and Chemicals JSC,CTCP Phân bón và Hóa chất Dầu khí Tây Nam Bộ,hnx_listed_securities,exchange_directory,https://www.hnx.vn/cophieu-etfs/chung-khoan-ny.html,38ecc0395fcbd3bf62d26796,active_official_exact_listing_isin_name
HNX::PTS,proposed,PTS,HNX,Stock,VN000000PTS4,Haiphong PTS JSC,CTCP Vận tải và Dịch vụ Petrolimex Hải Phòng,hnx_listed_securities,exchange_directory,https://www.hnx.vn/cophieu-etfs/chung-khoan-ny.html,453f241814624d7ae560322a,active_official_exact_listing_isin_name
HNX::PV2,proposed,PV2,HNX,Stock,VN000000PV26,PV2 Investment JSC,Công ty cổ phần GENEA CAPITAL,hnx_listed_securities,exchange_directory,https://www.hnx.vn/cophieu-etfs/chung-khoan-ny.html,ba95aa7b4bb19d7a4c4bc059,active_official_exact_listing_isin_name
HNX::PVB,proposed,PVB,HNX,Stock,VN000000PVB6,PetroVietnam Coating JSC,CTCP Bọc Ống Dầu khí Việt Nam,hnx_listed_securities,exchange_directory,https://www.hnx.vn/cophieu-etfs/chung-khoan-ny.html,bac2d7e3ea6d550874a5847b,active_official_exact_listing_isin_name
HNX::PVC,proposed,PVC,HNX,Stock,VN000000PVC4,Petrovietnam Drilling Mud JSC,Tổng Công ty Hóa chất và Dịch vụ Dầu khí - CTCP (PVChem),hnx_listed_securities,exchange_directory,https://www.hnx.vn/cophieu-etfs/chung-khoan-ny.html,625521c321c2c3e71e8cd569,active_official_exact_listing_isin_name
HNX::PVG,proposed,PVG,HNX,Stock,VN000000PVG5,Petro Vietnam LPG JSC,Công ty cổ phần Kinh doanh LPG Việt Nam,hnx_listed_securities,exchange_directory,https://www.hnx.vn/cophieu-etfs/chung-khoan-ny.html,74cb35e4cee2f798e20a8a08,active_official_exact_listing_isin_name
HNX::PVS,proposed,PVS,HNX,Stock,VN000000PVS0,Petrovietnam Technical Services Corp,Tổng CTCP Dịch Vụ Kỹ Thuật Dầu Khí Việt Nam,hnx_listed_securities,exchange_directory,https://www.hnx.vn/cophieu-etfs/chung-khoan-ny.html,52ede8cea7624f932b7bfd70,active_official_exact_listing_isin_name
HNX::S99,proposed,S99,HNX,Stock,VN000000S990,SCI JSC,Công ty cổ phần SCI,hnx_listed_securities,exchange_directory,https://www.hnx.vn/cophieu-etfs/chung-khoan-ny.html,7ba1e5971560f8e084f9fcce,active_official_exact_listing_isin_name
HNX::SD5,proposed,SD5,HNX,Stock,VN000000SD58,Song Da No. 5 JSC,CTCP Sông Đà 5,hnx_listed_securities,exchange_directory,https://www.hnx.vn/cophieu-etfs/chung-khoan-ny.html,85d0e6643fcc26640486cdc1,active_official_exact_listing_isin_name
HNX::SD9,proposed,SD9,HNX,Stock,VN000000SD90,Song Da No. 9 JSC,CTCP Sông Đà 9,hnx_listed_securities,exchange_directory,https://www.hnx.vn/cophieu-etfs/chung-khoan-ny.html,f571201b1138bc9affca8acf,active_official_exact_listing_isin_name
HNX::SJE,proposed,SJE,HNX,Stock,VN000000SJE9,Song Da N011 JSC,CTCP Sông Đà 11,hnx_listed_securities,exchange_directory,https://www.hnx.vn/cophieu-etfs/chung-khoan-ny.html,f06f3f839b4968000b848c97,active_official_exact_listing_isin_name
HNX::THT,proposed,THT,HNX,Stock,VN000000THT9,Vinacomin HaTu Coal JSC,CTCP Than Hà Tu - Vinacomin,hnx_listed_securities,exchange_directory,https://www.hnx.vn/cophieu-etfs/chung-khoan-ny.html,6273c166ab417f62eae17ad7,active_official_exact_listing_isin_name
HNX::TSB,proposed,TSB,HNX,Stock,VN000000TSB4,Tiasang Battery JSC,CTCP Ắc quy Tia Sáng,hnx_listed_securities,exchange_directory,https://www.hnx.vn/cophieu-etfs/chung-khoan-ny.html,975c17d6f38f4176079542fd,active_official_exact_listing_isin_name
HNX::TV3,proposed,TV3,HNX,Stock,VN000000TV30,Power Engineering Consulting JSC 3,Công ty cổ phần Tư vấn Xây dựng điện 3,hnx_listed_securities,exchange_directory,https://www.hnx.vn/cophieu-etfs/chung-khoan-ny.html,dcb2702697bdb89c17c63c0b,active_official_exact_listing_isin_name
HNX::TV4,proposed,TV4,HNX,Stock,VN000000TV48,Power Engineering Consulting JSC 4,CTCP Tư vấn Xây dựng điện 4,hnx_listed_securities,exchange_directory,https://www.hnx.vn/cophieu-etfs/chung-khoan-ny.html,92ad453dd83a63c8e849df84,active_official_exact_listing_isin_name
HNX::TXM,proposed,TXM,HNX,Stock,VN000000TXM1,Gypsum And Cement JSC,CTCP Vicem Thạch cao Xi măng,hnx_listed_securities,exchange_directory,https://www.hnx.vn/cophieu-etfs/chung-khoan-ny.html,7585cce8f1260e0873cac8b0,active_official_exact_listing_isin_name
HNX::V12,proposed,V12,HNX,Stock,VN000000V127,Viet Nam Construction JSC No 12,Công ty cổ phần xây dựng số 12,hnx_listed_securities,exchange_directory,https://www.hnx.vn/cophieu-etfs/chung-khoan-ny.html,81a17f70a06fedf69b88f30a,active_official_exact_listing_isin_name
HNX::VC1,proposed,VC1,HNX,Stock,VN000000VC13,Construction JSC N0 1,Công ty cổ phần xây dựng số 1,hnx_listed_securities,exchange_directory,https://www.hnx.vn/cophieu-etfs/chung-khoan-ny.html,a3bafbef789bb315449e69c3,active_official_exact_listing_isin_name
HNX::VC2,proposed,VC2,HNX,Stock,VN000000VC21,Vina2 Investment and Construction JSC,Công ty cổ phần Đầu tư và Xây dựng VINA2,hnx_listed_securities,exchange_directory,https://www.hnx.vn/cophieu-etfs/chung-khoan-ny.html,5958055cae6d20c4e7f6ebc1,active_official_exact_listing_isin_name
HNX::VC3,proposed,VC3,HNX,Stock,VN000000VC39,Vietnam Construction JSC No. 3,Công ty Cổ phần Tập đoàn Nam Mê Kông,hnx_listed_securities,exchange_directory,https://www.hnx.vn/cophieu-etfs/chung-khoan-ny.html,2fc6262a991fcb5f1bd5aa62,active_official_exact_listing_isin_name
HNX::VC6,proposed,VC6,HNX,Stock,VN000000VC62,Visicons Construction and Investment JSC,Công ty cổ phần Xây dựng và đầu tư Visicons,hnx_listed_securities,exchange_directory,https://www.hnx.vn/cophieu-etfs/chung-khoan-ny.html,c776253a5ca6934a43f01279,active_official_exact_listing_isin_name
HNX::VC9,proposed,VC9,HNX,Stock,VN000000VC96,Construction JSC No 9,Công ty cổ phần xây dựng số 9- VC9,hnx_listed_securities,exchange_directory,https://www.hnx.vn/cophieu-etfs/chung-khoan-ny.html,ad4362584a3ede933649d506,active_official_exact_listing_isin_name
HNX::VE1,proposed,VE1,HNX,Stock,VN000000VE11,VNECO1,CTCP Xây dựng điện VNECO 1,hnx_listed_securities,exchange_directory,https://www.hnx.vn/cophieu-etfs/chung-khoan-ny.html,b30b39b64c01c6abf52bbe9c,active_official_exact_listing_isin_name
HNX::VNR,proposed,VNR,HNX,Stock,VN000000VNR7,Vietnam National Reinsurance,Tổng CTCP Tái Bảo hiểm Quốc gia Việt Nam,hnx_listed_securities,exchange_directory,https://www.hnx.vn/cophieu-etfs/chung-khoan-ny.html,f19dbca6170818d1a4109e46,active_official_exact_listing_isin_name
HNX::VSM,proposed,VSM,HNX,Stock,VN000000VSM7,Central Container JSC,CTCP Container Miền Trung,hnx_listed_securities,exchange_directory,https://www.hnx.vn/cophieu-etfs/chung-khoan-ny.html,0466ce065b133f7fff7ee825,active_official_exact_listing_isin_name
HNX::WCS,proposed,WCS,HNX,Stock,VN000000WCS6,West Coach Station JSC,CTCP Bến xe Miền Tây,hnx_listed_securities,exchange_directory,https://www.hnx.vn/cophieu-etfs/chung-khoan-ny.html,fd5e8bce0b3ada6a5ff333e8,active_official_exact_listing_isin_name
HOSE::CNG,proposed,CNG,HOSE,Stock,VN000000CNG0,CNG Vietnam JSC,CNG Viet Nam Joint Stock Company,hose_listed_stocks,listed_companies_subset,https://api.hsx.vn/l/api/v1/2/securities/stock,257d0ddb0058ce41342a3df4,active_official_exact_listing_isin_name
HOSE::CVT,proposed,CVT,HOSE,Stock,VN000000CVT6,CMC JSC,CMC Joint Stock Company,hose_listed_stocks,listed_companies_subset,https://api.hsx.vn/l/api/v1/2/securities/stock,7d78bcb9d8ab2c439af95740,active_official_exact_listing_isin_name
HOSE::DBT,proposed,DBT,HOSE,Stock,VN000000DBT6,Ben Tre Pharmaceutical JSC,BenTre Pharmaceutical Joint Stock Company,hose_listed_stocks,listed_companies_subset,https://api.hsx.vn/l/api/v1/2/securities/stock,bb994649b905980bcdc76a8d,active_official_exact_listing_isin_name
HOSE::DHA,proposed,DHA,HOSE,Stock,VN000000DHA3,Hoa An JSC,Hoa An Joint Stock Company,hose_listed_stocks,listed_companies_subset,https://api.hsx.vn/l/api/v1/2/securities/stock,b003ba5be68029f90b04e56d,active_official_exact_listing_isin_name
HOSE::DHM,proposed,DHM,HOSE,Stock,VN000000DHM8,Duong Hieu Trading and Mining JSC,DHM Investment and Trading Joint Stock Company,hose_listed_stocks,listed_companies_subset,https://api.hsx.vn/l/api/v1/2/securities/stock,79d5f1edef20086762b48fcd,active_official_exact_listing_isin_name
HOSE::DTA,proposed,DTA,HOSE,Stock,VN000000DTA8,De Tam JSC,De Tam Joint Stock Company,hose_listed_stocks,listed_companies_subset,https://api.hsx.vn/l/api/v1/2/securities/stock,0ffd8aeddf47a16ece9bb1f5,active_official_exact_listing_isin_name
HOSE::FUEDCMID,proposed,FUEDCMID,HOSE,ETF,VN0FUEDCMID9,DCVFMVN MID CAP ETF,DCVFMVNMIDCAP ETF,hose_etf_list,listed_companies_subset,https://api.hsx.vn/l/api/v1/2/securities/etf,6efcd5f802cec37af3247f2c,active_official_exact_listing_isin_name
HOSE::FUEIP100,proposed,FUEIP100,HOSE,ETF,VN0FUEIP1007,IPAAM VN100 ETF,IPA PARTNER VN100 ETF,hose_etf_list,listed_companies_subset,https://api.hsx.vn/l/api/v1/2/securities/etf,4a6057060dc448f1bd519a27,active_official_exact_listing_isin_name
HOSE::FUEVFVND,proposed,FUEVFVND,HOSE,ETF,VN0FUEVFVND5,VFMVN Diamond ETF,DCVFMVN DIAMOND ETF,hose_etf_list,listed_companies_subset,https://api.hsx.vn/l/api/v1/2/securities/etf,87d91604d2129abe2fcadd7f,active_official_exact_listing_isin_name
HOSE::HSG,proposed,HSG,HOSE,Stock,VN000000HSG8,Hoasen Group,Hoa Sen Group,hose_listed_stocks,listed_companies_subset,https://api.hsx.vn/l/api/v1/2/securities/stock,79bfd07e9f348a880e214cc0,active_official_exact_listing_isin_name
HOSE::HVH,proposed,HVH,HOSE,Stock,VN000000HVH0,HVC Investment and Technology JSC,HVC Investment and Technology Joint Stock Company,hose_listed_stocks,listed_companies_subset,https://api.hsx.vn/l/api/v1/2/securities/stock,86e96c73f4e58435c7d3da4f,active_official_exact_listing_isin_name
HOSE::NAF,proposed,NAF,HOSE,Stock,VN000000NAF6,Nafoods Group JSC,Nafoods Group Joint Stock Company,hose_listed_stocks,listed_companies_subset,https://api.hsx.vn/l/api/v1/2/securities/stock,aa8976637cf835c174b6d658,active_official_exact_listing_isin_name
HOSE::PAN,proposed,PAN,HOSE,Stock,VN000000PAN5,PAN Group JSC,The PAN Group Joint Stock Company,hose_listed_stocks,listed_companies_subset,https://api.hsx.vn/l/api/v1/2/securities/stock,45ac0ac3d9c89ba95400fdd6,active_official_exact_listing_isin_name
HOSE::PC1,proposed,PC1,HOSE,Stock,VN000000PC11,PC1 Group JSC,PC1 Group Joint Stock Company,hose_listed_stocks,listed_companies_subset,https://api.hsx.vn/l/api/v1/2/securities/stock,4259d1cb16650b866feff761,active_official_exact_listing_isin_name
HOSE::SC5,proposed,SC5,HOSE,Stock,VN000000SC59,Construction JSC No5,Construction Joint Stock Company No.5,hose_listed_stocks,listed_companies_subset,https://api.hsx.vn/l/api/v1/2/securities/stock,d5b12fb95ba2bebf9d995b11,active_official_exact_listing_isin_name
HOSE::SGT,proposed,SGT,HOSE,Stock,VN000000SGT3,Saigon Telecommunication & Technologies Corp,Sai Gon Telecommunication & Technologies Corporation,hose_listed_stocks,listed_companies_subset,https://api.hsx.vn/l/api/v1/2/securities/stock,74a49d36a92e6f0951a65234,active_official_exact_listing_isin_name
HOSE::SPM,proposed,SPM,HOSE,Stock,VN000000SPM9,SPM Corp,S.P.M Corporation,hose_listed_stocks,listed_companies_subset,https://api.hsx.vn/l/api/v1/2/securities/stock,f49bb555e7bcb4c571791a8a,active_official_exact_listing_isin_name
HOSE::TNT,proposed,TNT,HOSE,Stock,VN000000TNT7,TNT Group JSC,TNT Group Joint Stock Company,hose_listed_stocks,listed_companies_subset,https://api.hsx.vn/l/api/v1/2/securities/stock,d8d66b67c1506b9ad52515e1,active_official_exact_listing_isin_name
HOSE::VCA,proposed,VCA,HOSE,Stock,VN000000VCA6,Vnsteel Vicasa JSC,VICASA Steel Joint Stock Company,hose_listed_stocks,listed_companies_subset,https://api.hsx.vn/l/api/v1/2/securities/stock,3c13920604e34c3c9fedf9a3,active_official_exact_listing_isin_name
HOSE::VTO,proposed,VTO,HOSE,Stock,VN000000VTO1,Vietnam Tanker JSC,Viet Nam Tanker Joint Stock Company,hose_listed_stocks,listed_companies_subset,https://api.hsx.vn/l/api/v1/2/securities/stock,67c1e00b92cedb63bf15ec71,active_official_exact_listing_isin_name
ISE::GVR,proposed,GVR,ISE,Stock,IE00BD6JX574,Glenveagh Properties PLC,GLENVEAGH PROP.PLC,euronext_equities,exchange_directory,https://live.euronext.com/pd_es/data/stocks/download?mics=dm_all_stock,8880e261af808f582b668eb7,active_official_exact_listing_isin_name
KOSDAQ::000440,proposed,000440,KOSDAQ,Stock,KR7000440008,Joong Ang Enervis Co. Ltd,JA Enervis,krx_listed_companies,exchange_directory,https://global.krx.co.kr/contents/GLB/03/0308/0308010000/GLB0308010000.jsp,debdbbe0fad3d44269d03e62,active_official_exact_listing_isin_name
KOSDAQ::0037T0,proposed,0037T0,KOSDAQ,Stock,KR70037T0008,KB No. 32 Special Purpose Acquisition Company,KB No.32 SPAC,krx_listed_companies,exchange_directory,https://global.krx.co.kr/contents/GLB/03/0308/0308010000/GLB0308010000.jsp,f35c1806041cf5a84cf21915,active_official_exact_listing_isin_name
KOSDAQ::006140,proposed,006140,KOSDAQ,Stock,KR7006140008,PJ Electronics Co. Ltd,PJ Electro,krx_listed_companies,exchange_directory,https://global.krx.co.kr/contents/GLB/03/0308/0308010000/GLB0308010000.jsp,3a178381858b8c9757b68cc9,active_official_exact_listing_isin_name
KOSDAQ::012790,proposed,012790,KOSDAQ,Stock,KR7012790002,Sinil Pharmaceutical Co. Ltd,Shinil Pharm,krx_listed_companies,exchange_directory,https://global.krx.co.kr/contents/GLB/03/0308/0308010000/GLB0308010000.jsp,a7e3ebfbae5b95bd228f44d2,active_official_exact_listing_isin_name
KOSDAQ::023440,proposed,023440,KOSDAQ,Stock,KR7023440001,J Steel Co. Holdings Inc.,JSCO Holdings,krx_listed_companies,exchange_directory,https://global.krx.co.kr/contents/GLB/03/0308/0308010000/GLB0308010000.jsp,2fe2b2d55e56468277b550ad,active_official_exact_listing_isin_name
KOSDAQ::025950,proposed,025950,KOSDAQ,Stock,KR7025950007,Dongsin Engineering & Construction,DongshinE&C,krx_listed_companies,exchange_directory,https://global.krx.co.kr/contents/GLB/03/0308/0308010000/GLB0308010000.jsp,13f73825ecd152a50d658f89,active_official_exact_listing_isin_name
KOSDAQ::027830,proposed,027830,KOSDAQ,Stock,KR7027830009,Daesung Private Equity Inc,Daesung PE,krx_listed_companies,exchange_directory,https://global.krx.co.kr/contents/GLB/03/0308/0308010000/GLB0308010000.jsp,acd8ff2704f4f479c47ec1bb,active_official_exact_listing_isin_name
KOSDAQ::032820,proposed,032820,KOSDAQ,Stock,KR7032820003,Woori Technology Inc,"WooriTG, Inc.",krx_listed_companies,exchange_directory,https://global.krx.co.kr/contents/GLB/03/0308/0308010000/GLB0308010000.jsp,87514e3a5aed569b8a76645a,active_official_exact_listing_isin_name
KOSDAQ::034940,proposed,034940,KOSDAQ,Stock,KR7034940007,ChoA Pharmaceutical Co.Ltd,ChoA Pharm.,krx_listed_companies,exchange_directory,https://global.krx.co.kr/contents/GLB/03/0308/0308010000/GLB0308010000.jsp,7f29334abd85479b2cff75ca,active_official_exact_listing_isin_name
KOSDAQ::035620,proposed,035620,KOSDAQ,Stock,KR7035620004,Barunson Entertainment & Arts Corporation,Barunson E&A,krx_listed_companies,exchange_directory,https://global.krx.co.kr/contents/GLB/03/0308/0308010000/GLB0308010000.jsp,46149af4ba5d629fa9feadbd,active_official_exact_listing_isin_name
KOSDAQ::035900,proposed,035900,KOSDAQ,Stock,KR7035900000,JYP Entertainment Corporation,JYP Ent.,krx_listed_companies,exchange_directory,https://global.krx.co.kr/contents/GLB/03/0308/0308010000/GLB0308010000.jsp,738e8a38ac382d70948b92df,active_official_exact_listing_isin_name
KOSDAQ::036030,proposed,036030,KOSDAQ,Stock,KR7036030005,KT Hitel Corporation. Limited,kt alpha,krx_listed_companies,exchange_directory,https://global.krx.co.kr/contents/GLB/03/0308/0308010000/GLB0308010000.jsp,a30514d35addd5c18745dfee,active_official_exact_listing_isin_name
KOSDAQ::036670,proposed,036670,KOSDAQ,Stock,KR7036670008,KCI Limited,Samyang KCI,krx_listed_companies,exchange_directory,https://global.krx.co.kr/contents/GLB/03/0308/0308010000/GLB0308010000.jsp,5bf7a913a9a27bad970430e7,active_official_exact_listing_isin_name
KOSDAQ::039200,proposed,039200,KOSDAQ,Stock,KR7039200001,Oscotec Inc,OCT Inc.,krx_listed_companies,exchange_directory,https://global.krx.co.kr/contents/GLB/03/0308/0308010000/GLB0308010000.jsp,7e1d7a08d83084a48831bc71,active_official_exact_listing_isin_name
KOSDAQ::039340,proposed,039340,KOSDAQ,Stock,KR7039340005,Korea Business News Co. Ltd,Korea Economic Broadcasting,krx_listed_companies,exchange_directory,https://global.krx.co.kr/contents/GLB/03/0308/0308010000/GLB0308010000.jsp,f5dd331f897b4d518bdd9625,active_official_exact_listing_isin_name
KOSDAQ::042940,proposed,042940,KOSDAQ,Stock,KR7042940007,Sangji Caelum Inc,Sangji Construction,krx_listed_companies,exchange_directory,https://global.krx.co.kr/contents/GLB/03/0308/0308010000/GLB0308010000.jsp,709ab196e2709f622289d172,active_official_exact_listing_isin_name
KOSDAQ::044960,proposed,044960,KOSDAQ,Stock,KR7044960003,Eagle Veterinary Technology Co.Ltd,Eagle Vet. Tech,krx_listed_companies,exchange_directory,https://global.krx.co.kr/contents/GLB/03/0308/0308010000/GLB0308010000.jsp,e0e4fff1885d2bd42432897a,active_official_exact_listing_isin_name
KOSDAQ::046440,proposed,046440,KOSDAQ,Stock,KR7046440004,KG Mobilians Co. Ltd,KG Financial,krx_listed_companies,exchange_directory,https://global.krx.co.kr/contents/GLB/03/0308/0308010000/GLB0308010000.jsp,96efd3bc322e8120a2fa0579,active_official_exact_listing_isin_name
KOSDAQ::048530,proposed,048530,KOSDAQ,Stock,KR7048530000,iNtRON Biotechnology Inc,iNtRON Bio,krx_listed_companies,exchange_directory,https://global.krx.co.kr/contents/GLB/03/0308/0308010000/GLB0308010000.jsp,87d840c8724700560d384846,active_official_exact_listing_isin_name
KOSDAQ::048770,proposed,048770,KOSDAQ,Stock,KR7048770002,TPC Mechatronics Corporation,TPC Robotics,krx_listed_companies,exchange_directory,https://global.krx.co.kr/contents/GLB/03/0308/0308010000/GLB0308010000.jsp,5c6a4ae60f7c3d26c784e00a,active_official_exact_listing_isin_name
KOSDAQ::050760,proposed,050760,KOSDAQ,Stock,KR7050760008,Spolytech Co. Ltd,S polytech,krx_listed_companies,exchange_directory,https://global.krx.co.kr/contents/GLB/03/0308/0308010000/GLB0308010000.jsp,9ca1beca369b7dbbd44e7c92,active_official_exact_listing_isin_name
KOSDAQ::053290,proposed,053290,KOSDAQ,Stock,KR7053290003,Neungyule Education Inc,NE Neungyule,krx_listed_companies,exchange_directory,https://global.krx.co.kr/contents/GLB/03/0308/0308010000/GLB0308010000.jsp,9d56a753b55a08d7d31af26b,active_official_exact_listing_isin_name
KOSDAQ::059270,proposed,059270,KOSDAQ,Stock,KR7059270009,Haisung TPC Co. Ltd.,Haisung Aero-Robotics,krx_listed_companies,exchange_directory,https://global.krx.co.kr/contents/GLB/03/0308/0308010000/GLB0308010000.jsp,9c7246ade1765079ae562c87,active_official_exact_listing_isin_name
KOSDAQ::060560,proposed,060560,KOSDAQ,Stock,KR7060560000,Home Center Holdings Co.Ltd,HC HomeCenter,krx_listed_companies,exchange_directory,https://global.krx.co.kr/contents/GLB/03/0308/0308010000/GLB0308010000.jsp,4b1138fe7f3b84bca69e3840,active_official_exact_listing_isin_name
KOSDAQ::063570,proposed,063570,KOSDAQ,Stock,KR7063570006,NICE Total Cash Management Co. Ltd,NICE Infra,krx_listed_companies,exchange_directory,https://global.krx.co.kr/contents/GLB/03/0308/0308010000/GLB0308010000.jsp,ae52f9a5bf72ef29a85ac3e1,active_official_exact_listing_isin_name
KOSDAQ::068930,proposed,068930,KOSDAQ,Stock,KR7068930007,Digital Daesung Co. Ltd,Digital DS,krx_listed_companies,exchange_directory,https://global.krx.co.kr/contents/GLB/03/0308/0308010000/GLB0308010000.jsp,b08519a26dcc53ebebcbf951,active_official_exact_listing_isin_name
KOSDAQ::084180,proposed,084180,KOSDAQ,Stock,KR7084180009,Soosung Innovation Co. Ltd.,Soosung Webtoon,krx_listed_companies,exchange_directory,https://global.krx.co.kr/contents/GLB/03/0308/0308010000/GLB0308010000.jsp,2266380b325fe63aba32c6b8,active_official_exact_listing_isin_name
KOSDAQ::086960,proposed,086960,KOSDAQ,Stock,KR7086960002,Hancom MDS Inc,MDS Tech,krx_listed_companies,exchange_directory,https://global.krx.co.kr/contents/GLB/03/0308/0308010000/GLB0308010000.jsp,886acd8fa3db7588f02d5f15,active_official_exact_listing_isin_name
KOSDAQ::091590,proposed,091590,KOSDAQ,Stock,KR7091590000,Nam Hwa Construction Co.Ltd,"Nam Hwa Const Co., Ltd.",krx_listed_companies,exchange_directory,https://global.krx.co.kr/contents/GLB/03/0308/0308010000/GLB0308010000.jsp,717239eed592cfc6edebb363,active_official_exact_listing_isin_name
KOSDAQ::100130,proposed,100130,KOSDAQ,Stock,KR7100130004,Dongkuk Structures & Construction Company Limited,Dongkuk S&C,krx_listed_companies,exchange_directory,https://global.krx.co.kr/contents/GLB/03/0308/0308010000/GLB0308010000.jsp,a92904d0b0868e55050ee7d1,active_official_exact_listing_isin_name
KOSDAQ::101360,proposed,101360,KOSDAQ,Stock,KR7101360006,E&D Co. Ltd.,Eco&Dream,krx_listed_companies,exchange_directory,https://global.krx.co.kr/contents/GLB/03/0308/0308010000/GLB0308010000.jsp,d7f60f46368c2a2d858d4db9,active_official_exact_listing_isin_name
KOSDAQ::126880,proposed,126880,KOSDAQ,Stock,KR7126880004,JNK Heaters Co. Ltd,JNK Global,krx_listed_companies,exchange_directory,https://global.krx.co.kr/contents/GLB/03/0308/0308010000/GLB0308010000.jsp,4db4e9a5eee63e3ec1a5d258,active_official_exact_listing_isin_name
KOSDAQ::127120,proposed,127120,KOSDAQ,Stock,KR7127120004,DNA Link Inc,JS Link,krx_listed_companies,exchange_directory,https://global.krx.co.kr/contents/GLB/03/0308/0308010000/GLB0308010000.jsp,57ab30d7913b5ff57012b23c,active_official_exact_listing_isin_name
KOSDAQ::130740,proposed,130740,KOSDAQ,Stock,KR7130740004,TPC Co. Ltd,TPC Global,krx_listed_companies,exchange_directory,https://global.krx.co.kr/contents/GLB/03/0308/0308010000/GLB0308010000.jsp,2e8f00ed06b4c1f6f9e33bc4,active_official_exact_listing_isin_name
KOSDAQ::140860,proposed,140860,KOSDAQ,Stock,KR7140860008,Parksystems Corp,Park Systems,krx_listed_companies,exchange_directory,https://global.krx.co.kr/contents/GLB/03/0308/0308010000/GLB0308010000.jsp,d005ee835afb81efb3925ce8,active_official_exact_listing_isin_name
KOSDAQ::151860,proposed,151860,KOSDAQ,Stock,KR7151860004,KG Eco Technology Services Co. Ltd,KG Eco Solution,krx_listed_companies,exchange_directory,https://global.krx.co.kr/contents/GLB/03/0308/0308010000/GLB0308010000.jsp,edcb839a6ec7a28d8ea45f7f,active_official_exact_listing_isin_name
KOSDAQ::173940,proposed,173940,KOSDAQ,Stock,KR7173940008,FNC Entertainment Co Ltd,FNC Ent.,krx_listed_companies,exchange_directory,https://global.krx.co.kr/contents/GLB/03/0308/0308010000/GLB0308010000.jsp,09abfce891e25e23d59beb81,active_official_exact_listing_isin_name
KOSDAQ::187270,proposed,187270,KOSDAQ,Stock,KR7187270004,Shinhwa Contech Co. Ltd,Shin Hwa Contech,krx_listed_companies,exchange_directory,https://global.krx.co.kr/contents/GLB/03/0308/0308010000/GLB0308010000.jsp,5b2a1485dbc6002d037b398a,active_official_exact_listing_isin_name
KOSDAQ::187420,proposed,187420,KOSDAQ,Stock,KR7187420005,GenoFocus Inc,HLB Genex,krx_listed_companies,exchange_directory,https://global.krx.co.kr/contents/GLB/03/0308/0308010000/GLB0308010000.jsp,aa8df543e25b3368f28f67ba,active_official_exact_listing_isin_name
KOSDAQ::200350,proposed,200350,KOSDAQ,Stock,KR7200350007,RaemongRaein Co. Ltd.,Artist Studio,krx_listed_companies,exchange_directory,https://global.krx.co.kr/contents/GLB/03/0308/0308010000/GLB0308010000.jsp,2de73ccceedea2714fa80783,active_official_exact_listing_isin_name
KOSDAQ::203450,proposed,203450,KOSDAQ,Stock,KR7203450002,Union Community Co. Ltd.,UNION biometrics,krx_listed_companies,exchange_directory,https://global.krx.co.kr/contents/GLB/03/0308/0308010000/GLB0308010000.jsp,0ed2964755e30a17538690a0,active_official_exact_listing_isin_name
KOSDAQ::220180,proposed,220180,KOSDAQ,Stock,KR7220180004,Handysoft Co. Ltd.,Polaris AI Handy,krx_listed_companies,exchange_directory,https://global.krx.co.kr/contents/GLB/03/0308/0308010000/GLB0308010000.jsp,4fde8d9d7f89e891415bc3b7,active_official_exact_listing_isin_name
KOSDAQ::262260,proposed,262260,KOSDAQ,Stock,KR7262260003,APro Co. Ltd.,A Pro,krx_listed_companies,exchange_directory,https://global.krx.co.kr/contents/GLB/03/0308/0308010000/GLB0308010000.jsp,65de0658d00e17b45b373bf0,active_official_exact_listing_isin_name
KOSDAQ::264660,proposed,264660,KOSDAQ,Stock,KR7264660002,C&G Hi Tech Co. Ltd.,C&G Hitech,krx_listed_companies,exchange_directory,https://global.krx.co.kr/contents/GLB/03/0308/0308010000/GLB0308010000.jsp,b1a9d6fd4a848c452d4ef38e,active_official_exact_listing_isin_name
KOSDAQ::265520,proposed,265520,KOSDAQ,Stock,KR7265520007,Advanced Process Systems Corporation,AP Systems,krx_listed_companies,exchange_directory,https://global.krx.co.kr/contents/GLB/03/0308/0308010000/GLB0308010000.jsp,bcbc6885f7317de812776f2b,active_official_exact_listing_isin_name
KOSDAQ::276730,proposed,276730,KOSDAQ,Stock,KR7276730009,Jeju Beer Co. Ltd.,HW & Jeju,krx_listed_companies,exchange_directory,https://global.krx.co.kr/contents/GLB/03/0308/0308010000/GLB0308010000.jsp,0ca2021904dcc236f0f05172,active_official_exact_listing_isin_name
KOSDAQ::290690,proposed,290690,KOSDAQ,Stock,KR7290690007,Solux Co. Ltd.,ARIBIO holdings,krx_listed_companies,exchange_directory,https://global.krx.co.kr/contents/GLB/03/0308/0308010000/GLB0308010000.jsp,ded65febaf93c4e84db848bc,active_official_exact_listing_isin_name
KOSDAQ::291230,proposed,291230,KOSDAQ,Stock,KR7291230001,NP Inc.,Com2uS N,krx_listed_companies,exchange_directory,https://global.krx.co.kr/contents/GLB/03/0308/0308010000/GLB0308010000.jsp,9985bf778d5908379a68f7ad,active_official_exact_listing_isin_name
KOSDAQ::298540,proposed,298540,KOSDAQ,Stock,KR7298540006,Nature Holdings Co. Ltd.,"TNH CO., LTD",krx_listed_companies,exchange_directory,https://global.krx.co.kr/contents/GLB/03/0308/0308010000/GLB0308010000.jsp,ddd8eddbef844c91275741fa,active_official_exact_listing_isin_name
KOSDAQ::305090,proposed,305090,KOSDAQ,Stock,KR7305090003,MicroDigital Co. Ltd.,Micro Digital,krx_listed_companies,exchange_directory,https://global.krx.co.kr/contents/GLB/03/0308/0308010000/GLB0308010000.jsp,1b0382be2c451f947032f178,active_official_exact_listing_isin_name
KOSDAQ::330350,proposed,330350,KOSDAQ,Stock,KR7330350000,Withus Pharmaceutical Co. Ltd.,Withus Pharm,krx_listed_companies,exchange_directory,https://global.krx.co.kr/contents/GLB/03/0308/0308010000/GLB0308010000.jsp,081a460ac8252b7c73edd728,active_official_exact_listing_isin_name
KOSDAQ::366030,proposed,366030,KOSDAQ,Stock,KR7366030005,09women Co. Ltd.,Nine & Co.,krx_listed_companies,exchange_directory,https://global.krx.co.kr/contents/GLB/03/0308/0308010000/GLB0308010000.jsp,a4ea3106e25ef6a54f4f307f,active_official_exact_listing_isin_name
KOSDAQ::372170,proposed,372170,KOSDAQ,Stock,KR7372170001,Yunsung F&C Co. Ltd.,"YSFC Co.,Ltd",krx_listed_companies,exchange_directory,https://global.krx.co.kr/contents/GLB/03/0308/0308010000/GLB0308010000.jsp,b7bdfd7a0dab2a35d0df4555,active_official_exact_listing_isin_name
KOSDAQ::382800,proposed,382800,KOSDAQ,Stock,KR7382800001,GnBS Engineering Co. Ltd.,GnBS eco,krx_listed_companies,exchange_directory,https://global.krx.co.kr/contents/GLB/03/0308/0308010000/GLB0308010000.jsp,59938aa2d0c34835d608e4c2,active_official_exact_listing_isin_name
KOSDAQ::403490,proposed,403490,KOSDAQ,Stock,KR7403490006,"WooDeumGee Farm Co., Ltd",WDG Farm,krx_listed_companies,exchange_directory,https://global.krx.co.kr/contents/GLB/03/0308/0308010000/GLB0308010000.jsp,7b9a2af187ba3a2e33f591e7,active_official_exact_listing_isin_name
KOSDAQ::468760,proposed,468760,KOSDAQ,Stock,KR7468760004,Eugene Special Purpose Acquisition 10 Company,Eugene SPAC X,krx_listed_companies,exchange_directory,https://global.krx.co.kr/contents/GLB/03/0308/0308010000/GLB0308010000.jsp,73417a3db032827ecb9ee1e9,active_official_exact_listing_isin_name
KOSDAQ::482690,proposed,482690,KOSDAQ,Stock,KR7482690005,Daishin Balance No.19 Special Purpose Acquisition Co Ltd,DaishinBalanceNo.19 SPAC,krx_listed_companies,exchange_directory,https://global.krx.co.kr/contents/GLB/03/0308/0308010000/GLB0308010000.jsp,d09c29c9cf3f9d84eb032a1b,active_official_exact_listing_isin_name
KOSDAQ::484130,proposed,484130,KOSDAQ,Stock,KR7484130000,Hana 34 Special Purpose Acquisition Co,Hana Thirty-four SPAC,krx_listed_companies,exchange_directory,https://global.krx.co.kr/contents/GLB/03/0308/0308010000/GLB0308010000.jsp,91300a4d10d1425749f89ab3,active_official_exact_listing_isin_name
KOSDAQ::488060,proposed,488060,KOSDAQ,Stock,KR7488060005,"Eugene Special Purpose Acquisition 11 Co., Ltd",Eugene SPAC XI,krx_listed_companies,exchange_directory,https://global.krx.co.kr/contents/GLB/03/0308/0308010000/GLB0308010000.jsp,f4bfe9d8801420a22bc9f1b5,active_official_exact_listing_isin_name
KRX::000120,proposed,000120,KRX,Stock,KR7000120006,CJ Korea Express,CJ Logistics,krx_listed_companies,exchange_directory,https://global.krx.co.kr/contents/GLB/03/0308/0308010000/GLB0308010000.jsp,8bb321a32b4dc4d9de6e2fc7,active_official_exact_listing_isin_name
KRX::000180,proposed,000180,KRX,Stock,KR7000180000,Sungchang Hold,SCE Holdings,krx_listed_companies,exchange_directory,https://global.krx.co.kr/contents/GLB/03/0308/0308010000/GLB0308010000.jsp,77c2a49344d9dc011254acd4,active_official_exact_listing_isin_name
KRX::000240,proposed,000240,KRX,Stock,KR7000240002,Hankook Tire Worldwide,HANKOOK & COMPANY,krx_listed_companies,exchange_directory,https://global.krx.co.kr/contents/GLB/03/0308/0308010000/GLB0308010000.jsp,9dfa009f1fbba38c5ef86aec,active_official_exact_listing_isin_name
KRX::000320,proposed,000320,KRX,Stock,KR7000320002,Norooholdings,NOROO HOLDINGS,krx_listed_companies,exchange_directory,https://global.krx.co.kr/contents/GLB/03/0308/0308010000/GLB0308010000.jsp,1bb2c1ec7a4c5eb082afe692,active_official_exact_listing_isin_name
KRX::001230,proposed,001230,KRX,Stock,KR7001230002,Dongkuk Steel Mill Co Ltd,DONGKUK HOLDINGS,krx_listed_companies,exchange_directory,https://global.krx.co.kr/contents/GLB/03/0308/0308010000/GLB0308010000.jsp,4dfaeab38e6aee360c5bd896,active_official_exact_listing_isin_name
KRX::001440,proposed,001440,KRX,Stock,KR7001440007,Taihan Electric Wire Co Ltd,Taihan Cable & Solution,krx_listed_companies,exchange_directory,https://global.krx.co.kr/contents/GLB/03/0308/0308010000/GLB0308010000.jsp,6c6848f525b0e118d0c42171,active_official_exact_listing_isin_name
KRX::001740,proposed,001740,KRX,Stock,KR7001740000,SK Networks Co Ltd,"SKNetworksCo.,Ltd",krx_listed_companies,exchange_directory,https://global.krx.co.kr/contents/GLB/03/0308/0308010000/GLB0308010000.jsp,6764ec8131c5d5fcf55f53ad,active_official_exact_listing_isin_name
KRX::003060,proposed,003060,KRX,Stock,KR7003060001,Aprogen Pharmaceuticals Inc,Aprogen Biologics,krx_listed_companies,exchange_directory,https://global.krx.co.kr/contents/GLB/03/0308/0308010000/GLB0308010000.jsp,3e43f67f3358a1a31d3e13de,active_official_exact_listing_isin_name
KRX::0030R0,proposed,0030R0,KRX,Stock,KR70030R0007,"Dashin Value REIT Co.,Ltd.",Daishin Value REIT,krx_listed_companies,exchange_directory,https://global.krx.co.kr/contents/GLB/03/0308/0308010000/GLB0308010000.jsp,37194b3a45057f5b2605287c,active_official_exact_listing_isin_name
KRX::003470,proposed,003470,KRX,Stock,KR7003470002,Yuanta Sec Kor,Yuanta Securities,krx_listed_companies,exchange_directory,https://global.krx.co.kr/contents/GLB/03/0308/0308010000/GLB0308010000.jsp,635b0bab61a2a4f741373464,active_official_exact_listing_isin_name
KRX::003480,proposed,003480,KRX,Stock,KR7003480001,Hanjin Heavy Ind & Const Holdings Co Ltd,HHIC HOLDINGS,krx_listed_companies,exchange_directory,https://global.krx.co.kr/contents/GLB/03/0308/0308010000/GLB0308010000.jsp,1e04e5387779a61f96a44842,active_official_exact_listing_isin_name
KRX::003690,proposed,003690,KRX,Stock,KR7003690005,Korean Reinsu,Korean Re,krx_listed_companies,exchange_directory,https://global.krx.co.kr/contents/GLB/03/0308/0308010000/GLB0308010000.jsp,e35097a261f6085c348fdce5,active_official_exact_listing_isin_name
KRX::005440,proposed,005440,KRX,Stock,KR7005440003,Hyundai Green Food Co Ltd,HYUNDAI G.F. HOLDINGS,krx_listed_companies,exchange_directory,https://global.krx.co.kr/contents/GLB/03/0308/0308010000/GLB0308010000.jsp,5e9a80fc7dfe0ab1efb94631,active_official_exact_listing_isin_name
KRX::006220,proposed,006220,KRX,Stock,KR7006220008,Jeju Bank,Jeju BK,krx_listed_companies,exchange_directory,https://global.krx.co.kr/contents/GLB/03/0308/0308010000/GLB0308010000.jsp,c82c57e24fef0a63cd011763,active_official_exact_listing_isin_name
KRX::006370,proposed,006370,KRX,Stock,KR7006370001,Daegu Dept Sto,Daegu Dpt Str,krx_listed_companies,exchange_directory,https://global.krx.co.kr/contents/GLB/03/0308/0308010000/GLB0308010000.jsp,125ac4b3875ad583e2441f29,active_official_exact_listing_isin_name
KRX::009180,proposed,009180,KRX,Stock,KR7009180001,Hansol Csn,Hansol Logistics,krx_listed_companies,exchange_directory,https://global.krx.co.kr/contents/GLB/03/0308/0308010000/GLB0308010000.jsp,7a8075c7599d6796d495cbde,active_official_exact_listing_isin_name
KRX::009310,proposed,009310,KRX,Stock,KR7009310004,Charm Engine,Charm Engineering,krx_listed_companies,exchange_directory,https://global.krx.co.kr/contents/GLB/03/0308/0308010000/GLB0308010000.jsp,3e9aa34157a0a17f9b6d5b00,active_official_exact_listing_isin_name
KRX::011280,proposed,011280,KRX,Stock,KR7011280005,Tailim Packaging Co Ltd,Tailim Pkg,krx_listed_companies,exchange_directory,https://global.krx.co.kr/contents/GLB/03/0308/0308010000/GLB0308010000.jsp,48797fdce4732c6e91221a4f,active_official_exact_listing_isin_name
KRX::0113G0,proposed,0113G0,KRX,ETF,KR70113G0000,Samsungactive Koact Us Biohealthcare Active Etf,KoAct 미국바이오헬스케어액티브,krx_etf_finder,exchange_directory,https://data.krx.co.kr/contents/MDC/MAIN/main/index.cmd,3c0a2c67cf6447b16dd07a30,active_official_exact_listing_isin_name
KRX::0114X0,proposed,0114X0,KRX,ETF,KR70114X0008,Kb Rise Global Game Tech Top3 Plus ETF,RISE 글로벌게임테크TOP3Plus,krx_etf_finder,exchange_directory,https://data.krx.co.kr/contents/MDC/MAIN/main/index.cmd,58bef95040c13d3e299b0c8a,active_official_exact_listing_isin_name
KRX::0126Z0,proposed,0126Z0,KRX,Stock,KR70126Z0002,SAMSUNG EPISHOLDINGS CO LTD,SAMSUNG EPIS HOLDINGS,krx_listed_companies,exchange_directory,https://global.krx.co.kr/contents/GLB/03/0308/0308010000/GLB0308010000.jsp,c1c9692638c81527ab3157dd,active_official_exact_listing_isin_name
KRX::013520,proposed,013520,KRX,Stock,KR7013520002,Hwaseung Corporation Co Ltd,HS Corp,krx_listed_companies,exchange_directory,https://global.krx.co.kr/contents/GLB/03/0308/0308010000/GLB0308010000.jsp,6f0a3e05e7e77a61ade8e2e2,active_official_exact_listing_isin_name
KRX::0154H0,proposed,0154H0,KRX,ETF,KR70154H0009,Samsungactive Koact China Biohealthcare Active Etf,KoAct 차이나바이오헬스케어액티브,krx_etf_finder,exchange_directory,https://data.krx.co.kr/contents/MDC/MAIN/main/index.cmd,ef9eb88dfa47854c17a1ec63,active_official_exact_listing_isin_name
KRX::0163Y0,proposed,0163Y0,KRX,ETF,KR70163Y0007,Samsungactive Koact Kosdaq Active Etf,KoAct 코스닥액티브,krx_etf_finder,exchange_directory,https://data.krx.co.kr/contents/MDC/MAIN/main/index.cmd,6a5c02121ee466d5f6c5d760,active_official_exact_listing_isin_name
KRX::016610,proposed,016610,KRX,Stock,KR7016610008,DB Financial Investment Co Ltd,DB Sec,krx_listed_companies,exchange_directory,https://global.krx.co.kr/contents/GLB/03/0308/0308010000/GLB0308010000.jsp,a7b0b05995e15c0fdaee605c,active_official_exact_listing_isin_name
KRX::017810,proposed,017810,KRX,Stock,KR7017810003,Pulmuone Holdi,Pulmuone Corporate,krx_listed_companies,exchange_directory,https://global.krx.co.kr/contents/GLB/03/0308/0308010000/GLB0308010000.jsp,42cc5111090875864da69cdb,active_official_exact_listing_isin_name
KRX::018500,proposed,018500,KRX,Stock,KR7018500009,Dongwon Metal,Dongwon Mobility,krx_listed_companies,exchange_directory,https://global.krx.co.kr/contents/GLB/03/0308/0308010000/GLB0308010000.jsp,e903cc2da4569d181d549418,active_official_exact_listing_isin_name
KRX::0193G0,proposed,0193G0,KRX,ETF,KR70193G0003,Samsungactive Koact Kospi Active Etf,KoAct 코스피액티브,krx_etf_finder,exchange_directory,https://data.krx.co.kr/contents/MDC/MAIN/main/index.cmd,f3bbad9410abe3573613a14a,active_official_exact_listing_isin_name
KRX::020560,proposed,020560,KRX,Stock,KR7020560009,Asiana Airline,Asiana Airlines,krx_listed_companies,exchange_directory,https://global.krx.co.kr/contents/GLB/03/0308/0308010000/GLB0308010000.jsp,1fbac63de2397ab10405edac,active_official_exact_listing_isin_name
KRX::028100,proposed,028100,KRX,Stock,KR7028100006,Donga Geologic,Dong Ah E&C,krx_listed_companies,exchange_directory,https://global.krx.co.kr/contents/GLB/03/0308/0308010000/GLB0308010000.jsp,315f351d136727c8f92e8800,active_official_exact_listing_isin_name
KRX::030210,proposed,030210,KRX,Stock,KR7030210009,Daol Investment & Securities,Daol SEC,krx_listed_companies,exchange_directory,https://global.krx.co.kr/contents/GLB/03/0308/0308010000/GLB0308010000.jsp,2fca1d68b569306a55d367f3,active_official_exact_listing_isin_name
KRX::032560,proposed,032560,KRX,Stock,KR7032560005,Hwang-Kum Stee,HwangKum S&T,krx_listed_companies,exchange_directory,https://global.krx.co.kr/contents/GLB/03/0308/0308010000/GLB0308010000.jsp,f240a0289bd33985245a8bb4,active_official_exact_listing_isin_name
KRX::034020,proposed,034020,KRX,Stock,KR7034020008,Doosan Heavy Ind. & Const.,Doosan Enerbility,krx_listed_companies,exchange_directory,https://global.krx.co.kr/contents/GLB/03/0308/0308010000/GLB0308010000.jsp,8a91a06a52bfd83ccdf49ab6,active_official_exact_listing_isin_name
KRX::037710,proposed,037710,KRX,Stock,KR7037710001,Gwangjushinseg,Gwangju Shinsegae,krx_listed_companies,exchange_directory,https://global.krx.co.kr/contents/GLB/03/0308/0308010000/GLB0308010000.jsp,f52143fbe8a23f876f7ddcf2,active_official_exact_listing_isin_name
KRX::079550,proposed,079550,KRX,Stock,KR7079550000,LIG Nex1 Co Ltd,LIG Defense&Aerospace,krx_listed_companies,exchange_directory,https://global.krx.co.kr/contents/GLB/03/0308/0308010000/GLB0308010000.jsp,183c42c58c0d138e4c86d101,active_official_exact_listing_isin_name
KRX::082740,proposed,082740,KRX,Stock,KR7082740002,HSD Engine Co Ltd,Hanwha Engine,krx_listed_companies,exchange_directory,https://global.krx.co.kr/contents/GLB/03/0308/0308010000/GLB0308010000.jsp,4d2b5b356a684e0fc2136d37,active_official_exact_listing_isin_name
KRX::126560,proposed,126560,KRX,Stock,KR7126560002,Hyundai Hcn,Hyundai Futurenet,krx_listed_companies,exchange_directory,https://global.krx.co.kr/contents/GLB/03/0308/0308010000/GLB0308010000.jsp,236270d4f9efa0ebf56afc96,active_official_exact_listing_isin_name
KRX::130680,proposed,130680,KRX,ETF,KR7130680002,MiraeAsset TIGER WTI Futures ETF,TIGER 원유선물Enhanced(H),krx_etf_finder,exchange_directory,https://data.krx.co.kr/contents/MDC/MAIN/main/index.cmd,9a7550da9c3533b72582b8da,active_official_exact_listing_isin_name
KRX::137610,proposed,137610,KRX,ETF,KR7137610002,MiraeAsset TIGER AGRI Futures ETF,TIGER 농산물선물Enhanced(H),krx_etf_finder,exchange_directory,https://data.krx.co.kr/contents/MDC/MAIN/main/index.cmd,1d049cc152582c2c15d8fb82,active_official_exact_listing_isin_name
KRX::139130,proposed,139130,KRX,Stock,KR7139130009,Dgb Financial,iM Financial Group,krx_listed_companies,exchange_directory,https://global.krx.co.kr/contents/GLB/03/0308/0308010000/GLB0308010000.jsp,710ec9f2a0ee5b9b56ee7854,active_official_exact_listing_isin_name
KRX::200250,proposed,200250,KRX,ETF,KR7200250009,Kiwoom KOSEF Synth-India ETF,KIWOOM 인도Nifty50(합성),krx_etf_finder,exchange_directory,https://data.krx.co.kr/contents/MDC/MAIN/main/index.cmd,a6ddc48920bd30712831f515,active_official_exact_listing_isin_name
KRX::226380,proposed,226380,KRX,ETF,KR7226380004,KIM KINDEX Growth Consumption-led ETF,ACE Fn성장소비주도주,krx_etf_finder,exchange_directory,https://data.krx.co.kr/contents/MDC/MAIN/main/index.cmd,a3ca6527c4b7f16d8fca70e9,active_official_exact_listing_isin_name
KRX::229640,proposed,229640,KRX,Stock,KR7229640008,Ls Cable & System Asia Ltd,LS Eco Energy,krx_listed_companies,exchange_directory,https://global.krx.co.kr/contents/GLB/03/0308/0308010000/GLB0308010000.jsp,b60ced3aba64945dbfcfaf55,active_official_exact_listing_isin_name
KRX::238670,proposed,238670,KRX,ETF,KR7238670004,ARIRANG SMARTBETA Quality Balanced,PLUS 스마트베타Quality채권혼합,krx_etf_finder,exchange_directory,https://data.krx.co.kr/contents/MDC/MAIN/main/index.cmd,18496b2b69a96b2022e5d38b,active_official_exact_listing_isin_name
KRX::238720,proposed,238720,KRX,ETF,KR7238720007,KIM KINDEX Japan Nikkei225 ETF(H),ACE 일본Nikkei225(H),krx_etf_finder,exchange_directory,https://data.krx.co.kr/contents/MDC/MAIN/main/index.cmd,b083c5ec0b70a56a8c572927,active_official_exact_listing_isin_name
KRX::260870,proposed,260870,KRX,Stock,KR7260870001,Signet EV Inc,SK Signet,krx_listed_companies,exchange_directory,https://global.krx.co.kr/contents/GLB/03/0308/0308010000/GLB0308010000.jsp,9a4ef2120cec103211744ca8,active_official_exact_listing_isin_name
KRX::309230,proposed,309230,KRX,ETF,KR7309230001,KIM KINDEX US Wide Moat ETF,ACE 미국WideMoat동일가중,krx_etf_finder,exchange_directory,https://data.krx.co.kr/contents/MDC/MAIN/main/index.cmd,1ffef6371e3e2302b82919f0,active_official_exact_listing_isin_name
KRX::315930,proposed,315930,KRX,ETF,KR7315930008,Samsung KODEX Top5Plus Total Return ETF,KODEX Top5PlusTR,krx_etf_finder,exchange_directory,https://data.krx.co.kr/contents/MDC/MAIN/main/index.cmd,082b38b9189cd2655536a610,active_official_exact_listing_isin_name
KRX::317400,proposed,317400,KRX,Stock,KR7317400000,Xi S And D Inc,Xi S&D,krx_listed_companies,exchange_directory,https://global.krx.co.kr/contents/GLB/03/0308/0308010000/GLB0308010000.jsp,6cfd5174d9ab0aa28bbc1a9d,active_official_exact_listing_isin_name
KRX::322400,proposed,322400,KRX,ETF,KR7322400003,NH-Amundi HANARO e-Commerce ETF,HANARO e커머스,krx_etf_finder,exchange_directory,https://data.krx.co.kr/contents/MDC/MAIN/main/index.cmd,744ccf36c5e5b85cb947019c,active_official_exact_listing_isin_name
KRX::326030,proposed,326030,KRX,Stock,KR7326030004,Sk Biopharmaceuticals Co Ltd,SK biopharm,krx_listed_companies,exchange_directory,https://global.krx.co.kr/contents/GLB/03/0308/0308010000/GLB0308010000.jsp,5346bda96ecd4cc8c54f2e67,active_official_exact_listing_isin_name
KRX::357250,proposed,357250,KRX,Stock,KR7357250000,Mirae Asset Maps Reit 1 Co Ltd,MAPS REIT 1,krx_listed_companies,exchange_directory,https://global.krx.co.kr/contents/GLB/03/0308/0308010000/GLB0308010000.jsp,54c78fe4bfae52414a5e788c,active_official_exact_listing_isin_name
KRX::365550,proposed,365550,KRX,Stock,KR7365550003,Esr Kendall Square Reit Co Ltd,ESR KS REIT,krx_listed_companies,exchange_directory,https://global.krx.co.kr/contents/GLB/03/0308/0308010000/GLB0308010000.jsp,8fde336d5e864eb18d654129,active_official_exact_listing_isin_name
KRX::367740,proposed,367740,KRX,ETF,KR7367740008,HANARO 5G Industry,HANARO Fn5G산업,krx_etf_finder,exchange_directory,https://data.krx.co.kr/contents/MDC/MAIN/main/index.cmd,9eb00b8165b11b608620a8d1,active_official_exact_listing_isin_name
KRX::381560,proposed,381560,KRX,ETF,KR7381560002,HANARO Electric&Hydrogen Vehicle,HANARO Fn전기&수소차,krx_etf_finder,exchange_directory,https://data.krx.co.kr/contents/MDC/MAIN/main/index.cmd,cf271d06fe377dce687969f3,active_official_exact_listing_isin_name
KRX::381570,proposed,381570,KRX,ETF,KR7381570001,HANARO Green Energy,HANARO Fn친환경에너지,krx_etf_finder,exchange_directory,https://data.krx.co.kr/contents/MDC/MAIN/main/index.cmd,c3286f0ccd4d978ac2fb87a6,active_official_exact_listing_isin_name
KRX::385560,proposed,385560,KRX,ETF,KR7385560008,KBSTAR 30Y T-Bond Enhanced ETF,RISE KIS국고채30년Enhanced,krx_etf_finder,exchange_directory,https://data.krx.co.kr/contents/MDC/MAIN/main/index.cmd,2e0c540e1ee64b2ea92b3dd7,active_official_exact_listing_isin_name
KRX::395270,proposed,395270,KRX,ETF,KR7395270002,HANARO K-Semiconductor,HANARO Fn K-반도체,krx_etf_finder,exchange_directory,https://data.krx.co.kr/contents/MDC/MAIN/main/index.cmd,cc6be3c89b62e2cfdb902621,active_official_exact_listing_isin_name
KRX::395280,proposed,395280,KRX,ETF,KR7395280001,HANARO K-Game,HANARO Fn K-게임,krx_etf_finder,exchange_directory,https://data.krx.co.kr/contents/MDC/MAIN/main/index.cmd,6b67f12335d6c6fd54e9ad86,active_official_exact_listing_isin_name
KRX::400970,proposed,400970,KRX,ETF,KR7400970000,TIGER Metaverse,TIGER Fn메타버스,krx_etf_finder,exchange_directory,https://data.krx.co.kr/contents/MDC/MAIN/main/index.cmd,a44b313a67813549d41ac6f0,active_official_exact_listing_isin_name
KRX::407300,proposed,407300,KRX,ETF,KR7407300003,HANARO Golf Theme,HANARO Fn골프테마,krx_etf_finder,exchange_directory,https://data.krx.co.kr/contents/MDC/MAIN/main/index.cmd,85839c143c998c4539636f80,active_official_exact_listing_isin_name
KRX::434730,proposed,434730,KRX,ETF,KR7434730008,HANARO Nuclear Power,HANARO 원자력iSelect,krx_etf_finder,exchange_directory,https://data.krx.co.kr/contents/MDC/MAIN/main/index.cmd,8115d0e852b9c4213d4a22f3,active_official_exact_listing_isin_name
KRX::438900,proposed,438900,KRX,ETF,KR7438900003,HANARO K-Food,HANARO Fn K-푸드,krx_etf_finder,exchange_directory,https://data.krx.co.kr/contents/MDC/MAIN/main/index.cmd,43e4de42f5eab0c7c89c140f,active_official_exact_listing_isin_name
KRX::441540,proposed,441540,KRX,ETF,KR7441540002,HANARO Shipping,HANARO Fn조선해운,krx_etf_finder,exchange_directory,https://data.krx.co.kr/contents/MDC/MAIN/main/index.cmd,3bb4ebb961f9de8a12a2e975,active_official_exact_listing_isin_name
KRX::441800,proposed,441800,KRX,ETF,KR7441800000,TIMEFOLIO Korea Plus Dividend Active,TIME Korea플러스배당액티브,krx_etf_finder,exchange_directory,https://data.krx.co.kr/contents/MDC/MAIN/main/index.cmd,35bbadda851eb9a8add6d794,active_official_exact_listing_isin_name
KRX::447770,proposed,447770,KRX,ETF,KR7447770009,TIGER TESLA Balanced,TIGER 테슬라채권혼합Fn,krx_etf_finder,exchange_directory,https://data.krx.co.kr/contents/MDC/MAIN/main/index.cmd,bccfabe3d041ad8a62f2f479,active_official_exact_listing_isin_name
KRX::448630,proposed,448630,KRX,ETF,KR7448630004,KBSTAR Samsung Group Top3 Equity&K-Bond,RISE 삼성그룹Top3채권혼합,krx_etf_finder,exchange_directory,https://data.krx.co.kr/contents/MDC/MAIN/main/index.cmd,16d0f24b7348047c57644f85,active_official_exact_listing_isin_name
KRX::481850,proposed,481850,KRX,Stock,KR7481850006,Shinhan Global Active REIT,Shinhan GA REIT,krx_listed_companies,exchange_directory,https://global.krx.co.kr/contents/GLB/03/0308/0308010000/GLB0308010000.jsp,a016223727331d210592a151,active_official_exact_listing_isin_name
KRX::489790,proposed,489790,KRX,Stock,KR7489790006,HANWHA IND SOL LTD,Hanwha Vision,krx_listed_companies,exchange_directory,https://global.krx.co.kr/contents/GLB/03/0308/0308010000/GLB0308010000.jsp,3f0d6d1464ce6ee6b1c8c01f,active_official_exact_listing_isin_name
LSE::0A0E,proposed,0A0E,LSE,Stock,FI4000312251,Kojamo Oyj,LUMO KODIT OYJ,lse_price_explorer,exchange_directory,https://www.londonstockexchange.com/live-markets/market-data-dashboard/price-explorer,96990fcb69ec7c1b5a3806ac,active_official_exact_listing_isin_name
LSE::0A0J,proposed,0A0J,LSE,Stock,SE0011337708,AAK AB,AAK AB (PUBL),lse_price_explorer,exchange_directory,https://www.londonstockexchange.com/live-markets/market-data-dashboard/price-explorer,94e30e1319ec86d75bd92ade,active_official_exact_listing_isin_name
LSE::0A61,proposed,0A61,LSE,Stock,CA25466C1077,Discovery Silver Corp.,DISCOVERY MINING LTD,lse_price_explorer,exchange_directory,https://www.londonstockexchange.com/live-markets/market-data-dashboard/price-explorer,e4e349e07487a27440dfd741,active_official_exact_listing_isin_name
LSE::0A8B,proposed,0A8B,LSE,Stock,FR0013451333,FDJ United,LA FRANCAISE DES JEUX SA,lse_price_explorer,exchange_directory,https://www.londonstockexchange.com/live-markets/market-data-dashboard/price-explorer,3fa6d1b3c1b7420dc671e2bb,active_official_exact_listing_isin_name
LSE::0AA9,proposed,0AA9,LSE,Stock,SE0016797732,Storskogen Group AB Series B,STORSKOGEN GROUP AB (PUBL),lse_price_explorer,exchange_directory,https://www.londonstockexchange.com/live-markets/market-data-dashboard/price-explorer,23ac224570f60364aab82021,active_official_exact_listing_isin_name
LSE::0AAR,proposed,0AAR,LSE,Stock,IT0005455875,INTERCOS SPA INTERCOS ORD SHS,INTERCOS SPA,lse_price_explorer,exchange_directory,https://www.londonstockexchange.com/live-markets/market-data-dashboard/price-explorer,b0e576e7c1b25c23d85266ab,active_official_exact_listing_isin_name
LSE::0ABP,proposed,0ABP,LSE,Stock,LU2356314745,NOVEM GROUP SA NOVEM GROUP ORD SHS,NOVEM GROUP SA,lse_price_explorer,exchange_directory,https://www.londonstockexchange.com/live-markets/market-data-dashboard/price-explorer,ba2b0b9750557244dc906e91,active_official_exact_listing_isin_name
LSE::0CIH,proposed,0CIH,LSE,Stock,FI0009800395,RAISIO OYJ RAISIO K ORD SHS,RAISIO OYJ,lse_price_explorer,exchange_directory,https://www.londonstockexchange.com/live-markets/market-data-dashboard/price-explorer,1402210eb2c70eda2e32600f,active_official_exact_listing_isin_name
LSE::0CMC,proposed,0CMC,LSE,Stock,NL0012747059,CM.com N.V.,CM.COM NV,lse_price_explorer,exchange_directory,https://www.londonstockexchange.com/live-markets/market-data-dashboard/price-explorer,1a14412a5a9e3b0b797a440c,active_official_exact_listing_isin_name
LSE::0CXE,proposed,0CXE,LSE,Stock,FI4000115464,DETECTION TECHNOLOGY OYJ DETECTION TECHNOLOGY ORD SHS,DETECTION TECHNOLOGY OYJ,lse_price_explorer,exchange_directory,https://www.londonstockexchange.com/live-markets/market-data-dashboard/price-explorer,9ca9d1a2ac14c9d13a84fb4a,active_official_exact_listing_isin_name
LSE::0E64,proposed,0E64,LSE,Stock,AT0000818802,DO & CO Aktiengesellschaft,DO & CO AG,lse_price_explorer,exchange_directory,https://www.londonstockexchange.com/live-markets/market-data-dashboard/price-explorer,e777b4a0a02cf450c9c91d6c,active_official_exact_listing_isin_name
LSE::0E6Y,proposed,0E6Y,LSE,Stock,DE0005545503,1&1 AG,DRILLISCH AG,lse_price_explorer,exchange_directory,https://www.londonstockexchange.com/live-markets/market-data-dashboard/price-explorer,165fae4481d4e13b59f15a83,active_official_exact_listing_isin_name
LSE::0ET5,proposed,0ET5,LSE,Stock,BE0003754687,Vastned Retail Belgium,VASTNED NV,lse_price_explorer,exchange_directory,https://www.londonstockexchange.com/live-markets/market-data-dashboard/price-explorer,cf4f2cf93a0156d8ea367ab7,active_official_exact_listing_isin_name
LSE::0FFY,proposed,0FFY,LSE,Stock,FI0009005318,Nokian Renkaat Oyj,NOKIAN TYRES PLC,lse_price_explorer,exchange_directory,https://www.londonstockexchange.com/live-markets/market-data-dashboard/price-explorer,57b3e4d2966d2550767884ed,active_official_exact_listing_isin_name
LSE::0FXQ,proposed,0FXQ,LSE,Stock,NO0003053308,Scana ASA,INCUS INVESTOR ASA,lse_price_explorer,exchange_directory,https://www.londonstockexchange.com/live-markets/market-data-dashboard/price-explorer,969bdce447674c1aebf5c75d,active_official_exact_listing_isin_name
LSE::0G2Z,proposed,0G2Z,LSE,Stock,NO0003080608,Solstad Offshore ASA,SOLSTAD FARSTAD ASA,lse_price_explorer,exchange_directory,https://www.londonstockexchange.com/live-markets/market-data-dashboard/price-explorer,d6e51ee75405e133c3660db2,active_official_exact_listing_isin_name
LSE::0GB7,proposed,0GB7,LSE,Stock,PLTLKPL00017,OrangePL,ORANGE POLSKA SA,lse_price_explorer,exchange_directory,https://www.londonstockexchange.com/live-markets/market-data-dashboard/price-explorer,4a326742893e1be76792a09c,active_official_exact_listing_isin_name
LSE::0GMG,proposed,0GMG,LSE,Stock,SE0017885767,Addnode Group AB Series B,ADDNODE GROUP AB (PUBL),lse_price_explorer,exchange_directory,https://www.londonstockexchange.com/live-markets/market-data-dashboard/price-explorer,b015ecab38e5b32fad3a4c0c,active_official_exact_listing_isin_name
LSE::0GWB,proposed,0GWB,LSE,Stock,SE0000108847,Lundbergforetagen AB L E ser. B,L E LUNDBERGFORETAGEN AB (PUBL),lse_price_explorer,exchange_directory,https://www.londonstockexchange.com/live-markets/market-data-dashboard/price-explorer,91c3cb9698cc36ab110eb93a,active_official_exact_listing_isin_name
LSE::0H65,proposed,0H65,LSE,Stock,IT0005572778,Juventus Football Club,JUVENTUS FC SPA,lse_price_explorer,exchange_directory,https://www.londonstockexchange.com/live-markets/market-data-dashboard/price-explorer,ca96d77989c2d40e8e84d46e,active_official_exact_listing_isin_name
LSE::0H9P,proposed,0H9P,LSE,Stock,SE0000936478,Intrum AB (publ),INTRUM JUSTITIA AB,lse_price_explorer,exchange_directory,https://www.londonstockexchange.com/live-markets/market-data-dashboard/price-explorer,d0b2edcc341987d2b2b13c65,active_official_exact_listing_isin_name
LSE::0HA0,proposed,0HA0,LSE,Stock,DE0007037129,RWE AG ST O.N.,RWE AG,lse_price_explorer,exchange_directory,https://www.londonstockexchange.com/live-markets/market-data-dashboard/price-explorer,9986b1e47e226691607e54eb,active_official_exact_listing_isin_name
LSE::0HGY,proposed,0HGY,LSE,ETF,LU1650487413,Multi Units Luxembourg - Lyxor Euro Government Bond 1-3Y (DR) UCITS ETF,LYXOR EUROMTS 1-3Y INVEST GRD (DR) LYXOR EUROMTS 1-3Y INVEST GRD (DR) UCITS,lse_price_explorer,exchange_directory,https://www.londonstockexchange.com/live-markets/market-data-dashboard/price-explorer,af48195839a9072ba8d0f598,active_official_exact_listing_isin_name
LSE::0HM0,proposed,0HM0,LSE,Stock,BE0003878957,VGP N.V.,VGP NV,lse_price_explorer,exchange_directory,https://www.londonstockexchange.com/live-markets/market-data-dashboard/price-explorer,ca09258bae71e9845d25466a,active_official_exact_listing_isin_name
LSE::0HN5,proposed,0HN5,LSE,Stock,US0893021032,"Former BL Stores, Inc.",BIG LOTS INC,lse_price_explorer,exchange_directory,https://www.londonstockexchange.com/live-markets/market-data-dashboard/price-explorer,a5af686289ef47a3caf6695d,active_official_exact_listing_isin_name
LSE::0HOX,proposed,0HOX,LSE,Stock,US1011211018,Boston Properties Inc.,BXP INC,lse_price_explorer,exchange_directory,https://www.londonstockexchange.com/live-markets/market-data-dashboard/price-explorer,b406bc0b87d9a8e1387f92dc,active_official_exact_listing_isin_name
LSE::0HR2,proposed,0HR2,LSE,Stock,US12572Q1058,CME Group Inc. Cl A,CME GROUP INC,lse_price_explorer,exchange_directory,https://www.londonstockexchange.com/live-markets/market-data-dashboard/price-explorer,6282efe5f7a271353e9824dc,active_official_exact_listing_isin_name
LSE::0HRB,proposed,0HRB,LSE,Stock,FR0010151589,Centrale d&#39;Achat Francaise pour l&#39; Outre Mer,CAFOM SA,lse_price_explorer,exchange_directory,https://www.londonstockexchange.com/live-markets/market-data-dashboard/price-explorer,d240fbb9a76bc0247d08565b,active_official_exact_listing_isin_name
LSE::0HTF,proposed,0HTF,LSE,Stock,NO0010379266,Norwegian Energy Co. ASA,BLUENORD ASA,lse_price_explorer,exchange_directory,https://www.londonstockexchange.com/live-markets/market-data-dashboard/price-explorer,d7dc66d666eb61db6e5c9a1c,active_official_exact_listing_isin_name
LSE::0I3I,proposed,0I3I,LSE,Stock,US2166485019,Cooper Cos.,COOPER COMPANIES INC,lse_price_explorer,exchange_directory,https://www.londonstockexchange.com/live-markets/market-data-dashboard/price-explorer,ce23ff83ec9b8926f8fa648c,active_official_exact_listing_isin_name
LSE::0IH4,proposed,0IH4,LSE,Stock,FR0013295789,TFF Group,TONNELLERIE FRANCOIS FRERES SA,lse_price_explorer,exchange_directory,https://www.londonstockexchange.com/live-markets/market-data-dashboard/price-explorer,629688b52d25b8d2764adcdd,active_official_exact_listing_isin_name
LSE::0IKZ,proposed,0IKZ,LSE,Stock,US3134003017,Freddie Mac,FEDERAL HOME LOAN MORTGAGE CORP,lse_price_explorer,exchange_directory,https://www.londonstockexchange.com/live-markets/market-data-dashboard/price-explorer,76873967f34890168a368bfa,active_official_exact_listing_isin_name
LSE::0IL6,proposed,0IL6,LSE,Stock,US3156161024,F5,F5 NETWORKS INC,lse_price_explorer,exchange_directory,https://www.londonstockexchange.com/live-markets/market-data-dashboard/price-explorer,032d0cd664d5c8b7d7ebfa11,active_official_exact_listing_isin_name
LSE::0IN2,proposed,0IN2,LSE,Stock,BE0003797140,Groep Brussel Lambert NV,GROUPE BRUXELLES LAMBERT SA,lse_price_explorer,exchange_directory,https://www.londonstockexchange.com/live-markets/market-data-dashboard/price-explorer,3987681b832e36f3f2426494,active_official_exact_listing_isin_name
LSE::0IXL,proposed,0IXL,LSE,Stock,FR0000121691,NRJ Group S.A.,NRJ GROUP SA,lse_price_explorer,exchange_directory,https://www.londonstockexchange.com/live-markets/market-data-dashboard/price-explorer,7e375945e1b176ec9e80c57a,active_official_exact_listing_isin_name
LSE::0J5B,proposed,0J5B,LSE,Stock,NO0010358484,Electromagnetic GeoServices ASA,VOIM ASA,lse_price_explorer,exchange_directory,https://www.londonstockexchange.com/live-markets/market-data-dashboard/price-explorer,db9e001187a9b2eafcf0723f,active_official_exact_listing_isin_name
LSE::0J6V,proposed,0J6V,LSE,Stock,FR0000064578,Covivio SA,FONCIERE DES REGIONS SA,lse_price_explorer,exchange_directory,https://www.londonstockexchange.com/live-markets/market-data-dashboard/price-explorer,0f270cada757acb74da3e8ef,active_official_exact_listing_isin_name
LSE::0JH0,proposed,0JH0,LSE,Stock,SE0000123671,Rejlers AB Series B,REJLERS AB (PUBL),lse_price_explorer,exchange_directory,https://www.londonstockexchange.com/live-markets/market-data-dashboard/price-explorer,b7d8bf3418e36b4c7315c007,active_official_exact_listing_isin_name
LSE::0JPO,proposed,0JPO,LSE,Stock,US4824801009,KLA Corp.,KLA-TENCOR CORP,lse_price_explorer,exchange_directory,https://www.londonstockexchange.com/live-markets/market-data-dashboard/price-explorer,ab8455963d60ac68b8391278,active_official_exact_listing_isin_name
LSE::0JRL,proposed,0JRL,LSE,Stock,US5002551043,Kohl's Corporation,KOHLS CORP,lse_price_explorer,exchange_directory,https://www.londonstockexchange.com/live-markets/market-data-dashboard/price-explorer,8230f8f2052366399926cb66,active_official_exact_listing_isin_name
LSE::0K76,proposed,0K76,LSE,Stock,US64828T2015,New Residential Investment Corp.,RITHM CAPITAL CORP,lse_price_explorer,exchange_directory,https://www.londonstockexchange.com/live-markets/market-data-dashboard/price-explorer,cced243ff23652e5ebf14dcc,active_official_exact_listing_isin_name
LSE::0KAS,proposed,0KAS,LSE,Stock,US6757466064,Ocwen Financial Corp.,ONITY GROUP INC,lse_price_explorer,exchange_directory,https://www.londonstockexchange.com/live-markets/market-data-dashboard/price-explorer,771d18666067b05686bcae0c,active_official_exact_listing_isin_name
LSE::0KEP,proposed,0KEP,LSE,Stock,FI4000513593,KEMPOWER OYJ KEMPOWER ORD SHS,KEMPOWER OYJ,lse_price_explorer,exchange_directory,https://www.londonstockexchange.com/live-markets/market-data-dashboard/price-explorer,c1dd9fc45f7d2c20b2ca467b,active_official_exact_listing_isin_name
LSE::0KG0,proposed,0KG0,LSE,Stock,FI0009000277,TietoEVRY Corp,TIETO OYJ,lse_price_explorer,exchange_directory,https://www.londonstockexchange.com/live-markets/market-data-dashboard/price-explorer,185ef92d2f150c963bd8ed16,active_official_exact_listing_isin_name
LSE::0KUY,proposed,0KUY,LSE,Stock,DE000A0JBPG2,PNE AG,PNE WIND AG,lse_price_explorer,exchange_directory,https://www.londonstockexchange.com/live-markets/market-data-dashboard/price-explorer,b3cd0b6afa07bdc9eb1c700f,active_official_exact_listing_isin_name
LSE::0LCE,proposed,0LCE,LSE,Stock,US8725401090,TJX Cos.,TJX COMPANIES INC,lse_price_explorer,exchange_directory,https://www.londonstockexchange.com/live-markets/market-data-dashboard/price-explorer,aca45a3d6efc8513ea03fb90,active_official_exact_listing_isin_name
LSE::0LVL,proposed,0LVL,LSE,Stock,PLLPP0000011,LPP S.A.,LPP SA,lse_price_explorer,exchange_directory,https://www.londonstockexchange.com/live-markets/market-data-dashboard/price-explorer,058335da946b5a6ea282ded8,active_official_exact_listing_isin_name
LSE::0LXB,proposed,0LXB,LSE,Stock,US9694571004,Williams Cos.,WILLIAMS COMPANIES INC,lse_price_explorer,exchange_directory,https://www.londonstockexchange.com/live-markets/market-data-dashboard/price-explorer,0c16e8ecf24513a386b69b4f,active_official_exact_listing_isin_name
LSE::0M6P,proposed,0M6P,LSE,Stock,LU0088087324,SES S.A,SES SA,lse_price_explorer,exchange_directory,https://www.londonstockexchange.com/live-markets/market-data-dashboard/price-explorer,c6d700e97d4afe21e39d02fd,active_official_exact_listing_isin_name
LSE::0MAN,proposed,0MAN,LSE,Stock,FI4000552526,MANDATUM HOLDING OYJ MANTADUM HOLDING ORD SHS,MANDATUM HOLDING OYJ,lse_price_explorer,exchange_directory,https://www.londonstockexchange.com/live-markets/market-data-dashboard/price-explorer,277880ff3d23075bbcdb99cc,active_official_exact_listing_isin_name
LSE::0MG2,proposed,0MG2,LSE,Stock,DE0006047004,Heidelbergcement AG O.N.,HEIDELBERG MATERIALS AG,lse_price_explorer,exchange_directory,https://www.londonstockexchange.com/live-markets/market-data-dashboard/price-explorer,5e5d9c7121605827c3c62f67,active_official_exact_listing_isin_name
LSE::0MHQ,proposed,0MHQ,LSE,Stock,NO0010187032,Magnora ASA,SEVAN MARINE ASA,lse_price_explorer,exchange_directory,https://www.londonstockexchange.com/live-markets/market-data-dashboard/price-explorer,ea7f9536e78233ebc8e311ac,active_official_exact_listing_isin_name
LSE::0MI3,proposed,0MI3,LSE,Stock,SE0000806994,JM AB (publ),JM AB,lse_price_explorer,exchange_directory,https://www.londonstockexchange.com/live-markets/market-data-dashboard/price-explorer,b14a42e6efa084bc19b2be62,active_official_exact_listing_isin_name
LSE::0MKH,proposed,0MKH,LSE,Stock,AT0000743059,OMV Aktiengesellschaft,OMV AG,lse_price_explorer,exchange_directory,https://www.londonstockexchange.com/live-markets/market-data-dashboard/price-explorer,8ad2559d77e390bdf6c829c9,active_official_exact_listing_isin_name
LSE::0MNA,proposed,0MNA,LSE,Stock,NL0009169515,DGB Group N.V.,GREEN EARTH GROUP N.V.,lse_price_explorer,exchange_directory,https://www.londonstockexchange.com/live-markets/market-data-dashboard/price-explorer,f22457d878531c41dc2bd440,active_official_exact_listing_isin_name
LSE::0MW2,proposed,0MW2,LSE,Stock,FI0009000251,Stockmann Oyj Series B,LINDEX GROUP OYJ,lse_price_explorer,exchange_directory,https://www.londonstockexchange.com/live-markets/market-data-dashboard/price-explorer,e8abf45fafac07424dded9ae,active_official_exact_listing_isin_name
LSE::0N4I,proposed,0N4I,LSE,Stock,IT0000076486,Danieli & C RSP,DANIELI & C OFFICINE MECCANICHE SPA,lse_price_explorer,exchange_directory,https://www.londonstockexchange.com/live-markets/market-data-dashboard/price-explorer,eb56bb62826cf63b76de0d27,active_official_exact_listing_isin_name
LSE::0N9S,proposed,0N9S,LSE,Stock,IT0003132476,ENI S.p.A.,ENI SPA,lse_price_explorer,exchange_directory,https://www.londonstockexchange.com/live-markets/market-data-dashboard/price-explorer,25e870a1f32f98c3ebe1d699,active_official_exact_listing_isin_name
LSE::0NEL,proposed,0NEL,LSE,Stock,FR0004023208,Bassac S.A.,LES NOUVEAUX CONSTRUCTEURS SA,lse_price_explorer,exchange_directory,https://www.londonstockexchange.com/live-markets/market-data-dashboard/price-explorer,7161f6d04f5c16618682582e,active_official_exact_listing_isin_name
LSE::0NEX,proposed,0NEX,LSE,Stock,FR001400NLM4,Orpea SA,EMEIS SA,lse_price_explorer,exchange_directory,https://www.londonstockexchange.com/live-markets/market-data-dashboard/price-explorer,ac67043ccdd95175408a4937,active_official_exact_listing_isin_name
LSE::0NHL,proposed,0NHL,LSE,Stock,DE0006968001,PWO AG,PROGRESS WERK OBERKIRCH AG,lse_price_explorer,exchange_directory,https://www.londonstockexchange.com/live-markets/market-data-dashboard/price-explorer,cc122adbf3881e232fc4df1d,active_official_exact_listing_isin_name
LSE::0NJP,proposed,0NJP,LSE,Stock,IT0001206769,SOL S.p.A,SOL SPA,lse_price_explorer,exchange_directory,https://www.londonstockexchange.com/live-markets/market-data-dashboard/price-explorer,f909ae845f7ee01ce03f0e18,active_official_exact_listing_isin_name
LSE::0NLY,proposed,0NLY,LSE,Stock,DE000A0JL9W6,VERBIO Vereinigte BioEnergie AG,VERBIO SE,lse_price_explorer,exchange_directory,https://www.londonstockexchange.com/live-markets/market-data-dashboard/price-explorer,10f8d511390f71e8ce24873b,active_official_exact_listing_isin_name
LSE::0NNR,proposed,0NNR,LSE,Stock,SE0000825820,Orrön Energy AB (publ),ORRON ENERGY AB,lse_price_explorer,exchange_directory,https://www.londonstockexchange.com/live-markets/market-data-dashboard/price-explorer,6e103fdebc7e2f111d4579b3,active_official_exact_listing_isin_name
LSE::0NO1,proposed,0NO1,LSE,Stock,NL0000852523,TKH Group N.V.,TKH GROUP NV,lse_price_explorer,exchange_directory,https://www.londonstockexchange.com/live-markets/market-data-dashboard/price-explorer,672078e1bf6a0446a4793782,active_official_exact_listing_isin_name
LSE::0NTM,proposed,0NTM,LSE,Stock,AT0000APOST4,Oesterr. Post AG,OESTERREICHISCHE POST AG,lse_price_explorer,exchange_directory,https://www.londonstockexchange.com/live-markets/market-data-dashboard/price-explorer,ff521cf1d0856b375cf05556,active_official_exact_listing_isin_name
LSE::0NTU,proposed,0NTU,LSE,Stock,BE0003822393,Elia Group SA/NV,ELIA SYSTEM OPERATOR NV,lse_price_explorer,exchange_directory,https://www.londonstockexchange.com/live-markets/market-data-dashboard/price-explorer,9df680e233467b9d40c10f79,active_official_exact_listing_isin_name
LSE::0NWW,proposed,0NWW,LSE,Stock,SE0000108201,SKF AB Series A,AB SKF,lse_price_explorer,exchange_directory,https://www.londonstockexchange.com/live-markets/market-data-dashboard/price-explorer,9f157fa736907daf53d4a1b7,active_official_exact_listing_isin_name
LSE::0NWX,proposed,0NWX,LSE,Stock,SE0000108227,AB SKF B,AB SKF,lse_price_explorer,exchange_directory,https://www.londonstockexchange.com/live-markets/market-data-dashboard/price-explorer,5d4c5f9b1e533809ed2e930d,active_official_exact_listing_isin_name
LSE::0NXT,proposed,0NXT,LSE,Stock,DE000A41YFQ4,11880 Solutions AG,11 88 0 SOLUTIONS AG,lse_price_explorer,exchange_directory,https://www.londonstockexchange.com/live-markets/market-data-dashboard/price-explorer,495c932dd69132ae7752ba21,active_official_exact_listing_isin_name
LSE::0O14,proposed,0O14,LSE,Stock,DE0006599905,MERCK Kommanditgesellschaft auf Aktien,MERCK KGAA,lse_price_explorer,exchange_directory,https://www.londonstockexchange.com/live-markets/market-data-dashboard/price-explorer,7c4425004fe7a1ec5b2ea40e,active_official_exact_listing_isin_name
LSE::0O5H,proposed,0O5H,LSE,Stock,SE0000163628,Elekta AB ser. B,ELEKTA AB (PUBL),lse_price_explorer,exchange_directory,https://www.londonstockexchange.com/live-markets/market-data-dashboard/price-explorer,e99004832e521bd09d2aec14,active_official_exact_listing_isin_name
LSE::0OAW,proposed,0OAW,LSE,Stock,NO0003054108,Mowi ASA,MARINE HARVEST ASA,lse_price_explorer,exchange_directory,https://www.londonstockexchange.com/live-markets/market-data-dashboard/price-explorer,d673dd7a1a62986a657a5f56,active_official_exact_listing_isin_name
LSE::0OFP,proposed,0OFP,LSE,Stock,SE0000117970,NCC AB ser. B,NCC AB,lse_price_explorer,exchange_directory,https://www.londonstockexchange.com/live-markets/market-data-dashboard/price-explorer,a065b62e55eb7f09ae7eafc5,active_official_exact_listing_isin_name
LSE::0OMK,proposed,0OMK,LSE,Stock,FR0000121667,EssilorLuxottica SA,ESSILOR INTERNATIONAL SA,lse_price_explorer,exchange_directory,https://www.londonstockexchange.com/live-markets/market-data-dashboard/price-explorer,01abfb4990749d954b828370,active_official_exact_listing_isin_name
LSE::0OQ2,proposed,0OQ2,LSE,Stock,FR0000065864,SOGECLAIR SA SOGECLAIR ORD SHS,SOGECLAIR SA,lse_price_explorer,exchange_directory,https://www.londonstockexchange.com/live-markets/market-data-dashboard/price-explorer,63206984e79c9391d1f4a7b6,active_official_exact_listing_isin_name
LSE::0P0T,proposed,0P0T,LSE,Stock,NO0010571698,Wilhelm Wilhelmsen Holding ASA,WILH WILHELMSEN HOLDING ASA,lse_price_explorer,exchange_directory,https://www.londonstockexchange.com/live-markets/market-data-dashboard/price-explorer,69cd677dcd4fad6e5fe08f64,active_official_exact_listing_isin_name
LSE::0P5L,proposed,0P5L,LSE,Stock,FR0011040500,Axway Software S.A.,74SOFTWARE SA,lse_price_explorer,exchange_directory,https://www.londonstockexchange.com/live-markets/market-data-dashboard/price-explorer,f39f222ab82285ddb86e7341,active_official_exact_listing_isin_name
LSE::0P72,proposed,0P72,LSE,Stock,FR0010533075,Getlink SE,GROUPE EUROTUNNEL SE,lse_price_explorer,exchange_directory,https://www.londonstockexchange.com/live-markets/market-data-dashboard/price-explorer,2f683f6dbcfd58db91abbcad,active_official_exact_listing_isin_name
LSE::0Q3C,proposed,0Q3C,LSE,Stock,DE000A1K0235,Suess Microtec SE,SUSS MICROTEC SE,lse_price_explorer,exchange_directory,https://www.londonstockexchange.com/live-markets/market-data-dashboard/price-explorer,838134ccdad10a81c0eafabd,active_official_exact_listing_isin_name
LSE::0Q6M,proposed,0Q6M,LSE,Stock,IT0004810054,Unipol Gruppo Finanziario Spa,UNIPOL ASSICURAZIONI SPA,lse_price_explorer,exchange_directory,https://www.londonstockexchange.com/live-markets/market-data-dashboard/price-explorer,e5125cf846aafa6a385a9e6d,active_official_exact_listing_isin_name
LSE::0Q8P,proposed,0Q8P,LSE,Stock,ES0175438003,Prosegur,PROSEGUR COMPANIA DE SEGURIDAD SA,lse_price_explorer,exchange_directory,https://www.londonstockexchange.com/live-markets/market-data-dashboard/price-explorer,211fb9435b3ea93abf171e0d,active_official_exact_listing_isin_name
LSE::0QAU,proposed,0QAU,LSE,Stock,FR0010291245,Verimatrix S.A.,INSIDE SECURE SA,lse_price_explorer,exchange_directory,https://www.londonstockexchange.com/live-markets/market-data-dashboard/price-explorer,080a7742662be7ac96cdb0a0,active_official_exact_listing_isin_name
LSE::0QGG,proposed,0QGG,LSE,Stock,DE000A1X3XX4,DIC Asset AG,BRANICKS GROUP AG,lse_price_explorer,exchange_directory,https://www.londonstockexchange.com/live-markets/market-data-dashboard/price-explorer,0644d96dbd9ed15edb353eae,active_official_exact_listing_isin_name
LSE::0QGU,proposed,0QGU,LSE,Stock,NL0010545661,CNH Industrial N.V.,CNH INDUSTRIAL NV,lse_price_explorer,exchange_directory,https://www.londonstockexchange.com/live-markets/market-data-dashboard/price-explorer,f2315992529b27a363d446c6,active_official_exact_listing_isin_name
LSE::0QI9,proposed,0QI9,LSE,Stock,SE0015661236,Creades AB Series A,CREADES AB (PUBL),lse_price_explorer,exchange_directory,https://www.londonstockexchange.com/live-markets/market-data-dashboard/price-explorer,1f852d1f6a77832c737f2145,active_official_exact_listing_isin_name
LSE::0QKQ,proposed,0QKQ,LSE,Stock,CH1251125998,RELIEF THERAPEUTICS Holding AG,MINDMAZE THERAPEUTICS HOLDING,lse_price_explorer,exchange_directory,https://www.londonstockexchange.com/live-markets/market-data-dashboard/price-explorer,f314e64f9042ac7d21e08f07,active_official_exact_listing_isin_name
LSE::0QM4,proposed,0QM4,LSE,Stock,CH0012255144,Swatch Group AG Reg.,THE SWATCH GROUP AG,lse_price_explorer,exchange_directory,https://www.londonstockexchange.com/live-markets/market-data-dashboard/price-explorer,44a4cd5fcaebcfd5b8113e1a,active_official_exact_listing_isin_name
LSE::0QMI,proposed,0QMI,LSE,Stock,CH1256740924,SGS S.A.,SGS SA,lse_price_explorer,exchange_directory,https://www.londonstockexchange.com/live-markets/market-data-dashboard/price-explorer,ede6b04885d53932cfe16ae6,active_official_exact_listing_isin_name
LSE::0QN0,proposed,0QN0,LSE,Stock,CH0019107025,APG SGA S.A.,APG SGA SA,lse_price_explorer,exchange_directory,https://www.londonstockexchange.com/live-markets/market-data-dashboard/price-explorer,af743dc4ba380f750d2970ab,active_official_exact_listing_isin_name
LSE::0QO9,proposed,0QO9,LSE,Stock,CH0011178255,TX Group AG,TAMEDIA AG,lse_price_explorer,exchange_directory,https://www.londonstockexchange.com/live-markets/market-data-dashboard/price-explorer,dc64df1496e950339285bd2c,active_official_exact_listing_isin_name
LSE::0QQJ,proposed,0QQJ,LSE,Stock,CH1262055788,Evolva Holding SA,EVONEXT HOLDINGS SA,lse_price_explorer,exchange_directory,https://www.londonstockexchange.com/live-markets/market-data-dashboard/price-explorer,719a3f6df0158ed09dc2d07e,active_official_exact_listing_isin_name
LSE::0QQK,proposed,0QQK,LSE,Stock,CH0208062627,Meier Tobler Group AG,WALTER MEIER AG,lse_price_explorer,exchange_directory,https://www.londonstockexchange.com/live-markets/market-data-dashboard/price-explorer,433adc20c9079f8ab0bfd4ee,active_official_exact_listing_isin_name
LSE::0QTY,proposed,0QTY,LSE,Stock,SE0017766843,OEM-International AB Series B,OEM INTERNATIONAL AB,lse_price_explorer,exchange_directory,https://www.londonstockexchange.com/live-markets/market-data-dashboard/price-explorer,a608a16bff27e44b97109afb,active_official_exact_listing_isin_name
LSE::0QVF,proposed,0QVF,LSE,Stock,IT0000072170,FinecoBank S.p.A.,FINECOBANK BANCA FINECO SPA,lse_price_explorer,exchange_directory,https://www.londonstockexchange.com/live-markets/market-data-dashboard/price-explorer,af101c891abf0fb7735f4c2e,active_official_exact_listing_isin_name
LSE::0QVV,proposed,0QVV,LSE,Stock,NL0010773842,NN Group N.V.,NN GROUP NV,lse_price_explorer,exchange_directory,https://www.londonstockexchange.com/live-markets/market-data-dashboard/price-explorer,9001e3fc41d2de6f99875d7b,active_official_exact_listing_isin_name
LSE::0QW1,proposed,0QW1,LSE,Stock,CH0244017502,Bystronic AG,CONZZETA AG,lse_price_explorer,exchange_directory,https://www.londonstockexchange.com/live-markets/market-data-dashboard/price-explorer,bedcb7d0444c51e742fe7ced,active_official_exact_listing_isin_name
LSE::0QWC,proposed,0QWC,LSE,Stock,AT0000A3EPA4,Ams AG,AMS-OSRAM AG,lse_price_explorer,exchange_directory,https://www.londonstockexchange.com/live-markets/market-data-dashboard/price-explorer,e5d6b14c42007ccb9e3a3bb0,active_official_exact_listing_isin_name
LSE::0R03,proposed,0R03,LSE,Stock,US89417E1091,Travelers Cos. Inc.,TRAVELERS COMPANIES INC,lse_price_explorer,exchange_directory,https://www.londonstockexchange.com/live-markets/market-data-dashboard/price-explorer,9b361665ab2e6c337581b99f,active_official_exact_listing_isin_name
LSE::0R1M,proposed,0R1M,LSE,Stock,US30233Q1085,Exxon Mobil Corporation,EXXONMOBIL HOLDINGS CORP,lse_price_explorer,exchange_directory,https://www.londonstockexchange.com/live-markets/market-data-dashboard/price-explorer,d8311b42b0c1bcefa804d4c4,active_official_exact_listing_isin_name
LSE::0R44,proposed,0R44,LSE,Stock,SE0002016352,C-RAD AB Series B,C-RAD AB,lse_price_explorer,exchange_directory,https://www.londonstockexchange.com/live-markets/market-data-dashboard/price-explorer,9cb4e4283d885f9e7c92f9af,active_official_exact_listing_isin_name
LSE::0R4P,proposed,0R4P,LSE,Stock,SE0015949201,Lifco AB Series B,LIFCO AB (PUBL),lse_price_explorer,exchange_directory,https://www.londonstockexchange.com/live-markets/market-data-dashboard/price-explorer,a1e84ee3095850b9cba5b192,active_official_exact_listing_isin_name
LSE::0R6Y,proposed,0R6Y,LSE,Stock,NO0010597883,Nordic Nanovector ASA,THOR MEDICAL ASA,lse_price_explorer,exchange_directory,https://www.londonstockexchange.com/live-markets/market-data-dashboard/price-explorer,cdf811dbf0ee98eb736eb62d,active_official_exact_listing_isin_name
LSE::0R9I,proposed,0R9I,LSE,Stock,NO0010736879,Schibsted ASA B,VEND MARKETPLACES ASA,lse_price_explorer,exchange_directory,https://www.londonstockexchange.com/live-markets/market-data-dashboard/price-explorer,486c676932e7b0317c109d77,active_official_exact_listing_isin_name
LSE::0RGK,proposed,0RGK,LSE,Stock,SE0008321921,BE Group AB,BE GROUP AB (PUBL),lse_price_explorer,exchange_directory,https://www.londonstockexchange.com/live-markets/market-data-dashboard/price-explorer,dda881c2819541f75bc54964,active_official_exact_listing_isin_name
LSE::0RH2,proposed,0RH2,LSE,Stock,IT0005453250,El.En S.p.A.,EL EN SPA,lse_price_explorer,exchange_directory,https://www.londonstockexchange.com/live-markets/market-data-dashboard/price-explorer,f24f58b693c9f5e4c4e1a129,active_official_exact_listing_isin_name
LSE::0RHM,proposed,0RHM,LSE,Stock,SE0025666969,TF Bank AB,AVARDA BANK AB,lse_price_explorer,exchange_directory,https://www.londonstockexchange.com/live-markets/market-data-dashboard/price-explorer,543f033fa92c337228ee3b83,active_official_exact_listing_isin_name
LSE::0RI5,proposed,0RI5,LSE,Stock,ES0173093024,Red Electrica Corporacion SA,REDEIA CORP SA,lse_price_explorer,exchange_directory,https://www.londonstockexchange.com/live-markets/market-data-dashboard/price-explorer,de2d4e1e328d3f8dc18c6028,active_official_exact_listing_isin_name
LSE::0RJ6,proposed,0RJ6,LSE,Stock,FR001400SF56,L.D.C. S.A.,SOCIETE LDC SA,lse_price_explorer,exchange_directory,https://www.londonstockexchange.com/live-markets/market-data-dashboard/price-explorer,256bf972863920ae1cad3b4b,active_official_exact_listing_isin_name
LSE::0RQC,proposed,0RQC,LSE,Stock,SE0009922156,Essity AB Series A,ESSITY AB (PUBL),lse_price_explorer,exchange_directory,https://www.londonstockexchange.com/live-markets/market-data-dashboard/price-explorer,7e4071f5c70e0337a4bf706b,active_official_exact_listing_isin_name
LSE::0RQD,proposed,0RQD,LSE,Stock,SE0009922164,Essity AB Series B,ESSITY AB (PUBL),lse_price_explorer,exchange_directory,https://www.londonstockexchange.com/live-markets/market-data-dashboard/price-explorer,593768d394132449d7a38888,active_official_exact_listing_isin_name
LSE::0RQN,proposed,0RQN,LSE,Stock,NL0012365084,NSI N.V.,NSI NV,lse_price_explorer,exchange_directory,https://www.londonstockexchange.com/live-markets/market-data-dashboard/price-explorer,85b9f7db34efe51fcdf0f0d2,active_official_exact_listing_isin_name
LSE::0RQV,proposed,0RQV,LSE,Stock,IT0005107492,LU-VE S.p.A.,LU-VE SPA,lse_price_explorer,exchange_directory,https://www.londonstockexchange.com/live-markets/market-data-dashboard/price-explorer,6c9be24cf23f871ee6a232ca,active_official_exact_listing_isin_name
LSE::0RUK,proposed,0RUK,LSE,Stock,HU0000153937,MOL Hungarian Oil & Gas PLC,MOL PLC,lse_price_explorer,exchange_directory,https://www.londonstockexchange.com/live-markets/market-data-dashboard/price-explorer,07900b41563327c62670264e,active_official_exact_listing_isin_name
LSE::0RV4,proposed,0RV4,LSE,Stock,DE000A2E4LE9,Voltatron AG,VOLTABOX AG,lse_price_explorer,exchange_directory,https://www.londonstockexchange.com/live-markets/market-data-dashboard/price-explorer,32e097b1b324396b5f5abcfc,active_official_exact_listing_isin_name
LSE::0SOM,proposed,0SOM,LSE,Stock,SE0010948588,BHG Group AB Series B,BYGGHEMMA GROUP FIRST AB,lse_price_explorer,exchange_directory,https://www.londonstockexchange.com/live-markets/market-data-dashboard/price-explorer,8c6f4e3e55ed38a4e9625a94,active_official_exact_listing_isin_name
LSE::0VBE,proposed,0VBE,LSE,Stock,CA68390D1069,Osisko Gold Royalties Ltd.,OR ROYALTIES INC,lse_price_explorer,exchange_directory,https://www.londonstockexchange.com/live-markets/market-data-dashboard/price-explorer,d4f168eec024d5ef5231db85,active_official_exact_listing_isin_name
LSE::0VR6,proposed,0VR6,LSE,ETF,CH0183135992,ZKB Silver ETF,SWISSCANTO CH SILVER ETF SWISSCANTO CH SILVER ETF AA EUR,lse_price_explorer,exchange_directory,https://www.londonstockexchange.com/live-markets/market-data-dashboard/price-explorer,cccf3e8066f2cb751b67cc42,active_official_exact_listing_isin_name
LSE::1AMZ,proposed,1AMZ,LSE,ETF,XS2337104231,LS 1x Amazon Tracker ETC,LEVERAGE SHARES PUBLIC LIMITED CO. 1X AMZN,lse_price_explorer,exchange_directory,https://www.londonstockexchange.com/live-markets/market-data-dashboard/price-explorer,bb73dce306ae6ec556284f11,active_official_exact_listing_isin_name
LSE::1MSF,proposed,1MSF,LSE,ETF,XS2337100320,LS 1x Microsoft Tracker ETP Securities,LEVERAGE SHARES PUBLIC LIMITED CO. 1X MSFT,lse_price_explorer,exchange_directory,https://www.londonstockexchange.com/live-markets/market-data-dashboard/price-explorer,62b3f20c983e776ab926fe8a,active_official_exact_listing_isin_name
LSE::1TSL,proposed,1TSL,LSE,ETF,XS2337093798,LS 1x Tesla Tracker ETC,LEVERAGE SHARES PUBLIC LIMITED CO. 1X TSLA,lse_price_explorer,exchange_directory,https://www.londonstockexchange.com/live-markets/market-data-dashboard/price-explorer,945e9e7da7f8089d639c8a3d,active_official_exact_listing_isin_name
LSE::30GB,proposed,30GB,LSE,ETF,IE000WZJ38F1,iShares iBonds Dec 2030 Term $ Corp UCITS ETF GBP Hedged (Dist),ISHARES V PLC ISH IBDS DEC30 TERM $ CRP UCTS ETF GPB H,lse_price_explorer,exchange_directory,https://www.londonstockexchange.com/live-markets/market-data-dashboard/price-explorer,26a8602652c990f284d75a52,active_official_exact_listing_isin_name
LSE::46IE,proposed,46IE,LSE,Stock,GB0007655250,S & U PLC 6% CUM PRF #1,S & U PLC,lse_price_explorer,exchange_directory,https://www.londonstockexchange.com/live-markets/market-data-dashboard/price-explorer,1a5fb13ea42dc7472cd6b144,active_official_exact_listing_isin_name
LSE::47HA,proposed,47HA,LSE,Stock,GB0004058433,INVESTEC INVESTMENT TRUST PLC 5% CUM PRF STK #1,INVESTEC INVESTMENT TRUST PLC,lse_price_explorer,exchange_directory,https://www.londonstockexchange.com/live-markets/market-data-dashboard/price-explorer,97b05d46f852b17aa9d09e7d,active_official_exact_listing_isin_name
LSE::4BB,proposed,4BB,LSE,Stock,GB00BMCLYF79,4BASEBIO UK SOCIETAS,4BASEBIO PLC,lse_price_explorer,exchange_directory,https://www.londonstockexchange.com/live-markets/market-data-dashboard/price-explorer,68d1005db58d1cf46665e6d0,active_official_exact_listing_isin_name
LSE::500D,proposed,500D,LSE,ETF,LU2391437253,Amundi ETF S&P 500 UCITS ETF USD,AMUNDI INDEX SOLUTIONS AMUNDI S&P 500 SWAP UCITS ETF USD ACC,lse_price_explorer,exchange_directory,https://www.londonstockexchange.com/live-markets/market-data-dashboard/price-explorer,207d3824fdf2c63231a6aa02,active_official_exact_listing_isin_name
LSE::500G,proposed,500G,LSE,ETF,LU1681049018,Amundi Index Solutions - Amundi S&P 500 UCITS ETF C USD,AMUNDI INDEX SOLUTIONS AMUNDI S&P 500 SWAP UCITS ETF USD ACC,lse_price_explorer,exchange_directory,https://www.londonstockexchange.com/live-markets/market-data-dashboard/price-explorer,378d34a2669e2899a6db0a74,active_official_exact_listing_isin_name
LSE::500U,proposed,500U,LSE,ETF,LU1681049018,Amundi Index Solutions - Amundi S&P 500 UCITS ETF C USD,AMUNDI INDEX SOLUTIONS AMUNDI S&P 500 SWAP UCITS ETF USD ACC,lse_price_explorer,exchange_directory,https://www.londonstockexchange.com/live-markets/market-data-dashboard/price-explorer,5b737d9a727b3354c5904190,active_official_exact_listing_isin_name
LSE::67GX,proposed,67GX,LSE,Stock,GB0003775664,ZIGUP PLC 5% CUM PRF 50P,ZIGUP PLC,lse_price_explorer,exchange_directory,https://www.londonstockexchange.com/live-markets/market-data-dashboard/price-explorer,0b3428bf5e14ec53d9f4e0c1,active_official_exact_listing_isin_name
LSE::70GD,proposed,70GD,LSE,Stock,GB0000455849,ANTOFAGASTA PLC 5% CUM PRF #1,ANTOFAGASTA PLC,lse_price_explorer,exchange_directory,https://www.londonstockexchange.com/live-markets/market-data-dashboard/price-explorer,86e7a40e14d9f2def3415cb6,active_official_exact_listing_isin_name
LSE::72HN,proposed,72HN,LSE,Stock,GB0005800296,MERCHANTS TRUST PLC 3.65% CUM PRF #1,MERCHANTS TRUST PLC,lse_price_explorer,exchange_directory,https://www.londonstockexchange.com/live-markets/market-data-dashboard/price-explorer,780a1a1b17b3b9ec48ba7290,active_official_exact_listing_isin_name
LSE::76ID,proposed,76ID,LSE,Stock,GB0007530149,ROTORK PLC 9 1/2% CUM PRF #1,ROTORK PLC,lse_price_explorer,exchange_directory,https://www.londonstockexchange.com/live-markets/market-data-dashboard/price-explorer,500f1327043d118bcc928b47,active_official_exact_listing_isin_name
LSE::79GL,proposed,79GL,LSE,Stock,GB0001615540,CAFFYNS PLC 11% CUM PRF #1,CAFFYNS PLC,lse_price_explorer,exchange_directory,https://www.londonstockexchange.com/live-markets/market-data-dashboard/price-explorer,d5c0c27790586887a6015139,active_official_exact_listing_isin_name
LSE::92IP,proposed,92IP,LSE,Stock,GB0009772459,MARSTON'S PLC 6% CUM PRF(PTG)STK #1,MARSTON'S PLC,lse_price_explorer,exchange_directory,https://www.londonstockexchange.com/live-markets/market-data-dashboard/price-explorer,22776247bafceb18dba93d32,active_official_exact_listing_isin_name
LSE::ACG,proposed,ACG,LSE,Stock,VGG0056A1030,ACG Acquisition Co. Ltd.,ACG METALS LIMITED,lse_price_explorer,exchange_directory,https://www.londonstockexchange.com/live-markets/market-data-dashboard/price-explorer,56dd6798d2d06ceb60d26ea5,active_official_exact_listing_isin_name
LSE::ACWD,proposed,ACWD,LSE,ETF,IE00B44Z5B48,SPDR® MSCI ACWI UCITS ETF,SSGA SPDR ETFS EUROPE I PLC SS SPDR MSCI ALL COUNTRY WOR UCITS ETF$,lse_price_explorer,exchange_directory,https://www.londonstockexchange.com/live-markets/market-data-dashboard/price-explorer,3350fec06022010c2cd26a6e,active_official_exact_listing_isin_name
LSE::AEET,proposed,AEET,LSE,Stock,GB00BN6JYS78,Aquila Energy Efficiency Trust PLC,PARVUS ENERGY EFFICIENCY TRUST PLC,lse_price_explorer,exchange_directory,https://www.londonstockexchange.com/live-markets/market-data-dashboard/price-explorer,d547391052cf0d1a358ff82d,active_official_exact_listing_isin_name
LSE::AEGG,proposed,AEGG,LSE,ETF,IE000ZXYID24,iShares Global Aggregate Bond ESG UCITS ETF GBP Hedged Accumulation,ISHARES III PLC ISHS GBL AGG BD ESG SRI ETF GBP HDG(ACC),lse_price_explorer,exchange_directory,https://www.londonstockexchange.com/live-markets/market-data-dashboard/price-explorer,e3f03ce6a1ef5bdeb9a905e7,active_official_exact_listing_isin_name
LSE::AGHG,proposed,AGHG,LSE,ETF,LU2355200523,Amundi Index Solutions - Amundi Index Global AGG 500M UCITS ETF DR GBP Hedged GBX,AMUNDI INDEX SOLUTIONS AMUNDI CORE GLOBAL AGGRGATE BOND ETF GBP,lse_price_explorer,exchange_directory,https://www.londonstockexchange.com/live-markets/market-data-dashboard/price-explorer,cd5e7ba014b55ca029044741,active_official_exact_listing_isin_name
LSE::AIGL,proposed,AIGL,LSE,ETF,GB00B15KYK92,WisdomTree Livestock,WISDOMTREE COMMODITY SECURITIES LTD WISDOMTREE LIVESTOCK,lse_price_explorer,exchange_directory,https://www.londonstockexchange.com/live-markets/market-data-dashboard/price-explorer,98aa398e0707042eaaa7ba49,active_official_exact_listing_isin_name
LSE::ASCH,proposed,ASCH,LSE,ETF,IE000G9O8QD4,abrdn Future Supply Chains UCITS ETF USD Accumulating,ABRDN III ICAV ABRDN ASCH UCITS ETF - GBX,lse_price_explorer,exchange_directory,https://www.londonstockexchange.com/live-markets/market-data-dashboard/price-explorer,cb684f03508a02246ab804de,active_official_exact_listing_isin_name
LSE::ATM,proposed,ATM,LSE,Stock,GG00BD95V148,AfriTin Mining Ltd,ANDRADA MINING LIMITED,lse_price_explorer,exchange_directory,https://www.londonstockexchange.com/live-markets/market-data-dashboard/price-explorer,ae6ec09f4ec43da0e4a696cd,active_official_exact_listing_isin_name
LSE::AVGY,proposed,AVGY,LSE,ETF,XS3068776312,YMST,LEVERAGE SHARES PUBLIC LIMITED CO. INCOMESHARES BROADCOM OPTIONS ETP,lse_price_explorer,exchange_directory,https://www.londonstockexchange.com/live-markets/market-data-dashboard/price-explorer,a7d51278884f8b06d4cad12e,active_official_exact_listing_isin_name
LSE::BC88,proposed,BC88,LSE,Stock,GB0001904845,CHEMRING GROUP PLC 7% CUM PRF #1,CHEMRING GROUP PLC,lse_price_explorer,exchange_directory,https://www.londonstockexchange.com/live-markets/market-data-dashboard/price-explorer,3427287fe2970a3b8ba911ba,active_official_exact_listing_isin_name
LSE::BEMO,proposed,BEMO,LSE,Stock,GB0032273343,Baring Emerging Europe Plc,BARINGS EMERGING EMEA OPPORTUNITIES PLC,lse_price_explorer,exchange_directory,https://www.londonstockexchange.com/live-markets/market-data-dashboard/price-explorer,3610c71a50b5a2f62d1f47f4,active_official_exact_listing_isin_name
LSE::BKS,proposed,BKS,LSE,Stock,GB00BZ0X8W18,Beeks Trading Corporation Ltd,BEEKS FINANCIAL CLOUD GROUP PLC,lse_price_explorer,exchange_directory,https://www.londonstockexchange.com/live-markets/market-data-dashboard/price-explorer,fe083704c913aea17c415363,active_official_exact_listing_isin_name
LSE::BNKS,proposed,BNKS,LSE,ETF,IE00BD3V0B10,iShares S&P U.S. Banks ETF,ISHARES V PLC ISH SP US BANKS ETF USD ACC,lse_price_explorer,exchange_directory,https://www.londonstockexchange.com/live-markets/market-data-dashboard/price-explorer,5c648cac91e3d8e9e26a05e7,active_official_exact_listing_isin_name
LSE::CAPD,proposed,CAPD,LSE,Stock,BMG022411000,Capital Drilling Ltd,CAPITAL LIMITED,lse_price_explorer,exchange_directory,https://www.londonstockexchange.com/live-markets/market-data-dashboard/price-explorer,a32bca9597faef67e9842183,active_official_exact_listing_isin_name
LSE::CBU3,proposed,CBU3,LSE,ETF,IE00B3VWN179,iShares VII PLC - iShares $ Treasury Bd 1-3y ETF USD Acc B,ISHARES VII PLC ISHRS USD TRSY BOND 1-3YR ETF USD (ACC),lse_price_explorer,exchange_directory,https://www.londonstockexchange.com/live-markets/market-data-dashboard/price-explorer,4c8a6225cf67c405ef3b638a,active_official_exact_listing_isin_name
LSE::CBUG,proposed,CBUG,LSE,ETF,IE00BJJPVP04,iShares VII PLC - iShares $ Treasury Bd 3-7yr ETF GBPHDist EUR,ISHARES VII PLC ISH $ TBILLS 3-7YR GBP HEDGED DIS,lse_price_explorer,exchange_directory,https://www.londonstockexchange.com/live-markets/market-data-dashboard/price-explorer,f2d5b1da7dc1080ae4d62b6d,active_official_exact_listing_isin_name
LSE::CEMG,proposed,CEMG,LSE,ETF,IE00BKM4H197,iShares MSCI Emerging Markets Consumer Growth UCITS,ISHARES V PLC ISHRS MSCI EM CNSMR GRWTH ETF USD (ACC),lse_price_explorer,exchange_directory,https://www.londonstockexchange.com/live-markets/market-data-dashboard/price-explorer,67a999e9dee990ac35457b63,active_official_exact_listing_isin_name
LSE::CIBR,proposed,CIBR,LSE,ETF,IE00BF16M727,First Trust Nasdaq Cybersecurity UCITS ETF Class A USD Accumulation,FIRST TRUST GLOBAL FUNDS ICAV FIRSTTRUSTNASDAQCYBERSECURITYUCITS,lse_price_explorer,exchange_directory,https://www.londonstockexchange.com/live-markets/market-data-dashboard/price-explorer,8b75504a487c817062c7b6ee,active_official_exact_listing_isin_name
LSE::CKI,proposed,CKI,LSE,Stock,BMG2178K1009,Ck Infra Holdings Ltd,CK INFRASTRUCTURE HOLDINGS LIMITED,lse_price_explorer,exchange_directory,https://www.londonstockexchange.com/live-markets/market-data-dashboard/price-explorer,87f36e31ac2e17f6def6c097,active_official_exact_listing_isin_name
LSE::CLMA,proposed,CLMA,LSE,ETF,IE00BNC1F287,iClima Global Decarbonisation Enablers UCITS ETF Acc,HANETF ICAV GUINNESS SUST ENERGY UCITS ETF ACC USD,lse_price_explorer,exchange_directory,https://www.londonstockexchange.com/live-markets/market-data-dashboard/price-explorer,649de3a4d60fd4b166eb903f,active_official_exact_listing_isin_name
LSE::CLMP,proposed,CLMP,LSE,ETF,IE00BNC1F287,iClima Global Decarbonisation Enablers UCITS ETF Acc GBP,HANETF ICAV GUINNESS SUST ENERGY UCITS ETF ACC GBX,lse_price_explorer,exchange_directory,https://www.londonstockexchange.com/live-markets/market-data-dashboard/price-explorer,192da24c9f47c9e64b405e55,active_official_exact_listing_isin_name
LSE::CMBG,proposed,CMBG,LSE,ETF,CH0348206365,UBS AG LONDON CERT PERP(CMDJGMT IDX),UBS AG UBS ETC (CMCI BCOM) GBP,lse_price_explorer,exchange_directory,https://www.londonstockexchange.com/live-markets/market-data-dashboard/price-explorer,b530aeb2bd1e8ee680b96133,active_official_exact_listing_isin_name
LSE::CMRS,proposed,CMRS,LSE,Stock,GB00BMDQ4L78,Caerus Mineral Resources PLC,CRITICAL MINERAL RESOURCES PLC,lse_price_explorer,exchange_directory,https://www.londonstockexchange.com/live-markets/market-data-dashboard/price-explorer,a85a70cf416caef62e3aca11,active_official_exact_listing_isin_name
LSE::COCO,proposed,COCO,LSE,ETF,JE00B2QXZK10,WisdomTree Cocoa,WISDOMTREE COMMODITY SECURITIES LTD WISDOMTREE COCOA,lse_price_explorer,exchange_directory,https://www.londonstockexchange.com/live-markets/market-data-dashboard/price-explorer,de4fb7ab02dfed058ec92ad7,active_official_exact_listing_isin_name
LSE::COPB,proposed,COPB,LSE,ETF,GB00B15KXQ89,WisdomTree Copper,WISDOMTREE COMMODITY SECURITIES LTD WISDOMTREE COPPER,lse_price_explorer,exchange_directory,https://www.londonstockexchange.com/live-markets/market-data-dashboard/price-explorer,97c353867a9cf828cd58526f,active_official_exact_listing_isin_name
LSE::CREI,proposed,CREI,LSE,Stock,GB00BJFLFT45,Custodian REIT PLC,CUSTODIAN PROPERTY INCOME REIT PLC,lse_price_explorer,exchange_directory,https://www.londonstockexchange.com/live-markets/market-data-dashboard/price-explorer,bc90c97d63e7a6614940af7f,active_official_exact_listing_isin_name
LSE::CRPA,proposed,CRPA,LSE,ETF,IE00BFM6TB42,iShares Global Corp Bond UCITS ETF USD (Acc),ISHARES PLC ISH GLB CORP BND ETF USD ACC,lse_price_explorer,exchange_directory,https://www.londonstockexchange.com/live-markets/market-data-dashboard/price-explorer,1f0e893ba2982c3c3132f2f0,active_official_exact_listing_isin_name
LSE::CRPS,proposed,CRPS,LSE,ETF,IE00B7J7TB45,iShares Global Corporate Bond UCITS,ISHARES PLC ISHARES GLBL CORP BND UCITS ETF USD DIST,lse_price_explorer,exchange_directory,https://www.londonstockexchange.com/live-markets/market-data-dashboard/price-explorer,270b95340e816d17ae214f84,active_official_exact_listing_isin_name
LSE::CT2B,proposed,CT2B,LSE,ETF,IE00BKTLJB70,iShares Smart City Infrastructure UCITS ETF USD Inc,ISHARES IV PLC ISH £CTB G ICO D,lse_price_explorer,exchange_directory,https://www.londonstockexchange.com/live-markets/market-data-dashboard/price-explorer,7a9be69979745a5be77264e0,active_official_exact_listing_isin_name
LSE::CU31,proposed,CU31,LSE,ETF,IE00B3VWN179,iShares VII PLC - iShares $ Treasury Bd 1-3y ETF USD Acc B,ISHARES VII PLC ISHRS USD TRSY BOND 1-3YR ETF USD (ACC),lse_price_explorer,exchange_directory,https://www.londonstockexchange.com/live-markets/market-data-dashboard/price-explorer,20f137dc3724f30171f87685,active_official_exact_listing_isin_name
LSE::CYGB,proposed,CYGB,LSE,ETF,IE00BMZ17Y47,iShares China CNY Bond UCITS ETF GBP Hedged Dist,ISHARES IV PLC ISH CNYB E GBH D,lse_price_explorer,exchange_directory,https://www.londonstockexchange.com/live-markets/market-data-dashboard/price-explorer,1e97dd94603d14edfb488e17,active_official_exact_listing_isin_name
LSE::DAGB,proposed,DAGB,LSE,ETF,IE00BMDKNW35,VanEck Digital Assets Equity UCITS ETF A USD Acc,VANECK UCITS ETFS PLC VANECK CRYPTO AND BLOCKCHAIN UCITS ETF,lse_price_explorer,exchange_directory,https://www.londonstockexchange.com/live-markets/market-data-dashboard/price-explorer,56cc57fb08d77b139c280829,active_official_exact_listing_isin_name
LSE::DBRC,proposed,DBRC,LSE,ETF,IE00B1W57M07,iShares BRIC 50 UCITS,ISHARES II PLC ISHARES BIC 50 UCITS ETF USD (DIST),lse_price_explorer,exchange_directory,https://www.londonstockexchange.com/live-markets/market-data-dashboard/price-explorer,1a8e3a46394302b282dd4796,active_official_exact_listing_isin_name
LSE::DCC,proposed,DCC,LSE,Stock,IE0002424939,DCC plc,DCC ENERGY PLC,lse_price_explorer,exchange_directory,https://www.londonstockexchange.com/live-markets/market-data-dashboard/price-explorer,81f7e7a448f0eb34e8d80896,active_official_exact_listing_isin_name
LSE::DDGC,proposed,DDGC,LSE,ETF,IE000EGGFVG6,Global Core Equity UCITS ETF USD Acc,DIMENSIONAL FUNDS ICAV DIMENSIONAL-GLOBAL CORE EQUITY UCITS ETF,lse_price_explorer,exchange_directory,https://www.londonstockexchange.com/live-markets/market-data-dashboard/price-explorer,2de13628102aa5b2d87aaeef,active_official_exact_listing_isin_name
LSE::DH2O,proposed,DH2O,LSE,ETF,IE00B1TXK627,iShares Global Water UCITS,ISHARES II PLC ISHRS GLOBAL WATER UCITS ETF USD (DIST),lse_price_explorer,exchange_directory,https://www.londonstockexchange.com/live-markets/market-data-dashboard/price-explorer,ad22c509b960c558b5b34ea3,active_official_exact_listing_isin_name
LSE::DHS,proposed,DHS,LSE,ETF,IE00BQZJBQ63,WisdomTree US Equity Income UCITS ETF,WISDOMTREE ISSUER ICAV WISDOMTREE US HIGH DIV UCITS ETF,lse_price_explorer,exchange_directory,https://www.londonstockexchange.com/live-markets/market-data-dashboard/price-explorer,dd76d4eba8eacd1ddc43e574,active_official_exact_listing_isin_name
LSE::DHSA,proposed,DHSA,LSE,ETF,IE00BD6RZT93,WisdomTree US Equity Income UCITS ETF - Acc,WISDOMTREE ISSUER ICAV WT US HIGH DIV UCITS ETF ACC,lse_price_explorer,exchange_directory,https://www.londonstockexchange.com/live-markets/market-data-dashboard/price-explorer,908435830700aa6aa919a74d,active_official_exact_listing_isin_name
LSE::DHSD,proposed,DHSD,LSE,ETF,IE00BQZJBQ63,WisdomTree US Equity Income UCITS ETF,WISDOMTREE ISSUER ICAV WISDOMTREE US HIGH DIV UCITS ETF,lse_price_explorer,exchange_directory,https://www.londonstockexchange.com/live-markets/market-data-dashboard/price-explorer,9e384c809f9f8306f10aca38,active_official_exact_listing_isin_name
LSE::DHSP,proposed,DHSP,LSE,ETF,IE00BD6RZT93,WisdomTree US Equity Income UCITS ETF - Acc,WISDOMTREE ISSUER ICAV WT US HIGH DIV UCITS ETF ACC,lse_price_explorer,exchange_directory,https://www.londonstockexchange.com/live-markets/market-data-dashboard/price-explorer,3c383c8b34e139839c28ad2a,active_official_exact_listing_isin_name
LSE::DHYG,proposed,DHYG,LSE,ETF,IE0003NVF3Y3,iShares $ High Yield Corp Bond ESG UCITS ETF GBP Hedged Dist,ISHARES II PLC ISH $ HYCB ESG SRI UCIT ETF GBH D,lse_price_explorer,exchange_directory,https://www.londonstockexchange.com/live-markets/market-data-dashboard/price-explorer,37113e2f2b2bf0b9a4ea4a3d,active_official_exact_listing_isin_name
LSE::DJSC,proposed,DJSC,LSE,ETF,IE00B02KXM00,iShares EURO STOXX Small UCITS,ISHARES PLC ISHARES EUR STOXX SML UCITS ETF EUR DIST,lse_price_explorer,exchange_directory,https://www.londonstockexchange.com/live-markets/market-data-dashboard/price-explorer,2a32d4cc0f4136f935f09a8e,active_official_exact_listing_isin_name
LSE::DOCG,proposed,DOCG,LSE,ETF,IE00BK5BC677,L&G Healthcare Breakthrough UCITS ETF,LEGAL & GENERAL UCITS ETF PLC L&G HEALTHCARE TECH & INNOVATION USD ACC,lse_price_explorer,exchange_directory,https://www.londonstockexchange.com/live-markets/market-data-dashboard/price-explorer,bfefaa8f6e6eae78b15b19b0,active_official_exact_listing_isin_name
LSE::DPGC,proposed,DPGC,LSE,ETF,IE000EGGFVG6,Global Core Equity UCITS ETF USD Acc,DIMENSIONAL FUNDS ICAV DIMENSIONAL-GLOBAL CORE EQUITY UCITS ETF,lse_price_explorer,exchange_directory,https://www.londonstockexchange.com/live-markets/market-data-dashboard/price-explorer,22f2197f7a15d089ff67c345,active_official_exact_listing_isin_name
LSE::DPGT,proposed,DPGT,LSE,ETF,IE000S67ID55,Global Targeted Value UCITS ETF USD Acc,DIMENSIONAL FUNDS ICAV DIMENSIONAL-GLBL TARGETED VAL UCITS ETF,lse_price_explorer,exchange_directory,https://www.londonstockexchange.com/live-markets/market-data-dashboard/price-explorer,f793e0f5646059a75d77eb59,active_official_exact_listing_isin_name
LSE::EDOG,proposed,EDOG,LSE,ETF,IE00BLR6QC17,Global X Telemedicine & Digital Health ETF D GBP,GLOBAL X ETFS ICAV GLOBAL X TELEMED & DIGTL HLTH UCITS ETF,lse_price_explorer,exchange_directory,https://www.londonstockexchange.com/live-markets/market-data-dashboard/price-explorer,93e184a911dfdfb67e489e27,active_official_exact_listing_isin_name
LSE::EEIE,proposed,EEIE,LSE,ETF,IE00BQZJBX31,WisdomTree Europe Equity Income UCITS ETF,WISDOMTREE ISSUER ICAV WT EUROPE HIGH DIV UCITS,lse_price_explorer,exchange_directory,https://www.londonstockexchange.com/live-markets/market-data-dashboard/price-explorer,0f7140adc25d36597cfc7300,active_official_exact_listing_isin_name
LSE::EGRA,proposed,EGRA,LSE,ETF,IE00BZ56TQ67,WisdomTree Eurozone Quality Dividend Growth UCITS ETF - EUR Acc,WISDOMTREE ISSUER ICAV WISDOMTREE EZ QD GROW UCITS ETF-EUR ACC,lse_price_explorer,exchange_directory,https://www.londonstockexchange.com/live-markets/market-data-dashboard/price-explorer,dc79dc932919c8d86ebfa24b,active_official_exact_listing_isin_name
LSE::EGRG,proposed,EGRG,LSE,ETF,IE00BZ56TQ67,WisdomTree Eurozone Quality Dividend Growth UCITS ETF - EUR Acc,WISDOMTREE ISSUER ICAV WISDOMTREE EZ QD GROW UCITS ETF-EUR ACC,lse_price_explorer,exchange_directory,https://www.londonstockexchange.com/live-markets/market-data-dashboard/price-explorer,2dfd65b054bfa674e4069a59,active_official_exact_listing_isin_name
LSE::EGRP,proposed,EGRP,LSE,ETF,IE00BZ56SY76,WisdomTree Eurozone Quality Dividend Growth UCITS ETF - EUR,WISDOMTREE ISSUER ICAV WISDOMTREE EZ QD GROW UCITS ETF-EUR,lse_price_explorer,exchange_directory,https://www.londonstockexchange.com/live-markets/market-data-dashboard/price-explorer,1a3bbb9905c6e585219eb42d,active_official_exact_listing_isin_name
LSE::EGRW,proposed,EGRW,LSE,ETF,IE00BZ56SY76,WisdomTree Eurozone Quality Dividend Growth UCITS ETF - EUR,WISDOMTREE ISSUER ICAV WISDOMTREE EZ QD GROW UCITS ETF-EUR,lse_price_explorer,exchange_directory,https://www.londonstockexchange.com/live-markets/market-data-dashboard/price-explorer,46538c640216935f84e09baa,active_official_exact_listing_isin_name
LSE::EHYG,proposed,EHYG,LSE,ETF,IE000YZVB4R7,iShares € High Yield Corp Bond ESG UCITS ETF GBP Hedged (Acc),ISHARES II PLC ISHS € H CP B ESG SRI UCT ETF GBP HD ACC,lse_price_explorer,exchange_directory,https://www.londonstockexchange.com/live-markets/market-data-dashboard/price-explorer,c4c53e1ba61c117335058d93,active_official_exact_listing_isin_name
LSE::EIMI,proposed,EIMI,LSE,ETF,IE00BKM4GZ66,iShares Core MSCI Emerging Markets IMI UCITS,ISHARES PLC ISHARES CORE EM IMI UCITS ETF USD (ACC),lse_price_explorer,exchange_directory,https://www.londonstockexchange.com/live-markets/market-data-dashboard/price-explorer,e5e015f33780bd257c56387f,active_official_exact_listing_isin_name
LSE::ELSA,proposed,ELSA,LSE,Stock,US83367Y2072,Electrica SA,SOCIETATEA ENERGETICA ELECTRICA SA,lse_price_explorer,exchange_directory,https://www.londonstockexchange.com/live-markets/market-data-dashboard/price-explorer,20b3b69acbe9edd8b863ed1d,active_official_exact_listing_isin_name
LSE::EMBE,proposed,EMBE,LSE,ETF,IE00B9M6RS56,iShares J.P. Morgan Emerging Markets Bond EUR Hedged UCITS,ISHARES VI PLC ISHRS JPMRGN $ EM BND EUR HDGD ETF DIST,lse_price_explorer,exchange_directory,https://www.londonstockexchange.com/live-markets/market-data-dashboard/price-explorer,a45299b83f0a058bcedb71f0,active_official_exact_listing_isin_name
LSE::EMCA,proposed,EMCA,LSE,ETF,IE00BFM6TD65,iShares J.P. Morgan $ EM Corp Bond UCITS ETF USD (Acc),ISHARES V PLC ISH JPM $EM CORP BND ETF USD ACC,lse_price_explorer,exchange_directory,https://www.londonstockexchange.com/live-markets/market-data-dashboard/price-explorer,4a0ffc480852f61ed28a0565,active_official_exact_listing_isin_name
LSE::EMCV,proposed,EMCV,LSE,ETF,IE000YZIVX22,Franklin Catholic Principles Emerging Markets Sovereign Debt UCITS ETF USD Acc,FRANKLIN TEMPLETON ICAV FRANKLIN EM SOV DEBT VALUES UCITS ETF,lse_price_explorer,exchange_directory,https://www.londonstockexchange.com/live-markets/market-data-dashboard/price-explorer,cf432ccacdc6c5662eefc7bd,active_official_exact_listing_isin_name
LSE::EMDH,proposed,EMDH,LSE,ETF,IE000YPT5PG3,L&G ESG Emerging Markets Corporate Bond (USD) UCITS ETF GBP Hedged Inc,LEGAL & GENERAL UCITS ETF PLC L&G EM CORP BND USD SCRND ETF GBP HDGDIS,lse_price_explorer,exchange_directory,https://www.londonstockexchange.com/live-markets/market-data-dashboard/price-explorer,44050afc028c12735c338bde,active_official_exact_listing_isin_name
LSE::EMIM,proposed,EMIM,LSE,ETF,IE00BKM4GZ66,iShares Core MSCI Emerging Markets IMI UCITS,ISHARES PLC ISHARES CORE EM IMI UCITS ETF USD (ACC),lse_price_explorer,exchange_directory,https://www.londonstockexchange.com/live-markets/market-data-dashboard/price-explorer,5e32879e9645f0dae0bba4ae,active_official_exact_listing_isin_name
LSE::EMLO,proposed,EMLO,LSE,ETF,LU1720938841,UBS(Lux)Fund Solutions – J.P. Morgan EM Multi-Factor Enhanced Local Currency Bd UCITS ETF(USD)A-dis,UBS (LUX) FUND SOLUTIONS UBS JPM EM MLTI-ENH.LCL CCY BND ETF USD,lse_price_explorer,exchange_directory,https://www.londonstockexchange.com/live-markets/market-data-dashboard/price-explorer,d829acb003de862d84cd917f,active_official_exact_listing_isin_name
LSE::ENOG,proposed,ENOG,LSE,Stock,GB00BG12Y042,Energean Oil & Gas PLC,ENERGEAN PLC,lse_price_explorer,exchange_directory,https://www.londonstockexchange.com/live-markets/market-data-dashboard/price-explorer,1003a68d9a286f910daeb961,active_official_exact_listing_isin_name
LSE::ERN1,proposed,ERN1,LSE,ETF,IE00BCRY6557,iShares Euro Ultrashort Bond UCITS,ISHARES IV PLC ISHS EUR ULTRASHORT BD UCITS ETF (DIST),lse_price_explorer,exchange_directory,https://www.londonstockexchange.com/live-markets/market-data-dashboard/price-explorer,c4f47789925b49349a422838,active_official_exact_listing_isin_name
LSE::ERNA,proposed,ERNA,LSE,ETF,IE00BGCSB447,iShares $ Ultrashort Bond UCITS USD Acc,ISHARES IV PLC ISH $ ULTRASRT BND ETF USD ACC,lse_price_explorer,exchange_directory,https://www.londonstockexchange.com/live-markets/market-data-dashboard/price-explorer,41a8e229b077a03bdd14ec91,active_official_exact_listing_isin_name
LSE::ERNS,proposed,ERNS,LSE,ETF,IE00BCRY6441,iShares £ Ultrashort Bond UCITS ETF,ISHARES IV PLC ISHS £ ULTRASHORT BD UCITS ETFGBP DIST,lse_price_explorer,exchange_directory,https://www.londonstockexchange.com/live-markets/market-data-dashboard/price-explorer,e06a22d0b5bfb9d66e6b987c,active_official_exact_listing_isin_name
LSE::ESGO,proposed,ESGO,LSE,ETF,IE00BNTVVR89,AuAg ESG Gold Mining UCITS ETF,HANETF ICAV GOLD MINERS SCREENED UCITS ETF ACC USD,lse_price_explorer,exchange_directory,https://www.londonstockexchange.com/live-markets/market-data-dashboard/price-explorer,9b7078f7b003e0f0fdd56f67,active_official_exact_listing_isin_name
LSE::ESGP,proposed,ESGP,LSE,ETF,IE00BNTVVR89,AuAg ESG Gold Mining UCITS ETF GBP,HANETF ICAV GOLD MINERS SCREENED UCITS ETF ACC GBX,lse_price_explorer,exchange_directory,https://www.londonstockexchange.com/live-markets/market-data-dashboard/price-explorer,9215c201f9f55370aed99cc2,active_official_exact_listing_isin_name
LSE::ESIF,proposed,ESIF,LSE,ETF,IE00BMW42306,iShares MSCI Europe Financials Sector UCITS ETF,ISHARES VI PLC ISH MSCI EPE FS ACC,lse_price_explorer,exchange_directory,https://www.londonstockexchange.com/live-markets/market-data-dashboard/price-explorer,4f3b85be5a1bec728e1217e6,active_official_exact_listing_isin_name
LSE::ESIH,proposed,ESIH,LSE,ETF,IE00BMW42181,iShares MSCI Europe Health Care Sector UCITS ETF,ISHARES VI PLC ISH MSCI EPE HCS ACC,lse_price_explorer,exchange_directory,https://www.londonstockexchange.com/live-markets/market-data-dashboard/price-explorer,32b7efcf48d32096c3afbe7c,active_official_exact_listing_isin_name
LSE::ESIN,proposed,ESIN,LSE,ETF,IE00BMW42520,iShares MSCI Europe Industrials Sector UCITS ETF,ISHARES VI PLC ISH MSCI ERPE INDS SECT UCITS ETF EUR A,lse_price_explorer,exchange_directory,https://www.londonstockexchange.com/live-markets/market-data-dashboard/price-explorer,ce1f01d9201f74a33b502609,active_official_exact_listing_isin_name
LSE::ESIS,proposed,ESIS,LSE,ETF,IE00BMW42074,iShares MSCI Europe Consumer Staples Sector UCITS ETF,ISHARES VI PLC ISH MSCI EPE CSS ACC,lse_price_explorer,exchange_directory,https://www.londonstockexchange.com/live-markets/market-data-dashboard/price-explorer,2ec66eece55c3ab8f0f73a2d,active_official_exact_listing_isin_name
LSE::ESIT,proposed,ESIT,LSE,ETF,IE00BMW42413,iShares MSCI Europe Information Technology Sector UCITS ETF,ISHARES VI PLC ISH MSCI EPE ITS ACC,lse_price_explorer,exchange_directory,https://www.londonstockexchange.com/live-markets/market-data-dashboard/price-explorer,6cfddaebb8e367ea17a4d637,active_official_exact_listing_isin_name
LSE::EUMV,proposed,EUMV,LSE,ETF,LU0599612842,Ossiam Europe ESG Machine Learning ETF UCITS 1C (EUR),OSSIAM LUX OSSIAM ISTOXX EURP MIN VAR NR ETF,lse_price_explorer,exchange_directory,https://www.londonstockexchange.com/live-markets/market-data-dashboard/price-explorer,b91ae0fb7cb9ba44c046330c,active_official_exact_listing_isin_name
LSE::FAGB,proposed,FAGB,LSE,ETF,IE00BYVTN047,Invesco US High Yield Fallen Angels UCITS ETF (GBP Hdg),INVESCO MARKETS III PLC INVESCO US HY FALL ANGEL UCITS ETF £ HDG,lse_price_explorer,exchange_directory,https://www.londonstockexchange.com/live-markets/market-data-dashboard/price-explorer,5f0075def28e3fb0eaf4d23c,active_official_exact_listing_isin_name
LSE::FCBR,proposed,FCBR,LSE,ETF,IE00BF16M727,First Trust Nasdaq Cybersecurity UCITS ETF Class A USD Accumulation,FIRST TRUST GLOBAL FUNDS ICAV FIRSTTRUSTNASDAQCYBERSECURITYUCITS,lse_price_explorer,exchange_directory,https://www.londonstockexchange.com/live-markets/market-data-dashboard/price-explorer,26caefed810404cdba455fbd,active_official_exact_listing_isin_name
LSE::FGGB,proposed,FGGB,LSE,ETF,IE000IF0HTJ9,Fidelity Global Government Bond Climate Aware UCITS ETF Inc,FIDELITY UCITS II ICAV FIL GLOBAL GOVVIE CA UCITS ETF - INC,lse_price_explorer,exchange_directory,https://www.londonstockexchange.com/live-markets/market-data-dashboard/price-explorer,6c4707f5e0b8d5bdf97bfaf1,active_official_exact_listing_isin_name
LSE::FGGG,proposed,FGGG,LSE,ETF,IE000QVCP9S5,Fidelity Global Government Bond Climate Aware UCITS ETF Acc GBP Hedged,FIDELITY UCITS II ICAV FIL GLOBAL GOVVIE CA UCITS ETF - GHA,lse_price_explorer,exchange_directory,https://www.londonstockexchange.com/live-markets/market-data-dashboard/price-explorer,19db4c158658d0e05fb5ad0e,active_official_exact_listing_isin_name
LSE::FING,proposed,FING,LSE,ETF,IE00BLCHK052,Lyxor MSCI World Financials TR UCITS ETF - C-USD,GLOBAL X ETFS ICAV GLOBAL X FINTECH UCITS ETF,lse_price_explorer,exchange_directory,https://www.londonstockexchange.com/live-markets/market-data-dashboard/price-explorer,229d72059d088ed6dc79965e,active_official_exact_listing_isin_name
LSE::FLXX,proposed,FLXX,LSE,ETF,IE00BF2B0M76,Franklin LibertyQ Global Dividend UCITS ETF,FRANKLIN TEMPLETON ICAV FRK GLOBAL QUALITY DIVIDEND UCITS ETF,lse_price_explorer,exchange_directory,https://www.londonstockexchange.com/live-markets/market-data-dashboard/price-explorer,07d84aa47278c082fc5fe516,active_official_exact_listing_isin_name
LSE::FRGD,proposed,FRGD,LSE,ETF,IE00BF2B0M76,Franklin LibertyQ Global Dividend UCITS ETF,FRANKLIN TEMPLETON ICAV FRK GLOBAL QUALITY DIVIDEND UCITS ETF,lse_price_explorer,exchange_directory,https://www.londonstockexchange.com/live-markets/market-data-dashboard/price-explorer,740dbbf7e4fd4adabad331cc,active_official_exact_listing_isin_name
LSE::G500,proposed,G500,LSE,ETF,IE00BKX8G916,Invesco S&P 500 UCITS ETF (GBP Hdg),INVESCO MARKETS PLC INVESCO S&P 500 UCITS ETF GBP HDG ACC,lse_price_explorer,exchange_directory,https://www.londonstockexchange.com/live-markets/market-data-dashboard/price-explorer,2fa0e987c2ad1ce82e57d278,active_official_exact_listing_isin_name
LSE::GAAA,proposed,GAAA,LSE,ETF,IE00BZ171348,iShares Global AAA-AA Govt Bond UCITS ETF USD (Acc),ISHARES VI PLC ISH GLB AAA-AA GVT BND ETF USD ACC,lse_price_explorer,exchange_directory,https://www.londonstockexchange.com/live-markets/market-data-dashboard/price-explorer,e6f411f11fae7a24e6de4cdb,active_official_exact_listing_isin_name
LSE::GGRA,proposed,GGRA,LSE,ETF,IE00BZ56SW52,WisdomTree Global Quality Dividend Growth UCITS ETF - USD Acc,WISDOMTREE ISSUER ICAV WT GLBL QUAL DIV GROWTH UCITS ETF - USD,lse_price_explorer,exchange_directory,https://www.londonstockexchange.com/live-markets/market-data-dashboard/price-explorer,f3f2b7fe3736f28bc4664502,active_official_exact_listing_isin_name
LSE::GGRB,proposed,GGRB,LSE,ETF,IE000LRRPK60,WisdomTree Global Quality Dividend Growth UCITS ETF - GBP Hedged,WISDOMTREE ISSUER ICAV WT GLOBALQUALDIVGROWTH UCITS ETF,lse_price_explorer,exchange_directory,https://www.londonstockexchange.com/live-markets/market-data-dashboard/price-explorer,7b2d065ad8cabd559e57b89f,active_official_exact_listing_isin_name
LSE::GGRG,proposed,GGRG,LSE,ETF,IE00BZ56SW52,WisdomTree Global Quality Dividend Growth UCITS ETF - USD Acc,WISDOMTREE ISSUER ICAV WT GLBL QUAL DIV GROWTH UCITS ETF - USD,lse_price_explorer,exchange_directory,https://www.londonstockexchange.com/live-markets/market-data-dashboard/price-explorer,8e1c3f0b4595ae579767b79e,active_official_exact_listing_isin_name
LSE::GHYG,proposed,GHYG,LSE,ETF,IE00BJSFQX44,iShares Global High Yield Corp Bond UCITS ETF GBP Hedged (Dist),ISHARES PLC ISH GHY CORP BND GBP H D,lse_price_explorer,exchange_directory,https://www.londonstockexchange.com/live-markets/market-data-dashboard/price-explorer,b6382aa0dc0f9a90d5b0fc0c,active_official_exact_listing_isin_name
LSE::GHYS,proposed,GHYS,LSE,ETF,IE00B8KQFS66,iShares Global High Yield Corporate Bond GBP Hedged UCITS GBP,ISHARES VI PLC ISHRS GLBL HGH YLD CRP BND GBP HDGD DIST,lse_price_explorer,exchange_directory,https://www.londonstockexchange.com/live-markets/market-data-dashboard/price-explorer,402c9de1082c57c57df08d16,active_official_exact_listing_isin_name
LSE::GILG,proposed,GILG,LSE,ETF,IE00BMDBML89,iShares Global Inflation Linked Govt Bond UCITS ETF GBP Hedged (Dist),ISHARES III PLC ISH GLBINFGOV E GBH D,lse_price_explorer,exchange_directory,https://www.londonstockexchange.com/live-markets/market-data-dashboard/price-explorer,4a1bdb6d3134e0b3eefd1804,active_official_exact_listing_isin_name
LSE::GIN,proposed,GIN,LSE,ETF,IE00BQWJFQ70,SPDR Morningstar Multi-Asset Global Infrastructure UCITS,SSGA SPDR ETFS EUROPE II PLC SS SPDR MORNINGSTAR GLOB INFRA ETF,lse_price_explorer,exchange_directory,https://www.londonstockexchange.com/live-markets/market-data-dashboard/price-explorer,ac57eae6f07808d0c64ff15f,active_official_exact_listing_isin_name
LSE::GISG,proposed,GISG,LSE,ETF,LU1910940425,Lyxor Core Global Inflation-Linked 1-10Y Bond (DR) UCITS ETF Monthly hedged to GBP Inc,MULTI UNITS LUXEMBOURG AMUNDI GLO GOV INFLINK BOND 1-10YGBP HDG,lse_price_explorer,exchange_directory,https://www.londonstockexchange.com/live-markets/market-data-dashboard/price-explorer,494954b347700fc9b74e8392,active_official_exact_listing_isin_name
LSE::GLAB,proposed,GLAB,LSE,ETF,IE00BF1QPJ56,SPDR® Bloomberg Global Aggregate Bond UCITS ETF GBP Hedged,SSGA SPDR ETFS EUROPE I PLC SS SPDR BLOOM GBL AGG £HDG UCITS ETF,lse_price_explorer,exchange_directory,https://www.londonstockexchange.com/live-markets/market-data-dashboard/price-explorer,65eb23b006d73d3089cc08ab,active_official_exact_listing_isin_name
LSE::GLAG,proposed,GLAG,LSE,ETF,IE00B43QJJ40,SPDR Bloomberg Barclays Global Aggregate Bond UCITS USD unhedged,SSGA SPDR ETFS EUROPE I PLC SS SPDR BLOOM GLOBAL AGG UCITS ETF,lse_price_explorer,exchange_directory,https://www.londonstockexchange.com/live-markets/market-data-dashboard/price-explorer,1d7680daf059ffab15dd6ca8,active_official_exact_listing_isin_name
LSE::GLAU,proposed,GLAU,LSE,ETF,IE00BF1QPH33,SPDR® Bloomberg Global Aggregate Bond UCITS ETF USD Hedged,SSGA SPDR ETFS EUROPE I PLC SS SPDR BLOOM GBL AGG $HDG UCITS ETF,lse_price_explorer,exchange_directory,https://www.londonstockexchange.com/live-markets/market-data-dashboard/price-explorer,15b568c671b4b90191eac765,active_official_exact_listing_isin_name
LSE::GLBL,proposed,GLBL,LSE,ETF,IE00B43QJJ40,SPDR Bloomberg Barclays Global Aggregate Bond UCITS USD unhedged,SSGA SPDR ETFS EUROPE I PLC SS SPDR BLOOM GLOBAL AGG UCITS ETF,lse_price_explorer,exchange_directory,https://www.londonstockexchange.com/live-markets/market-data-dashboard/price-explorer,a197cd4b2a451c2a49cce606,active_official_exact_listing_isin_name
LSE::GOVG,proposed,GOVG,LSE,ETF,LU2355200796,Amundi Index Solutions - Amundi Index J.P. Morgan GBI Global Govies UCITS ETF DR GBP Hedged GBX,AMUNDI INDEX SOLUTIONS AMUNDI CORE GLOBAL GOV BOND ETF GBP H,lse_price_explorer,exchange_directory,https://www.londonstockexchange.com/live-markets/market-data-dashboard/price-explorer,e38fac497e9d386a4ca8bb18,active_official_exact_listing_isin_name
LSE::GOVP,proposed,GOVP,LSE,ETF,IE00BKTN1T54,iShares $ Treasury Bond UCITS ETF GBP Hedged (Dist),ISHARES PLC ISH $ TSY BND UCITS GBP HDGED,lse_price_explorer,exchange_directory,https://www.londonstockexchange.com/live-markets/market-data-dashboard/price-explorer,83b9809003b4b8dcbbb527ff,active_official_exact_listing_isin_name
LSE::GOVU,proposed,GOVU,LSE,ETF,LU1437016204,Amundi Index Solutions - Amundi Index J.P. Morgan GBI Global Govies UCITS ETF DR USD,AMUNDI INDEX SOLUTIONS AMUNDI CORE GLOBAL GOVERNMENT BOND ETF A,lse_price_explorer,exchange_directory,https://www.londonstockexchange.com/live-markets/market-data-dashboard/price-explorer,848a65e918a5753341325a0c,active_official_exact_listing_isin_name
LSE::GROC,proposed,GROC,LSE,Stock,GB00BLD3C518,Greenroc Mining PLC,GREENROC STRATEGIC MATERIALS PLC,lse_price_explorer,exchange_directory,https://www.londonstockexchange.com/live-markets/market-data-dashboard/price-explorer,0df9484a4fc70b0b10e8e0de,active_official_exact_listing_isin_name
LSE::GSPX,proposed,GSPX,LSE,ETF,IE00BD8KRH84,iShares VII PLC - iShares Core S&P 500 UCITS ETF,ISHARES VII PLC ISH S&P500 UCITS ETF GBP-H DIST,lse_price_explorer,exchange_directory,https://www.londonstockexchange.com/live-markets/market-data-dashboard/price-explorer,0620c78481c458bec2226bfc,active_official_exact_listing_isin_name
LSE::GWI,proposed,GWI,LSE,Stock,GG00B979FD04,Globalworth REIT,GLOBALWORTH REAL ESTATE INVESTMENTS LIMITED,lse_price_explorer,exchange_directory,https://www.londonstockexchange.com/live-markets/market-data-dashboard/price-explorer,f95f2a8d70561078f653cd66,active_official_exact_listing_isin_name
LSE::HAGG,proposed,HAGG,LSE,ETF,IE000XGNMWE1,HSBC Bloomberg Global Sustainable Aggregate 1-3 Year Bond UCITS ETF,HSBC ETFS PLC HSBC BBG GLO ESG AGG 1-3 YR BD UCITS ETF,lse_price_explorer,exchange_directory,https://www.londonstockexchange.com/live-markets/market-data-dashboard/price-explorer,b1dcfc2996e9befccc997395,active_official_exact_listing_isin_name
LSE::HAGS,proposed,HAGS,LSE,ETF,IE000XGNMWE1,HSBC BBG GLO SUS AGG 1-3 YR BD UCITS ETF,HSBC ETFS PLC HSBC BBG GLO ESG AGG 1-3 YR BD UCITS ETF,lse_price_explorer,exchange_directory,https://www.londonstockexchange.com/live-markets/market-data-dashboard/price-explorer,948c35ee7683494927ab4d3b,active_official_exact_listing_isin_name
LSE::HAMA,proposed,HAMA,LSE,Stock,VGG4256S1048,Hamak Gold Ltd,HAMAK STRATEGY LIMITED,lse_price_explorer,exchange_directory,https://www.londonstockexchange.com/live-markets/market-data-dashboard/price-explorer,462a523e8ab8149548a21e5f,active_official_exact_listing_isin_name
LSE::HERG,proposed,HERG,LSE,ETF,IE00BLR6Q650,Global X Video Games & Esports ETF D GBP,GLOBAL X ETFS ICAV GLOBAL X VIDEOGAMES & ESPORTS UCITS ETF,lse_price_explorer,exchange_directory,https://www.londonstockexchange.com/live-markets/market-data-dashboard/price-explorer,c1ad617e153f0fbce37a6bf5,active_official_exact_listing_isin_name
LSE::HERU,proposed,HERU,LSE,ETF,IE00BLR6Q544,Global X Video Games & Esports ETF A,GLOBAL X ETFS ICAV GLOBAL X VIDEOGAMES & ESPORTS UCITS ETF,lse_price_explorer,exchange_directory,https://www.londonstockexchange.com/live-markets/market-data-dashboard/price-explorer,a8d422a94759cb47257461bc,active_official_exact_listing_isin_name
LSE::HESS,proposed,HESS,LSE,ETF,IE000W080FK3,HSBC MSCI Emerging Markets Small Cap ESG UCITS ETF,HSBC ETFS PLC HSBC MSCI EM SC SCR USD ACC,lse_price_explorer,exchange_directory,https://www.londonstockexchange.com/live-markets/market-data-dashboard/price-explorer,abbac85457911bb4e046481a,active_official_exact_listing_isin_name
LSE::HLPD,proposed,HLPD,LSE,Stock,US4233232036,HELLENIQ ENERGY HOLDINGS S.A. GDS (REPR 1 ORD SHS GRD500)(REG S),HELLENIQ ENERGY HOLDINGS SOCIETE ANONYME,lse_price_explorer,exchange_directory,https://www.londonstockexchange.com/live-markets/market-data-dashboard/price-explorer,e14f599841d1983b695c755d,active_official_exact_listing_isin_name
LSE::HLQD,proposed,HLQD,LSE,ETF,IE00BZ173W74,iShares $ Corp Bond Interest Rate Hedged UCITS ETF USD (Acc),ISHARES PLC ISH $ CRP BND INT RT HGD ETF USD ACC,lse_price_explorer,exchange_directory,https://www.londonstockexchange.com/live-markets/market-data-dashboard/price-explorer,3df069545766938092237e29,active_official_exact_listing_isin_name
LSE::HSDS,proposed,HSDS,LSE,ETF,IE000ZGT8JM8,HSBC Developed World Sustainable Equity UCITS ETF,HSBC ETFS PLC HSBC DEV WLD SCREENED EQ ETF USD DIST,lse_price_explorer,exchange_directory,https://www.londonstockexchange.com/live-markets/market-data-dashboard/price-explorer,cda5a7ea1285ab6b3fc0caad,active_official_exact_listing_isin_name
LSE::HYEA,proposed,HYEA,LSE,ETF,IE00BYWZ0440,iShares Public Limited Company - iShares Global High Yield Corp Bond UCITS ETF,ISHARES PLC ISHARES GL HYLD CRP BOND UCITS USD (ACC),lse_price_explorer,exchange_directory,https://www.londonstockexchange.com/live-markets/market-data-dashboard/price-explorer,c5f920c6e4a0d4fb623a99d1,active_official_exact_listing_isin_name
LSE::IAAA,proposed,IAAA,LSE,ETF,IE00B87G8S03,iShares Global AAA-AA Government Bond UCITS,ISHARES VI PLC ISHRS GLOBAL AAA-AA GVT BND ETF USD DIST,lse_price_explorer,exchange_directory,https://www.londonstockexchange.com/live-markets/market-data-dashboard/price-explorer,06f898083402e693af30f09d,active_official_exact_listing_isin_name
LSE::IAPD,proposed,IAPD,LSE,ETF,IE00B14X4T88,iShares Asia Pacific Dividend UCITS,ISHARES PLC ISHARES ASIA PAC. DIV UCITS ETF USD DIST,lse_price_explorer,exchange_directory,https://www.londonstockexchange.com/live-markets/market-data-dashboard/price-explorer,59d41ac423be21365a072e1d,active_official_exact_listing_isin_name
LSE::IBCX,proposed,IBCX,LSE,ETF,IE0032523478,iShares Euro Corporate Bond Large Cap UCITS,ISHARES PLC ISHARES E C.BD LG CAP UCITS ETF EUR DIST,lse_price_explorer,exchange_directory,https://www.londonstockexchange.com/live-markets/market-data-dashboard/price-explorer,0b9827caf01a3040feded8fd,active_official_exact_listing_isin_name
LSE::IBTE,proposed,IBTE,LSE,ETF,IE00BDFK1573,iShares $ Treasury Bond 1-3yr UCITS ETF EUR Hedged (Acc),ISHARES PLC ISH $ TRES 1-3Y ETF EUR-H ACC,lse_price_explorer,exchange_directory,https://www.londonstockexchange.com/live-markets/market-data-dashboard/price-explorer,d6c90083448ae7ebb152b3dc,active_official_exact_listing_isin_name
LSE::IBTL,proposed,IBTL,LSE,ETF,IE00BSKRJZ44,iShares Treasury Bond 20+ UCITS,ISHARES IV PLC ISHS $ TRSRY BD 20+YR UCITS ETF USD DIST,lse_price_explorer,exchange_directory,https://www.londonstockexchange.com/live-markets/market-data-dashboard/price-explorer,0f7c76be93a0778834792a03,active_official_exact_listing_isin_name
LSE::IBTU,proposed,IBTU,LSE,ETF,IE00BGR7L912,iShares $ Treasury Bond 0-1yr UCITS ETF USD (Dist),ISHARES PLC ISH $ TR BND 0-1YR U-D,lse_price_explorer,exchange_directory,https://www.londonstockexchange.com/live-markets/market-data-dashboard/price-explorer,ec3a443aa3a343e22e071e33,active_official_exact_listing_isin_name
LSE::ICOM,proposed,ICOM,LSE,ETF,IE00BDFL4P12,iShares Diversified Commodity Swap UCITS ETF,ISHARES VI PLC ISHARES DIVERSIFIED COMM SWP UCITS ETF,lse_price_explorer,exchange_directory,https://www.londonstockexchange.com/live-markets/market-data-dashboard/price-explorer,6b5f5d20d04465ea3166c968,active_official_exact_listing_isin_name
LSE::ID32,proposed,ID32,LSE,ETF,IE0007YBWBE5,iShares iBonds Dec 2032 Term $ Corp UCITS ETF USD (Acc),ISHARES V PLC ISHRS IBNDS DC 2032 TRM $ CRP UCITS ETF,lse_price_explorer,exchange_directory,https://www.londonstockexchange.com/live-markets/market-data-dashboard/price-explorer,8cfa9b7cb1d531162bb539ad,active_official_exact_listing_isin_name
LSE::IDAP,proposed,IDAP,LSE,ETF,IE00B14X4T88,iShares Asia Pacific Dividend UCITS,ISHARES PLC ISHARES ASIA PAC. DIV UCITS ETF USD DIST,lse_price_explorer,exchange_directory,https://www.londonstockexchange.com/live-markets/market-data-dashboard/price-explorer,8ec7d77143d39bfe0a8b4193,active_official_exact_listing_isin_name
LSE::IDJG,proposed,IDJG,LSE,ETF,IE00B0M62V02,iShares EURO Total Market Growth Large UCITS,ISHARES PLC ISHARES EUR GWTH LGE UCITS ETF EUR DIST,lse_price_explorer,exchange_directory,https://www.londonstockexchange.com/live-markets/market-data-dashboard/price-explorer,4fc25c69aa29e12d0789d775,active_official_exact_listing_isin_name
LSE::IDTG,proposed,IDTG,LSE,ETF,IE00BK5MT033,iShares IV Public Limited Company - iShares $ Treasury Bond 20+yr UCITS ETF,ISHARES IV PLC ISH $TSY 20+ GBP HG DIST,lse_price_explorer,exchange_directory,https://www.londonstockexchange.com/live-markets/market-data-dashboard/price-explorer,5bccb2befa27b842f67b0c1f,active_official_exact_listing_isin_name
LSE::IDWP,proposed,IDWP,LSE,ETF,IE00B1FZS350,iShares Developed Markets Property Yield UCITS,ISHARES II PLC ISHRS DEV MRKTS PROP YIELD ETF USD DIST,lse_price_explorer,exchange_directory,https://www.londonstockexchange.com/live-markets/market-data-dashboard/price-explorer,f6655b39726a17a66b6e1954,active_official_exact_listing_isin_name
LSE::IEAH,proposed,IEAH,LSE,ETF,IE00BDFJYN35,iShares Core € Corp Bond UCITS ETF,ISHARES III PLC ISH CORP BOND UCITS ETF GBP-H D,lse_price_explorer,exchange_directory,https://www.londonstockexchange.com/live-markets/market-data-dashboard/price-explorer,d71bf82e7cd8fdae6f3f5d5c,active_official_exact_listing_isin_name
LSE::IEFQ,proposed,IEFQ,LSE,ETF,IE00BQN1K562,iShares Edge MSCIope Quality Factor UCITS,ISHARES IV PLC ISHS EDGE MSCI EUR QLT FAC UCITS ETF ACC,lse_price_explorer,exchange_directory,https://www.londonstockexchange.com/live-markets/market-data-dashboard/price-explorer,291169d62295f304af60c0cc,active_official_exact_listing_isin_name
LSE::IEFS,proposed,IEFS,LSE,ETF,IE00BQN1KC32,iShares Edge MSCIope Size Factor UCITS,ISHARES IV PLC ISHS MSCI EUROPE MID CAP EW UCTS ETF,lse_price_explorer,exchange_directory,https://www.londonstockexchange.com/live-markets/market-data-dashboard/price-explorer,e49a3d932dce370815b2825c,active_official_exact_listing_isin_name
LSE::IEFV,proposed,IEFV,LSE,ETF,IE00BQN1K901,iShares MSCI Europe Value Factor UCITS,ISHARES IV PLC ISHS EDGE MSCI EUR VAL FAC UCITS ETF ACC,lse_price_explorer,exchange_directory,https://www.londonstockexchange.com/live-markets/market-data-dashboard/price-explorer,0756c8c2b7a5b6d1429d42ec,active_official_exact_listing_isin_name
LSE::IGHY,proposed,IGHY,LSE,ETF,IE00B74DQ490,iShares Global High Yield Corporate Bond UCITS,ISHARES PLC ISHARES GLBL HY CP BD UCITS ETF USD DIST,lse_price_explorer,exchange_directory,https://www.londonstockexchange.com/live-markets/market-data-dashboard/price-explorer,39c03de621c4bae86ab87c1e,active_official_exact_listing_isin_name
LSE::IGLO,proposed,IGLO,LSE,ETF,IE00B3F81K65,iShares Global Government Bond UCITS,ISHARES III PLC ISHRS GLOBAL GOVT BOND ETF USD (DIST),lse_price_explorer,exchange_directory,https://www.londonstockexchange.com/live-markets/market-data-dashboard/price-explorer,fb20f94e7522cb51d8a95436,active_official_exact_listing_isin_name
LSE::IGTM,proposed,IGTM,LSE,ETF,IE00BGPP6580,iShares $ Treasury Bond 7-10yr UCITS ETF USD,ISHARES II PLC ISH $ TBILLS 7-10YR GBP HEDGED DIS,lse_price_explorer,exchange_directory,https://www.londonstockexchange.com/live-markets/market-data-dashboard/price-explorer,f8049e257cd13af18202d246,active_official_exact_listing_isin_name
LSE::IHYA,proposed,IHYA,LSE,ETF,IE00BYXYYL56,iShares $ High Yield Corp Bond UCITS Acc Share Class,ISHARES II PLC IS $ HY CORPORATE BND UCITS ETF USD ACC,lse_price_explorer,exchange_directory,https://www.londonstockexchange.com/live-markets/market-data-dashboard/price-explorer,53508366554916b87baf5f72,active_official_exact_listing_isin_name
LSE::IITU,proposed,IITU,LSE,ETF,IE00B3WJKG14,iShares S&P 500 USD Information Technology Sector UCITS,ISHARES V PLC ISHRS S&P 500 INF TECH SECT ETF USD ACC,lse_price_explorer,exchange_directory,https://www.londonstockexchange.com/live-markets/market-data-dashboard/price-explorer,224a800f174521c2b8a4096e,active_official_exact_listing_isin_name
LSE::IMBA,proposed,IMBA,LSE,ETF,IE00BYXYYN70,iShares US Mortgage Backed Securities UCITS Acc,ISHARES IV PLC IS US MORT BACK SEC UCITS ETF USD ACC,lse_price_explorer,exchange_directory,https://www.londonstockexchange.com/live-markets/market-data-dashboard/price-explorer,abad552e8b20fa24d363a352,active_official_exact_listing_isin_name
LSE::IMGP,proposed,IMGP,LSE,ETF,IE000MFEI2J0,iShares US Mortgage Backed Securities UCITS ETF GBP Hedged (Dist),ISHARES IV PLC ISHARES US MBS UCT ETF GBP HDGD DIS,lse_price_explorer,exchange_directory,https://www.londonstockexchange.com/live-markets/market-data-dashboard/price-explorer,b191f2d1e923a9d7e110a1f8,active_official_exact_listing_isin_name
LSE::IMSU,proposed,IMSU,LSE,ETF,IE00B4MKCJ84,iShares S&P 500 Materials Sector UCITS ETF USD (Acc),ISHARES V PLC ISHRS SP500 MAT SCTR UCITS ETF USD ACC,lse_price_explorer,exchange_directory,https://www.londonstockexchange.com/live-markets/market-data-dashboard/price-explorer,baec49963c7514d5bb203f77,active_official_exact_listing_isin_name
LSE::INFB,proposed,INFB,LSE,ETF,LU2418815390,Lyxor US$ 10Y Inflation Expectations UCITS ETF Monthly Hedged GBP,MULTI UNITS LUXEMBOURG AMUNDI US INFL EXP 10Y GBP HDGD DIST,lse_price_explorer,exchange_directory,https://www.londonstockexchange.com/live-markets/market-data-dashboard/price-explorer,c73d2072348792162f974805,active_official_exact_listing_isin_name
LSE::INRG,proposed,INRG,LSE,ETF,IE00B1XNHC34,iShares Global Clean Energy UCITS,ISHARES II PLC ISHRS GLOBAL C ENERGY TRA ETF USD (DIST),lse_price_explorer,exchange_directory,https://www.londonstockexchange.com/live-markets/market-data-dashboard/price-explorer,9e5ef28195430a982f4c02a7,active_official_exact_listing_isin_name
LSE::IS15,proposed,IS15,LSE,ETF,IE00B5L65R35,iShares £ Corp Bond 0-5yr UCITS ETF,ISHARES PLC ISHARES £ CORP BD 0-5 UCITS ETF GBP DIST,lse_price_explorer,exchange_directory,https://www.londonstockexchange.com/live-markets/market-data-dashboard/price-explorer,efb78480735c8cc2eef7f14c,active_official_exact_listing_isin_name
LSE::ISDE,proposed,ISDE,LSE,ETF,IE00B27YCP72,iShares MSCI Emerging Markets Islamic UCITS,ISHARES II PLC ISHRS MSCI EM ISLMC UCITS ETF USD (DIST),lse_price_explorer,exchange_directory,https://www.londonstockexchange.com/live-markets/market-data-dashboard/price-explorer,f48e4236c5cc8beb196f3247,active_official_exact_listing_isin_name
LSE::ISDW,proposed,ISDW,LSE,ETF,IE00B27YCN58,iShares MSCI World Islamic UCITS,ISHARES II PLC ISHRS MSCI WRLD ISLMIC ETF USD (DIST),lse_price_explorer,exchange_directory,https://www.londonstockexchange.com/live-markets/market-data-dashboard/price-explorer,cee95c604c568717834e110b,active_official_exact_listing_isin_name
LSE::ISP6,proposed,ISP6,LSE,ETF,IE00B2QWCY14,iShares III Public Limited Company - iShares S&P Small Cap 600 UCITS ETF,ISHARES III PLC ISHRS S&P SMLL CAP 600 ETF USD (DIST),lse_price_explorer,exchange_directory,https://www.londonstockexchange.com/live-markets/market-data-dashboard/price-explorer,6ddd0764177f1bfd220b2195,active_official_exact_listing_isin_name
LSE::ISPE,proposed,ISPE,LSE,ETF,IE0003WV2ME7,iShares S&P 500 Equal Weight UCITS ETF GBP Hedged (Acc),ISHARES III PLC ISHARES S&P 500 EQL WGHT ETF GBP HD ACC,lse_price_explorer,exchange_directory,https://www.londonstockexchange.com/live-markets/market-data-dashboard/price-explorer,46089b7080c7adc7b6d78bb0,active_official_exact_listing_isin_name
LSE::IT27,proposed,IT27,LSE,ETF,IE0004OYBZA6,iShares iBonds Dec 2027 Term $ Treasury UCITS ETF USD Acc,ISHARES V PLC ISH IBDS DC27 TRM $ TSRY UCTS ETF US ACC,lse_price_explorer,exchange_directory,https://www.londonstockexchange.com/live-markets/market-data-dashboard/price-explorer,4491c63f9e752112582040e4,active_official_exact_listing_isin_name
LSE::IT29,proposed,IT29,LSE,ETF,IE00055OM853,iShares iBonds Dec 2029 Term $ Treasury UCITS ETF USD Acc,ISHARES V PLC ISH IBDS DC29 TRM $ TRSY UCITS ETF US AC,lse_price_explorer,exchange_directory,https://www.londonstockexchange.com/live-markets/market-data-dashboard/price-explorer,ab43fa39e1e72da3f75a0474,active_official_exact_listing_isin_name
LSE::IUCB,proposed,IUCB,LSE,ETF,IE00BYV12Y75,SPDR Barclays 3-10 U.S. Corporate Bond UCITS,SSGA SPDR ETFS EUROPE I PLC SS SPDR BLOOM 1-10 US CORP BD UCITS ETF,lse_price_explorer,exchange_directory,https://www.londonstockexchange.com/live-markets/market-data-dashboard/price-explorer,088eef79cf1e8459738b4984,active_official_exact_listing_isin_name
LSE::IUIT,proposed,IUIT,LSE,ETF,IE00B3WJKG14,iShares S&P 500 Information Technology Sector UCITS ETF USD (Acc),ISHARES V PLC ISHRS S&P 500 INF TECH SECT ETF USD ACC,lse_price_explorer,exchange_directory,https://www.londonstockexchange.com/live-markets/market-data-dashboard/price-explorer,b80bc60c6edac0c4b04812a2,active_official_exact_listing_isin_name
LSE::IUMS,proposed,IUMS,LSE,ETF,IE00B4MKCJ84,iShares S&P 500 Materials Sector UCITS ETF USD (Acc),ISHARES V PLC ISHRS SP500 MAT SCTR UCITS ETF USD ACC,lse_price_explorer,exchange_directory,https://www.londonstockexchange.com/live-markets/market-data-dashboard/price-explorer,76b770263bb511e0197bdbdf,active_official_exact_listing_isin_name
LSE::IWFQ,proposed,IWFQ,LSE,ETF,IE00BP3QZ601,iShares MSCI World Quality Factor UCITS,ISHARES IV PLC ISHS EDGE MSCI WRLD QLTY FAC ETF USD ACC,lse_price_explorer,exchange_directory,https://www.londonstockexchange.com/live-markets/market-data-dashboard/price-explorer,d54da78964ef5ae33597d1bb,active_official_exact_listing_isin_name
LSE::IWFV,proposed,IWFV,LSE,ETF,IE00BP3QZB59,iShares MSCI World Value Factor UCITS,ISHARES IV PLC ISHS EDGE MSCI WRL VAL FCT UCITS ETF ACC,lse_price_explorer,exchange_directory,https://www.londonstockexchange.com/live-markets/market-data-dashboard/price-explorer,40b88edf59c243d214b8c127,active_official_exact_listing_isin_name
LSE::IWMO,proposed,IWMO,LSE,ETF,IE00BP3QZ825,iShares MSCI World Momentum Factor UCITS,ISHARES IV PLC ISHS EDGE MSCI WLD MMNT FACT ETF USD ACC,lse_price_explorer,exchange_directory,https://www.londonstockexchange.com/live-markets/market-data-dashboard/price-explorer,62a74e0871145aec7a6c54c7,active_official_exact_listing_isin_name
LSE::JEDT,proposed,JEDT,LSE,Stock,GB00BMTS0Z37,JPMorgan Euro Small Companies Trust Plc,JPMORGAN EUROPEAN DISCOVERY TRUST PLC,lse_price_explorer,exchange_directory,https://www.londonstockexchange.com/live-markets/market-data-dashboard/price-explorer,67ca9e98f71e35cb8f6d5857,active_official_exact_listing_isin_name
LSE::JIBG,proposed,JIBG,LSE,ETF,IE00BN4RDY28,JPM USD Corporate Bond Research Enhanced Index (ESG) UCITS ETF USD Dis GBP,JPMORGAN ETFS (IRELAND) ICAV JPM USD IG CORP UCITS ETF USD DIS,lse_price_explorer,exchange_directory,https://www.londonstockexchange.com/live-markets/market-data-dashboard/price-explorer,70d3a0d78c99ad2e02051cc6,active_official_exact_listing_isin_name
LSE::JLP,proposed,JLP,LSE,Stock,GB0031852162,Jubilee Platinum,JUBILEE METALS GROUP PLC,lse_price_explorer,exchange_directory,https://www.londonstockexchange.com/live-markets/market-data-dashboard/price-explorer,6dd5c244fccd416a4aaa3e8a,active_official_exact_listing_isin_name
LSE::JSUE,proposed,JSUE,LSE,ETF,IE00069JGT58,JPM US Research Enhanced Index Equity SRI Paris Aligned UCITS ETF,JPMORGAN ETFS (IRELAND) ICAV JPM US REI SRI PA UCITS ETF USD ACC,lse_price_explorer,exchange_directory,https://www.londonstockexchange.com/live-markets/market-data-dashboard/price-explorer,90d26ee351ea8a3bc16ef293,active_official_exact_listing_isin_name
LSE::LDME,proposed,LDME,LSE,ETF,IE00BMYDMC42,L&G Quality Equity Dividends ESG Exclusions Emerging Markets UCITS ETF,LEGAL & GENERAL UCITS ETF PLC L&G EM QUALITY DIV EQ WEIGHT USD DIST,lse_price_explorer,exchange_directory,https://www.londonstockexchange.com/live-markets/market-data-dashboard/price-explorer,cf410affe5ce77cb7029cba4,active_official_exact_listing_isin_name
LSE::LEED,proposed,LEED,LSE,ETF,JE00B2QY0436,WisdomTree Lead,WISDOMTREE COMMODITY SECURITIES LTD WISDOMTREE LEAD,lse_price_explorer,exchange_directory,https://www.londonstockexchange.com/live-markets/market-data-dashboard/price-explorer,d0323ae0b2bcca0ab9aefe8f,active_official_exact_listing_isin_name
LSE::LEMV,proposed,LEMV,LSE,ETF,LU0599612842,Ossiam Europe ESG Machine Learning ETF UCITS 1C (EUR),OSSIAM LUX OSSIAM ISTOXX EURP MIN VAR NR ETF (GBP),lse_price_explorer,exchange_directory,https://www.londonstockexchange.com/live-markets/market-data-dashboard/price-explorer,441182bed571d870151e5010,active_official_exact_listing_isin_name
LSE::LQGH,proposed,LQGH,LSE,ETF,IE00BDFK3736,iShares $ Corp Bond UCITS ETF,ISHARES PLC ISH $ CORP BOND ETF GBP-H D,lse_price_explorer,exchange_directory,https://www.londonstockexchange.com/live-markets/market-data-dashboard/price-explorer,dbfcd3c7ba9bfbcb93bdfb81,active_official_exact_listing_isin_name
LSE::LUSC,proposed,LUSC,LSE,ETF,IE00BZ0G8860,SPDR Barclays 10+ U.S. Corporate Bond UCITS,SSGA SPDR ETFS EUROPE I PLC SS SPDR BLOOM 10+ US CORP BD UCITS ETF,lse_price_explorer,exchange_directory,https://www.londonstockexchange.com/live-markets/market-data-dashboard/price-explorer,32dad87849354e130aca54df,active_official_exact_listing_isin_name
LSE::LUTR,proposed,LUTR,LSE,ETF,IE00BYSZ5V04,SPDR Barclays 10+ U.S. Treasury Bond UCITS,SSGA SPDR ETFS EUROPE I PLC SS SPDR BLOOM 10+ US TRSY BD UCITS ETF,lse_price_explorer,exchange_directory,https://www.londonstockexchange.com/live-markets/market-data-dashboard/price-explorer,d5689b86525c5960e1e657dc,active_official_exact_listing_isin_name
LSE::LUXG,proposed,LUXG,LSE,ETF,LU1681048713,Amundi S&P Global Luxury UCITS,AMUNDI INDEX SOLUTIONS AMUNDI GLOBAL LUXURY UCITS ETF USD ACC,lse_price_explorer,exchange_directory,https://www.londonstockexchange.com/live-markets/market-data-dashboard/price-explorer,b923a86923b543da9fe5ee9e,active_official_exact_listing_isin_name
LSE::LUXU,proposed,LUXU,LSE,ETF,LU1681048713,Amundi S&P Global Luxury UCITS,AMUNDI INDEX SOLUTIONS AMUNDI GLOBAL LUXURY UCITS ETF USD ACC,lse_price_explorer,exchange_directory,https://www.londonstockexchange.com/live-markets/market-data-dashboard/price-explorer,2aaa6487e72c1ed68625f9c4,active_official_exact_listing_isin_name
LSE::MLPQ,proposed,MLPQ,LSE,ETF,IE00B94ZB998,Invesco Morningstar US Energy Infrastructure MLP UCITS ETF,INVESCO MARKETS PLC INVESCO MORN* US ENERGY INFRA MLP ETF A,lse_price_explorer,exchange_directory,https://www.londonstockexchange.com/live-markets/market-data-dashboard/price-explorer,ff9751a9e4e43a640c6646c1,active_official_exact_listing_isin_name
LSE::MLPS,proposed,MLPS,LSE,ETF,IE00B94ZB998,Invesco Morningstar US Energy Infrastructure MLP UCITS ETF,INVESCO MARKETS PLC INVESCO MORN* US ENRGY INFRA MLP ETF A,lse_price_explorer,exchange_directory,https://www.londonstockexchange.com/live-markets/market-data-dashboard/price-explorer,4ab83058d4fe151510b0c012,active_official_exact_listing_isin_name
LSE::MRV,proposed,MRV,LSE,Stock,GB00B641BB82,Amati AIM VCT plc,MAVEN RENOVAR VCT PLC,lse_price_explorer,exchange_directory,https://www.londonstockexchange.com/live-markets/market-data-dashboard/price-explorer,94080386c3a47b6ac55d647b,active_official_exact_listing_isin_name
LSE::MSF1,proposed,MSF1,LSE,ETF,XS2337100320,LS 1x Microsoft Tracker ETP Securities,LEVERAGE SHARES PUBLIC LIMITED CO. 1X MSFT,lse_price_explorer,exchange_directory,https://www.londonstockexchange.com/live-markets/market-data-dashboard/price-explorer,69b1f13f9b14bf0fcc1e75e0,active_official_exact_listing_isin_name
LSE::MSFT,proposed,MSFT,LSE,ETF,XS2337100320,LS 1x Microsoft Tracker ETP Securities,LEVERAGE SHARES PUBLIC LIMITED CO. 1X MSFT,lse_price_explorer,exchange_directory,https://www.londonstockexchange.com/live-markets/market-data-dashboard/price-explorer,aa8f073386455a8350821ab7,active_official_exact_listing_isin_name
LSE::MTIX,proposed,MTIX,LSE,ETF,LU1650491282,Lyxor UCITS EuroMTS Inflation Linked Investment Grade DR,MULTI UNITS LUXEMBOURG AMUNDI EUR GOV INFLLINKED BOND UCITS ACC,lse_price_explorer,exchange_directory,https://www.londonstockexchange.com/live-markets/market-data-dashboard/price-explorer,ea3633e9d1e7fcf7486033a3,active_official_exact_listing_isin_name
LSE::NEWS,proposed,NEWS,LSE,Stock,GB00BTWSXW71,Pathos Commun Ltd,PATHOS COMMUNICATIONS PLC,lse_price_explorer,exchange_directory,https://www.londonstockexchange.com/live-markets/market-data-dashboard/price-explorer,fc280d8f95b101920974f90a,active_official_exact_listing_isin_name
LSE::NWF,proposed,NWF,LSE,Stock,GB0006523608,N.W.F Group,NWF GROUP PLC,lse_price_explorer,exchange_directory,https://www.londonstockexchange.com/live-markets/market-data-dashboard/price-explorer,b4acc6396038d0809da45a99,active_official_exact_listing_isin_name
LSE::OPEN,proposed,OPEN,LSE,ETF,IE00BD0B9B76,iShares Thomson Reuters Inclusion and Diversity UCITS ETF USD Acc,ISHARES IV PLC ISH INCL / DIVERSITY ETF,lse_price_explorer,exchange_directory,https://www.londonstockexchange.com/live-markets/market-data-dashboard/price-explorer,45c349f0203d84cff9b3958d,active_official_exact_listing_isin_name
LSE::ORCP,proposed,ORCP,LSE,Stock,GB00B23JN426,Oracle Coalfields Plc,ORACLE POWER PLC,lse_price_explorer,exchange_directory,https://www.londonstockexchange.com/live-markets/market-data-dashboard/price-explorer,3e6f67125bbf03d561adf7bf,active_official_exact_listing_isin_name
LSE::ORR,proposed,ORR,LSE,Stock,GB00B0T29327,ORIOLE RESOURCES PLC ORD 0.1P,ORIOLE RESOURCES PLC,lse_price_explorer,exchange_directory,https://www.londonstockexchange.com/live-markets/market-data-dashboard/price-explorer,55b4fe25b4a44e4a87732662,active_official_exact_listing_isin_name
LSE::OVCT,proposed,OVCT,LSE,Stock,GB00B1SN3863,New Century AIM VCT 2 PLC,OBERON AIM VCT PLC,lse_price_explorer,exchange_directory,https://www.londonstockexchange.com/live-markets/market-data-dashboard/price-explorer,16eb141f871dd3041016ec6f,active_official_exact_listing_isin_name
LSE::PQVG,proposed,PQVG,LSE,ETF,IE00BDZCKK11,Invesco S&P 500 QVM UCITS ETF,INVESCO MARKETS III PLC INVESCO S&P 500 QVM UCITS ETF,lse_price_explorer,exchange_directory,https://www.londonstockexchange.com/live-markets/market-data-dashboard/price-explorer,cd92035a2caed4abc14ccb8b,active_official_exact_listing_isin_name
LSE::PQVM,proposed,PQVM,LSE,ETF,IE00BDZCKK11,Invesco S&P 500 QVM UCITS ETF,INVESCO MARKETS III PLC INVESCO S&P 500 QVM UCITS ETFSHARES,lse_price_explorer,exchange_directory,https://www.londonstockexchange.com/live-markets/market-data-dashboard/price-explorer,d9e8595664ff29323feb7562,active_official_exact_listing_isin_name
LSE::PRFP,proposed,PRFP,LSE,ETF,IE00BDVJF675,PowerShares Preferred Shares UCITS,INVESCO MARKETS II PLC INVESCO PREFERRED SHARES UCITS ETF DIST,lse_price_explorer,exchange_directory,https://www.londonstockexchange.com/live-markets/market-data-dashboard/price-explorer,1d3bb2e03c65c0d48399cde9,active_official_exact_listing_isin_name
LSE::PRIS,proposed,PRIS,LSE,Stock,GB00BMWKKM32,PRISTINE CAPITAL PLC ORD GBP0.01,PRISTINE CAPITAL PLC,lse_price_explorer,exchange_directory,https://www.londonstockexchange.com/live-markets/market-data-dashboard/price-explorer,dc263a064981c56af32f0693,active_official_exact_listing_isin_name
LSE::PRUB,proposed,PRUB,LSE,ETF,LU2621112452,Amundi Index Solutions - Amundi Prime US Corporates UCITS ETF DR GBP Hedged (D),AMUNDI INDEX SOLUTIONS AMUNDI CORE USD CORPORATE BOND ETF GBP H,lse_price_explorer,exchange_directory,https://www.londonstockexchange.com/live-markets/market-data-dashboard/price-explorer,1374ce93c6ceb7e2f9c1d720,active_official_exact_listing_isin_name
LSE::PUIP,proposed,PUIP,LSE,ETF,IE00BJ06C481,Invesco USD Corporate Bond ESG UCITS ETF GBP Hedged,INVESCO MARKETS II PLC IVZ USD IG CORP BD ESG CLIM ETF GBH DIST,lse_price_explorer,exchange_directory,https://www.londonstockexchange.com/live-markets/market-data-dashboard/price-explorer,7237c2e0f42d1a8f45cefad7,active_official_exact_listing_isin_name
LSE::PXC,proposed,PXC,LSE,Stock,VGG7060R1139,Phoenix Global Mining Ltd,PHOENIX COPPER LIMITED,lse_price_explorer,exchange_directory,https://www.londonstockexchange.com/live-markets/market-data-dashboard/price-explorer,e90feb22a96d1817a4421451,active_official_exact_listing_isin_name
LSE::RENG,proposed,RENG,LSE,ETF,IE00BK5BCH80,L&G Clean Energy UCITS ETF USD Acc,LEGAL & GENERAL UCITS ETF PLC L&G CLEAN ENERGY ETF,lse_price_explorer,exchange_directory,https://www.londonstockexchange.com/live-markets/market-data-dashboard/price-explorer,9f90a688b29211183c547c5c,active_official_exact_listing_isin_name
LSE::RENW,proposed,RENW,LSE,ETF,IE00BK5BCH80,L&G Clean Energy UCITS ETF USD Acc,LEGAL & GENERAL UCITS ETF PLC L&G CLEAN ENERGY ETF,lse_price_explorer,exchange_directory,https://www.londonstockexchange.com/live-markets/market-data-dashboard/price-explorer,9b6ad2fa934f2ed4a17abdef,active_official_exact_listing_isin_name
LSE::RIOL,proposed,RIOL,LSE,ETF,LU1900066207,Lyxor UCITS Brazil (Ibovespa) C-EUR,MULTI UNITS LUXEMBOURG AMUNDI MSCI BRAZIL UCITS ETF ACC,lse_price_explorer,exchange_directory,https://www.londonstockexchange.com/live-markets/market-data-dashboard/price-explorer,764d55054dd8ca0630aeda47,active_official_exact_listing_isin_name
LSE::RIOU,proposed,RIOU,LSE,ETF,LU1900066207,Lyxor UCITS Brazil (Ibovespa) C-EUR,MULTI UNITS LUXEMBOURG AMUNDI MSCI BRAZIL UCITS ETF ACC,lse_price_explorer,exchange_directory,https://www.londonstockexchange.com/live-markets/market-data-dashboard/price-explorer,ee637907ec77650af7f0e620,active_official_exact_listing_isin_name
LSE::RKW,proposed,RKW,LSE,Stock,GB00BRRD5L66,Rockwood Realisation PLC,ROCKWOOD STRATEGIC PLC,lse_price_explorer,exchange_directory,https://www.londonstockexchange.com/live-markets/market-data-dashboard/price-explorer,cc9cb7d6bcd3f5ee9ada450a,active_official_exact_listing_isin_name
LSE::ROBE,proposed,ROBE,LSE,ETF,IE00BMW3QX54,L&G ROBO Global Robotics and Automation UCITS ETF,LEGAL & GENERAL UCITS ETF PLC ROBO GLOBAL ROB&AUTO GO UCITS ETF (EUR),lse_price_explorer,exchange_directory,https://www.londonstockexchange.com/live-markets/market-data-dashboard/price-explorer,d40e7dbbf4abaaf1a5ce9dc3,active_official_exact_listing_isin_name
LSE::ROBG,proposed,ROBG,LSE,ETF,IE00BMW3QX54,L&G ROBO Global Robotics and Automation UCITS ETF,LEGAL & GENERAL UCITS ETF PLC ROBO GLOBAL ROB&AUTO GO UCITS ETF (GBP),lse_price_explorer,exchange_directory,https://www.londonstockexchange.com/live-markets/market-data-dashboard/price-explorer,28440ddca72e6c64d20643b6,active_official_exact_listing_isin_name
LSE::ROBO,proposed,ROBO,LSE,ETF,IE00BMW3QX54,L&G ROBO Global Robotics and Automation UCITS ETF,LEGAL & GENERAL UCITS ETF PLC ROBO GLOBAL ROB&AUTO GO UCITS ETF (USD),lse_price_explorer,exchange_directory,https://www.londonstockexchange.com/live-markets/market-data-dashboard/price-explorer,3c58d64c9b867be8363cdc93,active_official_exact_listing_isin_name
LSE::RSPB,proposed,RSPB,LSE,ETF,IE0000TZZ2B2,INVESCO MARKETS PLC INVESCO S&P,INVESCO MARKETS PLC INVESCO S&P 500 EQUAL WEIGHT SWAP UCITS,lse_price_explorer,exchange_directory,https://www.londonstockexchange.com/live-markets/market-data-dashboard/price-explorer,27460fefa33f5fe2505eddcb,active_official_exact_listing_isin_name
LSE::SAAA,proposed,SAAA,LSE,ETF,IE00B87G8S03,iShares Global AAA-AA Government Bond UCITS,ISHARES VI PLC ISHRS GLOBAL AAA-AA GVT BND ETF USD DIST,lse_price_explorer,exchange_directory,https://www.londonstockexchange.com/live-markets/market-data-dashboard/price-explorer,5a644b2ebb5bced5829d34cb,active_official_exact_listing_isin_name
LSE::SAUS,proposed,SAUS,LSE,ETF,IE00B5377D42,iShares MSCI Australia UCITS,ISHARES III PLC ISHRS MSCI AUST UCITS ETF USD (ACC),lse_price_explorer,exchange_directory,https://www.londonstockexchange.com/live-markets/market-data-dashboard/price-explorer,a1490d12ca9daae39b7a28b4,active_official_exact_listing_isin_name
LSE::SDEU,proposed,SDEU,LSE,ETF,IE00B5V94313,iShares Germany Government Bond UCITS,ISHARES V PLC ISHRS GERMANY GVT BND ETF EUR (DIST),lse_price_explorer,exchange_directory,https://www.londonstockexchange.com/live-markets/market-data-dashboard/price-explorer,ebbf59ea4222e22c89b07932,active_official_exact_listing_isin_name
LSE::SDHA,proposed,SDHA,LSE,ETF,IE00BZ17CN18,iShares $ Short Duration High Yield Corp Bond UCITS USD Acc,ISHARES IV PLC ISH $ ST DUR HY CRP BND ETF USD ACC,lse_price_explorer,exchange_directory,https://www.londonstockexchange.com/live-markets/market-data-dashboard/price-explorer,523e410143bdbe425ee7af5f,active_official_exact_listing_isin_name
LSE::SDHG,proposed,SDHG,LSE,ETF,IE00BCRY6003,iShares IV Public Limited Company - iShares $ Short Duration High Yield Corporate Bond UCITS ETF,ISHARES IV PLC ISHS $ SHRT DUR HY CRP BD ETF USD (DIST),lse_price_explorer,exchange_directory,https://www.londonstockexchange.com/live-markets/market-data-dashboard/price-explorer,e042c1c72425793a9f094e13,active_official_exact_listing_isin_name
LSE::SDIA,proposed,SDIA,LSE,ETF,IE00BYXYYP94,iShares $ Short Duration Corp Bond UCITS Acc,ISHARES IV PLC IS $ SHRT DUR CORP BND UCITS ETF USD ACC,lse_price_explorer,exchange_directory,https://www.londonstockexchange.com/live-markets/market-data-dashboard/price-explorer,2403614dc332ad7a0464a38f,active_official_exact_listing_isin_name
LSE::SDIU,proposed,SDIU,LSE,ETF,IE000YICM5P9,Global X SuperDividend UCITS ETF USD Cap,GLOBAL X ETFS ICAV GLOBAL X SUPERDIVIDEND UCITS ETF,lse_price_explorer,exchange_directory,https://www.londonstockexchange.com/live-markets/market-data-dashboard/price-explorer,486030658d893e79ab10b4c1,active_official_exact_listing_isin_name
LSE::SEAG,proposed,SEAG,LSE,ETF,IE00B3DKXQ41,iShares Aggregate Bond UCITS,ISHARES III PLC ISHRES EUR AGG BOND UCITS ETF EUR (DIST),lse_price_explorer,exchange_directory,https://www.londonstockexchange.com/live-markets/market-data-dashboard/price-explorer,6b7974ad8d7d94ace6acee88,active_official_exact_listing_isin_name
LSE::SEPL,proposed,SEPL,LSE,Stock,NGSEPLAT0008,Seplat Petroleum Development Company PLC,SEPLAT ENERGY PLC,lse_price_explorer,exchange_directory,https://www.londonstockexchange.com/live-markets/market-data-dashboard/price-explorer,19cbce9790749a7193dd88dc,active_official_exact_listing_isin_name
LSE::SGSU,proposed,SGSU,LSE,ETF,IE00BK7Y2S64,iShares $ Corp Bond 0-3yr ESG UCITS ETF GBP Hedged (Dist),ISHARES II PLC ISHARES USD CORP ESG SRI 0-3YR GBP H,lse_price_explorer,exchange_directory,https://www.londonstockexchange.com/live-markets/market-data-dashboard/price-explorer,243e8897312ea6e8fafab0e5,active_official_exact_listing_isin_name
LSE::SGWS,proposed,SGWS,LSE,ETF,IE00BMZ17T93,iShares MSCI World SRI UCITS ETF GBP Hedged (Dist) GBP,ISHARES IV PLC ISH £SRI E GBH D,lse_price_explorer,exchange_directory,https://www.londonstockexchange.com/live-markets/market-data-dashboard/price-explorer,1e61f4e3f41e57899bf98c6e,active_official_exact_listing_isin_name
LSE::SHYG,proposed,SHYG,LSE,ETF,IE00B66F4759,iShares Euro High Yield Corporate Bond UCITS,ISHARES PLC ISHARES EUR H.YLD C.B UCITS ETF EUR DIST,lse_price_explorer,exchange_directory,https://www.londonstockexchange.com/live-markets/market-data-dashboard/price-explorer,99b9a7c18840d255c6ef71d1,active_official_exact_listing_isin_name
LSE::SP5G,proposed,SP5G,LSE,ETF,LU1950341179,Lyxor S&P 500 UCITS ETF - Daily Hedged to GBP - Dist,MULTI UNITS LUXEMBOURG AMUNDI CORE S&P 500 SWAP ETF GBP HDG D,lse_price_explorer,exchange_directory,https://www.londonstockexchange.com/live-markets/market-data-dashboard/price-explorer,d5f13b44c279f9676ebbe0f3,active_official_exact_listing_isin_name
LSE::SP5L,proposed,SP5L,LSE,ETF,LU1135865084,Lyxor S&P 500 UCITS ETF - C-EUR GBP,MULTI UNITS LUXEMBOURG AMUNDI CORE S&P 500 SWAP UCITS ETF ACC,lse_price_explorer,exchange_directory,https://www.londonstockexchange.com/live-markets/market-data-dashboard/price-explorer,57df70c76378817233db3203,active_official_exact_listing_isin_name
LSE::SPAG,proposed,SPAG,LSE,ETF,IE00B6R52143,iShares V Public Limited Company - iShares Agribusiness UCITS ETF,ISHARES V PLC ISHARES AGRIBUSINESS UCITS ETF USD (ACC),lse_price_explorer,exchange_directory,https://www.londonstockexchange.com/live-markets/market-data-dashboard/price-explorer,3050646beba1e6328017cb38,active_official_exact_listing_isin_name
LSE::SPX4,proposed,SPX4,LSE,ETF,IE00B4YBJ215,SPDR® S&P 400 US Mid Cap UCITS ETF GBP,SSGA SPDR ETFS EUROPE I PLC SS SPDR S&P 400 US MID CAP UCITS ETF,lse_price_explorer,exchange_directory,https://www.londonstockexchange.com/live-markets/market-data-dashboard/price-explorer,a9ec6fa09c66a18b6ed82aab,active_official_exact_listing_isin_name
LSE::SPXD,proposed,SPXD,LSE,ETF,IE00BYML9W36,Invesco S&P 500 UCITS B Dis,INVESCO MARKETS PLC INVESCO S&P 500 UCITS ETF DIST,lse_price_explorer,exchange_directory,https://www.londonstockexchange.com/live-markets/market-data-dashboard/price-explorer,263f01568dd7aa798b05b322,active_official_exact_listing_isin_name
LSE::SPXL,proposed,SPXL,LSE,ETF,IE000XZSV718,SPDR S&P 500 UCITS ETF USD Acc GBP,SSGA SPDR ETFS EUROPE I PLC SS SPDR S&P 500 UCITS ETF (ACC),lse_price_explorer,exchange_directory,https://www.londonstockexchange.com/live-markets/market-data-dashboard/price-explorer,8fd1627933f98097734fb884,active_official_exact_listing_isin_name
LSE::SPXP,proposed,SPXP,LSE,ETF,IE00B3YCGJ38,Invesco S&P 500 UCITS ETF,INVESCO MARKETS PLC INVESCO S&P 500 UCITS ETF,lse_price_explorer,exchange_directory,https://www.londonstockexchange.com/live-markets/market-data-dashboard/price-explorer,aa48d2e4cd7e833cc88e31ec,active_official_exact_listing_isin_name
LSE::SPXS,proposed,SPXS,LSE,ETF,IE00B3YCGJ38,Invesco S&P 500 UCITS ETF,INVESCO MARKETS PLC INVESCO S&P 500 UCITS ETF,lse_price_explorer,exchange_directory,https://www.londonstockexchange.com/live-markets/market-data-dashboard/price-explorer,8e509c3843f79766b9950af0,active_official_exact_listing_isin_name
LSE::SPY4,proposed,SPY4,LSE,ETF,IE00B4YBJ215,SPDR® S&P 400 US Mid Cap UCITS ETF,SSGA SPDR ETFS EUROPE I PLC SS SPDR S&P 400 US MID CAP UCITS ETF,lse_price_explorer,exchange_directory,https://www.londonstockexchange.com/live-markets/market-data-dashboard/price-explorer,0215a017bb7bcb3a55fb7ebb,active_official_exact_listing_isin_name
LSE::SPYL,proposed,SPYL,LSE,ETF,IE000XZSV718,SPDR S&P 500 UCITS ETF USD Acc,SSGA SPDR ETFS EUROPE I PLC SS SPDR S&P 500 UCITS ETF (ACC),lse_price_explorer,exchange_directory,https://www.londonstockexchange.com/live-markets/market-data-dashboard/price-explorer,d4f8e04a496b655c20ffc93d,active_official_exact_listing_isin_name
LSE::STPH,proposed,STPH,LSE,ETF,LU2018762901,Amundi US Curve steepening 2-10Y UCITS ETF Monthly Hedged To GBP - Income,MULTI UNITS LUXEMBOURG USCURVE STEEPENING 2-10 MTH HDGGBP - D,lse_price_explorer,exchange_directory,https://www.londonstockexchange.com/live-markets/market-data-dashboard/price-explorer,b0a2f07c49ece74c0b539d41,active_official_exact_listing_isin_name
LSE::SUKC,proposed,SUKC,LSE,ETF,IE00BCBJF711,SPDR Barclays 0-5 Sterling Corporate Bond UCITS,SSGA SPDR ETFS EUROPE II PLC SS SPDR BLOOM 0-5 YEAR GBP CORP BOND ETF,lse_price_explorer,exchange_directory,https://www.londonstockexchange.com/live-markets/market-data-dashboard/price-explorer,7dda8eaf9133240a924adc47,active_official_exact_listing_isin_name
LSE::SUOG,proposed,SUOG,LSE,ETF,IE00BK74KV56,iShares € Corp Bond ESG UCITS ETF GBP Hedged Inc,ISHARES II PLC ISH CB ESG SRI GBP H D,lse_price_explorer,exchange_directory,https://www.londonstockexchange.com/live-markets/market-data-dashboard/price-explorer,8b12a9bd1076733c192b8699,active_official_exact_listing_isin_name
LSE::SUOP,proposed,SUOP,LSE,ETF,IE00BMWPV702,iShares $ Corp Bond ESG UCITS ETF GBP Hedged Inc,ISHARES II PLC ISHARES USD CORP ESG SRI-GBPHD DIST,lse_price_explorer,exchange_directory,https://www.londonstockexchange.com/live-markets/market-data-dashboard/price-explorer,c054aa1442fb3126548ce2b1,active_official_exact_listing_isin_name
LSE::T3GB,proposed,T3GB,LSE,ETF,IE00BF2FNL98,Invesco US Treasury Bond 1-3 Year UCITS ETF GBP Hdg Dist,INVESCO MARKETS II PLC IVZ UST BND 1-3 YR UCITS ETF GBPHDG DS,lse_price_explorer,exchange_directory,https://www.londonstockexchange.com/live-markets/market-data-dashboard/price-explorer,dcc540ffac0f877e84bea4d3,active_official_exact_listing_isin_name
LSE::TAVI,proposed,TAVI,LSE,Stock,GB00BLNMLS43,TAVISTOCK INVESTMENTS PLC ORD 1P,TAVISTOCK INVESTMENTS PLC,lse_price_explorer,exchange_directory,https://www.londonstockexchange.com/live-markets/market-data-dashboard/price-explorer,e43511ad5a5b5e2edf155a9f,active_official_exact_listing_isin_name
LSE::TIME,proposed,TIME,LSE,Stock,GB00BCDBXK43,TIME FINANCE PLC ORD 10P,TIME FINANCE PLC,lse_price_explorer,exchange_directory,https://www.londonstockexchange.com/live-markets/market-data-dashboard/price-explorer,bf0128564fa5a10e631830f3,active_official_exact_listing_isin_name
LSE::TINM,proposed,TINM,LSE,ETF,JE00B2QY0H68,WisdomTree Tin,WISDOMTREE COMMODITY SECURITIES LTD WISDOMTREE TIN,lse_price_explorer,exchange_directory,https://www.londonstockexchange.com/live-markets/market-data-dashboard/price-explorer,a4002d2250169a089cf36b08,active_official_exact_listing_isin_name
LSE::TIP5,proposed,TIP5,LSE,ETF,IE00BDQYWQ65,iShares $ TIPS 0-5 UCITS Dist Share Class,ISHARES II PLC ISHARES $ TIPS 0-5 UCITS ETF,lse_price_explorer,exchange_directory,https://www.londonstockexchange.com/live-markets/market-data-dashboard/price-explorer,11391fa6bece0701d1304705,active_official_exact_listing_isin_name
LSE::TNOW,proposed,TNOW,LSE,ETF,LU0533033741,Lyxor MSCI World Information Technology TR UCITS,MULTI UNITS LUXEMBOURG AMUNDI MSCI WRLD INFO TECH USD ACC,lse_price_explorer,exchange_directory,https://www.londonstockexchange.com/live-markets/market-data-dashboard/price-explorer,7038879c2ba95afd65bb7a2e,active_official_exact_listing_isin_name
LSE::TP05,proposed,TP05,LSE,ETF,IE00BDQYWQ65,iShares $ TIPS 0-5 UCITS Dist Share Class,ISHARES II PLC ISHARES $ TIPS 0-5 UCITS ETF,lse_price_explorer,exchange_directory,https://www.londonstockexchange.com/live-markets/market-data-dashboard/price-explorer,3949d69d3fe9ac9cfd5467d0,active_official_exact_listing_isin_name
LSE::TR7S,proposed,TR7S,LSE,ETF,IE00BF2GC043,Invesco US Treasury Bond 3-7 Year UCITS ETF GBP Hdg Dist,INVESCO MARKETS II PLC IVZ US TRES BND 3-7Y UCITS ETF GBPHDG DS,lse_price_explorer,exchange_directory,https://www.londonstockexchange.com/live-markets/market-data-dashboard/price-explorer,de3d7a153dd058654a19407a,active_official_exact_listing_isin_name
LSE::TRAF,proposed,TRAF,LSE,Stock,GB00BKMQQR47,Trafalgar New Homes Plc,TRAFALGAR MINERALS PLC,lse_price_explorer,exchange_directory,https://www.londonstockexchange.com/live-markets/market-data-dashboard/price-explorer,e3de3a4bcf04d0c74ed8a0bf,active_official_exact_listing_isin_name
LSE::TRGB,proposed,TRGB,LSE,ETF,IE00BF2GFM70,Invesco US Treasury Bond UCITS ETF GBP Hdg Dist,INVESCO MARKETS II PLC IVZ US TRES BND UCITS ETF GBPHDG DS,lse_price_explorer,exchange_directory,https://www.londonstockexchange.com/live-markets/market-data-dashboard/price-explorer,501025bfd1f390fb91754747,active_official_exact_listing_isin_name
LSE::TRS5,proposed,TRS5,LSE,ETF,IE00BYSZ5R67,SPDR Barclays 3-5 U.S. Treasury Bond UCITS,SSGA SPDR ETFS EUROPE I PLC SS SPDR BLOOM 3-7 US TRSY BD UCITS ETF,lse_price_explorer,exchange_directory,https://www.londonstockexchange.com/live-markets/market-data-dashboard/price-explorer,bbcbe1218a4605c7a4f37f70,active_official_exact_listing_isin_name
LSE::TRSX,proposed,TRSX,LSE,ETF,IE00BYSZ5T81,SPDR Barclays 7-10 U.S. Treasury Bond UCITS,SSGA SPDR ETFS EUROPE I PLC SS SPDR BLOOM 7-10 US TRSY BD UCITS ETF,lse_price_explorer,exchange_directory,https://www.londonstockexchange.com/live-markets/market-data-dashboard/price-explorer,92cdb6bcde3c8c2c1447d68b,active_official_exact_listing_isin_name
LSE::TRT,proposed,TRT,LSE,Stock,GB00BDHDTH21,TRANSENSE TECHNOLOGIES PLC ORD 10P,TRANSENSE TECHNOLOGIES PLC,lse_price_explorer,exchange_directory,https://www.londonstockexchange.com/live-markets/market-data-dashboard/price-explorer,fb1c23ec21dcc945f75a7674,active_official_exact_listing_isin_name
LSE::TRXS,proposed,TRXS,LSE,ETF,IE00BF2FNB90,Invesco US Treasury Bond 7-10 Year UCITS ETF GBP Hedged Dist,INVESCO MARKETS II PLC IV US TRES BND 7-10Y UCITS ETF GBPHDG DS,lse_price_explorer,exchange_directory,https://www.londonstockexchange.com/live-markets/market-data-dashboard/price-explorer,8b96cb95978457e51b79576f,active_official_exact_listing_isin_name
LSE::U03A,proposed,U03A,LSE,ETF,IE000SSFEUS3,iShares $ Treasury Bond 0-3 Month UCITS ETF USD (Acc),ISHARES IV PLC ISHRS $ TRSRY BD 03 MNTH UCITS ETF USD A,lse_price_explorer,exchange_directory,https://www.londonstockexchange.com/live-markets/market-data-dashboard/price-explorer,5fe8f050b3644beaa612bd98,active_official_exact_listing_isin_name
LSE::U13E,proposed,U13E,LSE,ETF,LU1407887675,Lyxor US Treasury 1-3Y (DR) UCITS ETF - Monthly Hedged to GBP - Dist,MULTI UNITS LUXEMBOURG AMUNDI US T-BOND 1-3Y UCITS ETF GBP HDG,lse_price_explorer,exchange_directory,https://www.londonstockexchange.com/live-markets/market-data-dashboard/price-explorer,5db4106ab66ab6dac7a16aa0,active_official_exact_listing_isin_name
LSE::U13G,proposed,U13G,LSE,ETF,LU1407887162,Lyxor UCITS iBoxx USD Treasuries 1-3Y DR,MULTI UNITS LUXEMBOURG AMUNDI US TREASURY BOND 1-3Y UCITS ETF,lse_price_explorer,exchange_directory,https://www.londonstockexchange.com/live-markets/market-data-dashboard/price-explorer,cfe80fb457bdaf3f8456960b,active_official_exact_listing_isin_name
LSE::U37H,proposed,U37H,LSE,ETF,LU1407889457,Lyxor US Treasury 3-7Y (DR) UCITS ETF GBP,MULTI UNITS LUXEMBOURG AMUNDI US T-BOND 3-7Y UCITS ETF GBP HDG,lse_price_explorer,exchange_directory,https://www.londonstockexchange.com/live-markets/market-data-dashboard/price-explorer,7a3d3c56116e9e38084714ee,active_official_exact_listing_isin_name
LSE::U71H,proposed,U71H,LSE,ETF,LU1407888483,Lyxor Core US Treasury 7-10Y (DR) UCITS ETF,MULTI UNITS LUXEMBOURG AMUNDI US T-BOND 7-10Y UCITS ETF EUR HDG,lse_price_explorer,exchange_directory,https://www.londonstockexchange.com/live-markets/market-data-dashboard/price-explorer,b27cacd9c507cb260651aa0a,active_official_exact_listing_isin_name
LSE::UC76,proposed,UC76,LSE,ETF,LU1048316647,UBS Barclays US Liquid Corporates,UBS (LUX) FUND SOLUTIONS UBS CORE BBG US LIQ. CORP ETF USD DIS,lse_price_explorer,exchange_directory,https://www.londonstockexchange.com/live-markets/market-data-dashboard/price-explorer,d5d06ead6729de8485848492,active_official_exact_listing_isin_name
LSE::UC82,proposed,UC82,LSE,ETF,LU1048315326,UBS(Lux)Fund Solutions – Bloomberg US Liquid Corporates 1-5 Year UCITS ETF(hedged GBP)A-dis,UBS (LUX) FUND SOLUTIONS UBS BBG US LIQ. CORP 1-5 ETF HGBP DIS,lse_price_explorer,exchange_directory,https://www.londonstockexchange.com/live-markets/market-data-dashboard/price-explorer,ccdf0199067748bfad82030b,active_official_exact_listing_isin_name
LSE::UC84,proposed,UC84,LSE,ETF,LU1048316647,UBS Barclays US Liquid Corporates,UBS (LUX) FUND SOLUTIONS UBS CORE BBG US LIQ. CORP ETF USD DIS,lse_price_explorer,exchange_directory,https://www.londonstockexchange.com/live-markets/market-data-dashboard/price-explorer,0601ff9f9290e98c272a8e3f,active_official_exact_listing_isin_name
LSE::UH10,proposed,UH10,LSE,ETF,LU1407891271,Lyxor US Treasury 10+Y (DR) UCITS ETF - Monthly Hedged to GBP - Dis,MULTI UNITS LUXEMBOURG AMUNDI US T-BOND LONG DATED GBP HDG,lse_price_explorer,exchange_directory,https://www.londonstockexchange.com/live-markets/market-data-dashboard/price-explorer,c569b6b92f6bf68874786c56,active_official_exact_listing_isin_name
LSE::ULTE,proposed,ULTE,LSE,ETF,XS3218061631,HansETF Ultra Option,HANETF MULTI-ASSET ETC ISSUER PLC YIELDMAX ULTY OPTION INCOME STRATEGY ETC,lse_price_explorer,exchange_directory,https://www.londonstockexchange.com/live-markets/market-data-dashboard/price-explorer,f2b8a9f71533716a088f7569,active_official_exact_listing_isin_name
LSE::URND,proposed,URND,LSE,ETF,IE000MS9DTS9,Global X Uranium UCITS ETF,GLOBAL X ETFS ICAV GLOBAL X URANIUM UCITS ETF,lse_price_explorer,exchange_directory,https://www.londonstockexchange.com/live-markets/market-data-dashboard/price-explorer,dcc3d69e8c534d853ba09e7b,active_official_exact_listing_isin_name
LSE::URNG,proposed,URNG,LSE,ETF,IE000NDWFGA5,Global X Uranium UCITS ETF USD Acc GBP,GLOBAL X ETFS ICAV GLOBAL X URANIUM UCITS ETF,lse_price_explorer,exchange_directory,https://www.londonstockexchange.com/live-markets/market-data-dashboard/price-explorer,07e461cb0f54a34cae45ea8f,active_official_exact_listing_isin_name
LSE::URNU,proposed,URNU,LSE,ETF,IE000NDWFGA5,Global X Uranium UCITS ETF USD Acc,GLOBAL X ETFS ICAV GLOBAL X URANIUM UCITS ETF,lse_price_explorer,exchange_directory,https://www.londonstockexchange.com/live-markets/market-data-dashboard/price-explorer,ef973072546af19d9ff17b65,active_official_exact_listing_isin_name
LSE::US13,proposed,US13,LSE,ETF,LU1407887162,Lyxor UCITS iBoxx USD Treasuries 1-3Y DR,MULTI UNITS LUXEMBOURG AMUNDI US TREASURY BOND 1-3Y UCITS ETF,lse_price_explorer,exchange_directory,https://www.londonstockexchange.com/live-markets/market-data-dashboard/price-explorer,653023dad21d234c10b82fa0,active_official_exact_listing_isin_name
LSE::USAG,proposed,USAG,LSE,ETF,IE00B459R192,SPDR® Bloomberg U.S. Aggregate Bond UCITS ETF,SSGA SPDR ETFS EUROPE I PLC SS SPDR BLOOM US AGG BOND UCITS ETF,lse_price_explorer,exchange_directory,https://www.londonstockexchange.com/live-markets/market-data-dashboard/price-explorer,1332c6b0d62686ca8c15c59a,active_official_exact_listing_isin_name
LSE::USPG,proposed,USPG,LSE,ETF,IE00BD34DL14,UBS (Irl) ETF plc - S&P 500 UCITS ETF (hedged to GBP) A-dis,UBS (IRL) ETF PLC UBS CORE S&P 500 ETF HGBP DIS,lse_price_explorer,exchange_directory,https://www.londonstockexchange.com/live-markets/market-data-dashboard/price-explorer,fb31dbcf4b8c772ac9e8af01,active_official_exact_listing_isin_name
LSE::UTIP,proposed,UTIP,LSE,ETF,IE00BZ0G8977,SPDR Barclays U.S. TIPS UCITS,SSGA SPDR ETFS EUROPE I PLC SS SPDR BLOOM US TIPS UCITS ETF,lse_price_explorer,exchange_directory,https://www.londonstockexchange.com/live-markets/market-data-dashboard/price-explorer,d0cef506804d3515a8adb53a,active_official_exact_listing_isin_name
LSE::UTLI,proposed,UTLI,LSE,Stock,BMG916101576,UIL Finance Ltd. ZDP,UIL FINANCE LIMITED,lse_price_explorer,exchange_directory,https://www.londonstockexchange.com/live-markets/market-data-dashboard/price-explorer,a3d6d45a35c8c864b1bb1dcb,active_official_exact_listing_isin_name
LSE::VAGP,proposed,VAGP,LSE,ETF,IE00BG47KG48,Vanguard Global Aggregate Bond UCITS ETF GBP Hedged Income,VANGUARD FUNDS PLC VANGUARD GLOBAL AGGREGATE BD UCITS ETF,lse_price_explorer,exchange_directory,https://www.londonstockexchange.com/live-markets/market-data-dashboard/price-explorer,211e8001fadf70245d3e1860,active_official_exact_listing_isin_name
LSE::VAGS,proposed,VAGS,LSE,ETF,IE00BG47K971,Vanguard Global Aggregate Bond UCITS ETF GBP Hedged Accumulation,VANGUARD FUNDS PLC VANGUARD GLOBAL AGGREGATE BD UCITS ETF,lse_price_explorer,exchange_directory,https://www.londonstockexchange.com/live-markets/market-data-dashboard/price-explorer,e37d856a4ee8bf5b35a3b694,active_official_exact_listing_isin_name
LSE::VAGU,proposed,VAGU,LSE,ETF,IE00BG47KJ78,Vanguard Global Aggregate Bond UCITS ETF USD Hedged Accumulation,VANGUARD FUNDS PLC VANGUARD GLOBAL AGGREGATE BD UCITS ETF,lse_price_explorer,exchange_directory,https://www.londonstockexchange.com/live-markets/market-data-dashboard/price-explorer,bc44b37f6abee030e04d307c,active_official_exact_listing_isin_name
LSE::VALW,proposed,VALW,LSE,ETF,IE00BJXRT813,SPDR MSCI World Value UCITS ETF,SSGA SPDR ETFS EUROPE II PLC SS SPDR MSCI WLD VAL,lse_price_explorer,exchange_directory,https://www.londonstockexchange.com/live-markets/market-data-dashboard/price-explorer,353068bf66dbbd80d10c4e62,active_official_exact_listing_isin_name
LSE::VDTS,proposed,VDTS,LSE,ETF,IE000S0PSP47,Vanguard USD Treasury Bond UCITS ETF GBP Hedged Distribution,VANGUARD FUNDS PLC VANGUARD USD TRSRY UCITS ETF GBP H DIS,lse_price_explorer,exchange_directory,https://www.londonstockexchange.com/live-markets/market-data-dashboard/price-explorer,b5edf809792eeffe9b96c41a,active_official_exact_listing_isin_name
LSE::VGOV,proposed,VGOV,LSE,ETF,IE00B42WWV65,Vanguard U.K. Gilt UCITS ETF,VANGUARD FUNDS PLC UK GILT UCITS ETF GBP,lse_price_explorer,exchange_directory,https://www.londonstockexchange.com/live-markets/market-data-dashboard/price-explorer,63eafb6d93e7a8f743faa7a5,active_official_exact_listing_isin_name
LSE::VGPA,proposed,VGPA,LSE,ETF,IE00BGYWFN19,Vanguard USD Corporate Bond UCITS ETF GBP Hedged Accumulation,VANGUARD FUNDS PLC VANGUARD USD CORP UCITS ETF GBP H ACC,lse_price_explorer,exchange_directory,https://www.londonstockexchange.com/live-markets/market-data-dashboard/price-explorer,b3d019439d544e145cee61e4,active_official_exact_listing_isin_name
LSE::VUAA,proposed,VUAA,LSE,ETF,IE00BFMXXD54,Vanguard S&P 500 UCITS ETF USD Accumulation,VANGUARD FUNDS PLC VANGUARD S&P 500 UCITS ETF,lse_price_explorer,exchange_directory,https://www.londonstockexchange.com/live-markets/market-data-dashboard/price-explorer,a3ca1c30259350c1edd3f377,active_official_exact_listing_isin_name
LSE::VUAG,proposed,VUAG,LSE,ETF,IE00BFMXXD54,Vanguard S&P 500 UCITS Acc,VANGUARD FUNDS PLC VANGUARD S&P 500 UCITS ETF,lse_price_explorer,exchange_directory,https://www.londonstockexchange.com/live-markets/market-data-dashboard/price-explorer,685564b1358e99b3618c8ce3,active_official_exact_listing_isin_name
LSE::VUSA,proposed,VUSA,LSE,ETF,IE00B3XXRP09,Vanguard S&P 500 UCITS ETF,VANGUARD FUNDS PLC VANGUARD S&P 500 UCITS ETF,lse_price_explorer,exchange_directory,https://www.londonstockexchange.com/live-markets/market-data-dashboard/price-explorer,2b9f572d0a708b7ff94d03ac,active_official_exact_listing_isin_name
LSE::VUSD,proposed,VUSD,LSE,ETF,IE00B3XXRP09,Vanguard S&P 500 UCITS ETF,VANGUARD FUNDS PLC VANGUARD S&P 500 UCITS ETF,lse_price_explorer,exchange_directory,https://www.londonstockexchange.com/live-markets/market-data-dashboard/price-explorer,257f16e9355e5f60329e6849,active_official_exact_listing_isin_name
LSE::WBIO,proposed,WBIO,LSE,ETF,IE000O8KMPM1,WisdomTree BioRevolution UCITS ETF - USD Acc GBP,WISDOMTREE ISSUER ICAV WISDOMTREE BIOREV UCITS ETF USD ACC,lse_price_explorer,exchange_directory,https://www.londonstockexchange.com/live-markets/market-data-dashboard/price-explorer,85e43cd38f3efcff1035e8b4,active_official_exact_listing_isin_name
LSE::WCAT,proposed,WCAT,LSE,Stock,GB00BMQC7357,Wildcat Petroleum Plc,WILDCAT GOLD PLC,lse_price_explorer,exchange_directory,https://www.londonstockexchange.com/live-markets/market-data-dashboard/price-explorer,e0d3b0abb3473383e7dc0405,active_official_exact_listing_isin_name
LSE::WDNA,proposed,WDNA,LSE,ETF,IE000O8KMPM1,WisdomTree BioRevolution UCITS ETF - USD Acc,WISDOMTREE ISSUER ICAV WISDOMTREE BIOREV UCITS ETF USD ACC,lse_price_explorer,exchange_directory,https://www.londonstockexchange.com/live-markets/market-data-dashboard/price-explorer,fe4639a9ed26ccbc9afe6f70,active_official_exact_listing_isin_name
LSE::WELP,proposed,WELP,LSE,ETF,IE00BJQTJ848,HAN-GINS Indxx Healthcare Megatrend Equal Weight UCITS ETF - Accumulating GBP,HANETF ICAV HARBOR HEALTH CARE UCITS ETF ACC GBX,lse_price_explorer,exchange_directory,https://www.londonstockexchange.com/live-markets/market-data-dashboard/price-explorer,d5a4ac8b5aaecb9fb48c7c0d,active_official_exact_listing_isin_name
LSE::WETP,proposed,WETP,LSE,ETF,GB00BJYDH394,WISDOMTREE ISSUER X LIMITED WIS,WISDOMTREE ISSUER X LIMITED WISDOMTREE PHYSICAL ETHEREUM,lse_price_explorer,exchange_directory,https://www.londonstockexchange.com/live-markets/market-data-dashboard/price-explorer,52245d58be220fef8323e897,active_official_exact_listing_isin_name
LSE::WINC,proposed,WINC,LSE,ETF,IE000KJPDY61,iShares World Equity High Income UCITS ETF USD Inc,ISHARES III PLC ISHARES WRLD EQT H IN ACT ETF,lse_price_explorer,exchange_directory,https://www.londonstockexchange.com/live-markets/market-data-dashboard/price-explorer,94250621400097f9dc4f23cf,active_official_exact_listing_isin_name
LSE::WMVG,proposed,WMVG,LSE,ETF,IE00BGPP8L80,iShares Edge MSCI World Minimum Volatility UCITS ETF GBP Hedged (Acc),ISHARES VI PLC ISH EDG MSCI WRD MIN V GBP,lse_price_explorer,exchange_directory,https://www.londonstockexchange.com/live-markets/market-data-dashboard/price-explorer,cf6a5db7cad76c9b34f05930,active_official_exact_listing_isin_name
LSE::WOGH,proposed,WOGH,LSE,ETF,IE000ZYE17Z0,iShares World Equity Enhanced Active UCITS ETF GBP Hedged (Acc),ISHARES III PLC ISHRS WRLD EQTY ENH ACTV UCITS ETF GBP A,lse_price_explorer,exchange_directory,https://www.londonstockexchange.com/live-markets/market-data-dashboard/price-explorer,5e99c0b9a57ef6eb5cce4808,active_official_exact_listing_isin_name
LSE::WOOD,proposed,WOOD,LSE,ETF,IE00B27YCF74,iShares Global Timber & Forestry UCITS ETF,ISHARES II PLC ISHRS GLBL TIMBER & FOREST ETF USD DIST,lse_price_explorer,exchange_directory,https://www.londonstockexchange.com/live-markets/market-data-dashboard/price-explorer,ead78e4f783b5153e33cf546,active_official_exact_listing_isin_name
LSE::WREE,proposed,WREE,LSE,ETF,IE000KHX9DX6,WisdomTree EnTrnMtlsandRrErthMnrs UCITS ETF USD Acc,WISDOMTREE ISSUER ICAV WT STRATEGIC METALS AND RARE UCITS ETF,lse_price_explorer,exchange_directory,https://www.londonstockexchange.com/live-markets/market-data-dashboard/price-explorer,4245c773b3cc38ed4ab76ab3,active_official_exact_listing_isin_name
LSE::WRKS,proposed,WRKS,LSE,Stock,GB00BF5HBF20,Works co uk PLC,THEWORKS.CO.UK PLC,lse_price_explorer,exchange_directory,https://www.londonstockexchange.com/live-markets/market-data-dashboard/price-explorer,1b080988e38cd13af11b5b90,active_official_exact_listing_isin_name
LSE::WVAL,proposed,WVAL,LSE,ETF,IE00BJXRT813,SPDR MSCI World Value UCITS ETF,SSGA SPDR ETFS EUROPE II PLC SS SPDR MSCI WLD VAL,lse_price_explorer,exchange_directory,https://www.londonstockexchange.com/live-markets/market-data-dashboard/price-explorer,58d4d0a9e3b3f34bad53e8c3,active_official_exact_listing_isin_name
LSE::WXAG,proposed,WXAG,LSE,ETF,IE00BDVPNS35,WisdomTree Enhanced Commodity ex-Agriculture UCITS ETF USD Acc,WISDOMTREE ISSUER ICAV WISDOMTREE EN COM EXAG UCITS ETF USD ACC,lse_price_explorer,exchange_directory,https://www.londonstockexchange.com/live-markets/market-data-dashboard/price-explorer,d9d5b1593cf85fe0626f7229,active_official_exact_listing_isin_name
LSE::WXBT,proposed,WXBT,LSE,ETF,GB00BJYDH287,WISDOMTREE ISSUER X LIMITED WIS,WISDOMTREE ISSUER X LIMITED WISDOMTREE PHYSICAL BITCOIN,lse_price_explorer,exchange_directory,https://www.londonstockexchange.com/live-markets/market-data-dashboard/price-explorer,2ebd1f45232fbd222b04f303,active_official_exact_listing_isin_name
LSE::XCO2,proposed,XCO2,LSE,ETF,LU1981859819,Lyxor Global Green Bond 1-10Y (DR) UCITS ETF - Acc GBP,MULTI UNITS LUXEMBOURG AMUNDI GLOBAL AGGREGATE PROCEEDS 1-10Y C,lse_price_explorer,exchange_directory,https://www.londonstockexchange.com/live-markets/market-data-dashboard/price-explorer,67fca0572f167b0f661cde92,active_official_exact_listing_isin_name
LSE::XCOG,proposed,XCOG,LSE,ETF,LU1981860585,Lyxor Global Green Bond 1-10Y (DR) UCITS ETF - Monthly Hedged to GBP Dist,MULTI UNITS LUXEMBOURG AMUNDI GLOBAL AGGREGATE PROCEEDS GBP H,lse_price_explorer,exchange_directory,https://www.londonstockexchange.com/live-markets/market-data-dashboard/price-explorer,e49f78f6c67094bb76445b3c,active_official_exact_listing_isin_name
LSE::XCOU,proposed,XCOU,LSE,ETF,LU1981860239,Lyxor Global Green Bond 1-10Y (DR) UCITS ETF - Monthly Hedged to USD Acc,MULTI UNITS LUXEMBOURG AMUNDI GLOBAL AGGREGATE PROCEEDS USD H,lse_price_explorer,exchange_directory,https://www.londonstockexchange.com/live-markets/market-data-dashboard/price-explorer,663140ccff87ce27571aa9ab,active_official_exact_listing_isin_name
LSE::XDDX,proposed,XDDX,LSE,ETF,LU0838782315,Xtrackers DAX Income UCITS ETF 1D,XTRACKERS X DAX ESG SCREENED UCITS ETF,lse_price_explorer,exchange_directory,https://www.londonstockexchange.com/live-markets/market-data-dashboard/price-explorer,f4d949b8273396f46fe8c165,active_official_exact_listing_isin_name
LSE::XDEG,proposed,XDEG,LSE,ETF,IE00BM67HJ62,Xtrackers MSCI Emerging Markets ESG Screened UCITS ETF 1C USD,XTRACKERS (IE) PLC X MSCI EM EX CHINA UCITS,lse_price_explorer,exchange_directory,https://www.londonstockexchange.com/live-markets/market-data-dashboard/price-explorer,73eb18a8ec6d10b3782eaaf7,active_official_exact_listing_isin_name
LSE::XDEX,proposed,XDEX,LSE,ETF,IE00BM67HJ62,db x-trackers FTSE All-World ex UK UCITS,XTRACKERS (IE) PLC X MSCI EM EX CHINA UCITS,lse_price_explorer,exchange_directory,https://www.londonstockexchange.com/live-markets/market-data-dashboard/price-explorer,0e46bc4fec4d420574790fd3,active_official_exact_listing_isin_name
LSE::XDNS,proposed,XDNS,LSE,ETF,IE00BPVLQD13,Xtrackers MSCI Japan ESG Screened UCITS ETF 1D,XTRACKERS (IE) PLC X JPX NIKKEI 400,lse_price_explorer,exchange_directory,https://www.londonstockexchange.com/live-markets/market-data-dashboard/price-explorer,72e53e61333941b69511da8a,active_official_exact_listing_isin_name
LSE::XDNY,proposed,XDNY,LSE,ETF,IE00BPVLQD13,Xtrackers MSCI Japan ESG Screened UCITS ETF 1D,XTRACKERS (IE) PLC X JPX NIKKEI 400,lse_price_explorer,exchange_directory,https://www.londonstockexchange.com/live-markets/market-data-dashboard/price-explorer,1f48e478c56568971f334b3b,active_official_exact_listing_isin_name
LSE::XDPG,proposed,XDPG,LSE,ETF,IE00BM67HX07,Xtrackers (IE) Public Limited Company - Xtrackers S&P 500 UCITS ETF,XTRACKERS (IE) PLC X S&P 500 GBP,lse_price_explorer,exchange_directory,https://www.londonstockexchange.com/live-markets/market-data-dashboard/price-explorer,2bec6497246831049fb7ec80,active_official_exact_listing_isin_name
LSE::XDPP,proposed,XDPP,LSE,ETF,IE000Z9SJA06,Xtrackers S&P 500 UCITS ETF 4C - USD GBP,XTRACKERS (IE) PLC X S&P500 4C,lse_price_explorer,exchange_directory,https://www.londonstockexchange.com/live-markets/market-data-dashboard/price-explorer,0adec933a1074cdb6cd1cfa1,active_official_exact_listing_isin_name
LSE::XDPU,proposed,XDPU,LSE,ETF,IE000Z9SJA06,Xtrackers S&P 500 UCITS ETF 4C - USD,XTRACKERS (IE) PLC X S&P500 4C,lse_price_explorer,exchange_directory,https://www.londonstockexchange.com/live-markets/market-data-dashboard/price-explorer,db8cbc19d631b22c8d6539d4,active_official_exact_listing_isin_name
LSE::XQUA,proposed,XQUA,LSE,ETF,IE00BD4DX952,db x-trackers iBoxx USD Emerging Sovereigns Quality Weighted UCITS DR 1D,XTRACKERS (IE) PLC XQUA X ESG USD EM BOND QUAL WEIGHT,lse_price_explorer,exchange_directory,https://www.londonstockexchange.com/live-markets/market-data-dashboard/price-explorer,d6c8010c5bd830ac8d3218b4,active_official_exact_listing_isin_name
LSE::XRMU,proposed,XRMU,LSE,ETF,IE00BJZ2DC62,Xtrackers MSCI USA ESG Screened UCITS ETF 1C,XTRACKERS (IE) PLC X RUSSELL MIDCAP,lse_price_explorer,exchange_directory,https://www.londonstockexchange.com/live-markets/market-data-dashboard/price-explorer,7546beb818a935df75f754ca,active_official_exact_listing_isin_name
LSE::XUSA,proposed,XUSA,LSE,ETF,IE000X7DRW38,WisdomTree Global Ex-USA Quality Dividend Growth UCITS ETF - EUR Acc,WISDOMTREE ISSUER ICAV WT GLB XUS QLY DV GWTH UCITS ETF EUR ACC,lse_price_explorer,exchange_directory,https://www.londonstockexchange.com/live-markets/market-data-dashboard/price-explorer,2b2cf87c99466cf62426ec81,active_official_exact_listing_isin_name
LSE::XZSP,proposed,XZSP,LSE,ETF,IE0007ULOZS8,Xtrackers S&P 500 ESG UCITS ETF 1C,XTRACKERS (IE) PLC X S&P 500 ESG UCITS ETF,lse_price_explorer,exchange_directory,https://www.londonstockexchange.com/live-markets/market-data-dashboard/price-explorer,16ea358e3e78b214b7845a7f,active_official_exact_listing_isin_name
LSE::XZSS,proposed,XZSS,LSE,ETF,IE0007ULOZS8,Xtrackers S&P 500 ESG UCITS ETF,XTRACKERS (IE) PLC X S&P 500 ESG UCITS ETF,lse_price_explorer,exchange_directory,https://www.londonstockexchange.com/live-markets/market-data-dashboard/price-explorer,29f67ad66dac9f10419d8abc,active_official_exact_listing_isin_name
LUSE::DCZM,proposed,DCZM,LUSE,Stock,ZM0000000581,DOT COM ZAMBIA PLC,DotCom Zambia Plc,luse_listed_companies,listed_companies_subset,https://www.luse.co.zm/listed-companies/,a52451910f0583391d9d424c,active_official_exact_listing_isin_name
MSE_MW::MPICO,proposed,MPICO,MSE_MW,Stock,MWMPI0010116,MALAWI PROPERTY INVESTMENT COMPANY,MPICO PLC,mse_mw_listed_companies,listed_companies_subset,https://mse.co.mw/listing/mainboard/companies,1ff1e9ef18e910ace27b0500,active_official_exact_listing_isin_name
NSE_IN::HIRECT,proposed,HIRECT,NSE_IN,Stock,INE835D01023,Hind Rectifiers Limited,Hirect Limited,nse_india_securities_available,exchange_directory,https://nsearchives.nseindia.com/content/equities/EQUITY_L.csv,d45739163f79f504c6de5262,active_official_exact_listing_isin_name
NSE_IN::OBCL,proposed,OBCL,NSE_IN,Stock,INE426Z01016,Orissa Bengal Carrier Limited,OBCL Limited,nse_india_securities_available,exchange_directory,https://nsearchives.nseindia.com/content/equities/EQUITY_L.csv,04947a244e6fc98dd9a80bb4,active_official_exact_listing_isin_name
NSE_IN::QGOLDHALF,proposed,QGOLDHALF,NSE_IN,ETF,INF082J01408,QuantumGoldFund-Exchan,Quantum Gold ETF,nse_india_securities_available,exchange_directory,https://nsearchives.nseindia.com/content/equities/eq_etfseclist.csv,134d1e99d7251acd83ed34bd,active_official_exact_listing_isin_name
NSE_IN::SHRIPISTON,proposed,SHRIPISTON,NSE_IN,Stock,INE526E01018,Shriram Pistons & Rings Limited,SPR Auto Technologies Limited,nse_india_securities_available,exchange_directory,https://nsearchives.nseindia.com/content/equities/EQUITY_L.csv,81c4ddef4b1d10c9a06eaf28,active_official_exact_listing_isin_name
NSE_KE::ALP,proposed,ALP,NSE_KE,Stock,KE9900006322,ALP INDUSTRIAL REIT,ALP Industrial Real Estate Investment Trust,nse_ke_listed_companies,exchange_directory,https://www.nse.co.ke/listed-companies/,98d92cba6d7e76a0cc7c2d1c,active_official_exact_listing_isin_name
NSE_KE::HFCK,proposed,HFCK,NSE_KE,Stock,KE0000000240,HF GROUP PLC,HF Group Ltd Ord 5.00,nse_ke_listed_companies,exchange_directory,https://www.nse.co.ke/listed-companies/,d4e926d4c039762287efa024,active_official_exact_listing_isin_name
NSE_KE::KCB,proposed,KCB,NSE_KE,Stock,KE0000000315,KCB GROUP PLC,KCB Group Ltd Ord 1.00,nse_ke_listed_companies,exchange_directory,https://www.nse.co.ke/listed-companies/,8b7d892089647d0300823131,active_official_exact_listing_isin_name
NSE_KE::UNGA,proposed,UNGA,NSE_KE,Stock,KE0000000497,UNGA GROUP LTD,Unga Group Ltd Ord 5.00,nse_ke_listed_companies,exchange_directory,https://www.nse.co.ke/listed-companies/,e60fd33996c01ce63b465677,active_official_exact_listing_isin_name
OTC::APELY,proposed,APELY,OTC,Stock,US0210902047,Alps Electric Co Ltd,Alps Alpine Co Ltd.,otc_markets_security_profile,security_lookup_subset,https://www.otcmarkets.com/stock/APELY/security,963b910541206e2efbc1153b,active_official_exact_listing_isin_name
OTC::ATUUF,proposed,ATUUF,OTC,Stock,CA88034V3048,Altura Energy Inc,TENAZ ENERGY CORP.,otc_markets_security_profile,security_lookup_subset,https://www.otcmarkets.com/stock/ATUUF/security,737c14e69c9257901cd8d1a3,active_official_exact_listing_isin_name
OTC::BSENF,proposed,BSENF,OTC,Stock,CA3751301019,Baselode Energy Corp,GIEGER ENERGY CORP,otc_markets_security_profile,security_lookup_subset,https://www.otcmarkets.com/stock/BSENF/security,d76c9b1fe000cf6590f251ce,active_official_exact_listing_isin_name
OTC::BTCU,proposed,BTCU,OTC,ETF,US25461H4992,Direxion Daily Bitcoin Bull 2X ETF,Direxion Shares ETF Trust,otc_markets_security_profile,security_lookup_subset,https://www.otcmarkets.com/stock/BTCU/security,00dfa5d75d762317a4e9ea2c,active_official_exact_listing_isin_name
OTC::CAPTF,proposed,CAPTF,OTC,Stock,CA14055C1086,Capitan Mining Inc,CAPITAN SILVER CORP.,otc_markets_security_profile,security_lookup_subset,https://www.otcmarkets.com/stock/CAPTF/security,42b4658b3e3779b4e42a3451,active_official_exact_listing_isin_name
OTC::CLGCF,proposed,CLGCF,OTC,Stock,CA18066R1038,Clarity Gold Corp,Clarity Metals Corp.,otc_markets_security_profile,security_lookup_subset,https://www.otcmarkets.com/stock/CLGCF/security,2c8bbacaadd2fb8eca19f4a7,active_official_exact_listing_isin_name
OTC::CNPRF,proposed,CNPRF,OTC,Stock,CA20676A1084,Condor Petroleum Inc,Condor Energies Inc.,otc_markets_security_profile,security_lookup_subset,https://www.otcmarkets.com/stock/CNPRF/security,428cb6d0a7bac9b383337672,active_official_exact_listing_isin_name
OTC::CRTIF,proposed,CRTIF,OTC,Stock,CA14677R1038,Cartier Iron Corp,CARTIER SILVER CORP.,otc_markets_security_profile,security_lookup_subset,https://www.otcmarkets.com/stock/CRTIF/security,e05169dc7ab5d6716c7195f7,active_official_exact_listing_isin_name
OTC::CSXXY,proposed,CSXXY,OTC,Stock,US14575D1072,Carsales.Com Ltd ADR,CAR GROUP LTD,otc_markets_security_profile,security_lookup_subset,https://www.otcmarkets.com/stock/CSXXY/security,1eeca048405da55125592a54,active_official_exact_listing_isin_name
OTC::EDDYF,proposed,EDDYF,OTC,Stock,CA28103Q2080,Edison Cobalt Corp,EDISON LITHIUM CORP.,otc_markets_security_profile,security_lookup_subset,https://www.otcmarkets.com/stock/EDDYF/security,9492523a9bed8a2e13525926,active_official_exact_listing_isin_name
OTC::ERAO,proposed,ERAO,OTC,Stock,US29272F1066,Energy Revenue Amer,Energy Resource Abundance,otc_markets_security_profile,security_lookup_subset,https://www.otcmarkets.com/stock/ERAO/security,cfa97de204020ac5631cdfff,active_official_exact_listing_isin_name
OTC::EVMU,proposed,EVMU,OTC,ETF,US25461H4737,Direxion Daily Ether Bull 2X ETF,Direxion Shares ETF Trust,otc_markets_security_profile,security_lookup_subset,https://www.otcmarkets.com/stock/EVMU/security,f1e53120b501d2ce1c37ad22,active_official_exact_listing_isin_name
OTC::FMCKI,proposed,FMCKI,OTC,Stock,US3134006408,Federal Hme 6.55 Pf,Freddie Mac,otc_markets_security_profile,security_lookup_subset,https://www.otcmarkets.com/stock/FMCKI/security,648c4cab79b3b8cdaea8cfda,active_official_exact_listing_isin_name
OTC::FUAPF,proposed,FUAPF,OTC,Stock,CA37960T1066,Global Cannabis Applications Corp,GLOBAL COMPLIANCE APPLICATIONS CORP.,otc_markets_security_profile,security_lookup_subset,https://www.otcmarkets.com/stock/FUAPF/security,8fb7246c7a8140b37fbd134a,active_official_exact_listing_isin_name
OTC::FWEDF,proposed,FWEDF,OTC,Stock,CA31833F1045,Fireweed Zinc Ltd,Fireweed Metals Corp.,otc_markets_security_profile,security_lookup_subset,https://www.otcmarkets.com/stock/FWEDF/security,3da19bd8060b2791b36579bf,active_official_exact_listing_isin_name
OTC::GDDFF,proposed,GDDFF,OTC,Stock,CA38217M1005,Goodfood Market Corp,Goodfood Mkt Corp.,otc_markets_security_profile,security_lookup_subset,https://www.otcmarkets.com/stock/GDDFF/security,3ec525e34190b5542074a076,active_official_exact_listing_isin_name
OTC::MTGRY,proposed,MTGRY,OTC,Stock,US6213241028,Mount Gibson Iron Ltd ADR,MGX RES LTD,otc_markets_security_profile,security_lookup_subset,https://www.otcmarkets.com/stock/MTGRY/security,86826f77a150b6ac61f22da6,active_official_exact_listing_isin_name
OTC::NISUY,proposed,NISUY,OTC,Stock,US6546202028,Nippon Suisan Kaisha Ltd ADR,Nissui Corporation,otc_markets_security_profile,security_lookup_subset,https://www.otcmarkets.com/stock/NISUY/security,5ca8effbfb05d3f76451a1db,active_official_exact_listing_isin_name
OTC::NWSGY,proposed,NWSGY,OTC,Stock,US62948T1016,NWS Holdings Ltd ADR,CTF Services Limited,otc_markets_security_profile,security_lookup_subset,https://www.otcmarkets.com/stock/NWSGY/security,e95d7d13d3c43ef2abec6c95,active_official_exact_listing_isin_name
OTC::RDEIY,proposed,RDEIY,OTC,Stock,US7565681019,Red Electrica Corporacion SA ADR,Redeia Corporacion SA,otc_markets_security_profile,security_lookup_subset,https://www.otcmarkets.com/stock/RDEIY/security,05a8c6141a4aaba2b5fb2a95,active_official_exact_listing_isin_name
OTC::SPXSY,proposed,SPXSY,OTC,Stock,US84857N1072,Spirax-Sarco Engineering PLC,SPIRAX GROUP PLC,otc_markets_security_profile,security_lookup_subset,https://www.otcmarkets.com/stock/SPXSY/security,dfd08a23a6a0b2881b3a315a,active_official_exact_listing_isin_name
OTC::VIAAY,proposed,VIAAY,OTC,Stock,US9266281081,Flughafen Wien AG ADR,Vienna International Airport (VIA),otc_markets_security_profile,security_lookup_subset,https://www.otcmarkets.com/stock/VIAAY/security,64cf256409398e124266b138,active_official_exact_listing_isin_name
OTC::ZCRMF,proposed,ZCRMF,OTC,Stock,CA3808871097,ZINCORE METALS INC,GOLDEN CROSS RES INC.,otc_markets_security_profile,security_lookup_subset,https://www.otcmarkets.com/stock/ZCRMF/security,20b1493d50c85940a8a6dd3a,active_official_exact_listing_isin_name
OTC::ZPTA,proposed,ZPTA,OTC,Stock,US98906V1008,Zapata Computing Holdings Inc. Common Stock,Zapata Quantum Inc,otc_markets_security_profile,security_lookup_subset,https://www.otcmarkets.com/stock/ZPTA/security,568f643a61b25417a5b469f2,active_official_exact_listing_isin_name
PSE::LOTO,proposed,LOTO,PSE,Stock,PHY6624V1071,Pacificonline Systems Inc,Pacific Online Systems Corporation,pse_listed_company_directory,exchange_directory,https://frames.pse.com.ph/listedCompany,e72f77ce0deaf05e3853e1a9,active_official_exact_listing_isin_name
SGX::9VW,proposed,9VW,SGX,Stock,SGXE13591867,Spackman Entmt,Polaris E&M,sgx_securities_prices,exchange_directory,https://api.sgx.com/securities/v1.1,0110922f7a55268da2a650c9,active_official_exact_listing_isin_name
SGX::BS6,proposed,BS6,SGX,Stock,SG1U76934819,Yangzijiang Shipbuilding (Holdings) Ltd (SGD),YZJ Shipbldg SGD,sgx_securities_prices,exchange_directory,https://api.sgx.com/securities/v1.1,d3f35f552ce62507c53d5f11,active_official_exact_listing_isin_name
SGX::D8DU,proposed,D8DU,SGX,Stock,SG1U66934613,First Ship Lease Trust,FSL Trust,sgx_securities_prices,exchange_directory,https://api.sgx.com/securities/v1.1,f7972471682cca96d3c704ae,active_official_exact_listing_isin_name
SIX::27IT,proposed,27IT,SIX,ETF,IE0006UGU3X3,iSh iBds Dec27 Trm $ Trs Dst,iShares iBonds Dec 2027 Term $ Treasury UCITS ETF USD (Dist),six_etf_products,listed_companies_subset,"https://www.six-group.com/fqs/ref.csv?select=FundLongName,ValorSymbol,FundReutersTicker,FundBloombergTicker,ValorNumber,ISIN,IssuerLongNameDesc,IssuerNameFull,TradingBaseCurrency,FundCurrency,ManagementFee,ReplicationMethodDesc,ManagementStyleDesc,MarketMakers,ClosingPrice,ClosingPerformance,ClosingDelta,FundUnderlyingDescription,BidVolume,BidPrice,AskVolume,AskPrice,MidSpread,PreviousClosingPrice,MarketDate,MarketTime,OpeningPrice,DailyLowPrice,OnMarketVolume,OffBookVolume,TotalTurnover,TotalTurnoverCHF,ProductLineDesc,AssetClassDesc,UnderlyingGeographicalDesc,LegalStructureCountryDesc,UnderlyingProviderDesc&where=ProductLine=ET*PortalSegment=FU&orderby=FundLongName&page=1&pagesize=99999",971b6095f09449458651941c,active_official_exact_listing_isin_name
SIX::29IT,proposed,29IT,SIX,ETF,IE00076HZIP3,iSh iBds Dec29 Trm $ Trs Dst,iShares iBonds Dec 2029 Term $ Treasury UCITS ETF USD (Dist),six_etf_products,listed_companies_subset,"https://www.six-group.com/fqs/ref.csv?select=FundLongName,ValorSymbol,FundReutersTicker,FundBloombergTicker,ValorNumber,ISIN,IssuerLongNameDesc,IssuerNameFull,TradingBaseCurrency,FundCurrency,ManagementFee,ReplicationMethodDesc,ManagementStyleDesc,MarketMakers,ClosingPrice,ClosingPerformance,ClosingDelta,FundUnderlyingDescription,BidVolume,BidPrice,AskVolume,AskPrice,MidSpread,PreviousClosingPrice,MarketDate,MarketTime,OpeningPrice,DailyLowPrice,OnMarketVolume,OffBookVolume,TotalTurnover,TotalTurnoverCHF,ProductLineDesc,AssetClassDesc,UnderlyingGeographicalDesc,LegalStructureCountryDesc,UnderlyingProviderDesc&where=ProductLine=ET*PortalSegment=FU&orderby=FundLongName&page=1&pagesize=99999",8ed84bed0ab4181092ab8136,active_official_exact_listing_isin_name
SIX::31ID,proposed,31ID,SIX,ETF,IE0009EQZP90,iS iB D 2031 $ UCITS ETF US D,iShares iBonds Dec 2031 Term $ Corp UCITS ETF USD(Dist),six_etf_products,listed_companies_subset,"https://www.six-group.com/fqs/ref.csv?select=FundLongName,ValorSymbol,FundReutersTicker,FundBloombergTicker,ValorNumber,ISIN,IssuerLongNameDesc,IssuerNameFull,TradingBaseCurrency,FundCurrency,ManagementFee,ReplicationMethodDesc,ManagementStyleDesc,MarketMakers,ClosingPrice,ClosingPerformance,ClosingDelta,FundUnderlyingDescription,BidVolume,BidPrice,AskVolume,AskPrice,MidSpread,PreviousClosingPrice,MarketDate,MarketTime,OpeningPrice,DailyLowPrice,OnMarketVolume,OffBookVolume,TotalTurnover,TotalTurnoverCHF,ProductLineDesc,AssetClassDesc,UnderlyingGeographicalDesc,LegalStructureCountryDesc,UnderlyingProviderDesc&where=ProductLine=ET*PortalSegment=FU&orderby=FundLongName&page=1&pagesize=99999",90c4758f3be68e0f866edc32,active_official_exact_listing_isin_name
SIX::500USD,proposed,500USD,SIX,ETF,LU1681049018,Amundi Index Solutions - Amundi S&P 500 UCITS ETF C USD USD,Amundi S&P 500 Swap UCITS ETF USD Acc,six_etf_products,listed_companies_subset,"https://www.six-group.com/fqs/ref.csv?select=FundLongName,ValorSymbol,FundReutersTicker,FundBloombergTicker,ValorNumber,ISIN,IssuerLongNameDesc,IssuerNameFull,TradingBaseCurrency,FundCurrency,ManagementFee,ReplicationMethodDesc,ManagementStyleDesc,MarketMakers,ClosingPrice,ClosingPerformance,ClosingDelta,FundUnderlyingDescription,BidVolume,BidPrice,AskVolume,AskPrice,MidSpread,PreviousClosingPrice,MarketDate,MarketTime,OpeningPrice,DailyLowPrice,OnMarketVolume,OffBookVolume,TotalTurnover,TotalTurnoverCHF,ProductLineDesc,AssetClassDesc,UnderlyingGeographicalDesc,LegalStructureCountryDesc,UnderlyingProviderDesc&where=ProductLine=ET*PortalSegment=FU&orderby=FundLongName&page=1&pagesize=99999",9aba0b2adbbad76446a2c472,active_official_exact_listing_isin_name
SIX::5ESGS,proposed,5ESGS,SIX,ETF,IE00BHXMHN35,UBS (Irl) ETF plc - S&P 500 ESG UCITS ETF Hedged to CHF A Acc,UBS S&P 500 Scored & Screened UCITS ETF hCHF acc,six_etf_products,listed_companies_subset,"https://www.six-group.com/fqs/ref.csv?select=FundLongName,ValorSymbol,FundReutersTicker,FundBloombergTicker,ValorNumber,ISIN,IssuerLongNameDesc,IssuerNameFull,TradingBaseCurrency,FundCurrency,ManagementFee,ReplicationMethodDesc,ManagementStyleDesc,MarketMakers,ClosingPrice,ClosingPerformance,ClosingDelta,FundUnderlyingDescription,BidVolume,BidPrice,AskVolume,AskPrice,MidSpread,PreviousClosingPrice,MarketDate,MarketTime,OpeningPrice,DailyLowPrice,OnMarketVolume,OffBookVolume,TotalTurnover,TotalTurnoverCHF,ProductLineDesc,AssetClassDesc,UnderlyingGeographicalDesc,LegalStructureCountryDesc,UnderlyingProviderDesc&where=ProductLine=ET*PortalSegment=FU&orderby=FundLongName&page=1&pagesize=99999",463f5f40d76c6f266150e022,active_official_exact_listing_isin_name
SIX::AMRZ,proposed,AMRZ,SIX,Stock,CH1430134226,Amerize Inc.,Amrize Ltd,six_equity_issuers,listed_companies_subset,https://www.six-group.com/sheldon/equity_issuers/v1/equity_issuers.json,06448c5d7e12f77f2e6ad259,active_official_exact_listing_isin_name
SIX::BOLD-USD,proposed,BOLD-USD,SIX,ETF,CH1146882308,21Shares Bytetree BOLD ETP,21Shares Bitcoin Gold ETP,six_etp_products,listed_companies_subset,"https://www.six-group.com/fqs/ref.csv?select=FundLongName,ValorSymbol,FundReutersTicker,FundBloombergTicker,ValorNumber,ISIN,IssuerLongNameDesc,IssuerNameFull,TradingBaseCurrency,FundCurrency,ManagementFee,ReplicationMethodDesc,ManagementStyleDesc,MarketMakers,ClosingPrice,ClosingPerformance,ClosingDelta,FundUnderlyingDescription,BidVolume,BidPrice,AskVolume,AskPrice,MidSpread,PreviousClosingPrice,MarketDate,MarketTime,OpeningPrice,DailyLowPrice,OnMarketVolume,OffBookVolume,TotalTurnover,TotalTurnoverCHF,ProductLineDesc,AssetClassDesc,UnderlyingGeographicalDesc,LegalStructureCountryDesc,UnderlyingProviderDesc&where=ProductLine=EP*PortalSegment=EP&orderby=FundLongName&page=1&pagesize=99999",4d228b6088573d14b7bb9094,active_official_exact_listing_isin_name
SIX::BTCE-USD,proposed,BTCE-USD,SIX,ETF,DE000A27Z304,BTCetc - Bitcoin ETP,Bitwise Physical Bitcoin ETP,six_etp_products,listed_companies_subset,"https://www.six-group.com/fqs/ref.csv?select=FundLongName,ValorSymbol,FundReutersTicker,FundBloombergTicker,ValorNumber,ISIN,IssuerLongNameDesc,IssuerNameFull,TradingBaseCurrency,FundCurrency,ManagementFee,ReplicationMethodDesc,ManagementStyleDesc,MarketMakers,ClosingPrice,ClosingPerformance,ClosingDelta,FundUnderlyingDescription,BidVolume,BidPrice,AskVolume,AskPrice,MidSpread,PreviousClosingPrice,MarketDate,MarketTime,OpeningPrice,DailyLowPrice,OnMarketVolume,OffBookVolume,TotalTurnover,TotalTurnoverCHF,ProductLineDesc,AssetClassDesc,UnderlyingGeographicalDesc,LegalStructureCountryDesc,UnderlyingProviderDesc&where=ProductLine=EP*PortalSegment=EP&orderby=FundLongName&page=1&pagesize=99999",c500ae49bfb97d2908e73b21,active_official_exact_listing_isin_name
SIX::CBDAX,proposed,CBDAX,SIX,ETF,LU2611732046,Amundi Index Solutions - Amundi DAX UCITS ETF EUR Distributing EUR,Amundi Core DAX UCITS ETF Dist,six_etf_products,listed_companies_subset,"https://www.six-group.com/fqs/ref.csv?select=FundLongName,ValorSymbol,FundReutersTicker,FundBloombergTicker,ValorNumber,ISIN,IssuerLongNameDesc,IssuerNameFull,TradingBaseCurrency,FundCurrency,ManagementFee,ReplicationMethodDesc,ManagementStyleDesc,MarketMakers,ClosingPrice,ClosingPerformance,ClosingDelta,FundUnderlyingDescription,BidVolume,BidPrice,AskVolume,AskPrice,MidSpread,PreviousClosingPrice,MarketDate,MarketTime,OpeningPrice,DailyLowPrice,OnMarketVolume,OffBookVolume,TotalTurnover,TotalTurnoverCHF,ProductLineDesc,AssetClassDesc,UnderlyingGeographicalDesc,LegalStructureCountryDesc,UnderlyingProviderDesc&where=ProductLine=ET*PortalSegment=FU&orderby=FundLongName&page=1&pagesize=99999",c28372e5346c405b53a0c920,active_official_exact_listing_isin_name
SIX::CHESG,proposed,CHESG,SIX,ETF,CH0118923892,UBS ETF (CH) – SBI AAA-BBB ESG (CHF) A-dis CHF,UBS SBI AAA-BBB ESG ETF CHF dis,six_etf_products,listed_companies_subset,"https://www.six-group.com/fqs/ref.csv?select=FundLongName,ValorSymbol,FundReutersTicker,FundBloombergTicker,ValorNumber,ISIN,IssuerLongNameDesc,IssuerNameFull,TradingBaseCurrency,FundCurrency,ManagementFee,ReplicationMethodDesc,ManagementStyleDesc,MarketMakers,ClosingPrice,ClosingPerformance,ClosingDelta,FundUnderlyingDescription,BidVolume,BidPrice,AskVolume,AskPrice,MidSpread,PreviousClosingPrice,MarketDate,MarketTime,OpeningPrice,DailyLowPrice,OnMarketVolume,OffBookVolume,TotalTurnover,TotalTurnoverCHF,ProductLineDesc,AssetClassDesc,UnderlyingGeographicalDesc,LegalStructureCountryDesc,UnderlyingProviderDesc&where=ProductLine=ET*PortalSegment=FU&orderby=FundLongName&page=1&pagesize=99999",1ba969fca11a5560feb01722,active_official_exact_listing_isin_name
SIX::CPHN,proposed,CPHN,SIX,Stock,CH0001624714,CPH Chemie und Papier Holding,CPH Group AG,six_equity_issuers,listed_companies_subset,https://www.six-group.com/sheldon/equity_issuers/v1/equity_issuers.json,5d96bf46bad2ddff6399a4bb,active_official_exact_listing_isin_name
SIX::DAE,proposed,DAE,SIX,Stock,CH0030486770,Daetwyl I,Dätwyler Holding AG,six_equity_issuers,listed_companies_subset,https://www.six-group.com/sheldon/equity_issuers/v1/equity_issuers.json,2f028629e8fa348d634430a2,active_official_exact_listing_isin_name
SIX::DAXD,proposed,DAXD,SIX,ETF,LU2090062436,Lyxor DAX (DR) UCITS ETF,Amundi DAX II UCITS ETF Dist,six_etf_products,listed_companies_subset,"https://www.six-group.com/fqs/ref.csv?select=FundLongName,ValorSymbol,FundReutersTicker,FundBloombergTicker,ValorNumber,ISIN,IssuerLongNameDesc,IssuerNameFull,TradingBaseCurrency,FundCurrency,ManagementFee,ReplicationMethodDesc,ManagementStyleDesc,MarketMakers,ClosingPrice,ClosingPerformance,ClosingDelta,FundUnderlyingDescription,BidVolume,BidPrice,AskVolume,AskPrice,MidSpread,PreviousClosingPrice,MarketDate,MarketTime,OpeningPrice,DailyLowPrice,OnMarketVolume,OffBookVolume,TotalTurnover,TotalTurnoverCHF,ProductLineDesc,AssetClassDesc,UnderlyingGeographicalDesc,LegalStructureCountryDesc,UnderlyingProviderDesc&where=ProductLine=ET*PortalSegment=FU&orderby=FundLongName&page=1&pagesize=99999",65fecbc9d511652a3074e2d1,active_official_exact_listing_isin_name
SIX::DOKA,proposed,DOKA,SIX,Stock,CH1486524122,Dorma Kaba Holding AG,dormakaba Holding AG,six_equity_issuers,listed_companies_subset,https://www.six-group.com/sheldon/equity_issuers/v1/equity_issuers.json,405a21db57749f2c79dc8013,active_official_exact_listing_isin_name
SIX::FHZN,proposed,FHZN,SIX,Stock,CH0319416936,Flughafen Zurich,Flughafen Zürich AG,six_equity_issuers,listed_companies_subset,https://www.six-group.com/sheldon/equity_issuers/v1/equity_issuers.json,ce635d3c5099e7b5df1906e2,active_official_exact_listing_isin_name
SIX::ID26,proposed,ID26,SIX,ETF,IE0007UPSEA3,iShrs iBnds Dec26 Crp USD D,iShares iBonds Dec 2026 Term $ Corp UCITS ETF USD (Dist),six_etf_products,listed_companies_subset,"https://www.six-group.com/fqs/ref.csv?select=FundLongName,ValorSymbol,FundReutersTicker,FundBloombergTicker,ValorNumber,ISIN,IssuerLongNameDesc,IssuerNameFull,TradingBaseCurrency,FundCurrency,ManagementFee,ReplicationMethodDesc,ManagementStyleDesc,MarketMakers,ClosingPrice,ClosingPerformance,ClosingDelta,FundUnderlyingDescription,BidVolume,BidPrice,AskVolume,AskPrice,MidSpread,PreviousClosingPrice,MarketDate,MarketTime,OpeningPrice,DailyLowPrice,OnMarketVolume,OffBookVolume,TotalTurnover,TotalTurnoverCHF,ProductLineDesc,AssetClassDesc,UnderlyingGeographicalDesc,LegalStructureCountryDesc,UnderlyingProviderDesc&where=ProductLine=ET*PortalSegment=FU&orderby=FundLongName&page=1&pagesize=99999",b24b9aad385923963af8c27b,active_official_exact_listing_isin_name
SIX::PRFC,proposed,PRFC,SIX,ETF,IE00BDT8TZ34,Invesco Preferred Shares UCITS ETF CHF Hedged Acc,Invesco Preferred Shares UCITS ETF,six_etf_products,listed_companies_subset,"https://www.six-group.com/fqs/ref.csv?select=FundLongName,ValorSymbol,FundReutersTicker,FundBloombergTicker,ValorNumber,ISIN,IssuerLongNameDesc,IssuerNameFull,TradingBaseCurrency,FundCurrency,ManagementFee,ReplicationMethodDesc,ManagementStyleDesc,MarketMakers,ClosingPrice,ClosingPerformance,ClosingDelta,FundUnderlyingDescription,BidVolume,BidPrice,AskVolume,AskPrice,MidSpread,PreviousClosingPrice,MarketDate,MarketTime,OpeningPrice,DailyLowPrice,OnMarketVolume,OffBookVolume,TotalTurnover,TotalTurnoverCHF,ProductLineDesc,AssetClassDesc,UnderlyingGeographicalDesc,LegalStructureCountryDesc,UnderlyingProviderDesc&where=ProductLine=ET*PortalSegment=FU&orderby=FundLongName&page=1&pagesize=99999",30bd23717ea2e016d943bebf,active_official_exact_listing_isin_name
SIX::S5USAS,proposed,S5USAS,SIX,ETF,IE00B4JY5R22,UBS (Irl) Fund Solutions plc - S&P 500 SF UCITS ETF (USD) A-acc,UBS S&P 500 SF UCITS ETF USD acc,six_etf_products,listed_companies_subset,"https://www.six-group.com/fqs/ref.csv?select=FundLongName,ValorSymbol,FundReutersTicker,FundBloombergTicker,ValorNumber,ISIN,IssuerLongNameDesc,IssuerNameFull,TradingBaseCurrency,FundCurrency,ManagementFee,ReplicationMethodDesc,ManagementStyleDesc,MarketMakers,ClosingPrice,ClosingPerformance,ClosingDelta,FundUnderlyingDescription,BidVolume,BidPrice,AskVolume,AskPrice,MidSpread,PreviousClosingPrice,MarketDate,MarketTime,OpeningPrice,DailyLowPrice,OnMarketVolume,OffBookVolume,TotalTurnover,TotalTurnoverCHF,ProductLineDesc,AssetClassDesc,UnderlyingGeographicalDesc,LegalStructureCountryDesc,UnderlyingProviderDesc&where=ProductLine=ET*PortalSegment=FU&orderby=FundLongName&page=1&pagesize=99999",6111ed393db174d6b6ae54d1,active_official_exact_listing_isin_name
SIX::SIGN,proposed,SIGN,SIX,Stock,CH0435377954,SIG Combibloc Group AG,SIG Group Ltd,six_equity_issuers,listed_companies_subset,https://www.six-group.com/sheldon/equity_issuers/v1/equity_issuers.json,9849130863729aa377201a1f,active_official_exact_listing_isin_name
SIX::SLICHA,proposed,SLICHA,SIX,ETF,CH0032912732,UBS ETF (CH) – SLI® (CHF) A-dis,UBS SLI ETF CHF dis,six_etf_products,listed_companies_subset,"https://www.six-group.com/fqs/ref.csv?select=FundLongName,ValorSymbol,FundReutersTicker,FundBloombergTicker,ValorNumber,ISIN,IssuerLongNameDesc,IssuerNameFull,TradingBaseCurrency,FundCurrency,ManagementFee,ReplicationMethodDesc,ManagementStyleDesc,MarketMakers,ClosingPrice,ClosingPerformance,ClosingDelta,FundUnderlyingDescription,BidVolume,BidPrice,AskVolume,AskPrice,MidSpread,PreviousClosingPrice,MarketDate,MarketTime,OpeningPrice,DailyLowPrice,OnMarketVolume,OffBookVolume,TotalTurnover,TotalTurnoverCHF,ProductLineDesc,AssetClassDesc,UnderlyingGeographicalDesc,LegalStructureCountryDesc,UnderlyingProviderDesc&where=ProductLine=ET*PortalSegment=FU&orderby=FundLongName&page=1&pagesize=99999",18fb05b449c431e6eebf21fe,active_official_exact_listing_isin_name
SIX::SMICHA,proposed,SMICHA,SIX,ETF,CH0017142719,UBS ETF (CH) – SMI® (CHF) A-dis,UBS SMI ETF CHF dis,six_etf_products,listed_companies_subset,"https://www.six-group.com/fqs/ref.csv?select=FundLongName,ValorSymbol,FundReutersTicker,FundBloombergTicker,ValorNumber,ISIN,IssuerLongNameDesc,IssuerNameFull,TradingBaseCurrency,FundCurrency,ManagementFee,ReplicationMethodDesc,ManagementStyleDesc,MarketMakers,ClosingPrice,ClosingPerformance,ClosingDelta,FundUnderlyingDescription,BidVolume,BidPrice,AskVolume,AskPrice,MidSpread,PreviousClosingPrice,MarketDate,MarketTime,OpeningPrice,DailyLowPrice,OnMarketVolume,OffBookVolume,TotalTurnover,TotalTurnoverCHF,ProductLineDesc,AssetClassDesc,UnderlyingGeographicalDesc,LegalStructureCountryDesc,UnderlyingProviderDesc&where=ProductLine=ET*PortalSegment=FU&orderby=FundLongName&page=1&pagesize=99999",3058076ca2b1ed5a77602eb5,active_official_exact_listing_isin_name
SIX::SP500E,proposed,SP500E,SIX,ETF,IE00BD34DK07,UBS (Irl) ETF plc - S&P 500 UCITS ETF (hedged to EUR) A-acc,UBS Core S&P 500 UCITS ETF hEUR acc,six_etf_products,listed_companies_subset,"https://www.six-group.com/fqs/ref.csv?select=FundLongName,ValorSymbol,FundReutersTicker,FundBloombergTicker,ValorNumber,ISIN,IssuerLongNameDesc,IssuerNameFull,TradingBaseCurrency,FundCurrency,ManagementFee,ReplicationMethodDesc,ManagementStyleDesc,MarketMakers,ClosingPrice,ClosingPerformance,ClosingDelta,FundUnderlyingDescription,BidVolume,BidPrice,AskVolume,AskPrice,MidSpread,PreviousClosingPrice,MarketDate,MarketTime,OpeningPrice,DailyLowPrice,OnMarketVolume,OffBookVolume,TotalTurnover,TotalTurnoverCHF,ProductLineDesc,AssetClassDesc,UnderlyingGeographicalDesc,LegalStructureCountryDesc,UnderlyingProviderDesc&where=ProductLine=ET*PortalSegment=FU&orderby=FundLongName&page=1&pagesize=99999",d2baf256c79dd3bf67ad030f,active_official_exact_listing_isin_name
SIX::SP500H,proposed,SP500H,SIX,ETF,IE00BD34DL14,UBS (Irl) ETF plc - S&P 500 UCITS ETF (hedged to GBP) A-dis,UBS Core S&P 500 UCITS ETF hGBP dis,six_etf_products,listed_companies_subset,"https://www.six-group.com/fqs/ref.csv?select=FundLongName,ValorSymbol,FundReutersTicker,FundBloombergTicker,ValorNumber,ISIN,IssuerLongNameDesc,IssuerNameFull,TradingBaseCurrency,FundCurrency,ManagementFee,ReplicationMethodDesc,ManagementStyleDesc,MarketMakers,ClosingPrice,ClosingPerformance,ClosingDelta,FundUnderlyingDescription,BidVolume,BidPrice,AskVolume,AskPrice,MidSpread,PreviousClosingPrice,MarketDate,MarketTime,OpeningPrice,DailyLowPrice,OnMarketVolume,OffBookVolume,TotalTurnover,TotalTurnoverCHF,ProductLineDesc,AssetClassDesc,UnderlyingGeographicalDesc,LegalStructureCountryDesc,UnderlyingProviderDesc&where=ProductLine=ET*PortalSegment=FU&orderby=FundLongName&page=1&pagesize=99999",42b22435cfdc90f5fe21a619,active_official_exact_listing_isin_name
SIX::SP500S,proposed,SP500S,SIX,ETF,IE00BD34DB16,UBS (Irl) ETF plc - S&P 500 UCITS ETF (hedged to CHF) A-acc,UBS Core S&P 500 UCITS ETF hCHF acc,six_etf_products,listed_companies_subset,"https://www.six-group.com/fqs/ref.csv?select=FundLongName,ValorSymbol,FundReutersTicker,FundBloombergTicker,ValorNumber,ISIN,IssuerLongNameDesc,IssuerNameFull,TradingBaseCurrency,FundCurrency,ManagementFee,ReplicationMethodDesc,ManagementStyleDesc,MarketMakers,ClosingPrice,ClosingPerformance,ClosingDelta,FundUnderlyingDescription,BidVolume,BidPrice,AskVolume,AskPrice,MidSpread,PreviousClosingPrice,MarketDate,MarketTime,OpeningPrice,DailyLowPrice,OnMarketVolume,OffBookVolume,TotalTurnover,TotalTurnoverCHF,ProductLineDesc,AssetClassDesc,UnderlyingGeographicalDesc,LegalStructureCountryDesc,UnderlyingProviderDesc&where=ProductLine=ET*PortalSegment=FU&orderby=FundLongName&page=1&pagesize=99999",cc51f08c2f7465aaeb1d6a66,active_official_exact_listing_isin_name
SIX::SPICHA,proposed,SPICHA,SIX,ETF,CH0131872431,UBS ETF (CH) – SPI® (CHF) A-dis,UBS Core SPI ETF CHF dis,six_etf_products,listed_companies_subset,"https://www.six-group.com/fqs/ref.csv?select=FundLongName,ValorSymbol,FundReutersTicker,FundBloombergTicker,ValorNumber,ISIN,IssuerLongNameDesc,IssuerNameFull,TradingBaseCurrency,FundCurrency,ManagementFee,ReplicationMethodDesc,ManagementStyleDesc,MarketMakers,ClosingPrice,ClosingPerformance,ClosingDelta,FundUnderlyingDescription,BidVolume,BidPrice,AskVolume,AskPrice,MidSpread,PreviousClosingPrice,MarketDate,MarketTime,OpeningPrice,DailyLowPrice,OnMarketVolume,OffBookVolume,TotalTurnover,TotalTurnoverCHF,ProductLineDesc,AssetClassDesc,UnderlyingGeographicalDesc,LegalStructureCountryDesc,UnderlyingProviderDesc&where=ProductLine=ET*PortalSegment=FU&orderby=FundLongName&page=1&pagesize=99999",56a1fa4d47329a6ccc53f016,active_official_exact_listing_isin_name
SIX::SPISI,proposed,SPISI,SIX,ETF,CH0590186661,UBS ETF (CH) - SPI® ESG (CHF) A-acc,UBS SPI ESG ETF CHF acc,six_etf_products,listed_companies_subset,"https://www.six-group.com/fqs/ref.csv?select=FundLongName,ValorSymbol,FundReutersTicker,FundBloombergTicker,ValorNumber,ISIN,IssuerLongNameDesc,IssuerNameFull,TradingBaseCurrency,FundCurrency,ManagementFee,ReplicationMethodDesc,ManagementStyleDesc,MarketMakers,ClosingPrice,ClosingPerformance,ClosingDelta,FundUnderlyingDescription,BidVolume,BidPrice,AskVolume,AskPrice,MidSpread,PreviousClosingPrice,MarketDate,MarketTime,OpeningPrice,DailyLowPrice,OnMarketVolume,OffBookVolume,TotalTurnover,TotalTurnoverCHF,ProductLineDesc,AssetClassDesc,UnderlyingGeographicalDesc,LegalStructureCountryDesc,UnderlyingProviderDesc&where=ProductLine=ET*PortalSegment=FU&orderby=FundLongName&page=1&pagesize=99999",7d3837d98ba37e76188b64f7,active_official_exact_listing_isin_name
SIX::SPMCHA,proposed,SPMCHA,SIX,ETF,CH0130595124,UBS ETF (CH) – SPI® Mid (CHF) A-dis,UBS SPI Mid ETF CHF dis,six_etf_products,listed_companies_subset,"https://www.six-group.com/fqs/ref.csv?select=FundLongName,ValorSymbol,FundReutersTicker,FundBloombergTicker,ValorNumber,ISIN,IssuerLongNameDesc,IssuerNameFull,TradingBaseCurrency,FundCurrency,ManagementFee,ReplicationMethodDesc,ManagementStyleDesc,MarketMakers,ClosingPrice,ClosingPerformance,ClosingDelta,FundUnderlyingDescription,BidVolume,BidPrice,AskVolume,AskPrice,MidSpread,PreviousClosingPrice,MarketDate,MarketTime,OpeningPrice,DailyLowPrice,OnMarketVolume,OffBookVolume,TotalTurnover,TotalTurnoverCHF,ProductLineDesc,AssetClassDesc,UnderlyingGeographicalDesc,LegalStructureCountryDesc,UnderlyingProviderDesc&where=ProductLine=ET*PortalSegment=FU&orderby=FundLongName&page=1&pagesize=99999",d92d6d0e4c160ed5f6c14a2e,active_official_exact_listing_isin_name
SIX::SPY4,proposed,SPY4,SIX,ETF,IE00B4YBJ215,SSgA SPDR S&P 400 US Mid Cap,SS SPDR S&P 400 US Mid Cap UCITS ETF (Acc),six_etf_products,listed_companies_subset,"https://www.six-group.com/fqs/ref.csv?select=FundLongName,ValorSymbol,FundReutersTicker,FundBloombergTicker,ValorNumber,ISIN,IssuerLongNameDesc,IssuerNameFull,TradingBaseCurrency,FundCurrency,ManagementFee,ReplicationMethodDesc,ManagementStyleDesc,MarketMakers,ClosingPrice,ClosingPerformance,ClosingDelta,FundUnderlyingDescription,BidVolume,BidPrice,AskVolume,AskPrice,MidSpread,PreviousClosingPrice,MarketDate,MarketTime,OpeningPrice,DailyLowPrice,OnMarketVolume,OffBookVolume,TotalTurnover,TotalTurnoverCHF,ProductLineDesc,AssetClassDesc,UnderlyingGeographicalDesc,LegalStructureCountryDesc,UnderlyingProviderDesc&where=ProductLine=ET*PortalSegment=FU&orderby=FundLongName&page=1&pagesize=99999",84f8d6199f7a6c31a79bf390,active_official_exact_listing_isin_name
SIX::SS1EUA,proposed,SS1EUA,SIX,ETF,LU0969639128,UBS(Lux)Fund Solutions – Bloomberg EUR Treasury 1-10 UCITS ETF(EUR)A-dis,UBS Core BBG EUR Gov 1-10 UCITS ETF EUR dis,six_etf_products,listed_companies_subset,"https://www.six-group.com/fqs/ref.csv?select=FundLongName,ValorSymbol,FundReutersTicker,FundBloombergTicker,ValorNumber,ISIN,IssuerLongNameDesc,IssuerNameFull,TradingBaseCurrency,FundCurrency,ManagementFee,ReplicationMethodDesc,ManagementStyleDesc,MarketMakers,ClosingPrice,ClosingPerformance,ClosingDelta,FundUnderlyingDescription,BidVolume,BidPrice,AskVolume,AskPrice,MidSpread,PreviousClosingPrice,MarketDate,MarketTime,OpeningPrice,DailyLowPrice,OnMarketVolume,OffBookVolume,TotalTurnover,TotalTurnoverCHF,ProductLineDesc,AssetClassDesc,UnderlyingGeographicalDesc,LegalStructureCountryDesc,UnderlyingProviderDesc&where=ProductLine=ET*PortalSegment=FU&orderby=FundLongName&page=1&pagesize=99999",35aea6564b8567a90e40af04,active_official_exact_listing_isin_name
SIX::UHRN,proposed,UHRN,SIX,Stock,CH0012255144,Swatch Group AG Class N,The Swatch Group AG,six_equity_issuers,listed_companies_subset,https://www.six-group.com/sheldon/equity_issuers/v1/equity_issuers.json,675079f5347c79bcf889fb15,active_official_exact_listing_isin_name
SIX::UQLTD-USD,proposed,UQLTD-USD,SIX,ETF,IE00BX7RRJ27,UBSETF MS US QLUSDd,UBS Factor MSCI USA Quality Screened UCITS ETF USD dis,six_etf_products,listed_companies_subset,"https://www.six-group.com/fqs/ref.csv?select=FundLongName,ValorSymbol,FundReutersTicker,FundBloombergTicker,ValorNumber,ISIN,IssuerLongNameDesc,IssuerNameFull,TradingBaseCurrency,FundCurrency,ManagementFee,ReplicationMethodDesc,ManagementStyleDesc,MarketMakers,ClosingPrice,ClosingPerformance,ClosingDelta,FundUnderlyingDescription,BidVolume,BidPrice,AskVolume,AskPrice,MidSpread,PreviousClosingPrice,MarketDate,MarketTime,OpeningPrice,DailyLowPrice,OnMarketVolume,OffBookVolume,TotalTurnover,TotalTurnoverCHF,ProductLineDesc,AssetClassDesc,UnderlyingGeographicalDesc,LegalStructureCountryDesc,UnderlyingProviderDesc&where=ProductLine=ET*PortalSegment=FU&orderby=FundLongName&page=1&pagesize=99999",e2316323d372c7b020791b23,active_official_exact_listing_isin_name
SIX::WKBN,proposed,WKBN,SIX,Stock,CH0305951201,Banque Cantonale du Valais,Walliser Kantonalbank,six_equity_issuers,listed_companies_subset,https://www.six-group.com/sheldon/equity_issuers/v1/equity_issuers.json,e5a84ad1491f1210c6cec6ca,active_official_exact_listing_isin_name
SIX::WRDUSW-USD,proposed,WRDUSW-USD,SIX,ETF,IE00BD4TXV59,UBSETF MSCIWLD USDa,UBS Core MSCI World UCITS ETF USD acc,six_etf_products,listed_companies_subset,"https://www.six-group.com/fqs/ref.csv?select=FundLongName,ValorSymbol,FundReutersTicker,FundBloombergTicker,ValorNumber,ISIN,IssuerLongNameDesc,IssuerNameFull,TradingBaseCurrency,FundCurrency,ManagementFee,ReplicationMethodDesc,ManagementStyleDesc,MarketMakers,ClosingPrice,ClosingPerformance,ClosingDelta,FundUnderlyingDescription,BidVolume,BidPrice,AskVolume,AskPrice,MidSpread,PreviousClosingPrice,MarketDate,MarketTime,OpeningPrice,DailyLowPrice,OnMarketVolume,OffBookVolume,TotalTurnover,TotalTurnoverCHF,ProductLineDesc,AssetClassDesc,UnderlyingGeographicalDesc,LegalStructureCountryDesc,UnderlyingProviderDesc&where=ProductLine=ET*PortalSegment=FU&orderby=FundLongName&page=1&pagesize=99999",bff957ee4ecc45241558a86b,active_official_exact_listing_isin_name
SIX::XDPC,proposed,XDPC,SIX,ETF,IE00B8KMSQ34,Xtrackers S&P 500 UCITS ETF 3C - CHF Hedged,Xtrackers S&P 500 UCITS ETF,six_etf_products,listed_companies_subset,"https://www.six-group.com/fqs/ref.csv?select=FundLongName,ValorSymbol,FundReutersTicker,FundBloombergTicker,ValorNumber,ISIN,IssuerLongNameDesc,IssuerNameFull,TradingBaseCurrency,FundCurrency,ManagementFee,ReplicationMethodDesc,ManagementStyleDesc,MarketMakers,ClosingPrice,ClosingPerformance,ClosingDelta,FundUnderlyingDescription,BidVolume,BidPrice,AskVolume,AskPrice,MidSpread,PreviousClosingPrice,MarketDate,MarketTime,OpeningPrice,DailyLowPrice,OnMarketVolume,OffBookVolume,TotalTurnover,TotalTurnoverCHF,ProductLineDesc,AssetClassDesc,UnderlyingGeographicalDesc,LegalStructureCountryDesc,UnderlyingProviderDesc&where=ProductLine=ET*PortalSegment=FU&orderby=FundLongName&page=1&pagesize=99999",01ed4aab36b57dcc3f402fe6,active_official_exact_listing_isin_name
SIX::XDPU,proposed,XDPU,SIX,ETF,IE000Z9SJA06,Xtrackers S&P 500 UCITS ETF 4C - USD CHF,Xtrackers S&P 500 UCITS ETF 4C,six_etf_products,listed_companies_subset,"https://www.six-group.com/fqs/ref.csv?select=FundLongName,ValorSymbol,FundReutersTicker,FundBloombergTicker,ValorNumber,ISIN,IssuerLongNameDesc,IssuerNameFull,TradingBaseCurrency,FundCurrency,ManagementFee,ReplicationMethodDesc,ManagementStyleDesc,MarketMakers,ClosingPrice,ClosingPerformance,ClosingDelta,FundUnderlyingDescription,BidVolume,BidPrice,AskVolume,AskPrice,MidSpread,PreviousClosingPrice,MarketDate,MarketTime,OpeningPrice,DailyLowPrice,OnMarketVolume,OffBookVolume,TotalTurnover,TotalTurnoverCHF,ProductLineDesc,AssetClassDesc,UnderlyingGeographicalDesc,LegalStructureCountryDesc,UnderlyingProviderDesc&where=ProductLine=ET*PortalSegment=FU&orderby=FundLongName&page=1&pagesize=99999",59107d066ba8a5a69e6183ad,active_official_exact_listing_isin_name
SIX::ZGLDEU,proposed,ZGLDEU,SIX,ETF,CH0047533523,ZKB Gold ETF AA EUR,Swisscanto (CH) Gold ETF EA EUR,six_etf_products,listed_companies_subset,"https://www.six-group.com/fqs/ref.csv?select=FundLongName,ValorSymbol,FundReutersTicker,FundBloombergTicker,ValorNumber,ISIN,IssuerLongNameDesc,IssuerNameFull,TradingBaseCurrency,FundCurrency,ManagementFee,ReplicationMethodDesc,ManagementStyleDesc,MarketMakers,ClosingPrice,ClosingPerformance,ClosingDelta,FundUnderlyingDescription,BidVolume,BidPrice,AskVolume,AskPrice,MidSpread,PreviousClosingPrice,MarketDate,MarketTime,OpeningPrice,DailyLowPrice,OnMarketVolume,OffBookVolume,TotalTurnover,TotalTurnoverCHF,ProductLineDesc,AssetClassDesc,UnderlyingGeographicalDesc,LegalStructureCountryDesc,UnderlyingProviderDesc&where=ProductLine=ET*PortalSegment=FU&orderby=FundLongName&page=1&pagesize=99999",f24af49a65fae731d0068bda,active_official_exact_listing_isin_name
SIX::ZGLDGB,proposed,ZGLDGB,SIX,ETF,CH0104493298,ZKB Gold ETF AA GBP,Swisscanto (CH) Gold ETF EA GBP,six_etf_products,listed_companies_subset,"https://www.six-group.com/fqs/ref.csv?select=FundLongName,ValorSymbol,FundReutersTicker,FundBloombergTicker,ValorNumber,ISIN,IssuerLongNameDesc,IssuerNameFull,TradingBaseCurrency,FundCurrency,ManagementFee,ReplicationMethodDesc,ManagementStyleDesc,MarketMakers,ClosingPrice,ClosingPerformance,ClosingDelta,FundUnderlyingDescription,BidVolume,BidPrice,AskVolume,AskPrice,MidSpread,PreviousClosingPrice,MarketDate,MarketTime,OpeningPrice,DailyLowPrice,OnMarketVolume,OffBookVolume,TotalTurnover,TotalTurnoverCHF,ProductLineDesc,AssetClassDesc,UnderlyingGeographicalDesc,LegalStructureCountryDesc,UnderlyingProviderDesc&where=ProductLine=ET*PortalSegment=FU&orderby=FundLongName&page=1&pagesize=99999",1e91a9a4a591c4a80775a37c,active_official_exact_listing_isin_name
SIX::ZGLDHC,proposed,ZGLDHC,SIX,ETF,CH0139101601,ZKB Gold ETF AAH CHF,Swisscanto (CH) Gold ETF EAH CHF,six_etf_products,listed_companies_subset,"https://www.six-group.com/fqs/ref.csv?select=FundLongName,ValorSymbol,FundReutersTicker,FundBloombergTicker,ValorNumber,ISIN,IssuerLongNameDesc,IssuerNameFull,TradingBaseCurrency,FundCurrency,ManagementFee,ReplicationMethodDesc,ManagementStyleDesc,MarketMakers,ClosingPrice,ClosingPerformance,ClosingDelta,FundUnderlyingDescription,BidVolume,BidPrice,AskVolume,AskPrice,MidSpread,PreviousClosingPrice,MarketDate,MarketTime,OpeningPrice,DailyLowPrice,OnMarketVolume,OffBookVolume,TotalTurnover,TotalTurnoverCHF,ProductLineDesc,AssetClassDesc,UnderlyingGeographicalDesc,LegalStructureCountryDesc,UnderlyingProviderDesc&where=ProductLine=ET*PortalSegment=FU&orderby=FundLongName&page=1&pagesize=99999",90628aa2abe4a562efa8474e,active_official_exact_listing_isin_name
SIX::ZGLDHE,proposed,ZGLDHE,SIX,ETF,CH0103326762,ZKB Gold ETF AAH EUR,Swisscanto (CH) Gold ETF EAH EUR,six_etf_products,listed_companies_subset,"https://www.six-group.com/fqs/ref.csv?select=FundLongName,ValorSymbol,FundReutersTicker,FundBloombergTicker,ValorNumber,ISIN,IssuerLongNameDesc,IssuerNameFull,TradingBaseCurrency,FundCurrency,ManagementFee,ReplicationMethodDesc,ManagementStyleDesc,MarketMakers,ClosingPrice,ClosingPerformance,ClosingDelta,FundUnderlyingDescription,BidVolume,BidPrice,AskVolume,AskPrice,MidSpread,PreviousClosingPrice,MarketDate,MarketTime,OpeningPrice,DailyLowPrice,OnMarketVolume,OffBookVolume,TotalTurnover,TotalTurnoverCHF,ProductLineDesc,AssetClassDesc,UnderlyingGeographicalDesc,LegalStructureCountryDesc,UnderlyingProviderDesc&where=ProductLine=ET*PortalSegment=FU&orderby=FundLongName&page=1&pagesize=99999",b430286d1cf34bd60361f29f,active_official_exact_listing_isin_name
SIX::ZGLDHG,proposed,ZGLDHG,SIX,ETF,CH0104493306,ZKB Gold ETF AAH GBP,Swisscanto (CH) Gold ETF EAH GBP,six_etf_products,listed_companies_subset,"https://www.six-group.com/fqs/ref.csv?select=FundLongName,ValorSymbol,FundReutersTicker,FundBloombergTicker,ValorNumber,ISIN,IssuerLongNameDesc,IssuerNameFull,TradingBaseCurrency,FundCurrency,ManagementFee,ReplicationMethodDesc,ManagementStyleDesc,MarketMakers,ClosingPrice,ClosingPerformance,ClosingDelta,FundUnderlyingDescription,BidVolume,BidPrice,AskVolume,AskPrice,MidSpread,PreviousClosingPrice,MarketDate,MarketTime,OpeningPrice,DailyLowPrice,OnMarketVolume,OffBookVolume,TotalTurnover,TotalTurnoverCHF,ProductLineDesc,AssetClassDesc,UnderlyingGeographicalDesc,LegalStructureCountryDesc,UnderlyingProviderDesc&where=ProductLine=ET*PortalSegment=FU&orderby=FundLongName&page=1&pagesize=99999",916fb5340899b9bb65b66c97,active_official_exact_listing_isin_name
SIX::ZGLDUS,proposed,ZGLDUS,SIX,ETF,CH0047533549,ZKB Gold ETF AA USD,Swisscanto (CH) Gold ETF EA USD,six_etf_products,listed_companies_subset,"https://www.six-group.com/fqs/ref.csv?select=FundLongName,ValorSymbol,FundReutersTicker,FundBloombergTicker,ValorNumber,ISIN,IssuerLongNameDesc,IssuerNameFull,TradingBaseCurrency,FundCurrency,ManagementFee,ReplicationMethodDesc,ManagementStyleDesc,MarketMakers,ClosingPrice,ClosingPerformance,ClosingDelta,FundUnderlyingDescription,BidVolume,BidPrice,AskVolume,AskPrice,MidSpread,PreviousClosingPrice,MarketDate,MarketTime,OpeningPrice,DailyLowPrice,OnMarketVolume,OffBookVolume,TotalTurnover,TotalTurnoverCHF,ProductLineDesc,AssetClassDesc,UnderlyingGeographicalDesc,LegalStructureCountryDesc,UnderlyingProviderDesc&where=ProductLine=ET*PortalSegment=FU&orderby=FundLongName&page=1&pagesize=99999",5d4285df8eceb6d3173cf593,active_official_exact_listing_isin_name
SIX::ZPAL,proposed,ZPAL,SIX,ETF,CH0183136065,ZKB Palladium ETF AA CHF,Swisscanto (CH) Palladium ETF EA CHF,six_etf_products,listed_companies_subset,"https://www.six-group.com/fqs/ref.csv?select=FundLongName,ValorSymbol,FundReutersTicker,FundBloombergTicker,ValorNumber,ISIN,IssuerLongNameDesc,IssuerNameFull,TradingBaseCurrency,FundCurrency,ManagementFee,ReplicationMethodDesc,ManagementStyleDesc,MarketMakers,ClosingPrice,ClosingPerformance,ClosingDelta,FundUnderlyingDescription,BidVolume,BidPrice,AskVolume,AskPrice,MidSpread,PreviousClosingPrice,MarketDate,MarketTime,OpeningPrice,DailyLowPrice,OnMarketVolume,OffBookVolume,TotalTurnover,TotalTurnoverCHF,ProductLineDesc,AssetClassDesc,UnderlyingGeographicalDesc,LegalStructureCountryDesc,UnderlyingProviderDesc&where=ProductLine=ET*PortalSegment=FU&orderby=FundLongName&page=1&pagesize=99999",d178ff67b7887563a66938f8,active_official_exact_listing_isin_name
SIX::ZPLA,proposed,ZPLA,SIX,ETF,CH0183136057,ZKB Platinum ETF AA CHF,Swisscanto (CH) Platinum ETF EA CHF,six_etf_products,listed_companies_subset,"https://www.six-group.com/fqs/ref.csv?select=FundLongName,ValorSymbol,FundReutersTicker,FundBloombergTicker,ValorNumber,ISIN,IssuerLongNameDesc,IssuerNameFull,TradingBaseCurrency,FundCurrency,ManagementFee,ReplicationMethodDesc,ManagementStyleDesc,MarketMakers,ClosingPrice,ClosingPerformance,ClosingDelta,FundUnderlyingDescription,BidVolume,BidPrice,AskVolume,AskPrice,MidSpread,PreviousClosingPrice,MarketDate,MarketTime,OpeningPrice,DailyLowPrice,OnMarketVolume,OffBookVolume,TotalTurnover,TotalTurnoverCHF,ProductLineDesc,AssetClassDesc,UnderlyingGeographicalDesc,LegalStructureCountryDesc,UnderlyingProviderDesc&where=ProductLine=ET*PortalSegment=FU&orderby=FundLongName&page=1&pagesize=99999",05ed17608e674faaf6253c85,active_official_exact_listing_isin_name
SIX::ZSIL,proposed,ZSIL,SIX,ETF,CH0183135976,ZKB Silver ETF AA CHF,Swisscanto (CH) Silver ETF EA CHF,six_etf_products,listed_companies_subset,"https://www.six-group.com/fqs/ref.csv?select=FundLongName,ValorSymbol,FundReutersTicker,FundBloombergTicker,ValorNumber,ISIN,IssuerLongNameDesc,IssuerNameFull,TradingBaseCurrency,FundCurrency,ManagementFee,ReplicationMethodDesc,ManagementStyleDesc,MarketMakers,ClosingPrice,ClosingPerformance,ClosingDelta,FundUnderlyingDescription,BidVolume,BidPrice,AskVolume,AskPrice,MidSpread,PreviousClosingPrice,MarketDate,MarketTime,OpeningPrice,DailyLowPrice,OnMarketVolume,OffBookVolume,TotalTurnover,TotalTurnoverCHF,ProductLineDesc,AssetClassDesc,UnderlyingGeographicalDesc,LegalStructureCountryDesc,UnderlyingProviderDesc&where=ProductLine=ET*PortalSegment=FU&orderby=FundLongName&page=1&pagesize=99999",fde027fe74d22616540b3f2b,active_official_exact_listing_isin_name
SIX::ZSILHC,proposed,ZSILHC,SIX,ETF,CH0183136024,ZKB Silver ETF AAH CHF,Swisscanto (CH) Silver ETF EAH CHF,six_etf_products,listed_companies_subset,"https://www.six-group.com/fqs/ref.csv?select=FundLongName,ValorSymbol,FundReutersTicker,FundBloombergTicker,ValorNumber,ISIN,IssuerLongNameDesc,IssuerNameFull,TradingBaseCurrency,FundCurrency,ManagementFee,ReplicationMethodDesc,ManagementStyleDesc,MarketMakers,ClosingPrice,ClosingPerformance,ClosingDelta,FundUnderlyingDescription,BidVolume,BidPrice,AskVolume,AskPrice,MidSpread,PreviousClosingPrice,MarketDate,MarketTime,OpeningPrice,DailyLowPrice,OnMarketVolume,OffBookVolume,TotalTurnover,TotalTurnoverCHF,ProductLineDesc,AssetClassDesc,UnderlyingGeographicalDesc,LegalStructureCountryDesc,UnderlyingProviderDesc&where=ProductLine=ET*PortalSegment=FU&orderby=FundLongName&page=1&pagesize=99999",84153e926bcbf8cd557e9dbd,active_official_exact_listing_isin_name
SIX::ZSILHE,proposed,ZSILHE,SIX,ETF,CH0183136040,ZKB Silver ETF AAH EUR,Swisscanto (CH) Silver ETF EAH EUR,six_etf_products,listed_companies_subset,"https://www.six-group.com/fqs/ref.csv?select=FundLongName,ValorSymbol,FundReutersTicker,FundBloombergTicker,ValorNumber,ISIN,IssuerLongNameDesc,IssuerNameFull,TradingBaseCurrency,FundCurrency,ManagementFee,ReplicationMethodDesc,ManagementStyleDesc,MarketMakers,ClosingPrice,ClosingPerformance,ClosingDelta,FundUnderlyingDescription,BidVolume,BidPrice,AskVolume,AskPrice,MidSpread,PreviousClosingPrice,MarketDate,MarketTime,OpeningPrice,DailyLowPrice,OnMarketVolume,OffBookVolume,TotalTurnover,TotalTurnoverCHF,ProductLineDesc,AssetClassDesc,UnderlyingGeographicalDesc,LegalStructureCountryDesc,UnderlyingProviderDesc&where=ProductLine=ET*PortalSegment=FU&orderby=FundLongName&page=1&pagesize=99999",5e379ab48e1740a47b5e93ea,active_official_exact_listing_isin_name
SIX::ZSILUS,proposed,ZSILUS,SIX,ETF,CH0183136008,ZKB Silver ETF AA USD,Swisscanto (CH) Silver ETF EA USD,six_etf_products,listed_companies_subset,"https://www.six-group.com/fqs/ref.csv?select=FundLongName,ValorSymbol,FundReutersTicker,FundBloombergTicker,ValorNumber,ISIN,IssuerLongNameDesc,IssuerNameFull,TradingBaseCurrency,FundCurrency,ManagementFee,ReplicationMethodDesc,ManagementStyleDesc,MarketMakers,ClosingPrice,ClosingPerformance,ClosingDelta,FundUnderlyingDescription,BidVolume,BidPrice,AskVolume,AskPrice,MidSpread,PreviousClosingPrice,MarketDate,MarketTime,OpeningPrice,DailyLowPrice,OnMarketVolume,OffBookVolume,TotalTurnover,TotalTurnoverCHF,ProductLineDesc,AssetClassDesc,UnderlyingGeographicalDesc,LegalStructureCountryDesc,UnderlyingProviderDesc&where=ProductLine=ET*PortalSegment=FU&orderby=FundLongName&page=1&pagesize=99999",c5c0d2ef23f9e867cd58da0b,active_official_exact_listing_isin_name
SSE_CL::PAZ,proposed,PAZ,SSE_CL,Stock,CL0000001918,Paz Corp,PAZ CORP S.A.,bolsa_santiago_instruments,exchange_directory,https://www.bolsadesantiago.com/api/RV_ResumenMercado/getInstrumentos,6087fe30c884f8130042f109,active_official_exact_listing_isin_name
STO::ABSO,proposed,ABSO,STO,Stock,SE0006256558,Absolent Group AB,Absolent Air Care Group,nasdaq_nordic_stockholm_shares,listed_companies_subset,https://api.nasdaq.com/api/nordic/screener/shares,09db8c2884c08f331414bca1,active_official_exact_listing_isin_name
STO::BHG,proposed,BHG,STO,Stock,SE0010948588,BHG Group AB (publ),BHG Group,nasdaq_nordic_stockholm_shares,listed_companies_subset,https://api.nasdaq.com/api/nordic/screener/shares,7a0e7e3b8cac2c9633ce9d36,active_official_exact_listing_isin_name
STO::BONAS,proposed,BONAS,STO,Stock,SE0007157953,Bonasudden Holding AB,Bonäsudden Holding,nasdaq_nordic_stockholm_shares,listed_companies_subset,https://api.nasdaq.com/api/nordic/screener/shares,289cffb1edba1d91e9864eba,active_official_exact_listing_isin_name
STO::BORG,proposed,BORG,STO,Stock,SE0021921327,Bjorn Borg AB,Björn Borg,nasdaq_nordic_stockholm_shares,listed_companies_subset,https://api.nasdaq.com/api/nordic/screener/shares,67443e892375660f9e20da7a,active_official_exact_listing_isin_name
STO::BTS-B,proposed,BTS-B,STO,Stock,SE0000805426,BTS Group AB (publ),BTS Group B,nasdaq_nordic_stockholm_shares,listed_companies_subset,https://api.nasdaq.com/api/nordic/screener/shares,5ff3dbf67e8ae6d96c1ef9e1,active_official_exact_listing_isin_name
STO::DIOS,proposed,DIOS,STO,Stock,SE0001634262,Dios Fastigheter AB,Diös Fastigheter,nasdaq_nordic_stockholm_shares,listed_companies_subset,https://api.nasdaq.com/api/nordic/screener/shares,4ce8e43b4b474030fcca24bd,active_official_exact_listing_isin_name
STO::ERIC-A,proposed,ERIC-A,STO,Stock,SE0000108649,Telefonaktiebolaget LM Ericsson (publ),Ericsson A,nasdaq_nordic_stockholm_shares,listed_companies_subset,https://api.nasdaq.com/api/nordic/screener/shares,f1f265bfc812ad15396d771a,active_official_exact_listing_isin_name
STO::ESGR-B,proposed,ESGR-B,STO,Stock,SE0014428447,ES Energy Save Holding AB,ES Group B,nasdaq_nordic_stockholm_shares,listed_companies_subset,https://api.nasdaq.com/api/nordic/screener/shares,b782f603e0c40d01e260438f,active_official_exact_listing_isin_name
STO::GOTL-A,proposed,GOTL-A,STO,Stock,SE0029278191,Gotland Rederi AB Series A,Gotlandsbolaget A,nasdaq_nordic_stockholm_shares,listed_companies_subset,https://api.nasdaq.com/api/nordic/screener/shares,3b322f593a061a4affbfa4c0,active_official_exact_listing_isin_name
STO::GOTL-B,proposed,GOTL-B,STO,Stock,SE0029278209,Gotland Rederi AB Series B,Gotlandsbolaget B,nasdaq_nordic_stockholm_shares,listed_companies_subset,https://api.nasdaq.com/api/nordic/screener/shares,657800eff098b5409b891366,active_official_exact_listing_isin_name
STO::INDU-A,proposed,INDU-A,STO,Stock,SE0000190126,Industrivarden AB ser. A,Industrivärden A,nasdaq_nordic_stockholm_shares,listed_companies_subset,https://api.nasdaq.com/api/nordic/screener/shares,10ab4d2cdf006f05d54a4bd1,active_official_exact_listing_isin_name
STO::INDU-C,proposed,INDU-C,STO,Stock,SE0000107203,Industrivarden AB ser. C,Industrivärden C,nasdaq_nordic_stockholm_shares,listed_companies_subset,https://api.nasdaq.com/api/nordic/screener/shares,d03d45ff0294a576df525c43,active_official_exact_listing_isin_name
STO::MOBA,proposed,MOBA,STO,Stock,SE0016277909,MOBA Network publ AB,M.O.B.A. Network,nasdaq_nordic_stockholm_shares,listed_companies_subset,https://api.nasdaq.com/api/nordic/screener/shares,e29a67f02dd2853a1323ae17,active_official_exact_listing_isin_name
STO::NOSA,proposed,NOSA,STO,Stock,SE0006994539,Nosa Med AB,Nosa Plugs,nasdaq_nordic_stockholm_shares,listed_companies_subset,https://api.nasdaq.com/api/nordic/screener/shares,5c2868243db20dcbd0bc9168,active_official_exact_listing_isin_name
STO::OEM-B,proposed,OEM-B,STO,Stock,SE0017766843,OEM International AB (publ),OEM International B,nasdaq_nordic_stockholm_shares,listed_companies_subset,https://api.nasdaq.com/api/nordic/screener/shares,08aa58a60b1ee2d5929288b4,active_official_exact_listing_isin_name
STO::RAMSH,proposed,RAMSH,STO,Stock,SE0022600219,Ramlosa Shipping Ab,Ramlösa shipping,spotlight_companies_directory,listed_companies_subset,https://spotlightstockmarket.com/sv/bolag/irabout?InstrumentId=XSAT0000364411,f105fcbb09085dc1791c5f4e,active_official_exact_listing_isin_name
STO::SBB-B,proposed,SBB-B,STO,Stock,SE0009554454,Samhällsbyggnadsbolaget i Norden AB (publ),Samhällsbyggnadsbo. i Norden B,nasdaq_nordic_stockholm_shares,listed_companies_subset,https://api.nasdaq.com/api/nordic/screener/shares,985bd30c977a04feed5b619d,active_official_exact_listing_isin_name
STO::SFAB,proposed,SFAB,STO,Stock,SE0017082548,Solid FAB,Solid Försäkringsaktiebolag,nasdaq_nordic_stockholm_shares,listed_companies_subset,https://api.nasdaq.com/api/nordic/screener/shares,bc7f61e8e73068ef5135b4c3,active_official_exact_listing_isin_name
STO::SHB-A,proposed,SHB-A,STO,Stock,SE0007100599,Svenska Handelsbanken AB (publ),Sv. Handelsbanken A,nasdaq_nordic_stockholm_shares,listed_companies_subset,https://api.nasdaq.com/api/nordic/screener/shares,406e2c6db4e977d5afad3ff3,active_official_exact_listing_isin_name
STO::SIMRIS-B,proposed,SIMRIS-B,STO,Stock,SE0008091664,Simris Alg AB (publ),Simris Group B,nasdaq_nordic_stockholm_shares,listed_companies_subset,https://api.nasdaq.com/api/nordic/screener/shares,9623dfeb9eb728f019cdc3d5,active_official_exact_listing_isin_name
STO::SIVE,proposed,SIVE,STO,Stock,SE0003917798,Sivers IMA Holding AB,Sivers Semiconductors,nasdaq_nordic_stockholm_shares,listed_companies_subset,https://api.nasdaq.com/api/nordic/screener/shares,1eb1ca6f6de746d651bf6f5b,active_official_exact_listing_isin_name
STO::SKMO,proposed,SKMO,STO,Stock,SE0017885338,Skane mollan AB,Skåne-möllan,nasdaq_nordic_stockholm_shares,listed_companies_subset,https://api.nasdaq.com/api/nordic/screener/shares,9499c4df83d3608b0f420147,active_official_exact_listing_isin_name
STO::SODER,proposed,SODER,STO,Stock,SE0016276539,Soder Sportfiske AB,Söder Sportfiske,nasdaq_nordic_stockholm_shares,listed_companies_subset,https://api.nasdaq.com/api/nordic/screener/shares,29430c09d78e22abe62131fb,active_official_exact_listing_isin_name
STO::SVED-B,proposed,SVED-B,STO,Stock,SE0000407991,Svedbergs i Dalstorp AB (publ),Svedbergs Group B,nasdaq_nordic_stockholm_shares,listed_companies_subset,https://api.nasdaq.com/api/nordic/screener/shares,102a780abc7c90c44221a95a,active_official_exact_listing_isin_name
STO::TIETOS,proposed,TIETOS,STO,Stock,FI0009000277,TietoEVRY Corp,Tieto Oyj,nasdaq_nordic_stockholm_shares,listed_companies_subset,https://api.nasdaq.com/api/nordic/screener/shares,87010428331ae5b62b7fd7c4,active_official_exact_listing_isin_name
STO::TRIAN-B,proposed,TRIAN-B,STO,Stock,SE0018013658,Fastighets AB Trianon (publ),Trianon B,nasdaq_nordic_stockholm_shares,listed_companies_subset,https://api.nasdaq.com/api/nordic/screener/shares,e3c3377e7999c950c85bf23a,active_official_exact_listing_isin_name
STO::VBG-B,proposed,VBG-B,STO,Stock,SE0000115107,VBG Group AB (publ),VBG GROUP B,nasdaq_nordic_stockholm_shares,listed_companies_subset,https://api.nasdaq.com/api/nordic/screener/shares,c0372ba090e13d94ed85724f,active_official_exact_listing_isin_name
STO::XACTHDIV,proposed,XACTHDIV,STO,ETF,SE0009778954,XACT Nordic High Dividend Low Volatility,XACT Norden Högutdelande (UCITS ETF),nasdaq_nordic_stockholm_etfs,listed_companies_subset,https://api.nasdaq.com/api/nordic/screener/etp,9a73a8b09327f42b89f4013d,active_official_exact_listing_isin_name
TASE::AZRT,proposed,AZRT,TASE,Stock,IL0011627754,Reit Azorim HF Living Ltd,REIT AZORIM LIV,tase_securities_marketdata,listed_companies_subset,https://api.tase.co.il/api/security/securitiesmarketdata,8307240b123ef46725a34586,active_official_exact_listing_isin_name
TASE::IBI-F35,proposed,IBI-F35,TASE,ETF,IL0011487746,Psagot Index Funds Ltd. - Psagot ETF (4A) TA-Banks5,I.B.I. SAL (4A) Index Israel Banks IL,tase_etf_marketdata,listed_companies_subset,https://api.tase.co.il/api/marketdata/etfs,aaaee5110a45111ec88e40df,active_official_exact_listing_isin_name
TASE::KSM-F12,proposed,KSM-F12,TASE,ETF,IL0011459034,KSM Mutual Funds Ltd. - KSM ETF (4D) S&P Energy,KSM ETF (4D) S&P Energy,tase_etf_marketdata,listed_companies_subset,https://api.tase.co.il/api/marketdata/etfs,4354be1b8ef00b772f90ea4e,active_official_exact_listing_isin_name
TASE::KSM-F13,proposed,KSM-F13,TASE,ETF,IL0011459117,KSM Mutual Funds Ltd. - KSM ETF (4A) Tel-Div,KSM ETF (4A) Tel-Div IL,tase_etf_marketdata,listed_companies_subset,https://api.tase.co.il/api/marketdata/etfs,4ef57d9cc7461fbb70dd7a2a,active_official_exact_listing_isin_name
TASE::KSM-F133,proposed,KSM-F133,TASE,ETF,IL0011475295,KSM Mutual Funds Ltd. - KSM ETF (4D) S&P Industrial,KSM ETF (4D) S&P Industrial,tase_etf_marketdata,listed_companies_subset,https://api.tase.co.il/api/marketdata/etfs,8c60389bae5e6121fd678080,active_official_exact_listing_isin_name
TASE::KSM-F158,proposed,KSM-F158,TASE,ETF,IL0011472300,KSM Mutual Funds Ltd. - KSM ETF (4D) S&P Technology,KSM ETF (4D) S&P Technology,tase_etf_marketdata,listed_companies_subset,https://api.tase.co.il/api/marketdata/etfs,1759a8ccd15d50bbbbdba415,active_official_exact_listing_isin_name
TASE::KSM-F22,proposed,KSM-F22,TASE,ETF,IL0011460008,KSM Mutual Funds Limited - RDXUSED PR 4Da ETF,KSM ETF (4D) STOXX Europe MID 200,tase_etf_marketdata,listed_companies_subset,https://api.tase.co.il/api/marketdata/etfs,1c0e5962e111784bc552cd43,active_official_exact_listing_isin_name
TASE::KSM-F37,proposed,KSM-F37,TASE,ETF,IL0011461667,KSM Mutual Funds Ltd. - KSM ETF (00) Non-Linked Fixed Int Gov Bonds 0-2 Years,KSM ETF (00) Tel Gov-Shekel 0-2,tase_etf_marketdata,listed_companies_subset,https://api.tase.co.il/api/marketdata/etfs,56d32dc7511abaec34c03e7b,active_official_exact_listing_isin_name
TASE::KSM-F38,proposed,KSM-F38,TASE,ETF,IL0011461741,KSM Mutual Funds Ltd. - KSM ETF (00) Non-Linked Fixed Int Gov Bonds 5+ Years,KSM ETF (00) Tel Gov-Shekel 5+,tase_etf_marketdata,listed_companies_subset,https://api.tase.co.il/api/marketdata/etfs,b87bf23a7c2434ae008328eb,active_official_exact_listing_isin_name
TASE::KSM-F39,proposed,KSM-F39,TASE,ETF,IL0011461907,KSM Mutual Funds Ltd. - KSM ETF (00) Non-Linked Fixed Int Gov Bonds 2-5 Years,KSM ETF (00) Tel Gov-Shekel 2-5,tase_etf_marketdata,listed_companies_subset,https://api.tase.co.il/api/marketdata/etfs,df9a0898d2235f4c8eb491b0,active_official_exact_listing_isin_name
TASE::KSM-F43,proposed,KSM-F43,TASE,ETF,IL0011462731,KSM Mutual Funds Ltd. - Short Term Treasury Bill Fund,KSM ETF (00) Tel Gov T-Bills (MAKAM),tase_etf_marketdata,listed_companies_subset,https://api.tase.co.il/api/marketdata/etfs,e0a968997bfcc22fd6a2fda3,active_official_exact_listing_isin_name
TASE::KSM-F53,proposed,KSM-F53,TASE,ETF,IL0011465130,KSM Mutual Funds Ltd. - KSM ETF (4D) DAX 30,KSM ETF (4D) DAX,tase_etf_marketdata,listed_companies_subset,https://api.tase.co.il/api/marketdata/etfs,d8d7c42dc3cf2f2e7c0cd831,active_official_exact_listing_isin_name
TASE::KSM-F57,proposed,KSM-F57,TASE,ETF,IL0011465544,KSM Mutual Funds Ltd. - KSM ETF (4A) TA-Finance,KSM ETF (4A) TA-Finance IL,tase_etf_marketdata,listed_companies_subset,https://api.tase.co.il/api/marketdata/etfs,1d59937f0a1b3e13d98052aa,active_official_exact_listing_isin_name
TASE::KSM-F58,proposed,KSM-F58,TASE,ETF,IL0011465627,KSM Mutual Funds Ltd. - KSM Non Linked Fixed Interest Gov Bonds Fund,KSM ETF (00) Tel Gov-Shekel,tase_etf_marketdata,listed_companies_subset,https://api.tase.co.il/api/marketdata/etfs,a41406dc0e27d46397a55c93,active_official_exact_listing_isin_name
TASE::KSM-F59,proposed,KSM-F59,TASE,ETF,IL0011465700,KSM Mutual Funds Ltd. - KSM ETF (4A) TA-35,KSM ETF (4A) TA-35 IL,tase_etf_marketdata,listed_companies_subset,https://api.tase.co.il/api/marketdata/etfs,84fd1970357f64c790ad14f9,active_official_exact_listing_isin_name
TASE::KSM-F64,proposed,KSM-F64,TASE,ETF,IL0011457541,KSM Mutual Funds Limited - TA Bluestar Global Tech 4Da ETF,KSM ETF (4D)(!) KOSPI 200,tase_etf_marketdata,listed_companies_subset,https://api.tase.co.il/api/marketdata/etfs,491730c2dd5ec98a4d51760d,active_official_exact_listing_isin_name
TASE::KSM-F72,proposed,KSM-F72,TASE,ETF,IL0011463317,KSM Mutual Funds Ltd. - KSM ETF (4A) TA-90,KSM ETF (4A) TA-90 IL,tase_etf_marketdata,listed_companies_subset,https://api.tase.co.il/api/marketdata/etfs,bc614d1fa49de8895fc6312e,active_official_exact_listing_isin_name
TASE::KSM-F74,proposed,KSM-F74,TASE,ETF,IL0011463564,KSM Mutual Funds Ltd. - KSM ETF (4A) TA-125,KSM ETF (4A) TA-125 IL,tase_etf_marketdata,listed_companies_subset,https://api.tase.co.il/api/marketdata/etfs,cea0483c19458fcd3fb0e749,active_official_exact_listing_isin_name
TASE::KSM-F80,proposed,KSM-F80,TASE,ETF,IL0011464711,KSM Mutual Funds Ltd. - KSM ETF (4D) S&P 500,KSM ETF (4D) S&P 500,tase_etf_marketdata,listed_companies_subset,https://api.tase.co.il/api/marketdata/etfs,64d27d1aaf5de60025d716a2,active_official_exact_listing_isin_name
TASE::KSM-F86,proposed,KSM-F86,TASE,ETF,IL0011466468,KSM Mutual Funds Ltd. - KSM Government Bonds Fund,KSM ETF (0A) Tel-Gov,tase_etf_marketdata,listed_companies_subset,https://api.tase.co.il/api/marketdata/etfs,97aa92d51057cbfd9f73e1cf,active_official_exact_listing_isin_name
TASE::KSM-F9,proposed,KSM-F9,TASE,ETF,IL0011458796,KSM Mutual Funds Limited - FTSE 100 PR 4Da ETF,KSM ETF (4D) DJ Health Care Titans 30,tase_etf_marketdata,listed_companies_subset,https://api.tase.co.il/api/marketdata/etfs,ba653e390e342d1f98ba3fad,active_official_exact_listing_isin_name
TASE::LUZN,proposed,LUZN,TASE,Stock,IL0004730177,Amos Luzon Development and Energy Group Ltd,LUZON GROUP,tase_securities_marketdata,listed_companies_subset,https://api.tase.co.il/api/security/securitiesmarketdata,1301d966c4e1adcf3c05c901,active_official_exact_listing_isin_name
TASE::MNRT,proposed,MNRT,TASE,Stock,IL0011405730,Menivim The New REIT Ltd,MENIVIM REIT,tase_securities_marketdata,listed_companies_subset,https://api.tase.co.il/api/security/securitiesmarketdata,4af0eb44c3d9ae1b626b002f,active_official_exact_listing_isin_name
TASE::MTF-F1,proposed,MTF-F1,TASE,ETF,IL0011499543,Migdal Mutual Funds - MTF SAL Non-Linked Fixed Interest Gov.Bonds Mutual Fund,MTF SAL (00) Tel Gov - Shekel IL,tase_etf_marketdata,listed_companies_subset,https://api.tase.co.il/api/marketdata/etfs,7a53da1a80d2fbad19cc6d15,active_official_exact_listing_isin_name
TASE::MTF-F2,proposed,MTF-F2,TASE,ETF,IL0011499626,Migdal Mutual Funds - MTF SAL Non-Linked Fixed Interest Gov. Bonds 2-5 Years Mutual Fund,MTF SAL (00)Tel Gov - Shekel 2-5 IL,tase_etf_marketdata,listed_companies_subset,https://api.tase.co.il/api/marketdata/etfs,ec25bf69ad93997d1d2d875f,active_official_exact_listing_isin_name
TASE::MTF-F27,proposed,MTF-F27,TASE,ETF,IL0011503823,Migdal Mutual Funds Ltd. - MTF SAL (4D) S&P Financial,MTF SAL (4D) S&P Financial,tase_etf_marketdata,listed_companies_subset,https://api.tase.co.il/api/marketdata/etfs,b02f55c251cf19b2cff23a12,active_official_exact_listing_isin_name
TASE::MTF-F29,proposed,MTF-F29,TASE,ETF,IL0011504086,Migdal Mutual Funds Ltd. - MTF SAL (4D) S&P Industrial,MTF SAL (4D) S&P Industrial,tase_etf_marketdata,listed_companies_subset,https://api.tase.co.il/api/marketdata/etfs,bcd988002a288e7c6b74771b,active_official_exact_listing_isin_name
TASE::MTF-F30,proposed,MTF-F30,TASE,ETF,IL0011504243,Migdal Mutual Funds Ltd. - MTF SAL (4D) S&P Technology,MTF SAL (4D) S&P Technology,tase_etf_marketdata,listed_companies_subset,https://api.tase.co.il/api/marketdata/etfs,502c07a7b2246ed675836978,active_official_exact_listing_isin_name
TASE::MTF-F8,proposed,MTF-F8,TASE,ETF,IL0011500514,Migdal Mutual Funds - MTF SAL Non-Linked Fixed Interest Gov. Bonds 5+ Years Mutual Fund,MTF SAL (00) Tel Gov - Shekel 5+ IL,tase_etf_marketdata,listed_companies_subset,https://api.tase.co.il/api/marketdata/etfs,f739fe956901fd75d577e5ff,active_official_exact_listing_isin_name
TASE::TOPG,proposed,TOPG,TASE,Stock,IL0010833775,Top Group Software Ltd,TOP GROUP,tase_securities_marketdata,listed_companies_subset,https://api.tase.co.il/api/security/securitiesmarketdata,8835b61c146ccef40c917369,active_official_exact_listing_isin_name
TPEX::009814,proposed,009814,TPEX,ETF,TW0000098144,富邦標普500,Fubon S&P 500 ETF,tpex_etf_filter,listed_companies_subset,https://info.tpex.org.tw/ETF/en/filter.html,628a0bd571057442fa207a11,active_official_exact_listing_isin_name
TSE::1346,proposed,1346,TSE,ETF,JP3047040005,MAXIS NIKKEI 225 ETF,MAXIS NIKKEI225 ETF,jpx_tse_stock_detail,security_identifier_registry_subset,https://quote.jpx.co.jp/jpxhp/jcgi/wrap/qjsonp.aspx?F=ctl/stock_detail&qcode=1346,b60fcb55fa4a9392896d26ea,active_official_exact_listing_isin_name
TSE::1810,proposed,1810,TSE,Stock,JP3863600007,Matsui Construction Co Ltd,"MATSUI CONST. CO., LTD.",jpx_tse_stock_detail,security_identifier_registry_subset,https://quote.jpx.co.jp/jpxhp/jcgi/wrap/qjsonp.aspx?F=ctl/stock_detail&qcode=1810,1dcd26988be4121ec3790aca,active_official_exact_listing_isin_name
TSE::1814,proposed,1814,TSE,Stock,JP3485400000,"DAISUE CONSTRUCTION CO.,LTD.","DAISUE CONST. CO., LTD.",jpx_tse_stock_detail,security_identifier_registry_subset,https://quote.jpx.co.jp/jpxhp/jcgi/wrap/qjsonp.aspx?F=ctl/stock_detail&qcode=1814,557d5f0c39679cf8ef43f033,active_official_exact_listing_isin_name
TSE::1820,proposed,1820,TSE,Stock,JP3659200004,"Nishimatsu Construction Co.,Ltd.","NISHIMATSU CONST. CO., LTD.",jpx_tse_stock_detail,security_identifier_registry_subset,https://quote.jpx.co.jp/jpxhp/jcgi/wrap/qjsonp.aspx?F=ctl/stock_detail&qcode=1820,ee33ed4fda00772be09186c0,active_official_exact_listing_isin_name
TSE::1888,proposed,1888,TSE,Stock,JP3990800009,"WAKACHIKU CONSTRUCTION CO.,LTD.","WAKACHIKU CONST. CO., LTD.",jpx_tse_stock_detail,security_identifier_registry_subset,https://quote.jpx.co.jp/jpxhp/jcgi/wrap/qjsonp.aspx?F=ctl/stock_detail&qcode=1888,fd0d85252a78d3834a3cb914,active_official_exact_listing_isin_name
TSE::1929,proposed,1929,TSE,Stock,JP3684800000,Nittoc Construction Co Ltd,"NITTOC CONST. CO., LTD.",jpx_tse_stock_detail,security_identifier_registry_subset,https://quote.jpx.co.jp/jpxhp/jcgi/wrap/qjsonp.aspx?F=ctl/stock_detail&qcode=1929,dbda3c9f00d01e85e24e2ccb,active_official_exact_listing_isin_name
TSE::2345,proposed,2345,TSE,Stock,JP3351020007,Hodl 1 Inc,"HODL1, INC.",jpx_tse_stock_detail,security_identifier_registry_subset,https://quote.jpx.co.jp/jpxhp/jcgi/wrap/qjsonp.aspx?F=ctl/stock_detail&qcode=2345,5fcc0efea021b199a9e0a017,active_official_exact_listing_isin_name
TSE::3184,proposed,3184,TSE,Stock,JP3101920001,Intl Conglomerate Distributi,INTERNATIONAL CONGLOMERATE OF DISTRIBUTION FOR AUTOMOBILE HOLDINGS CO.,jpx_tse_stock_detail,security_identifier_registry_subset,https://quote.jpx.co.jp/jpxhp/jcgi/wrap/qjsonp.aspx?F=ctl/stock_detail&qcode=3184,b4d39b2b8ad38311ec8d86c7,active_official_exact_listing_isin_name
TSE::3286,proposed,3286,TSE,Stock,JP3635590007,TRUST Holdings Inc.,TRUST HOLDINGS INC.,jpx_tse_stock_detail,security_identifier_registry_subset,https://quote.jpx.co.jp/jpxhp/jcgi/wrap/qjsonp.aspx?F=ctl/stock_detail&qcode=3286,d638e6afccf017739ebdb2e9,active_official_exact_listing_isin_name
TSE::3491,proposed,3491,TSE,Stock,JP3386670008,Gatechnologies Co Ltd,"GA TECHNOLOGIES CO., LTD.",jpx_tse_stock_detail,security_identifier_registry_subset,https://quote.jpx.co.jp/jpxhp/jcgi/wrap/qjsonp.aspx?F=ctl/stock_detail&qcode=3491,4cb85c34cbcac71e615fecf1,active_official_exact_listing_isin_name
TSE::3750,proposed,3750,TSE,Stock,JP3426500009,"ADR120S,Inc.",ADR BIOMEDICAL HOLDINGS INC.,jpx_tse_stock_detail,security_identifier_registry_subset,https://quote.jpx.co.jp/jpxhp/jcgi/wrap/qjsonp.aspx?F=ctl/stock_detail&qcode=3750,b4ab63f6090d2e01f23bfa15,active_official_exact_listing_isin_name
TSE::4053,proposed,4053,TSE,Stock,JP3323800007,Sun* Inc.,SUN ASTERISK INC.,jpx_tse_stock_detail,security_identifier_registry_subset,https://quote.jpx.co.jp/jpxhp/jcgi/wrap/qjsonp.aspx?F=ctl/stock_detail&qcode=4053,19fe3b21bbaf9a6b0f953ee0,active_official_exact_listing_isin_name
TSE::4960,proposed,4960,TSE,Stock,JP3281650006,Chemiprokasei Kaisha Ltd,"CHEMIPRO KASEI KAISHA, LTD.",jpx_tse_stock_detail,security_identifier_registry_subset,https://quote.jpx.co.jp/jpxhp/jcgi/wrap/qjsonp.aspx?F=ctl/stock_detail&qcode=4960,bd04e42dadfd702ebc812a4d,active_official_exact_listing_isin_name
TSE::5576,proposed,5576,TSE,Stock,JP3173250006,Obsystem Inc,O.B.SYSTEM INC.,jpx_tse_stock_detail,security_identifier_registry_subset,https://quote.jpx.co.jp/jpxhp/jcgi/wrap/qjsonp.aspx?F=ctl/stock_detail&qcode=5576,726af0f1c0006f69d90f727e,active_official_exact_listing_isin_name
TSE::5891,proposed,5891,TSE,Stock,JP3205680006,"Kairikiya Co.,Ltd.","SAKIGAKE HOLDINGS CO., LTD.",jpx_tse_stock_detail,security_identifier_registry_subset,https://quote.jpx.co.jp/jpxhp/jcgi/wrap/qjsonp.aspx?F=ctl/stock_detail&qcode=5891,6b8628f4a69f860b42035811,active_official_exact_listing_isin_name
TSE::5923,proposed,5923,TSE,Stock,JP3457200008,"TAKADAKIKO(Steel Construction)CO.,LTD.","TAKADA KIKO (STEEL CONSTRUCT.) CO., LTD.",jpx_tse_stock_detail,security_identifier_registry_subset,https://quote.jpx.co.jp/jpxhp/jcgi/wrap/qjsonp.aspx?F=ctl/stock_detail&qcode=5923,bcb3507edfcb8adadac90789,active_official_exact_listing_isin_name
TSE::6093,proposed,6093,TSE,Stock,JP3162660009,"Escrow Agent Japan,Inc.","MITRA GROUP, INC.",jpx_tse_stock_detail,security_identifier_registry_subset,https://quote.jpx.co.jp/jpxhp/jcgi/wrap/qjsonp.aspx?F=ctl/stock_detail&qcode=6093,f828b4fbb0e1b5f41fc043d4,active_official_exact_listing_isin_name
TSE::6333,proposed,6333,TSE,Stock,JP3541800003,"TEIKOKU ELECTRIC MFG. CO.,LTD.",TEIKOKU CORP.,jpx_tse_stock_detail,security_identifier_registry_subset,https://quote.jpx.co.jp/jpxhp/jcgi/wrap/qjsonp.aspx?F=ctl/stock_detail&qcode=6333,a7202420944f7be3264505a3,active_official_exact_listing_isin_name
TSE::6351,proposed,6351,TSE,Stock,JP3536200003,Tsurumi Manufacturing Co Ltd,"TSURUMI MFG. CO., LTD.",jpx_tse_stock_detail,security_identifier_registry_subset,https://quote.jpx.co.jp/jpxhp/jcgi/wrap/qjsonp.aspx?F=ctl/stock_detail&qcode=6351,917ec7c7d73ed20e41abb4d6,active_official_exact_listing_isin_name
TSE::6505,proposed,6505,TSE,Stock,JP3617000009,Toyo Denki Seizo -Toyo Elec,"TOYO ELECTRIC MFG. CO., LTD.",jpx_tse_stock_detail,security_identifier_registry_subset,https://quote.jpx.co.jp/jpxhp/jcgi/wrap/qjsonp.aspx?F=ctl/stock_detail&qcode=6505,3938379d793eb3866e419aaa,active_official_exact_listing_isin_name
TSE::6570,proposed,6570,TSE,Stock,JP3254830007,Kyowa Corp Kk/Nagano,KYOWA CORP.,jpx_tse_stock_detail,security_identifier_registry_subset,https://quote.jpx.co.jp/jpxhp/jcgi/wrap/qjsonp.aspx?F=ctl/stock_detail&qcode=6570,68b7032aecb7213b217af0c8,active_official_exact_listing_isin_name
TSE::7276,proposed,7276,TSE,Stock,JP3284600008,"KOITO MANUFACTURING CO.,LTD.","KOITO MFG. CO., LTD.",jpx_tse_stock_detail,security_identifier_registry_subset,https://quote.jpx.co.jp/jpxhp/jcgi/wrap/qjsonp.aspx?F=ctl/stock_detail&qcode=7276,acec24e3a1d50205e54098dd,active_official_exact_listing_isin_name
TSE::7508,proposed,7508,TSE,Stock,JP3172450003,G-7 HOLDINGS Inc.,G-7HOLDINGS INC.,jpx_tse_stock_detail,security_identifier_registry_subset,https://quote.jpx.co.jp/jpxhp/jcgi/wrap/qjsonp.aspx?F=ctl/stock_detail&qcode=7508,54b8753eb22f105455f5738e,active_official_exact_listing_isin_name
TSE::7614,proposed,7614,TSE,Stock,JP3177000001,"OM2Network Co.,Ltd.","OM2 NETWORK CO., LTD.",jpx_tse_stock_detail,security_identifier_registry_subset,https://quote.jpx.co.jp/jpxhp/jcgi/wrap/qjsonp.aspx?F=ctl/stock_detail&qcode=7614,5a64e5e39fc6b472be4623eb,active_official_exact_listing_isin_name
TSE::7942,proposed,7942,TSE,Stock,JP3386000008,JSP Corporation,J S P CORP.,jpx_tse_stock_detail,security_identifier_registry_subset,https://quote.jpx.co.jp/jpxhp/jcgi/wrap/qjsonp.aspx?F=ctl/stock_detail&qcode=7942,9885050e3c4899f88e471691,active_official_exact_listing_isin_name
TSE::8053,proposed,8053,TSE,Stock,JP3404600003,"SUMITOMO CORPORATION (SUMITOMO SHOJI KAISHA,LTD.)",SUMITOMO CORP.,jpx_tse_stock_detail,security_identifier_registry_subset,https://quote.jpx.co.jp/jpxhp/jcgi/wrap/qjsonp.aspx?F=ctl/stock_detail&qcode=8053,aa5b41ef8d177de282fc2338,active_official_exact_listing_isin_name
TSE::8132,proposed,8132,TSE,Stock,JP3354000006,"SINANEN HOLDINGS CO.,LTD.","SHINANEN HOLDINGS CO., LTD.",jpx_tse_stock_detail,security_identifier_registry_subset,https://quote.jpx.co.jp/jpxhp/jcgi/wrap/qjsonp.aspx?F=ctl/stock_detail&qcode=8132,2988507f8ff49522e5e11df2,active_official_exact_listing_isin_name
TSE::8138,proposed,8138,TSE,Stock,JP3327200006,SANKYO KASEI CORPORATION,SANKYOKASEI CORP.,jpx_tse_stock_detail,security_identifier_registry_subset,https://quote.jpx.co.jp/jpxhp/jcgi/wrap/qjsonp.aspx?F=ctl/stock_detail&qcode=8138,b48561862bf5f7f05afa9ea0,active_official_exact_listing_isin_name
TSE::8964,proposed,8964,TSE,Stock,JP3046200006,Frontier Real Estate Investment Corporation,MITSUI FUDOSAN RETAIL FUND INVESTMENT CORP.,jpx_tse_stock_detail,security_identifier_registry_subset,https://quote.jpx.co.jp/jpxhp/jcgi/wrap/qjsonp.aspx?F=ctl/stock_detail&qcode=8964,bd952ae9ac21d3508afff5bc,active_official_exact_listing_isin_name
TSE::9251,proposed,9251,TSE,Stock,JP3160630004,"AB&Company Co.,Ltd.","AB&COMPANY CO., LTD.",jpx_tse_stock_detail,security_identifier_registry_subset,https://quote.jpx.co.jp/jpxhp/jcgi/wrap/qjsonp.aspx?F=ctl/stock_detail&qcode=9251,1584195e89c34ae49d645ba4,active_official_exact_listing_isin_name
TSE::9369,proposed,9369,TSE,Stock,JP3244700005,Krs Corp,K.R.S. CORP.,jpx_tse_stock_detail,security_identifier_registry_subset,https://quote.jpx.co.jp/jpxhp/jcgi/wrap/qjsonp.aspx?F=ctl/stock_detail&qcode=9369,d2e61701eab9a9a7841742fa,active_official_exact_listing_isin_name
TSXV::NVRO,proposed,NVRO,TSXV,Stock,CA29408C1005,NVRO MetaNVRO,NVRO Metals Limited,tmx_listed_issuers,exchange_directory,https://app-money.tmx.com/graphql,ec1940d6147a75d6441d3206,active_official_exact_listing_isin_name
TWSE::006207,proposed,006207,TWSE,ETF,TW0000062074,Fuh Hwa CSI 300 A Shares,Fuh Hwa CSI300 A Shares ETF (FH CSI300),twse_etf_list,listed_companies_subset,https://www.twse.com.tw/rwd/en/ETF/list,203a085165e29987ec745c86,active_official_exact_listing_isin_name
TWSE::00669R,proposed,00669R,TWSE,ETF,TW00000669R7,Cathay DJIA Inv 1X ETF,Cathay DOW JONES INDUSTRIAL AVERAGE Daily Inversed ETF,twse_etf_list,listed_companies_subset,https://www.twse.com.tw/rwd/en/ETF/list,bdd3e0d34c3d1a0fac7c0b74,active_official_exact_listing_isin_name
TWSE::00678,proposed,00678,TWSE,ETF,TW0000067800,Capital Nasdaq Biotechnology Index Exchange Traded Fund,Capital NBI ETF,twse_etf_list,listed_companies_subset,https://www.twse.com.tw/rwd/en/ETF/list,b5c90098b4d5b48f74a17ff5,active_official_exact_listing_isin_name
TWSE::00876,proposed,00876,TWSE,ETF,TW0000087600,Yuanta Global NexGen Communication Innovative Technology ETF,YT Global 5G Telecommunication Components ETF(YT Global Communication Technology ETF),twse_etf_list,listed_companies_subset,https://www.twse.com.tw/rwd/en/ETF/list,8500cbf796697705aa9ca47b,active_official_exact_listing_isin_name
TWSE::00945B,proposed,00945B,TWSE,ETF,TW00000945B5,KGI SECURITIES INVT TST CO LTD,KGI US Premium Selection High Yield Bond ETF,twse_etf_list,listed_companies_subset,https://www.twse.com.tw/rwd/en/ETF/list,df088fb945fee72e17f08f1f,active_official_exact_listing_isin_name
TWSE::00985B,proposed,00985B,TWSE,ETF,TW00000985B1,CAPITAL INV TRUST CORP CAP 0 5,Capital 0-5 Year ESG Investment Grade Corporate Bond ETF,twse_etf_list,listed_companies_subset,https://www.twse.com.tw/rwd/en/ETF/list,3f80820dd65ff40f1265e3b0,active_official_exact_listing_isin_name
USE_UG::DFCU,proposed,DFCU,USE_UG,Stock,UG0000000147,DFCU GROUP,DEVELOPMENT FINANCE COMPANY OF UGANDA LTD,use_ug_listed_companies,listed_companies_subset,https://www.use.or.ug/market-statistics/market-snapshot,e5f9daf6d169c8c091d632e0,active_official_exact_listing_isin_name
WSE::ASM,proposed,ASM,WSE,Stock,PLASMGR00014,Asm Group Sa,ASM GROUP SPÓŁKA AKCYJNA,wse_listed_companies,listed_companies_subset,https://www.gpw.pl/spolka?isin=PLASMGR00014,7c89fc0b1f51f8359374b2a8,active_official_exact_listing_isin_name
WSE::CAV,proposed,CAV,WSE,Stock,PLCVTNH00040,Cavatina Holding Sa,CAVATINA HOLDING SPÓŁKA AKCYJNA,wse_listed_companies,listed_companies_subset,https://www.gpw.pl/spolka?isin=PLCVTNH00040,aa23e5db6ff5712ef34d1aad,active_official_exact_listing_isin_name
WSE::CFI,proposed,CFI,WSE,Stock,PLINTKS00013,Cfi Holding Sa,CFI HOLDING SPÓŁKA AKCYJNA,wse_listed_companies,listed_companies_subset,https://www.gpw.pl/spolka?isin=PLINTKS00013,e9aa9daf2cbee814edb67425,active_official_exact_listing_isin_name
WSE::COG,proposed,COG,WSE,Stock,PLCNTSL00014,Cognor Holding Sa,COGNOR HOLDING SPÓŁKA AKCYJNA,wse_listed_companies,listed_companies_subset,https://www.gpw.pl/spolka?isin=PLCNTSL00014,1782e83255b5f259520b11bc,active_official_exact_listing_isin_name
WSE::CPI,proposed,CPI,WSE,Stock,AT0000A21KS2,CPIEUROPE,CPI EUROPE AG,wse_listed_companies,listed_companies_subset,https://www.gpw.pl/spolka?isin=AT0000A21KS2,a15197015ce0849c1ae04e25,active_official_exact_listing_isin_name
WSE::DTR,proposed,DTR,WSE,Stock,PLSARE000013,Digitree Group S.A,DIGITREE GROUP SPÓŁKA AKCYJNA,wse_listed_companies,listed_companies_subset,https://www.gpw.pl/spolka?isin=PLSARE000013,a288f728de850d534355efdd,active_official_exact_listing_isin_name
WSE::EGH,proposed,EGH,WSE,Stock,PLEKPLG00019,Ekopol,EKOPOL GÓRNOŚLĄSKI HOLDING SPÓŁKA AKCYJNA,newconnect_listed_companies,listed_companies_subset,https://newconnect.pl/spolka?isin=PLEKPLG00019,5807a79310f77f5accc07777,active_official_exact_listing_isin_name
WSE::F51,proposed,F51,WSE,Stock,PLFRMGR00015,Farm51,THE FARM 51 GROUP SPÓŁKA AKCYJNA,newconnect_listed_companies,listed_companies_subset,https://newconnect.pl/spolka?isin=PLFRMGR00015,cf42f806ed07749672cca6fc,active_official_exact_listing_isin_name
WSE::GTN,proposed,GTN,WSE,Stock,PLGSPR000014,Getin Holding Sa,GETIN HOLDING SPÓŁKA AKCYJNA,wse_listed_companies,listed_companies_subset,https://www.gpw.pl/spolka?isin=PLGSPR000014,fe34848274a4f9cd3b38256f,active_official_exact_listing_isin_name
WSE::INC,proposed,INC,WSE,Stock,PLINCLT00015,INC S.A.,INC SPÓŁKA AKCYJNA,wse_listed_companies,listed_companies_subset,https://www.gpw.pl/spolka?isin=PLINCLT00015,69955206ea9ab621949cbf21,active_official_exact_listing_isin_name
WSE::MGT,proposed,MGT,WSE,Stock,PLZTKMA00017,Mangata Holding S.A.,MANGATA HOLDING SPÓŁKA AKCYJNA,wse_listed_companies,listed_companies_subset,https://www.gpw.pl/spolka?isin=PLZTKMA00017,fb5e399f4f391ba1d10eed8b,active_official_exact_listing_isin_name
WSE::MIG,proposed,MIG,WSE,Stock,PLRSYSA00014,Military Group Sa,MILITARY GROUP SPÓŁKA AKCYJNA,newconnect_listed_companies,listed_companies_subset,https://newconnect.pl/spolka?isin=PLRSYSA00014,09bda4fba407a6e8cd092f6c,active_official_exact_listing_isin_name
WSE::MLG,proposed,MLG,WSE,Stock,PLMLPGR00017,MLP Group S.A.,MLP GROUP SPÓŁKA AKCYJNA,wse_listed_companies,listed_companies_subset,https://www.gpw.pl/spolka?isin=PLMLPGR00017,696acda9318ef819bd33fe3e,active_official_exact_listing_isin_name
WSE::NVG,proposed,NVG,WSE,Stock,PLNFI0500012,Novavis Group Sa,NOVAVIS GROUP SPÓŁKA AKCYJNA,wse_listed_companies,listed_companies_subset,https://www.gpw.pl/spolka?isin=PLNFI0500012,c8daf4a39d074f39a25fb2e6,active_official_exact_listing_isin_name
WSE::PCF,proposed,PCF,WSE,Stock,PLPCFGR00010,PCF Group SA,PCF GROUP SPÓŁKA AKCYJNA,wse_listed_companies,listed_companies_subset,https://www.gpw.pl/spolka?isin=PLPCFGR00010,c508b8db63a348d2f56e6d90,active_official_exact_listing_isin_name
WSE::SKH,proposed,SKH,WSE,Stock,PLSKRBH00014,Skarbiec Holding S.A.,SKARBIEC HOLDING SPÓLKA AKCYJNA,wse_listed_companies,listed_companies_subset,https://www.gpw.pl/spolka?isin=PLSKRBH00014,1d7bbdb4f63e4dc6e01be8bf,active_official_exact_listing_isin_name
WSE::SNK,proposed,SNK,WSE,Stock,PLSTLSK00016,Stomil Sanok SA,SANOK RUBBER COMPANY SPÓŁKA AKCYJNA,wse_listed_companies,listed_companies_subset,https://www.gpw.pl/spolka?isin=PLSTLSK00016,e4c92e4055a8f0ee31f994aa,active_official_exact_listing_isin_name
WSE::SNW,proposed,SNW,WSE,Stock,PLSANWL00012,Sanwil Holding Sa,SANWIL HOLDING SPÓŁKA AKCYJNA,wse_listed_companies,listed_companies_subset,https://www.gpw.pl/spolka?isin=PLSANWL00012,a0132084cd66798e5eb48613,active_official_exact_listing_isin_name
WSE::STS,proposed,STS,WSE,Stock,PLADVPL00029,Satis Group Sa,SATIS GROUP SPÓŁKA AKCYJNA,wse_listed_companies,listed_companies_subset,https://www.gpw.pl/spolka?isin=PLADVPL00029,b357fc707a8c0df4e7f8d610,active_official_exact_listing_isin_name
WSE::WPR,proposed,WPR,WSE,Stock,PLWDPCK00017,Woodpecker.co. S.A.,WOODPECKER.CO SPÓŁKA AKCYJNA,wse_listed_companies,listed_companies_subset,https://www.gpw.pl/spolka?isin=PLWDPCK00017,b7d67ab019f28a87768b0e8d,active_official_exact_listing_isin_name
WSE::ZAB,proposed,ZAB,WSE,Stock,LU2910446546,Zabka Group S.A.,ZABKA GROUP (SOCIÉTÉ ANONYME),wse_listed_companies,listed_companies_subset,https://www.gpw.pl/spolka?isin=LU2910446546,3876f6a4164fdc266c35ecd9,active_official_exact_listing_isin_name
XETRA::21XP,proposed,21XP,XETRA,ETF,CH0454664043,Amun Ripple AXRP ETP,21SHARES XRP ETP OE,deutsche_boerse_xetra_all_tradable_equities,exchange_directory,https://www.cashmarket.deutsche-boerse.com/resource/blob/1528/b52ea43a2edac92e8283d40645d1c076/data/t7-xetr-allTradableInstruments.csv,58c3a691ffd726c161538c78,active_official_exact_listing_isin_name
XETRA::22UA,proposed,22UA,XETRA,Stock,US09075V1026,BioNTech SE,BIONTECH SE SPON. ADRS 1,deutsche_boerse_xetra_all_tradable_equities,exchange_directory,https://www.cashmarket.deutsche-boerse.com/resource/blob/1528/b52ea43a2edac92e8283d40645d1c076/data/t7-xetr-allTradableInstruments.csv,aa478f48d6f372e3d8f6c1dd,active_official_exact_listing_isin_name
XETRA::2M6,proposed,2M6,XETRA,Stock,IE00BTN1Y115,Medtronic PLC,"MEDTRONIC PLC    DL-,0001",deutsche_boerse_xetra_all_tradable_equities,exchange_directory,https://www.cashmarket.deutsche-boerse.com/resource/blob/1528/b52ea43a2edac92e8283d40645d1c076/data/t7-xetr-allTradableInstruments.csv,de608cf2ed4425b061d10c5e,active_official_exact_listing_isin_name
XETRA::2NN,proposed,2NN,XETRA,Stock,NL0010773842,NN Group N.V.,"NN GROUP NV EO -,12",deutsche_boerse_xetra_all_tradable_equities,exchange_directory,https://www.cashmarket.deutsche-boerse.com/resource/blob/1528/b52ea43a2edac92e8283d40645d1c076/data/t7-xetr-allTradableInstruments.csv,f5988fb2f74ecf7b90b11ed3,active_official_exact_listing_isin_name
XETRA::3V64,proposed,3V64,XETRA,Stock,US92826C8394,Visa Inc,"VISA INC. CL. A DL -,0001",deutsche_boerse_xetra_all_tradable_equities,exchange_directory,https://www.cashmarket.deutsche-boerse.com/resource/blob/1528/b52ea43a2edac92e8283d40645d1c076/data/t7-xetr-allTradableInstruments.csv,526ae05b055db4c1afeb38c5,active_official_exact_listing_isin_name
XETRA::4AB,proposed,4AB,XETRA,Stock,US00287Y1091,AbbVie Inc,"ABBVIE INC.        DL-,01",deutsche_boerse_xetra_all_tradable_equities,exchange_directory,https://www.cashmarket.deutsche-boerse.com/resource/blob/1528/b52ea43a2edac92e8283d40645d1c076/data/t7-xetr-allTradableInstruments.csv,8f695256dace98cd7483e997,active_official_exact_listing_isin_name
XETRA::5ESE,proposed,5ESE,XETRA,ETF,IE000QF66PE6,Invesco S&P 500 ESG UCITS ETF EUR Hdg Acc,Invesco S&P 500 Scored & Screened UCITS ETF - EUR Hedged,deutsche_boerse_etfs_etps,listed_companies_subset,https://www.cashmarket.deutsche-boerse.com/resource/blob/1553442/2936716b8f6c2d7a0bb85337485bdcdb/data/Master_DataSheet_Download.xls,2ea88ac57fcefbddcf4f1add,active_official_exact_listing_isin_name
XETRA::5UR,proposed,5UR,XETRA,Stock,US75513E1010,Raytheon Technologies Corp,"RTX CORP.            -,01",deutsche_boerse_xetra_all_tradable_equities,exchange_directory,https://www.cashmarket.deutsche-boerse.com/resource/blob/1528/b52ea43a2edac92e8283d40645d1c076/data/t7-xetr-allTradableInstruments.csv,eb1b4480c60ec195ad8292b0,active_official_exact_listing_isin_name
XETRA::7V0,proposed,7V0,XETRA,Stock,DE000A3C35W0,Darwin AG,NOVOGENIA AG INH O.N.,deutsche_boerse_xetra_all_tradable_equities,exchange_directory,https://www.cashmarket.deutsche-boerse.com/resource/blob/1528/b52ea43a2edac92e8283d40645d1c076/data/t7-xetr-allTradableInstruments.csv,ff6f94a5d126cf476ec91fe8,active_official_exact_listing_isin_name
XETRA::8OUU,proposed,8OUU,XETRA,ETF,LU2439734141,Amundi Index Solutions - Amundi Global AGG SRI UCITS ETF DR (C),Amundi Global Aggregate Bond ESG UCITS ETF DR (C),deutsche_boerse_etfs_etps,listed_companies_subset,https://www.cashmarket.deutsche-boerse.com/resource/blob/1553442/2936716b8f6c2d7a0bb85337485bdcdb/data/Master_DataSheet_Download.xls,f2f1b898b3847fff66cc6f6d,active_official_exact_listing_isin_name
XETRA::ABEA,proposed,ABEA,XETRA,Stock,US02079K3059,Alphabet Inc Class A,"ALPHABET INC.CL.A DL-,001",deutsche_boerse_xetra_all_tradable_equities,exchange_directory,https://www.cashmarket.deutsche-boerse.com/resource/blob/1528/b52ea43a2edac92e8283d40645d1c076/data/t7-xetr-allTradableInstruments.csv,3903ff4c47ba5eea8d3b5906,active_official_exact_listing_isin_name
XETRA::AHYF,proposed,AHYF,XETRA,ETF,LU2470620761,Amundi Index Solutions - Amundi Global AGG SRI 1-5Y UCITS ETF DR USD EUR,Amundi Global Agg SRI 1-5 UCITS ETF DR - USD (C),deutsche_boerse_etfs_etps,listed_companies_subset,https://www.cashmarket.deutsche-boerse.com/resource/blob/1553442/2936716b8f6c2d7a0bb85337485bdcdb/data/Master_DataSheet_Download.xls,8216b925634a786f89096e9e,active_official_exact_listing_isin_name
XETRA::AMEC,proposed,AMEC,XETRA,ETF,LU2037748345,Amundi Index Solutions - Amundi Smart City UCITS ETF-C EUR,Amundi MSCI Smart Cities UCITS ETF ACC,deutsche_boerse_etfs_etps,listed_companies_subset,https://www.cashmarket.deutsche-boerse.com/resource/blob/1553442/2936716b8f6c2d7a0bb85337485bdcdb/data/Master_DataSheet_Download.xls,b1f8c3d62a99caeea426fbd1,active_official_exact_listing_isin_name
XETRA::ASWA,proposed,ASWA,XETRA,ETF,IE0006WPPA00,European Green Deal UCITS ETF,Infrastructure Capital Nuclear Renaissance UCITS ETF - Accumulating,deutsche_boerse_etfs_etps,listed_companies_subset,https://www.cashmarket.deutsche-boerse.com/resource/blob/1553442/2936716b8f6c2d7a0bb85337485bdcdb/data/Master_DataSheet_Download.xls,bd97b57f3cce5773c265bbf3,active_official_exact_listing_isin_name
XETRA::AUM5,proposed,AUM5,XETRA,ETF,LU1681048804,Amundi Index Solutions - Amundi S&P 500 UCITS ETF C EUR,Amundi S&P 500 Swap UCITS ETF EUR Acc,deutsche_boerse_etfs_etps,listed_companies_subset,https://www.cashmarket.deutsche-boerse.com/resource/blob/1553442/2936716b8f6c2d7a0bb85337485bdcdb/data/Master_DataSheet_Download.xls,b6c1efa4ecd2f67569c125a8,active_official_exact_listing_isin_name
XETRA::BCO,proposed,BCO,XETRA,Stock,US0970231058,The Boeing Company,BOEING CO.           DL 5,deutsche_boerse_xetra_all_tradable_equities,exchange_directory,https://www.cashmarket.deutsche-boerse.com/resource/blob/1528/b52ea43a2edac92e8283d40645d1c076/data/t7-xetr-allTradableInstruments.csv,f064ea905a9d9db30bd94b0d,active_official_exact_listing_isin_name
XETRA::BCY,proposed,BCY,XETRA,Stock,GB0031348658,Barclays PLC,"BARCLAYS PLC      LS 0,25",deutsche_boerse_xetra_all_tradable_equities,exchange_directory,https://www.cashmarket.deutsche-boerse.com/resource/blob/1528/b52ea43a2edac92e8283d40645d1c076/data/t7-xetr-allTradableInstruments.csv,cbd73d71a99fda2d92376947,active_official_exact_listing_isin_name
XETRA::CD91,proposed,CD91,XETRA,ETF,LU2611731824,Amundi Index Solutions - Amundi NYSE Arca Gold BUGS UCITS ETF USD Distributing,Amundi Gold Miners UCITS ETF Dist,deutsche_boerse_etfs_etps,listed_companies_subset,https://www.cashmarket.deutsche-boerse.com/resource/blob/1553442/2936716b8f6c2d7a0bb85337485bdcdb/data/Master_DataSheet_Download.xls,2d669d02a305ac3a4ddbd1ec,active_official_exact_listing_isin_name
XETRA::CECV,proposed,CECV,XETRA,Stock,DE000A40ZVV0,CECONOMY V AG,CECONOMY AG ON Z.VERK.,deutsche_boerse_xetra_all_tradable_equities,exchange_directory,https://www.cashmarket.deutsche-boerse.com/resource/blob/1528/b52ea43a2edac92e8283d40645d1c076/data/t7-xetr-allTradableInstruments.csv,c34a789a30b2cfa7a6258fef,active_official_exact_listing_isin_name
XETRA::CGM,proposed,CGM,XETRA,Stock,FR0000125338,Capgemini SE,CAPGEMINI SE INH. EO 8,deutsche_boerse_xetra_all_tradable_equities,exchange_directory,https://www.cashmarket.deutsche-boerse.com/resource/blob/1528/b52ea43a2edac92e8283d40645d1c076/data/t7-xetr-allTradableInstruments.csv,b7ed387ad574583e145819bd,active_official_exact_listing_isin_name
XETRA::CHSF,proposed,CHSF,XETRA,ETF,LU0969639474,UBS (Lux) Fund Solutions - Bloomberg EUR Treasury 1-10 UCITS ETF - (EUR) A-acc,UBS Core BBG EUR Gov  1-10 UCITS ETF EUR acc,deutsche_boerse_etfs_etps,listed_companies_subset,https://www.cashmarket.deutsche-boerse.com/resource/blob/1553442/2936716b8f6c2d7a0bb85337485bdcdb/data/Master_DataSheet_Download.xls,a2120ea3ca23ff10b62e3d48,active_official_exact_listing_isin_name
XETRA::CPYG,proposed,CPYG,XETRA,ETF,GB00BNRRB013,CoinShares Physical Staked Matic EUR,CoinShares Polygon Staking ETP,deutsche_boerse_etfs_etps,listed_companies_subset,https://www.cashmarket.deutsche-boerse.com/resource/blob/1553442/2936716b8f6c2d7a0bb85337485bdcdb/data/Master_DataSheet_Download.xls,852229cfc0bf1ec24a2ae27a,active_official_exact_listing_isin_name
XETRA::D500,proposed,D500,XETRA,ETF,IE00BYML9W36,Invesco S&P 500 UCITS B Dis,Invesco S&P 500 UCITS ETF Dist,deutsche_boerse_etfs_etps,listed_companies_subset,https://www.cashmarket.deutsche-boerse.com/resource/blob/1553442/2936716b8f6c2d7a0bb85337485bdcdb/data/Master_DataSheet_Download.xls,ad97485f0140ca46a4a21681,active_official_exact_listing_isin_name
XETRA::DBX9,proposed,DBX9,XETRA,ETF,LU0292109856,Xtrackers - FTSE China 50 UCITS ETF,XTR.MSCI CHINA A U.ETF 1C,deutsche_boerse_xetra_all_tradable_equities,exchange_directory,https://www.cashmarket.deutsche-boerse.com/resource/blob/1528/b52ea43a2edac92e8283d40645d1c076/data/t7-xetr-allTradableInstruments.csv,d3a4bb5a921e9938e178de6b,active_official_exact_listing_isin_name
XETRA::DBXD,proposed,DBXD,XETRA,ETF,LU0274211480,Xtrackers - DAX UCITS ETF,Xtrackers DAX UCITS ETF 1C,deutsche_boerse_etfs_etps,listed_companies_subset,https://www.cashmarket.deutsche-boerse.com/resource/blob/1553442/2936716b8f6c2d7a0bb85337485bdcdb/data/Master_DataSheet_Download.xls,6b8a50fa93e174cd0183f1f1,active_official_exact_listing_isin_name
XETRA::DEF,proposed,DEF,XETRA,Stock,DE000A13SUL5,DEFAMA Deutsche Fachmarkt AG,DEFAMA AG,deutsche_boerse_xetra_all_tradable_equities,exchange_directory,https://www.cashmarket.deutsche-boerse.com/resource/blob/1528/b52ea43a2edac92e8283d40645d1c076/data/t7-xetr-allTradableInstruments.csv,c62066a2dedbc451afd3f6e7,active_official_exact_listing_isin_name
XETRA::DEGC,proposed,DEGC,XETRA,ETF,IE000EGGFVG6,Global Core Equity UCITS ETF USD Acc,Dimensional - Global Core Equity UCITS ETF,deutsche_boerse_etfs_etps,listed_companies_subset,https://www.cashmarket.deutsche-boerse.com/resource/blob/1553442/2936716b8f6c2d7a0bb85337485bdcdb/data/Master_DataSheet_Download.xls,4bdcdd264c559ddf29e7d7d9,active_official_exact_listing_isin_name
XETRA::DGR,proposed,DGR,XETRA,Stock,DE0005533400,Deutsche Grundstücksauktionen AG,DT.GRUNDST.AUKT.AG,deutsche_boerse_xetra_all_tradable_equities,exchange_directory,https://www.cashmarket.deutsche-boerse.com/resource/blob/1528/b52ea43a2edac92e8283d40645d1c076/data/t7-xetr-allTradableInstruments.csv,b87f522b67cbf920e4a38451,active_official_exact_listing_isin_name
XETRA::DRON,proposed,DRON,XETRA,ETF,IE0003XW12I8,Drone UCITS ETF,Defiance Drone UCITS ETF - Accumulating,deutsche_boerse_etfs_etps,listed_companies_subset,https://www.cashmarket.deutsche-boerse.com/resource/blob/1553442/2936716b8f6c2d7a0bb85337485bdcdb/data/Master_DataSheet_Download.xls,e31498e337499ecdac92af7f,active_official_exact_listing_isin_name
XETRA::DTE,proposed,DTE,XETRA,Stock,DE0005557508,Deutsche Telekom AG,DT.TELEKOM AG NA,deutsche_boerse_xetra_all_tradable_equities,exchange_directory,https://www.cashmarket.deutsche-boerse.com/resource/blob/1528/b52ea43a2edac92e8283d40645d1c076/data/t7-xetr-allTradableInstruments.csv,58153aa5f163c197301d6826,active_official_exact_listing_isin_name
XETRA::DX2G,proposed,DX2G,XETRA,ETF,LU0322250985,Xtrackers - CAC 40 UCITS ETF,Xtrackers CAC 40 UCITS ETF 1D,deutsche_boerse_etfs_etps,listed_companies_subset,https://www.cashmarket.deutsche-boerse.com/resource/blob/1553442/2936716b8f6c2d7a0bb85337485bdcdb/data/Master_DataSheet_Download.xls,92bacaa6ea81d565a3d1d3e1,active_official_exact_listing_isin_name
XETRA::DX2S,proposed,DX2S,XETRA,ETF,LU0328474803,Xtrackers - S&P ASX 200 UCITS ETF,Xtrackers S&P ASX 200 UCITS ETF 1D,deutsche_boerse_etfs_etps,listed_companies_subset,https://www.cashmarket.deutsche-boerse.com/resource/blob/1553442/2936716b8f6c2d7a0bb85337485bdcdb/data/Master_DataSheet_Download.xls,693d1345490df8eaa681ef26,active_official_exact_listing_isin_name
XETRA::DXSC,proposed,DXSC,XETRA,ETF,LU0292100806,Xtrackers - Stoxx Europe 600 Basic Resources Swap UCITS ETF,Xtrackers MSCI Europe Materials UCITS ETF 1C,deutsche_boerse_etfs_etps,listed_companies_subset,https://www.cashmarket.deutsche-boerse.com/resource/blob/1553442/2936716b8f6c2d7a0bb85337485bdcdb/data/Master_DataSheet_Download.xls,e98c57da660d29dbebccb579,active_official_exact_listing_isin_name
XETRA::DXSG,proposed,DXSG,XETRA,ETF,LU0292104030,Xtrackers - Stoxx Europe 600 Telecommunications Swap UCITS ETF,Xtrackers MSCI Europe Communication Services UCITS ETF 1C,deutsche_boerse_etfs_etps,listed_companies_subset,https://www.cashmarket.deutsche-boerse.com/resource/blob/1553442/2936716b8f6c2d7a0bb85337485bdcdb/data/Master_DataSheet_Download.xls,387d673e9ccd586618ca6129,active_official_exact_listing_isin_name
XETRA::DXSK,proposed,DXSK,XETRA,ETF,LU0292105359,Xtrackers - Stoxx Europe 600 Food & Beverage Swap UCITS ETF,Xtrackers MSCI Europe Consumer Staples UCITS ETF 1C,deutsche_boerse_etfs_etps,listed_companies_subset,https://www.cashmarket.deutsche-boerse.com/resource/blob/1553442/2936716b8f6c2d7a0bb85337485bdcdb/data/Master_DataSheet_Download.xls,98a666d777bf2168dff81b82,active_official_exact_listing_isin_name
XETRA::DXSL,proposed,DXSL,XETRA,ETF,LU0292106084,Xtrackers - Stoxx Europe 600 Industrial Goods Swap UCITS ETF,Xtrackers MSCI Europe Industrials UCITS ETF 1C,deutsche_boerse_etfs_etps,listed_companies_subset,https://www.cashmarket.deutsche-boerse.com/resource/blob/1553442/2936716b8f6c2d7a0bb85337485bdcdb/data/Master_DataSheet_Download.xls,003f4bb0957430e3a7958f89,active_official_exact_listing_isin_name
XETRA::E903,proposed,E903,XETRA,ETF,DE000ETF9033,Lyxor 1 DivDAX (DR) UCITS ETF I,Amundi DivDax II UCITS ETF Dist,deutsche_boerse_etfs_etps,listed_companies_subset,https://www.cashmarket.deutsche-boerse.com/resource/blob/1553442/2936716b8f6c2d7a0bb85337485bdcdb/data/Master_DataSheet_Download.xls,3136a2fb7a42b67e4f915503,active_official_exact_listing_isin_name
XETRA::E908,proposed,E908,XETRA,ETF,DE000ETF9082,Lyxor 1 TecDAX (DR) UCITS ETF I,Amundi TecDAX UCITS ETF Dist,deutsche_boerse_etfs_etps,listed_companies_subset,https://www.cashmarket.deutsche-boerse.com/resource/blob/1553442/2936716b8f6c2d7a0bb85337485bdcdb/data/Master_DataSheet_Download.xls,7dd6d014ac4a4d6c3dca0a50,active_official_exact_listing_isin_name
XETRA::E909,proposed,E909,XETRA,ETF,DE000ETF9090,Lyxor 1 DAX 50 ESG (DR) UCITS ETF I,Amundi DAX 50 ESG II UCITS ETF Dist,deutsche_boerse_etfs_etps,listed_companies_subset,https://www.cashmarket.deutsche-boerse.com/resource/blob/1553442/2936716b8f6c2d7a0bb85337485bdcdb/data/Master_DataSheet_Download.xls,ae35317d1444f3dc70d9b6d6,active_official_exact_listing_isin_name
XETRA::EBO,proposed,EBO,XETRA,Stock,AT0000652011,Erste Group Bank AG,ERSTE GROUP BNK INH. O.N.,deutsche_boerse_xetra_all_tradable_equities,exchange_directory,https://www.cashmarket.deutsche-boerse.com/resource/blob/1528/b52ea43a2edac92e8283d40645d1c076/data/t7-xetr-allTradableInstruments.csv,b775d408e172ba07718d02aa,active_official_exact_listing_isin_name
XETRA::ECLM,proposed,ECLM,XETRA,ETF,IE00BNC1F287,iClima Global Decarbonisation Enablers UCITS ETF Acc,Guinness Sustainable Energy UCITS ETF - Accumulating,deutsche_boerse_etfs_etps,listed_companies_subset,https://www.cashmarket.deutsche-boerse.com/resource/blob/1553442/2936716b8f6c2d7a0bb85337485bdcdb/data/Master_DataSheet_Download.xls,61f936a4aa78fb0a2ae8980f,active_official_exact_listing_isin_name
XETRA::ECMD,proposed,ECMD,XETRA,ETF,IE000MUAJIF4,Invesco EUR Corp Bd ESG Sh Dur MFctr UCITS ETF Acc,Invesco EUR Corporate Bond ESG Short Duration Multi-Factor UCITS ETF Dist,deutsche_boerse_etfs_etps,listed_companies_subset,https://www.cashmarket.deutsche-boerse.com/resource/blob/1553442/2936716b8f6c2d7a0bb85337485bdcdb/data/Master_DataSheet_Download.xls,face6dd061d885bae2b52662,active_official_exact_listing_isin_name
XETRA::ECR1,proposed,ECR1,XETRA,ETF,LU2300294316,Amundi Index Solutions Amundi Euro Corp 0-1Y ESG UCITS ETF DR (C),Amundi EUR Corporate Bond 0-1Y ESG ETF DR (C),deutsche_boerse_etfs_etps,listed_companies_subset,https://www.cashmarket.deutsche-boerse.com/resource/blob/1553442/2936716b8f6c2d7a0bb85337485bdcdb/data/Master_DataSheet_Download.xls,17187cfc84a9adbd2ca8f1b3,active_official_exact_listing_isin_name
XETRA::ET0Y,proposed,ET0Y,XETRA,ETF,GB00BLBDZW12,Global X Ethereum ETP EUR,Global X Ether ETN,deutsche_boerse_etfs_etps,listed_companies_subset,https://www.cashmarket.deutsche-boerse.com/resource/blob/1553442/2936716b8f6c2d7a0bb85337485bdcdb/data/Master_DataSheet_Download.xls,7e1be8fb169a767670b34bed,active_official_exact_listing_isin_name
XETRA::EUN3,proposed,EUN3,XETRA,ETF,IE00B3F81K65,iShares Global Government Bond UCITS,iShares Global Govt Bond UCITS ETF USD (Dist),deutsche_boerse_etfs_etps,listed_companies_subset,https://www.cashmarket.deutsche-boerse.com/resource/blob/1553442/2936716b8f6c2d7a0bb85337485bdcdb/data/Master_DataSheet_Download.xls,cedf2abfff1de548fbec7e09,active_official_exact_listing_isin_name
XETRA::F500,proposed,F500,XETRA,ETF,IE000KXCEXR3,Amundi S&P 500 ESG UCITS ETF Acc EUR EUR,Amundi S&P 500 Screened UCITS ETF - Acc,deutsche_boerse_etfs_etps,listed_companies_subset,https://www.cashmarket.deutsche-boerse.com/resource/blob/1553442/2936716b8f6c2d7a0bb85337485bdcdb/data/Master_DataSheet_Download.xls,67f358b741ab00f508aaf04d,active_official_exact_listing_isin_name
XETRA::FLRA,proposed,FLRA,XETRA,ETF,IE000IM4K4K2,Franklin Metaverse UCITS ETF USD Acc EUR,"Franklin AI, Metaverse and Blockchain UCITS ETF",deutsche_boerse_etfs_etps,listed_companies_subset,https://www.cashmarket.deutsche-boerse.com/resource/blob/1553442/2936716b8f6c2d7a0bb85337485bdcdb/data/Master_DataSheet_Download.xls,3548dede96a8d962d89574c0,active_official_exact_listing_isin_name
XETRA::GS71,proposed,GS71,XETRA,Stock,GB00BN7SWP63,GSK plc,"GSK PLC  LS-,3125",deutsche_boerse_xetra_all_tradable_equities,exchange_directory,https://www.cashmarket.deutsche-boerse.com/resource/blob/1528/b52ea43a2edac92e8283d40645d1c076/data/t7-xetr-allTradableInstruments.csv,5f0b69074e4a76860085c35b,active_official_exact_listing_isin_name
XETRA::GTY,proposed,GTY,XETRA,Stock,DE000A0JJTG7,Gateway Real Estate AG,GATEWAY R.EST.AG O.N.,deutsche_boerse_xetra_all_tradable_equities,exchange_directory,https://www.cashmarket.deutsche-boerse.com/resource/blob/1528/b52ea43a2edac92e8283d40645d1c076/data/t7-xetr-allTradableInstruments.csv,a96e12104a5d8667cce4c0f0,active_official_exact_listing_isin_name
XETRA::IPOK,proposed,IPOK,XETRA,Stock,DE000A254294,HEIDELBERGER BETEILIGUNGSHOLDING  O.N.,SQD.AI STRATEGIES AG O.N.,deutsche_boerse_xetra_all_tradable_equities,exchange_directory,https://www.cashmarket.deutsche-boerse.com/resource/blob/1528/b52ea43a2edac92e8283d40645d1c076/data/t7-xetr-allTradableInstruments.csv,13df4b424c1d73a77c553a58,active_official_exact_listing_isin_name
XETRA::IQQH,proposed,IQQH,XETRA,ETF,IE00B1XNHC34,iShares Global Clean Energy UCITS,iShares Global Clean Energy Transition UCITS ETF USD (Dist),deutsche_boerse_etfs_etps,listed_companies_subset,https://www.cashmarket.deutsche-boerse.com/resource/blob/1553442/2936716b8f6c2d7a0bb85337485bdcdb/data/Master_DataSheet_Download.xls,11caaa2f6b8e7ce12d0abc04,active_official_exact_listing_isin_name
XETRA::IQQQ,proposed,IQQQ,XETRA,ETF,IE00B1TXK627,iShares Global Water UCITS,iShares Global Water UCITS ETF USD (Dist),deutsche_boerse_etfs_etps,listed_companies_subset,https://www.cashmarket.deutsche-boerse.com/resource/blob/1553442/2936716b8f6c2d7a0bb85337485bdcdb/data/Master_DataSheet_Download.xls,a53785902d01b7cc15f466e3,active_official_exact_listing_isin_name
XETRA::IUS2,proposed,IUS2,XETRA,ETF,IE00BD3V0B10,iShares S&P U.S. Banks UCITS ETF,iShares S&P U.S. Banks UCITS ETF USD (Acc),deutsche_boerse_etfs_etps,listed_companies_subset,https://www.cashmarket.deutsche-boerse.com/resource/blob/1553442/2936716b8f6c2d7a0bb85337485bdcdb/data/Master_DataSheet_Download.xls,82b1a247a141a06054cf92e8,active_official_exact_listing_isin_name
XETRA::IUS3,proposed,IUS3,XETRA,ETF,IE00B2QWCY14,iShares S&P Small Cap 600 UCITS,iShares S&P SmallCap 600 UCITS ETF USD (Dist),deutsche_boerse_etfs_etps,listed_companies_subset,https://www.cashmarket.deutsche-boerse.com/resource/blob/1553442/2936716b8f6c2d7a0bb85337485bdcdb/data/Master_DataSheet_Download.xls,5dd47e53f5587ccc9b839df7,active_official_exact_listing_isin_name
XETRA::L8I3,proposed,L8I3,XETRA,ETF,FR0010510800,Lyxor Euro Cash UCITS ETF,Amundi EUR Overnight Return UCITS ETF Acc,deutsche_boerse_etfs_etps,listed_companies_subset,https://www.cashmarket.deutsche-boerse.com/resource/blob/1553442/2936716b8f6c2d7a0bb85337485bdcdb/data/Master_DataSheet_Download.xls,3d3d88c15b185a6d5f2ab586,active_official_exact_listing_isin_name
XETRA::LCVB,proposed,LCVB,XETRA,ETF,LU1686830065,Lyxor Index Fund - Lyxor EuroMTS Covered Bond Aggregate UCITS ETF Acc,Amundi EUR Corporate Bond 0-1Y ESG UCITS ETF DR (D),deutsche_boerse_etfs_etps,listed_companies_subset,https://www.cashmarket.deutsche-boerse.com/resource/blob/1553442/2936716b8f6c2d7a0bb85337485bdcdb/data/Master_DataSheet_Download.xls,20e86d67e85e136524bf4514,active_official_exact_listing_isin_name
XETRA::LDAX,proposed,LDAX,XETRA,ETF,LU2090062436,MULTI-UNITS LUXEMBOURG - Lyxor DAX (DR) UCITS ETF - Dis EUR,MUL AMUN DAX III ETF DIST,deutsche_boerse_xetra_all_tradable_equities,exchange_directory,https://www.cashmarket.deutsche-boerse.com/resource/blob/1528/b52ea43a2edac92e8283d40645d1c076/data/t7-xetr-allTradableInstruments.csv,3e3376e49c5d9c91de94c893,active_official_exact_listing_isin_name
XETRA::LVDX,proposed,LVDX,XETRA,ETF,LU2090062600,MULTI-UNITS LUXEMBOURG - Lyxor Daily LevDAX UCITS ETF - Dis,MUL AMUN LEVDAX ETF DIST,deutsche_boerse_xetra_all_tradable_equities,exchange_directory,https://www.cashmarket.deutsche-boerse.com/resource/blob/1528/b52ea43a2edac92e8283d40645d1c076/data/t7-xetr-allTradableInstruments.csv,8385f1038e7b06becdf499a9,active_official_exact_listing_isin_name
XETRA::LVLC,proposed,LVLC,XETRA,ETF,IE000N42HDP2,Invesco Quantitative Strats Glbl Eq Lw Vol Lw Crbn UCITS ETF Acc EUR,Invesco Global Active Defensive ESG Equity UCITS ETF Acc,deutsche_boerse_etfs_etps,listed_companies_subset,https://www.cashmarket.deutsche-boerse.com/resource/blob/1553442/2936716b8f6c2d7a0bb85337485bdcdb/data/Master_DataSheet_Download.xls,3052594e1ff395551350b548,active_official_exact_listing_isin_name
XETRA::LVLE,proposed,LVLE,XETRA,ETF,IE000XIBT2R7,Invesco Quantitative Strats Glbl Eq Lw Vol Lw Crbn UCITS ETF EUR PfHdg Acc,Invesco Global Active Defensive ESG Equity UCITS ETF EUR GBP Hdg Acc,deutsche_boerse_etfs_etps,listed_companies_subset,https://www.cashmarket.deutsche-boerse.com/resource/blob/1553442/2936716b8f6c2d7a0bb85337485bdcdb/data/Master_DataSheet_Download.xls,9db968d72e1a6ae48a4c5a13,active_official_exact_listing_isin_name
XETRA::LYPS,proposed,LYPS,XETRA,ETF,LU0496786574,Multi Units Luxembourg - Lyxor S&P 500 UCITS ETF,Amundi Core S&P 500 Swap UCITS ETF EUR Dist,deutsche_boerse_etfs_etps,listed_companies_subset,https://www.cashmarket.deutsche-boerse.com/resource/blob/1553442/2936716b8f6c2d7a0bb85337485bdcdb/data/Master_DataSheet_Download.xls,95ad29e3a5193ed3c41de965,active_official_exact_listing_isin_name
XETRA::LYQS,proposed,LYQS,XETRA,ETF,LU1686830909,Amundi IS Global EmBdMrkt IBOXX D EUR,Amundi USD Emerging Markets Government Bond UCITS ETF Dist,deutsche_boerse_etfs_etps,listed_companies_subset,https://www.cashmarket.deutsche-boerse.com/resource/blob/1553442/2936716b8f6c2d7a0bb85337485bdcdb/data/Master_DataSheet_Download.xls,79ae1076d7b6668a5f65adbb,active_official_exact_listing_isin_name
XETRA::LYY8,proposed,LYY8,XETRA,ETF,LU0252634307,Multi Units Luxembourg - Lyxor Daily LevDAX UCITS ETF,MUL AMUN LEVDAX ETF ACC,deutsche_boerse_xetra_all_tradable_equities,exchange_directory,https://www.cashmarket.deutsche-boerse.com/resource/blob/1528/b52ea43a2edac92e8283d40645d1c076/data/t7-xetr-allTradableInstruments.csv,b82a39beb773324bc2a2bb7d,active_official_exact_listing_isin_name
XETRA::M4I,proposed,M4I,XETRA,Stock,US57636Q1040,Mastercard Inc,"MASTERCARD INC.A DL-,0001",deutsche_boerse_xetra_all_tradable_equities,exchange_directory,https://www.cashmarket.deutsche-boerse.com/resource/blob/1528/b52ea43a2edac92e8283d40645d1c076/data/t7-xetr-allTradableInstruments.csv,951425bb24f267e1bdeb7c59,active_official_exact_listing_isin_name
XETRA::MD4X,proposed,MD4X,XETRA,ETF,FR0011857234,Lyxor German Mid-Cap MDAX UCITS D-EUR,Amundi MDAX UCITS ETF Dist,deutsche_boerse_etfs_etps,listed_companies_subset,https://www.cashmarket.deutsche-boerse.com/resource/blob/1553442/2936716b8f6c2d7a0bb85337485bdcdb/data/Master_DataSheet_Download.xls,b27b7c381d729d50c998e4c1,active_official_exact_listing_isin_name
XETRA::MLP,proposed,MLP,XETRA,Stock,DE0006569908,MLP SE,MLP SE  INH. O.N.,deutsche_boerse_xetra_all_tradable_equities,exchange_directory,https://www.cashmarket.deutsche-boerse.com/resource/blob/1528/b52ea43a2edac92e8283d40645d1c076/data/t7-xetr-allTradableInstruments.csv,a608acfe388d9178defb7c21,active_official_exact_listing_isin_name
XETRA::MTE,proposed,MTE,XETRA,Stock,US5951121038,Micron Technology Inc,"MICRON TECHN. INC. DL-,10",deutsche_boerse_xetra_all_tradable_equities,exchange_directory,https://www.cashmarket.deutsche-boerse.com/resource/blob/1528/b52ea43a2edac92e8283d40645d1c076/data/t7-xetr-allTradableInstruments.csv,e8897065953a8c0aace45d09,active_official_exact_listing_isin_name
XETRA::MUT,proposed,MUT,XETRA,Stock,DE0006614001,Mineralbrunnen Überkingen-Teinach GmbH & Co. KGaA,MINERALBR.UEBERKINGEN AG,deutsche_boerse_listed_companies,listed_companies_subset,https://www.cashmarket.deutsche-boerse.com/resource/blob/67858/dd766fc6588100c79294324175f95501/data/Listed-companies.xlsx,e5dd524c759c04bd27158c37,active_official_exact_listing_isin_name
XETRA::O3P,proposed,O3P,XETRA,Stock,AT0000APOST4,Österreichische Post AG,OESTERREICH. POST AG,deutsche_boerse_xetra_all_tradable_equities,exchange_directory,https://www.cashmarket.deutsche-boerse.com/resource/blob/1528/b52ea43a2edac92e8283d40645d1c076/data/t7-xetr-allTradableInstruments.csv,32d32efcd28521eaf657eb9c,active_official_exact_listing_isin_name
XETRA::OMV,proposed,OMV,XETRA,Stock,AT0000743059,OMV Aktiengesellschaft,OMV AG,deutsche_boerse_xetra_all_tradable_equities,exchange_directory,https://www.cashmarket.deutsche-boerse.com/resource/blob/1528/b52ea43a2edac92e8283d40645d1c076/data/t7-xetr-allTradableInstruments.csv,ccf467cbe1ffb47175539190,active_official_exact_listing_isin_name
XETRA::ORC,proposed,ORC,XETRA,Stock,US68389X1054,Oracle Corporation,"ORACLE CORP.       DL-,01",deutsche_boerse_xetra_all_tradable_equities,exchange_directory,https://www.cashmarket.deutsche-boerse.com/resource/blob/1528/b52ea43a2edac92e8283d40645d1c076/data/t7-xetr-allTradableInstruments.csv,f74c57258b525fe559d8c557,active_official_exact_listing_isin_name
XETRA::P500,proposed,P500,XETRA,ETF,IE00B3YCGJ38,Invesco S&P 500 UCITS ETF,Invesco S&P 500 UCITS ETF Acc,deutsche_boerse_etfs_etps,listed_companies_subset,https://www.cashmarket.deutsche-boerse.com/resource/blob/1553442/2936716b8f6c2d7a0bb85337485bdcdb/data/Master_DataSheet_Download.xls,c3d1f190617ee328f16b158d,active_official_exact_listing_isin_name
XETRA::P7V,proposed,P7V,XETRA,Stock,NL0010391108,Photon Energy N.V.,"PHOTON ENERGY NV   EO-,01",deutsche_boerse_xetra_all_tradable_equities,exchange_directory,https://www.cashmarket.deutsche-boerse.com/resource/blob/1528/b52ea43a2edac92e8283d40645d1c076/data/t7-xetr-allTradableInstruments.csv,85c605fec60a4b489c1ffcf5,active_official_exact_listing_isin_name
XETRA::PDA0,proposed,PDA0,XETRA,Stock,DE000A4096T1,PRO DV AG,PRO DV AG INH O.N.,deutsche_boerse_xetra_all_tradable_equities,exchange_directory,https://www.cashmarket.deutsche-boerse.com/resource/blob/1528/b52ea43a2edac92e8283d40645d1c076/data/t7-xetr-allTradableInstruments.csv,425cea030ff264b7b39ab198,active_official_exact_listing_isin_name
XETRA::PR10,proposed,PR10,XETRA,ETF,LU2182388236,Amundi Index Solutions - Amundi Index Euro AGG SRI,Amundi Euro Aggregate Bond ESG UCITS ETF DR (C),deutsche_boerse_etfs_etps,listed_companies_subset,https://www.cashmarket.deutsche-boerse.com/resource/blob/1553442/2936716b8f6c2d7a0bb85337485bdcdb/data/Master_DataSheet_Download.xls,2fe6eb3d94494f8cafe8f691,active_official_exact_listing_isin_name
XETRA::PRAG,proposed,PRAG,XETRA,ETF,LU2089238971,Amundi Index Solutions - Amundi Prime Global Govies UCITS ETF DR (C),Amundi Prime Global Government Bond UCITS ETF Acc,deutsche_boerse_etfs_etps,listed_companies_subset,https://www.cashmarket.deutsche-boerse.com/resource/blob/1553442/2936716b8f6c2d7a0bb85337485bdcdb/data/Master_DataSheet_Download.xls,3db0c442c86a755e28b1eb78,active_official_exact_listing_isin_name
XETRA::QVMP,proposed,QVMP,XETRA,ETF,IE00BDZCKK11,Invesco S&P 500 QVM UCITS ETF,Invesco S&P 500 QVM UCITS ETF Dist,deutsche_boerse_etfs_etps,listed_companies_subset,https://www.cashmarket.deutsche-boerse.com/resource/blob/1553442/2936716b8f6c2d7a0bb85337485bdcdb/data/Master_DataSheet_Download.xls,f7660327127863f309b67a51,active_official_exact_listing_isin_name
XETRA::RY4C,proposed,RY4C,XETRA,Stock,IE00BYTBXV33,Ryanair Holdings plc,"RYANAIR HLDGS PLC EO-,006",deutsche_boerse_xetra_all_tradable_equities,exchange_directory,https://www.cashmarket.deutsche-boerse.com/resource/blob/1528/b52ea43a2edac92e8283d40645d1c076/data/t7-xetr-allTradableInstruments.csv,ff66f7eb5e7a8a6582d8cff0,active_official_exact_listing_isin_name
XETRA::SIKA,proposed,SIKA,XETRA,Stock,CH0418792922,Sika AG,"SIKA AG  NAM.     SF 0,01",deutsche_boerse_xetra_all_tradable_equities,exchange_directory,https://www.cashmarket.deutsche-boerse.com/resource/blob/1528/b52ea43a2edac92e8283d40645d1c076/data/t7-xetr-allTradableInstruments.csv,8a09362ec84b7948483abd17,active_official_exact_listing_isin_name
XETRA::SLL,proposed,SLL,XETRA,Stock,AT0000946652,Schoeller-Bleckmann Oilfield Equipment Aktiengesellschaft,SBO AG,deutsche_boerse_xetra_all_tradable_equities,exchange_directory,https://www.cashmarket.deutsche-boerse.com/resource/blob/1528/b52ea43a2edac92e8283d40645d1c076/data/t7-xetr-allTradableInstruments.csv,733291ad73b321e2509dc9da,active_official_exact_listing_isin_name
XETRA::SMLK,proposed,SMLK,XETRA,ETF,IE00BH3YZ803,Invesco S&P SmallCap 600 UCITS ETF,Invesco S&P Small Cap 600 UCITS ETF Acc,deutsche_boerse_etfs_etps,listed_companies_subset,https://www.cashmarket.deutsche-boerse.com/resource/blob/1553442/2936716b8f6c2d7a0bb85337485bdcdb/data/Master_DataSheet_Download.xls,8ba926c354bba415a5e5cf23,active_official_exact_listing_isin_name
XETRA::SPPE,proposed,SPPE,XETRA,ETF,IE00BYYW2V44,SPDR S&P 500 UCITS ETF EUR Acc H,State Street 	SPDR S&P 500 EUR Hdg UCITS ETF (Acc),deutsche_boerse_etfs_etps,listed_companies_subset,https://www.cashmarket.deutsche-boerse.com/resource/blob/1553442/2936716b8f6c2d7a0bb85337485bdcdb/data/Master_DataSheet_Download.xls,1550e0e17f75f8c3fb4ff803,active_official_exact_listing_isin_name
XETRA::SPSA,proposed,SPSA,XETRA,ETF,IE000DD75KQ5,SPDR® MSCI ACWI IMI UCITS ETF USD UnHDis,State Street SPDR MSCI All Country World Investable Market UCITS ETF (Dist),deutsche_boerse_etfs_etps,listed_companies_subset,https://www.cashmarket.deutsche-boerse.com/resource/blob/1553442/2936716b8f6c2d7a0bb85337485bdcdb/data/Master_DataSheet_Download.xls,f72997abc9a810bf9f470503,active_official_exact_listing_isin_name
XETRA::SPY4,proposed,SPY4,XETRA,ETF,IE00B4YBJ215,SSgA SPDR S&P 400 US Mid Cap,State Street SPDR S&P 400 US Mid Cap UCITS ETF (Acc),deutsche_boerse_etfs_etps,listed_companies_subset,https://www.cashmarket.deutsche-boerse.com/resource/blob/1553442/2936716b8f6c2d7a0bb85337485bdcdb/data/Master_DataSheet_Download.xls,f79c903ed1587a85025a146e,active_official_exact_listing_isin_name
XETRA::SYBY,proposed,SYBY,XETRA,ETF,IE00BZ0G8977,SPDR Barclays U.S. TIPS UCITS,State Street SPDR Bloomberg U.S. TIPS UCITS ETF (Dist),deutsche_boerse_etfs_etps,listed_companies_subset,https://www.cashmarket.deutsche-boerse.com/resource/blob/1553442/2936716b8f6c2d7a0bb85337485bdcdb/data/Master_DataSheet_Download.xls,d475d814b2d92ef20105fc6b,active_official_exact_listing_isin_name
XETRA::TCC4,proposed,TCC4,XETRA,ETF,LU1681039647,Amundi Index Solutions - Amundi EURO Corporates UCITS ETF DR EUR C,Amundi EUR Corporate Bond ESG UCITS ETF 2 DR - EUR (C),deutsche_boerse_etfs_etps,listed_companies_subset,https://www.cashmarket.deutsche-boerse.com/resource/blob/1553442/2936716b8f6c2d7a0bb85337485bdcdb/data/Master_DataSheet_Download.xls,ebd38fb0e7944a44d2975942,active_official_exact_listing_isin_name
XETRA::TGT,proposed,TGT,XETRA,Stock,DE0005118806,11880 Solutions AG,11 88 0 SOLUTIONS AG,deutsche_boerse_xetra_all_tradable_equities,exchange_directory,https://www.cashmarket.deutsche-boerse.com/resource/blob/1528/b52ea43a2edac92e8283d40645d1c076/data/t7-xetr-allTradableInstruments.csv,9b8323818d20afff046b65c4,active_official_exact_listing_isin_name
XETRA::TRVC,proposed,TRVC,XETRA,Stock,US1729674242,Citigroup Inc,"CITIGROUP INC. DL -,01",deutsche_boerse_xetra_all_tradable_equities,exchange_directory,https://www.cashmarket.deutsche-boerse.com/resource/blob/1528/b52ea43a2edac92e8283d40645d1c076/data/t7-xetr-allTradableInstruments.csv,6202b43f326d635cddcfa2b6,active_official_exact_listing_isin_name
XETRA::UEF4,proposed,UEF4,XETRA,ETF,LU0969639128,UBS(Lux)Fund Solutions – Bloomberg EUR Treasury 1-10 UCITS ETF(EUR)A-dis,UBS Core BBG EUR Gov 1-10 UCITS ETF EUR dis,deutsche_boerse_etfs_etps,listed_companies_subset,https://www.cashmarket.deutsche-boerse.com/resource/blob/1553442/2936716b8f6c2d7a0bb85337485bdcdb/data/Master_DataSheet_Download.xls,0592f49d0cbf92d34156d79b,active_official_exact_listing_isin_name
XETRA::W311,proposed,W311,XETRA,ETF,IE00BJQTJ848,HAN-GINS Indxx Healthcare Megatrend Equal Weight UCITS ETF - Accumulating,Harbor Health Care UCITS ETF - Accumulating,deutsche_boerse_etfs_etps,listed_companies_subset,https://www.cashmarket.deutsche-boerse.com/resource/blob/1553442/2936716b8f6c2d7a0bb85337485bdcdb/data/Master_DataSheet_Download.xls,e370acc24d0399e2fcd9e750,active_official_exact_listing_isin_name
XETRA::WELQ,proposed,WELQ,XETRA,ETF,IE00052T92P8,Amundi S&P Global Utilities ESG UCITS ETF DR EUR Inc,Amundi S&P World Utilities Screened UCITS ETF Dist,deutsche_boerse_etfs_etps,listed_companies_subset,https://www.cashmarket.deutsche-boerse.com/resource/blob/1553442/2936716b8f6c2d7a0bb85337485bdcdb/data/Master_DataSheet_Download.xls,58516aa21ee2efffc929cfdd,active_official_exact_listing_isin_name
XETRA::WELT,proposed,WELT,XETRA,ETF,IE00026BEVM6,Amundi S&P Global Industrials ESG UCITS ETF DR EUR Inc,Amundi S&P World Industrials Screened UCITS ETF Dist,deutsche_boerse_etfs_etps,listed_companies_subset,https://www.cashmarket.deutsche-boerse.com/resource/blob/1553442/2936716b8f6c2d7a0bb85337485bdcdb/data/Master_DataSheet_Download.xls,dfbe98bfd7f85d665fe16bbc,active_official_exact_listing_isin_name
XETRA::WELV,proposed,WELV,XETRA,ETF,IE000WP7CVZ7,Amundi S&P Global Materials ESG UCITS ETF DR EUR Inc,Amundi S&P World Materials Screened UCITS ETF Dist,deutsche_boerse_etfs_etps,listed_companies_subset,https://www.cashmarket.deutsche-boerse.com/resource/blob/1553442/2936716b8f6c2d7a0bb85337485bdcdb/data/Master_DataSheet_Download.xls,bdd76fc2a085d25d9a02f9bc,active_official_exact_listing_isin_name
XETRA::WELY,proposed,WELY,XETRA,ETF,IE000ENYES77,Amundi S&P Global Financials ESG UCITS ETF DR EUR Inc,Amundi S&P World Financials Screened UCITS ETF Dist,deutsche_boerse_etfs_etps,listed_companies_subset,https://www.cashmarket.deutsche-boerse.com/resource/blob/1553442/2936716b8f6c2d7a0bb85337485bdcdb/data/Master_DataSheet_Download.xls,790e9152e498aa9959d2fd36,active_official_exact_listing_isin_name
XETRA::WTDY,proposed,WTDY,XETRA,ETF,IE00BD6RZW23,WisdomTree Issuer ICAV - WisdomTree US Equity Income UCITS ETF,WisdomTree US High Dividend UCITS ETF - EUR Hedged Acc,deutsche_boerse_etfs_etps,listed_companies_subset,https://www.cashmarket.deutsche-boerse.com/resource/blob/1553442/2936716b8f6c2d7a0bb85337485bdcdb/data/Master_DataSheet_Download.xls,bf21e6ddfd55123de38e7228,active_official_exact_listing_isin_name
XETRA::WTEU,proposed,WTEU,XETRA,ETF,IE00BQZJBQ63,WisdomTree US Equity Income UCITS ETF,WisdomTree US High Dividend UCITS ETF,deutsche_boerse_etfs_etps,listed_companies_subset,https://www.cashmarket.deutsche-boerse.com/resource/blob/1553442/2936716b8f6c2d7a0bb85337485bdcdb/data/Master_DataSheet_Download.xls,733e73ab5370ef8a9ef3afa8,active_official_exact_listing_isin_name
XETRA::XDGM,proposed,XDGM,XETRA,ETF,IE00B9MRJJ36,db x-trackers Mittelstand & MidCap Germany UCITS DR 1D,Xtrackers MDAX ESG Screened UCITS ETF 1D,deutsche_boerse_etfs_etps,listed_companies_subset,https://www.cashmarket.deutsche-boerse.com/resource/blob/1553442/2936716b8f6c2d7a0bb85337485bdcdb/data/Master_DataSheet_Download.xls,22be275f4030178364553abb,active_official_exact_listing_isin_name
XETRA::XDNE,proposed,XDNE,XETRA,ETF,IE00BRB36B93,db x-trackers JPX-Nikkei 400 UCITS DR 3C,Xtrackers MSCI Japan Screened UCITS ETF 3C EUR Hedged,deutsche_boerse_etfs_etps,listed_companies_subset,https://www.cashmarket.deutsche-boerse.com/resource/blob/1553442/2936716b8f6c2d7a0bb85337485bdcdb/data/Master_DataSheet_Download.xls,180cdba4c85403b782cd5544,active_official_exact_listing_isin_name
XETRA::XDPU,proposed,XDPU,XETRA,ETF,IE000Z9SJA06,Xtrackers S&P 500 UCITS ETF 4C - USD EUR,Xtrackers S&P 500 UCITS ETF 4C,deutsche_boerse_etfs_etps,listed_companies_subset,https://www.cashmarket.deutsche-boerse.com/resource/blob/1553442/2936716b8f6c2d7a0bb85337485bdcdb/data/Master_DataSheet_Download.xls,efbb72a3bfba775cb4e6e72a,active_official_exact_listing_isin_name
XETRA::XMLH,proposed,XMLH,XETRA,ETF,IE00BK5BC677,L&G Healthcare Breakthrough UCITS ETF,L&G Healthcare Technology & Innovation UCITS ETF USD Acc,deutsche_boerse_etfs_etps,listed_companies_subset,https://www.cashmarket.deutsche-boerse.com/resource/blob/1553442/2936716b8f6c2d7a0bb85337485bdcdb/data/Master_DataSheet_Download.xls,fb1f36c04c9ee4784b42e988,active_official_exact_listing_isin_name
XETRA::XZEC,proposed,XZEC,XETRA,ETF,IE00BNKF6C99,Xtrackers MSCI Europe Consumer Discretionary ESG Screened UCITS ETF,Xtrackers Stoxx European Market Leaders UCITS ETF 1C,deutsche_boerse_etfs_etps,listed_companies_subset,https://www.cashmarket.deutsche-boerse.com/resource/blob/1553442/2936716b8f6c2d7a0bb85337485bdcdb/data/Master_DataSheet_Download.xls,8d0043b3cb7dcd9d10afec43,active_official_exact_listing_isin_name
XETRA::XZSP,proposed,XZSP,XETRA,ETF,IE0007ULOZS8,Xtrackers S&P 500 ESG UCITS ETF 1C EUR,Xtrackers S&P 500 Scored & Screened UCITS ETF 1C,deutsche_boerse_etfs_etps,listed_companies_subset,https://www.cashmarket.deutsche-boerse.com/resource/blob/1553442/2936716b8f6c2d7a0bb85337485bdcdb/data/Master_DataSheet_Download.xls,18c9f4e0f0a59ece1efe7a8c,active_official_exact_listing_isin_name
XETRA::ZA30,proposed,ZA30,XETRA,ETF,IE000R9FA4A0,iShares S&P 500 ESG UCITS ETF USD (Acc) EUR,iShares S&P 500 Scored and Screened UCITS ETF USD (Acc),deutsche_boerse_etfs_etps,listed_companies_subset,https://www.cashmarket.deutsche-boerse.com/resource/blob/1553442/2936716b8f6c2d7a0bb85337485bdcdb/data/Master_DataSheet_Download.xls,21980878649374b1a9c8c6d3,active_official_exact_listing_isin_name
ZSE::HPB,proposed,HPB,ZSE,Stock,HRHPB0RA0002,Hrvatska Postanska Banka d.d.,HPB d.d.,zagreb_securities_directory,listed_companies_subset,https://zse.hr/en/shares/68,3ebd9bf68c99f2d6bc77441f,active_official_exact_listing_isin_name
ZSE::HT,proposed,HT,ZSE,Stock,HRHT00RA0005,Hrvatski Telekom d.d.,HT d.d.,zagreb_securities_directory,listed_companies_subset,https://zse.hr/en/shares/68,b04c76050b485d85dfbb6479,active_official_exact_listing_isin_name
ZSE::PODR,proposed,PODR,ZSE,Stock,HRPODRRA0004,Podravka Prehrambena Industrija d.d.,PODRAVKA d.d.,zagreb_securities_directory,listed_companies_subset,https://zse.hr/en/shares/68,b8d527125ce0ff0a00d95c56,active_official_exact_listing_isin_name
ZSE_ZW::MIZ,proposed,MIZ,ZSE_ZW,ETF,ZW0009020042,Morgan & Co Made In Zimbabwe Exchange Traded Fund,Morgan and Company (Pvt) Limited,zse_zw_listed_companies,listed_companies_subset,https://www.zse.co.zw/listed-securities/equity,160ef475fffa01bfe4bb2812,active_official_exact_listing_isin_name
ZSE_ZW::RIOZ,proposed,RIOZ,ZSE_ZW,Stock,ZW0009011959,RIO ZIM LIMITED,RioZim Limited,zse_zw_listed_companies,listed_companies_subset,https://www.zse.co.zw/listed-securities/equity,01d9e805e2d15aaf4e383580,active_official_exact_listing_isin_name
