listing_key,ticker,exchange,current_name,twelvedata_name,twelvedata_type,type_scope,review_batch,name_score,adjudication_decision,apply_eligibility,evidence_tier,confidence,recommended_operation,source_gate,evidence_summary,provider_validation_status,provider_supports_twelvedata,provider_supports_local,provider_conflicts,openfigi_status,openfigi_figi,local_figi,figi_relation,venue_status,official_source_count,reference_scopes,verification_name_mismatch,masterfile_matches,reviewed_name_override,source_of_truth_outcome,source_of_truth_gate,deepseek_decision_candidate,deepseek_safe_action
NASDAQ::JLHL,JLHL,NASDAQ,Julong Holding Limited Class A Ordinary Shares,Julong Holding Limited,Common Stock,supported_core_stock_type,batch_a_us_core,0.538,apply_twelvedata_name_identifier_supported,apply_ready,identifier,0.91,build_metadata_name_update,OpenFIGI supports the Twelve Data name without conflicting with the local listing FIGI.,OpenFIGI supports Twelve Data name; FIGI relation=local_figi_match.,second_source_supports_twelvedata_name,OpenFIGI,,false,ok,BBG01T4SSQM7,BBG01T4SSQM7,local_figi_match,official_full,2,exchange_directory,18,4490,,,,needs_official_evidence,needs_official_evidence
NASDAQ::VSNT,VSNT,NASDAQ,"Versant Media Group, Inc. Class A Common Stock When-Issued","Versant Media Group, Inc.",Common Stock,supported_core_stock_type,batch_a_us_core,0.535,apply_twelvedata_name_identifier_supported,apply_ready,identifier,0.88,build_metadata_name_update,OpenFIGI supports the Twelve Data name without conflicting with the local listing FIGI.,OpenFIGI supports Twelve Data name; FIGI relation=openfigi_only.,second_source_supports_twelvedata_name,OpenFIGI|AlphaVantage,,false,ok,BBG01Y0M8K11,,openfigi_only,official_full,2,exchange_directory,18,4490,,,,needs_official_evidence,needs_official_evidence
NASDAQ::WMT,WMT,NASDAQ,Walmart Inc. Common Stock,Walmart Inc.,Common Stock,supported_core_stock_type,batch_a_us_core,0.519,apply_twelvedata_name_identifier_supported,apply_ready,identifier,0.91,build_metadata_name_update,OpenFIGI supports the Twelve Data name without conflicting with the local listing FIGI.,OpenFIGI supports Twelve Data name; FIGI relation=local_figi_match.,second_source_supports_twelvedata_name,OpenFIGI|AlphaVantage,,false,ok,BBG000BWXBC2,BBG000BWXBC2,local_figi_match,official_full,2,exchange_directory,18,4490,,,,needs_official_evidence,needs_official_evidence
NYSE::BG,BG,NYSE,Bunge Limited,Bunge Global S.A.,Common Stock,supported_core_stock_type,batch_a_us_core,0.476,apply_twelvedata_name_identifier_supported,apply_ready,identifier,0.88,build_metadata_name_update,OpenFIGI supports the Twelve Data name without conflicting with the local listing FIGI.,OpenFIGI supports Twelve Data name; FIGI relation=openfigi_only.,second_source_supports_twelvedata_name,OpenFIGI|AlphaVantage,,false,ok,BBG01JZ8VL91,,openfigi_only,official_full,2,exchange_directory,0,2042,,,,needs_official_evidence,needs_official_evidence
NYSE::RH,RH,NYSE,RH Common Stock,RH,Common Stock,supported_core_stock_type,batch_a_us_core,0.235,apply_twelvedata_name_identifier_supported,apply_ready,identifier,0.91,build_metadata_name_update,OpenFIGI supports the Twelve Data name without conflicting with the local listing FIGI.,OpenFIGI supports Twelve Data name; FIGI relation=local_figi_match.,second_source_supports_twelvedata_name,OpenFIGI|AlphaVantage,,false,ok,BBG002293PJ4,BBG002293PJ4,local_figi_match,official_full,2,exchange_directory,0,2042,,,,needs_official_evidence,needs_official_evidence
OTC::AAYYY,AAYYY,OTC,Australian Agricultural Company Limited,AACL Holdings Ltd.,American Depositary Receipt,supported_core_stock_type,batch_a_us_core,0.318,apply_twelvedata_name_identifier_supported,apply_ready,identifier,0.88,build_metadata_name_update,OpenFIGI supports the Twelve Data name without conflicting with the local listing FIGI.,OpenFIGI supports Twelve Data name; FIGI relation=openfigi_only.,second_source_supports_twelvedata_name,OpenFIGI,,false,ok,BBG002CND6S3,,openfigi_only,official_full,3,exchange_directory|listed_companies_subset|security_lookup_subset,952,7640,,,,needs_official_evidence,needs_official_evidence
OTC::ABBNY,ABBNY,OTC,ABB Ltd,ABB Ltd. Sponsored ADR,American Depositary Receipt,supported_core_stock_type,batch_a_us_core,0.3,apply_twelvedata_name_identifier_supported,apply_ready,identifier,0.91,build_metadata_name_update,OpenFIGI supports the Twelve Data name without conflicting with the local listing FIGI.,OpenFIGI supports Twelve Data name; FIGI relation=local_figi_match.,second_source_supports_twelvedata_name,OpenFIGI,,false,ok,BBG000DK5Q25,BBG000DK5Q25,local_figi_match,official_full,3,exchange_directory|listed_companies_subset|security_lookup_subset,952,7640,,,,needs_official_evidence,needs_official_evidence
OTC::ABNAF,ABNAF,OTC,Aben Resources Ltd,Aben Gold Corp.,Common Stock,supported_core_stock_type,batch_a_us_core,0.522,apply_twelvedata_name_identifier_supported,apply_ready,identifier,0.91,build_metadata_name_update,OpenFIGI supports the Twelve Data name without conflicting with the local listing FIGI.,OpenFIGI supports Twelve Data name; FIGI relation=local_figi_match.,second_source_supports_twelvedata_name,OpenFIGI,,false,ok,BBG000C0KBR9,BBG000C0KBR9,local_figi_match,official_full,3,exchange_directory|listed_companies_subset|security_lookup_subset,952,7640,,,,needs_official_evidence,needs_official_evidence
OTC::ACCYY,ACCYY,OTC,Accor SA Ltd,Accor S.A. Sponsored ADR,American Depositary Receipt,supported_core_stock_type,batch_a_us_core,0.357,apply_twelvedata_name_identifier_supported,apply_ready,identifier,0.91,build_metadata_name_update,OpenFIGI supports the Twelve Data name without conflicting with the local listing FIGI.,OpenFIGI supports Twelve Data name; FIGI relation=local_figi_match.,second_source_supports_twelvedata_name,OpenFIGI,,false,ok,BBG00878H9Z1,BBG00878H9Z1,local_figi_match,official_full,3,exchange_directory|listed_companies_subset|security_lookup_subset,952,7640,,,,needs_official_evidence,needs_official_evidence
OTC::ACDSF,ACDSF,OTC,Ascendas Real Estate Investment Trust,CapitaLand Ascendas REIT,REIT,supported_core_stock_type,batch_a_us_core,0.393,apply_twelvedata_name_identifier_supported,apply_ready,identifier,0.91,build_metadata_name_update,OpenFIGI supports the Twelve Data name without conflicting with the local listing FIGI.,OpenFIGI supports Twelve Data name; FIGI relation=local_figi_match.,second_source_supports_twelvedata_name,OpenFIGI,,false,ok,BBG000M0JR22,BBG000M0JR22,local_figi_match,official_full,3,exchange_directory|listed_companies_subset|security_lookup_subset,952,7640,,,,needs_official_evidence,needs_official_evidence
OTC::ACNFF,ACNFF,OTC,Amsterdam Commodities NV,ACOMO N.V.,Common Stock,supported_core_stock_type,batch_a_us_core,0.333,apply_twelvedata_name_identifier_supported,apply_ready,identifier,0.91,build_metadata_name_update,OpenFIGI supports the Twelve Data name without conflicting with the local listing FIGI.,OpenFIGI supports Twelve Data name; FIGI relation=local_figi_match.,second_source_supports_twelvedata_name,OpenFIGI,,false,ok,BBG000BJTQJ6,BBG000BJTQJ6,local_figi_match,official_full,3,exchange_directory|listed_companies_subset|security_lookup_subset,952,7640,,,,needs_official_evidence,needs_official_evidence
OTC::ACTL,ACTL,OTC,Artec Consulting Corp,Artec Global Media Inc.,Common Stock,supported_core_stock_type,batch_a_us_core,0.529,apply_twelvedata_name_identifier_supported,apply_ready,identifier,0.91,build_metadata_name_update,OpenFIGI supports the Twelve Data name without conflicting with the local listing FIGI.,OpenFIGI supports Twelve Data name; FIGI relation=local_figi_match.,second_source_supports_twelvedata_name,OpenFIGI,,false,ok,BBG0045KJ1N3,BBG0045KJ1N3,local_figi_match,official_full,3,exchange_directory|listed_companies_subset|security_lookup_subset,952,7640,,,,needs_official_evidence,needs_official_evidence
OTC::ADHLF,ADHLF,OTC,Applied Development Holdings Limited,Novautek Technologies Group Limited,Common Stock,supported_core_stock_type,batch_a_us_core,0.255,apply_twelvedata_name_identifier_supported,apply_ready,identifier,0.91,build_metadata_name_update,OpenFIGI supports the Twelve Data name without conflicting with the local listing FIGI.,OpenFIGI supports Twelve Data name; FIGI relation=local_figi_match.,second_source_supports_twelvedata_name,OpenFIGI,,false,ok,BBG000BRQQR2,BBG000BRQQR2,local_figi_match,official_full,3,exchange_directory|listed_companies_subset|security_lookup_subset,952,7640,,,,needs_official_evidence,needs_official_evidence
OTC::ADVOF,ADVOF,OTC,ADVA Optical Networking SE,Adtran Networks SE,Common Stock,supported_core_stock_type,batch_a_us_core,0.579,apply_twelvedata_name_identifier_supported,apply_ready,identifier,0.91,build_metadata_name_update,OpenFIGI supports the Twelve Data name without conflicting with the local listing FIGI.,OpenFIGI supports Twelve Data name; FIGI relation=local_figi_match.,second_source_supports_twelvedata_name,OpenFIGI,,false,ok,BBG000DPB2T1,BBG000DPB2T1,local_figi_match,official_full,3,exchange_directory|listed_companies_subset|security_lookup_subset,952,7640,,,,needs_official_evidence,needs_official_evidence
OTC::AEXE,AEXE,OTC,AIM Energy Inc,Aim Exploration Inc.,Common Stock,supported_core_stock_type,batch_a_us_core,0.48,apply_twelvedata_name_identifier_supported,apply_ready,identifier,0.91,build_metadata_name_update,OpenFIGI supports the Twelve Data name without conflicting with the local listing FIGI.,OpenFIGI supports Twelve Data name; FIGI relation=local_figi_match.,second_source_supports_twelvedata_name,OpenFIGI,,false,ok,BBG0033QWZ81,BBG0033QWZ81,local_figi_match,official_full,3,exchange_directory|listed_companies_subset|security_lookup_subset,952,7640,,,,needs_official_evidence,needs_official_evidence
OTC::AGLXY,AGLXY,OTC,AGL Energy Ltd,AGL Energy Ltd Sponsored ADR,American Depositary Receipt,supported_core_stock_type,batch_a_us_core,0.588,apply_twelvedata_name_identifier_supported,apply_ready,identifier,0.91,build_metadata_name_update,OpenFIGI supports the Twelve Data name without conflicting with the local listing FIGI.,OpenFIGI supports Twelve Data name; FIGI relation=local_figi_match.,second_source_supports_twelvedata_name,OpenFIGI,,false,ok,BBG00LD48YC4,BBG00LD48YC4,local_figi_match,official_full,3,exchange_directory|listed_companies_subset|security_lookup_subset,952,7640,,,,needs_official_evidence,needs_official_evidence
OTC::AGRTF,AGRTF,OTC,Applied Graphite Technologies Corporation,Bullfrog Gold Corporation,Common Stock,supported_core_stock_type,batch_a_us_core,0.238,apply_twelvedata_name_identifier_supported,apply_ready,identifier,0.91,build_metadata_name_update,OpenFIGI supports the Twelve Data name without conflicting with the local listing FIGI.,OpenFIGI supports Twelve Data name; FIGI relation=local_figi_match.,second_source_supports_twelvedata_name,OpenFIGI,,false,ok,BBG01MJYQZM5,BBG01MJYQZM5,local_figi_match,official_full,3,exchange_directory|listed_companies_subset|security_lookup_subset,952,7640,,,,needs_official_evidence,needs_official_evidence
OTC::AHELF,AHELF,OTC,American Helium Inc,Auscan Resources Inc.,Common Stock,supported_core_stock_type,batch_a_us_core,0.452,apply_twelvedata_name_identifier_supported,apply_ready,identifier,0.88,build_metadata_name_update,OpenFIGI supports the Twelve Data name without conflicting with the local listing FIGI.,OpenFIGI supports Twelve Data name; FIGI relation=openfigi_only.,second_source_supports_twelvedata_name,OpenFIGI,,false,ok,BBG000GZL5J9,,openfigi_only,official_full,3,exchange_directory|listed_companies_subset|security_lookup_subset,952,7640,,,,needs_official_evidence,needs_official_evidence
OTC::AHLAS,AHLAS,OTC,RSE Archive LLC - Membership Interests Series - Honus T206 Honus Wagner Card Fund,Rse Archive Series Honus T206,Common Stock,supported_core_stock_type,batch_a_us_core,0.547,apply_twelvedata_name_identifier_supported,apply_ready,identifier,0.91,build_metadata_name_update,OpenFIGI supports the Twelve Data name without conflicting with the local listing FIGI.,OpenFIGI supports Twelve Data name; FIGI relation=local_figi_match.,second_source_supports_twelvedata_name,OpenFIGI,,false,ok,BBG018N93R12,BBG018N93R12,local_figi_match,official_full,3,exchange_directory|listed_companies_subset|security_lookup_subset,952,7640,,accepted_source_gap,Canonical stock sector only after exchange/name gate; no ticker/name-only inference.,needs_official_evidence,needs_official_evidence
OTC::AIUG,AIUG,OTC,"AI Unlimited Group, Inc.",Lever Global Corp.,Common Stock,supported_core_stock_type,batch_a_us_core,0.333,apply_twelvedata_name_identifier_supported,apply_ready,identifier,0.91,build_metadata_name_update,OpenFIGI supports the Twelve Data name without conflicting with the local listing FIGI.,OpenFIGI supports Twelve Data name; FIGI relation=local_figi_match.,second_source_supports_twelvedata_name,OpenFIGI,,false,ok,BBG018WRDRG5,BBG018WRDRG5,local_figi_match,official_full,3,exchange_directory|listed_companies_subset|security_lookup_subset,952,7640,,,,needs_official_evidence,needs_official_evidence
OTC::AKAAF,AKAAF,OTC,Aker ASA,Aker ASA Series A Shares,Common Stock,supported_core_stock_type,batch_a_us_core,0.5,apply_twelvedata_name_identifier_supported,apply_ready,identifier,0.91,build_metadata_name_update,OpenFIGI supports the Twelve Data name without conflicting with the local listing FIGI.,OpenFIGI supports Twelve Data name; FIGI relation=local_figi_match.,second_source_supports_twelvedata_name,OpenFIGI,,false,ok,BBG000QBK5F6,BBG000QBK5F6,local_figi_match,official_full,3,exchange_directory|listed_companies_subset|security_lookup_subset,952,7640,,,,needs_official_evidence,needs_official_evidence
OTC::ALBAF,ALBAF,OTC,Alba Mineral Resources plc,Arkadian Strategic Metals Plc,Common Stock,supported_core_stock_type,batch_a_us_core,0.128,apply_twelvedata_name_identifier_supported,apply_ready,identifier,0.91,build_metadata_name_update,OpenFIGI supports the Twelve Data name without conflicting with the local listing FIGI.,OpenFIGI supports Twelve Data name; FIGI relation=local_figi_match.,second_source_supports_twelvedata_name,OpenFIGI,,false,ok,BBG00Y79W0N7,BBG00Y79W0N7,local_figi_match,official_full,3,exchange_directory|listed_companies_subset|security_lookup_subset,952,7640,,,,needs_official_evidence,needs_official_evidence
OTC::ALLDF,ALLDF,OTC,ALD S.A,Ayvens SA,Common Stock,supported_core_stock_type,batch_a_us_core,0.308,apply_twelvedata_name_identifier_supported,apply_ready,identifier,0.88,build_metadata_name_update,OpenFIGI supports the Twelve Data name without conflicting with the local listing FIGI.,OpenFIGI supports Twelve Data name; FIGI relation=openfigi_only.,second_source_supports_twelvedata_name,OpenFIGI,,false,ok,BBG01G659LG2,,openfigi_only,official_full,3,exchange_directory|listed_companies_subset|security_lookup_subset,952,7640,,accepted_source_gap,Canonical stock sector only after exchange/name gate; no ticker/name-only inference.,needs_official_evidence,needs_official_evidence
OTC::AMADY,AMADY,OTC,Amadeus IT Holding SA PK,Amadeus IT Group S.A. ADR,American Depositary Receipt,supported_core_stock_type,batch_a_us_core,0.578,apply_twelvedata_name_identifier_supported,apply_ready,identifier,0.91,build_metadata_name_update,OpenFIGI supports the Twelve Data name without conflicting with the local listing FIGI.,OpenFIGI supports Twelve Data name; FIGI relation=local_figi_match.,second_source_supports_twelvedata_name,OpenFIGI,,false,ok,BBG0016WLJV1,BBG0016WLJV1,local_figi_match,official_full,3,exchange_directory|listed_companies_subset|security_lookup_subset,952,7640,,,,needs_official_evidence,needs_official_evidence
OTC::AMNNF,AMNNF,OTC,Amcomri Entertainment Inc,Adsl Holdings Inc.,Common Stock,supported_core_stock_type,batch_a_us_core,0.235,apply_twelvedata_name_identifier_supported,apply_ready,identifier,0.91,build_metadata_name_update,OpenFIGI supports the Twelve Data name without conflicting with the local listing FIGI.,OpenFIGI supports Twelve Data name; FIGI relation=local_figi_match.,second_source_supports_twelvedata_name,OpenFIGI,,false,ok,BBG0154P2J49,BBG0154P2J49,local_figi_match,official_full,3,exchange_directory|listed_companies_subset|security_lookup_subset,952,7640,,accepted_source_gap,Canonical stock sector only after exchange/name gate; no ticker/name-only inference.,needs_official_evidence,needs_official_evidence
OTC::AMROF,AMROF,OTC,Amaero International Ltd,Amaero Ltd,Common Stock,supported_core_stock_type,batch_a_us_core,0.462,apply_twelvedata_name_identifier_supported,apply_ready,identifier,0.88,build_metadata_name_update,OpenFIGI supports the Twelve Data name without conflicting with the local listing FIGI.,OpenFIGI supports Twelve Data name; FIGI relation=openfigi_only.,second_source_supports_twelvedata_name,OpenFIGI,,false,ok,BBG00ZSLN027,,openfigi_only,official_full,3,exchange_directory|listed_companies_subset|security_lookup_subset,952,7640,,,,needs_official_evidence,needs_official_evidence
OTC::AMVMF,AMVMF,OTC,AMG Advanced Metallurgical Group N.V.,AMG Critical Materials N.V.,Common Stock,supported_core_stock_type,batch_a_us_core,0.516,apply_twelvedata_name_identifier_supported,apply_ready,identifier,0.91,build_metadata_name_update,OpenFIGI supports the Twelve Data name without conflicting with the local listing FIGI.,OpenFIGI supports Twelve Data name; FIGI relation=local_figi_match.,second_source_supports_twelvedata_name,OpenFIGI,,false,ok,BBG000VPCM89,BBG000VPCM89,local_figi_match,official_full,3,exchange_directory|listed_companies_subset|security_lookup_subset,952,7640,,,,needs_official_evidence,needs_official_evidence
OTC::ANPCF,ANPCF,OTC,ANGLE plc,CelLBxHealth plc,Common Stock,supported_core_stock_type,batch_a_us_core,0.235,apply_twelvedata_name_identifier_supported,apply_ready,identifier,0.91,build_metadata_name_update,OpenFIGI supports the Twelve Data name without conflicting with the local listing FIGI.,OpenFIGI supports Twelve Data name; FIGI relation=local_figi_match.,second_source_supports_twelvedata_name,OpenFIGI,,false,ok,BBG000RC3857,BBG000RC3857,local_figi_match,official_full,3,exchange_directory|listed_companies_subset|security_lookup_subset,952,7640,,,,needs_official_evidence,needs_official_evidence
OTC::APCOF,APCOF,OTC,New Tech Minerals Corp,American Critical Minerals Corp.,Common Stock,supported_core_stock_type,batch_a_us_core,0.605,apply_twelvedata_name_identifier_supported,apply_ready,identifier,0.91,build_metadata_name_update,OpenFIGI supports the Twelve Data name without conflicting with the local listing FIGI.,OpenFIGI supports Twelve Data name; FIGI relation=local_figi_match.,second_source_supports_twelvedata_name,OpenFIGI,,false,ok,BBG004WFM3B9,BBG004WFM3B9,local_figi_match,official_full,3,exchange_directory|listed_companies_subset|security_lookup_subset,952,7640,,,,needs_official_evidence,needs_official_evidence
OTC::APEMY,APEMY,OTC,Aperam PK,Aperam S.A. NY Registry Shares,Depositary Receipt,supported_core_stock_type,batch_a_us_core,0.368,apply_twelvedata_name_identifier_supported,apply_ready,identifier,0.91,build_metadata_name_update,OpenFIGI supports the Twelve Data name without conflicting with the local listing FIGI.,OpenFIGI supports Twelve Data name; FIGI relation=local_figi_match.,second_source_supports_twelvedata_name,OpenFIGI,,false,ok,BBG001DFG5L7,BBG001DFG5L7,local_figi_match,official_full,3,exchange_directory|listed_companies_subset|security_lookup_subset,952,7640,,,,needs_official_evidence,needs_official_evidence
OTC::AQFD,AQFD,OTC,Click To Raffle.Com Inc,A Classified Ad Inc.,Common Stock,supported_core_stock_type,batch_a_us_core,0.294,apply_twelvedata_name_identifier_supported,apply_ready,identifier,0.91,build_metadata_name_update,OpenFIGI supports the Twelve Data name without conflicting with the local listing FIGI.,OpenFIGI supports Twelve Data name; FIGI relation=local_figi_match.,second_source_supports_twelvedata_name,OpenFIGI,,false,ok,BBG0073FB9K3,BBG0073FB9K3,local_figi_match,official_full,3,exchange_directory|listed_companies_subset|security_lookup_subset,952,7640,,,,needs_official_evidence,needs_official_evidence
OTC::AQPW,AQPW,OTC,Signet International Holdings Inc,Golden Ally Lifetech Group Inc.,Common Stock,supported_core_stock_type,batch_a_us_core,0.218,apply_twelvedata_name_identifier_supported,apply_ready,identifier,0.91,build_metadata_name_update,OpenFIGI supports the Twelve Data name without conflicting with the local listing FIGI.,OpenFIGI supports Twelve Data name; FIGI relation=local_figi_match.,second_source_supports_twelvedata_name,OpenFIGI,,false,ok,BBG000BCX1M7,BBG000BCX1M7,local_figi_match,official_full,3,exchange_directory|listed_companies_subset|security_lookup_subset,952,7640,,accepted_source_gap,Canonical stock sector only after exchange/name gate; no ticker/name-only inference.,needs_official_evidence,needs_official_evidence
OTC::ARCNF,ARCNF,OTC,Arcane Crypto AB,K33 AB,Common Stock,supported_core_stock_type,batch_a_us_core,0.273,apply_twelvedata_name_identifier_supported,apply_ready,identifier,0.88,build_metadata_name_update,OpenFIGI supports the Twelve Data name without conflicting with the local listing FIGI.,OpenFIGI supports Twelve Data name; FIGI relation=openfigi_only.,second_source_supports_twelvedata_name,OpenFIGI,,false,ok,BBG00ZTLV848,,openfigi_only,official_full,3,exchange_directory|listed_companies_subset|security_lookup_subset,952,7640,,,,needs_official_evidence,needs_official_evidence
OTC::AREVF,AREVF,OTC,AREV NanoTec Brands Inc,Arev Life Sciences Global Corp.,Common Stock,supported_core_stock_type,batch_a_us_core,0.318,apply_twelvedata_name_identifier_supported,apply_ready,identifier,0.91,build_metadata_name_update,OpenFIGI supports the Twelve Data name without conflicting with the local listing FIGI.,OpenFIGI supports Twelve Data name; FIGI relation=local_figi_match.,second_source_supports_twelvedata_name,OpenFIGI,,false,ok,BBG00P18ZVK6,BBG00P18ZVK6,local_figi_match,official_full,3,exchange_directory|listed_companies_subset|security_lookup_subset,952,7640,,,,needs_official_evidence,needs_official_evidence
OTC::ARLSF,ARLSF,OTC,Argo Living Soils Corp,Argo Graphene Solutions Corp.,Common Stock,supported_core_stock_type,batch_a_us_core,0.55,apply_twelvedata_name_identifier_supported,apply_ready,identifier,0.91,build_metadata_name_update,OpenFIGI supports the Twelve Data name without conflicting with the local listing FIGI.,OpenFIGI supports Twelve Data name; FIGI relation=local_figi_match.,second_source_supports_twelvedata_name,OpenFIGI,,false,ok,BBG012PQ7D94,BBG012PQ7D94,local_figi_match,official_full,3,exchange_directory|listed_companies_subset|security_lookup_subset,952,7640,,accepted_source_gap,Canonical stock sector only after exchange/name gate; no ticker/name-only inference.,needs_official_evidence,needs_official_evidence
OTC::ARSLF,ARSLF,OTC,Altima Resources Ltd,Altima Energy Inc.,Common Stock,supported_core_stock_type,batch_a_us_core,0.552,apply_twelvedata_name_identifier_supported,apply_ready,identifier,0.91,build_metadata_name_update,OpenFIGI supports the Twelve Data name without conflicting with the local listing FIGI.,OpenFIGI supports Twelve Data name; FIGI relation=local_figi_match.,second_source_supports_twelvedata_name,OpenFIGI,,false,ok,BBG000R8Q2J9,BBG000R8Q2J9,local_figi_match,official_full,3,exchange_directory|listed_companies_subset|security_lookup_subset,952,7640,,,,needs_official_evidence,needs_official_evidence
OTC::ARXRF,ARXRF,OTC,Infinite Ore Corp,Imagine Lithium Inc.,Common Stock,supported_core_stock_type,batch_a_us_core,0.296,apply_twelvedata_name_identifier_supported,apply_ready,identifier,0.91,build_metadata_name_update,OpenFIGI supports the Twelve Data name without conflicting with the local listing FIGI.,OpenFIGI supports Twelve Data name; FIGI relation=local_figi_match.,second_source_supports_twelvedata_name,OpenFIGI,,false,ok,BBG000BBYJ67,BBG000BBYJ67,local_figi_match,official_full,3,exchange_directory|listed_companies_subset|security_lookup_subset,952,7640,,,,needs_official_evidence,needs_official_evidence
OTC::ASHI,ASHI,OTC,Vapor Hub International Inc.,Asberry 22 Holdings Inc.,Common Stock,supported_core_stock_type,batch_a_us_core,0.286,apply_twelvedata_name_identifier_supported,apply_ready,identifier,0.88,build_metadata_name_update,OpenFIGI supports the Twelve Data name without conflicting with the local listing FIGI.,OpenFIGI supports Twelve Data name; FIGI relation=openfigi_only.,second_source_supports_twelvedata_name,OpenFIGI,,false,ok,BBG001R5M4F7,,openfigi_only,official_full,3,exchange_directory|listed_companies_subset|security_lookup_subset,952,7640,,,,needs_official_evidence,needs_official_evidence
OTC::ASPT,ASPT,OTC,Haber Inc,Aladdin Separation Technologies Inc.,Common Stock,supported_core_stock_type,batch_a_us_core,0.111,apply_twelvedata_name_identifier_supported,apply_ready,identifier,0.88,build_metadata_name_update,OpenFIGI supports the Twelve Data name without conflicting with the local listing FIGI.,OpenFIGI supports Twelve Data name; FIGI relation=openfigi_only.,second_source_supports_twelvedata_name,OpenFIGI,,false,ok,BBG00BFJ0HK7,,openfigi_only,official_full,3,exchange_directory|listed_companies_subset|security_lookup_subset,952,7640,,,,needs_official_evidence,needs_official_evidence
OTC::ATOXF,ATOXF,OTC,Durango Resources Inc,Quantum Critical Metals Corp.,Common Stock,supported_core_stock_type,batch_a_us_core,0.35,apply_twelvedata_name_identifier_supported,apply_ready,identifier,0.91,build_metadata_name_update,OpenFIGI supports the Twelve Data name without conflicting with the local listing FIGI.,OpenFIGI supports Twelve Data name; FIGI relation=local_figi_match.,second_source_supports_twelvedata_name,OpenFIGI,,false,ok,BBG002V3D6W1,BBG002V3D6W1,local_figi_match,official_full,3,exchange_directory|listed_companies_subset|security_lookup_subset,952,7640,,,,needs_official_evidence,needs_official_evidence
OTC::AUKUF,AUKUF,OTC,ams AG,ams OSRAM AG,Common Stock,supported_core_stock_type,batch_a_us_core,0.5,apply_twelvedata_name_identifier_supported,apply_ready,identifier,0.88,build_metadata_name_update,OpenFIGI supports the Twelve Data name without conflicting with the local listing FIGI.,OpenFIGI supports Twelve Data name; FIGI relation=openfigi_only.,second_source_supports_twelvedata_name,OpenFIGI,,false,ok,BBG000QBLQK3,,openfigi_only,official_full,3,exchange_directory|listed_companies_subset|security_lookup_subset,952,7640,,,,needs_official_evidence,needs_official_evidence
OTC::AVEXF,AVEXF,OTC,Avex Inc.,Avex Group Holdings Inc.,Common Stock,supported_core_stock_type,batch_a_us_core,0.348,apply_twelvedata_name_identifier_supported,apply_ready,identifier,0.91,build_metadata_name_update,OpenFIGI supports the Twelve Data name without conflicting with the local listing FIGI.,OpenFIGI supports Twelve Data name; FIGI relation=local_figi_match.,second_source_supports_twelvedata_name,OpenFIGI,,false,ok,BBG000H9KC75,BBG000H9KC75,local_figi_match,official_full,3,exchange_directory|listed_companies_subset|security_lookup_subset,952,7640,,,,needs_official_evidence,needs_official_evidence
OTC::AZASF,AZASF,OTC,Arizona Silver Exploration Inc,Arizona Gold & Silver Inc.,Common Stock,supported_core_stock_type,batch_a_us_core,0.571,apply_twelvedata_name_identifier_supported,apply_ready,identifier,0.91,build_metadata_name_update,OpenFIGI supports the Twelve Data name without conflicting with the local listing FIGI.,OpenFIGI supports Twelve Data name; FIGI relation=local_figi_match.,second_source_supports_twelvedata_name,OpenFIGI,,false,ok,BBG00G5H3Z46,BBG00G5H3Z46,local_figi_match,official_full,3,exchange_directory|listed_companies_subset|security_lookup_subset,952,7640,,,,needs_official_evidence,needs_official_evidence
OTC::AZLGY,AZLGY,OTC,AZELIS GROUP NV,Azelis Group NV Unsponsored ADR,American Depositary Receipt,supported_core_stock_type,batch_a_us_core,0.6,apply_twelvedata_name_identifier_supported,apply_ready,identifier,0.91,build_metadata_name_update,OpenFIGI supports the Twelve Data name without conflicting with the local listing FIGI.,OpenFIGI supports Twelve Data name; FIGI relation=local_figi_match.,second_source_supports_twelvedata_name,OpenFIGI,,false,ok,BBG015ZDRLM0,BBG015ZDRLM0,local_figi_match,official_full,3,exchange_directory|listed_companies_subset|security_lookup_subset,952,7640,,accepted_source_gap,Canonical stock sector only after exchange/name gate; no ticker/name-only inference.,needs_official_evidence,needs_official_evidence
OTC::BAYRY,BAYRY,OTC,Bayer AG PK,Bayer AG Sponsored ADR,American Depositary Receipt,supported_core_stock_type,batch_a_us_core,0.519,apply_twelvedata_name_identifier_supported,apply_ready,identifier,0.91,build_metadata_name_update,OpenFIGI supports the Twelve Data name without conflicting with the local listing FIGI.,OpenFIGI supports Twelve Data name; FIGI relation=local_figi_match.,second_source_supports_twelvedata_name,OpenFIGI,,false,ok,BBG000BYM1C2,BBG000BYM1C2,local_figi_match,official_full,3,exchange_directory|listed_companies_subset|security_lookup_subset,952,7640,,,,needs_official_evidence,needs_official_evidence
OTC::BBBT,BBBT,OTC,Digital Development Partners Inc,Black Bird Biotech Inc.,Common Stock,supported_core_stock_type,batch_a_us_core,0.174,apply_twelvedata_name_identifier_supported,apply_ready,identifier,0.91,build_metadata_name_update,OpenFIGI supports the Twelve Data name without conflicting with the local listing FIGI.,OpenFIGI supports Twelve Data name; FIGI relation=local_figi_match.,second_source_supports_twelvedata_name,OpenFIGI,,false,ok,BBG000TRCJG6,BBG000TRCJG6,local_figi_match,official_full,3,exchange_directory|listed_companies_subset|security_lookup_subset,952,7640,,accepted_source_gap,Canonical stock sector only after exchange/name gate; no ticker/name-only inference.,needs_official_evidence,needs_official_evidence
OTC::BCTCF,BCTCF,OTC,BC Technology Group Limited,OSL Group Ltd,Common Stock,supported_core_stock_type,batch_a_us_core,0.571,apply_twelvedata_name_identifier_supported,apply_ready,identifier,0.88,build_metadata_name_update,OpenFIGI supports the Twelve Data name without conflicting with the local listing FIGI.,OpenFIGI supports Twelve Data name; FIGI relation=openfigi_only.,second_source_supports_twelvedata_name,OpenFIGI,,false,ok,BBG00ZJZ1X00,,openfigi_only,official_full,3,exchange_directory|listed_companies_subset|security_lookup_subset,952,7640,,accepted_source_gap,Canonical stock sector only after exchange/name gate; no ticker/name-only inference.,needs_official_evidence,needs_official_evidence
OTC::BECTY,BECTY,OTC,Bechtle AG,Bechtle AG Unsponsored ADR,American Depositary Receipt,supported_core_stock_type,batch_a_us_core,0.467,apply_twelvedata_name_identifier_supported,apply_ready,identifier,0.91,build_metadata_name_update,OpenFIGI supports the Twelve Data name without conflicting with the local listing FIGI.,OpenFIGI supports Twelve Data name; FIGI relation=local_figi_match.,second_source_supports_twelvedata_name,OpenFIGI,,false,ok,BBG00N6MYM62,BBG00N6MYM62,local_figi_match,official_full,3,exchange_directory|listed_companies_subset|security_lookup_subset,952,7640,,,,needs_official_evidence,needs_official_evidence
OTC::BFFAF,BFFAF,OTC,BASF SE NA O.N.,BASF SE,Common Stock,supported_core_stock_type,batch_a_us_core,0.533,apply_twelvedata_name_identifier_supported,apply_ready,identifier,0.91,build_metadata_name_update,OpenFIGI supports the Twelve Data name without conflicting with the local listing FIGI.,OpenFIGI supports Twelve Data name; FIGI relation=local_figi_match.,second_source_supports_twelvedata_name,OpenFIGI,,false,ok,BBG0014RW6Z6,BBG0014RW6Z6,local_figi_match,official_full,3,exchange_directory|listed_companies_subset|security_lookup_subset,952,7640,,,,needs_official_evidence,needs_official_evidence
OTC::BFYW,BFYW,OTC,Sauer Energy Inc,Better For You Wellness Inc.,Common Stock,supported_core_stock_type,batch_a_us_core,0.343,apply_twelvedata_name_identifier_supported,apply_ready,identifier,0.91,build_metadata_name_update,OpenFIGI supports the Twelve Data name without conflicting with the local listing FIGI.,OpenFIGI supports Twelve Data name; FIGI relation=local_figi_match.,second_source_supports_twelvedata_name,OpenFIGI,,false,ok,BBG000NXFSV9,BBG000NXFSV9,local_figi_match,official_full,3,exchange_directory|listed_companies_subset|security_lookup_subset,952,7640,,accepted_source_gap,Canonical stock sector only after exchange/name gate; no ticker/name-only inference.,needs_official_evidence,needs_official_evidence
OTC::BGTTF,BGTTF,OTC,Billy Goat Brands Ltd,Goat Industries Ltd.,Common Stock,supported_core_stock_type,batch_a_us_core,0.5,apply_twelvedata_name_identifier_supported,apply_ready,identifier,0.91,build_metadata_name_update,OpenFIGI supports the Twelve Data name without conflicting with the local listing FIGI.,OpenFIGI supports Twelve Data name; FIGI relation=local_figi_match.,second_source_supports_twelvedata_name,OpenFIGI,,false,ok,BBG0132W06B3,BBG0132W06B3,local_figi_match,official_full,3,exchange_directory|listed_companies_subset|security_lookup_subset,952,7640,,accepted_source_gap,Canonical stock sector only after exchange/name gate; no ticker/name-only inference.,needs_official_evidence,needs_official_evidence
OTC::BICEY,BICEY,OTC,Société BIC SA,BIC SA Unsponsored ADR,American Depositary Receipt,supported_core_stock_type,batch_a_us_core,0.207,apply_twelvedata_name_identifier_supported,apply_ready,identifier,0.91,build_metadata_name_update,OpenFIGI supports the Twelve Data name without conflicting with the local listing FIGI.,OpenFIGI supports Twelve Data name; FIGI relation=local_figi_match.,second_source_supports_twelvedata_name,OpenFIGI,,false,ok,BBG000NTRHC0,BBG000NTRHC0,local_figi_match,official_full,3,exchange_directory|listed_companies_subset|security_lookup_subset,952,7640,,,,needs_official_evidence,needs_official_evidence
OTC::BIRNF,BIRNF,OTC,BC Iron Ltd.,BCI Minerals Limited,Common Stock,supported_core_stock_type,batch_a_us_core,0.526,apply_twelvedata_name_identifier_supported,apply_ready,identifier,0.88,build_metadata_name_update,OpenFIGI supports the Twelve Data name without conflicting with the local listing FIGI.,OpenFIGI supports Twelve Data name; FIGI relation=openfigi_only.,second_source_supports_twelvedata_name,OpenFIGI,,false,ok,BBG000D32V70,,openfigi_only,official_full,3,exchange_directory|listed_companies_subset|security_lookup_subset,952,7640,,,,needs_official_evidence,needs_official_evidence
OTC::BKTH,BKTH,OTC,MEGOLA INC,"Breakthrough Chemistry, Inc.",Common Stock,supported_core_stock_type,batch_a_us_core,0.071,apply_twelvedata_name_identifier_supported,apply_ready,identifier,0.91,build_metadata_name_update,OpenFIGI supports the Twelve Data name without conflicting with the local listing FIGI.,OpenFIGI supports Twelve Data name; FIGI relation=local_figi_match.,second_source_supports_twelvedata_name,OpenFIGI,,false,ok,BBG000P602Q5,BBG000P602Q5,local_figi_match,official_full,3,exchange_directory|listed_companies_subset|security_lookup_subset,952,7640,,,,needs_official_evidence,needs_official_evidence
OTC::BKTPF,BKTPF,OTC,Cruz Cobalt Corp,Cruz Battery Metals Corp.,Common Stock,supported_core_stock_type,batch_a_us_core,0.533,apply_twelvedata_name_identifier_supported,apply_ready,identifier,0.91,build_metadata_name_update,OpenFIGI supports the Twelve Data name without conflicting with the local listing FIGI.,OpenFIGI supports Twelve Data name; FIGI relation=local_figi_match.,second_source_supports_twelvedata_name,OpenFIGI,,false,ok,BBG0015MDYZ6,BBG0015MDYZ6,local_figi_match,official_full,3,exchange_directory|listed_companies_subset|security_lookup_subset,952,7640,,,,needs_official_evidence,needs_official_evidence
OTC::BMXXY,BMXXY,OTC,bioMérieux SA,Biomerieux SA - Unsponsored ADR,American Depositary Receipt,supported_core_stock_type,batch_a_us_core,0.5,apply_twelvedata_name_identifier_supported,apply_ready,identifier,0.91,build_metadata_name_update,OpenFIGI supports the Twelve Data name without conflicting with the local listing FIGI.,OpenFIGI supports Twelve Data name; FIGI relation=local_figi_match.,second_source_supports_twelvedata_name,OpenFIGI,,false,ok,BBG00B0SGTH4,BBG00B0SGTH4,local_figi_match,official_full,3,exchange_directory|listed_companies_subset|security_lookup_subset,952,7640,,,,needs_official_evidence,needs_official_evidence
OTC::BOSSY,BOSSY,OTC,Hugo Boss AG,Hugo Boss AG Sponsored ADR,American Depositary Receipt,supported_core_stock_type,batch_a_us_core,0.562,apply_twelvedata_name_identifier_supported,apply_ready,identifier,0.91,build_metadata_name_update,OpenFIGI supports the Twelve Data name without conflicting with the local listing FIGI.,OpenFIGI supports Twelve Data name; FIGI relation=local_figi_match.,second_source_supports_twelvedata_name,OpenFIGI,,false,ok,BBG003X39830,BBG003X39830,local_figi_match,official_full,3,exchange_directory|listed_companies_subset|security_lookup_subset,952,7640,,,,needs_official_evidence,needs_official_evidence
OTC::BRCOQ,BRCOQ,OTC,Beard Co,Beard Company,Common Stock,supported_core_stock_type,batch_a_us_core,0.556,apply_twelvedata_name_identifier_supported,apply_ready,identifier,0.91,build_metadata_name_update,OpenFIGI supports the Twelve Data name without conflicting with the local listing FIGI.,OpenFIGI supports Twelve Data name; FIGI relation=local_figi_match.,second_source_supports_twelvedata_name,OpenFIGI,,false,ok,BBG000DN2J00,BBG000DN2J00,local_figi_match,official_full,3,exchange_directory|listed_companies_subset|security_lookup_subset,952,7640,,,,needs_official_evidence,needs_official_evidence
OTC::BROGF,BROGF,OTC,BROGF,Brooge Energy Limited,Common Stock,supported_core_stock_type,batch_a_us_core,0.444,apply_twelvedata_name_identifier_supported,apply_ready,identifier,0.88,build_metadata_name_update,OpenFIGI supports the Twelve Data name without conflicting with the local listing FIGI.,OpenFIGI supports Twelve Data name; FIGI relation=openfigi_only.,second_source_supports_twelvedata_name,OpenFIGI,,false,ok,BBG00P35N4M1,,openfigi_only,official_full,3,exchange_directory|listed_companies_subset|security_lookup_subset,952,7640,,accepted_source_gap,Canonical stock sector only after exchange/name gate; no ticker/name-only inference.,needs_official_evidence,needs_official_evidence
OTC::BSEAF,BSEAF,OTC,Braemar Shipping Services Plc,Braemar Plc,Common Stock,supported_core_stock_type,batch_a_us_core,0.438,apply_twelvedata_name_identifier_supported,apply_ready,identifier,0.91,build_metadata_name_update,OpenFIGI supports the Twelve Data name without conflicting with the local listing FIGI.,OpenFIGI supports Twelve Data name; FIGI relation=local_figi_match.,second_source_supports_twelvedata_name,OpenFIGI,,false,ok,BBG000QSC773,BBG000QSC773,local_figi_match,official_full,3,exchange_directory|listed_companies_subset|security_lookup_subset,952,7640,,,,needs_official_evidence,needs_official_evidence
OTC::BSLAF,BSLAF,OTC,Basler Aktiengesellschaft,Basler AG,Common Stock,supported_core_stock_type,batch_a_us_core,0.387,apply_twelvedata_name_identifier_supported,apply_ready,identifier,0.91,build_metadata_name_update,OpenFIGI supports the Twelve Data name without conflicting with the local listing FIGI.,OpenFIGI supports Twelve Data name; FIGI relation=local_figi_match.,second_source_supports_twelvedata_name,OpenFIGI,,false,ok,BBG000FL1P18,BBG000FL1P18,local_figi_match,official_full,3,exchange_directory|listed_companies_subset|security_lookup_subset,952,7640,,,,needs_official_evidence,needs_official_evidence
OTC::BTDPF,BTDPF,OTC,Barratt Developments plc,Barratt Redrow plc,Common Stock,supported_core_stock_type,batch_a_us_core,0.588,apply_twelvedata_name_identifier_supported,apply_ready,identifier,0.91,build_metadata_name_update,OpenFIGI supports the Twelve Data name without conflicting with the local listing FIGI.,OpenFIGI supports Twelve Data name; FIGI relation=local_figi_match.,second_source_supports_twelvedata_name,OpenFIGI,,false,ok,BBG000CJ2CC2,BBG000CJ2CC2,local_figi_match,official_full,3,exchange_directory|listed_companies_subset|security_lookup_subset,952,7640,,,,needs_official_evidence,needs_official_evidence
OTC::BTGN,BTGN,OTC,Inolife Technologies Inc,Bitcoin Generation Inc.,Common Stock,supported_core_stock_type,batch_a_us_core,0.211,apply_twelvedata_name_identifier_supported,apply_ready,identifier,0.91,build_metadata_name_update,OpenFIGI supports the Twelve Data name without conflicting with the local listing FIGI.,OpenFIGI supports Twelve Data name; FIGI relation=local_figi_match.,second_source_supports_twelvedata_name,OpenFIGI,,false,ok,BBG000D6G4C2,BBG000D6G4C2,local_figi_match,official_full,3,exchange_directory|listed_companies_subset|security_lookup_subset,952,7640,,,,needs_official_evidence,needs_official_evidence
OTC::BVHMY,BVHMY,OTC,VISTRY GROUP PLC.,Vistry Group PLC Unsponsored ADR,American Depositary Receipt,supported_core_stock_type,batch_a_us_core,0.6,apply_twelvedata_name_identifier_supported,apply_ready,identifier,0.91,build_metadata_name_update,OpenFIGI supports the Twelve Data name without conflicting with the local listing FIGI.,OpenFIGI supports Twelve Data name; FIGI relation=local_figi_match.,second_source_supports_twelvedata_name,OpenFIGI,,false,ok,BBG004MB1T70,BBG004MB1T70,local_figi_match,official_full,3,exchange_directory|listed_companies_subset|security_lookup_subset,952,7640,,,,needs_official_evidence,needs_official_evidence
OTC::BWOFY,BWOFY,OTC,BW Offshore Limited,BW Offshore Ltd. - Unsponsored ADR,American Depositary Receipt,supported_core_stock_type,batch_a_us_core,0.579,apply_twelvedata_name_identifier_supported,apply_ready,identifier,0.91,build_metadata_name_update,OpenFIGI supports the Twelve Data name without conflicting with the local listing FIGI.,OpenFIGI supports Twelve Data name; FIGI relation=local_figi_match.,second_source_supports_twelvedata_name,OpenFIGI,,false,ok,BBG00TM0PMF9,BBG00TM0PMF9,local_figi_match,official_full,3,exchange_directory|listed_companies_subset|security_lookup_subset,952,7640,,,,needs_official_evidence,needs_official_evidence
OTC::BWVI,BWVI,OTC,Blue Water Ventures International Inc,"Psycheceutical Bioscience, Inc.",Common Stock,supported_core_stock_type,batch_a_us_core,0.138,apply_twelvedata_name_identifier_supported,apply_ready,identifier,0.91,build_metadata_name_update,OpenFIGI supports the Twelve Data name without conflicting with the local listing FIGI.,OpenFIGI supports Twelve Data name; FIGI relation=local_figi_match.,second_source_supports_twelvedata_name,OpenFIGI,,false,ok,BBG000QX54Z6,BBG000QX54Z6,local_figi_match,official_full,3,exchange_directory|listed_companies_subset|security_lookup_subset,952,7640,,,,needs_official_evidence,needs_official_evidence
OTC::BZLFY,BZLFY,OTC,Bunzl plc,Bunzl plc Sponsored ADR,American Depositary Receipt,supported_core_stock_type,batch_a_us_core,0.417,apply_twelvedata_name_identifier_supported,apply_ready,identifier,0.91,build_metadata_name_update,OpenFIGI supports the Twelve Data name without conflicting with the local listing FIGI.,OpenFIGI supports Twelve Data name; FIGI relation=local_figi_match.,second_source_supports_twelvedata_name,OpenFIGI,,false,ok,BBG000BB0H86,BBG000BB0H86,local_figi_match,official_full,3,exchange_directory|listed_companies_subset|security_lookup_subset,952,7640,,,,needs_official_evidence,needs_official_evidence
OTC::CAAOF,CAAOF,OTC,Cannabis One Holdings Inc,Indvr Brands Inc.,Common Stock,supported_core_stock_type,batch_a_us_core,0.182,apply_twelvedata_name_identifier_supported,apply_ready,identifier,0.91,build_metadata_name_update,OpenFIGI supports the Twelve Data name without conflicting with the local listing FIGI.,OpenFIGI supports Twelve Data name; FIGI relation=local_figi_match.,second_source_supports_twelvedata_name,OpenFIGI,,false,ok,BBG00NGMNGJ2,BBG00NGMNGJ2,local_figi_match,official_full,3,exchange_directory|listed_companies_subset|security_lookup_subset,952,7640,,,,needs_official_evidence,needs_official_evidence
OTC::CAGPF,CAGPF,OTC,Cryptology Asset Group p.l.c,Samara Asset Group Plc,Common Stock,supported_core_stock_type,batch_a_us_core,0.565,apply_twelvedata_name_identifier_supported,apply_ready,identifier,0.91,build_metadata_name_update,OpenFIGI supports the Twelve Data name without conflicting with the local listing FIGI.,OpenFIGI supports Twelve Data name; FIGI relation=local_figi_match.,second_source_supports_twelvedata_name,OpenFIGI,,false,ok,BBG00YD8T2J7,BBG00YD8T2J7,local_figi_match,official_full,3,exchange_directory|listed_companies_subset|security_lookup_subset,952,7640,,,,needs_official_evidence,needs_official_evidence
OTC::CAJPY,CAJPY,OTC,Canon Inc.,Canon Inc. Sponsored ADR,American Depositary Receipt,supported_core_stock_type,batch_a_us_core,0.417,apply_twelvedata_name_identifier_supported,apply_ready,identifier,0.91,build_metadata_name_update,OpenFIGI supports the Twelve Data name without conflicting with the local listing FIGI.,OpenFIGI supports Twelve Data name; FIGI relation=local_figi_match.,second_source_supports_twelvedata_name,OpenFIGI,,false,ok,BBG000BVJLF5,BBG000BVJLF5,local_figi_match,official_full,3,exchange_directory|listed_companies_subset|security_lookup_subset,952,7640,,,,needs_official_evidence,needs_official_evidence
OTC::CANN,CANN,OTC,TREES Corp (Colorado),Trees Corporation,Common Stock,supported_core_stock_type,batch_a_us_core,0.526,apply_twelvedata_name_identifier_supported,apply_ready,identifier,0.91,build_metadata_name_update,OpenFIGI supports the Twelve Data name without conflicting with the local listing FIGI.,OpenFIGI supports Twelve Data name; FIGI relation=local_figi_match.,second_source_supports_twelvedata_name,OpenFIGI,,false,ok,BBG001Y5Y0T9,BBG001Y5Y0T9,local_figi_match,official_full,3,exchange_directory|listed_companies_subset|security_lookup_subset,952,7640,,,,needs_official_evidence,needs_official_evidence
OTC::CAZGF,CAZGF,OTC,Catapult Group International Limited,Catapult Sports Ltd,Common Stock,supported_core_stock_type,batch_a_us_core,0.512,apply_twelvedata_name_identifier_supported,apply_ready,identifier,0.91,build_metadata_name_update,OpenFIGI supports the Twelve Data name without conflicting with the local listing FIGI.,OpenFIGI supports Twelve Data name; FIGI relation=local_figi_match.,second_source_supports_twelvedata_name,OpenFIGI,,false,ok,BBG009LCY397,BBG009LCY397,local_figi_match,official_full,3,exchange_directory|listed_companies_subset|security_lookup_subset,952,7640,,,,needs_official_evidence,needs_official_evidence
OTC::CCFLU,CCFLU,OTC,Community Choice Financial Holdings LLC,CCF Holdings LLC,Common Stock,supported_core_stock_type,batch_a_us_core,0.582,apply_twelvedata_name_identifier_supported,apply_ready,identifier,0.91,build_metadata_name_update,OpenFIGI supports the Twelve Data name without conflicting with the local listing FIGI.,OpenFIGI supports Twelve Data name; FIGI relation=local_figi_match.,second_source_supports_twelvedata_name,OpenFIGI,,false,ok,BBG00MTNC979,BBG00MTNC979,local_figi_match,official_full,3,exchange_directory|listed_companies_subset|security_lookup_subset,952,7640,,accepted_source_gap,Canonical stock sector only after exchange/name gate; no ticker/name-only inference.,needs_official_evidence,needs_official_evidence
OTC::CDNIF,CDNIF,OTC,Compañía de Distribución Integral Logista Holdings S.A,"Logista Integral, S.A.",Common Stock,supported_core_stock_type,batch_a_us_core,0.466,apply_twelvedata_name_identifier_supported,apply_ready,identifier,0.91,build_metadata_name_update,OpenFIGI supports the Twelve Data name without conflicting with the local listing FIGI.,OpenFIGI supports Twelve Data name; FIGI relation=local_figi_match.,second_source_supports_twelvedata_name,OpenFIGI,,false,ok,BBG00TCZMJG2,BBG00TCZMJG2,local_figi_match,official_full,3,exchange_directory|listed_companies_subset|security_lookup_subset,952,7640,,,,needs_official_evidence,needs_official_evidence
OTC::CHNO,CHNO,OTC,Chill N Out Cryotherapy Inc,"Classworx, Inc.",Common Stock,supported_core_stock_type,batch_a_us_core,0.25,apply_twelvedata_name_identifier_supported,apply_ready,identifier,0.91,build_metadata_name_update,OpenFIGI supports the Twelve Data name without conflicting with the local listing FIGI.,OpenFIGI supports Twelve Data name; FIGI relation=local_figi_match.,second_source_supports_twelvedata_name,OpenFIGI,,false,ok,BBG000BJR8T7,BBG000BJR8T7,local_figi_match,official_full,3,exchange_directory|listed_companies_subset|security_lookup_subset,952,7640,,,,needs_official_evidence,needs_official_evidence
OTC::CHNTF,CHNTF,OTC,China LNG Group Ltd.,China HK Power Smart Energy Group Limited,Common Stock,supported_core_stock_type,batch_a_us_core,0.583,apply_twelvedata_name_identifier_supported,apply_ready,identifier,0.91,build_metadata_name_update,OpenFIGI supports the Twelve Data name without conflicting with the local listing FIGI.,OpenFIGI supports Twelve Data name; FIGI relation=local_figi_match.,second_source_supports_twelvedata_name,OpenFIGI,,false,ok,BBG0070QV608,BBG0070QV608,local_figi_match,official_full,3,exchange_directory|listed_companies_subset|security_lookup_subset,952,7640,,,,needs_official_evidence,needs_official_evidence
OTC::CHNVF,CHNVF,OTC,China Youzan Ltd,Youzan Technology Limited,Common Stock,supported_core_stock_type,batch_a_us_core,0.414,apply_twelvedata_name_identifier_supported,apply_ready,identifier,0.91,build_metadata_name_update,OpenFIGI supports the Twelve Data name without conflicting with the local listing FIGI.,OpenFIGI supports Twelve Data name; FIGI relation=local_figi_match.,second_source_supports_twelvedata_name,OpenFIGI,,false,ok,BBG00NR9MR97,BBG00NR9MR97,local_figi_match,official_full,3,exchange_directory|listed_companies_subset|security_lookup_subset,952,7640,,,,needs_official_evidence,needs_official_evidence
OTC::CHSH,CHSH,OTC,Eatware Inc,"China Shoe Holdings, Inc.",Common Stock,supported_core_stock_type,batch_a_us_core,0.077,apply_twelvedata_name_identifier_supported,apply_ready,identifier,0.91,build_metadata_name_update,OpenFIGI supports the Twelve Data name without conflicting with the local listing FIGI.,OpenFIGI supports Twelve Data name; FIGI relation=local_figi_match.,second_source_supports_twelvedata_name,OpenFIGI,,false,ok,BBG000R5G3R5,BBG000R5G3R5,local_figi_match,official_full,3,exchange_directory|listed_companies_subset|security_lookup_subset,952,7640,,,,needs_official_evidence,needs_official_evidence
OTC::CICN,CICN,OTC,Cicero Inc,SMS Alternatives Inc.,Common Stock,supported_core_stock_type,batch_a_us_core,0.182,apply_twelvedata_name_identifier_supported,apply_ready,identifier,0.91,build_metadata_name_update,OpenFIGI supports the Twelve Data name without conflicting with the local listing FIGI.,OpenFIGI supports Twelve Data name; FIGI relation=local_figi_match.,second_source_supports_twelvedata_name,OpenFIGI,,false,ok,BBG000HHS2B6,BBG000HHS2B6,local_figi_match,official_full,3,exchange_directory|listed_companies_subset|security_lookup_subset,952,7640,,,,needs_official_evidence,needs_official_evidence
OTC::CIPI,CIPI,OTC,Correlate Infrastructure Partners Inc,Correlate Energy Corp,Common Stock,supported_core_stock_type,batch_a_us_core,0.571,apply_twelvedata_name_identifier_supported,apply_ready,identifier,0.91,build_metadata_name_update,OpenFIGI supports the Twelve Data name without conflicting with the local listing FIGI.,OpenFIGI supports Twelve Data name; FIGI relation=local_figi_match.,second_source_supports_twelvedata_name,OpenFIGI,,false,ok,BBG000C2QLJ6,BBG000C2QLJ6,local_figi_match,official_full,3,exchange_directory|listed_companies_subset|security_lookup_subset,952,7640,,accepted_source_gap,Canonical stock sector only after exchange/name gate; no ticker/name-only inference.,needs_official_evidence,needs_official_evidence
OTC::CLPBY,CLPBY,OTC,Coloplast A,Coloplast A/S Sponsored ADR,American Depositary Receipt,supported_core_stock_type,batch_a_us_core,0.579,apply_twelvedata_name_identifier_supported,apply_ready,identifier,0.91,build_metadata_name_update,OpenFIGI supports the Twelve Data name without conflicting with the local listing FIGI.,OpenFIGI supports Twelve Data name; FIGI relation=local_figi_match.,second_source_supports_twelvedata_name,OpenFIGI,,false,ok,BBG00TN4ZXK9,BBG00TN4ZXK9,local_figi_match,official_full,3,exchange_directory|listed_companies_subset|security_lookup_subset,952,7640,,,,needs_official_evidence,needs_official_evidence
OTC::CLUS,CLUS,OTC,Cluster Group Holdings Ltd Co,"China Teletech Holding, Inc.",Common Stock,supported_core_stock_type,batch_a_us_core,0.5,apply_twelvedata_name_identifier_supported,apply_ready,identifier,0.91,build_metadata_name_update,OpenFIGI supports the Twelve Data name without conflicting with the local listing FIGI.,OpenFIGI supports Twelve Data name; FIGI relation=local_figi_match.,second_source_supports_twelvedata_name,OpenFIGI,,false,ok,BBG000P7G4K8,BBG000P7G4K8,local_figi_match,official_full,3,exchange_directory|listed_companies_subset|security_lookup_subset,952,7640,,,,needs_official_evidence,needs_official_evidence
OTC::CLZNY,CLZNY,OTC,Clariant AG,Clariant AG Unsponsored ADR,American Depositary Receipt,supported_core_stock_type,batch_a_us_core,0.5,apply_twelvedata_name_identifier_supported,apply_ready,identifier,0.91,build_metadata_name_update,OpenFIGI supports the Twelve Data name without conflicting with the local listing FIGI.,OpenFIGI supports Twelve Data name; FIGI relation=local_figi_match.,second_source_supports_twelvedata_name,OpenFIGI,,false,ok,BBG000RJY1T7,BBG000RJY1T7,local_figi_match,official_full,3,exchange_directory|listed_companies_subset|security_lookup_subset,952,7640,,,,needs_official_evidence,needs_official_evidence
OTC::CMAKY,CMAKY,OTC,China Minsh,"China Minsheng Banking Corp., Ltd. ADR",American Depositary Receipt,supported_core_stock_type,batch_a_us_core,0.595,apply_twelvedata_name_identifier_supported,apply_ready,identifier,0.91,build_metadata_name_update,OpenFIGI supports the Twelve Data name without conflicting with the local listing FIGI.,OpenFIGI supports Twelve Data name; FIGI relation=local_figi_match.,second_source_supports_twelvedata_name,OpenFIGI,,false,ok,BBG000PQBDN8,BBG000PQBDN8,local_figi_match,official_full,3,exchange_directory|listed_companies_subset|security_lookup_subset,952,7640,,,,needs_official_evidence,needs_official_evidence
OTC::CMCLF,CMCLF,OTC,China Molybdenum Co. Ltd,CMOC Group Ltd.,Common Stock,supported_core_stock_type,batch_a_us_core,0.308,apply_twelvedata_name_identifier_supported,apply_ready,identifier,0.91,build_metadata_name_update,OpenFIGI supports the Twelve Data name without conflicting with the local listing FIGI.,OpenFIGI supports Twelve Data name; FIGI relation=local_figi_match.,second_source_supports_twelvedata_name,OpenFIGI,,false,ok,BBG000RCYSV0,BBG000RCYSV0,local_figi_match,official_full,3,exchange_directory|listed_companies_subset|security_lookup_subset,952,7640,,,,needs_official_evidence,needs_official_evidence
OTC::CMCXF,CMCXF,OTC,CMC Metals Ltd,Walker Lane Resources Ltd.,Common Stock,supported_core_stock_type,batch_a_us_core,0.194,apply_twelvedata_name_identifier_supported,apply_ready,identifier,0.91,build_metadata_name_update,OpenFIGI supports the Twelve Data name without conflicting with the local listing FIGI.,OpenFIGI supports Twelve Data name; FIGI relation=local_figi_match.,second_source_supports_twelvedata_name,OpenFIGI,,false,ok,BBG000HSWJQ4,BBG000HSWJQ4,local_figi_match,official_full,3,exchange_directory|listed_companies_subset|security_lookup_subset,952,7640,,,,needs_official_evidence,needs_official_evidence
OTC::CMIM,CMIM,OTC,China Health Care Corp,Changming Industrial Management Co. Ltd.,Common Stock,supported_core_stock_type,batch_a_us_core,0.333,apply_twelvedata_name_identifier_supported,apply_ready,identifier,0.91,build_metadata_name_update,OpenFIGI supports the Twelve Data name without conflicting with the local listing FIGI.,OpenFIGI supports Twelve Data name; FIGI relation=local_figi_match.,second_source_supports_twelvedata_name,OpenFIGI,,false,ok,BBG000QB5Z94,BBG000QB5Z94,local_figi_match,official_full,3,exchange_directory|listed_companies_subset|security_lookup_subset,952,7640,,,,needs_official_evidence,needs_official_evidence
OTC::COFE,COFE,OTC,Coffeesmiths Collective Inc,Coffee Inc.,Common Stock,supported_core_stock_type,batch_a_us_core,0.414,apply_twelvedata_name_identifier_supported,apply_ready,identifier,0.91,build_metadata_name_update,OpenFIGI supports the Twelve Data name without conflicting with the local listing FIGI.,OpenFIGI supports Twelve Data name; FIGI relation=local_figi_match.,second_source_supports_twelvedata_name,OpenFIGI,,false,ok,BBG007F9SG66,BBG007F9SG66,local_figi_match,official_full,3,exchange_directory|listed_companies_subset|security_lookup_subset,952,7640,,,,needs_official_evidence,needs_official_evidence
OTC::COUTF,COUTF,OTC,China Outfitters Holdings Ltd,Huicheng International Holdings Co. Ltd.,Common Stock,supported_core_stock_type,batch_a_us_core,0.571,apply_twelvedata_name_identifier_supported,apply_ready,identifier,0.88,build_metadata_name_update,OpenFIGI supports the Twelve Data name without conflicting with the local listing FIGI.,OpenFIGI supports Twelve Data name; FIGI relation=openfigi_only.,second_source_supports_twelvedata_name,OpenFIGI,,false,ok,BBG004FLC7W4,,openfigi_only,official_full,3,exchange_directory|listed_companies_subset|security_lookup_subset,952,7640,,accepted_source_gap,Canonical stock sector only after exchange/name gate; no ticker/name-only inference.,needs_official_evidence,needs_official_evidence
OTC::COWI,COWI,OTC,Coroware Inc,Carbonmeta Technologies Inc.,Common Stock,supported_core_stock_type,batch_a_us_core,0.258,apply_twelvedata_name_identifier_supported,apply_ready,identifier,0.88,build_metadata_name_update,OpenFIGI supports the Twelve Data name without conflicting with the local listing FIGI.,OpenFIGI supports Twelve Data name; FIGI relation=openfigi_only.,second_source_supports_twelvedata_name,OpenFIGI,,false,ok,BBG000DNX294,,openfigi_only,official_full,3,exchange_directory|listed_companies_subset|security_lookup_subset,952,7640,,,,needs_official_evidence,needs_official_evidence
OTC::CPPKF,CPPKF,OTC,Copperbank Resources Corp,Faraday Copper Corp.,Common Stock,supported_core_stock_type,batch_a_us_core,0.353,apply_twelvedata_name_identifier_supported,apply_ready,identifier,0.91,build_metadata_name_update,OpenFIGI supports the Twelve Data name without conflicting with the local listing FIGI.,OpenFIGI supports Twelve Data name; FIGI relation=local_figi_match.,second_source_supports_twelvedata_name,OpenFIGI,,false,ok,BBG0089797M8,BBG0089797M8,local_figi_match,official_full,3,exchange_directory|listed_companies_subset|security_lookup_subset,952,7640,,,,needs_official_evidence,needs_official_evidence
OTC::CSLLY,CSLLY,OTC,CSL Ltd,CSL Limited Sponsored ADR,American Depositary Receipt,supported_core_stock_type,batch_a_us_core,0.3,apply_twelvedata_name_identifier_supported,apply_ready,identifier,0.91,build_metadata_name_update,OpenFIGI supports the Twelve Data name without conflicting with the local listing FIGI.,OpenFIGI supports Twelve Data name; FIGI relation=local_figi_match.,second_source_supports_twelvedata_name,OpenFIGI,,false,ok,BBG006M2HFB3,BBG006M2HFB3,local_figi_match,official_full,3,exchange_directory|listed_companies_subset|security_lookup_subset,952,7640,,,,needs_official_evidence,needs_official_evidence
OTC::CSPKY,CSPKY,OTC,COSCO SHIPPING Ports Limited,COSCO Pacific Limited Unsponsored ADR,American Depositary Receipt,supported_core_stock_type,batch_a_us_core,0.408,apply_twelvedata_name_identifier_supported,apply_ready,identifier,0.91,build_metadata_name_update,OpenFIGI supports the Twelve Data name without conflicting with the local listing FIGI.,OpenFIGI supports Twelve Data name; FIGI relation=local_figi_match.,second_source_supports_twelvedata_name,OpenFIGI,,false,ok,BBG000RLGQF2,BBG000RLGQF2,local_figi_match,official_full,3,exchange_directory|listed_companies_subset|security_lookup_subset,952,7640,,,,needs_official_evidence,needs_official_evidence
OTC::CUYTF,CUYTF,OTC,Etn. Fr. Colruyt NV,Colruyt Group N.V.,Common Stock,supported_core_stock_type,batch_a_us_core,0.452,apply_twelvedata_name_identifier_supported,apply_ready,identifier,0.91,build_metadata_name_update,OpenFIGI supports the Twelve Data name without conflicting with the local listing FIGI.,OpenFIGI supports Twelve Data name; FIGI relation=local_figi_match.,second_source_supports_twelvedata_name,OpenFIGI,,false,ok,BBG000BR3MX9,BBG000BR3MX9,local_figi_match,official_full,3,exchange_directory|listed_companies_subset|security_lookup_subset,952,7640,,,,needs_official_evidence,needs_official_evidence
OTC::CVWFF,CVWFF,OTC,CVW CleanTech Inc,CVW Sustainable Royalties Inc.,Common Stock,supported_core_stock_type,batch_a_us_core,0.474,apply_twelvedata_name_identifier_supported,apply_ready,identifier,0.91,build_metadata_name_update,OpenFIGI supports the Twelve Data name without conflicting with the local listing FIGI.,OpenFIGI supports Twelve Data name; FIGI relation=local_figi_match.,second_source_supports_twelvedata_name,OpenFIGI,,false,ok,BBG000CFBTN1,BBG000CFBTN1,local_figi_match,official_full,3,exchange_directory|listed_companies_subset|security_lookup_subset,952,7640,,accepted_source_gap,Canonical stock sector only after exchange/name gate; no ticker/name-only inference.,needs_official_evidence,needs_official_evidence
OTC::CYDVF,CYDVF,OTC,Cypress Development Corp,Century Lithium Corp.,Common Stock,supported_core_stock_type,batch_a_us_core,0.235,apply_twelvedata_name_identifier_supported,apply_ready,identifier,0.91,build_metadata_name_update,OpenFIGI supports the Twelve Data name without conflicting with the local listing FIGI.,OpenFIGI supports Twelve Data name; FIGI relation=local_figi_match.,second_source_supports_twelvedata_name,OpenFIGI,,false,ok,BBG000BXS0G6,BBG000BXS0G6,local_figi_match,official_full,3,exchange_directory|listed_companies_subset|security_lookup_subset,952,7640,,,,needs_official_evidence,needs_official_evidence
OTC::DANOY,DANOY,OTC,Danone PK,Danone Sponsored ADR,American Depositary Receipt,supported_core_stock_type,batch_a_us_core,0.552,apply_twelvedata_name_identifier_supported,apply_ready,identifier,0.91,build_metadata_name_update,OpenFIGI supports the Twelve Data name without conflicting with the local listing FIGI.,OpenFIGI supports Twelve Data name; FIGI relation=local_figi_match.,second_source_supports_twelvedata_name,OpenFIGI,,false,ok,BBG000BMHT97,BBG000BMHT97,local_figi_match,official_full,3,exchange_directory|listed_companies_subset|security_lookup_subset,952,7640,,,,needs_official_evidence,needs_official_evidence
OTC::DFORF,DFORF,OTC,D4t4 Solutions Plc,Celebrus Technologies Plc,Common Stock,supported_core_stock_type,batch_a_us_core,0.286,apply_twelvedata_name_identifier_supported,apply_ready,identifier,0.91,build_metadata_name_update,OpenFIGI supports the Twelve Data name without conflicting with the local listing FIGI.,OpenFIGI supports Twelve Data name; FIGI relation=local_figi_match.,second_source_supports_twelvedata_name,OpenFIGI,,false,ok,BBG00M4FLBY8,BBG00M4FLBY8,local_figi_match,official_full,3,exchange_directory|listed_companies_subset|security_lookup_subset,952,7640,,,,needs_official_evidence,needs_official_evidence
OTC::DGWR,DGWR,OTC,Critic Clothing Inc,Deep Green Waste & Recycling Inc.,Common Stock,supported_core_stock_type,batch_a_us_core,0.267,apply_twelvedata_name_identifier_supported,apply_ready,identifier,0.88,build_metadata_name_update,OpenFIGI supports the Twelve Data name without conflicting with the local listing FIGI.,OpenFIGI supports Twelve Data name; FIGI relation=openfigi_only.,second_source_supports_twelvedata_name,OpenFIGI,,false,ok,BBG000CVMD13,,openfigi_only,official_full,3,exchange_directory|listed_companies_subset|security_lookup_subset,952,7640,,,,needs_official_evidence,needs_official_evidence
OTC::DHAWF,DHAWF,OTC,DAIWA HSE ASSET MGMT ASIA,Daiwa House Logistics Trust,REIT,supported_core_stock_type,batch_a_us_core,0.538,apply_twelvedata_name_identifier_supported,apply_ready,identifier,0.88,build_metadata_name_update,OpenFIGI supports the Twelve Data name without conflicting with the local listing FIGI.,OpenFIGI supports Twelve Data name; FIGI relation=openfigi_only.,second_source_supports_twelvedata_name,OpenFIGI,,false,ok,BBG01KXS7M28,,openfigi_only,official_full,3,exchange_directory|listed_companies_subset|security_lookup_subset,952,7640,,accepted_source_gap,Canonical stock sector only after exchange/name gate; no ticker/name-only inference.,needs_official_evidence,needs_official_evidence
OTC::DLAD,DLAD,OTC,Cabal Communications Corporation,DealerAdvance Inc.,Common Stock,supported_core_stock_type,batch_a_us_core,0.182,apply_twelvedata_name_identifier_supported,apply_ready,identifier,0.88,build_metadata_name_update,OpenFIGI supports the Twelve Data name without conflicting with the local listing FIGI.,OpenFIGI supports Twelve Data name; FIGI relation=openfigi_only.,second_source_supports_twelvedata_name,OpenFIGI,,false,ok,BBG000F6B9S7,,openfigi_only,official_full,3,exchange_directory|listed_companies_subset|security_lookup_subset,952,7640,,,,needs_official_evidence,needs_official_evidence
OTC::DPSTF,DPSTF,OTC,Deutsche Post AG,DHL Group AG,Common Stock,supported_core_stock_type,batch_a_us_core,0.273,apply_twelvedata_name_identifier_supported,apply_ready,identifier,0.91,build_metadata_name_update,OpenFIGI supports the Twelve Data name without conflicting with the local listing FIGI.,OpenFIGI supports Twelve Data name; FIGI relation=local_figi_match.,second_source_supports_twelvedata_name,OpenFIGI,,false,ok,BBG000N0WCR2,BBG000N0WCR2,local_figi_match,official_full,3,exchange_directory|listed_companies_subset|security_lookup_subset,952,7640,,,,needs_official_evidence,needs_official_evidence
OTC::DRWN,DRWN,OTC,Quantum Medical Transport Inc,A Clean Slate Inc.,Common Stock,supported_core_stock_type,batch_a_us_core,0.211,apply_twelvedata_name_identifier_supported,apply_ready,identifier,0.91,build_metadata_name_update,OpenFIGI supports the Twelve Data name without conflicting with the local listing FIGI.,OpenFIGI supports Twelve Data name; FIGI relation=local_figi_match.,second_source_supports_twelvedata_name,OpenFIGI,,false,ok,BBG000L58KQ3,BBG000L58KQ3,local_figi_match,official_full,3,exchange_directory|listed_companies_subset|security_lookup_subset,952,7640,,,,needs_official_evidence,needs_official_evidence
OTC::DSDVF,DSDVF,OTC,DSV Panalpina A/S,DSV A/S,Common Stock,supported_core_stock_type,batch_a_us_core,0.583,apply_twelvedata_name_identifier_supported,apply_ready,identifier,0.91,build_metadata_name_update,OpenFIGI supports the Twelve Data name without conflicting with the local listing FIGI.,OpenFIGI supports Twelve Data name; FIGI relation=local_figi_match.,second_source_supports_twelvedata_name,OpenFIGI,,false,ok,BBG000C0PHG3,BBG000C0PHG3,local_figi_match,official_full,3,exchange_directory|listed_companies_subset|security_lookup_subset,952,7640,,,,needs_official_evidence,needs_official_evidence
OTC::EAGRF,EAGRF,OTC,Leaf Mobile Inc,East Side Games Group Inc.,Common Stock,supported_core_stock_type,batch_a_us_core,0.312,apply_twelvedata_name_identifier_supported,apply_ready,identifier,0.91,build_metadata_name_update,OpenFIGI supports the Twelve Data name without conflicting with the local listing FIGI.,OpenFIGI supports Twelve Data name; FIGI relation=local_figi_match.,second_source_supports_twelvedata_name,OpenFIGI,,false,ok,BBG00TZRC3T7,BBG00TZRC3T7,local_figi_match,official_full,3,exchange_directory|listed_companies_subset|security_lookup_subset,952,7640,,,,needs_official_evidence,needs_official_evidence
OTC::EBODF,EBODF,OTC,Renewable Energy Trade Board Corp,New Energy Exchange Ltd.,Common Stock,supported_core_stock_type,batch_a_us_core,0.553,apply_twelvedata_name_identifier_supported,apply_ready,identifier,0.91,build_metadata_name_update,OpenFIGI supports the Twelve Data name without conflicting with the local listing FIGI.,OpenFIGI supports Twelve Data name; FIGI relation=local_figi_match.,second_source_supports_twelvedata_name,OpenFIGI,,false,ok,BBG000BMD9R5,BBG000BMD9R5,local_figi_match,official_full,3,exchange_directory|listed_companies_subset|security_lookup_subset,952,7640,,,,needs_official_evidence,needs_official_evidence
OTC::EEMMF,EEMMF,OTC,E3 Metals Corp,E3 Lithium Ltd.,Common Stock,supported_core_stock_type,batch_a_us_core,0.421,apply_twelvedata_name_identifier_supported,apply_ready,identifier,0.91,build_metadata_name_update,OpenFIGI supports the Twelve Data name without conflicting with the local listing FIGI.,OpenFIGI supports Twelve Data name; FIGI relation=local_figi_match.,second_source_supports_twelvedata_name,OpenFIGI,,false,ok,BBG00GXFPFS3,BBG00GXFPFS3,local_figi_match,official_full,3,exchange_directory|listed_companies_subset|security_lookup_subset,952,7640,,,,needs_official_evidence,needs_official_evidence
OTC::EFRTF,EFRTF,OTC,Nexus Real Estate Investment Trust,Nexus Industrial REIT,REIT,supported_core_stock_type,batch_a_us_core,0.436,apply_twelvedata_name_identifier_supported,apply_ready,identifier,0.88,build_metadata_name_update,OpenFIGI supports the Twelve Data name without conflicting with the local listing FIGI.,OpenFIGI supports Twelve Data name; FIGI relation=openfigi_only.,second_source_supports_twelvedata_name,OpenFIGI,,false,ok,BBG0068TFW61,,openfigi_only,official_full,3,exchange_directory|listed_companies_subset|security_lookup_subset,952,7640,,,,needs_official_evidence,needs_official_evidence
OTC::EGRNF,EGRNF,OTC,EGRNF,China Evergrande Group,Common Stock,supported_core_stock_type,batch_a_us_core,0.296,apply_twelvedata_name_identifier_supported,apply_ready,identifier,0.91,build_metadata_name_update,OpenFIGI supports the Twelve Data name without conflicting with the local listing FIGI.,OpenFIGI supports Twelve Data name; FIGI relation=local_figi_match.,second_source_supports_twelvedata_name,OpenFIGI,,false,ok,BBG000WB0K95,BBG000WB0K95,local_figi_match,official_full,3,exchange_directory|listed_companies_subset|security_lookup_subset,952,7640,,,,needs_official_evidence,needs_official_evidence
OTC::EIHDF,EIHDF,OTC,888 Holdings,Evoke plc,Common Stock,supported_core_stock_type,batch_a_us_core,0.118,apply_twelvedata_name_identifier_supported,apply_ready,identifier,0.91,build_metadata_name_update,OpenFIGI supports the Twelve Data name without conflicting with the local listing FIGI.,OpenFIGI supports Twelve Data name; FIGI relation=local_figi_match.,second_source_supports_twelvedata_name,OpenFIGI,,false,ok,BBG000BFPVW2,BBG000BFPVW2,local_figi_match,official_full,3,exchange_directory|listed_companies_subset|security_lookup_subset,952,7640,,,,needs_official_evidence,needs_official_evidence
OTC::ELNX,ELNX,OTC,Aperture Health Inc,Elinx Corp.,Common Stock,supported_core_stock_type,batch_a_us_core,0.2,apply_twelvedata_name_identifier_supported,apply_ready,identifier,0.91,build_metadata_name_update,OpenFIGI supports the Twelve Data name without conflicting with the local listing FIGI.,OpenFIGI supports Twelve Data name; FIGI relation=local_figi_match.,second_source_supports_twelvedata_name,OpenFIGI,,false,ok,BBG000BDXRV8,BBG000BDXRV8,local_figi_match,official_full,3,exchange_directory|listed_companies_subset|security_lookup_subset,952,7640,,,,needs_official_evidence,needs_official_evidence
OTC::EMMS,EMMS,OTC,Emmis Communications Corp,Emmis Corporation,Common Stock,supported_core_stock_type,batch_a_us_core,0.4,apply_twelvedata_name_identifier_supported,apply_ready,identifier,0.91,build_metadata_name_update,OpenFIGI supports the Twelve Data name without conflicting with the local listing FIGI.,OpenFIGI supports Twelve Data name; FIGI relation=local_figi_match.,second_source_supports_twelvedata_name,OpenFIGI,,false,ok,BBG000B9YHW7,BBG000B9YHW7,local_figi_match,official_full,3,exchange_directory|listed_companies_subset|security_lookup_subset,952,7640,,,,needs_official_evidence,needs_official_evidence
OTC::ENMI,ENMI,OTC,Energy Management International Inc,Dh Enchantment Inc.,Common Stock,supported_core_stock_type,batch_a_us_core,0.356,apply_twelvedata_name_identifier_supported,apply_ready,identifier,0.88,build_metadata_name_update,OpenFIGI supports the Twelve Data name without conflicting with the local listing FIGI.,OpenFIGI supports Twelve Data name; FIGI relation=openfigi_only.,second_source_supports_twelvedata_name,OpenFIGI,,false,ok,BBG000C0KZQ7,,openfigi_only,official_full,3,exchange_directory|listed_companies_subset|security_lookup_subset,952,7640,,,,needs_official_evidence,needs_official_evidence
OTC::EQLB,EQLB,OTC,Eq Energy Drink Inc,Eq Labs Inc.,Common Stock,supported_core_stock_type,batch_a_us_core,0.273,apply_twelvedata_name_identifier_supported,apply_ready,identifier,0.91,build_metadata_name_update,OpenFIGI supports the Twelve Data name without conflicting with the local listing FIGI.,OpenFIGI supports Twelve Data name; FIGI relation=local_figi_match.,second_source_supports_twelvedata_name,OpenFIGI,,false,ok,BBG000BG9190,BBG000BG9190,local_figi_match,official_full,3,exchange_directory|listed_companies_subset|security_lookup_subset,952,7640,,,,needs_official_evidence,needs_official_evidence
OTC::ESGLF,ESGLF,OTC,EnviroGold Global Limited,NVRO Metals Limited,Common Stock,supported_core_stock_type,batch_a_us_core,0.5,apply_twelvedata_name_identifier_supported,apply_ready,identifier,0.91,build_metadata_name_update,OpenFIGI supports the Twelve Data name without conflicting with the local listing FIGI.,OpenFIGI supports Twelve Data name; FIGI relation=local_figi_match.,second_source_supports_twelvedata_name,OpenFIGI,,false,ok,BBG000WH0W05,BBG000WH0W05,local_figi_match,official_full,3,exchange_directory|listed_companies_subset|security_lookup_subset,952,7640,,,,needs_official_evidence,needs_official_evidence
OTC::ESTRF,ESTRF,OTC,Estre USA Inc Class A,Estre Ambiental Inc.,Common Stock,supported_core_stock_type,batch_a_us_core,0.5,apply_twelvedata_name_identifier_supported,apply_ready,identifier,0.91,build_metadata_name_update,OpenFIGI supports the Twelve Data name without conflicting with the local listing FIGI.,OpenFIGI supports Twelve Data name; FIGI relation=local_figi_match.,second_source_supports_twelvedata_name,OpenFIGI,,false,ok,BBG00HS81HX9,BBG00HS81HX9,local_figi_match,official_full,3,exchange_directory|listed_companies_subset|security_lookup_subset,952,7640,,,,needs_official_evidence,needs_official_evidence
OTC::ESXMF,ESXMF,OTC,Essex Minerals Inc,Optegra Ventures Inc.,Common Stock,supported_core_stock_type,batch_a_us_core,0.133,apply_twelvedata_name_identifier_supported,apply_ready,identifier,0.91,build_metadata_name_update,OpenFIGI supports the Twelve Data name without conflicting with the local listing FIGI.,OpenFIGI supports Twelve Data name; FIGI relation=local_figi_match.,second_source_supports_twelvedata_name,OpenFIGI,,false,ok,BBG00YV3JJY5,BBG00YV3JJY5,local_figi_match,official_full,3,exchange_directory|listed_companies_subset|security_lookup_subset,952,7640,,,,needs_official_evidence,needs_official_evidence
OTC::ETNI,ETNI,OTC,Entest Biomedical Inc,Entest Group Inc.,Common Stock,supported_core_stock_type,batch_a_us_core,0.552,apply_twelvedata_name_identifier_supported,apply_ready,identifier,0.91,build_metadata_name_update,OpenFIGI supports the Twelve Data name without conflicting with the local listing FIGI.,OpenFIGI supports Twelve Data name; FIGI relation=local_figi_match.,second_source_supports_twelvedata_name,OpenFIGI,,false,ok,BBG000BZ1WG0,BBG000BZ1WG0,local_figi_match,official_full,3,exchange_directory|listed_companies_subset|security_lookup_subset,952,7640,,,,needs_official_evidence,needs_official_evidence
OTC::EUEMF,EUEMF,OTC,European Energy Metals Corp.,Grit Metals Corp.,Common Stock,supported_core_stock_type,batch_a_us_core,0.485,apply_twelvedata_name_identifier_supported,apply_ready,identifier,0.91,build_metadata_name_update,OpenFIGI supports the Twelve Data name without conflicting with the local listing FIGI.,OpenFIGI supports Twelve Data name; FIGI relation=local_figi_match.,second_source_supports_twelvedata_name,OpenFIGI,,false,ok,BBG01GSFZPX9,BBG01GSFZPX9,local_figi_match,official_full,3,exchange_directory|listed_companies_subset|security_lookup_subset,952,7640,,,,needs_official_evidence,needs_official_evidence
OTC::EVSP,EVSP,OTC,Environmental Service Professionals Inc,Glas-Aire Industries Group Ltd.,Common Stock,supported_core_stock_type,batch_a_us_core,0.197,apply_twelvedata_name_identifier_supported,apply_ready,identifier,0.91,build_metadata_name_update,OpenFIGI supports the Twelve Data name without conflicting with the local listing FIGI.,OpenFIGI supports Twelve Data name; FIGI relation=local_figi_match.,second_source_supports_twelvedata_name,OpenFIGI,,false,ok,BBG000GPSNG8,BBG000GPSNG8,local_figi_match,official_full,3,exchange_directory|listed_companies_subset|security_lookup_subset,952,7640,,,,needs_official_evidence,needs_official_evidence
OTC::EXLA,EXLA,OTC,Helmer Directional,Exla Resources Inc.,Common Stock,supported_core_stock_type,batch_a_us_core,0.375,apply_twelvedata_name_identifier_supported,apply_ready,identifier,0.91,build_metadata_name_update,OpenFIGI supports the Twelve Data name without conflicting with the local listing FIGI.,OpenFIGI supports Twelve Data name; FIGI relation=local_figi_match.,second_source_supports_twelvedata_name,OpenFIGI,,false,ok,BBG000TC89T2,BBG000TC89T2,local_figi_match,official_full,3,exchange_directory|listed_companies_subset|security_lookup_subset,952,7640,,,,needs_official_evidence,needs_official_evidence
OTC::EXPGY,EXPGY,OTC,Experian plc PK,Experian plc Sponsored ADR,American Depositary Receipt,supported_core_stock_type,batch_a_us_core,0.606,apply_twelvedata_name_identifier_supported,apply_ready,identifier,0.91,build_metadata_name_update,OpenFIGI supports the Twelve Data name without conflicting with the local listing FIGI.,OpenFIGI supports Twelve Data name; FIGI relation=local_figi_match.,second_source_supports_twelvedata_name,OpenFIGI,,false,ok,BBG000H4RVT3,BBG000H4RVT3,local_figi_match,official_full,3,exchange_directory|listed_companies_subset|security_lookup_subset,952,7640,,,,needs_official_evidence,needs_official_evidence
OTC::EXSR,EXSR,OTC,Exchange Bank,Exchange Bank of Santa Rosa California,Common Stock,supported_core_stock_type,batch_a_us_core,0.51,apply_twelvedata_name_identifier_supported,apply_ready,identifier,0.91,build_metadata_name_update,OpenFIGI supports the Twelve Data name without conflicting with the local listing FIGI.,OpenFIGI supports Twelve Data name; FIGI relation=local_figi_match.,second_source_supports_twelvedata_name,OpenFIGI,,false,ok,BBG000BHWS66,BBG000BHWS66,local_figi_match,official_full,3,exchange_directory|listed_companies_subset|security_lookup_subset,952,7640,,,,needs_official_evidence,needs_official_evidence
OTC::FBGI,FBGI,OTC,First Shares Bancorp Inc,Foodbase Group Inc.,Common Stock,supported_core_stock_type,batch_a_us_core,0.294,apply_twelvedata_name_identifier_supported,apply_ready,identifier,0.88,build_metadata_name_update,OpenFIGI supports the Twelve Data name without conflicting with the local listing FIGI.,OpenFIGI supports Twelve Data name; FIGI relation=openfigi_only.,second_source_supports_twelvedata_name,OpenFIGI,,false,ok,BBG000BD2V70,,openfigi_only,official_full,3,exchange_directory|listed_companies_subset|security_lookup_subset,952,7640,,,,needs_official_evidence,needs_official_evidence
OTC::FDOGF,FDOGF,OTC,Friday's Dog Holdings Inc.,Patriot Resources Corp.,Common Stock,supported_core_stock_type,batch_a_us_core,0.316,apply_twelvedata_name_identifier_supported,apply_ready,identifier,0.88,build_metadata_name_update,OpenFIGI supports the Twelve Data name without conflicting with the local listing FIGI.,OpenFIGI supports Twelve Data name; FIGI relation=openfigi_only.,second_source_supports_twelvedata_name,OpenFIGI,,false,ok,BBG000FQ68B9,,openfigi_only,official_full,3,exchange_directory|listed_companies_subset|security_lookup_subset,952,7640,,accepted_source_gap,Canonical stock sector only after exchange/name gate; no ticker/name-only inference.,needs_official_evidence,needs_official_evidence
OTC::FDVA,FDVA,OTC,Freedom Bank of Virginia,"Freedom Financial Holdings, Inc.",Common Stock,supported_core_stock_type,batch_a_us_core,0.56,apply_twelvedata_name_identifier_supported,apply_ready,identifier,0.91,build_metadata_name_update,OpenFIGI supports the Twelve Data name without conflicting with the local listing FIGI.,OpenFIGI supports Twelve Data name; FIGI relation=local_figi_match.,second_source_supports_twelvedata_name,OpenFIGI,,false,ok,BBG0136JP060,BBG0136JP060,local_figi_match,official_full,3,exchange_directory|listed_companies_subset|security_lookup_subset,952,7640,,,,needs_official_evidence,needs_official_evidence
OTC::FITGF,FITGF,OTC,Foxconn Interconnect Technology Ltd.,FIT Hon Teng Ltd.,Common Stock,supported_core_stock_type,batch_a_us_core,0.372,apply_twelvedata_name_identifier_supported,apply_ready,identifier,0.91,build_metadata_name_update,OpenFIGI supports the Twelve Data name without conflicting with the local listing FIGI.,OpenFIGI supports Twelve Data name; FIGI relation=local_figi_match.,second_source_supports_twelvedata_name,OpenFIGI,,false,ok,BBG00VDFDBQ6,BBG00VDFDBQ6,local_figi_match,official_full,3,exchange_directory|listed_companies_subset|security_lookup_subset,952,7640,,,,needs_official_evidence,needs_official_evidence
OTC::FMCC,FMCC,OTC,Federal Home Loan Mortgage Corp,Freddie Mac,Common Stock,supported_core_stock_type,batch_a_us_core,0.324,apply_twelvedata_name_identifier_supported,apply_ready,identifier,0.91,build_metadata_name_update,OpenFIGI supports the Twelve Data name without conflicting with the local listing FIGI.,OpenFIGI supports Twelve Data name; FIGI relation=local_figi_match.,second_source_supports_twelvedata_name,OpenFIGI,,false,ok,BBG000BF7Y65,BBG000BF7Y65,local_figi_match,official_full,3,exchange_directory|listed_companies_subset|security_lookup_subset,952,7640,,,,needs_official_evidence,needs_official_evidence
OTC::FMTYF,FMTYF,OTC,BANCO INVEX SA,Fibra Mty S.A.P.I. de C.V.,REIT,supported_core_stock_type,batch_a_us_core,0.286,apply_twelvedata_name_identifier_supported,apply_ready,identifier,0.88,build_metadata_name_update,OpenFIGI supports the Twelve Data name without conflicting with the local listing FIGI.,OpenFIGI supports Twelve Data name; FIGI relation=openfigi_only.,second_source_supports_twelvedata_name,OpenFIGI,,false,ok,BBG01H9ZL3V0,,openfigi_only,official_full,3,exchange_directory|listed_companies_subset|security_lookup_subset,952,7640,,accepted_source_gap,Canonical stock sector only after exchange/name gate; no ticker/name-only inference.,needs_official_evidence,needs_official_evidence
OTC::FNBKY,FNBKY,OTC,FinecoBank Banca Fineco S.p.A,FinecoBank S.p.A. Unsponsored ADR,American Depositary Receipt,supported_core_stock_type,batch_a_us_core,0.525,apply_twelvedata_name_identifier_supported,apply_ready,identifier,0.88,build_metadata_name_update,OpenFIGI supports the Twelve Data name without conflicting with the local listing FIGI.,OpenFIGI supports Twelve Data name; FIGI relation=openfigi_only.,second_source_supports_twelvedata_name,OpenFIGI,,false,ok,BBG00CL728P7,,openfigi_only,official_full,3,exchange_directory|listed_companies_subset|security_lookup_subset,952,7640,,,,needs_official_evidence,needs_official_evidence
OTC::FNMA,FNMA,OTC,Federal National Mortgage Association,Fannie Mae,Common Stock,supported_core_stock_type,batch_a_us_core,0.255,apply_twelvedata_name_identifier_supported,apply_ready,identifier,0.91,build_metadata_name_update,OpenFIGI supports the Twelve Data name without conflicting with the local listing FIGI.,OpenFIGI supports Twelve Data name; FIGI relation=local_figi_match.,second_source_supports_twelvedata_name,OpenFIGI,,false,ok,BBG000BJQ328,BBG000BJQ328,local_figi_match,official_full,3,exchange_directory|listed_companies_subset|security_lookup_subset,952,7640,,,,needs_official_evidence,needs_official_evidence
OTC::FPBC,FPBC,OTC,Friendly Hills Bancorp,First Pacific Bancorp Inc.,Common Stock,supported_core_stock_type,batch_a_us_core,0.558,apply_twelvedata_name_identifier_supported,apply_ready,identifier,0.91,build_metadata_name_update,OpenFIGI supports the Twelve Data name without conflicting with the local listing FIGI.,OpenFIGI supports Twelve Data name; FIGI relation=local_figi_match.,second_source_supports_twelvedata_name,OpenFIGI,,false,ok,BBG0123NKQ64,BBG0123NKQ64,local_figi_match,official_full,3,exchange_directory|listed_companies_subset|security_lookup_subset,952,7640,,accepted_source_gap,Canonical stock sector only after exchange/name gate; no ticker/name-only inference.,needs_official_evidence,needs_official_evidence
OTC::FRFR,FRFR,OTC,First Priority Tax Solutions Inc,Fritzy Tech Inc.,Common Stock,supported_core_stock_type,batch_a_us_core,0.359,apply_twelvedata_name_identifier_supported,apply_ready,identifier,0.88,build_metadata_name_update,OpenFIGI supports the Twelve Data name without conflicting with the local listing FIGI.,OpenFIGI supports Twelve Data name; FIGI relation=openfigi_only.,second_source_supports_twelvedata_name,OpenFIGI,,false,ok,BBG007BC0HY0,,openfigi_only,official_full,3,exchange_directory|listed_companies_subset|security_lookup_subset,952,7640,,,,needs_official_evidence,needs_official_evidence
OTC::FSUMF,FSUMF,OTC,Fortescue Metals Group Ltd,Fortescue Ltd,Common Stock,supported_core_stock_type,batch_a_us_core,0.581,apply_twelvedata_name_identifier_supported,apply_ready,identifier,0.91,build_metadata_name_update,OpenFIGI supports the Twelve Data name without conflicting with the local listing FIGI.,OpenFIGI supports Twelve Data name; FIGI relation=local_figi_match.,second_source_supports_twelvedata_name,OpenFIGI,,false,ok,BBG000PFS5K4,BBG000PFS5K4,local_figi_match,official_full,3,exchange_directory|listed_companies_subset|security_lookup_subset,952,7640,,,,needs_official_evidence,needs_official_evidence
OTC::GCWOF,GCWOF,OTC,Grupo Cementos de Chihuahua S.A.B. de C.V,"GCC, S.A.B. de C.V.",Common Stock,supported_core_stock_type,batch_a_us_core,0.571,apply_twelvedata_name_identifier_supported,apply_ready,identifier,0.91,build_metadata_name_update,OpenFIGI supports the Twelve Data name without conflicting with the local listing FIGI.,OpenFIGI supports Twelve Data name; FIGI relation=local_figi_match.,second_source_supports_twelvedata_name,OpenFIGI,,false,ok,BBG000BVPJ81,BBG000BVPJ81,local_figi_match,official_full,3,exchange_directory|listed_companies_subset|security_lookup_subset,952,7640,,,,needs_official_evidence,needs_official_evidence
OTC::GDMIF,GDMIF,OTC,Goldstar Minerals Inc,Green Mining Innovation Inc.,Common Stock,supported_core_stock_type,batch_a_us_core,0.35,apply_twelvedata_name_identifier_supported,apply_ready,identifier,0.91,build_metadata_name_update,OpenFIGI supports the Twelve Data name without conflicting with the local listing FIGI.,OpenFIGI supports Twelve Data name; FIGI relation=local_figi_match.,second_source_supports_twelvedata_name,OpenFIGI,,false,ok,BBG00KXH72D5,BBG00KXH72D5,local_figi_match,official_full,3,exchange_directory|listed_companies_subset|security_lookup_subset,952,7640,,,,needs_official_evidence,needs_official_evidence
OTC::GEAGF,GEAGF,OTC,GEA Group Aktiengesellschaft,GEA Group AG,Common Stock,supported_core_stock_type,batch_a_us_core,0.486,apply_twelvedata_name_identifier_supported,apply_ready,identifier,0.88,build_metadata_name_update,OpenFIGI supports the Twelve Data name without conflicting with the local listing FIGI.,OpenFIGI supports Twelve Data name; FIGI relation=openfigi_only.,second_source_supports_twelvedata_name,OpenFIGI,,false,ok,BBG000C8WK80,,openfigi_only,official_full,3,exchange_directory|listed_companies_subset|security_lookup_subset,952,7640,,,,needs_official_evidence,needs_official_evidence
OTC::GEDSF,GEDSF,OTC,Richter Gedeon Vegyészeti Gyár Nyilvánosan Muködo Rt,Richter Gedeon Nyrt Spons GDR,Depositary Receipt,supported_core_stock_type,batch_a_us_core,0.519,apply_twelvedata_name_identifier_supported,apply_ready,identifier,0.88,build_metadata_name_update,OpenFIGI supports the Twelve Data name without conflicting with the local listing FIGI.,OpenFIGI supports Twelve Data name; FIGI relation=openfigi_only.,second_source_supports_twelvedata_name,OpenFIGI,,false,ok,BBG000JPDZ83,,openfigi_only,official_full,3,exchange_directory|listed_companies_subset|security_lookup_subset,952,7640,,accepted_source_gap,Canonical stock sector only after exchange/name gate; no ticker/name-only inference.,needs_official_evidence,needs_official_evidence
OTC::GEGR,GEGR,OTC,National Health Scan,Gaensel Energy Group Inc.,Common Stock,supported_core_stock_type,batch_a_us_core,0.25,apply_twelvedata_name_identifier_supported,apply_ready,identifier,0.91,build_metadata_name_update,OpenFIGI supports the Twelve Data name without conflicting with the local listing FIGI.,OpenFIGI supports Twelve Data name; FIGI relation=local_figi_match.,second_source_supports_twelvedata_name,OpenFIGI,,false,ok,BBG000C0YH00,BBG000C0YH00,local_figi_match,official_full,3,exchange_directory|listed_companies_subset|security_lookup_subset,952,7640,,,,needs_official_evidence,needs_official_evidence
OTC::GGGSY,GGGSY,OTC,Greggs plc,Greggs Plc Unsponsored ADR,American Depositary Receipt,supported_core_stock_type,batch_a_us_core,0.429,apply_twelvedata_name_identifier_supported,apply_ready,identifier,0.91,build_metadata_name_update,OpenFIGI supports the Twelve Data name without conflicting with the local listing FIGI.,OpenFIGI supports Twelve Data name; FIGI relation=local_figi_match.,second_source_supports_twelvedata_name,OpenFIGI,,false,ok,BBG000JSF901,BBG000JSF901,local_figi_match,official_full,3,exchange_directory|listed_companies_subset|security_lookup_subset,952,7640,,,,needs_official_evidence,needs_official_evidence
OTC::GLPEY,GLPEY,OTC,Galp Energa,Galp Energia SGPS S.A. Unsponsored ADR,American Depositary Receipt,supported_core_stock_type,batch_a_us_core,0.458,apply_twelvedata_name_identifier_supported,apply_ready,identifier,0.91,build_metadata_name_update,OpenFIGI supports the Twelve Data name without conflicting with the local listing FIGI.,OpenFIGI supports Twelve Data name; FIGI relation=local_figi_match.,second_source_supports_twelvedata_name,OpenFIGI,,false,ok,BBG000MB3YK0,BBG000MB3YK0,local_figi_match,official_full,3,exchange_directory|listed_companies_subset|security_lookup_subset,952,7640,,,,needs_official_evidence,needs_official_evidence
OTC::GLPGF,GLPGF,OTC,Galapagos NV,Lakefront Biotherapeutics,Common Stock,supported_core_stock_type,batch_a_us_core,0.235,apply_twelvedata_name_identifier_supported,apply_ready,identifier,0.91,build_metadata_name_update,OpenFIGI supports the Twelve Data name without conflicting with the local listing FIGI.,OpenFIGI supports Twelve Data name; FIGI relation=local_figi_match.,second_source_supports_twelvedata_name,OpenFIGI,,false,ok,BBG000FVZZN3,BBG000FVZZN3,local_figi_match,official_full,3,exchange_directory|listed_companies_subset|security_lookup_subset,952,7640,,,,needs_official_evidence,needs_official_evidence
OTC::GLVT,GLVT,OTC,Greenlit Ventures Inc,Ms Young Adventure Enterprises Inc.,Common Stock,supported_core_stock_type,batch_a_us_core,0.426,apply_twelvedata_name_identifier_supported,apply_ready,identifier,0.91,build_metadata_name_update,OpenFIGI supports the Twelve Data name without conflicting with the local listing FIGI.,OpenFIGI supports Twelve Data name; FIGI relation=local_figi_match.,second_source_supports_twelvedata_name,OpenFIGI,,false,ok,BBG00SY467J0,BBG00SY467J0,local_figi_match,official_full,3,exchange_directory|listed_companies_subset|security_lookup_subset,952,7640,,,,needs_official_evidence,needs_official_evidence
OTC::GMEV,GMEV,OTC,Great China Mania Holdings Inc,GME Innotainment Inc.,Common Stock,supported_core_stock_type,batch_a_us_core,0.381,apply_twelvedata_name_identifier_supported,apply_ready,identifier,0.91,build_metadata_name_update,OpenFIGI supports the Twelve Data name without conflicting with the local listing FIGI.,OpenFIGI supports Twelve Data name; FIGI relation=local_figi_match.,second_source_supports_twelvedata_name,OpenFIGI,,false,ok,BBG000RGR0Z6,BBG000RGR0Z6,local_figi_match,official_full,3,exchange_directory|listed_companies_subset|security_lookup_subset,952,7640,,,,needs_official_evidence,needs_official_evidence
OTC::GOOLF,GOOLF,OTC,Aquarius AI Inc,P2Earn Inc.,Common Stock,supported_core_stock_type,batch_a_us_core,0.235,apply_twelvedata_name_identifier_supported,apply_ready,identifier,0.91,build_metadata_name_update,OpenFIGI supports the Twelve Data name without conflicting with the local listing FIGI.,OpenFIGI supports Twelve Data name; FIGI relation=local_figi_match.,second_source_supports_twelvedata_name,OpenFIGI,,false,ok,BBG00MQ2XHV0,BBG00MQ2XHV0,local_figi_match,official_full,3,exchange_directory|listed_companies_subset|security_lookup_subset,952,7640,,,,needs_official_evidence,needs_official_evidence
OTC::GRDAF,GRDAF,OTC,Guardforce AI Co. Limited,Grounded Lithium Corp.,Common Stock,supported_core_stock_type,batch_a_us_core,0.414,apply_twelvedata_name_identifier_supported,apply_ready,identifier,0.91,build_metadata_name_update,OpenFIGI supports the Twelve Data name without conflicting with the local listing FIGI.,OpenFIGI supports Twelve Data name; FIGI relation=local_figi_match.,second_source_supports_twelvedata_name,OpenFIGI,,false,ok,BBG000HY9293,BBG000HY9293,local_figi_match,official_full,3,exchange_directory|listed_companies_subset|security_lookup_subset,952,7640,,,,needs_official_evidence,needs_official_evidence
OTC::GRKZF,GRKZF,OTC,Greek Organization of Football Prognostics S.A,Allwyn AG,Common Stock,supported_core_stock_type,batch_a_us_core,0.154,apply_twelvedata_name_identifier_supported,apply_ready,identifier,0.91,build_metadata_name_update,OpenFIGI supports the Twelve Data name without conflicting with the local listing FIGI.,OpenFIGI supports Twelve Data name; FIGI relation=local_figi_match.,second_source_supports_twelvedata_name,OpenFIGI,,false,ok,BBG000L1RDW0,BBG000L1RDW0,local_figi_match,official_full,3,exchange_directory|listed_companies_subset|security_lookup_subset,952,7640,,,,needs_official_evidence,needs_official_evidence
OTC::GRPS,GRPS,OTC,"Trans American Aquaculture, Inc",Gold River Productions Inc.,Common Stock,supported_core_stock_type,batch_a_us_core,0.125,apply_twelvedata_name_identifier_supported,apply_ready,identifier,0.91,build_metadata_name_update,OpenFIGI supports the Twelve Data name without conflicting with the local listing FIGI.,OpenFIGI supports Twelve Data name; FIGI relation=local_figi_match.,second_source_supports_twelvedata_name,OpenFIGI,,false,ok,BBG000J403M9,BBG000J403M9,local_figi_match,official_full,3,exchange_directory|listed_companies_subset|security_lookup_subset,952,7640,,,,needs_official_evidence,needs_official_evidence
OTC::GSTC,GSTC,OTC,AngioSoma Inc,Globestar Therapeutics Corp.,Common Stock,supported_core_stock_type,batch_a_us_core,0.194,apply_twelvedata_name_identifier_supported,apply_ready,identifier,0.91,build_metadata_name_update,OpenFIGI supports the Twelve Data name without conflicting with the local listing FIGI.,OpenFIGI supports Twelve Data name; FIGI relation=local_figi_match.,second_source_supports_twelvedata_name,OpenFIGI,,false,ok,BBG001PR6FP3,BBG001PR6FP3,local_figi_match,official_full,3,exchange_directory|listed_companies_subset|security_lookup_subset,952,7640,,accepted_source_gap,Canonical stock sector only after exchange/name gate; no ticker/name-only inference.,needs_official_evidence,needs_official_evidence
OTC::GTGEF,GTGEF,OTC,G2 Technologies Corp,G2 Energy Corp.,Common Stock,supported_core_stock_type,batch_a_us_core,0.5,apply_twelvedata_name_identifier_supported,apply_ready,identifier,0.88,build_metadata_name_update,OpenFIGI supports the Twelve Data name without conflicting with the local listing FIGI.,OpenFIGI supports Twelve Data name; FIGI relation=openfigi_only.,second_source_supports_twelvedata_name,OpenFIGI,,false,ok,BBG00JRGX7D7,,openfigi_only,official_full,3,exchange_directory|listed_companies_subset|security_lookup_subset,952,7640,,,,needs_official_evidence,needs_official_evidence
OTC::GULTU,GULTU,OTC,Gulf Coast,Gulf Coast Ultra Deep Royalty Trust,Common Stock,supported_core_stock_type,batch_a_us_core,0.444,apply_twelvedata_name_identifier_supported,apply_ready,identifier,0.91,build_metadata_name_update,OpenFIGI supports the Twelve Data name without conflicting with the local listing FIGI.,OpenFIGI supports Twelve Data name; FIGI relation=local_figi_match.,second_source_supports_twelvedata_name,OpenFIGI,,false,ok,BBG004N1KV84,BBG004N1KV84,local_figi_match,official_full,3,exchange_directory|listed_companies_subset|security_lookup_subset,952,7640,,,,needs_official_evidence,needs_official_evidence
OTC::HENC,HENC,OTC,Holloman Energy Corp,Hero Technologies Inc.,Common Stock,supported_core_stock_type,batch_a_us_core,0.312,apply_twelvedata_name_identifier_supported,apply_ready,identifier,0.91,build_metadata_name_update,OpenFIGI supports the Twelve Data name without conflicting with the local listing FIGI.,OpenFIGI supports Twelve Data name; FIGI relation=local_figi_match.,second_source_supports_twelvedata_name,OpenFIGI,,false,ok,BBG000QJ00C5,BBG000QJ00C5,local_figi_match,official_full,3,exchange_directory|listed_companies_subset|security_lookup_subset,952,7640,,,,needs_official_evidence,needs_official_evidence
OTC::HLTC,HLTC,OTC,HealthCare Inc,National HealthCare Properties,REIT,supported_core_stock_type,batch_a_us_core,0.5,apply_twelvedata_name_identifier_supported,apply_ready,identifier,0.88,build_metadata_name_update,OpenFIGI supports the Twelve Data name without conflicting with the local listing FIGI.,OpenFIGI supports Twelve Data name; FIGI relation=openfigi_only.,second_source_supports_twelvedata_name,OpenFIGI,,false,ok,BBG0043ZCX59,,openfigi_only,official_full,3,exchange_directory|listed_companies_subset|security_lookup_subset,952,7640,,,,needs_official_evidence,needs_official_evidence
OTC::HMCLF,HMCLF,OTC,HOME CONSORTIUM LTD.,HMC Capital Ltd,Common Stock,supported_core_stock_type,batch_a_us_core,0.385,apply_twelvedata_name_identifier_supported,apply_ready,identifier,0.88,build_metadata_name_update,OpenFIGI supports the Twelve Data name without conflicting with the local listing FIGI.,OpenFIGI supports Twelve Data name; FIGI relation=openfigi_only.,second_source_supports_twelvedata_name,OpenFIGI,,false,ok,BBG017F7ZVP7,,openfigi_only,official_full,3,exchange_directory|listed_companies_subset|security_lookup_subset,952,7640,,accepted_source_gap,Canonical stock sector only after exchange/name gate; no ticker/name-only inference.,needs_official_evidence,needs_official_evidence
OTC::HNFD,HNFD,OTC,HNFD,Honeyfund.com Inc.,Common Stock,supported_core_stock_type,batch_a_us_core,0.471,apply_twelvedata_name_identifier_supported,apply_ready,identifier,0.88,build_metadata_name_update,OpenFIGI supports the Twelve Data name without conflicting with the local listing FIGI.,OpenFIGI supports Twelve Data name; FIGI relation=openfigi_only.,second_source_supports_twelvedata_name,OpenFIGI,,false,ok,BBG01Q563S34,,openfigi_only,official_full,3,exchange_directory|listed_companies_subset|security_lookup_subset,952,7640,,accepted_source_gap,Canonical stock sector only after exchange/name gate; no ticker/name-only inference.,needs_official_evidence,needs_official_evidence
OTC::HOCPY,HOCPY,OTC,Hoya Corp,Hoya Corporation Sponsored ADR,American Depositary Receipt,supported_core_stock_type,batch_a_us_core,0.364,apply_twelvedata_name_identifier_supported,apply_ready,identifier,0.91,build_metadata_name_update,OpenFIGI supports the Twelve Data name without conflicting with the local listing FIGI.,OpenFIGI supports Twelve Data name; FIGI relation=local_figi_match.,second_source_supports_twelvedata_name,OpenFIGI,,false,ok,BBG000F546T2,BBG000F546T2,local_figi_match,official_full,3,exchange_directory|listed_companies_subset|security_lookup_subset,952,7640,,,,needs_official_evidence,needs_official_evidence
OTC::HPGLY,HPGLY,OTC,Hapag-Lloyd Aktiengesellschaft,Hapag-Lloyd AG Unsponsored ADR,American Depositary Receipt,supported_core_stock_type,batch_a_us_core,0.456,apply_twelvedata_name_identifier_supported,apply_ready,identifier,0.91,build_metadata_name_update,OpenFIGI supports the Twelve Data name without conflicting with the local listing FIGI.,OpenFIGI supports Twelve Data name; FIGI relation=local_figi_match.,second_source_supports_twelvedata_name,OpenFIGI,,false,ok,BBG00BS07Y48,BBG00BS07Y48,local_figi_match,official_full,3,exchange_directory|listed_companies_subset|security_lookup_subset,952,7640,,,,needs_official_evidence,needs_official_evidence
OTC::IBDRY,IBDRY,OTC,Iberdrola SA,Iberdrola S.A. Sponsored ADR,American Depositary Receipt,supported_core_stock_type,batch_a_us_core,0.5,apply_twelvedata_name_identifier_supported,apply_ready,identifier,0.91,build_metadata_name_update,OpenFIGI supports the Twelve Data name without conflicting with the local listing FIGI.,OpenFIGI supports Twelve Data name; FIGI relation=local_figi_match.,second_source_supports_twelvedata_name,OpenFIGI,,false,ok,BBG000FYQ2F9,BBG000FYQ2F9,local_figi_match,official_full,3,exchange_directory|listed_companies_subset|security_lookup_subset,952,7640,,,,needs_official_evidence,needs_official_evidence
OTC::IBKKF,IBKKF,OTC,iMining Blockchain and Cryptocurrency Inc,iMining Technologies Inc.,Common Stock,supported_core_stock_type,batch_a_us_core,0.421,apply_twelvedata_name_identifier_supported,apply_ready,identifier,0.91,build_metadata_name_update,OpenFIGI supports the Twelve Data name without conflicting with the local listing FIGI.,OpenFIGI supports Twelve Data name; FIGI relation=local_figi_match.,second_source_supports_twelvedata_name,OpenFIGI,,false,ok,BBG00LGDXP41,BBG00LGDXP41,local_figi_match,official_full,3,exchange_directory|listed_companies_subset|security_lookup_subset,952,7640,,,,needs_official_evidence,needs_official_evidence
OTC::ICGUF,ICGUF,OTC,Intermediate Capital Group PLC,ICG plc,Common Stock,supported_core_stock_type,batch_a_us_core,0.207,apply_twelvedata_name_identifier_supported,apply_ready,identifier,0.91,build_metadata_name_update,OpenFIGI supports the Twelve Data name without conflicting with the local listing FIGI.,OpenFIGI supports Twelve Data name; FIGI relation=local_figi_match.,second_source_supports_twelvedata_name,OpenFIGI,,false,ok,BBG000PRX9C3,BBG000PRX9C3,local_figi_match,official_full,3,exchange_directory|listed_companies_subset|security_lookup_subset,952,7640,,,,needs_official_evidence,needs_official_evidence
OTC::IFUUF,IFUUF,OTC,Infrastructure & Utilities NZ Ltd.,Infratil Limited,Common Stock,supported_core_stock_type,batch_a_us_core,0.41,apply_twelvedata_name_identifier_supported,apply_ready,identifier,0.88,build_metadata_name_update,OpenFIGI supports the Twelve Data name without conflicting with the local listing FIGI.,OpenFIGI supports Twelve Data name; FIGI relation=openfigi_only.,second_source_supports_twelvedata_name,OpenFIGI,,false,ok,BBG000C17T84,,openfigi_only,official_full,3,exchange_directory|listed_companies_subset|security_lookup_subset,952,7640,,,,needs_official_evidence,needs_official_evidence
OTC::IGESF,IGESF,OTC,IGas Energy plc,Star Energy Group Plc,Common Stock,supported_core_stock_type,batch_a_us_core,0.571,apply_twelvedata_name_identifier_supported,apply_ready,identifier,0.91,build_metadata_name_update,OpenFIGI supports the Twelve Data name without conflicting with the local listing FIGI.,OpenFIGI supports Twelve Data name; FIGI relation=local_figi_match.,second_source_supports_twelvedata_name,OpenFIGI,,false,ok,BBG004KGX6B1,BBG004KGX6B1,local_figi_match,official_full,3,exchange_directory|listed_companies_subset|security_lookup_subset,952,7640,,,,needs_official_evidence,needs_official_evidence
OTC::IGLDF,IGLDF,OTC,Internet Gold Golden Lines Ltd,Golden Energy Power Ltd,Common Stock,supported_core_stock_type,batch_a_us_core,0.4,apply_twelvedata_name_identifier_supported,apply_ready,identifier,0.91,build_metadata_name_update,OpenFIGI supports the Twelve Data name without conflicting with the local listing FIGI.,OpenFIGI supports Twelve Data name; FIGI relation=local_figi_match.,second_source_supports_twelvedata_name,OpenFIGI,,false,ok,BBG000BPZX82,BBG000BPZX82,local_figi_match,official_full,3,exchange_directory|listed_companies_subset|security_lookup_subset,952,7640,,,,needs_official_evidence,needs_official_evidence
OTC::IIDDY,IIDDY,OTC,IGO Limited,IGO Ltd. Sponsored ADR,American Depositary Receipt,supported_core_stock_type,batch_a_us_core,0.3,apply_twelvedata_name_identifier_supported,apply_ready,identifier,0.91,build_metadata_name_update,OpenFIGI supports the Twelve Data name without conflicting with the local listing FIGI.,OpenFIGI supports Twelve Data name; FIGI relation=local_figi_match.,second_source_supports_twelvedata_name,OpenFIGI,,false,ok,BBG00HTVKP13,BBG00HTVKP13,local_figi_match,official_full,3,exchange_directory|listed_companies_subset|security_lookup_subset,952,7640,,,,needs_official_evidence,needs_official_evidence
OTC::ILXP,ILXP,OTC,ECOMINAS CORP.,International Luxury Product Inc.,Common Stock,supported_core_stock_type,batch_a_us_core,0.167,apply_twelvedata_name_identifier_supported,apply_ready,identifier,0.91,build_metadata_name_update,OpenFIGI supports the Twelve Data name without conflicting with the local listing FIGI.,OpenFIGI supports Twelve Data name; FIGI relation=local_figi_match.,second_source_supports_twelvedata_name,OpenFIGI,,false,ok,BBG000C75T10,BBG000C75T10,local_figi_match,official_full,3,exchange_directory|listed_companies_subset|security_lookup_subset,952,7640,,,,needs_official_evidence,needs_official_evidence
OTC::IMIMF,IMIMF,OTC,Interra Copper Corp,Copper Quest Exploration Inc.,Common Stock,supported_core_stock_type,batch_a_us_core,0.316,apply_twelvedata_name_identifier_supported,apply_ready,identifier,0.88,build_metadata_name_update,OpenFIGI supports the Twelve Data name without conflicting with the local listing FIGI.,OpenFIGI supports Twelve Data name; FIGI relation=openfigi_only.,second_source_supports_twelvedata_name,OpenFIGI,,false,ok,BBG00RDT2XF1,,openfigi_only,official_full,3,exchange_directory|listed_companies_subset|security_lookup_subset,952,7640,,,,needs_official_evidence,needs_official_evidence
OTC::IMTH,IMTH,OTC,Fresh Harvest Products Inc,Innovative Medtech Inc.,Common Stock,supported_core_stock_type,batch_a_us_core,0.25,apply_twelvedata_name_identifier_supported,apply_ready,identifier,0.91,build_metadata_name_update,OpenFIGI supports the Twelve Data name without conflicting with the local listing FIGI.,OpenFIGI supports Twelve Data name; FIGI relation=local_figi_match.,second_source_supports_twelvedata_name,OpenFIGI,,false,ok,BBG000R92LY4,BBG000R92LY4,local_figi_match,official_full,3,exchange_directory|listed_companies_subset|security_lookup_subset,952,7640,,,,needs_official_evidence,needs_official_evidence
OTC::IRLTF,IRLTF,OTC,Intralot S.A. Integrated Lottery Systems and Services,Bally's Intralot S.A.,Common Stock,supported_core_stock_type,batch_a_us_core,0.333,apply_twelvedata_name_identifier_supported,apply_ready,identifier,0.91,build_metadata_name_update,OpenFIGI supports the Twelve Data name without conflicting with the local listing FIGI.,OpenFIGI supports Twelve Data name; FIGI relation=local_figi_match.,second_source_supports_twelvedata_name,OpenFIGI,,false,ok,BBG000DRPZD6,BBG000DRPZD6,local_figi_match,official_full,3,exchange_directory|listed_companies_subset|security_lookup_subset,952,7640,,,,needs_official_evidence,needs_official_evidence
OTC::ISUZY,ISUZY,OTC,Isuzu Motors Ltd,Isuzu Motors Ltd. Unsponsored ADR,American Depositary Receipt,supported_core_stock_type,batch_a_us_core,0.6,apply_twelvedata_name_identifier_supported,apply_ready,identifier,0.91,build_metadata_name_update,OpenFIGI supports the Twelve Data name without conflicting with the local listing FIGI.,OpenFIGI supports Twelve Data name; FIGI relation=local_figi_match.,second_source_supports_twelvedata_name,OpenFIGI,,false,ok,BBG000BSB949,BBG000BSB949,local_figi_match,official_full,3,exchange_directory|listed_companies_subset|security_lookup_subset,952,7640,,,,needs_official_evidence,needs_official_evidence
OTC::IVFZF,IVFZF,OTC,Invictus Financial Inc,Mapath Capital Corp,Common Stock,supported_core_stock_type,batch_a_us_core,0.25,apply_twelvedata_name_identifier_supported,apply_ready,identifier,0.88,build_metadata_name_update,OpenFIGI supports the Twelve Data name without conflicting with the local listing FIGI.,OpenFIGI supports Twelve Data name; FIGI relation=openfigi_only.,second_source_supports_twelvedata_name,OpenFIGI,,false,ok,BBG000D0D321,,openfigi_only,official_full,3,exchange_directory|listed_companies_subset|security_lookup_subset,952,7640,,,,needs_official_evidence,needs_official_evidence
OTC::IVST,IVST,OTC,Aurum Resource and Asset Management Inc,Innovest Global Inc.,Common Stock,supported_core_stock_type,batch_a_us_core,0.2,apply_twelvedata_name_identifier_supported,apply_ready,identifier,0.91,build_metadata_name_update,OpenFIGI supports the Twelve Data name without conflicting with the local listing FIGI.,OpenFIGI supports Twelve Data name; FIGI relation=local_figi_match.,second_source_supports_twelvedata_name,OpenFIGI,,false,ok,BBG000QH38X6,BBG000QH38X6,local_figi_match,official_full,3,exchange_directory|listed_companies_subset|security_lookup_subset,952,7640,,,,needs_official_evidence,needs_official_evidence
OTC::IWGFF,IWGFF,OTC,IWG PLC,International Workplace Group plc,Common Stock,supported_core_stock_type,batch_a_us_core,0.188,apply_twelvedata_name_identifier_supported,apply_ready,identifier,0.91,build_metadata_name_update,OpenFIGI supports the Twelve Data name without conflicting with the local listing FIGI.,OpenFIGI supports Twelve Data name; FIGI relation=local_figi_match.,second_source_supports_twelvedata_name,OpenFIGI,,false,ok,BBG00FJHFJ37,BBG00FJHFJ37,local_figi_match,official_full,3,exchange_directory|listed_companies_subset|security_lookup_subset,952,7640,,,,needs_official_evidence,needs_official_evidence
OTC::JFKOF,JFKOF,OTC,Jafco Company Ltd,"Jafco Co., Ltd.",Common Stock,supported_core_stock_type,batch_a_us_core,0.556,apply_twelvedata_name_identifier_supported,apply_ready,identifier,0.88,build_metadata_name_update,OpenFIGI supports the Twelve Data name without conflicting with the local listing FIGI.,OpenFIGI supports Twelve Data name; FIGI relation=openfigi_only.,second_source_supports_twelvedata_name,OpenFIGI,,false,ok,BBG000KJTJK0,,openfigi_only,official_full,3,exchange_directory|listed_companies_subset|security_lookup_subset,952,7640,,,,needs_official_evidence,needs_official_evidence
OTC::JGCCY,JGCCY,OTC,JGC Corp,JGC Holdings Corp. Unsponsored ADR,American Depositary Receipt,supported_core_stock_type,batch_a_us_core,0.194,apply_twelvedata_name_identifier_supported,apply_ready,identifier,0.91,build_metadata_name_update,OpenFIGI supports the Twelve Data name without conflicting with the local listing FIGI.,OpenFIGI supports Twelve Data name; FIGI relation=local_figi_match.,second_source_supports_twelvedata_name,OpenFIGI,,false,ok,BBG000G0WXH5,BBG000G0WXH5,local_figi_match,official_full,3,exchange_directory|listed_companies_subset|security_lookup_subset,952,7640,,,,needs_official_evidence,needs_official_evidence
OTC::JSGRY,JSGRY,OTC,Lixil Group Corp,Lixil Corporation Unsponsored ADR,American Depositary Receipt,supported_core_stock_type,batch_a_us_core,0.438,apply_twelvedata_name_identifier_supported,apply_ready,identifier,0.91,build_metadata_name_update,OpenFIGI supports the Twelve Data name without conflicting with the local listing FIGI.,OpenFIGI supports Twelve Data name; FIGI relation=local_figi_match.,second_source_supports_twelvedata_name,OpenFIGI,,false,ok,BBG000DPSSZ9,BBG000DPSSZ9,local_figi_match,official_full,3,exchange_directory|listed_companies_subset|security_lookup_subset,952,7640,,,,needs_official_evidence,needs_official_evidence
OTC::JUKIY,JUKIY,OTC,Juki Corporation,Juki Corporation Unsponsored ADR,American Depositary Receipt,supported_core_stock_type,batch_a_us_core,0.333,apply_twelvedata_name_identifier_supported,apply_ready,identifier,0.91,build_metadata_name_update,OpenFIGI supports the Twelve Data name without conflicting with the local listing FIGI.,OpenFIGI supports Twelve Data name; FIGI relation=local_figi_match.,second_source_supports_twelvedata_name,OpenFIGI,,false,ok,BBG000JSM4Q6,BBG000JSM4Q6,local_figi_match,official_full,3,exchange_directory|listed_companies_subset|security_lookup_subset,952,7640,,,,needs_official_evidence,needs_official_evidence
OTC::KALRQ,KALRQ,OTC,Kalera Public Limited Company,Kalera Plc,Common Stock,supported_core_stock_type,batch_a_us_core,0.444,apply_twelvedata_name_identifier_supported,apply_ready,identifier,0.88,build_metadata_name_update,OpenFIGI supports the Twelve Data name without conflicting with the local listing FIGI.,OpenFIGI supports Twelve Data name; FIGI relation=openfigi_only.,second_source_supports_twelvedata_name,OpenFIGI,,false,ok,BBG018KQC2V9,,openfigi_only,official_full,3,exchange_directory|listed_companies_subset|security_lookup_subset,952,7640,,,,needs_official_evidence,needs_official_evidence
OTC::KLTHF,KLTHF,OTC,Koolearn Technology Holding Limited,East Buy Holding Ltd.,Common Stock,supported_core_stock_type,batch_a_us_core,0.558,apply_twelvedata_name_identifier_supported,apply_ready,identifier,0.91,build_metadata_name_update,OpenFIGI supports the Twelve Data name without conflicting with the local listing FIGI.,OpenFIGI supports Twelve Data name; FIGI relation=local_figi_match.,second_source_supports_twelvedata_name,OpenFIGI,,false,ok,BBG00Q3BDRN5,BBG00Q3BDRN5,local_figi_match,official_full,3,exchange_directory|listed_companies_subset|security_lookup_subset,952,7640,,,,needs_official_evidence,needs_official_evidence
OTC::KMRIF,KMRIF,OTC,Komeri Company Ltd.,"Komeri Co., Ltd.",Common Stock,supported_core_stock_type,batch_a_us_core,0.6,apply_twelvedata_name_identifier_supported,apply_ready,identifier,0.91,build_metadata_name_update,OpenFIGI supports the Twelve Data name without conflicting with the local listing FIGI.,OpenFIGI supports Twelve Data name; FIGI relation=local_figi_match.,second_source_supports_twelvedata_name,OpenFIGI,,false,ok,BBG000BX0M05,BBG000BX0M05,local_figi_match,official_full,3,exchange_directory|listed_companies_subset|security_lookup_subset,952,7640,,,,needs_official_evidence,needs_official_evidence
OTC::KMTUY,KMTUY,OTC,Komatsu Ltd,Komatsu Ltd Sponsored ADR,American Depositary Receipt,supported_core_stock_type,batch_a_us_core,0.5,apply_twelvedata_name_identifier_supported,apply_ready,identifier,0.91,build_metadata_name_update,OpenFIGI supports the Twelve Data name without conflicting with the local listing FIGI.,OpenFIGI supports Twelve Data name; FIGI relation=local_figi_match.,second_source_supports_twelvedata_name,OpenFIGI,,false,ok,BBG000BYKR00,BBG000BYKR00,local_figi_match,official_full,3,exchange_directory|listed_companies_subset|security_lookup_subset,952,7640,,,,needs_official_evidence,needs_official_evidence
OTC::KNRRY,KNRRY,OTC,Knorr-Bremse Aktiengesellschaft,Knorr-Bremse AG - ADR,American Depositary Receipt,supported_core_stock_type,batch_a_us_core,0.596,apply_twelvedata_name_identifier_supported,apply_ready,identifier,0.91,build_metadata_name_update,OpenFIGI supports the Twelve Data name without conflicting with the local listing FIGI.,OpenFIGI supports Twelve Data name; FIGI relation=local_figi_match.,second_source_supports_twelvedata_name,OpenFIGI,,false,ok,BBG00MP3Z0R9,BBG00MP3Z0R9,local_figi_match,official_full,3,exchange_directory|listed_companies_subset|security_lookup_subset,952,7640,,,,needs_official_evidence,needs_official_evidence
OTC::KOJAF,KOJAF,OTC,Kojamo Oyj,Lumo Kodit Oyj,Common Stock,supported_core_stock_type,batch_a_us_core,0.5,apply_twelvedata_name_identifier_supported,apply_ready,identifier,0.91,build_metadata_name_update,OpenFIGI supports the Twelve Data name without conflicting with the local listing FIGI.,OpenFIGI supports Twelve Data name; FIGI relation=local_figi_match.,second_source_supports_twelvedata_name,OpenFIGI,,false,ok,BBG00VSHD8Z3,BBG00VSHD8Z3,local_figi_match,official_full,3,exchange_directory|listed_companies_subset|security_lookup_subset,952,7640,,,,needs_official_evidence,needs_official_evidence
OTC::KONEF,KONEF,OTC,KetamineOne Capital Limited,Wellbeing Digital Sciences Inc.,Common Stock,supported_core_stock_type,batch_a_us_core,0.356,apply_twelvedata_name_identifier_supported,apply_ready,identifier,0.88,build_metadata_name_update,OpenFIGI supports the Twelve Data name without conflicting with the local listing FIGI.,OpenFIGI supports Twelve Data name; FIGI relation=openfigi_only.,second_source_supports_twelvedata_name,OpenFIGI,,false,ok,BBG0131X32G3,,openfigi_only,official_full,3,exchange_directory|listed_companies_subset|security_lookup_subset,952,7640,,accepted_source_gap,Canonical stock sector only after exchange/name gate; no ticker/name-only inference.,needs_official_evidence,needs_official_evidence
OTC::KPELY,KPELY,OTC,Keppel Corporation Limited,Keppel Corporation Limited Sponsored ADR,American Depositary Receipt,supported_core_stock_type,batch_a_us_core,0.462,apply_twelvedata_name_identifier_supported,apply_ready,identifier,0.91,build_metadata_name_update,OpenFIGI supports the Twelve Data name without conflicting with the local listing FIGI.,OpenFIGI supports Twelve Data name; FIGI relation=local_figi_match.,second_source_supports_twelvedata_name,OpenFIGI,,false,ok,BBG000BCJPQ6,BBG000BCJPQ6,local_figi_match,official_full,3,exchange_directory|listed_companies_subset|security_lookup_subset,952,7640,,,,needs_official_evidence,needs_official_evidence
OTC::KYDKF,KYDKF,OTC,Kyudenko Corporation,Kraftia Corporation,Common Stock,supported_core_stock_type,batch_a_us_core,0.133,apply_twelvedata_name_identifier_supported,apply_ready,identifier,0.88,build_metadata_name_update,OpenFIGI supports the Twelve Data name without conflicting with the local listing FIGI.,OpenFIGI supports Twelve Data name; FIGI relation=openfigi_only.,second_source_supports_twelvedata_name,OpenFIGI,,false,ok,BBG000JH3506,,openfigi_only,official_full,3,exchange_directory|listed_companies_subset|security_lookup_subset,952,7640,,,,needs_official_evidence,needs_official_evidence
OTC::KYKOY,KYKOY,OTC,"Kyowa Kirin Co., Ltd.","Kyowa Kirin Co., Ltd. Unsponsored ADR",American Depositary Receipt,supported_core_stock_type,batch_a_us_core,0.579,apply_twelvedata_name_identifier_supported,apply_ready,identifier,0.91,build_metadata_name_update,OpenFIGI supports the Twelve Data name without conflicting with the local listing FIGI.,OpenFIGI supports Twelve Data name; FIGI relation=local_figi_match.,second_source_supports_twelvedata_name,OpenFIGI,,false,ok,BBG000JSX3J4,BBG000JSX3J4,local_figi_match,official_full,3,exchange_directory|listed_companies_subset|security_lookup_subset,952,7640,,,,needs_official_evidence,needs_official_evidence
OTC::LEKOF,LEKOF,OTC,Lekoil Limited,Fenikso Ltd.,Common Stock,supported_core_stock_type,batch_a_us_core,0.462,apply_twelvedata_name_identifier_supported,apply_ready,identifier,0.88,build_metadata_name_update,OpenFIGI supports the Twelve Data name without conflicting with the local listing FIGI.,OpenFIGI supports Twelve Data name; FIGI relation=openfigi_only.,second_source_supports_twelvedata_name,OpenFIGI,,false,ok,BBG004SBW670,,openfigi_only,official_full,3,exchange_directory|listed_companies_subset|security_lookup_subset,952,7640,,,,needs_official_evidence,needs_official_evidence
OTC::LFDJF,LFDJF,OTC,La Française des Jeux Société anonyme,FDJ United,Common Stock,supported_core_stock_type,batch_a_us_core,0.217,apply_twelvedata_name_identifier_supported,apply_ready,identifier,0.91,build_metadata_name_update,OpenFIGI supports the Twelve Data name without conflicting with the local listing FIGI.,OpenFIGI supports Twelve Data name; FIGI relation=local_figi_match.,second_source_supports_twelvedata_name,OpenFIGI,,false,ok,BBG00S03GM32,BBG00S03GM32,local_figi_match,official_full,3,exchange_directory|listed_companies_subset|security_lookup_subset,952,7640,,,,needs_official_evidence,needs_official_evidence
OTC::LGLOF,LGLOF,OTC,Link Global Technologies Inc,Green Block Mining Corp.,Common Stock,supported_core_stock_type,batch_a_us_core,0.19,apply_twelvedata_name_identifier_supported,apply_ready,identifier,0.91,build_metadata_name_update,OpenFIGI supports the Twelve Data name without conflicting with the local listing FIGI.,OpenFIGI supports Twelve Data name; FIGI relation=local_figi_match.,second_source_supports_twelvedata_name,OpenFIGI,,false,ok,BBG00RLWT8D3,BBG00RLWT8D3,local_figi_match,official_full,3,exchange_directory|listed_companies_subset|security_lookup_subset,952,7640,,,,needs_official_evidence,needs_official_evidence
OTC::LMMFF,LMMFF,OTC,Lithium Australia NL,Livium Ltd.,Common Stock,supported_core_stock_type,batch_a_us_core,0.385,apply_twelvedata_name_identifier_supported,apply_ready,identifier,0.91,build_metadata_name_update,OpenFIGI supports the Twelve Data name without conflicting with the local listing FIGI.,OpenFIGI supports Twelve Data name; FIGI relation=local_figi_match.,second_source_supports_twelvedata_name,OpenFIGI,,false,ok,BBG00CJZ7HW5,BBG00CJZ7HW5,local_figi_match,official_full,3,exchange_directory|listed_companies_subset|security_lookup_subset,952,7640,,,,needs_official_evidence,needs_official_evidence
OTC::LNDZF,LNDZF,OTC,Salona Global Medical Device Corporation,Evome Medical Technologies Inc.,Common Stock,supported_core_stock_type,batch_a_us_core,0.481,apply_twelvedata_name_identifier_supported,apply_ready,identifier,0.88,build_metadata_name_update,OpenFIGI supports the Twelve Data name without conflicting with the local listing FIGI.,OpenFIGI supports Twelve Data name; FIGI relation=openfigi_only.,second_source_supports_twelvedata_name,OpenFIGI,,false,ok,BBG009ZZSN58,,openfigi_only,official_full,3,exchange_directory|listed_companies_subset|security_lookup_subset,952,7640,,accepted_source_gap,Canonical stock sector only after exchange/name gate; no ticker/name-only inference.,needs_official_evidence,needs_official_evidence
OTC::LNXGF,LNXGF,OTC,Linux Gold Corp,0187279 BC Ltd.,Common Stock,supported_core_stock_type,batch_a_us_core,0.1,apply_twelvedata_name_identifier_supported,apply_ready,identifier,0.91,build_metadata_name_update,OpenFIGI supports the Twelve Data name without conflicting with the local listing FIGI.,OpenFIGI supports Twelve Data name; FIGI relation=local_figi_match.,second_source_supports_twelvedata_name,OpenFIGI,,false,ok,BBG000LS5PP6,BBG000LS5PP6,local_figi_match,official_full,3,exchange_directory|listed_companies_subset|security_lookup_subset,952,7640,,,,needs_official_evidence,needs_official_evidence
OTC::LNXSY,LNXSY,OTC,LANXESS Aktiengesellschaft,Lanxess AG Unsponsored ADR,American Depositary Receipt,supported_core_stock_type,batch_a_us_core,0.367,apply_twelvedata_name_identifier_supported,apply_ready,identifier,0.91,build_metadata_name_update,OpenFIGI supports the Twelve Data name without conflicting with the local listing FIGI.,OpenFIGI supports Twelve Data name; FIGI relation=local_figi_match.,second_source_supports_twelvedata_name,OpenFIGI,,false,ok,BBG001DFRGF8,BBG001DFRGF8,local_figi_match,official_full,3,exchange_directory|listed_companies_subset|security_lookup_subset,952,7640,,,,needs_official_evidence,needs_official_evidence
OTC::LNZNF,LNZNF,OTC,Lenzing Aktiengesellschaft,Lenzing AG,Common Stock,supported_core_stock_type,batch_a_us_core,0.424,apply_twelvedata_name_identifier_supported,apply_ready,identifier,0.91,build_metadata_name_update,OpenFIGI supports the Twelve Data name without conflicting with the local listing FIGI.,OpenFIGI supports Twelve Data name; FIGI relation=local_figi_match.,second_source_supports_twelvedata_name,OpenFIGI,,false,ok,BBG000C0XHX5,BBG000C0XHX5,local_figi_match,official_full,3,exchange_directory|listed_companies_subset|security_lookup_subset,952,7640,,,,needs_official_evidence,needs_official_evidence
OTC::LPTVQ,LPTVQ,OTC,LPTVQ,"Loop Media, Inc.",Common Stock,supported_core_stock_type,batch_a_us_core,0.267,apply_twelvedata_name_identifier_supported,apply_ready,identifier,0.88,build_metadata_name_update,OpenFIGI supports the Twelve Data name without conflicting with the local listing FIGI.,OpenFIGI supports Twelve Data name; FIGI relation=openfigi_only.,second_source_supports_twelvedata_name,OpenFIGI,,false,ok,BBG009YVP3P3,,openfigi_only,official_full,3,exchange_directory|listed_companies_subset|security_lookup_subset,952,7640,,accepted_source_gap,Canonical stock sector only after exchange/name gate; no ticker/name-only inference.,needs_official_evidence,needs_official_evidence
OTC::LSRCY,LSRCY,OTC,Lasertec Corporation,Lasertec Corporation - ADR (Unsponsored),American Depositary Receipt,supported_core_stock_type,batch_a_us_core,0.5,apply_twelvedata_name_identifier_supported,apply_ready,identifier,0.91,build_metadata_name_update,OpenFIGI supports the Twelve Data name without conflicting with the local listing FIGI.,OpenFIGI supports Twelve Data name; FIGI relation=local_figi_match.,second_source_supports_twelvedata_name,OpenFIGI,,false,ok,BBG00X27KVT7,BBG00X27KVT7,local_figi_match,official_full,3,exchange_directory|listed_companies_subset|security_lookup_subset,952,7640,,,,needs_official_evidence,needs_official_evidence
OTC::LUOYF,LUOYF,OTC,Luoyang Glass Company Limited,Triumph New Energy Co. Ltd.,Common Stock,supported_core_stock_type,batch_a_us_core,0.256,apply_twelvedata_name_identifier_supported,apply_ready,identifier,0.88,build_metadata_name_update,OpenFIGI supports the Twelve Data name without conflicting with the local listing FIGI.,OpenFIGI supports Twelve Data name; FIGI relation=openfigi_only.,second_source_supports_twelvedata_name,OpenFIGI,,false,ok,BBG000NS96J9,,openfigi_only,official_full,3,exchange_directory|listed_companies_subset|security_lookup_subset,952,7640,,,,needs_official_evidence,needs_official_evidence
OTC::LXGTF,LXGTF,OTC,Registered Plan Private Investments Inc,Lexington Biosciences Inc.,Common Stock,supported_core_stock_type,batch_a_us_core,0.357,apply_twelvedata_name_identifier_supported,apply_ready,identifier,0.91,build_metadata_name_update,OpenFIGI supports the Twelve Data name without conflicting with the local listing FIGI.,OpenFIGI supports Twelve Data name; FIGI relation=local_figi_match.,second_source_supports_twelvedata_name,OpenFIGI,,false,ok,BBG00GVMBNH0,BBG00GVMBNH0,local_figi_match,official_full,3,exchange_directory|listed_companies_subset|security_lookup_subset,952,7640,,,,needs_official_evidence,needs_official_evidence
OTC::MAJI,MAJI,OTC,Nextel Medical Corp.,Marijuana Inc.,Common Stock,supported_core_stock_type,batch_a_us_core,0.174,apply_twelvedata_name_identifier_supported,apply_ready,identifier,0.91,build_metadata_name_update,OpenFIGI supports the Twelve Data name without conflicting with the local listing FIGI.,OpenFIGI supports Twelve Data name; FIGI relation=local_figi_match.,second_source_supports_twelvedata_name,OpenFIGI,,false,ok,BBG001CMFL48,BBG001CMFL48,local_figi_match,official_full,3,exchange_directory|listed_companies_subset|security_lookup_subset,952,7640,,,,needs_official_evidence,needs_official_evidence
OTC::MBGAF,MBGAF,OTC,DAIMLER AG,Mercedes-Benz Group AG,Common Stock,supported_core_stock_type,batch_a_us_core,0.231,apply_twelvedata_name_identifier_supported,apply_ready,identifier,0.88,build_metadata_name_update,OpenFIGI supports the Twelve Data name without conflicting with the local listing FIGI.,OpenFIGI supports Twelve Data name; FIGI relation=openfigi_only.,second_source_supports_twelvedata_name,OpenFIGI,,false,ok,BBG000CHNG70,,openfigi_only,official_full,3,exchange_directory|listed_companies_subset|security_lookup_subset,952,7640,,,,needs_official_evidence,needs_official_evidence
OTC::MCARY,MCARY,OTC,Mercari Inc,Mercari Inc. Unsponsored ADR,American Depositary Receipt,supported_core_stock_type,batch_a_us_core,0.467,apply_twelvedata_name_identifier_supported,apply_ready,identifier,0.91,build_metadata_name_update,OpenFIGI supports the Twelve Data name without conflicting with the local listing FIGI.,OpenFIGI supports Twelve Data name; FIGI relation=local_figi_match.,second_source_supports_twelvedata_name,OpenFIGI,,false,ok,BBG00LYN0R69,BBG00LYN0R69,local_figi_match,official_full,3,exchange_directory|listed_companies_subset|security_lookup_subset,952,7640,,,,needs_official_evidence,needs_official_evidence
OTC::MDIN,MDIN,OTC,Northstar Global Business Services Inc,"MedGen, Inc.",Common Stock,supported_core_stock_type,batch_a_us_core,0.05,apply_twelvedata_name_identifier_supported,apply_ready,identifier,0.91,build_metadata_name_update,OpenFIGI supports the Twelve Data name without conflicting with the local listing FIGI.,OpenFIGI supports Twelve Data name; FIGI relation=local_figi_match.,second_source_supports_twelvedata_name,OpenFIGI,,false,ok,BBG000C265F7,BBG000C265F7,local_figi_match,official_full,3,exchange_directory|listed_companies_subset|security_lookup_subset,952,7640,,,,needs_official_evidence,needs_official_evidence
OTC::MECGF,MECGF,OTC,MEC Company Ltd.,Mec Co. Ltd.,Common Stock,supported_core_stock_type,batch_a_us_core,0.429,apply_twelvedata_name_identifier_supported,apply_ready,identifier,0.91,build_metadata_name_update,OpenFIGI supports the Twelve Data name without conflicting with the local listing FIGI.,OpenFIGI supports Twelve Data name; FIGI relation=local_figi_match.,second_source_supports_twelvedata_name,OpenFIGI,,false,ok,BBG000GNJ2X0,BBG000GNJ2X0,local_figi_match,official_full,3,exchange_directory|listed_companies_subset|security_lookup_subset,952,7640,,,,needs_official_evidence,needs_official_evidence
OTC::MGDDF,MGDDF,OTC,Compagnie Générale des Établissements Michelin Société en commandite par actions,Michelin (CGDE),Common Stock,supported_core_stock_type,batch_a_us_core,0.242,apply_twelvedata_name_identifier_supported,apply_ready,identifier,0.88,build_metadata_name_update,OpenFIGI supports the Twelve Data name without conflicting with the local listing FIGI.,OpenFIGI supports Twelve Data name; FIGI relation=openfigi_only.,second_source_supports_twelvedata_name,OpenFIGI,,false,ok,BBG000BQW423,,openfigi_only,official_full,3,exchange_directory|listed_companies_subset|security_lookup_subset,952,7640,,,,needs_official_evidence,needs_official_evidence
OTC::MKTAY,MKTAY,OTC,Makita Corp,Makita Corporation Sponsored ADR,American Depositary Receipt,supported_core_stock_type,batch_a_us_core,0.462,apply_twelvedata_name_identifier_supported,apply_ready,identifier,0.91,build_metadata_name_update,OpenFIGI supports the Twelve Data name without conflicting with the local listing FIGI.,OpenFIGI supports Twelve Data name; FIGI relation=local_figi_match.,second_source_supports_twelvedata_name,OpenFIGI,,false,ok,BBG000BBGTS1,BBG000BBGTS1,local_figi_match,official_full,3,exchange_directory|listed_companies_subset|security_lookup_subset,952,7640,,,,needs_official_evidence,needs_official_evidence
OTC::MLMC,MLMC,OTC,"FrankSpeech Network, Inc.","Mike Lindell Media, Corp.",Common Stock,supported_core_stock_type,batch_a_us_core,0.054,apply_twelvedata_name_identifier_supported,apply_ready,identifier,0.91,build_metadata_name_update,OpenFIGI supports the Twelve Data name without conflicting with the local listing FIGI.,OpenFIGI supports Twelve Data name; FIGI relation=local_figi_match.,second_source_supports_twelvedata_name,OpenFIGI,,false,ok,BBG000BSRW69,BBG000BSRW69,local_figi_match,official_full,3,exchange_directory|listed_companies_subset|security_lookup_subset,952,7640,,,,needs_official_evidence,needs_official_evidence
OTC::MMMM,MMMM,OTC,Mineral Mountain Mining & Milling Co,Quad M Solutions Inc.,Common Stock,supported_core_stock_type,batch_a_us_core,0.235,apply_twelvedata_name_identifier_supported,apply_ready,identifier,0.91,build_metadata_name_update,OpenFIGI supports the Twelve Data name without conflicting with the local listing FIGI.,OpenFIGI supports Twelve Data name; FIGI relation=local_figi_match.,second_source_supports_twelvedata_name,OpenFIGI,,false,ok,BBG000BHRV83,BBG000BHRV83,local_figi_match,official_full,3,exchange_directory|listed_companies_subset|security_lookup_subset,952,7640,,,,needs_official_evidence,needs_official_evidence
OTC::MNNGF,MNNGF,OTC,Affluent Partners Holdings Limited,Baijin Life Science Holdings Ltd.,Common Stock,supported_core_stock_type,batch_a_us_core,0.519,apply_twelvedata_name_identifier_supported,apply_ready,identifier,0.91,build_metadata_name_update,OpenFIGI supports the Twelve Data name without conflicting with the local listing FIGI.,OpenFIGI supports Twelve Data name; FIGI relation=local_figi_match.,second_source_supports_twelvedata_name,OpenFIGI,,false,ok,BBG0084H05B6,BBG0084H05B6,local_figi_match,official_full,3,exchange_directory|listed_companies_subset|security_lookup_subset,952,7640,,,,needs_official_evidence,needs_official_evidence
OTC::MOLFF,MOLFF,OTC,MOL Magyar Olaj- és Gázipari Nyilvánosan Muködo Részvénytársaság,MOL Hungarian Oil and Gas Public Limited Company,Common Stock,supported_core_stock_type,batch_a_us_core,0.333,apply_twelvedata_name_identifier_supported,apply_ready,identifier,0.91,build_metadata_name_update,OpenFIGI supports the Twelve Data name without conflicting with the local listing FIGI.,OpenFIGI supports Twelve Data name; FIGI relation=local_figi_match.,second_source_supports_twelvedata_name,OpenFIGI,,false,ok,BBG01103H1C5,BBG01103H1C5,local_figi_match,official_full,3,exchange_directory|listed_companies_subset|security_lookup_subset,952,7640,,,,needs_official_evidence,needs_official_evidence
OTC::MONSF,MONSF,OTC,Montea Comm. VA,Montea NV,REIT,supported_core_stock_type,batch_a_us_core,0.6,apply_twelvedata_name_identifier_supported,apply_ready,identifier,0.91,build_metadata_name_update,OpenFIGI supports the Twelve Data name without conflicting with the local listing FIGI.,OpenFIGI supports Twelve Data name; FIGI relation=local_figi_match.,second_source_supports_twelvedata_name,OpenFIGI,,false,ok,BBG00V5MZ7R4,BBG00V5MZ7R4,local_figi_match,official_full,3,exchange_directory|listed_companies_subset|security_lookup_subset,952,7640,,,,needs_official_evidence,needs_official_evidence
OTC::MOPN,MOPN,OTC,JPO Solutions Inc,"MOP Environmental Solutions, Inc.",Common Stock,supported_core_stock_type,batch_a_us_core,0.6,apply_twelvedata_name_identifier_supported,apply_ready,identifier,0.91,build_metadata_name_update,OpenFIGI supports the Twelve Data name without conflicting with the local listing FIGI.,OpenFIGI supports Twelve Data name; FIGI relation=local_figi_match.,second_source_supports_twelvedata_name,OpenFIGI,,false,ok,BBG000QLFJN1,BBG000QLFJN1,local_figi_match,official_full,3,exchange_directory|listed_companies_subset|security_lookup_subset,952,7640,,,,needs_official_evidence,needs_official_evidence
OTC::MSBN,MSBN,OTC,China Electronics Holdings Inc,Messaben Corporation,Common Stock,supported_core_stock_type,batch_a_us_core,0.059,apply_twelvedata_name_identifier_supported,apply_ready,identifier,0.88,build_metadata_name_update,OpenFIGI supports the Twelve Data name without conflicting with the local listing FIGI.,OpenFIGI supports Twelve Data name; FIGI relation=openfigi_only.,second_source_supports_twelvedata_name,OpenFIGI,,false,ok,BBG000JKSNW8,,openfigi_only,official_full,3,exchange_directory|listed_companies_subset|security_lookup_subset,952,7640,,accepted_source_gap,Canonical stock sector only after exchange/name gate; no ticker/name-only inference.,needs_official_evidence,needs_official_evidence
OTC::MSGP,MSGP,OTC,Kenergy Scientific Inc,Medsmart Group Inc.,Common Stock,supported_core_stock_type,batch_a_us_core,0.188,apply_twelvedata_name_identifier_supported,apply_ready,identifier,0.91,build_metadata_name_update,OpenFIGI supports the Twelve Data name without conflicting with the local listing FIGI.,OpenFIGI supports Twelve Data name; FIGI relation=local_figi_match.,second_source_supports_twelvedata_name,OpenFIGI,,false,ok,BBG000QZ3DZ3,BBG000QZ3DZ3,local_figi_match,official_full,3,exchange_directory|listed_companies_subset|security_lookup_subset,952,7640,,,,needs_official_evidence,needs_official_evidence
OTC::MSMKF,MSMKF,OTC,Matsumotokiyoshi Holdings Co. Ltd,MatsukiyoCocokara & Co.,Common Stock,supported_core_stock_type,batch_a_us_core,0.478,apply_twelvedata_name_identifier_supported,apply_ready,identifier,0.88,build_metadata_name_update,OpenFIGI supports the Twelve Data name without conflicting with the local listing FIGI.,OpenFIGI supports Twelve Data name; FIGI relation=openfigi_only.,second_source_supports_twelvedata_name,OpenFIGI,,false,ok,BBG000VLP3S4,,openfigi_only,official_full,3,exchange_directory|listed_companies_subset|security_lookup_subset,952,7640,,,,needs_official_evidence,needs_official_evidence
OTC::MXCHY,MXCHY,OTC,Orbia Advance Corp,Mexichem SAB de CV Unsponsored ADR,American Depositary Receipt,supported_core_stock_type,batch_a_us_core,0.213,apply_twelvedata_name_identifier_supported,apply_ready,identifier,0.91,build_metadata_name_update,OpenFIGI supports the Twelve Data name without conflicting with the local listing FIGI.,OpenFIGI supports Twelve Data name; FIGI relation=local_figi_match.,second_source_supports_twelvedata_name,OpenFIGI,,false,ok,BBG000RLHFV7,BBG000RLHFV7,local_figi_match,official_full,3,exchange_directory|listed_companies_subset|security_lookup_subset,952,7640,,,,needs_official_evidence,needs_official_evidence
OTC::MYIDF,MYIDF,OTC,Killi Ltd,Reklaim Ltd.,Common Stock,supported_core_stock_type,batch_a_us_core,0.333,apply_twelvedata_name_identifier_supported,apply_ready,identifier,0.91,build_metadata_name_update,OpenFIGI supports the Twelve Data name without conflicting with the local listing FIGI.,OpenFIGI supports Twelve Data name; FIGI relation=local_figi_match.,second_source_supports_twelvedata_name,OpenFIGI,,false,ok,BBG004DSF491,BBG004DSF491,local_figi_match,official_full,3,exchange_directory|listed_companies_subset|security_lookup_subset,952,7640,,,,needs_official_evidence,needs_official_evidence
OTC::MZPS,MZPS,OTC,American Environmental Inc,Myzipsoft Inc.,Common Stock,supported_core_stock_type,batch_a_us_core,0.258,apply_twelvedata_name_identifier_supported,apply_ready,identifier,0.91,build_metadata_name_update,OpenFIGI supports the Twelve Data name without conflicting with the local listing FIGI.,OpenFIGI supports Twelve Data name; FIGI relation=local_figi_match.,second_source_supports_twelvedata_name,OpenFIGI,,false,ok,BBG0073F7107,BBG0073F7107,local_figi_match,official_full,3,exchange_directory|listed_companies_subset|security_lookup_subset,952,7640,,,,needs_official_evidence,needs_official_evidence
OTC::NATKY,NATKY,OTC,JSC National Atomic Company Kazatomprom,NAC Kazatomprom JSC GDR Reg S,Depositary Receipt,supported_core_stock_type,batch_a_us_core,0.441,apply_twelvedata_name_identifier_supported,apply_ready,identifier,0.91,build_metadata_name_update,OpenFIGI supports the Twelve Data name without conflicting with the local listing FIGI.,OpenFIGI supports Twelve Data name; FIGI relation=local_figi_match.,second_source_supports_twelvedata_name,OpenFIGI,,false,ok,BBG01958WTB5,BBG01958WTB5,local_figi_match,official_full,3,exchange_directory|listed_companies_subset|security_lookup_subset,952,7640,,,,needs_official_evidence,needs_official_evidence
OTC::NDDLF,NDDLF,OTC,Nederlandsche Apparatenfabriek Nedap,Nedap N.V.,Common Stock,supported_core_stock_type,batch_a_us_core,0.222,apply_twelvedata_name_identifier_supported,apply_ready,identifier,0.88,build_metadata_name_update,OpenFIGI supports the Twelve Data name without conflicting with the local listing FIGI.,OpenFIGI supports Twelve Data name; FIGI relation=openfigi_only.,second_source_supports_twelvedata_name,OpenFIGI,,false,ok,BBG00KP48723,,openfigi_only,official_full,3,exchange_directory|listed_companies_subset|security_lookup_subset,952,7640,,,,needs_official_evidence,needs_official_evidence
OTC::NDEKY,NDEKY,OTC,Nitto Denko Corp,Nitto Denko Corporation Unsponsored ADR,American Depositary Receipt,supported_core_stock_type,batch_a_us_core,0.579,apply_twelvedata_name_identifier_supported,apply_ready,identifier,0.91,build_metadata_name_update,OpenFIGI supports the Twelve Data name without conflicting with the local listing FIGI.,OpenFIGI supports Twelve Data name; FIGI relation=local_figi_match.,second_source_supports_twelvedata_name,OpenFIGI,,false,ok,BBG000BFBCJ4,BBG000BFBCJ4,local_figi_match,official_full,3,exchange_directory|listed_companies_subset|security_lookup_subset,952,7640,,,,needs_official_evidence,needs_official_evidence
OTC::NEWG,NEWG,OTC,Greenwind Holdings Inc,Newgen Biopharma Corp,Common Stock,supported_core_stock_type,batch_a_us_core,0.294,apply_twelvedata_name_identifier_supported,apply_ready,identifier,0.88,build_metadata_name_update,OpenFIGI supports the Twelve Data name without conflicting with the local listing FIGI.,OpenFIGI supports Twelve Data name; FIGI relation=openfigi_only.,second_source_supports_twelvedata_name,OpenFIGI,,false,ok,BBG002CNC5C3,,openfigi_only,official_full,3,exchange_directory|listed_companies_subset|security_lookup_subset,952,7640,,,,needs_official_evidence,needs_official_evidence
OTC::NEXNY,NEXNY,OTC,Nexans S.A,Nexans S.A. Unsponsored ADR,American Depositary Receipt,supported_core_stock_type,batch_a_us_core,0.556,apply_twelvedata_name_identifier_supported,apply_ready,identifier,0.91,build_metadata_name_update,OpenFIGI supports the Twelve Data name without conflicting with the local listing FIGI.,OpenFIGI supports Twelve Data name; FIGI relation=local_figi_match.,second_source_supports_twelvedata_name,OpenFIGI,,false,ok,BBG003DL5HS9,BBG003DL5HS9,local_figi_match,official_full,3,exchange_directory|listed_companies_subset|security_lookup_subset,952,7640,,,,needs_official_evidence,needs_official_evidence
OTC::NFTM,NFTM,OTC,Buildablock Corp.,NFT Marketplace Inc.,Common Stock,supported_core_stock_type,batch_a_us_core,0.231,apply_twelvedata_name_identifier_supported,apply_ready,identifier,0.91,build_metadata_name_update,OpenFIGI supports the Twelve Data name without conflicting with the local listing FIGI.,OpenFIGI supports Twelve Data name; FIGI relation=local_figi_match.,second_source_supports_twelvedata_name,OpenFIGI,,false,ok,BBG000R6H4M5,BBG000R6H4M5,local_figi_match,official_full,3,exchange_directory|listed_companies_subset|security_lookup_subset,952,7640,,accepted_source_gap,Canonical stock sector only after exchange/name gate; no ticker/name-only inference.,needs_official_evidence,needs_official_evidence
OTC::NGHI,NGHI,OTC,"Galenfeha, Inc.",New Green Hemp Inc.,Common Stock,supported_core_stock_type,batch_a_us_core,0.348,apply_twelvedata_name_identifier_supported,apply_ready,identifier,0.91,build_metadata_name_update,OpenFIGI supports the Twelve Data name without conflicting with the local listing FIGI.,OpenFIGI supports Twelve Data name; FIGI relation=local_figi_match.,second_source_supports_twelvedata_name,OpenFIGI,,false,ok,BBG004MB7S21,BBG004MB7S21,local_figi_match,official_full,3,exchange_directory|listed_companies_subset|security_lookup_subset,952,7640,,,,needs_official_evidence,needs_official_evidence
OTC::NIPKF,NIPKF,OTC,"NIKKON Holdings Co.,Ltd.",Nippon Konpo Unyu Soko Co. Ltd.,Common Stock,supported_core_stock_type,batch_a_us_core,0.378,apply_twelvedata_name_identifier_supported,apply_ready,identifier,0.91,build_metadata_name_update,OpenFIGI supports the Twelve Data name without conflicting with the local listing FIGI.,OpenFIGI supports Twelve Data name; FIGI relation=local_figi_match.,second_source_supports_twelvedata_name,OpenFIGI,,false,ok,BBG001J052K4,BBG001J052K4,local_figi_match,official_full,3,exchange_directory|listed_companies_subset|security_lookup_subset,952,7640,,,,needs_official_evidence,needs_official_evidence
OTC::NISUF,NISUF,OTC,Nissui Corporation,Nippon Suisan Kaisha Ltd.,Common Stock,supported_core_stock_type,batch_a_us_core,0.385,apply_twelvedata_name_identifier_supported,apply_ready,identifier,0.91,build_metadata_name_update,OpenFIGI supports the Twelve Data name without conflicting with the local listing FIGI.,OpenFIGI supports Twelve Data name; FIGI relation=local_figi_match.,second_source_supports_twelvedata_name,OpenFIGI,,false,ok,BBG000C160R7,BBG000C160R7,local_figi_match,official_full,3,exchange_directory|listed_companies_subset|security_lookup_subset,952,7640,,,,needs_official_evidence,needs_official_evidence
OTC::NRXXY,NRXXY,OTC,Nordex SE,Nordex SE Unsponsored ADR,American Depositary Receipt,supported_core_stock_type,batch_a_us_core,0.429,apply_twelvedata_name_identifier_supported,apply_ready,identifier,0.91,build_metadata_name_update,OpenFIGI supports the Twelve Data name without conflicting with the local listing FIGI.,OpenFIGI supports Twelve Data name; FIGI relation=local_figi_match.,second_source_supports_twelvedata_name,OpenFIGI,,false,ok,BBG00B0SFXZ6,BBG00B0SFXZ6,local_figi_match,official_full,3,exchange_directory|listed_companies_subset|security_lookup_subset,952,7640,,,,needs_official_evidence,needs_official_evidence
OTC::NSAV,NSAV,OTC,NSAV Holding Inc,Net Savings Link Inc.,Common Stock,supported_core_stock_type,batch_a_us_core,0.5,apply_twelvedata_name_identifier_supported,apply_ready,identifier,0.91,build_metadata_name_update,OpenFIGI supports the Twelve Data name without conflicting with the local listing FIGI.,OpenFIGI supports Twelve Data name; FIGI relation=local_figi_match.,second_source_supports_twelvedata_name,OpenFIGI,,false,ok,BBG000J407K2,BBG000J407K2,local_figi_match,official_full,3,exchange_directory|listed_companies_subset|security_lookup_subset,952,7640,,,,needs_official_evidence,needs_official_evidence
OTC::NTAC,NTAC,OTC,Enerkon Solar International Inc,New Technology Acquisition Holdings Inc.,Common Stock,supported_core_stock_type,batch_a_us_core,0.387,apply_twelvedata_name_identifier_supported,apply_ready,identifier,0.88,build_metadata_name_update,OpenFIGI supports the Twelve Data name without conflicting with the local listing FIGI.,OpenFIGI supports Twelve Data name; FIGI relation=openfigi_only.,second_source_supports_twelvedata_name,OpenFIGI,,false,ok,BBG000BRQP76,,openfigi_only,official_full,3,exchange_directory|listed_companies_subset|security_lookup_subset,952,7640,,accepted_source_gap,Canonical stock sector only after exchange/name gate; no ticker/name-only inference.,needs_official_evidence,needs_official_evidence
OTC::NWAU,NWAU,OTC,Consumer Automotive Finance Inc,NowAuto Inc.,Common Stock,supported_core_stock_type,batch_a_us_core,0.294,apply_twelvedata_name_identifier_supported,apply_ready,identifier,0.91,build_metadata_name_update,OpenFIGI supports the Twelve Data name without conflicting with the local listing FIGI.,OpenFIGI supports Twelve Data name; FIGI relation=local_figi_match.,second_source_supports_twelvedata_name,OpenFIGI,,false,ok,BBG000Q1J686,BBG000Q1J686,local_figi_match,official_full,3,exchange_directory|listed_companies_subset|security_lookup_subset,952,7640,,,,needs_official_evidence,needs_official_evidence
OTC::NWHUF,NWHUF,OTC,Northwest Healthcare Properties REIT,Vital Infrastructure Property Trust,REIT,supported_core_stock_type,batch_a_us_core,0.479,apply_twelvedata_name_identifier_supported,apply_ready,identifier,0.88,build_metadata_name_update,OpenFIGI supports the Twelve Data name without conflicting with the local listing FIGI.,OpenFIGI supports Twelve Data name; FIGI relation=openfigi_only.,second_source_supports_twelvedata_name,OpenFIGI,,false,ok,BBG001RZ1K86,,openfigi_only,official_full,3,exchange_directory|listed_companies_subset|security_lookup_subset,952,7640,,,,needs_official_evidence,needs_official_evidence
OTC::OGGFF,OGGFF,OTC,Organic Garage Ltd,Oragin Foods Inc.,Common Stock,supported_core_stock_type,batch_a_us_core,0.308,apply_twelvedata_name_identifier_supported,apply_ready,identifier,0.91,build_metadata_name_update,OpenFIGI supports the Twelve Data name without conflicting with the local listing FIGI.,OpenFIGI supports Twelve Data name; FIGI relation=local_figi_match.,second_source_supports_twelvedata_name,OpenFIGI,,false,ok,BBG00ZJ05V25,BBG00ZJ05V25,local_figi_match,official_full,3,exchange_directory|listed_companies_subset|security_lookup_subset,952,7640,,,,needs_official_evidence,needs_official_evidence
OTC::OIGLF,OIGLF,OTC,Chariot Oil & Gas Limited,Chariot Ltd,Common Stock,supported_core_stock_type,batch_a_us_core,0.538,apply_twelvedata_name_identifier_supported,apply_ready,identifier,0.91,build_metadata_name_update,OpenFIGI supports the Twelve Data name without conflicting with the local listing FIGI.,OpenFIGI supports Twelve Data name; FIGI relation=local_figi_match.,second_source_supports_twelvedata_name,OpenFIGI,,false,ok,BBG000LHMS48,BBG000LHMS48,local_figi_match,official_full,3,exchange_directory|listed_companies_subset|security_lookup_subset,952,7640,,,,needs_official_evidence,needs_official_evidence
OTC::OMVJF,OMVJF,OTC,OMV Aktiengesellschaft,OMV AG,Common Stock,supported_core_stock_type,batch_a_us_core,0.24,apply_twelvedata_name_identifier_supported,apply_ready,identifier,0.91,build_metadata_name_update,OpenFIGI supports the Twelve Data name without conflicting with the local listing FIGI.,OpenFIGI supports Twelve Data name; FIGI relation=local_figi_match.,second_source_supports_twelvedata_name,OpenFIGI,,false,ok,BBG000CJ9754,BBG000CJ9754,local_figi_match,official_full,3,exchange_directory|listed_companies_subset|security_lookup_subset,952,7640,,,,needs_official_evidence,needs_official_evidence
OTC::OPORF,OPORF,OTC,Open Orphan plc,Hvivo Plc,Common Stock,supported_core_stock_type,batch_a_us_core,0.125,apply_twelvedata_name_identifier_supported,apply_ready,identifier,0.91,build_metadata_name_update,OpenFIGI supports the Twelve Data name without conflicting with the local listing FIGI.,OpenFIGI supports Twelve Data name; FIGI relation=local_figi_match.,second_source_supports_twelvedata_name,OpenFIGI,,false,ok,BBG00SXJD1S3,BBG00SXJD1S3,local_figi_match,official_full,3,exchange_directory|listed_companies_subset|security_lookup_subset,952,7640,,,,needs_official_evidence,needs_official_evidence
OTC::OQLGF,OQLGF,OTC,Olympique Lyonnais Groupe SA,Eagle Football Group,Common Stock,supported_core_stock_type,batch_a_us_core,0.444,apply_twelvedata_name_identifier_supported,apply_ready,identifier,0.88,build_metadata_name_update,OpenFIGI supports the Twelve Data name without conflicting with the local listing FIGI.,OpenFIGI supports Twelve Data name; FIGI relation=openfigi_only.,second_source_supports_twelvedata_name,OpenFIGI,,false,ok,BBG000VB9046,,openfigi_only,official_full,3,exchange_directory|listed_companies_subset|security_lookup_subset,952,7640,,,,needs_official_evidence,needs_official_evidence
OTC::OZYMF,OZYMF,OTC,Orphazyme A/S,Strategic Partners A/S,Common Stock,supported_core_stock_type,batch_a_us_core,0.457,apply_twelvedata_name_identifier_supported,apply_ready,identifier,0.88,build_metadata_name_update,OpenFIGI supports the Twelve Data name without conflicting with the local listing FIGI.,OpenFIGI supports Twelve Data name; FIGI relation=openfigi_only.,second_source_supports_twelvedata_name,OpenFIGI,,false,ok,BBG00MV2S6F2,,openfigi_only,official_full,3,exchange_directory|listed_companies_subset|security_lookup_subset,952,7640,,,,needs_official_evidence,needs_official_evidence
OTC::PASTF,PASTF,OTC,Compagnie Plastic Omnium SA,OPmobility SE,Common Stock,supported_core_stock_type,batch_a_us_core,0.294,apply_twelvedata_name_identifier_supported,apply_ready,identifier,0.91,build_metadata_name_update,OpenFIGI supports the Twelve Data name without conflicting with the local listing FIGI.,OpenFIGI supports Twelve Data name; FIGI relation=local_figi_match.,second_source_supports_twelvedata_name,OpenFIGI,,false,ok,BBG000C13474,BBG000C13474,local_figi_match,official_full,3,exchange_directory|listed_companies_subset|security_lookup_subset,952,7640,,,,needs_official_evidence,needs_official_evidence
OTC::PCGR,PCGR,OTC,Personal Care Group Inc,Pc Group Inc.,Common Stock,supported_core_stock_type,batch_a_us_core,0.593,apply_twelvedata_name_identifier_supported,apply_ready,identifier,0.91,build_metadata_name_update,OpenFIGI supports the Twelve Data name without conflicting with the local listing FIGI.,OpenFIGI supports Twelve Data name; FIGI relation=local_figi_match.,second_source_supports_twelvedata_name,OpenFIGI,,false,ok,BBG000BK2QZ4,BBG000BK2QZ4,local_figi_match,official_full,3,exchange_directory|listed_companies_subset|security_lookup_subset,952,7640,,,,needs_official_evidence,needs_official_evidence
OTC::PIERF,PIERF,OTC,PIERER MOBILITY AGKTM,Bajaj Mobility AG,Common Stock,supported_core_stock_type,batch_a_us_core,0.514,apply_twelvedata_name_identifier_supported,apply_ready,identifier,0.88,build_metadata_name_update,OpenFIGI supports the Twelve Data name without conflicting with the local listing FIGI.,OpenFIGI supports Twelve Data name; FIGI relation=openfigi_only.,second_source_supports_twelvedata_name,OpenFIGI,,false,ok,BBG01HGKB0S6,,openfigi_only,official_full,3,exchange_directory|listed_companies_subset|security_lookup_subset,952,7640,,accepted_source_gap,Canonical stock sector only after exchange/name gate; no ticker/name-only inference.,needs_official_evidence,needs_official_evidence
OTC::PMBY,PMBY,OTC,Postd Merchant Banque,Pmb Aerospace Corp,Common Stock,supported_core_stock_type,batch_a_us_core,0.235,apply_twelvedata_name_identifier_supported,apply_ready,identifier,0.91,build_metadata_name_update,OpenFIGI supports the Twelve Data name without conflicting with the local listing FIGI.,OpenFIGI supports Twelve Data name; FIGI relation=local_figi_match.,second_source_supports_twelvedata_name,OpenFIGI,,false,ok,BBG000BM9Y13,BBG000BM9Y13,local_figi_match,official_full,3,exchange_directory|listed_companies_subset|security_lookup_subset,952,7640,,,,needs_official_evidence,needs_official_evidence
OTC::PMEDF,PMEDF,OTC,Predictmedix Inc,QScreen AI Inc.,Common Stock,supported_core_stock_type,batch_a_us_core,0.273,apply_twelvedata_name_identifier_supported,apply_ready,identifier,0.88,build_metadata_name_update,OpenFIGI supports the Twelve Data name without conflicting with the local listing FIGI.,OpenFIGI supports Twelve Data name; FIGI relation=openfigi_only.,second_source_supports_twelvedata_name,OpenFIGI,,false,ok,BBG00RKGKD65,,openfigi_only,official_full,3,exchange_directory|listed_companies_subset|security_lookup_subset,952,7640,,,,needs_official_evidence,needs_official_evidence
OTC::PNGM,PNGM,OTC,Er Therapeutics Inc,Pengram Corporation,Common Stock,supported_core_stock_type,batch_a_us_core,0.273,apply_twelvedata_name_identifier_supported,apply_ready,identifier,0.91,build_metadata_name_update,OpenFIGI supports the Twelve Data name without conflicting with the local listing FIGI.,OpenFIGI supports Twelve Data name; FIGI relation=local_figi_match.,second_source_supports_twelvedata_name,OpenFIGI,,false,ok,BBG000RKJTC8,BBG000RKJTC8,local_figi_match,official_full,3,exchange_directory|listed_companies_subset|security_lookup_subset,952,7640,,,,needs_official_evidence,needs_official_evidence
OTC::PNXGF,PNXGF,OTC,Phoenix Group Holdings PLC,Standard Life Plc,Common Stock,supported_core_stock_type,batch_a_us_core,0.057,apply_twelvedata_name_identifier_supported,apply_ready,identifier,0.91,build_metadata_name_update,OpenFIGI supports the Twelve Data name without conflicting with the local listing FIGI.,OpenFIGI supports Twelve Data name; FIGI relation=local_figi_match.,second_source_supports_twelvedata_name,OpenFIGI,,false,ok,BBG00NNFXS39,BBG00NNFXS39,local_figi_match,official_full,3,exchange_directory|listed_companies_subset|security_lookup_subset,952,7640,,,,needs_official_evidence,needs_official_evidence
OTC::PRCX,PRCX,OTC,Resort Savers Inc,Phoenix Rising Companies Inc.,Common Stock,supported_core_stock_type,batch_a_us_core,0.162,apply_twelvedata_name_identifier_supported,apply_ready,identifier,0.91,build_metadata_name_update,OpenFIGI supports the Twelve Data name without conflicting with the local listing FIGI.,OpenFIGI supports Twelve Data name; FIGI relation=local_figi_match.,second_source_supports_twelvedata_name,OpenFIGI,,false,ok,BBG004CGM999,BBG004CGM999,local_figi_match,official_full,3,exchange_directory|listed_companies_subset|security_lookup_subset,952,7640,,,,needs_official_evidence,needs_official_evidence
OTC::PRNDY,PRNDY,OTC,Pernod Ricard SA.,Pernod Ricard S.A. Sponsored ADR,American Depositary Receipt,supported_core_stock_type,batch_a_us_core,0.591,apply_twelvedata_name_identifier_supported,apply_ready,identifier,0.91,build_metadata_name_update,OpenFIGI supports the Twelve Data name without conflicting with the local listing FIGI.,OpenFIGI supports Twelve Data name; FIGI relation=local_figi_match.,second_source_supports_twelvedata_name,OpenFIGI,,false,ok,BBG013CYP248,BBG013CYP248,local_figi_match,official_full,3,exchange_directory|listed_companies_subset|security_lookup_subset,952,7640,,,,needs_official_evidence,needs_official_evidence
OTC::PSSMF,PSSMF,OTC,PRESS METAL BHD,Press Metal Aluminium Holdings Berhad,Common Stock,supported_core_stock_type,batch_a_us_core,0.577,apply_twelvedata_name_identifier_supported,apply_ready,identifier,0.91,build_metadata_name_update,OpenFIGI supports the Twelve Data name without conflicting with the local listing FIGI.,OpenFIGI supports Twelve Data name; FIGI relation=local_figi_match.,second_source_supports_twelvedata_name,OpenFIGI,,false,ok,BBG012NL47N7,BBG012NL47N7,local_figi_match,official_full,3,exchange_directory|listed_companies_subset|security_lookup_subset,952,7640,,,,needs_official_evidence,needs_official_evidence
OTC::PSYC,PSYC,OTC,Global Payout Inc.,Psyc Corp,Common Stock,supported_core_stock_type,batch_a_us_core,0.235,apply_twelvedata_name_identifier_supported,apply_ready,identifier,0.88,build_metadata_name_update,OpenFIGI supports the Twelve Data name without conflicting with the local listing FIGI.,OpenFIGI supports Twelve Data name; FIGI relation=openfigi_only.,second_source_supports_twelvedata_name,OpenFIGI,,false,ok,BBG000C4S4Q0,,openfigi_only,official_full,3,exchange_directory|listed_companies_subset|security_lookup_subset,952,7640,,,,needs_official_evidence,needs_official_evidence
OTC::PSZKF,PSZKF,OTC,Powszechna Kasa Oszczednosci Bank Polski Spólka Akcyjna,PKO Bank Polski S.A.,Common Stock,supported_core_stock_type,batch_a_us_core,0.486,apply_twelvedata_name_identifier_supported,apply_ready,identifier,0.88,build_metadata_name_update,OpenFIGI supports the Twelve Data name without conflicting with the local listing FIGI.,OpenFIGI supports Twelve Data name; FIGI relation=openfigi_only.,second_source_supports_twelvedata_name,OpenFIGI,,false,ok,BBG000DQC4H7,,openfigi_only,official_full,3,exchange_directory|listed_companies_subset|security_lookup_subset,952,7640,,,,needs_official_evidence,needs_official_evidence
OTC::PXHI,PXHI,OTC,Phonex Inc,Phonex Holdings Inc.,Common Stock,supported_core_stock_type,batch_a_us_core,0.571,apply_twelvedata_name_identifier_supported,apply_ready,identifier,0.91,build_metadata_name_update,OpenFIGI supports the Twelve Data name without conflicting with the local listing FIGI.,OpenFIGI supports Twelve Data name; FIGI relation=local_figi_match.,second_source_supports_twelvedata_name,OpenFIGI,,false,ok,BBG000QV66N7,BBG000QV66N7,local_figi_match,official_full,3,exchange_directory|listed_companies_subset|security_lookup_subset,952,7640,,,,needs_official_evidence,needs_official_evidence
OTC::QEPC,QEPC,OTC,QEP Co Inc,Q.E.P. Company Inc.,Common Stock,supported_core_stock_type,batch_a_us_core,0.375,apply_twelvedata_name_identifier_supported,apply_ready,identifier,0.91,build_metadata_name_update,OpenFIGI supports the Twelve Data name without conflicting with the local listing FIGI.,OpenFIGI supports Twelve Data name; FIGI relation=local_figi_match.,second_source_supports_twelvedata_name,OpenFIGI,,false,ok,BBG000F5PGH0,BBG000F5PGH0,local_figi_match,official_full,3,exchange_directory|listed_companies_subset|security_lookup_subset,952,7640,,,,needs_official_evidence,needs_official_evidence
OTC::QNTPF,QNTPF,OTC,QUANTUMPHARM INC.,XtalPi Holdings Limited,Common Stock,supported_core_stock_type,batch_a_us_core,0.148,apply_twelvedata_name_identifier_supported,apply_ready,identifier,0.91,build_metadata_name_update,OpenFIGI supports the Twelve Data name without conflicting with the local listing FIGI.,OpenFIGI supports Twelve Data name; FIGI relation=local_figi_match.,second_source_supports_twelvedata_name,OpenFIGI,,false,ok,BBG01NYK5FG0,BBG01NYK5FG0,local_figi_match,official_full,3,exchange_directory|listed_companies_subset|security_lookup_subset,952,7640,,,,needs_official_evidence,needs_official_evidence
OTC::RAHGF,RAHGF,OTC,China Lending Corp,"Roan Holdings Group Co., Ltd.",Common Stock,supported_core_stock_type,batch_a_us_core,0.375,apply_twelvedata_name_identifier_supported,apply_ready,identifier,0.91,build_metadata_name_update,OpenFIGI supports the Twelve Data name without conflicting with the local listing FIGI.,OpenFIGI supports Twelve Data name; FIGI relation=local_figi_match.,second_source_supports_twelvedata_name,OpenFIGI,,false,ok,BBG007DJNG43,BBG007DJNG43,local_figi_match,official_full,3,exchange_directory|listed_companies_subset|security_lookup_subset,952,7640,,,,needs_official_evidence,needs_official_evidence
OTC::RANJY,RANJY,OTC,Randstad Holdings NV,Randstad N.V. Unsponsored ADR,American Depositary Receipt,supported_core_stock_type,batch_a_us_core,0.489,apply_twelvedata_name_identifier_supported,apply_ready,identifier,0.91,build_metadata_name_update,OpenFIGI supports the Twelve Data name without conflicting with the local listing FIGI.,OpenFIGI supports Twelve Data name; FIGI relation=local_figi_match.,second_source_supports_twelvedata_name,OpenFIGI,,false,ok,BBG000BZNX47,BBG000BZNX47,local_figi_match,official_full,3,exchange_directory|listed_companies_subset|security_lookup_subset,952,7640,,,,needs_official_evidence,needs_official_evidence
OTC::RASP,RASP,OTC,Rasna Therapeutics Inc,Actavia Life Sciences Inc.,Common Stock,supported_core_stock_type,batch_a_us_core,0.359,apply_twelvedata_name_identifier_supported,apply_ready,identifier,0.91,build_metadata_name_update,OpenFIGI supports the Twelve Data name without conflicting with the local listing FIGI.,OpenFIGI supports Twelve Data name; FIGI relation=local_figi_match.,second_source_supports_twelvedata_name,OpenFIGI,,false,ok,BBG005846V15,BBG005846V15,local_figi_match,official_full,3,exchange_directory|listed_companies_subset|security_lookup_subset,952,7640,,,,needs_official_evidence,needs_official_evidence
OTC::RBII,RBII,OTC,Rising India Inc,Rising Biosciences Inc.,Common Stock,supported_core_stock_type,batch_a_us_core,0.6,apply_twelvedata_name_identifier_supported,apply_ready,identifier,0.91,build_metadata_name_update,OpenFIGI supports the Twelve Data name without conflicting with the local listing FIGI.,OpenFIGI supports Twelve Data name; FIGI relation=local_figi_match.,second_source_supports_twelvedata_name,OpenFIGI,,false,ok,BBG000BW21M7,BBG000BW21M7,local_figi_match,official_full,3,exchange_directory|listed_companies_subset|security_lookup_subset,952,7640,,,,needs_official_evidence,needs_official_evidence
OTC::RCCMF,RCCMF,OTC,Nippon Dragon Resources Inc,G.E.T.T. Gold Inc.,Common Stock,supported_core_stock_type,batch_a_us_core,0.171,apply_twelvedata_name_identifier_supported,apply_ready,identifier,0.91,build_metadata_name_update,OpenFIGI supports the Twelve Data name without conflicting with the local listing FIGI.,OpenFIGI supports Twelve Data name; FIGI relation=local_figi_match.,second_source_supports_twelvedata_name,OpenFIGI,,false,ok,BBG000H6HMQ2,BBG000H6HMQ2,local_figi_match,official_full,3,exchange_directory|listed_companies_subset|security_lookup_subset,952,7640,,,,needs_official_evidence,needs_official_evidence
OTC::RDAR,RDAR,OTC,"Telvantis, Inc.",Raadr Inc.,Common Stock,supported_core_stock_type,batch_a_us_core,0.143,apply_twelvedata_name_identifier_supported,apply_ready,identifier,0.88,build_metadata_name_update,OpenFIGI supports the Twelve Data name without conflicting with the local listing FIGI.,OpenFIGI supports Twelve Data name; FIGI relation=openfigi_only.,second_source_supports_twelvedata_name,OpenFIGI,,false,ok,BBG000BFK313,,openfigi_only,official_full,3,exchange_directory|listed_companies_subset|security_lookup_subset,952,7640,,,,needs_official_evidence,needs_official_evidence
OTC::REPYY,REPYY,OTC,Repsol SA,Repsol S.A. Sponsored ADR,American Depositary Receipt,supported_core_stock_type,batch_a_us_core,0.4,apply_twelvedata_name_identifier_supported,apply_ready,identifier,0.91,build_metadata_name_update,OpenFIGI supports the Twelve Data name without conflicting with the local listing FIGI.,OpenFIGI supports Twelve Data name; FIGI relation=local_figi_match.,second_source_supports_twelvedata_name,OpenFIGI,,false,ok,BBG000C0HPT0,BBG000C0HPT0,local_figi_match,official_full,3,exchange_directory|listed_companies_subset|security_lookup_subset,952,7640,,,,needs_official_evidence,needs_official_evidence
OTC::RICOY,RICOY,OTC,Ricoh Company Ltd,"Ricoh Co., Ltd. Sponsored ADR",American Depositary Receipt,supported_core_stock_type,batch_a_us_core,0.5,apply_twelvedata_name_identifier_supported,apply_ready,identifier,0.91,build_metadata_name_update,OpenFIGI supports the Twelve Data name without conflicting with the local listing FIGI.,OpenFIGI supports Twelve Data name; FIGI relation=local_figi_match.,second_source_supports_twelvedata_name,OpenFIGI,,false,ok,BBG000BSGFW9,BBG000BSGFW9,local_figi_match,official_full,3,exchange_directory|listed_companies_subset|security_lookup_subset,952,7640,,,,needs_official_evidence,needs_official_evidence
OTC::RIOCF,RIOCF,OTC,Riocan REIT,RioCan Real Estate Investment Trust,REIT,supported_core_stock_type,batch_a_us_core,0.478,apply_twelvedata_name_identifier_supported,apply_ready,identifier,0.88,build_metadata_name_update,OpenFIGI supports the Twelve Data name without conflicting with the local listing FIGI.,OpenFIGI supports Twelve Data name; FIGI relation=openfigi_only.,second_source_supports_twelvedata_name,OpenFIGI,,false,ok,BBG000C0HCB8,,openfigi_only,official_full,3,exchange_directory|listed_companies_subset|security_lookup_subset,952,7640,,,,needs_official_evidence,needs_official_evidence
OTC::RNSHY,RNSHY,OTC,Renishaw PLC,Renishaw PLC Unsponsored ADR,American Depositary Receipt,supported_core_stock_type,batch_a_us_core,0.5,apply_twelvedata_name_identifier_supported,apply_ready,identifier,0.91,build_metadata_name_update,OpenFIGI supports the Twelve Data name without conflicting with the local listing FIGI.,OpenFIGI supports Twelve Data name; FIGI relation=local_figi_match.,second_source_supports_twelvedata_name,OpenFIGI,,false,ok,BBG0055FP804,BBG0055FP804,local_figi_match,official_full,3,exchange_directory|listed_companies_subset|security_lookup_subset,952,7640,,,,needs_official_evidence,needs_official_evidence
OTC::RSKIA,RSKIA,OTC,Risk George Inds A,George Risk Industries Inc.,Common Stock,supported_core_stock_type,batch_a_us_core,0.55,apply_twelvedata_name_identifier_supported,apply_ready,identifier,0.91,build_metadata_name_update,OpenFIGI supports the Twelve Data name without conflicting with the local listing FIGI.,OpenFIGI supports Twelve Data name; FIGI relation=local_figi_match.,second_source_supports_twelvedata_name,OpenFIGI,,false,ok,BBG000BS6641,BBG000BS6641,local_figi_match,official_full,3,exchange_directory|listed_companies_subset|security_lookup_subset,952,7640,,,,needs_official_evidence,needs_official_evidence
OTC::RTMVY,RTMVY,OTC,Rightmove Plc,Rightmove Plc Unsponsored ADR,American Depositary Receipt,supported_core_stock_type,batch_a_us_core,0.529,apply_twelvedata_name_identifier_supported,apply_ready,identifier,0.91,build_metadata_name_update,OpenFIGI supports the Twelve Data name without conflicting with the local listing FIGI.,OpenFIGI supports Twelve Data name; FIGI relation=local_figi_match.,second_source_supports_twelvedata_name,OpenFIGI,,false,ok,BBG001MKSXW0,BBG001MKSXW0,local_figi_match,official_full,3,exchange_directory|listed_companies_subset|security_lookup_subset,952,7640,,,,needs_official_evidence,needs_official_evidence
OTC::RWEOY,RWEOY,OTC,RWE AG PK,RWE Aktiengesellschaft Sponsored ADR,American Depositary Receipt,supported_core_stock_type,batch_a_us_core,0.238,apply_twelvedata_name_identifier_supported,apply_ready,identifier,0.91,build_metadata_name_update,OpenFIGI supports the Twelve Data name without conflicting with the local listing FIGI.,OpenFIGI supports Twelve Data name; FIGI relation=local_figi_match.,second_source_supports_twelvedata_name,OpenFIGI,,false,ok,BBG000BF56H6,BBG000BF56H6,local_figi_match,official_full,3,exchange_directory|listed_companies_subset|security_lookup_subset,952,7640,,,,needs_official_evidence,needs_official_evidence
OTC::RWNFF,RWNFF,OTC,RWE Aktiengesellschaft,RWE AG,Common Stock,supported_core_stock_type,batch_a_us_core,0.24,apply_twelvedata_name_identifier_supported,apply_ready,identifier,0.91,build_metadata_name_update,OpenFIGI supports the Twelve Data name without conflicting with the local listing FIGI.,OpenFIGI supports Twelve Data name; FIGI relation=local_figi_match.,second_source_supports_twelvedata_name,OpenFIGI,,false,ok,BBG000BXFY94,BBG000BXFY94,local_figi_match,official_full,3,exchange_directory|listed_companies_subset|security_lookup_subset,952,7640,,,,needs_official_evidence,needs_official_evidence
OTC::SALRY,SALRY,OTC,SalMar ASA,Salmar ASA Unsponsored ADR,American Depositary Receipt,supported_core_stock_type,batch_a_us_core,0.556,apply_twelvedata_name_identifier_supported,apply_ready,identifier,0.88,build_metadata_name_update,OpenFIGI supports the Twelve Data name without conflicting with the local listing FIGI.,OpenFIGI supports Twelve Data name; FIGI relation=openfigi_only.,second_source_supports_twelvedata_name,OpenFIGI,,false,ok,BBG00MDXYD80,,openfigi_only,official_full,3,exchange_directory|listed_companies_subset|security_lookup_subset,952,7640,,,,needs_official_evidence,needs_official_evidence
OTC::SATLF,SATLF,OTC,"Start Today Co., Ltd./ADR",Zozo Inc.,Common Stock,supported_core_stock_type,batch_a_us_core,0.105,apply_twelvedata_name_identifier_supported,apply_ready,identifier,0.91,build_metadata_name_update,OpenFIGI supports the Twelve Data name without conflicting with the local listing FIGI.,OpenFIGI supports Twelve Data name; FIGI relation=local_figi_match.,second_source_supports_twelvedata_name,OpenFIGI,,false,ok,BBG000TWK5Z5,BBG000TWK5Z5,local_figi_match,official_full,3,exchange_directory|listed_companies_subset|security_lookup_subset,952,7640,,,,needs_official_evidence,needs_official_evidence
OTC::SBOEF,SBOEF,OTC,Schoeller-Bleckmann Oilfield Equipment Aktiengesellschaft,SBO AG,Common Stock,supported_core_stock_type,batch_a_us_core,0.067,apply_twelvedata_name_identifier_supported,apply_ready,identifier,0.91,build_metadata_name_update,OpenFIGI supports the Twelve Data name without conflicting with the local listing FIGI.,OpenFIGI supports Twelve Data name; FIGI relation=local_figi_match.,second_source_supports_twelvedata_name,OpenFIGI,,false,ok,BBG000DKY547,BBG000DKY547,local_figi_match,official_full,3,exchange_directory|listed_companies_subset|security_lookup_subset,952,7640,,,,needs_official_evidence,needs_official_evidence
OTC::SCCTY,SCCTY,OTC,Scout24 AG,Scout24 AG Unsponsored ADR,American Depositary Receipt,supported_core_stock_type,batch_a_us_core,0.467,apply_twelvedata_name_identifier_supported,apply_ready,identifier,0.91,build_metadata_name_update,OpenFIGI supports the Twelve Data name without conflicting with the local listing FIGI.,OpenFIGI supports Twelve Data name; FIGI relation=local_figi_match.,second_source_supports_twelvedata_name,OpenFIGI,,false,ok,BBG00J6P3GL4,BBG00J6P3GL4,local_figi_match,official_full,3,exchange_directory|listed_companies_subset|security_lookup_subset,952,7640,,,,needs_official_evidence,needs_official_evidence
OTC::SCMWY,SCMWY,OTC,SwissCom AG,Swisscom AG Sponsored ADR,American Depositary Receipt,supported_core_stock_type,batch_a_us_core,0.533,apply_twelvedata_name_identifier_supported,apply_ready,identifier,0.91,build_metadata_name_update,OpenFIGI supports the Twelve Data name without conflicting with the local listing FIGI.,OpenFIGI supports Twelve Data name; FIGI relation=local_figi_match.,second_source_supports_twelvedata_name,OpenFIGI,,false,ok,BBG000BD0D72,BBG000BD0D72,local_figi_match,official_full,3,exchange_directory|listed_companies_subset|security_lookup_subset,952,7640,,,,needs_official_evidence,needs_official_evidence
OTC::SCNG,SCNG,OTC,Strattner Financial Group Corp,SC Holdings Corp.,Common Stock,supported_core_stock_type,batch_a_us_core,0.278,apply_twelvedata_name_identifier_supported,apply_ready,identifier,0.88,build_metadata_name_update,OpenFIGI supports the Twelve Data name without conflicting with the local listing FIGI.,OpenFIGI supports Twelve Data name; FIGI relation=openfigi_only.,second_source_supports_twelvedata_name,OpenFIGI,,false,ok,BBG000HS3WH7,,openfigi_only,official_full,3,exchange_directory|listed_companies_subset|security_lookup_subset,952,7640,,,,needs_official_evidence,needs_official_evidence
OTC::SCRSF,SCRSF,OTC,ScreenPro Security Inc,Justera Health Ltd.,Common Stock,supported_core_stock_type,batch_a_us_core,0.25,apply_twelvedata_name_identifier_supported,apply_ready,identifier,0.91,build_metadata_name_update,OpenFIGI supports the Twelve Data name without conflicting with the local listing FIGI.,OpenFIGI supports Twelve Data name; FIGI relation=local_figi_match.,second_source_supports_twelvedata_name,OpenFIGI,,false,ok,BBG0112JCQV7,BBG0112JCQV7,local_figi_match,official_full,3,exchange_directory|listed_companies_subset|security_lookup_subset,952,7640,,accepted_source_gap,Canonical stock sector only after exchange/name gate; no ticker/name-only inference.,needs_official_evidence,needs_official_evidence
OTC::SCRYY,SCRYY,OTC,SCOR PK,Scor SE Sponsored ADR,American Depositary Receipt,supported_core_stock_type,batch_a_us_core,0.48,apply_twelvedata_name_identifier_supported,apply_ready,identifier,0.91,build_metadata_name_update,OpenFIGI supports the Twelve Data name without conflicting with the local listing FIGI.,OpenFIGI supports Twelve Data name; FIGI relation=local_figi_match.,second_source_supports_twelvedata_name,OpenFIGI,,false,ok,BBG000BLCNG9,BBG000BLCNG9,local_figi_match,official_full,3,exchange_directory|listed_companies_subset|security_lookup_subset,952,7640,,,,needs_official_evidence,needs_official_evidence
OTC::SDXAY,SDXAY,OTC,Sodexo PK,Sodexo S.A. Sponsored ADR,American Depositary Receipt,supported_core_stock_type,batch_a_us_core,0.485,apply_twelvedata_name_identifier_supported,apply_ready,identifier,0.91,build_metadata_name_update,OpenFIGI supports the Twelve Data name without conflicting with the local listing FIGI.,OpenFIGI supports Twelve Data name; FIGI relation=local_figi_match.,second_source_supports_twelvedata_name,OpenFIGI,,false,ok,BBG000BLDP28,BBG000BLDP28,local_figi_match,official_full,3,exchange_directory|listed_companies_subset|security_lookup_subset,952,7640,,,,needs_official_evidence,needs_official_evidence
OTC::SECYF,SECYF,OTC,Secure Energy Services Inc,Secure Waste Infrastructure Corp.,Common Stock,supported_core_stock_type,batch_a_us_core,0.408,apply_twelvedata_name_identifier_supported,apply_ready,identifier,0.91,build_metadata_name_update,OpenFIGI supports the Twelve Data name without conflicting with the local listing FIGI.,OpenFIGI supports Twelve Data name; FIGI relation=local_figi_match.,second_source_supports_twelvedata_name,OpenFIGI,,false,ok,BBG0015CS0M0,BBG0015CS0M0,local_figi_match,official_full,3,exchange_directory|listed_companies_subset|security_lookup_subset,952,7640,,,,needs_official_evidence,needs_official_evidence
OTC::SEIGY,SEIGY,OTC,Semperit Aktiengesellschaft Holding,Semperit AG Holding-sponsored ADR,American Depositary Receipt,supported_core_stock_type,batch_a_us_core,0.492,apply_twelvedata_name_identifier_supported,apply_ready,identifier,0.91,build_metadata_name_update,OpenFIGI supports the Twelve Data name without conflicting with the local listing FIGI.,OpenFIGI supports Twelve Data name; FIGI relation=local_figi_match.,second_source_supports_twelvedata_name,OpenFIGI,,false,ok,BBG002PYKBL3,BBG002PYKBL3,local_figi_match,official_full,3,exchange_directory|listed_companies_subset|security_lookup_subset,952,7640,,,,needs_official_evidence,needs_official_evidence
OTC::SFFLY,SFFLY,OTC,Schaeffler AG,Schaeffler AG - Unsponsored ADR,American Depositary Receipt,supported_core_stock_type,batch_a_us_core,0.556,apply_twelvedata_name_identifier_supported,apply_ready,identifier,0.91,build_metadata_name_update,OpenFIGI supports the Twelve Data name without conflicting with the local listing FIGI.,OpenFIGI supports Twelve Data name; FIGI relation=local_figi_match.,second_source_supports_twelvedata_name,OpenFIGI,,false,ok,BBG00HG0W918,BBG00HG0W918,local_figi_match,official_full,3,exchange_directory|listed_companies_subset|security_lookup_subset,952,7640,,,,needs_official_evidence,needs_official_evidence
OTC::SFNXF,SFNXF,OTC,Sofina Société Anonyme,Sofina,Common Stock,supported_core_stock_type,batch_a_us_core,0.444,apply_twelvedata_name_identifier_supported,apply_ready,identifier,0.91,build_metadata_name_update,OpenFIGI supports the Twelve Data name without conflicting with the local listing FIGI.,OpenFIGI supports Twelve Data name; FIGI relation=local_figi_match.,second_source_supports_twelvedata_name,OpenFIGI,,false,ok,BBG000BQF5X5,BBG000BQF5X5,local_figi_match,official_full,3,exchange_directory|listed_companies_subset|security_lookup_subset,952,7640,,,,needs_official_evidence,needs_official_evidence
OTC::SGPYY,SGPYY,OTC,The Sage Group plc,Sage Group plc Unsponsored ADR,American Depositary Receipt,supported_core_stock_type,batch_a_us_core,0.556,apply_twelvedata_name_identifier_supported,apply_ready,identifier,0.91,build_metadata_name_update,OpenFIGI supports the Twelve Data name without conflicting with the local listing FIGI.,OpenFIGI supports Twelve Data name; FIGI relation=local_figi_match.,second_source_supports_twelvedata_name,OpenFIGI,,false,ok,BBG000CN6KV0,BBG000CN6KV0,local_figi_match,official_full,3,exchange_directory|listed_companies_subset|security_lookup_subset,952,7640,,,,needs_official_evidence,needs_official_evidence
OTC::SHPPF,SHPPF,OTC,Shop Apotheke Europe N.V,Redcare Pharmacy N.V.,Common Stock,supported_core_stock_type,batch_a_us_core,0.364,apply_twelvedata_name_identifier_supported,apply_ready,identifier,0.88,build_metadata_name_update,OpenFIGI supports the Twelve Data name without conflicting with the local listing FIGI.,OpenFIGI supports Twelve Data name; FIGI relation=openfigi_only.,second_source_supports_twelvedata_name,OpenFIGI,,false,ok,BBG00XTH5F90,,openfigi_only,official_full,3,exchange_directory|listed_companies_subset|security_lookup_subset,952,7640,,accepted_source_gap,Canonical stock sector only after exchange/name gate; no ticker/name-only inference.,needs_official_evidence,needs_official_evidence
OTC::SHWDF,SHWDF,OTC,Showa Denko K.K,Resonac Holdings Corporation,Common Stock,supported_core_stock_type,batch_a_us_core,0.323,apply_twelvedata_name_identifier_supported,apply_ready,identifier,0.91,build_metadata_name_update,OpenFIGI supports the Twelve Data name without conflicting with the local listing FIGI.,OpenFIGI supports Twelve Data name; FIGI relation=local_figi_match.,second_source_supports_twelvedata_name,OpenFIGI,,false,ok,BBG000C1CH48,BBG000C1CH48,local_figi_match,official_full,3,exchange_directory|listed_companies_subset|security_lookup_subset,952,7640,,,,needs_official_evidence,needs_official_evidence
OTC::SKFRY,SKFRY,OTC,AB SKF,SKF AB Sponsored ADR,American Depositary Receipt,supported_core_stock_type,batch_a_us_core,0.308,apply_twelvedata_name_identifier_supported,apply_ready,identifier,0.91,build_metadata_name_update,OpenFIGI supports the Twelve Data name without conflicting with the local listing FIGI.,OpenFIGI supports Twelve Data name; FIGI relation=local_figi_match.,second_source_supports_twelvedata_name,OpenFIGI,,false,ok,BBG000BND9F6,BBG000BND9F6,local_figi_match,official_full,3,exchange_directory|listed_companies_subset|security_lookup_subset,952,7640,,,,needs_official_evidence,needs_official_evidence
OTC::SLLDY,SLLDY,OTC,Sanlam Ltd PK,Sanlam Ltd. Sponsored ADR,American Depositary Receipt,supported_core_stock_type,batch_a_us_core,0.552,apply_twelvedata_name_identifier_supported,apply_ready,identifier,0.91,build_metadata_name_update,OpenFIGI supports the Twelve Data name without conflicting with the local listing FIGI.,OpenFIGI supports Twelve Data name; FIGI relation=local_figi_match.,second_source_supports_twelvedata_name,OpenFIGI,,false,ok,BBG000LKTKH7,BBG000LKTKH7,local_figi_match,official_full,3,exchange_directory|listed_companies_subset|security_lookup_subset,952,7640,,,,needs_official_evidence,needs_official_evidence
OTC::SMCAY,SMCAY,OTC,SMC Corp Japan,SMC Corporation Sponsored ADR,American Depositary Receipt,supported_core_stock_type,batch_a_us_core,0.385,apply_twelvedata_name_identifier_supported,apply_ready,identifier,0.91,build_metadata_name_update,OpenFIGI supports the Twelve Data name without conflicting with the local listing FIGI.,OpenFIGI supports Twelve Data name; FIGI relation=local_figi_match.,second_source_supports_twelvedata_name,OpenFIGI,,false,ok,BBG006427009,BBG006427009,local_figi_match,official_full,3,exchange_directory|listed_companies_subset|security_lookup_subset,952,7640,,,,needs_official_evidence,needs_official_evidence
OTC::SNBIF,SNBIF,OTC,SanBio Company Limited,"SanBio Co., Ltd.",Common Stock,supported_core_stock_type,batch_a_us_core,0.6,apply_twelvedata_name_identifier_supported,apply_ready,identifier,0.91,build_metadata_name_update,OpenFIGI supports the Twelve Data name without conflicting with the local listing FIGI.,OpenFIGI supports Twelve Data name; FIGI relation=local_figi_match.,second_source_supports_twelvedata_name,OpenFIGI,,false,ok,BBG00B4YVDN8,BBG00B4YVDN8,local_figi_match,official_full,3,exchange_directory|listed_companies_subset|security_lookup_subset,952,7640,,,,needs_official_evidence,needs_official_evidence
OTC::SNEJF,SNEJF,OTC,Sony Corp,Sony Group Corporation,Common Stock,supported_core_stock_type,batch_a_us_core,0.571,apply_twelvedata_name_identifier_supported,apply_ready,identifier,0.91,build_metadata_name_update,OpenFIGI supports the Twelve Data name without conflicting with the local listing FIGI.,OpenFIGI supports Twelve Data name; FIGI relation=local_figi_match.,second_source_supports_twelvedata_name,OpenFIGI,,false,ok,BBG000KBRKP1,BBG000KBRKP1,local_figi_match,official_full,3,exchange_directory|listed_companies_subset|security_lookup_subset,952,7640,,,,needs_official_evidence,needs_official_evidence
OTC::SNROF,SNROF,OTC,Sanrio Company Ltd,"Sanrio Co., Ltd.",Common Stock,supported_core_stock_type,batch_a_us_core,0.6,apply_twelvedata_name_identifier_supported,apply_ready,identifier,0.91,build_metadata_name_update,OpenFIGI supports the Twelve Data name without conflicting with the local listing FIGI.,OpenFIGI supports Twelve Data name; FIGI relation=local_figi_match.,second_source_supports_twelvedata_name,OpenFIGI,,false,ok,BBG000DX6VW2,BBG000DX6VW2,local_figi_match,official_full,3,exchange_directory|listed_companies_subset|security_lookup_subset,952,7640,,,,needs_official_evidence,needs_official_evidence
OTC::SOBKY,SOBKY,OTC,SoftBank Corp,SoftBank Corp. Unsponsored ADR,American Depositary Receipt,supported_core_stock_type,batch_a_us_core,0.5,apply_twelvedata_name_identifier_supported,apply_ready,identifier,0.91,build_metadata_name_update,OpenFIGI supports the Twelve Data name without conflicting with the local listing FIGI.,OpenFIGI supports Twelve Data name; FIGI relation=local_figi_match.,second_source_supports_twelvedata_name,OpenFIGI,,false,ok,BBG00N26WPQ4,BBG00N26WPQ4,local_figi_match,official_full,3,exchange_directory|listed_companies_subset|security_lookup_subset,952,7640,,,,needs_official_evidence,needs_official_evidence
OTC::SOTDF,SOTDF,OTC,Stroeer SE,Ströer SE & Co. KGaA,Common Stock,supported_core_stock_type,batch_a_us_core,0.455,apply_twelvedata_name_identifier_supported,apply_ready,identifier,0.88,build_metadata_name_update,OpenFIGI supports the Twelve Data name without conflicting with the local listing FIGI.,OpenFIGI supports Twelve Data name; FIGI relation=openfigi_only.,second_source_supports_twelvedata_name,OpenFIGI,,false,ok,BBG003LYCRM8,,openfigi_only,official_full,3,exchange_directory|listed_companies_subset|security_lookup_subset,952,7640,,accepted_source_gap,Canonical stock sector only after exchange/name gate; no ticker/name-only inference.,needs_official_evidence,needs_official_evidence
OTC::SPRQF,SPRQF,OTC,SPARQ Corp.,Sparq Systems Inc.,Common Stock,supported_core_stock_type,batch_a_us_core,0.556,apply_twelvedata_name_identifier_supported,apply_ready,identifier,0.91,build_metadata_name_update,OpenFIGI supports the Twelve Data name without conflicting with the local listing FIGI.,OpenFIGI supports Twelve Data name; FIGI relation=local_figi_match.,second_source_supports_twelvedata_name,OpenFIGI,,false,ok,BBG017TGG1H8,BBG017TGG1H8,local_figi_match,official_full,3,exchange_directory|listed_companies_subset|security_lookup_subset,952,7640,,,,needs_official_evidence,needs_official_evidence
OTC::SPXSF,SPXSF,OTC,Spirax-Sarco Engineering plc,Spirax Group plc,Common Stock,supported_core_stock_type,batch_a_us_core,0.5,apply_twelvedata_name_identifier_supported,apply_ready,identifier,0.91,build_metadata_name_update,OpenFIGI supports the Twelve Data name without conflicting with the local listing FIGI.,OpenFIGI supports Twelve Data name; FIGI relation=local_figi_match.,second_source_supports_twelvedata_name,OpenFIGI,,false,ok,BBG000CSMRW5,BBG000CSMRW5,local_figi_match,official_full,3,exchange_directory|listed_companies_subset|security_lookup_subset,952,7640,,,,needs_official_evidence,needs_official_evidence
OTC::SRWRF,SRWRF,OTC,SolarWorld Aktiengesellschaft,SolarWorld AG,Common Stock,supported_core_stock_type,batch_a_us_core,0.513,apply_twelvedata_name_identifier_supported,apply_ready,identifier,0.91,build_metadata_name_update,OpenFIGI supports the Twelve Data name without conflicting with the local listing FIGI.,OpenFIGI supports Twelve Data name; FIGI relation=local_figi_match.,second_source_supports_twelvedata_name,OpenFIGI,,false,ok,BBG000C8NT27,BBG000C8NT27,local_figi_match,official_full,3,exchange_directory|listed_companies_subset|security_lookup_subset,952,7640,,,,needs_official_evidence,needs_official_evidence
OTC::SSCC,SSCC,OTC,SMURFIT-STONE CONTAINER Corp,Spirits Capital Corporation,Common Stock,supported_core_stock_type,batch_a_us_core,0.474,apply_twelvedata_name_identifier_supported,apply_ready,identifier,0.88,build_metadata_name_update,OpenFIGI supports the Twelve Data name without conflicting with the local listing FIGI.,OpenFIGI supports Twelve Data name; FIGI relation=openfigi_only.,second_source_supports_twelvedata_name,OpenFIGI,,false,ok,BBG000BXFVK7,,openfigi_only,official_full,3,exchange_directory|listed_companies_subset|security_lookup_subset,952,7640,,accepted_source_gap,Canonical stock sector only after exchange/name gate; no ticker/name-only inference.,needs_official_evidence,needs_official_evidence
OTC::SSRSF,SSRSF,OTC,Silver Sands Resources Corp,Miravalles Gold Corp.,Common Stock,supported_core_stock_type,batch_a_us_core,0.324,apply_twelvedata_name_identifier_supported,apply_ready,identifier,0.91,build_metadata_name_update,OpenFIGI supports the Twelve Data name without conflicting with the local listing FIGI.,OpenFIGI supports Twelve Data name; FIGI relation=local_figi_match.,second_source_supports_twelvedata_name,OpenFIGI,,false,ok,BBG00W1P3NS8,BBG00W1P3NS8,local_figi_match,official_full,3,exchange_directory|listed_companies_subset|security_lookup_subset,952,7640,,,,needs_official_evidence,needs_official_evidence
OTC::STBK,STBK,OTC,Studio Bank,Studio Financial Holdings Inc.,Common Stock,supported_core_stock_type,batch_a_us_core,0.5,apply_twelvedata_name_identifier_supported,apply_ready,identifier,0.91,build_metadata_name_update,OpenFIGI supports the Twelve Data name without conflicting with the local listing FIGI.,OpenFIGI supports Twelve Data name; FIGI relation=local_figi_match.,second_source_supports_twelvedata_name,OpenFIGI,,false,ok,BBG0186CWP34,BBG0186CWP34,local_figi_match,official_full,3,exchange_directory|listed_companies_subset|security_lookup_subset,952,7640,,,,needs_official_evidence,needs_official_evidence
OTC::SUVZ,SUVZ,OTC,Suvanza Pharma LLC,Suvanza,Common Stock,supported_core_stock_type,batch_a_us_core,0.56,apply_twelvedata_name_identifier_supported,apply_ready,identifier,0.88,build_metadata_name_update,OpenFIGI supports the Twelve Data name without conflicting with the local listing FIGI.,OpenFIGI supports Twelve Data name; FIGI relation=openfigi_only.,second_source_supports_twelvedata_name,OpenFIGI,,false,ok,BBG000CFJ948,,openfigi_only,official_full,3,exchange_directory|listed_companies_subset|security_lookup_subset,952,7640,,,,needs_official_evidence,needs_official_evidence
OTC::SVTNF,SVTNF,OTC,Silverton Metals Corp,Lodestar Metals Corp.,Common Stock,supported_core_stock_type,batch_a_us_core,0.581,apply_twelvedata_name_identifier_supported,apply_ready,identifier,0.91,build_metadata_name_update,OpenFIGI supports the Twelve Data name without conflicting with the local listing FIGI.,OpenFIGI supports Twelve Data name; FIGI relation=local_figi_match.,second_source_supports_twelvedata_name,OpenFIGI,,false,ok,BBG010FYLVP8,BBG010FYLVP8,local_figi_match,official_full,3,exchange_directory|listed_companies_subset|security_lookup_subset,952,7640,,,,needs_official_evidence,needs_official_evidence
OTC::SVXA,SVXA,OTC,Historic Discoveries Inc,"Sovereign Exploration Associates, Inc.",Common Stock,supported_core_stock_type,batch_a_us_core,0.308,apply_twelvedata_name_identifier_supported,apply_ready,identifier,0.91,build_metadata_name_update,OpenFIGI supports the Twelve Data name without conflicting with the local listing FIGI.,OpenFIGI supports Twelve Data name; FIGI relation=local_figi_match.,second_source_supports_twelvedata_name,OpenFIGI,,false,ok,BBG000MS6783,BBG000MS6783,local_figi_match,official_full,3,exchange_directory|listed_companies_subset|security_lookup_subset,952,7640,,accepted_source_gap,Canonical stock sector only after exchange/name gate; no ticker/name-only inference.,needs_official_evidence,needs_official_evidence
OTC::SYIEY,SYIEY,OTC,Symrise Ag PK,Symrise AG Unsponsored ADR,American Depositary Receipt,supported_core_stock_type,batch_a_us_core,0.545,apply_twelvedata_name_identifier_supported,apply_ready,identifier,0.91,build_metadata_name_update,OpenFIGI supports the Twelve Data name without conflicting with the local listing FIGI.,OpenFIGI supports Twelve Data name; FIGI relation=local_figi_match.,second_source_supports_twelvedata_name,OpenFIGI,,false,ok,BBG000SFYNG0,BBG000SFYNG0,local_figi_match,official_full,3,exchange_directory|listed_companies_subset|security_lookup_subset,952,7640,,,,needs_official_evidence,needs_official_evidence
OTC::TESI,TESI,OTC,Tangram Enterprise Solutions Inc,Titan Environmental Solutions Inc.,Common Stock,supported_core_stock_type,batch_a_us_core,0.596,apply_twelvedata_name_identifier_supported,apply_ready,identifier,0.91,build_metadata_name_update,OpenFIGI supports the Twelve Data name without conflicting with the local listing FIGI.,OpenFIGI supports Twelve Data name; FIGI relation=local_figi_match.,second_source_supports_twelvedata_name,OpenFIGI,,false,ok,BBG01KZM7T33,BBG01KZM7T33,local_figi_match,official_full,3,exchange_directory|listed_companies_subset|security_lookup_subset,952,7640,,,,needs_official_evidence,needs_official_evidence
OTC::TGLTY,TGLTY,OTC,TGLT S.A,GCDI SA Sponsored ADR,American Depositary Receipt,supported_core_stock_type,batch_a_us_core,0.385,apply_twelvedata_name_identifier_supported,apply_ready,identifier,0.88,build_metadata_name_update,OpenFIGI supports the Twelve Data name without conflicting with the local listing FIGI.,OpenFIGI supports Twelve Data name; FIGI relation=openfigi_only.,second_source_supports_twelvedata_name,OpenFIGI,,false,ok,BBG001HRFYV4,,openfigi_only,official_full,3,exchange_directory|listed_companies_subset|security_lookup_subset,952,7640,,accepted_source_gap,Canonical stock sector only after exchange/name gate; no ticker/name-only inference.,needs_official_evidence,needs_official_evidence
OTC::THER,THER,OTC,Therasense Inc,Theralink Technologies Inc.,Common Stock,supported_core_stock_type,batch_a_us_core,0.375,apply_twelvedata_name_identifier_supported,apply_ready,identifier,0.91,build_metadata_name_update,OpenFIGI supports the Twelve Data name without conflicting with the local listing FIGI.,OpenFIGI supports Twelve Data name; FIGI relation=local_figi_match.,second_source_supports_twelvedata_name,OpenFIGI,,false,ok,BBG000R20SB1,BBG000R20SB1,local_figi_match,official_full,3,exchange_directory|listed_companies_subset|security_lookup_subset,952,7640,,accepted_source_gap,Canonical stock sector only after exchange/name gate; no ticker/name-only inference.,needs_official_evidence,needs_official_evidence
OTC::TINLY,TINLY,OTC,Teijin Ltd,Teijin Limited Unsponsored ADR,American Depositary Receipt,supported_core_stock_type,batch_a_us_core,0.429,apply_twelvedata_name_identifier_supported,apply_ready,identifier,0.91,build_metadata_name_update,OpenFIGI supports the Twelve Data name without conflicting with the local listing FIGI.,OpenFIGI supports Twelve Data name; FIGI relation=local_figi_match.,second_source_supports_twelvedata_name,OpenFIGI,,false,ok,BBG000BRZTT4,BBG000BRZTT4,local_figi_match,official_full,3,exchange_directory|listed_companies_subset|security_lookup_subset,952,7640,,,,needs_official_evidence,needs_official_evidence
OTC::TISCY,TISCY,OTC,Taisei Corporation,Taisei Corporation Unsponsored ADR,American Depositary Receipt,supported_core_stock_type,batch_a_us_core,0.429,apply_twelvedata_name_identifier_supported,apply_ready,identifier,0.91,build_metadata_name_update,OpenFIGI supports the Twelve Data name without conflicting with the local listing FIGI.,OpenFIGI supports Twelve Data name; FIGI relation=local_figi_match.,second_source_supports_twelvedata_name,OpenFIGI,,false,ok,BBG000BK9HN0,BBG000BK9HN0,local_figi_match,official_full,3,exchange_directory|listed_companies_subset|security_lookup_subset,952,7640,,,,needs_official_evidence,needs_official_evidence
OTC::TLGN,TLGN,OTC,Totally Green Inc,Ever Harvest International Group,Common Stock,supported_core_stock_type,batch_a_us_core,0.311,apply_twelvedata_name_identifier_supported,apply_ready,identifier,0.88,build_metadata_name_update,OpenFIGI supports the Twelve Data name without conflicting with the local listing FIGI.,OpenFIGI supports Twelve Data name; FIGI relation=openfigi_only.,second_source_supports_twelvedata_name,OpenFIGI,,false,ok,BBG000BH3DN2,,openfigi_only,official_full,3,exchange_directory|listed_companies_subset|security_lookup_subset,952,7640,,,,needs_official_evidence,needs_official_evidence
OTC::TLTZY,TLTZY,OTC,Tele2 AB,Tele2 AB Unsponsored ADR,American Depositary Receipt,supported_core_stock_type,batch_a_us_core,0.5,apply_twelvedata_name_identifier_supported,apply_ready,identifier,0.91,build_metadata_name_update,OpenFIGI supports the Twelve Data name without conflicting with the local listing FIGI.,OpenFIGI supports Twelve Data name; FIGI relation=local_figi_match.,second_source_supports_twelvedata_name,OpenFIGI,,false,ok,BBG000LG5V60,BBG000LG5V60,local_figi_match,official_full,3,exchange_directory|listed_companies_subset|security_lookup_subset,952,7640,,,,needs_official_evidence,needs_official_evidence
OTC::TMLL,TMLL,OTC,Third Millennium Industries Inc,Tele Group Corp,Common Stock,supported_core_stock_type,batch_a_us_core,0.216,apply_twelvedata_name_identifier_supported,apply_ready,identifier,0.88,build_metadata_name_update,OpenFIGI supports the Twelve Data name without conflicting with the local listing FIGI.,OpenFIGI supports Twelve Data name; FIGI relation=openfigi_only.,second_source_supports_twelvedata_name,OpenFIGI,,false,ok,BBG000BYFCG2,,openfigi_only,official_full,3,exchange_directory|listed_companies_subset|security_lookup_subset,952,7640,,accepted_source_gap,Canonical stock sector only after exchange/name gate; no ticker/name-only inference.,needs_official_evidence,needs_official_evidence
OTC::TMMI,TMMI,OTC,T M M Inc New,TMM Inc.,Common Stock,supported_core_stock_type,batch_a_us_core,0.5,apply_twelvedata_name_identifier_supported,apply_ready,identifier,0.91,build_metadata_name_update,OpenFIGI supports the Twelve Data name without conflicting with the local listing FIGI.,OpenFIGI supports Twelve Data name; FIGI relation=local_figi_match.,second_source_supports_twelvedata_name,OpenFIGI,,false,ok,BBG000DCGPH7,BBG000DCGPH7,local_figi_match,official_full,3,exchange_directory|listed_companies_subset|security_lookup_subset,952,7640,,,,needs_official_evidence,needs_official_evidence
OTC::TONPF,TONPF,OTC,Toppan Inc,Toppan Holdings Inc.,Common Stock,supported_core_stock_type,batch_a_us_core,0.571,apply_twelvedata_name_identifier_supported,apply_ready,identifier,0.88,build_metadata_name_update,OpenFIGI supports the Twelve Data name without conflicting with the local listing FIGI.,OpenFIGI supports Twelve Data name; FIGI relation=openfigi_only.,second_source_supports_twelvedata_name,OpenFIGI,,false,ok,BBG000BNRLL7,,openfigi_only,official_full,3,exchange_directory|listed_companies_subset|security_lookup_subset,952,7640,,,,needs_official_evidence,needs_official_evidence
OTC::TORVF,TORVF,OTC,Saint Jean Carbon Inc,Volt Carbon Technologies Inc.,Common Stock,supported_core_stock_type,batch_a_us_core,0.39,apply_twelvedata_name_identifier_supported,apply_ready,identifier,0.91,build_metadata_name_update,OpenFIGI supports the Twelve Data name without conflicting with the local listing FIGI.,OpenFIGI supports Twelve Data name; FIGI relation=local_figi_match.,second_source_supports_twelvedata_name,OpenFIGI,,false,ok,BBG000GRG7R0,BBG000GRG7R0,local_figi_match,official_full,3,exchange_directory|listed_companies_subset|security_lookup_subset,952,7640,,,,needs_official_evidence,needs_official_evidence
OTC::TSCDY,TSCDY,OTC,Tesco PLC,Tesco PLC Sponsored ADR,American Depositary Receipt,supported_core_stock_type,batch_a_us_core,0.417,apply_twelvedata_name_identifier_supported,apply_ready,identifier,0.91,build_metadata_name_update,OpenFIGI supports the Twelve Data name without conflicting with the local listing FIGI.,OpenFIGI supports Twelve Data name; FIGI relation=local_figi_match.,second_source_supports_twelvedata_name,OpenFIGI,,false,ok,BBG000BX5QN6,BBG000BX5QN6,local_figi_match,official_full,3,exchange_directory|listed_companies_subset|security_lookup_subset,952,7640,,,,needs_official_evidence,needs_official_evidence
OTC::TVOG,TVOG,OTC,Turner Venture Group Inc,Turner Valley Oil & Gas Inc.,Common Stock,supported_core_stock_type,batch_a_us_core,0.533,apply_twelvedata_name_identifier_supported,apply_ready,identifier,0.91,build_metadata_name_update,OpenFIGI supports the Twelve Data name without conflicting with the local listing FIGI.,OpenFIGI supports Twelve Data name; FIGI relation=local_figi_match.,second_source_supports_twelvedata_name,OpenFIGI,,false,ok,BBG000BVCPN4,BBG000BVCPN4,local_figi_match,official_full,3,exchange_directory|listed_companies_subset|security_lookup_subset,952,7640,,,,needs_official_evidence,needs_official_evidence
OTC::TYCB,TYCB,OTC,Taylor Calvin B Bksh,"Calvin B. Taylor Bankshares, Inc.",Common Stock,supported_core_stock_type,batch_a_us_core,0.565,apply_twelvedata_name_identifier_supported,apply_ready,identifier,0.91,build_metadata_name_update,OpenFIGI supports the Twelve Data name without conflicting with the local listing FIGI.,OpenFIGI supports Twelve Data name; FIGI relation=local_figi_match.,second_source_supports_twelvedata_name,OpenFIGI,,false,ok,BBG000BJ1Q15,BBG000BJ1Q15,local_figi_match,official_full,3,exchange_directory|listed_companies_subset|security_lookup_subset,952,7640,,,,needs_official_evidence,needs_official_evidence
OTC::UBEOF,UBEOF,OTC,Ube Industries Ltd,Ube Corporation,Common Stock,supported_core_stock_type,batch_a_us_core,0.353,apply_twelvedata_name_identifier_supported,apply_ready,identifier,0.91,build_metadata_name_update,OpenFIGI supports the Twelve Data name without conflicting with the local listing FIGI.,OpenFIGI supports Twelve Data name; FIGI relation=local_figi_match.,second_source_supports_twelvedata_name,OpenFIGI,,false,ok,BBG000D61LY6,BBG000D61LY6,local_figi_match,official_full,3,exchange_directory|listed_companies_subset|security_lookup_subset,952,7640,,,,needs_official_evidence,needs_official_evidence
OTC::URGYF,URGYF,OTC,Academy Metals Inc,Bedford Metals Corp,Common Stock,supported_core_stock_type,batch_a_us_core,0.571,apply_twelvedata_name_identifier_supported,apply_ready,identifier,0.88,build_metadata_name_update,OpenFIGI supports the Twelve Data name without conflicting with the local listing FIGI.,OpenFIGI supports Twelve Data name; FIGI relation=openfigi_only.,second_source_supports_twelvedata_name,OpenFIGI,,false,ok,BBG001W2KPK7,,openfigi_only,official_full,3,exchange_directory|listed_companies_subset|security_lookup_subset,952,7640,,,,needs_official_evidence,needs_official_evidence
OTC::USPCY,USPCY,OTC,China Strategic Technology Group Limited,USPACE Technology Group Limited Sponsored ADR,American Depositary Receipt,supported_core_stock_type,batch_a_us_core,0.551,apply_twelvedata_name_identifier_supported,apply_ready,identifier,0.91,build_metadata_name_update,OpenFIGI supports the Twelve Data name without conflicting with the local listing FIGI.,OpenFIGI supports Twelve Data name; FIGI relation=local_figi_match.,second_source_supports_twelvedata_name,OpenFIGI,,false,ok,BBG0199N8QB1,BBG0199N8QB1,local_figi_match,official_full,3,exchange_directory|listed_companies_subset|security_lookup_subset,952,7640,,,,needs_official_evidence,needs_official_evidence
OTC::VBVBF,VBVBF,OTC,VERBIO Vereinigte BioEnergie AG,Verbio SE,Common Stock,supported_core_stock_type,batch_a_us_core,0.353,apply_twelvedata_name_identifier_supported,apply_ready,identifier,0.91,build_metadata_name_update,OpenFIGI supports the Twelve Data name without conflicting with the local listing FIGI.,OpenFIGI supports Twelve Data name; FIGI relation=local_figi_match.,second_source_supports_twelvedata_name,OpenFIGI,,false,ok,BBG000QSNQX0,BBG000QSNQX0,local_figi_match,official_full,3,exchange_directory|listed_companies_subset|security_lookup_subset,952,7640,,,,needs_official_evidence,needs_official_evidence
OTC::VIVHY,VIVHY,OTC,Vivendi SA PK,Vivendi SE Unsponsored ADR,American Depositary Receipt,supported_core_stock_type,batch_a_us_core,0.545,apply_twelvedata_name_identifier_supported,apply_ready,identifier,0.91,build_metadata_name_update,OpenFIGI supports the Twelve Data name without conflicting with the local listing FIGI.,OpenFIGI supports Twelve Data name; FIGI relation=local_figi_match.,second_source_supports_twelvedata_name,OpenFIGI,,false,ok,BBG001D74422,BBG001D74422,local_figi_match,official_full,3,exchange_directory|listed_companies_subset|security_lookup_subset,952,7640,,,,needs_official_evidence,needs_official_evidence
OTC::VLTLF,VLTLF,OTC,Volt Lithium Corp.,LibertyStream Infrastructure Partners Inc.,Common Stock,supported_core_stock_type,batch_a_us_core,0.204,apply_twelvedata_name_identifier_supported,apply_ready,identifier,0.91,build_metadata_name_update,OpenFIGI supports the Twelve Data name without conflicting with the local listing FIGI.,OpenFIGI supports Twelve Data name; FIGI relation=local_figi_match.,second_source_supports_twelvedata_name,OpenFIGI,,false,ok,BBG000F67C69,BBG000F67C69,local_figi_match,official_full,3,exchange_directory|listed_companies_subset|security_lookup_subset,952,7640,,accepted_source_gap,Canonical stock sector only after exchange/name gate; no ticker/name-only inference.,needs_official_evidence,needs_official_evidence
OTC::VNTXF,VNTXF,OTC,FORTE GROUP HOLDINGS INC.,Vanta Holdings Inc.,Common Stock,supported_core_stock_type,batch_a_us_core,0.588,apply_twelvedata_name_identifier_supported,apply_ready,identifier,0.88,build_metadata_name_update,OpenFIGI supports the Twelve Data name without conflicting with the local listing FIGI.,OpenFIGI supports Twelve Data name; FIGI relation=openfigi_only.,second_source_supports_twelvedata_name,OpenFIGI,,false,ok,BBG00PQCL407,,openfigi_only,official_full,3,exchange_directory|listed_companies_subset|security_lookup_subset,952,7640,,accepted_source_gap,Canonical stock sector only after exchange/name gate; no ticker/name-only inference.,needs_official_evidence,needs_official_evidence
OTC::VTIAF,VTIAF,OTC,VITA 34 AG,FamiCord AG,Common Stock,supported_core_stock_type,batch_a_us_core,0.133,apply_twelvedata_name_identifier_supported,apply_ready,identifier,0.91,build_metadata_name_update,OpenFIGI supports the Twelve Data name without conflicting with the local listing FIGI.,OpenFIGI supports Twelve Data name; FIGI relation=local_figi_match.,second_source_supports_twelvedata_name,OpenFIGI,,false,ok,BBG000RN1P75,BBG000RN1P75,local_figi_match,official_full,3,exchange_directory|listed_companies_subset|security_lookup_subset,952,7640,,,,needs_official_evidence,needs_official_evidence
OTC::VVCHF,VVCHF,OTC,Viva China Holdings Limited,Viva Goods Company Ltd.,Common Stock,supported_core_stock_type,batch_a_us_core,0.378,apply_twelvedata_name_identifier_supported,apply_ready,identifier,0.88,build_metadata_name_update,OpenFIGI supports the Twelve Data name without conflicting with the local listing FIGI.,OpenFIGI supports Twelve Data name; FIGI relation=openfigi_only.,second_source_supports_twelvedata_name,OpenFIGI,,false,ok,BBG0033BHS69,,openfigi_only,official_full,3,exchange_directory|listed_companies_subset|security_lookup_subset,952,7640,,accepted_source_gap,Canonical stock sector only after exchange/name gate; no ticker/name-only inference.,needs_official_evidence,needs_official_evidence
OTC::VYEY,VYEY,OTC,Victory Energy Corp,Victory Oilfield Tech Inc.,Common Stock,supported_core_stock_type,batch_a_us_core,0.571,apply_twelvedata_name_identifier_supported,apply_ready,identifier,0.91,build_metadata_name_update,OpenFIGI supports the Twelve Data name without conflicting with the local listing FIGI.,OpenFIGI supports Twelve Data name; FIGI relation=local_figi_match.,second_source_supports_twelvedata_name,OpenFIGI,,false,ok,BBG000DQK6S1,BBG000DQK6S1,local_figi_match,official_full,3,exchange_directory|listed_companies_subset|security_lookup_subset,952,7640,,,,needs_official_evidence,needs_official_evidence
OTC::VYRE,VYRE,OTC,CABO VERDE CAPITAL INC.,VYRE Network,Common Stock,supported_core_stock_type,batch_a_us_core,0.333,apply_twelvedata_name_identifier_supported,apply_ready,identifier,0.91,build_metadata_name_update,OpenFIGI supports the Twelve Data name without conflicting with the local listing FIGI.,OpenFIGI supports Twelve Data name; FIGI relation=local_figi_match.,second_source_supports_twelvedata_name,OpenFIGI,,false,ok,BBG000GNQJH3,BBG000GNQJH3,local_figi_match,official_full,3,exchange_directory|listed_companies_subset|security_lookup_subset,952,7640,,,,needs_official_evidence,needs_official_evidence
OTC::WBRBY,WBRBY,OTC,Wienerberger Baustoffindustrie,Wienerberger AG Sponsored ADR,American Depositary Receipt,supported_core_stock_type,batch_a_us_core,0.571,apply_twelvedata_name_identifier_supported,apply_ready,identifier,0.91,build_metadata_name_update,OpenFIGI supports the Twelve Data name without conflicting with the local listing FIGI.,OpenFIGI supports Twelve Data name; FIGI relation=local_figi_match.,second_source_supports_twelvedata_name,OpenFIGI,,false,ok,BBG000BLWP36,BBG000BLWP36,local_figi_match,official_full,3,exchange_directory|listed_companies_subset|security_lookup_subset,952,7640,,,,needs_official_evidence,needs_official_evidence
OTC::WDGNF,WDGNF,OTC,Widgie Nickel Limited,WIN Metals Ltd,Common Stock,supported_core_stock_type,batch_a_us_core,0.348,apply_twelvedata_name_identifier_supported,apply_ready,identifier,0.88,build_metadata_name_update,OpenFIGI supports the Twelve Data name without conflicting with the local listing FIGI.,OpenFIGI supports Twelve Data name; FIGI relation=openfigi_only.,second_source_supports_twelvedata_name,OpenFIGI,,false,ok,BBG012Q6QC70,,openfigi_only,official_full,3,exchange_directory|listed_companies_subset|security_lookup_subset,952,7640,,accepted_source_gap,Canonical stock sector only after exchange/name gate; no ticker/name-only inference.,needs_official_evidence,needs_official_evidence
OTC::WGEE,WGEE,OTC,Consolidated Gold Holdings Inc,WGE Holdings Corp.,Common Stock,supported_core_stock_type,batch_a_us_core,0.526,apply_twelvedata_name_identifier_supported,apply_ready,identifier,0.91,build_metadata_name_update,OpenFIGI supports the Twelve Data name without conflicting with the local listing FIGI.,OpenFIGI supports Twelve Data name; FIGI relation=local_figi_match.,second_source_supports_twelvedata_name,OpenFIGI,,false,ok,BBG000NY7P33,BBG000NY7P33,local_figi_match,official_full,3,exchange_directory|listed_companies_subset|security_lookup_subset,952,7640,,,,needs_official_evidence,needs_official_evidence
OTC::WHLM,WHLM,OTC,Wilhelmina,"Wilhelmina International, Inc.",Common Stock,supported_core_stock_type,batch_a_us_core,0.588,apply_twelvedata_name_identifier_supported,apply_ready,identifier,0.88,build_metadata_name_update,OpenFIGI supports the Twelve Data name without conflicting with the local listing FIGI.,OpenFIGI supports Twelve Data name; FIGI relation=openfigi_only.,second_source_supports_twelvedata_name,OpenFIGI,,false,ok,BBG000N9L6L4,,openfigi_only,official_full,3,exchange_directory|listed_companies_subset|security_lookup_subset,952,7640,,,,needs_official_evidence,needs_official_evidence
OTC::WNRC,WNRC,OTC,Superhero Scramble Inc,Wenr Corporation,Common Stock,supported_core_stock_type,batch_a_us_core,0.182,apply_twelvedata_name_identifier_supported,apply_ready,identifier,0.91,build_metadata_name_update,OpenFIGI supports the Twelve Data name without conflicting with the local listing FIGI.,OpenFIGI supports Twelve Data name; FIGI relation=local_figi_match.,second_source_supports_twelvedata_name,OpenFIGI,,false,ok,BBG000BF1R57,BBG000BF1R57,local_figi_match,official_full,3,exchange_directory|listed_companies_subset|security_lookup_subset,952,7640,,,,needs_official_evidence,needs_official_evidence
OTC::WOLV,WOLV,OTC,Wolverine Technologies Corp,Wolverine Resources Corp.,Common Stock,supported_core_stock_type,batch_a_us_core,0.585,apply_twelvedata_name_identifier_supported,apply_ready,identifier,0.88,build_metadata_name_update,OpenFIGI supports the Twelve Data name without conflicting with the local listing FIGI.,OpenFIGI supports Twelve Data name; FIGI relation=openfigi_only.,second_source_supports_twelvedata_name,OpenFIGI,,false,ok,BBG000BX2RM8,,openfigi_only,official_full,3,exchange_directory|listed_companies_subset|security_lookup_subset,952,7640,,,,needs_official_evidence,needs_official_evidence
OTC::XAKJ,XAKJ,OTC,"SIPP International Industries, Inc.",Xiao AI Technology Limited,Common Stock,supported_core_stock_type,batch_a_us_core,0.34,apply_twelvedata_name_identifier_supported,apply_ready,identifier,0.88,build_metadata_name_update,OpenFIGI supports the Twelve Data name without conflicting with the local listing FIGI.,OpenFIGI supports Twelve Data name; FIGI relation=openfigi_only.,second_source_supports_twelvedata_name,OpenFIGI,,false,ok,BBG000C281G3,,openfigi_only,official_full,3,exchange_directory|listed_companies_subset|security_lookup_subset,952,7640,,,,needs_official_evidence,needs_official_evidence
OTC::YAGOY,YAGOY,OTC,Yageo Corporation,Yageo Corporation Sponsored GDR,Depositary Receipt,supported_core_stock_type,batch_a_us_core,0.417,apply_twelvedata_name_identifier_supported,apply_ready,identifier,0.88,build_metadata_name_update,OpenFIGI supports the Twelve Data name without conflicting with the local listing FIGI.,OpenFIGI supports Twelve Data name; FIGI relation=openfigi_only.,second_source_supports_twelvedata_name,OpenFIGI,,false,ok,BBG00590ZN54,,openfigi_only,official_full,3,exchange_directory|listed_companies_subset|security_lookup_subset,952,7640,,,,needs_official_evidence,needs_official_evidence
OTC::YAMCY,YAMCY,OTC,Yamaha Corp DRC,Yamaha Corporation Sponsored ADR,American Depositary Receipt,supported_core_stock_type,batch_a_us_core,0.6,apply_twelvedata_name_identifier_supported,apply_ready,identifier,0.91,build_metadata_name_update,OpenFIGI supports the Twelve Data name without conflicting with the local listing FIGI.,OpenFIGI supports Twelve Data name; FIGI relation=local_figi_match.,second_source_supports_twelvedata_name,OpenFIGI,,false,ok,BBG000C0C010,BBG000C0C010,local_figi_match,official_full,3,exchange_directory|listed_companies_subset|security_lookup_subset,952,7640,,,,needs_official_evidence,needs_official_evidence
OTC::YAYO,YAYO,OTC,Yayyo Inc,Evmo Inc.,Common Stock,supported_core_stock_type,batch_a_us_core,0.222,apply_twelvedata_name_identifier_supported,apply_ready,identifier,0.91,build_metadata_name_update,OpenFIGI supports the Twelve Data name without conflicting with the local listing FIGI.,OpenFIGI supports Twelve Data name; FIGI relation=local_figi_match.,second_source_supports_twelvedata_name,OpenFIGI,,false,ok,BBG00KTGG8X7,BBG00KTGG8X7,local_figi_match,official_full,3,exchange_directory|listed_companies_subset|security_lookup_subset,952,7640,,,,needs_official_evidence,needs_official_evidence
OTC::YZCHF,YZCHF,OTC,Yanzhou Coal Mining Company Limited,Yankuang Energy Group Co. Ltd.,Common Stock,supported_core_stock_type,batch_a_us_core,0.417,apply_twelvedata_name_identifier_supported,apply_ready,identifier,0.91,build_metadata_name_update,OpenFIGI supports the Twelve Data name without conflicting with the local listing FIGI.,OpenFIGI supports Twelve Data name; FIGI relation=local_figi_match.,second_source_supports_twelvedata_name,OpenFIGI,,false,ok,BBG000H3MSJ8,BBG000H3MSJ8,local_figi_match,official_full,3,exchange_directory|listed_companies_subset|security_lookup_subset,952,7640,,,,needs_official_evidence,needs_official_evidence
OTC::ZAIRF,ZAIRF,OTC,Zinc8 Energy Solutions Inc,Abound Energy Inc.,Common Stock,supported_core_stock_type,batch_a_us_core,0.457,apply_twelvedata_name_identifier_supported,apply_ready,identifier,0.91,build_metadata_name_update,OpenFIGI supports the Twelve Data name without conflicting with the local listing FIGI.,OpenFIGI supports Twelve Data name; FIGI relation=local_figi_match.,second_source_supports_twelvedata_name,OpenFIGI,,false,ok,BBG00PZ62LL0,BBG00PZ62LL0,local_figi_match,official_full,3,exchange_directory|listed_companies_subset|security_lookup_subset,952,7640,,,,needs_official_evidence,needs_official_evidence
OTC::ZEOOY,ZEOOY,OTC,Zeon Corporation,Zeon Corporation - Unsponsored ADR,American Depositary Receipt,supported_core_stock_type,batch_a_us_core,0.333,apply_twelvedata_name_identifier_supported,apply_ready,identifier,0.88,build_metadata_name_update,OpenFIGI supports the Twelve Data name without conflicting with the local listing FIGI.,OpenFIGI supports Twelve Data name; FIGI relation=openfigi_only.,second_source_supports_twelvedata_name,OpenFIGI,,false,ok,BBG00R253FW4,,openfigi_only,official_full,3,exchange_directory|listed_companies_subset|security_lookup_subset,952,7640,,,,needs_official_evidence,needs_official_evidence
OTC::ZHDM,ZHDM,OTC,Ainnova Tech,Zhong Hui Dao Ming Copper Holding Ltd.,Common Stock,supported_core_stock_type,batch_a_us_core,0.178,apply_twelvedata_name_identifier_supported,apply_ready,identifier,0.91,build_metadata_name_update,OpenFIGI supports the Twelve Data name without conflicting with the local listing FIGI.,OpenFIGI supports Twelve Data name; FIGI relation=local_figi_match.,second_source_supports_twelvedata_name,OpenFIGI,,false,ok,BBG000TWJW42,BBG000TWJW42,local_figi_match,official_full,3,exchange_directory|listed_companies_subset|security_lookup_subset,952,7640,,,,needs_official_evidence,needs_official_evidence
TSX::CGY,CGY,TSX,Calian Technologies Ltd,Calian Group Ltd.,Common Stock,supported_core_stock_type,batch_b_canada,0.516,apply_twelvedata_name_identifier_supported,apply_ready,identifier,0.91,build_metadata_name_update,OpenFIGI supports the Twelve Data name without conflicting with the local listing FIGI.,OpenFIGI supports Twelve Data name; FIGI relation=local_figi_match.,second_source_supports_twelvedata_name,OpenFIGI,,false,ok,BBG000BBJ8C1,BBG000BBJ8C1,local_figi_match,official_full,3,exchange_directory|interlisted_subset|listed_companies_subset,0,327,,,,needs_official_evidence,needs_official_evidence
TSXV::AXO,AXO,TSXV,AXO Copper Corp.,Axo Metals Corp.,Common Stock,supported_core_stock_type,batch_b_canada,0.5,apply_twelvedata_name_identifier_supported,apply_ready,identifier,0.88,build_metadata_name_update,OpenFIGI supports the Twelve Data name without conflicting with the local listing FIGI.,OpenFIGI supports Twelve Data name; FIGI relation=openfigi_only.,second_source_supports_twelvedata_name,OpenFIGI,,false,ok,BBG01T5DKNT7,,openfigi_only,official_full,2,exchange_directory|interlisted_subset|listed_companies_subset,0,1043,,accepted_source_gap,Exact symbol/name and direct ISIN evidence; do not infer from issuer name or exchange membership.,needs_official_evidence,needs_official_evidence
TSXV::KLX,KLX,TSXV,Klimat X Developments Inc.,Carbon Done Right Development LLC,Common Stock,supported_core_stock_type,batch_b_canada,0.519,apply_twelvedata_name_identifier_supported,apply_ready,identifier,0.88,build_metadata_name_update,OpenFIGI supports the Twelve Data name without conflicting with the local listing FIGI.,OpenFIGI supports Twelve Data name; FIGI relation=openfigi_only.,second_source_supports_twelvedata_name,OpenFIGI,,false,ok,BBG000D3M815,,openfigi_only,official_full,2,exchange_directory|interlisted_subset|listed_companies_subset,0,1043,,accepted_source_gap,Exact symbol/name and direct ISIN evidence; do not infer from issuer name or exchange membership.,keep_source_gap,source_gap_accept
TSXV::KOVO,KOVO,TSXV,Kovo Healthtech Corp,Kovo Holdings Inc.,Common Stock,supported_core_stock_type,batch_b_canada,0.5,apply_twelvedata_name_identifier_supported,apply_ready,identifier,0.88,build_metadata_name_update,OpenFIGI supports the Twelve Data name without conflicting with the local listing FIGI.,OpenFIGI supports Twelve Data name; FIGI relation=openfigi_only.,second_source_supports_twelvedata_name,OpenFIGI,,false,ok,BBG0119BKNY2,,openfigi_only,official_full,2,exchange_directory|interlisted_subset|listed_companies_subset,0,1043,,,,needs_official_evidence,needs_official_evidence
TSXV::MKT,MKT,TSXV,DeepMarkit Corp.,Prospect Prediction Markets Inc.,Common Stock,supported_core_stock_type,batch_b_canada,0.324,apply_twelvedata_name_identifier_supported,apply_ready,identifier,0.88,build_metadata_name_update,OpenFIGI supports the Twelve Data name without conflicting with the local listing FIGI.,OpenFIGI supports Twelve Data name; FIGI relation=openfigi_only.,second_source_supports_twelvedata_name,OpenFIGI,,false,ok,BBG000VDCTL6,,openfigi_only,official_full,2,exchange_directory|interlisted_subset|listed_companies_subset,0,1043,,,,needs_official_evidence,needs_official_evidence
