reason_code,priority,ticker,exchange,mic_code,local_name,twelvedata_name,twelvedata_type,name_score,candidate_action,validation_status,listing_key,twelvedata_exchange,review_batch
low_name_similarity|severe_name_mismatch,P3,0373,Bursa,XKLS,VERDANT,0373,Common Stock,0.0,deepseek_classify_rename_vs_different_security,pending_deepseek_review,Bursa::0373,MYX,later_global_review
low_name_similarity|severe_name_mismatch,P3,0379,Bursa,XKLS,PMW International Bhd,0379,Common Stock,0.0,deepseek_classify_rename_vs_different_security,pending_deepseek_review,Bursa::0379,MYX,later_global_review
low_name_similarity|severe_name_mismatch,P3,0380,Bursa,XKLS,Aquawalk Group Berhad,0380,Common Stock,0.0,deepseek_classify_rename_vs_different_security,pending_deepseek_review,Bursa::0380,MYX,later_global_review
low_name_similarity|severe_name_mismatch,P3,0381,Bursa,XKLS,Polymer Link Holdings Berhad,0381,Common Stock,0.0,deepseek_classify_rename_vs_different_security,pending_deepseek_review,Bursa::0381,MYX,later_global_review
low_name_similarity|severe_name_mismatch,P3,0382,Bursa,XKLS,Foodie Media Berhad,0382,Common Stock,0.0,deepseek_classify_rename_vs_different_security,pending_deepseek_review,Bursa::0382,MYX,later_global_review
low_name_similarity|severe_name_mismatch,P3,0383,Bursa,XKLS,PSP Energy Berhad,0383,Common Stock,0.0,deepseek_classify_rename_vs_different_security,pending_deepseek_review,Bursa::0383,MYX,later_global_review
low_name_similarity|severe_name_mismatch,P3,0385,Bursa,XKLS,BMS,0385,Common Stock,0.0,deepseek_classify_rename_vs_different_security,pending_deepseek_review,Bursa::0385,MYX,later_global_review
low_name_similarity|severe_name_mismatch,P3,5341,Bursa,XKLS,LAC MED BERHAD,5341,Common Stock,0.0,deepseek_classify_rename_vs_different_security,pending_deepseek_review,Bursa::5341,MYX,later_global_review
low_name_similarity|severe_name_mismatch,P3,5343,Bursa,XKLS,Wasco Greenergy Berhad,5343,Common Stock,0.0,deepseek_classify_rename_vs_different_security,pending_deepseek_review,Bursa::5343,MYX,later_global_review
low_name_similarity|severe_name_mismatch,P3,036170,KOSDAQ,XKRX,"HMNEX Co., Ltd.","Cloud Air Co., Ltd.",Common Stock,0.0,deepseek_classify_rename_vs_different_security,pending_deepseek_review,KOSDAQ::036170,KRX,later_global_review
low_name_similarity|severe_name_mismatch,P3,067160,KOSDAQ,XKRX,"SOOP Co., Ltd.","AfreecaTV Co., Ltd.",Common Stock,0.0,deepseek_classify_rename_vs_different_security,pending_deepseek_review,KOSDAQ::067160,KRX,later_global_review
low_name_similarity|severe_name_mismatch,P3,200470,KOSDAQ,XKRX,Hisem Co Ltd,Apact Co. Ltd.,Common Stock,0.0,deepseek_classify_rename_vs_different_security,pending_deepseek_review,KOSDAQ::200470,KRX,later_global_review
low_name_similarity|severe_name_mismatch,P3,306620,KOSDAQ,XKRX,"GIS Co., Ltd.","Neontech Co., Ltd.",Common Stock,0.0,deepseek_classify_rename_vs_different_security,pending_deepseek_review,KOSDAQ::306620,KRX,later_global_review
low_name_similarity|severe_name_mismatch,P3,373200,KOSDAQ,XKRX,HaAINC Korea Co. Ltd.,XPlus Inc.,Common Stock,0.0,deepseek_classify_rename_vs_different_security,pending_deepseek_review,KOSDAQ::373200,KRX,later_global_review
low_name_similarity|severe_name_mismatch,P3,403850,KOSDAQ,XKRX,The Pinkfong Company,403850,Common Stock,0.0,deepseek_classify_rename_vs_different_security,pending_deepseek_review,KOSDAQ::403850,KRX,later_global_review
low_name_similarity|severe_name_mismatch,P3,1U8,SGX,XSES,RichCapital,1U8,Common Stock,0.0,deepseek_classify_rename_vs_different_security,pending_deepseek_review,SGX::1U8,SGX,later_global_review
low_name_similarity|severe_name_mismatch,P3,51O,SGX,XSES,MSMIntl,51O,Common Stock,0.0,deepseek_classify_rename_vs_different_security,pending_deepseek_review,SGX::51O,SGX,later_global_review
low_name_similarity|severe_name_mismatch,P3,8YY,SGX,XSES,EFH Ltd,Biolidics Ltd.,Common Stock,0.0,deepseek_classify_rename_vs_different_security,pending_deepseek_review,SGX::8YY,SGX,later_global_review
low_name_similarity|severe_name_mismatch,P3,V2Y,SGX,XSES,OceanScape Intl,V2Y Corp Ltd.,Common Stock,0.0,deepseek_classify_rename_vs_different_security,pending_deepseek_review,SGX::V2Y,SGX,later_global_review
low_name_similarity|severe_name_mismatch,P3,XZB,SGX,XSES,Skylink,XZB,Common Stock,0.0,deepseek_classify_rename_vs_different_security,pending_deepseek_review,SGX::XZB,SGX,later_global_review
low_name_similarity|severe_name_mismatch,P3,ZQM,SGX,XSES,SoilbuildConstr,ZQM,Common Stock,0.0,deepseek_classify_rename_vs_different_security,pending_deepseek_review,SGX::ZQM,SGX,later_global_review
low_name_similarity|severe_name_mismatch,P3,4145,TADAWUL,XSAU,OGC,4145,Common Stock,0.0,deepseek_classify_rename_vs_different_security,pending_deepseek_review,TADAWUL::4145,Tadawul,later_global_review
low_name_similarity|severe_name_mismatch,P3,4146,TADAWUL,XSAU,GAS,4146,Common Stock,0.0,deepseek_classify_rename_vs_different_security,pending_deepseek_review,TADAWUL::4146,Tadawul,later_global_review
low_name_similarity|severe_name_mismatch,P3,6019,TADAWUL,XSAU,ALMASAR ALSHAMIL,6019,Common Stock,0.0,deepseek_classify_rename_vs_different_security,pending_deepseek_review,TADAWUL::6019,Tadawul,later_global_review
low_name_similarity|severe_name_mismatch,P3,1480,TPEX,XTAI,東盟開發實業股份有限公司,"Tung Mung Development Co., Ltd.",Common Stock,0.0,deepseek_classify_rename_vs_different_security,pending_deepseek_review,TPEX::1480,TWSE,later_global_review
low_name_similarity|severe_name_mismatch,P3,3226,TPEX,XTAI,Topower Co Ltd,"LFA Co., Ltd.",Common Stock,0.0,deepseek_classify_rename_vs_different_security,pending_deepseek_review,TPEX::3226,TWSE,later_global_review
low_name_similarity|severe_name_mismatch,P3,4170,TPEX,XTAI,鑫品生醫科技股份有限公司,Vectorite Biomedical Inc.,Common Stock,0.0,deepseek_classify_rename_vs_different_security,pending_deepseek_review,TPEX::4170,TWSE,later_global_review
low_name_similarity|severe_name_mismatch,P3,4570,TPEX,XTAI,傑生工業股份有限公司,"Jason Co., Ltd.",Common Stock,0.0,deepseek_classify_rename_vs_different_security,pending_deepseek_review,TPEX::4570,TWSE,later_global_review
low_name_similarity|severe_name_mismatch,P3,6913,TPEX,XTAI,鴻呈,"VSO Electronics Co., Ltd.",Common Stock,0.0,deepseek_classify_rename_vs_different_security,pending_deepseek_review,TPEX::6913,TWSE,later_global_review
low_name_similarity|severe_name_mismatch,P3,6938,TPEX,XTAI,藍新資訊股份有限公司,"Neweb Information Co., Ltd.",Common Stock,0.0,deepseek_classify_rename_vs_different_security,pending_deepseek_review,TPEX::6938,TWSE,later_global_review
low_name_similarity|severe_name_mismatch,P3,6973,TPEX,XTAI,永立榮生醫股份有限公司,U-Neuron Biomedical Inc.,Common Stock,0.0,deepseek_classify_rename_vs_different_security,pending_deepseek_review,TPEX::6973,TWSE,later_global_review
low_name_similarity|severe_name_mismatch,P3,6979,TPEX,XTAI,勝釩科技股份有限公司,"Victory for Technology Co., Ltd.",Common Stock,0.0,deepseek_classify_rename_vs_different_security,pending_deepseek_review,TPEX::6979,TWSE,later_global_review
low_name_similarity|severe_name_mismatch,P3,6980,TPEX,XTAI,鐳洋科技股份有限公司,Rapidtek Technologies Inc.,Common Stock,0.0,deepseek_classify_rename_vs_different_security,pending_deepseek_review,TPEX::6980,TWSE,later_global_review
low_name_similarity|severe_name_mismatch,P3,6983,TPEX,XTAI,華洋精機股份有限公司,"Hua Yang Precision Machinery Co., Ltd.",Common Stock,0.0,deepseek_classify_rename_vs_different_security,pending_deepseek_review,TPEX::6983,TWSE,later_global_review
low_name_similarity|severe_name_mismatch,P3,6996,TPEX,XTAI,力領科技,Forcelead Technology Corp.,Common Stock,0.0,deepseek_classify_rename_vs_different_security,pending_deepseek_review,TPEX::6996,TWSE,later_global_review
low_name_similarity|severe_name_mismatch,P3,7607,TPEX,XTAI,通用幹細胞股份有限公司,DuoGenic StemCells Corp.,Common Stock,0.0,deepseek_classify_rename_vs_different_security,pending_deepseek_review,TPEX::7607,TWSE,later_global_review
low_name_similarity|severe_name_mismatch,P3,7642,TPEX,XTAI,昶瑞機電,"Champ-Ray Industrial Co., Ltd.",Common Stock,0.0,deepseek_classify_rename_vs_different_security,pending_deepseek_review,TPEX::7642,TWSE,later_global_review
low_name_similarity|severe_name_mismatch,P3,7703,TPEX,XTAI,銳澤,"Rayzher Industrial Co., Ltd.",Common Stock,0.0,deepseek_classify_rename_vs_different_security,pending_deepseek_review,TPEX::7703,TWSE,later_global_review
low_name_similarity|severe_name_mismatch,P3,7706,TPEX,XTAI,宏碁創達股份有限公司,Acer Synergy Manpower Corp.,Common Stock,0.0,deepseek_classify_rename_vs_different_security,pending_deepseek_review,TPEX::7706,TWSE,later_global_review
low_name_similarity|severe_name_mismatch,P3,7707,TPEX,XTAI,益芯科技股份有限公司,"CMSC, Inc.",Common Stock,0.0,deepseek_classify_rename_vs_different_security,pending_deepseek_review,TPEX::7707,TWSE,later_global_review
low_name_similarity|severe_name_mismatch,P3,7708,TPEX,XTAI,全家餐飲,"Family International Gourmet Co., Ltd.",Common Stock,0.0,deepseek_classify_rename_vs_different_security,pending_deepseek_review,TPEX::7708,TWSE,later_global_review
low_name_similarity|severe_name_mismatch,P3,7709,TPEX,XTAI,榮田,"Honor Seiki Co., Ltd.",Common Stock,0.0,deepseek_classify_rename_vs_different_security,pending_deepseek_review,TPEX::7709,TWSE,later_global_review
low_name_similarity|severe_name_mismatch,P3,7712,TPEX,XTAI,博盛半導體,Potens Semiconductor Corp.,Common Stock,0.0,deepseek_classify_rename_vs_different_security,pending_deepseek_review,TPEX::7712,TWSE,later_global_review
low_name_similarity|severe_name_mismatch,P3,7714,TPEX,XTAI,創泓科技,Uniforce Technology Corporation,Common Stock,0.0,deepseek_classify_rename_vs_different_security,pending_deepseek_review,TPEX::7714,TWSE,later_global_review
low_name_similarity|severe_name_mismatch,P3,7715,TPEX,XTAI,裕山,"Yuh Shan Environmental Engineering Co., Ltd.",Common Stock,0.0,deepseek_classify_rename_vs_different_security,pending_deepseek_review,TPEX::7715,TWSE,later_global_review
low_name_similarity|severe_name_mismatch,P3,7716,TPEX,XTAI,昱臺國際,ITI International Transportation Inc.,Common Stock,0.0,deepseek_classify_rename_vs_different_security,pending_deepseek_review,TPEX::7716,TWSE,later_global_review
low_name_similarity|severe_name_mismatch,P3,7718,TPEX,XTAI,友鋮,Spec Products Corp.,Common Stock,0.0,deepseek_classify_rename_vs_different_security,pending_deepseek_review,TPEX::7718,TWSE,later_global_review
low_name_similarity|severe_name_mismatch,P3,7726,TPEX,XTAI,暄達醫學科技股份有限公司,"Carilex Medical, Inc.",Common Stock,0.0,deepseek_classify_rename_vs_different_security,pending_deepseek_review,TPEX::7726,TWSE,later_global_review
low_name_similarity|severe_name_mismatch,P3,7734,TPEX,XTAI,印能科技,"AblePrint Technology Co., Ltd.",Common Stock,0.0,deepseek_classify_rename_vs_different_security,pending_deepseek_review,TPEX::7734,TWSE,later_global_review
low_name_similarity|severe_name_mismatch,P3,7738,TPEX,XTAI,東聯互動,Eastern Union Interactive Corp.,Common Stock,0.0,deepseek_classify_rename_vs_different_security,pending_deepseek_review,TPEX::7738,TWSE,later_global_review
low_name_similarity|severe_name_mismatch,P3,7743,TPEX,XTAI,金利食安,"Kee Fresh & Safe Foodtech Co., Ltd.",Common Stock,0.0,deepseek_classify_rename_vs_different_security,pending_deepseek_review,TPEX::7743,TWSE,later_global_review
low_name_similarity|severe_name_mismatch,P3,7747,TPEX,XTAI,昕奇雲端,GrandTech Cloud Services Inc.,Common Stock,0.0,deepseek_classify_rename_vs_different_security,pending_deepseek_review,TPEX::7747,TWSE,later_global_review
low_name_similarity|severe_name_mismatch,P3,7751,TPEX,XTAI,竑騰,"Horng Terng Automation Co., Ltd.",Common Stock,0.0,deepseek_classify_rename_vs_different_security,pending_deepseek_review,TPEX::7751,TWSE,later_global_review
low_name_similarity|severe_name_mismatch,P3,7752,TPEX,XTAI,世紀樺欣風能股份有限公司,"Century Huaxin Wind Energy Co., Ltd.",Common Stock,0.0,deepseek_classify_rename_vs_different_security,pending_deepseek_review,TPEX::7752,TWSE,later_global_review
low_name_similarity|severe_name_mismatch,P3,7754,TPEX,XTAI,安基生技新藥股份有限公司,"AnnJi Pharmaceutical Co., Ltd.",Common Stock,0.0,deepseek_classify_rename_vs_different_security,pending_deepseek_review,TPEX::7754,TWSE,later_global_review
low_name_similarity|severe_name_mismatch,P3,8098,TPEX,XTAI,慶康科技股份有限公司,"Dura Tek, Inc.",Common Stock,0.0,deepseek_classify_rename_vs_different_security,pending_deepseek_review,TPEX::8098,TWSE,later_global_review
low_name_similarity|severe_name_mismatch,P3,1101,TWSE,XTAI,臺灣水泥股份有限公司,"TCC Group Holdings Co., Ltd.",Common Stock,0.0,deepseek_classify_rename_vs_different_security,pending_deepseek_review,TWSE::1101,TWSE,later_global_review
low_name_similarity|severe_name_mismatch,P3,1102,TWSE,XTAI,亞洲水泥股份有限公司,Asia Cement Corporation,Common Stock,0.0,deepseek_classify_rename_vs_different_security,pending_deepseek_review,TWSE::1102,TWSE,later_global_review
low_name_similarity|severe_name_mismatch,P3,1103,TWSE,XTAI,嘉新水泥股份有限公司,Chia Hsin Cement Corporation,Common Stock,0.0,deepseek_classify_rename_vs_different_security,pending_deepseek_review,TWSE::1103,TWSE,later_global_review
low_name_similarity|severe_name_mismatch,P3,1104,TWSE,XTAI,環球水泥股份有限公司,Universal Cement Corporation,Common Stock,0.0,deepseek_classify_rename_vs_different_security,pending_deepseek_review,TWSE::1104,TWSE,later_global_review
low_name_similarity|severe_name_mismatch,P3,1108,TWSE,XTAI,幸福水泥股份有限公司,Lucky Cement Corp.,Common Stock,0.0,deepseek_classify_rename_vs_different_security,pending_deepseek_review,TWSE::1108,TWSE,later_global_review
low_name_similarity|severe_name_mismatch,P3,1109,TWSE,XTAI,信大水泥股份有限公司,"Hsing Ta Cement Co., Ltd.",Common Stock,0.0,deepseek_classify_rename_vs_different_security,pending_deepseek_review,TWSE::1109,TWSE,later_global_review
low_name_similarity|severe_name_mismatch,P3,1110,TWSE,XTAI,東南水泥股份有限公司,Southeast Cement Co. Ltd.,Common Stock,0.0,deepseek_classify_rename_vs_different_security,pending_deepseek_review,TWSE::1110,TWSE,later_global_review
low_name_similarity|severe_name_mismatch,P3,1201,TWSE,XTAI,味全食品工業股份有限公司,Wei Chuan Foods Corporation,Common Stock,0.0,deepseek_classify_rename_vs_different_security,pending_deepseek_review,TWSE::1201,TWSE,later_global_review
low_name_similarity|severe_name_mismatch,P3,1203,TWSE,XTAI,味王股份有限公司,Ve Wong Corporation,Common Stock,0.0,deepseek_classify_rename_vs_different_security,pending_deepseek_review,TWSE::1203,TWSE,later_global_review
low_name_similarity|severe_name_mismatch,P3,1210,TWSE,XTAI,大成長城企業股份有限公司,"Great Wall Enterprise Co., Ltd.",Common Stock,0.0,deepseek_classify_rename_vs_different_security,pending_deepseek_review,TWSE::1210,TWSE,later_global_review
low_name_similarity|severe_name_mismatch,P3,1213,TWSE,XTAI,大西洋飲料股份有限公司,Oceanic Beverages Co. Inc.,Common Stock,0.0,deepseek_classify_rename_vs_different_security,pending_deepseek_review,TWSE::1213,TWSE,later_global_review
low_name_similarity|severe_name_mismatch,P3,1215,TWSE,XTAI,台灣卜蜂企業股份有限公司,"Charoen Pokphand Enterprise Co., Ltd.",Common Stock,0.0,deepseek_classify_rename_vs_different_security,pending_deepseek_review,TWSE::1215,TWSE,later_global_review
low_name_similarity|severe_name_mismatch,P3,1216,TWSE,XTAI,統一企業股份有限公司,Uni-President Enterprises Corporation,Common Stock,0.0,deepseek_classify_rename_vs_different_security,pending_deepseek_review,TWSE::1216,TWSE,later_global_review
low_name_similarity|severe_name_mismatch,P3,1217,TWSE,XTAI,愛之味股份有限公司,A.G.V. Products Inc.,Common Stock,0.0,deepseek_classify_rename_vs_different_security,pending_deepseek_review,TWSE::1217,TWSE,later_global_review
low_name_similarity|severe_name_mismatch,P3,1218,TWSE,XTAI,泰山企業股份有限公司,"Taisun Enterprise Co., Ltd.",Common Stock,0.0,deepseek_classify_rename_vs_different_security,pending_deepseek_review,TWSE::1218,TWSE,later_global_review
low_name_similarity|severe_name_mismatch,P3,1219,TWSE,XTAI,福壽實業股份有限公司,Fwusow Industry Co. Ltd.,Common Stock,0.0,deepseek_classify_rename_vs_different_security,pending_deepseek_review,TWSE::1219,TWSE,later_global_review
low_name_similarity|severe_name_mismatch,P3,1220,TWSE,XTAI,台榮產業股份有限公司,Tai Roun Products Co. Ltd.,Common Stock,0.0,deepseek_classify_rename_vs_different_security,pending_deepseek_review,TWSE::1220,TWSE,later_global_review
low_name_similarity|severe_name_mismatch,P3,1225,TWSE,XTAI,福懋油脂股份有限公司,"Formosa Oilseed Processing Co., Ltd.",Common Stock,0.0,deepseek_classify_rename_vs_different_security,pending_deepseek_review,TWSE::1225,TWSE,later_global_review
low_name_similarity|severe_name_mismatch,P3,1227,TWSE,XTAI,佳格食品股份有限公司,Standard Foods Corp.,Common Stock,0.0,deepseek_classify_rename_vs_different_security,pending_deepseek_review,TWSE::1227,TWSE,later_global_review
low_name_similarity|severe_name_mismatch,P3,1229,TWSE,XTAI,聯華實業控股股份有限公司,"Lien Hwa Industrial Holdings Co., Ltd.",Common Stock,0.0,deepseek_classify_rename_vs_different_security,pending_deepseek_review,TWSE::1229,TWSE,later_global_review
low_name_similarity|severe_name_mismatch,P3,1231,TWSE,XTAI,聯華食品工業股份有限公司,Lian Hwa Foods Corporation,Common Stock,0.0,deepseek_classify_rename_vs_different_security,pending_deepseek_review,TWSE::1231,TWSE,later_global_review
low_name_similarity|severe_name_mismatch,P3,1232,TWSE,XTAI,大統益股份有限公司,Ttet Union Corporation,Common Stock,0.0,deepseek_classify_rename_vs_different_security,pending_deepseek_review,TWSE::1232,TWSE,later_global_review
low_name_similarity|severe_name_mismatch,P3,1233,TWSE,XTAI,天仁茶業股份有限公司,"Ten Ren Tea Co., Ltd.",Common Stock,0.0,deepseek_classify_rename_vs_different_security,pending_deepseek_review,TWSE::1233,TWSE,later_global_review
low_name_similarity|severe_name_mismatch,P3,1234,TWSE,XTAI,黑松股份有限公司,Hey Song Corp.,Common Stock,0.0,deepseek_classify_rename_vs_different_security,pending_deepseek_review,TWSE::1234,TWSE,later_global_review
low_name_similarity|severe_name_mismatch,P3,1235,TWSE,XTAI,興泰實業股份有限公司,"Shin Tai Industry Co., Ltd.",Common Stock,0.0,deepseek_classify_rename_vs_different_security,pending_deepseek_review,TWSE::1235,TWSE,later_global_review
low_name_similarity|severe_name_mismatch,P3,1236,TWSE,XTAI,宏亞食品股份有限公司,"Hunya Foods Co., Ltd.",Common Stock,0.0,deepseek_classify_rename_vs_different_security,pending_deepseek_review,TWSE::1236,TWSE,later_global_review
low_name_similarity|severe_name_mismatch,P3,1301,TWSE,XTAI,台灣塑膠工業股份有限公司,Formosa Plastics Corp.,Common Stock,0.0,deepseek_classify_rename_vs_different_security,pending_deepseek_review,TWSE::1301,TWSE,later_global_review
low_name_similarity|severe_name_mismatch,P3,1303,TWSE,XTAI,南亞塑膠工業股份有限公司,Nan Ya Plastics Corporation,Common Stock,0.0,deepseek_classify_rename_vs_different_security,pending_deepseek_review,TWSE::1303,TWSE,later_global_review
low_name_similarity|severe_name_mismatch,P3,1304,TWSE,XTAI,台灣聚合化學品股份有限公司,Usi Corporation,Common Stock,0.0,deepseek_classify_rename_vs_different_security,pending_deepseek_review,TWSE::1304,TWSE,later_global_review
low_name_similarity|severe_name_mismatch,P3,1305,TWSE,XTAI,華夏海灣塑膠股份有限公司,China General Plastics Corporation,Common Stock,0.0,deepseek_classify_rename_vs_different_security,pending_deepseek_review,TWSE::1305,TWSE,later_global_review
low_name_similarity|severe_name_mismatch,P3,1307,TWSE,XTAI,三芳化學工業股份有限公司,"San Fang Chemical Industry Co., Ltd.",Common Stock,0.0,deepseek_classify_rename_vs_different_security,pending_deepseek_review,TWSE::1307,TWSE,later_global_review
low_name_similarity|severe_name_mismatch,P3,1308,TWSE,XTAI,亞洲聚合股份有限公司,Asia Polymer Corporation,Common Stock,0.0,deepseek_classify_rename_vs_different_security,pending_deepseek_review,TWSE::1308,TWSE,later_global_review
low_name_similarity|severe_name_mismatch,P3,1309,TWSE,XTAI,台達化學工業股份有限公司,"Taita Chemical Company, Limited",Common Stock,0.0,deepseek_classify_rename_vs_different_security,pending_deepseek_review,TWSE::1309,TWSE,later_global_review
low_name_similarity|severe_name_mismatch,P3,1310,TWSE,XTAI,台灣苯乙烯工業股份有限公司,Taiwan Styrene Monomer Corp.,Common Stock,0.0,deepseek_classify_rename_vs_different_security,pending_deepseek_review,TWSE::1310,TWSE,later_global_review
low_name_similarity|severe_name_mismatch,P3,1312,TWSE,XTAI,國喬石油化學股份有限公司,Grand Pacific Petrochemical Corp.,Common Stock,0.0,deepseek_classify_rename_vs_different_security,pending_deepseek_review,TWSE::1312,TWSE,later_global_review
low_name_similarity|severe_name_mismatch,P3,1313,TWSE,XTAI,聯成化學科技股份有限公司,Upc Technology Corp.,Common Stock,0.0,deepseek_classify_rename_vs_different_security,pending_deepseek_review,TWSE::1313,TWSE,later_global_review
low_name_similarity|severe_name_mismatch,P3,1314,TWSE,XTAI,中國石油化學工業開發(股)公司,China Petrochemical Development Corporation,Common Stock,0.0,deepseek_classify_rename_vs_different_security,pending_deepseek_review,TWSE::1314,TWSE,later_global_review
low_name_similarity|severe_name_mismatch,P3,1315,TWSE,XTAI,達新工業股份有限公司,Tah Hsin Industrial Co. Ltd.,Common Stock,0.0,deepseek_classify_rename_vs_different_security,pending_deepseek_review,TWSE::1315,TWSE,later_global_review
low_name_similarity|severe_name_mismatch,P3,1316,TWSE,XTAI,上曜建設開發股份有限公司,"Sun Yad Construction Co., Ltd.",Common Stock,0.0,deepseek_classify_rename_vs_different_security,pending_deepseek_review,TWSE::1316,TWSE,later_global_review
low_name_similarity|severe_name_mismatch,P3,1319,TWSE,XTAI,東陽實業廠股份有限公司,"Tong Yang Industry Co., Ltd.",Common Stock,0.0,deepseek_classify_rename_vs_different_security,pending_deepseek_review,TWSE::1319,TWSE,later_global_review
low_name_similarity|severe_name_mismatch,P3,1321,TWSE,XTAI,大洋塑膠工業股份有限公司,Ocean Plastics Co. Ltd.,Common Stock,0.0,deepseek_classify_rename_vs_different_security,pending_deepseek_review,TWSE::1321,TWSE,later_global_review
low_name_similarity|severe_name_mismatch,P3,1323,TWSE,XTAI,永裕塑膠工業股份有限公司,"Yonyu Plastics Co., Ltd.",Common Stock,0.0,deepseek_classify_rename_vs_different_security,pending_deepseek_review,TWSE::1323,TWSE,later_global_review
low_name_similarity|severe_name_mismatch,P3,1324,TWSE,XTAI,地球綜合工業股份有限公司,Globe Industries Corp.,Common Stock,0.0,deepseek_classify_rename_vs_different_security,pending_deepseek_review,TWSE::1324,TWSE,later_global_review
low_name_similarity|severe_name_mismatch,P3,1325,TWSE,XTAI,恒大股份有限公司,Universal Corp.,Common Stock,0.0,deepseek_classify_rename_vs_different_security,pending_deepseek_review,TWSE::1325,TWSE,later_global_review
low_name_similarity|severe_name_mismatch,P3,1326,TWSE,XTAI,台灣化學纖維股份有限公司,Formosa Chemicals & Fibre Corp.,Common Stock,0.0,deepseek_classify_rename_vs_different_security,pending_deepseek_review,TWSE::1326,TWSE,later_global_review
low_name_similarity|severe_name_mismatch,P3,1339,TWSE,XTAI,昭輝實業股份有限公司,"YCC Parts Manufacturing Co., Ltd.",Common Stock,0.0,deepseek_classify_rename_vs_different_security,pending_deepseek_review,TWSE::1339,TWSE,later_global_review
low_name_similarity|severe_name_mismatch,P3,1342,TWSE,XTAI,八貫企業股份有限公司,Cathay Consolidated Inc.,Common Stock,0.0,deepseek_classify_rename_vs_different_security,pending_deepseek_review,TWSE::1342,TWSE,later_global_review
low_name_similarity|severe_name_mismatch,P3,1402,TWSE,XTAI,遠東新世紀股份有限公司,Far Eastern New Century Corporation,Common Stock,0.0,deepseek_classify_rename_vs_different_security,pending_deepseek_review,TWSE::1402,TWSE,later_global_review
low_name_similarity|severe_name_mismatch,P3,1409,TWSE,XTAI,新光合成纖維股份有限公司,Shinkong Synthetic Fibers Corporation,Common Stock,0.0,deepseek_classify_rename_vs_different_security,pending_deepseek_review,TWSE::1409,TWSE,later_global_review
low_name_similarity|severe_name_mismatch,P3,1410,TWSE,XTAI,南洋染整股份有限公司,"Nan Yang Dyeing & Finishing Co., Ltd.",Common Stock,0.0,deepseek_classify_rename_vs_different_security,pending_deepseek_review,TWSE::1410,TWSE,later_global_review
low_name_similarity|severe_name_mismatch,P3,1413,TWSE,XTAI,宏洲纖維工業股份有限公司,"Hung Chou Fiber Industrial Co., Ltd.",Common Stock,0.0,deepseek_classify_rename_vs_different_security,pending_deepseek_review,TWSE::1413,TWSE,later_global_review
low_name_similarity|severe_name_mismatch,P3,1414,TWSE,XTAI,東和紡織股份有限公司,"Tung Ho Textile Co., Ltd.",Common Stock,0.0,deepseek_classify_rename_vs_different_security,pending_deepseek_review,TWSE::1414,TWSE,later_global_review
low_name_similarity|severe_name_mismatch,P3,1416,TWSE,XTAI,廣豐實業股份有限公司,Kwong Fong Industries Limited,Common Stock,0.0,deepseek_classify_rename_vs_different_security,pending_deepseek_review,TWSE::1416,TWSE,later_global_review
low_name_similarity|severe_name_mismatch,P3,1417,TWSE,XTAI,嘉裕股份有限公司,Carnival Industrial Corp.,Common Stock,0.0,deepseek_classify_rename_vs_different_security,pending_deepseek_review,TWSE::1417,TWSE,later_global_review
low_name_similarity|severe_name_mismatch,P3,1418,TWSE,XTAI,東華龍股份有限公司,Tonghwa Corp.,Common Stock,0.0,deepseek_classify_rename_vs_different_security,pending_deepseek_review,TWSE::1418,TWSE,later_global_review
low_name_similarity|severe_name_mismatch,P3,1419,TWSE,XTAI,新光紡織股份有限公司,"Shinkong Textile Co., Ltd.",Common Stock,0.0,deepseek_classify_rename_vs_different_security,pending_deepseek_review,TWSE::1419,TWSE,later_global_review
low_name_similarity|severe_name_mismatch,P3,1423,TWSE,XTAI,利華羊毛工業股份有限公司,Reward Wool Industry Corp,Common Stock,0.0,deepseek_classify_rename_vs_different_security,pending_deepseek_review,TWSE::1423,TWSE,later_global_review
low_name_similarity|severe_name_mismatch,P3,1432,TWSE,XTAI,大魯閣實業股份有限公司,Trk Corporation,Common Stock,0.0,deepseek_classify_rename_vs_different_security,pending_deepseek_review,TWSE::1432,TWSE,later_global_review
low_name_similarity|severe_name_mismatch,P3,1434,TWSE,XTAI,福懋興業股份有限公司,"Formosa Taffeta Co., Ltd.",Common Stock,0.0,deepseek_classify_rename_vs_different_security,pending_deepseek_review,TWSE::1434,TWSE,later_global_review
low_name_similarity|severe_name_mismatch,P3,1435,TWSE,XTAI,中福國際(股)公司,Chung Fu Tex-International Ltd.,Common Stock,0.0,deepseek_classify_rename_vs_different_security,pending_deepseek_review,TWSE::1435,TWSE,later_global_review
low_name_similarity|severe_name_mismatch,P3,1436,TWSE,XTAI,華友聯開發股份有限公司,"Hua Yu Lien Development Co., Ltd.",Common Stock,0.0,deepseek_classify_rename_vs_different_security,pending_deepseek_review,TWSE::1436,TWSE,later_global_review
low_name_similarity|severe_name_mismatch,P3,1437,TWSE,XTAI,勤益投資控股股份有限公司,GTM Holdings Corporation,Common Stock,0.0,deepseek_classify_rename_vs_different_security,pending_deepseek_review,TWSE::1437,TWSE,later_global_review
low_name_similarity|severe_name_mismatch,P3,1438,TWSE,XTAI,三地開發地產股份有限公司,Sandi Properties Co. Ltd.,Common Stock,0.0,deepseek_classify_rename_vs_different_security,pending_deepseek_review,TWSE::1438,TWSE,later_global_review
low_name_similarity|severe_name_mismatch,P3,1439,TWSE,XTAI,雋揚國際股份有限公司,Ascent Development Co. Ltd.,Common Stock,0.0,deepseek_classify_rename_vs_different_security,pending_deepseek_review,TWSE::1439,TWSE,later_global_review
low_name_similarity|severe_name_mismatch,P3,1440,TWSE,XTAI,臺南紡織股份有限公司,"Tainan Spinning Co., Ltd.",Common Stock,0.0,deepseek_classify_rename_vs_different_security,pending_deepseek_review,TWSE::1440,TWSE,later_global_review
low_name_similarity|severe_name_mismatch,P3,1441,TWSE,XTAI,大東紡織股份有限公司,"Tah Tong Textile Co., Ltd.",Common Stock,0.0,deepseek_classify_rename_vs_different_security,pending_deepseek_review,TWSE::1441,TWSE,later_global_review
low_name_similarity|severe_name_mismatch,P3,1442,TWSE,XTAI,名軒開發股份有限公司,"Advancetek Enterprise Co., Ltd.",Common Stock,0.0,deepseek_classify_rename_vs_different_security,pending_deepseek_review,TWSE::1442,TWSE,later_global_review
low_name_similarity|severe_name_mismatch,P3,1443,TWSE,XTAI,立益物流開發股份有限公司,Lily Textile Co. Ltd.,Common Stock,0.0,deepseek_classify_rename_vs_different_security,pending_deepseek_review,TWSE::1443,TWSE,later_global_review
low_name_similarity|severe_name_mismatch,P3,1444,TWSE,XTAI,力麗企業股份有限公司,Lealea Enterprise Co. Ltd.,Common Stock,0.0,deepseek_classify_rename_vs_different_security,pending_deepseek_review,TWSE::1444,TWSE,later_global_review
low_name_similarity|severe_name_mismatch,P3,1445,TWSE,XTAI,大宇紡織股份有限公司,Universal Textile Co. Ltd.,Common Stock,0.0,deepseek_classify_rename_vs_different_security,pending_deepseek_review,TWSE::1445,TWSE,later_global_review
low_name_similarity|severe_name_mismatch,P3,1446,TWSE,XTAI,宏和精密紡織股份有限公司,"Hong Ho Precision Textile Co., Ltd.",Common Stock,0.0,deepseek_classify_rename_vs_different_security,pending_deepseek_review,TWSE::1446,TWSE,later_global_review
low_name_similarity|severe_name_mismatch,P3,1447,TWSE,XTAI,力鵬企業股份有限公司,"Li Peng Enterprise Co., Ltd.",Common Stock,0.0,deepseek_classify_rename_vs_different_security,pending_deepseek_review,TWSE::1447,TWSE,later_global_review
low_name_similarity|severe_name_mismatch,P3,1449,TWSE,XTAI,佳和實業股份有限公司,"Chia Her Industrial Co., Ltd.",Common Stock,0.0,deepseek_classify_rename_vs_different_security,pending_deepseek_review,TWSE::1449,TWSE,later_global_review
low_name_similarity|severe_name_mismatch,P3,1451,TWSE,XTAI,年興紡織股份有限公司,"Nien Hsing Textile Co., Ltd.",Common Stock,0.0,deepseek_classify_rename_vs_different_security,pending_deepseek_review,TWSE::1451,TWSE,later_global_review
low_name_similarity|severe_name_mismatch,P3,1452,TWSE,XTAI,宏益纖維工業股份有限公司,"Hong Yi Fiber Industry Co., Ltd.",Common Stock,0.0,deepseek_classify_rename_vs_different_security,pending_deepseek_review,TWSE::1452,TWSE,later_global_review
low_name_similarity|severe_name_mismatch,P3,1453,TWSE,XTAI,大將開發股份有限公司,Ta Jiang Development Corp,Common Stock,0.0,deepseek_classify_rename_vs_different_security,pending_deepseek_review,TWSE::1453,TWSE,later_global_review
low_name_similarity|severe_name_mismatch,P3,1454,TWSE,XTAI,台灣富綢纖維股份有限公司,"Taiwan Taffeta Fabric Co., Ltd.",Common Stock,0.0,deepseek_classify_rename_vs_different_security,pending_deepseek_review,TWSE::1454,TWSE,later_global_review
low_name_similarity|severe_name_mismatch,P3,1455,TWSE,XTAI,集盛實業股份有限公司,"Zig Sheng Industrial Co., Ltd.",Common Stock,0.0,deepseek_classify_rename_vs_different_security,pending_deepseek_review,TWSE::1455,TWSE,later_global_review
low_name_similarity|severe_name_mismatch,P3,1456,TWSE,XTAI,怡華實業股份有限公司,I-Hwa Industrial Co. Ltd.,Common Stock,0.0,deepseek_classify_rename_vs_different_security,pending_deepseek_review,TWSE::1456,TWSE,later_global_review
low_name_similarity|severe_name_mismatch,P3,1457,TWSE,XTAI,宜進實業股份有限公司,"Yi Jinn Industrial Co., Ltd.",Common Stock,0.0,deepseek_classify_rename_vs_different_security,pending_deepseek_review,TWSE::1457,TWSE,later_global_review
low_name_similarity|severe_name_mismatch,P3,1459,TWSE,XTAI,聯發紡織纖維股份有限公司,"Lanfa Textile Co., Ltd.",Common Stock,0.0,deepseek_classify_rename_vs_different_security,pending_deepseek_review,TWSE::1459,TWSE,later_global_review
low_name_similarity|severe_name_mismatch,P3,1460,TWSE,XTAI,宏遠興業股份有限公司,"Everest Textile Co., Ltd.",Common Stock,0.0,deepseek_classify_rename_vs_different_security,pending_deepseek_review,TWSE::1460,TWSE,later_global_review
low_name_similarity|severe_name_mismatch,P3,1463,TWSE,XTAI,強盛新投資控股股份有限公司,Chyang Sheng Textiles Co. Ltd.,Common Stock,0.0,deepseek_classify_rename_vs_different_security,pending_deepseek_review,TWSE::1463,TWSE,later_global_review
low_name_similarity|severe_name_mismatch,P3,1464,TWSE,XTAI,得力實業股份有限公司,"De Licacy Industrial Co., Ltd.",Common Stock,0.0,deepseek_classify_rename_vs_different_security,pending_deepseek_review,TWSE::1464,TWSE,later_global_review
low_name_similarity|severe_name_mismatch,P3,1465,TWSE,XTAI,偉全實業股份有限公司,Wisher Industrial Co. Ltd.,Common Stock,0.0,deepseek_classify_rename_vs_different_security,pending_deepseek_review,TWSE::1465,TWSE,later_global_review
low_name_similarity|severe_name_mismatch,P3,1466,TWSE,XTAI,聚隆纖維股份有限公司,Acelon Chemicals & Fiber Corporation,Common Stock,0.0,deepseek_classify_rename_vs_different_security,pending_deepseek_review,TWSE::1466,TWSE,later_global_review
low_name_similarity|severe_name_mismatch,P3,1467,TWSE,XTAI,南緯實業股份有限公司,"Tex-Ray Industrial Co., Ltd.",Common Stock,0.0,deepseek_classify_rename_vs_different_security,pending_deepseek_review,TWSE::1467,TWSE,later_global_review
low_name_similarity|severe_name_mismatch,P3,1468,TWSE,XTAI,昶和纖維興業股份有限公司,Chang Ho Fibre Corporation,Common Stock,0.0,deepseek_classify_rename_vs_different_security,pending_deepseek_review,TWSE::1468,TWSE,later_global_review
low_name_similarity|severe_name_mismatch,P3,1470,TWSE,XTAI,大統新創股份有限公司,Evertex Fabrinology Ltd.,Common Stock,0.0,deepseek_classify_rename_vs_different_security,pending_deepseek_review,TWSE::1470,TWSE,later_global_review
low_name_similarity|severe_name_mismatch,P3,1471,TWSE,XTAI,首利實業股份有限公司,Solytech Enterprise Corp.,Common Stock,0.0,deepseek_classify_rename_vs_different_security,pending_deepseek_review,TWSE::1471,TWSE,later_global_review
low_name_similarity|severe_name_mismatch,P3,1472,TWSE,XTAI,三洋實業股份有限公司,Triocean Industrial Corp.,Common Stock,0.0,deepseek_classify_rename_vs_different_security,pending_deepseek_review,TWSE::1472,TWSE,later_global_review
low_name_similarity|severe_name_mismatch,P3,1473,TWSE,XTAI,台南企業股份有限公司,"Tainan Enterprises Co., Ltd.",Common Stock,0.0,deepseek_classify_rename_vs_different_security,pending_deepseek_review,TWSE::1473,TWSE,later_global_review
low_name_similarity|severe_name_mismatch,P3,1474,TWSE,XTAI,弘裕企業股份有限公司,"Honmyue Enterprise Co., Ltd.",Common Stock,0.0,deepseek_classify_rename_vs_different_security,pending_deepseek_review,TWSE::1474,TWSE,later_global_review
low_name_similarity|severe_name_mismatch,P3,1475,TWSE,XTAI,台灣業旺股份有限公司,"Big Sunshine Co., Ltd.",Common Stock,0.0,deepseek_classify_rename_vs_different_security,pending_deepseek_review,TWSE::1475,TWSE,later_global_review
low_name_similarity|severe_name_mismatch,P3,1476,TWSE,XTAI,儒鴻企業股份有限公司,Eclat Textile Company Ltd.,Common Stock,0.0,deepseek_classify_rename_vs_different_security,pending_deepseek_review,TWSE::1476,TWSE,later_global_review
low_name_similarity|severe_name_mismatch,P3,1477,TWSE,XTAI,聚陽實業股份有限公司,"Makalot Industrial Co., Ltd.",Common Stock,0.0,deepseek_classify_rename_vs_different_security,pending_deepseek_review,TWSE::1477,TWSE,later_global_review
low_name_similarity|severe_name_mismatch,P3,1503,TWSE,XTAI,士林電機廠股份有限公司,Shihlin Electric & Engineering Corp.,Common Stock,0.0,deepseek_classify_rename_vs_different_security,pending_deepseek_review,TWSE::1503,TWSE,later_global_review
low_name_similarity|severe_name_mismatch,P3,1504,TWSE,XTAI,東元電機股份有限公司,"Teco Electric & Machinery Co., Ltd.",Common Stock,0.0,deepseek_classify_rename_vs_different_security,pending_deepseek_review,TWSE::1504,TWSE,later_global_review
low_name_similarity|severe_name_mismatch,P3,1506,TWSE,XTAI,正道工業股份有限公司,Right Way Industries Inc.,Common Stock,0.0,deepseek_classify_rename_vs_different_security,pending_deepseek_review,TWSE::1506,TWSE,later_global_review
low_name_similarity|severe_name_mismatch,P3,1512,TWSE,XTAI,瑞利企業股份有限公司,"Jui Li Enterprise Co., Ltd.",Common Stock,0.0,deepseek_classify_rename_vs_different_security,pending_deepseek_review,TWSE::1512,TWSE,later_global_review
low_name_similarity|severe_name_mismatch,P3,1513,TWSE,XTAI,中興電工機械股份有限公司,Chung-Hsin Electric & Machinery Manufacturing Corp.,Common Stock,0.0,deepseek_classify_rename_vs_different_security,pending_deepseek_review,TWSE::1513,TWSE,later_global_review
low_name_similarity|severe_name_mismatch,P3,1514,TWSE,XTAI,亞力電機股份有限公司,Allis Electric Co. Ltd.,Common Stock,0.0,deepseek_classify_rename_vs_different_security,pending_deepseek_review,TWSE::1514,TWSE,later_global_review
low_name_similarity|severe_name_mismatch,P3,1515,TWSE,XTAI,力山工業股份有限公司,Rexon Industrial Corp. Ltd.,Common Stock,0.0,deepseek_classify_rename_vs_different_security,pending_deepseek_review,TWSE::1515,TWSE,later_global_review
low_name_similarity|severe_name_mismatch,P3,1516,TWSE,XTAI,川飛能源股份有限公司,Falcon Power Co. Ltd.,Common Stock,0.0,deepseek_classify_rename_vs_different_security,pending_deepseek_review,TWSE::1516,TWSE,later_global_review
low_name_similarity|severe_name_mismatch,P3,1517,TWSE,XTAI,利奇機械工業股份有限公司,"Lee Chi Enterprises Co., Ltd.",Common Stock,0.0,deepseek_classify_rename_vs_different_security,pending_deepseek_review,TWSE::1517,TWSE,later_global_review
low_name_similarity|severe_name_mismatch,P3,1519,TWSE,XTAI,華城電機股份有限公司,"Fortune Electric Co., Ltd.",Common Stock,0.0,deepseek_classify_rename_vs_different_security,pending_deepseek_review,TWSE::1519,TWSE,later_global_review
low_name_similarity|severe_name_mismatch,P3,1521,TWSE,XTAI,大億交通工業製造股份有限公司,"Ta Yih Industrial Co., Ltd.",Common Stock,0.0,deepseek_classify_rename_vs_different_security,pending_deepseek_review,TWSE::1521,TWSE,later_global_review
low_name_similarity|severe_name_mismatch,P3,1522,TWSE,XTAI,堤維西交通工業股份有限公司,"Tyc Brother Industrial Co., Ltd.",Common Stock,0.0,deepseek_classify_rename_vs_different_security,pending_deepseek_review,TWSE::1522,TWSE,later_global_review
low_name_similarity|severe_name_mismatch,P3,1524,TWSE,XTAI,耿鼎企業股份有限公司,Gordon Auto Body Parts Co. Ltd.,Common Stock,0.0,deepseek_classify_rename_vs_different_security,pending_deepseek_review,TWSE::1524,TWSE,later_global_review
low_name_similarity|severe_name_mismatch,P3,1525,TWSE,XTAI,江申工業股份有限公司,Kian Shen Corporation,Common Stock,0.0,deepseek_classify_rename_vs_different_security,pending_deepseek_review,TWSE::1525,TWSE,later_global_review
low_name_similarity|severe_name_mismatch,P3,1526,TWSE,XTAI,日馳企業股份有限公司,Sun Race Sturmey-Archers Inc.,Common Stock,0.0,deepseek_classify_rename_vs_different_security,pending_deepseek_review,TWSE::1526,TWSE,later_global_review
low_name_similarity|severe_name_mismatch,P3,1527,TWSE,XTAI,鑽全實業股份有限公司,Basso Industry Corp.,Common Stock,0.0,deepseek_classify_rename_vs_different_security,pending_deepseek_review,TWSE::1527,TWSE,later_global_review
low_name_similarity|severe_name_mismatch,P3,1528,TWSE,XTAI,恩德科技股份有限公司,Anderson Industrial Corp.,Common Stock,0.0,deepseek_classify_rename_vs_different_security,pending_deepseek_review,TWSE::1528,TWSE,later_global_review
low_name_similarity|severe_name_mismatch,P3,1529,TWSE,XTAI,樂事綠能科技股份有限公司,"Luxe Green Energy Technology Co., Ltd.",Common Stock,0.0,deepseek_classify_rename_vs_different_security,pending_deepseek_review,TWSE::1529,TWSE,later_global_review
low_name_similarity|severe_name_mismatch,P3,1530,TWSE,XTAI,亞崴機電股份有限公司,"Awea Mechantronic Co., Ltd.",Common Stock,0.0,deepseek_classify_rename_vs_different_security,pending_deepseek_review,TWSE::1530,TWSE,later_global_review
low_name_similarity|severe_name_mismatch,P3,1531,TWSE,XTAI,高林股份有限公司,"Kaulin Manufacturing Co., Ltd.",Common Stock,0.0,deepseek_classify_rename_vs_different_security,pending_deepseek_review,TWSE::1531,TWSE,later_global_review
low_name_similarity|severe_name_mismatch,P3,1532,TWSE,XTAI,勤美股份有限公司,"China Metal Products Co., Ltd.",Common Stock,0.0,deepseek_classify_rename_vs_different_security,pending_deepseek_review,TWSE::1532,TWSE,later_global_review
low_name_similarity|severe_name_mismatch,P3,1533,TWSE,XTAI,車王電子股份有限公司,"Mobiletron Electronics Co., Ltd.",Common Stock,0.0,deepseek_classify_rename_vs_different_security,pending_deepseek_review,TWSE::1533,TWSE,later_global_review
low_name_similarity|severe_name_mismatch,P3,1535,TWSE,XTAI,中宇環保工程股份有限公司,China Ecotek Corporation,Common Stock,0.0,deepseek_classify_rename_vs_different_security,pending_deepseek_review,TWSE::1535,TWSE,later_global_review
low_name_similarity|severe_name_mismatch,P3,1536,TWSE,XTAI,和大工業股份有限公司,"Hota Industrial Manufacturing Co., Ltd.",Common Stock,0.0,deepseek_classify_rename_vs_different_security,pending_deepseek_review,TWSE::1536,TWSE,later_global_review
low_name_similarity|severe_name_mismatch,P3,1537,TWSE,XTAI,廣隆光電科技股份有限公司,"Kung Long Batteries Industrial Co., Ltd.",Common Stock,0.0,deepseek_classify_rename_vs_different_security,pending_deepseek_review,TWSE::1537,TWSE,later_global_review
low_name_similarity|severe_name_mismatch,P3,1538,TWSE,XTAI,正峰工業股份有限公司,"Jenn Feng Industrial Co., Ltd.",Common Stock,0.0,deepseek_classify_rename_vs_different_security,pending_deepseek_review,TWSE::1538,TWSE,later_global_review
low_name_similarity|severe_name_mismatch,P3,1539,TWSE,XTAI,巨庭機械股份有限公司,"Chiu Ting Machinery Co., Ltd.",Common Stock,0.0,deepseek_classify_rename_vs_different_security,pending_deepseek_review,TWSE::1539,TWSE,later_global_review
low_name_similarity|severe_name_mismatch,P3,1540,TWSE,XTAI,喬福機械工業股份有限公司,Roundtop Machinery Industries Co. Ltd.,Common Stock,0.0,deepseek_classify_rename_vs_different_security,pending_deepseek_review,TWSE::1540,TWSE,later_global_review
low_name_similarity|severe_name_mismatch,P3,1541,TWSE,XTAI,錩泰工業股份有限公司,"Chang Type Industrial Co., Ltd.",Common Stock,0.0,deepseek_classify_rename_vs_different_security,pending_deepseek_review,TWSE::1541,TWSE,later_global_review
low_name_similarity|severe_name_mismatch,P3,1558,TWSE,XTAI,伸興工業股份有限公司,"Zeng Hsing Industrial Co., Ltd.",Common Stock,0.0,deepseek_classify_rename_vs_different_security,pending_deepseek_review,TWSE::1558,TWSE,later_global_review
low_name_similarity|severe_name_mismatch,P3,1560,TWSE,XTAI,中國砂輪企業股份有限公司,Kinik Company,Common Stock,0.0,deepseek_classify_rename_vs_different_security,pending_deepseek_review,TWSE::1560,TWSE,later_global_review
low_name_similarity|severe_name_mismatch,P3,1568,TWSE,XTAI,倉佑實業股份有限公司,Tsang Yow Industrial Co. Ltd.,Common Stock,0.0,deepseek_classify_rename_vs_different_security,pending_deepseek_review,TWSE::1568,TWSE,later_global_review
low_name_similarity|severe_name_mismatch,P3,1582,TWSE,XTAI,信錦企業股份有限公司,Syncmold Enterprise Corp.,Common Stock,0.0,deepseek_classify_rename_vs_different_security,pending_deepseek_review,TWSE::1582,TWSE,later_global_review
low_name_similarity|severe_name_mismatch,P3,1583,TWSE,XTAI,程泰機械股份有限公司,Goodway Machine Corporation,Common Stock,0.0,deepseek_classify_rename_vs_different_security,pending_deepseek_review,TWSE::1583,TWSE,later_global_review
low_name_similarity|severe_name_mismatch,P3,1587,TWSE,XTAI,吉茂精密股份有限公司,Cryomax Cooling System Corp,Common Stock,0.0,deepseek_classify_rename_vs_different_security,pending_deepseek_review,TWSE::1587,TWSE,later_global_review
low_name_similarity|severe_name_mismatch,P3,1597,TWSE,XTAI,直得科技股份有限公司,"Chieftek Precision Co., Ltd.",Common Stock,0.0,deepseek_classify_rename_vs_different_security,pending_deepseek_review,TWSE::1597,TWSE,later_global_review
low_name_similarity|severe_name_mismatch,P3,1598,TWSE,XTAI,岱宇國際股份有限公司,Dyaco International Inc.,Common Stock,0.0,deepseek_classify_rename_vs_different_security,pending_deepseek_review,TWSE::1598,TWSE,later_global_review
low_name_similarity|severe_name_mismatch,P3,1603,TWSE,XTAI,中華電線電纜股份有限公司,China Wire & Cable Co. Ltd.,Common Stock,0.0,deepseek_classify_rename_vs_different_security,pending_deepseek_review,TWSE::1603,TWSE,later_global_review
low_name_similarity|severe_name_mismatch,P3,1604,TWSE,XTAI,聲寶股份有限公司,Sampo Corporation,Common Stock,0.0,deepseek_classify_rename_vs_different_security,pending_deepseek_review,TWSE::1604,TWSE,later_global_review
low_name_similarity|severe_name_mismatch,P3,1605,TWSE,XTAI,華新麗華股份有限公司,Walsin Lihwa Corporation,Common Stock,0.0,deepseek_classify_rename_vs_different_security,pending_deepseek_review,TWSE::1605,TWSE,later_global_review
low_name_similarity|severe_name_mismatch,P3,1608,TWSE,XTAI,華榮電線電纜股份有限公司,"Hua Eng Wire & Cable Co., Ltd.",Common Stock,0.0,deepseek_classify_rename_vs_different_security,pending_deepseek_review,TWSE::1608,TWSE,later_global_review
low_name_similarity|severe_name_mismatch,P3,1609,TWSE,XTAI,大亞電線電纜股份有限公司,"Ta Ya Electric Wire & Cable Co., Ltd.",Common Stock,0.0,deepseek_classify_rename_vs_different_security,pending_deepseek_review,TWSE::1609,TWSE,later_global_review
low_name_similarity|severe_name_mismatch,P3,1611,TWSE,XTAI,中國電器股份有限公司,China Electric Manufacturing Co. Ltd.,Common Stock,0.0,deepseek_classify_rename_vs_different_security,pending_deepseek_review,TWSE::1611,TWSE,later_global_review
low_name_similarity|severe_name_mismatch,P3,1612,TWSE,XTAI,宏泰電工股份有限公司,"Hong Tai Electric Industrial Co., Ltd.",Common Stock,0.0,deepseek_classify_rename_vs_different_security,pending_deepseek_review,TWSE::1612,TWSE,later_global_review
low_name_similarity|severe_name_mismatch,P3,1614,TWSE,XTAI,台灣三洋電機股份有限公司,"Taiwan Sanyo Electric Co., Ltd.",Common Stock,0.0,deepseek_classify_rename_vs_different_security,pending_deepseek_review,TWSE::1614,TWSE,later_global_review
low_name_similarity|severe_name_mismatch,P3,1615,TWSE,XTAI,大山電線電纜股份有限公司,Dah San Electric Wire & Cable Co. Ltd.,Common Stock,0.0,deepseek_classify_rename_vs_different_security,pending_deepseek_review,TWSE::1615,TWSE,later_global_review
low_name_similarity|severe_name_mismatch,P3,1616,TWSE,XTAI,億泰電線電纜股份有限公司,Evertop Wire Cable Corp.,Common Stock,0.0,deepseek_classify_rename_vs_different_security,pending_deepseek_review,TWSE::1616,TWSE,later_global_review
low_name_similarity|severe_name_mismatch,P3,1617,TWSE,XTAI,榮星電線工業股份有限公司,"Jung Shing Wire Co., Ltd.",Common Stock,0.0,deepseek_classify_rename_vs_different_security,pending_deepseek_review,TWSE::1617,TWSE,later_global_review
low_name_similarity|severe_name_mismatch,P3,1618,TWSE,XTAI,合機電線電纜股份有限公司,Hold-Key Electric Wire Co. Ltd.,Common Stock,0.0,deepseek_classify_rename_vs_different_security,pending_deepseek_review,TWSE::1618,TWSE,later_global_review
low_name_similarity|severe_name_mismatch,P3,1702,TWSE,XTAI,南僑投資控股股份有限公司,"Namchow Holdings Co., Ltd.",Common Stock,0.0,deepseek_classify_rename_vs_different_security,pending_deepseek_review,TWSE::1702,TWSE,later_global_review
low_name_similarity|severe_name_mismatch,P3,1707,TWSE,XTAI,葡萄王生技股份有限公司,Grape King Bio Ltd.,Common Stock,0.0,deepseek_classify_rename_vs_different_security,pending_deepseek_review,TWSE::1707,TWSE,later_global_review
low_name_similarity|severe_name_mismatch,P3,1708,TWSE,XTAI,東南實業股份有限公司,Sesoda Corporation,Common Stock,0.0,deepseek_classify_rename_vs_different_security,pending_deepseek_review,TWSE::1708,TWSE,later_global_review
low_name_similarity|severe_name_mismatch,P3,1709,TWSE,XTAI,和益化學工業股份有限公司,Formosan Union Chemical Corp.,Common Stock,0.0,deepseek_classify_rename_vs_different_security,pending_deepseek_review,TWSE::1709,TWSE,later_global_review
low_name_similarity|severe_name_mismatch,P3,1710,TWSE,XTAI,東聯化學股份有限公司,Oriental Union Chemical Corporation,Common Stock,0.0,deepseek_classify_rename_vs_different_security,pending_deepseek_review,TWSE::1710,TWSE,later_global_review
low_name_similarity|severe_name_mismatch,P3,1711,TWSE,XTAI,臺灣永光化學工業股份有限公司,Everlight Chemical Industrial Corporation,Common Stock,0.0,deepseek_classify_rename_vs_different_security,pending_deepseek_review,TWSE::1711,TWSE,later_global_review
low_name_similarity|severe_name_mismatch,P3,1712,TWSE,XTAI,興農股份有限公司,Sinon Corporation,Common Stock,0.0,deepseek_classify_rename_vs_different_security,pending_deepseek_review,TWSE::1712,TWSE,later_global_review
low_name_similarity|severe_name_mismatch,P3,1713,TWSE,XTAI,國泰化工廠股份有限公司,"Cathay Chemical Works Co., Ltd.",Common Stock,0.0,deepseek_classify_rename_vs_different_security,pending_deepseek_review,TWSE::1713,TWSE,later_global_review
low_name_similarity|severe_name_mismatch,P3,1714,TWSE,XTAI,和桐化學股份有限公司,Ho Tung Chemical Corp.,Common Stock,0.0,deepseek_classify_rename_vs_different_security,pending_deepseek_review,TWSE::1714,TWSE,later_global_review
low_name_similarity|severe_name_mismatch,P3,1717,TWSE,XTAI,長興材料工業股份有限公司,"Eternal Materials Co., Ltd.",Common Stock,0.0,deepseek_classify_rename_vs_different_security,pending_deepseek_review,TWSE::1717,TWSE,later_global_review
low_name_similarity|severe_name_mismatch,P3,1718,TWSE,XTAI,中國人造纖維股份有限公司,China Man-Made Fiber Corp,Common Stock,0.0,deepseek_classify_rename_vs_different_security,pending_deepseek_review,TWSE::1718,TWSE,later_global_review
low_name_similarity|severe_name_mismatch,P3,1720,TWSE,XTAI,生達化學製藥股份有限公司,"Standard Chemical & Pharmaceutical Co., Ltd.",Common Stock,0.0,deepseek_classify_rename_vs_different_security,pending_deepseek_review,TWSE::1720,TWSE,later_global_review
low_name_similarity|severe_name_mismatch,P3,1721,TWSE,XTAI,三晃股份有限公司,"Sunko Ink Co., Ltd.",Common Stock,0.0,deepseek_classify_rename_vs_different_security,pending_deepseek_review,TWSE::1721,TWSE,later_global_review
low_name_similarity|severe_name_mismatch,P3,1722,TWSE,XTAI,台灣肥料股份有限公司,Taiwan Fertilizer Co. Ltd.,Common Stock,0.0,deepseek_classify_rename_vs_different_security,pending_deepseek_review,TWSE::1722,TWSE,later_global_review
low_name_similarity|severe_name_mismatch,P3,1723,TWSE,XTAI,中鋼碳素化學股份有限公司,China Steel Chemical Corp.,Common Stock,0.0,deepseek_classify_rename_vs_different_security,pending_deepseek_review,TWSE::1723,TWSE,later_global_review
low_name_similarity|severe_name_mismatch,P3,1725,TWSE,XTAI,元禎企業股份有限公司,"Yuen Jen Enterprise Co., Ltd.",Common Stock,0.0,deepseek_classify_rename_vs_different_security,pending_deepseek_review,TWSE::1725,TWSE,later_global_review
low_name_similarity|severe_name_mismatch,P3,1726,TWSE,XTAI,永記造漆工業股份有限公司,"Yung Chi Paint & Varnish Mfg. Co., Ltd.",Common Stock,0.0,deepseek_classify_rename_vs_different_security,pending_deepseek_review,TWSE::1726,TWSE,later_global_review
low_name_similarity|severe_name_mismatch,P3,1727,TWSE,XTAI,臺灣中華化學工業股份有限公司,Chung Hwa Chemical Industrial Ltd.,Common Stock,0.0,deepseek_classify_rename_vs_different_security,pending_deepseek_review,TWSE::1727,TWSE,later_global_review
low_name_similarity|severe_name_mismatch,P3,1730,TWSE,XTAI,花仙子企業股份有限公司,"Farcent Enterprise Co., Ltd.",Common Stock,0.0,deepseek_classify_rename_vs_different_security,pending_deepseek_review,TWSE::1730,TWSE,later_global_review
low_name_similarity|severe_name_mismatch,P3,1731,TWSE,XTAI,美吾華股份有限公司,Maywufa Company Ltd.,Common Stock,0.0,deepseek_classify_rename_vs_different_security,pending_deepseek_review,TWSE::1731,TWSE,later_global_review
low_name_similarity|severe_name_mismatch,P3,1732,TWSE,XTAI,毛寶股份有限公司,Mao Bao Inc.,Common Stock,0.0,deepseek_classify_rename_vs_different_security,pending_deepseek_review,TWSE::1732,TWSE,later_global_review
low_name_similarity|severe_name_mismatch,P3,1733,TWSE,XTAI,五鼎生物技術股份有限公司,Apex Biotechnology Corp.,Common Stock,0.0,deepseek_classify_rename_vs_different_security,pending_deepseek_review,TWSE::1733,TWSE,later_global_review
low_name_similarity|severe_name_mismatch,P3,1734,TWSE,XTAI,杏輝藥品工業股份有限公司,"Sinphar Pharmaceutical Co., Ltd.",Common Stock,0.0,deepseek_classify_rename_vs_different_security,pending_deepseek_review,TWSE::1734,TWSE,later_global_review
low_name_similarity|severe_name_mismatch,P3,1735,TWSE,XTAI,日勝化工股份有限公司,"Evermore Chemical Industry Co., Ltd.",Common Stock,0.0,deepseek_classify_rename_vs_different_security,pending_deepseek_review,TWSE::1735,TWSE,later_global_review
low_name_similarity|severe_name_mismatch,P3,1736,TWSE,XTAI,喬山健康科技股份有限公司,"Johnson Health Tech Co., Ltd.",Common Stock,0.0,deepseek_classify_rename_vs_different_security,pending_deepseek_review,TWSE::1736,TWSE,later_global_review
low_name_similarity|severe_name_mismatch,P3,1737,TWSE,XTAI,臺鹽實業股份有限公司,"Taiyen Biotech Co., Ltd.",Common Stock,0.0,deepseek_classify_rename_vs_different_security,pending_deepseek_review,TWSE::1737,TWSE,later_global_review
low_name_similarity|severe_name_mismatch,P3,1752,TWSE,XTAI,南光化學製藥股份有限公司,"Nang Kuang Pharmaceutical Co., Ltd.",Common Stock,0.0,deepseek_classify_rename_vs_different_security,pending_deepseek_review,TWSE::1752,TWSE,later_global_review
low_name_similarity|severe_name_mismatch,P3,1760,TWSE,XTAI,寶齡富錦生技股份有限公司,Panion & BF Biotech Inc.,Common Stock,0.0,deepseek_classify_rename_vs_different_security,pending_deepseek_review,TWSE::1760,TWSE,later_global_review
low_name_similarity|severe_name_mismatch,P3,1762,TWSE,XTAI,中化合成生技股份有限公司,"Chunghwa Chemical Synthesis & Biotech Co., Ltd.",Common Stock,0.0,deepseek_classify_rename_vs_different_security,pending_deepseek_review,TWSE::1762,TWSE,later_global_review
low_name_similarity|severe_name_mismatch,P3,1773,TWSE,XTAI,勝一化工股份有限公司,"Shiny Chemical Industrial Co., Ltd.",Common Stock,0.0,deepseek_classify_rename_vs_different_security,pending_deepseek_review,TWSE::1773,TWSE,later_global_review
low_name_similarity|severe_name_mismatch,P3,1776,TWSE,XTAI,展宇科技材料股份有限公司,Headway Advanced Materials Inc.,Common Stock,0.0,deepseek_classify_rename_vs_different_security,pending_deepseek_review,TWSE::1776,TWSE,later_global_review
low_name_similarity|severe_name_mismatch,P3,1783,TWSE,XTAI,和康生物科技股份有限公司,Maxigen Biotech Inc.,Common Stock,0.0,deepseek_classify_rename_vs_different_security,pending_deepseek_review,TWSE::1783,TWSE,later_global_review
low_name_similarity|severe_name_mismatch,P3,1786,TWSE,XTAI,科妍生物科技股份有限公司,Scivision Biotech Inc.,Common Stock,0.0,deepseek_classify_rename_vs_different_security,pending_deepseek_review,TWSE::1786,TWSE,later_global_review
low_name_similarity|severe_name_mismatch,P3,1789,TWSE,XTAI,台灣神隆股份有限公司,Scinopharm Taiwan Ltd.,Common Stock,0.0,deepseek_classify_rename_vs_different_security,pending_deepseek_review,TWSE::1789,TWSE,later_global_review
low_name_similarity|severe_name_mismatch,P3,1795,TWSE,XTAI,美時化學製藥股份有限公司,"Lotus Pharmaceutical Co., Ltd.",Common Stock,0.0,deepseek_classify_rename_vs_different_security,pending_deepseek_review,TWSE::1795,TWSE,later_global_review
low_name_similarity|severe_name_mismatch,P3,1802,TWSE,XTAI,台灣玻璃工業股份有限公司,Taiwan Glass Ind. Corp.,Common Stock,0.0,deepseek_classify_rename_vs_different_security,pending_deepseek_review,TWSE::1802,TWSE,later_global_review
low_name_similarity|severe_name_mismatch,P3,1805,TWSE,XTAI,寶徠建設股份有限公司,"Better Life Group Co., Ltd.",Common Stock,0.0,deepseek_classify_rename_vs_different_security,pending_deepseek_review,TWSE::1805,TWSE,later_global_review
low_name_similarity|severe_name_mismatch,P3,1806,TWSE,XTAI,冠軍建材股份有限公司,"Champion Building Materials Co., Ltd.",Common Stock,0.0,deepseek_classify_rename_vs_different_security,pending_deepseek_review,TWSE::1806,TWSE,later_global_review
low_name_similarity|severe_name_mismatch,P3,1808,TWSE,XTAI,潤隆建設股份有限公司,Run Long Construction Co. Ltd.,Common Stock,0.0,deepseek_classify_rename_vs_different_security,pending_deepseek_review,TWSE::1808,TWSE,later_global_review
low_name_similarity|severe_name_mismatch,P3,1809,TWSE,XTAI,中國製釉股份有限公司,"China Glaze Co., Ltd.",Common Stock,0.0,deepseek_classify_rename_vs_different_security,pending_deepseek_review,TWSE::1809,TWSE,later_global_review
low_name_similarity|severe_name_mismatch,P3,1810,TWSE,XTAI,和成欣業股份有限公司,Hocheng Corp,Common Stock,0.0,deepseek_classify_rename_vs_different_security,pending_deepseek_review,TWSE::1810,TWSE,later_global_review
low_name_similarity|severe_name_mismatch,P3,1817,TWSE,XTAI,凱撒衛浴股份有限公司,"Sanitar Co., Ltd.",Common Stock,0.0,deepseek_classify_rename_vs_different_security,pending_deepseek_review,TWSE::1817,TWSE,later_global_review
low_name_similarity|severe_name_mismatch,P3,1903,TWSE,XTAI,士林紙業股份有限公司,Shihlin Paper Corporation,Common Stock,0.0,deepseek_classify_rename_vs_different_security,pending_deepseek_review,TWSE::1903,TWSE,later_global_review
low_name_similarity|severe_name_mismatch,P3,1904,TWSE,XTAI,正隆股份有限公司,Cheng Loong Corp.,Common Stock,0.0,deepseek_classify_rename_vs_different_security,pending_deepseek_review,TWSE::1904,TWSE,later_global_review
low_name_similarity|severe_name_mismatch,P3,1905,TWSE,XTAI,中華紙漿股份有限公司,Chung Hwa Pulp Corp.,Common Stock,0.0,deepseek_classify_rename_vs_different_security,pending_deepseek_review,TWSE::1905,TWSE,later_global_review
low_name_similarity|severe_name_mismatch,P3,1906,TWSE,XTAI,寶隆國際股份有限公司,Baolong International Co. Ltd.,Common Stock,0.0,deepseek_classify_rename_vs_different_security,pending_deepseek_review,TWSE::1906,TWSE,later_global_review
low_name_similarity|severe_name_mismatch,P3,1907,TWSE,XTAI,永豐餘投資控股股份有限公司,YFY Inc.,Common Stock,0.0,deepseek_classify_rename_vs_different_security,pending_deepseek_review,TWSE::1907,TWSE,later_global_review
low_name_similarity|severe_name_mismatch,P3,1909,TWSE,XTAI,榮成紙業股份有限公司,"Long Chen Paper & Packaging Co., Ltd.",Common Stock,0.0,deepseek_classify_rename_vs_different_security,pending_deepseek_review,TWSE::1909,TWSE,later_global_review
low_name_similarity|severe_name_mismatch,P3,2002,TWSE,XTAI,中國鋼鐵股份有限公司,China Steel Corporation,Common Stock,0.0,deepseek_classify_rename_vs_different_security,pending_deepseek_review,TWSE::2002,TWSE,later_global_review
low_name_similarity|severe_name_mismatch,P3,2006,TWSE,XTAI,東和鋼鐵企業股份有限公司,Tung Ho Steel Enterprise Corporation,Common Stock,0.0,deepseek_classify_rename_vs_different_security,pending_deepseek_review,TWSE::2006,TWSE,later_global_review
low_name_similarity|severe_name_mismatch,P3,2007,TWSE,XTAI,燁興企業股份有限公司,"Yieh Hsing Enterprise Co., Ltd.",Common Stock,0.0,deepseek_classify_rename_vs_different_security,pending_deepseek_review,TWSE::2007,TWSE,later_global_review
low_name_similarity|severe_name_mismatch,P3,2008,TWSE,XTAI,高興昌鋼鐵股份有限公司,Kao Hsing Chang Iron & Steel Corporation,Common Stock,0.0,deepseek_classify_rename_vs_different_security,pending_deepseek_review,TWSE::2008,TWSE,later_global_review
low_name_similarity|severe_name_mismatch,P3,2009,TWSE,XTAI,第一伸銅科技股份有限公司,First Copper Technology Co.,Common Stock,0.0,deepseek_classify_rename_vs_different_security,pending_deepseek_review,TWSE::2009,TWSE,later_global_review
low_name_similarity|severe_name_mismatch,P3,2010,TWSE,XTAI,春源鋼鐵工業股份有限公司,Chun Yuan Steel Industry Co. Ltd.,Common Stock,0.0,deepseek_classify_rename_vs_different_security,pending_deepseek_review,TWSE::2010,TWSE,later_global_review
low_name_similarity|severe_name_mismatch,P3,2012,TWSE,XTAI,春雨工廠股份有限公司,Chun Yu Works & Company Ltd.,Common Stock,0.0,deepseek_classify_rename_vs_different_security,pending_deepseek_review,TWSE::2012,TWSE,later_global_review
low_name_similarity|severe_name_mismatch,P3,2013,TWSE,XTAI,中國鋼鐵結構股份有限公司,"China Steel Structure Co., Ltd.",Common Stock,0.0,deepseek_classify_rename_vs_different_security,pending_deepseek_review,TWSE::2013,TWSE,later_global_review
low_name_similarity|severe_name_mismatch,P3,2014,TWSE,XTAI,中鴻鋼鐵股份有限公司,Chung Hung Steel Corp.,Common Stock,0.0,deepseek_classify_rename_vs_different_security,pending_deepseek_review,TWSE::2014,TWSE,later_global_review
low_name_similarity|severe_name_mismatch,P3,2015,TWSE,XTAI,豐興鋼鐵股份有限公司,"Feng Hsin Steel Co., Ltd.",Common Stock,0.0,deepseek_classify_rename_vs_different_security,pending_deepseek_review,TWSE::2015,TWSE,later_global_review
low_name_similarity|severe_name_mismatch,P3,2017,TWSE,XTAI,官田鋼鐵股份有限公司,"Quintain Steel Co., Ltd.",Common Stock,0.0,deepseek_classify_rename_vs_different_security,pending_deepseek_review,TWSE::2017,TWSE,later_global_review
low_name_similarity|severe_name_mismatch,P3,2022,TWSE,XTAI,聚亨企業股份有限公司,"Tycoons Group Enterprise Co., Ltd.",Common Stock,0.0,deepseek_classify_rename_vs_different_security,pending_deepseek_review,TWSE::2022,TWSE,later_global_review
low_name_similarity|severe_name_mismatch,P3,2023,TWSE,XTAI,燁輝企業股份有限公司,"Yieh Phui Enterprise Co., Ltd.",Common Stock,0.0,deepseek_classify_rename_vs_different_security,pending_deepseek_review,TWSE::2023,TWSE,later_global_review
low_name_similarity|severe_name_mismatch,P3,2024,TWSE,XTAI,志聯工業股份有限公司,Chih Lien Industrial Co. Ltd.,Common Stock,0.0,deepseek_classify_rename_vs_different_security,pending_deepseek_review,TWSE::2024,TWSE,later_global_review
low_name_similarity|severe_name_mismatch,P3,2025,TWSE,XTAI,千興不銹鋼(股)公司,Chien Shing Stainless Steel Co. Ltd.,Common Stock,0.0,deepseek_classify_rename_vs_different_security,pending_deepseek_review,TWSE::2025,TWSE,later_global_review
low_name_similarity|severe_name_mismatch,P3,2027,TWSE,XTAI,大成不銹鋼工業股份有限公司,"Ta Chen Stainless Pipe Co., Ltd.",Common Stock,0.0,deepseek_classify_rename_vs_different_security,pending_deepseek_review,TWSE::2027,TWSE,later_global_review
low_name_similarity|severe_name_mismatch,P3,2028,TWSE,XTAI,威致鋼鐵工業股份有限公司,"Wei Chih Steel Industrial Co., Ltd.",Common Stock,0.0,deepseek_classify_rename_vs_different_security,pending_deepseek_review,TWSE::2028,TWSE,later_global_review
low_name_similarity|severe_name_mismatch,P3,2029,TWSE,XTAI,盛餘股份有限公司,"Sheng Yu Steel Co., Ltd.",Common Stock,0.0,deepseek_classify_rename_vs_different_security,pending_deepseek_review,TWSE::2029,TWSE,later_global_review
low_name_similarity|severe_name_mismatch,P3,2030,TWSE,XTAI,彰源企業股份有限公司,Froch Enterprise Co. Ltd.,Common Stock,0.0,deepseek_classify_rename_vs_different_security,pending_deepseek_review,TWSE::2030,TWSE,later_global_review
low_name_similarity|severe_name_mismatch,P3,2031,TWSE,XTAI,新光鋼鐵股份有限公司,"Hsin Kuang Steel Co., Ltd.",Common Stock,0.0,deepseek_classify_rename_vs_different_security,pending_deepseek_review,TWSE::2031,TWSE,later_global_review
low_name_similarity|severe_name_mismatch,P3,2032,TWSE,XTAI,新鋼工業股份有限公司,"Sinkang Industries Co., Ltd.",Common Stock,0.0,deepseek_classify_rename_vs_different_security,pending_deepseek_review,TWSE::2032,TWSE,later_global_review
low_name_similarity|severe_name_mismatch,P3,2033,TWSE,XTAI,佳大世界股份有限公司,"Chia Ta World Co., Ltd.",Common Stock,0.0,deepseek_classify_rename_vs_different_security,pending_deepseek_review,TWSE::2033,TWSE,later_global_review
low_name_similarity|severe_name_mismatch,P3,2034,TWSE,XTAI,允強實業股份有限公司,"YC Inox Co., Ltd.",Common Stock,0.0,deepseek_classify_rename_vs_different_security,pending_deepseek_review,TWSE::2034,TWSE,later_global_review
low_name_similarity|severe_name_mismatch,P3,2049,TWSE,XTAI,上銀科技股份有限公司,Hiwin Technologies Corp.,Common Stock,0.0,deepseek_classify_rename_vs_different_security,pending_deepseek_review,TWSE::2049,TWSE,later_global_review
low_name_similarity|severe_name_mismatch,P3,2059,TWSE,XTAI,川湖科技股份有限公司,"King Slide Works Co., Ltd.",Common Stock,0.0,deepseek_classify_rename_vs_different_security,pending_deepseek_review,TWSE::2059,TWSE,later_global_review
low_name_similarity|severe_name_mismatch,P3,2062,TWSE,XTAI,橋椿金屬股份有限公司,Sunspring Metal Corp.,Common Stock,0.0,deepseek_classify_rename_vs_different_security,pending_deepseek_review,TWSE::2062,TWSE,later_global_review
low_name_similarity|severe_name_mismatch,P3,2069,TWSE,XTAI,運錩鋼鐵股份有限公司,Yuen Chang Stainless Steel Co. Ltd.,Common Stock,0.0,deepseek_classify_rename_vs_different_security,pending_deepseek_review,TWSE::2069,TWSE,later_global_review
low_name_similarity|severe_name_mismatch,P3,2101,TWSE,XTAI,南港輪胎股份有限公司,"Nan Kang Rubber Tire Co., Ltd.",Common Stock,0.0,deepseek_classify_rename_vs_different_security,pending_deepseek_review,TWSE::2101,TWSE,later_global_review
low_name_similarity|severe_name_mismatch,P3,2102,TWSE,XTAI,泰豐輪胎股份有限公司,Federal Corporation,Common Stock,0.0,deepseek_classify_rename_vs_different_security,pending_deepseek_review,TWSE::2102,TWSE,later_global_review
low_name_similarity|severe_name_mismatch,P3,2103,TWSE,XTAI,台橡股份有限公司,TSRC Corporation,Common Stock,0.0,deepseek_classify_rename_vs_different_security,pending_deepseek_review,TWSE::2103,TWSE,later_global_review
low_name_similarity|severe_name_mismatch,P3,2104,TWSE,XTAI,國際中橡投資控股股份有限公司,"International CSRC Investment Holdings Co., Ltd.",Common Stock,0.0,deepseek_classify_rename_vs_different_security,pending_deepseek_review,TWSE::2104,TWSE,later_global_review
low_name_similarity|severe_name_mismatch,P3,2105,TWSE,XTAI,正新橡膠工業股份有限公司,"Cheng Shin Rubber Industry Co., Ltd.",Common Stock,0.0,deepseek_classify_rename_vs_different_security,pending_deepseek_review,TWSE::2105,TWSE,later_global_review
low_name_similarity|severe_name_mismatch,P3,2106,TWSE,XTAI,建大工業股份有限公司,"Kenda Rubber Industrial Co., Ltd.",Common Stock,0.0,deepseek_classify_rename_vs_different_security,pending_deepseek_review,TWSE::2106,TWSE,later_global_review
low_name_similarity|severe_name_mismatch,P3,2107,TWSE,XTAI,厚生股份有限公司,Formosan Rubber Group Inc.,Common Stock,0.0,deepseek_classify_rename_vs_different_security,pending_deepseek_review,TWSE::2107,TWSE,later_global_review
low_name_similarity|severe_name_mismatch,P3,2108,TWSE,XTAI,南帝化學工業股份有限公司,"Nantex Industry Co., Ltd.",Common Stock,0.0,deepseek_classify_rename_vs_different_security,pending_deepseek_review,TWSE::2108,TWSE,later_global_review
low_name_similarity|severe_name_mismatch,P3,2109,TWSE,XTAI,華豐橡膠工業股份有限公司,"Hwa Fong Rubber Co., Ltd.",Common Stock,0.0,deepseek_classify_rename_vs_different_security,pending_deepseek_review,TWSE::2109,TWSE,later_global_review
low_name_similarity|severe_name_mismatch,P3,2114,TWSE,XTAI,鑫永銓股份有限公司,"Hsin Yung Chien Co., Ltd.",Common Stock,0.0,deepseek_classify_rename_vs_different_security,pending_deepseek_review,TWSE::2114,TWSE,later_global_review
low_name_similarity|severe_name_mismatch,P3,2201,TWSE,XTAI,裕隆汽車製造股份有限公司,"Yulon Motor Co., Ltd.",Common Stock,0.0,deepseek_classify_rename_vs_different_security,pending_deepseek_review,TWSE::2201,TWSE,later_global_review
low_name_similarity|severe_name_mismatch,P3,2204,TWSE,XTAI,中華汽車工業股份有限公司,China Motor Corporation,Common Stock,0.0,deepseek_classify_rename_vs_different_security,pending_deepseek_review,TWSE::2204,TWSE,later_global_review
low_name_similarity|severe_name_mismatch,P3,2206,TWSE,XTAI,三陽工業股份有限公司,"Sanyang Motor Co., Ltd.",Common Stock,0.0,deepseek_classify_rename_vs_different_security,pending_deepseek_review,TWSE::2206,TWSE,later_global_review
low_name_similarity|severe_name_mismatch,P3,2207,TWSE,XTAI,和泰汽車股份有限公司,Hotai Motor Company Ltd.,Common Stock,0.0,deepseek_classify_rename_vs_different_security,pending_deepseek_review,TWSE::2207,TWSE,later_global_review
low_name_similarity|severe_name_mismatch,P3,2208,TWSE,XTAI,台灣國際造船股份有限公司,CSBC Corp. Taiwan,Common Stock,0.0,deepseek_classify_rename_vs_different_security,pending_deepseek_review,TWSE::2208,TWSE,later_global_review
low_name_similarity|severe_name_mismatch,P3,2211,TWSE,XTAI,長榮鋼鐵股份有限公司,Evergreen Steel Corporation,Common Stock,0.0,deepseek_classify_rename_vs_different_security,pending_deepseek_review,TWSE::2211,TWSE,later_global_review
low_name_similarity|severe_name_mismatch,P3,2227,TWSE,XTAI,裕隆日產汽車股份有限公司,"Yulon Nissan Motor Co., Ltd.",Common Stock,0.0,deepseek_classify_rename_vs_different_security,pending_deepseek_review,TWSE::2227,TWSE,later_global_review
low_name_similarity|severe_name_mismatch,P3,2228,TWSE,XTAI,劍麟股份有限公司,"Iron Force Industrial Co., Ltd.",Common Stock,0.0,deepseek_classify_rename_vs_different_security,pending_deepseek_review,TWSE::2228,TWSE,later_global_review
low_name_similarity|severe_name_mismatch,P3,2231,TWSE,XTAI,為升電裝工業股份有限公司,Cub Elecparts Inc.,Common Stock,0.0,deepseek_classify_rename_vs_different_security,pending_deepseek_review,TWSE::2231,TWSE,later_global_review
low_name_similarity|severe_name_mismatch,P3,2233,TWSE,XTAI,宇隆科技股份有限公司,Turvo International Co. Ltd.,Common Stock,0.0,deepseek_classify_rename_vs_different_security,pending_deepseek_review,TWSE::2233,TWSE,later_global_review
low_name_similarity|severe_name_mismatch,P3,2241,TWSE,XTAI,艾姆勒科技股份有限公司,Amulaire Thermal Technology Inc.,Common Stock,0.0,deepseek_classify_rename_vs_different_security,pending_deepseek_review,TWSE::2241,TWSE,later_global_review
low_name_similarity|severe_name_mismatch,P3,2247,TWSE,XTAI,汎德永業汽車股份有限公司,Pan German Universal Motors,Common Stock,0.0,deepseek_classify_rename_vs_different_security,pending_deepseek_review,TWSE::2247,TWSE,later_global_review
low_name_similarity|severe_name_mismatch,P3,2258,TWSE,XTAI,鴻華先進科技股份有限公司,"Foxtron Vehicle Technologies Co., Ltd.",Common Stock,0.0,deepseek_classify_rename_vs_different_security,pending_deepseek_review,TWSE::2258,TWSE,later_global_review
low_name_similarity|severe_name_mismatch,P3,2301,TWSE,XTAI,光寶科技股份有限公司,Lite-On Technology Corporation,Common Stock,0.0,deepseek_classify_rename_vs_different_security,pending_deepseek_review,TWSE::2301,TWSE,later_global_review
low_name_similarity|severe_name_mismatch,P3,2302,TWSE,XTAI,麗正國際科技股份有限公司,Rectron Ltd.,Common Stock,0.0,deepseek_classify_rename_vs_different_security,pending_deepseek_review,TWSE::2302,TWSE,later_global_review
low_name_similarity|severe_name_mismatch,P3,2303,TWSE,XTAI,聯華電子股份有限公司,United Microelectronics Corporation,Common Stock,0.0,deepseek_classify_rename_vs_different_security,pending_deepseek_review,TWSE::2303,TWSE,later_global_review
low_name_similarity|severe_name_mismatch,P3,2308,TWSE,XTAI,台達電子工業股份有限公司,Delta Electronics Inc.,Common Stock,0.0,deepseek_classify_rename_vs_different_security,pending_deepseek_review,TWSE::2308,TWSE,later_global_review
low_name_similarity|severe_name_mismatch,P3,2312,TWSE,XTAI,金寶電子工業股份有限公司,"Kinpo Electronics, Inc.",Common Stock,0.0,deepseek_classify_rename_vs_different_security,pending_deepseek_review,TWSE::2312,TWSE,later_global_review
low_name_similarity|severe_name_mismatch,P3,2313,TWSE,XTAI,華通電腦股份有限公司,Compeq Manufacturing Co. Ltd.,Common Stock,0.0,deepseek_classify_rename_vs_different_security,pending_deepseek_review,TWSE::2313,TWSE,later_global_review
low_name_similarity|severe_name_mismatch,P3,2314,TWSE,XTAI,台揚科技股份有限公司,Microelectronics Technology Inc.,Common Stock,0.0,deepseek_classify_rename_vs_different_security,pending_deepseek_review,TWSE::2314,TWSE,later_global_review
low_name_similarity|severe_name_mismatch,P3,2316,TWSE,XTAI,楠梓電子股份有限公司,Wus Printed Circuit Co. Ltd.,Common Stock,0.0,deepseek_classify_rename_vs_different_security,pending_deepseek_review,TWSE::2316,TWSE,later_global_review
low_name_similarity|severe_name_mismatch,P3,2317,TWSE,XTAI,鴻海精密工業股份有限公司,"Hon Hai Precision Industry Co., Ltd.",Common Stock,0.0,deepseek_classify_rename_vs_different_security,pending_deepseek_review,TWSE::2317,TWSE,later_global_review
low_name_similarity|severe_name_mismatch,P3,2321,TWSE,XTAI,東訊股份有限公司,"Tecom Co., Ltd.",Common Stock,0.0,deepseek_classify_rename_vs_different_security,pending_deepseek_review,TWSE::2321,TWSE,later_global_review
low_name_similarity|severe_name_mismatch,P3,2323,TWSE,XTAI,中環股份有限公司,Cmc Magnetics Corporation,Common Stock,0.0,deepseek_classify_rename_vs_different_security,pending_deepseek_review,TWSE::2323,TWSE,later_global_review
low_name_similarity|severe_name_mismatch,P3,2324,TWSE,XTAI,仁寶電腦工業股份有限公司,Compal Electronics Inc.,Common Stock,0.0,deepseek_classify_rename_vs_different_security,pending_deepseek_review,TWSE::2324,TWSE,later_global_review
low_name_similarity|severe_name_mismatch,P3,2327,TWSE,XTAI,國巨股份有限公司,Yageo Corporation,Common Stock,0.0,deepseek_classify_rename_vs_different_security,pending_deepseek_review,TWSE::2327,TWSE,later_global_review
low_name_similarity|severe_name_mismatch,P3,2328,TWSE,XTAI,廣宇科技股份有限公司,"Pan-International Industrial Co., Ltd.",Common Stock,0.0,deepseek_classify_rename_vs_different_security,pending_deepseek_review,TWSE::2328,TWSE,later_global_review
low_name_similarity|severe_name_mismatch,P3,2329,TWSE,XTAI,華泰電子股份有限公司,Orient Semiconductor Electronics Ltd.,Common Stock,0.0,deepseek_classify_rename_vs_different_security,pending_deepseek_review,TWSE::2329,TWSE,later_global_review
low_name_similarity|severe_name_mismatch,P3,2330,TWSE,XTAI,台灣積體電路製造股份有限公司,Taiwan Semiconductor Manufacturing Company Limited,Common Stock,0.0,deepseek_classify_rename_vs_different_security,pending_deepseek_review,TWSE::2330,TWSE,later_global_review
low_name_similarity|severe_name_mismatch,P3,2331,TWSE,XTAI,精英電腦股份有限公司,"Elitegroup Computer Systems Co., Ltd.",Common Stock,0.0,deepseek_classify_rename_vs_different_security,pending_deepseek_review,TWSE::2331,TWSE,later_global_review
low_name_similarity|severe_name_mismatch,P3,2332,TWSE,XTAI,友訊科技股份有限公司,D-Link Corporation,Common Stock,0.0,deepseek_classify_rename_vs_different_security,pending_deepseek_review,TWSE::2332,TWSE,later_global_review
low_name_similarity|severe_name_mismatch,P3,2337,TWSE,XTAI,旺宏電子股份有限公司,"Macronix International Co., Ltd.",Common Stock,0.0,deepseek_classify_rename_vs_different_security,pending_deepseek_review,TWSE::2337,TWSE,later_global_review
low_name_similarity|severe_name_mismatch,P3,2338,TWSE,XTAI,台灣光罩股份有限公司,Taiwan Mask Corporation,Common Stock,0.0,deepseek_classify_rename_vs_different_security,pending_deepseek_review,TWSE::2338,TWSE,later_global_review
low_name_similarity|severe_name_mismatch,P3,2340,TWSE,XTAI,台亞半導體股份有限公司,Taiwan-Asia Semiconductor Co. Ltd.,Common Stock,0.0,deepseek_classify_rename_vs_different_security,pending_deepseek_review,TWSE::2340,TWSE,later_global_review
low_name_similarity|severe_name_mismatch,P3,2342,TWSE,XTAI,台灣茂矽電子股份有限公司,Mosel Vitelic Inc.,Common Stock,0.0,deepseek_classify_rename_vs_different_security,pending_deepseek_review,TWSE::2342,TWSE,later_global_review
low_name_similarity|severe_name_mismatch,P3,2344,TWSE,XTAI,華邦電子股份有限公司,Winbond Electronics Corp.,Common Stock,0.0,deepseek_classify_rename_vs_different_security,pending_deepseek_review,TWSE::2344,TWSE,later_global_review
low_name_similarity|severe_name_mismatch,P3,2345,TWSE,XTAI,智邦科技股份有限公司,Accton Technology Corp.,Common Stock,0.0,deepseek_classify_rename_vs_different_security,pending_deepseek_review,TWSE::2345,TWSE,later_global_review
low_name_similarity|severe_name_mismatch,P3,2347,TWSE,XTAI,聯強國際股份有限公司,Synnex Technology International Corp.,Common Stock,0.0,deepseek_classify_rename_vs_different_security,pending_deepseek_review,TWSE::2347,TWSE,later_global_review
low_name_similarity|severe_name_mismatch,P3,2348,TWSE,XTAI,海悅國際開發股份有限公司,Hiyes International Co. Ltd.,Common Stock,0.0,deepseek_classify_rename_vs_different_security,pending_deepseek_review,TWSE::2348,TWSE,later_global_review
low_name_similarity|severe_name_mismatch,P3,2349,TWSE,XTAI,錸德科技股份有限公司,Ritek Corporation,Common Stock,0.0,deepseek_classify_rename_vs_different_security,pending_deepseek_review,TWSE::2349,TWSE,later_global_review
low_name_similarity|severe_name_mismatch,P3,2351,TWSE,XTAI,順德工業股份有限公司,Sdi Corporation,Common Stock,0.0,deepseek_classify_rename_vs_different_security,pending_deepseek_review,TWSE::2351,TWSE,later_global_review
low_name_similarity|severe_name_mismatch,P3,2352,TWSE,XTAI,佳世達科技股份有限公司,Qisda Corporation,Common Stock,0.0,deepseek_classify_rename_vs_different_security,pending_deepseek_review,TWSE::2352,TWSE,later_global_review
low_name_similarity|severe_name_mismatch,P3,2353,TWSE,XTAI,宏碁股份有限公司,Acer Inc.,Common Stock,0.0,deepseek_classify_rename_vs_different_security,pending_deepseek_review,TWSE::2353,TWSE,later_global_review
low_name_similarity|severe_name_mismatch,P3,2354,TWSE,XTAI,鴻準精密工業股份有限公司,"Foxconn Technology Co., Ltd.",Common Stock,0.0,deepseek_classify_rename_vs_different_security,pending_deepseek_review,TWSE::2354,TWSE,later_global_review
low_name_similarity|severe_name_mismatch,P3,2355,TWSE,XTAI,敬鵬工業股份有限公司,Chin-Poon Industrial Co. Ltd.,Common Stock,0.0,deepseek_classify_rename_vs_different_security,pending_deepseek_review,TWSE::2355,TWSE,later_global_review
low_name_similarity|severe_name_mismatch,P3,2356,TWSE,XTAI,英業達股份有限公司,Inventec Corporation,Common Stock,0.0,deepseek_classify_rename_vs_different_security,pending_deepseek_review,TWSE::2356,TWSE,later_global_review
low_name_similarity|severe_name_mismatch,P3,2357,TWSE,XTAI,華碩電腦股份有限公司,Asustek Computer Inc.,Common Stock,0.0,deepseek_classify_rename_vs_different_security,pending_deepseek_review,TWSE::2357,TWSE,later_global_review
low_name_similarity|severe_name_mismatch,P3,2359,TWSE,XTAI,所羅門股份有限公司,Solomon Technology Corporation,Common Stock,0.0,deepseek_classify_rename_vs_different_security,pending_deepseek_review,TWSE::2359,TWSE,later_global_review
low_name_similarity|severe_name_mismatch,P3,2360,TWSE,XTAI,致茂電子股份有限公司,Chroma ATE Inc.,Common Stock,0.0,deepseek_classify_rename_vs_different_security,pending_deepseek_review,TWSE::2360,TWSE,later_global_review
low_name_similarity|severe_name_mismatch,P3,2362,TWSE,XTAI,藍天電腦股份有限公司,Clevo Co.,Common Stock,0.0,deepseek_classify_rename_vs_different_security,pending_deepseek_review,TWSE::2362,TWSE,later_global_review
low_name_similarity|severe_name_mismatch,P3,2363,TWSE,XTAI,矽統科技股份有限公司,Silicon Integrated Systems Corp.,Common Stock,0.0,deepseek_classify_rename_vs_different_security,pending_deepseek_review,TWSE::2363,TWSE,later_global_review
low_name_similarity|severe_name_mismatch,P3,2364,TWSE,XTAI,倫飛電腦實業股份有限公司,Twinhead International Corporation,Common Stock,0.0,deepseek_classify_rename_vs_different_security,pending_deepseek_review,TWSE::2364,TWSE,later_global_review
low_name_similarity|severe_name_mismatch,P3,2365,TWSE,XTAI,昆盈企業股份有限公司,KYE Systems Corp,Common Stock,0.0,deepseek_classify_rename_vs_different_security,pending_deepseek_review,TWSE::2365,TWSE,later_global_review
low_name_similarity|severe_name_mismatch,P3,2367,TWSE,XTAI,燿華電子股份有限公司,Unitech Printed Circuit Board Corp.,Common Stock,0.0,deepseek_classify_rename_vs_different_security,pending_deepseek_review,TWSE::2367,TWSE,later_global_review
low_name_similarity|severe_name_mismatch,P3,2368,TWSE,XTAI,金像電子(股)公司,Gold Circuit Electronics Ltd.,Common Stock,0.0,deepseek_classify_rename_vs_different_security,pending_deepseek_review,TWSE::2368,TWSE,later_global_review
low_name_similarity|severe_name_mismatch,P3,2369,TWSE,XTAI,菱生精密工業股份有限公司,Lingsen Precision Industries Ltd.,Common Stock,0.0,deepseek_classify_rename_vs_different_security,pending_deepseek_review,TWSE::2369,TWSE,later_global_review
low_name_similarity|severe_name_mismatch,P3,2371,TWSE,XTAI,大同股份有限公司,"Tatung Co., Ltd.",Common Stock,0.0,deepseek_classify_rename_vs_different_security,pending_deepseek_review,TWSE::2371,TWSE,later_global_review
low_name_similarity|severe_name_mismatch,P3,2373,TWSE,XTAI,震旦行股份有限公司,Aurora Corporation,Common Stock,0.0,deepseek_classify_rename_vs_different_security,pending_deepseek_review,TWSE::2373,TWSE,later_global_review
low_name_similarity|severe_name_mismatch,P3,2374,TWSE,XTAI,佳能企業股份有限公司,"Ability Enterprise Co., Ltd.",Common Stock,0.0,deepseek_classify_rename_vs_different_security,pending_deepseek_review,TWSE::2374,TWSE,later_global_review
low_name_similarity|severe_name_mismatch,P3,2375,TWSE,XTAI,凱美電機股份有限公司,Kaimei Electronic Corp.,Common Stock,0.0,deepseek_classify_rename_vs_different_security,pending_deepseek_review,TWSE::2375,TWSE,later_global_review
low_name_similarity|severe_name_mismatch,P3,2376,TWSE,XTAI,技嘉科技股份有限公司,"Gigabyte Technology Co., Ltd.",Common Stock,0.0,deepseek_classify_rename_vs_different_security,pending_deepseek_review,TWSE::2376,TWSE,later_global_review
low_name_similarity|severe_name_mismatch,P3,2377,TWSE,XTAI,微星科技股份有限公司,"Micro-Star International Co., Ltd.",Common Stock,0.0,deepseek_classify_rename_vs_different_security,pending_deepseek_review,TWSE::2377,TWSE,later_global_review
low_name_similarity|severe_name_mismatch,P3,2379,TWSE,XTAI,瑞昱半導體股份有限公司,Realtek Semiconductor Corp.,Common Stock,0.0,deepseek_classify_rename_vs_different_security,pending_deepseek_review,TWSE::2379,TWSE,later_global_review
low_name_similarity|severe_name_mismatch,P3,2380,TWSE,XTAI,虹光精密工業股份有限公司,Avision Inc.,Common Stock,0.0,deepseek_classify_rename_vs_different_security,pending_deepseek_review,TWSE::2380,TWSE,later_global_review
low_name_similarity|severe_name_mismatch,P3,2382,TWSE,XTAI,廣達電腦股份有限公司,Quanta Computer Inc.,Common Stock,0.0,deepseek_classify_rename_vs_different_security,pending_deepseek_review,TWSE::2382,TWSE,later_global_review
low_name_similarity|severe_name_mismatch,P3,2383,TWSE,XTAI,台光電子材料股份有限公司,"Elite Material Co., Ltd.",Common Stock,0.0,deepseek_classify_rename_vs_different_security,pending_deepseek_review,TWSE::2383,TWSE,later_global_review
low_name_similarity|severe_name_mismatch,P3,2385,TWSE,XTAI,群光電子股份有限公司,"Chicony Electronics Co., Ltd.",Common Stock,0.0,deepseek_classify_rename_vs_different_security,pending_deepseek_review,TWSE::2385,TWSE,later_global_review
low_name_similarity|severe_name_mismatch,P3,2387,TWSE,XTAI,精元電腦股份有限公司,Sunrex Technology Corp.,Common Stock,0.0,deepseek_classify_rename_vs_different_security,pending_deepseek_review,TWSE::2387,TWSE,later_global_review
low_name_similarity|severe_name_mismatch,P3,2388,TWSE,XTAI,威盛電子股份有限公司,Via Technologies Inc.,Common Stock,0.0,deepseek_classify_rename_vs_different_security,pending_deepseek_review,TWSE::2388,TWSE,later_global_review
low_name_similarity|severe_name_mismatch,P3,2390,TWSE,XTAI,云辰電子開發股份有限公司,Everspring Industry Co. Ltd.,Common Stock,0.0,deepseek_classify_rename_vs_different_security,pending_deepseek_review,TWSE::2390,TWSE,later_global_review
low_name_similarity|severe_name_mismatch,P3,2392,TWSE,XTAI,正崴精密工業股份有限公司,Cheng Uei Precision Industry Co. Ltd.,Common Stock,0.0,deepseek_classify_rename_vs_different_security,pending_deepseek_review,TWSE::2392,TWSE,later_global_review
low_name_similarity|severe_name_mismatch,P3,2393,TWSE,XTAI,億光電子工業股份有限公司,"Everlight Electronics Co., Ltd.",Common Stock,0.0,deepseek_classify_rename_vs_different_security,pending_deepseek_review,TWSE::2393,TWSE,later_global_review
low_name_similarity|severe_name_mismatch,P3,2395,TWSE,XTAI,研華股份有限公司,"Advantech Co., Ltd.",Common Stock,0.0,deepseek_classify_rename_vs_different_security,pending_deepseek_review,TWSE::2395,TWSE,later_global_review
low_name_similarity|severe_name_mismatch,P3,2397,TWSE,XTAI,友通資訊股份有限公司,Dfi Inc.,Common Stock,0.0,deepseek_classify_rename_vs_different_security,pending_deepseek_review,TWSE::2397,TWSE,later_global_review
low_name_similarity|severe_name_mismatch,P3,2399,TWSE,XTAI,映泰股份有限公司,Biostar Microtech International Corp.,Common Stock,0.0,deepseek_classify_rename_vs_different_security,pending_deepseek_review,TWSE::2399,TWSE,later_global_review
low_name_similarity|severe_name_mismatch,P3,2401,TWSE,XTAI,凌陽科技股份有限公司,"Sunplus Technology Co., Ltd.",Common Stock,0.0,deepseek_classify_rename_vs_different_security,pending_deepseek_review,TWSE::2401,TWSE,later_global_review
low_name_similarity|severe_name_mismatch,P3,2402,TWSE,XTAI,毅嘉科技股份有限公司,Ichia Technologies Inc.,Common Stock,0.0,deepseek_classify_rename_vs_different_security,pending_deepseek_review,TWSE::2402,TWSE,later_global_review
low_name_similarity|severe_name_mismatch,P3,2404,TWSE,XTAI,漢唐集成股份有限公司,United Integrated Services Co. Ltd.,Common Stock,0.0,deepseek_classify_rename_vs_different_security,pending_deepseek_review,TWSE::2404,TWSE,later_global_review
low_name_similarity|severe_name_mismatch,P3,2405,TWSE,XTAI,輔信科技股份有限公司,Shuttle Inc.,Common Stock,0.0,deepseek_classify_rename_vs_different_security,pending_deepseek_review,TWSE::2405,TWSE,later_global_review
low_name_similarity|severe_name_mismatch,P3,2406,TWSE,XTAI,國碩科技工業股份有限公司,Gigastorage Corporation,Common Stock,0.0,deepseek_classify_rename_vs_different_security,pending_deepseek_review,TWSE::2406,TWSE,later_global_review
low_name_similarity|severe_name_mismatch,P3,2408,TWSE,XTAI,南亞科技股份有限公司,Nanya Technology Corp.,Common Stock,0.0,deepseek_classify_rename_vs_different_security,pending_deepseek_review,TWSE::2408,TWSE,later_global_review
low_name_similarity|severe_name_mismatch,P3,2409,TWSE,XTAI,友達光電股份有限公司,AU Optronics Corp.,Common Stock,0.0,deepseek_classify_rename_vs_different_security,pending_deepseek_review,TWSE::2409,TWSE,later_global_review
low_name_similarity|severe_name_mismatch,P3,2412,TWSE,XTAI,中華電信股份有限公司,"Chunghwa Telecom Co., Ltd.",Common Stock,0.0,deepseek_classify_rename_vs_different_security,pending_deepseek_review,TWSE::2412,TWSE,later_global_review
low_name_similarity|severe_name_mismatch,P3,2413,TWSE,XTAI,環隆科技股份有限公司,"Universal Microelectronics Co., Ltd.",Common Stock,0.0,deepseek_classify_rename_vs_different_security,pending_deepseek_review,TWSE::2413,TWSE,later_global_review
low_name_similarity|severe_name_mismatch,P3,2414,TWSE,XTAI,精技電腦股份有限公司,"Unitech Computer Co., Ltd.",Common Stock,0.0,deepseek_classify_rename_vs_different_security,pending_deepseek_review,TWSE::2414,TWSE,later_global_review
low_name_similarity|severe_name_mismatch,P3,2415,TWSE,XTAI,錩新科技股份有限公司,Cx Technology Corporation,Common Stock,0.0,deepseek_classify_rename_vs_different_security,pending_deepseek_review,TWSE::2415,TWSE,later_global_review
low_name_similarity|severe_name_mismatch,P3,2417,TWSE,XTAI,圓剛科技股份有限公司,Avermedia Technologies Inc.,Common Stock,0.0,deepseek_classify_rename_vs_different_security,pending_deepseek_review,TWSE::2417,TWSE,later_global_review
low_name_similarity|severe_name_mismatch,P3,2419,TWSE,XTAI,仲琦科技股份有限公司,Hitron Technology Inc.,Common Stock,0.0,deepseek_classify_rename_vs_different_security,pending_deepseek_review,TWSE::2419,TWSE,later_global_review
low_name_similarity|severe_name_mismatch,P3,2420,TWSE,XTAI,新巨企業股份有限公司,Zippy Technology Corp.,Common Stock,0.0,deepseek_classify_rename_vs_different_security,pending_deepseek_review,TWSE::2420,TWSE,later_global_review
low_name_similarity|severe_name_mismatch,P3,2421,TWSE,XTAI,建準電機工業股份有限公司,Sunonwealth Electric Machine Industry Co. Ltd.,Common Stock,0.0,deepseek_classify_rename_vs_different_security,pending_deepseek_review,TWSE::2421,TWSE,later_global_review
low_name_similarity|severe_name_mismatch,P3,2423,TWSE,XTAI,固緯電子實業股份有限公司,"Good Will Instrument Co., Ltd.",Common Stock,0.0,deepseek_classify_rename_vs_different_security,pending_deepseek_review,TWSE::2423,TWSE,later_global_review
low_name_similarity|severe_name_mismatch,P3,2424,TWSE,XTAI,隴華電子股份有限公司,"Lung Hwa Electronics Co., Ltd.",Common Stock,0.0,deepseek_classify_rename_vs_different_security,pending_deepseek_review,TWSE::2424,TWSE,later_global_review
low_name_similarity|severe_name_mismatch,P3,2425,TWSE,XTAI,承啟科技股份有限公司,Chaintech Technology Corp.,Common Stock,0.0,deepseek_classify_rename_vs_different_security,pending_deepseek_review,TWSE::2425,TWSE,later_global_review
low_name_similarity|severe_name_mismatch,P3,2426,TWSE,XTAI,鼎元光電科技股份有限公司,Tyntek Corporation,Common Stock,0.0,deepseek_classify_rename_vs_different_security,pending_deepseek_review,TWSE::2426,TWSE,later_global_review
low_name_similarity|severe_name_mismatch,P3,2427,TWSE,XTAI,三商電腦股份有限公司,Mercuries Data Systems Ltd.,Common Stock,0.0,deepseek_classify_rename_vs_different_security,pending_deepseek_review,TWSE::2427,TWSE,later_global_review
low_name_similarity|severe_name_mismatch,P3,2428,TWSE,XTAI,興勤電子工業股份有限公司,"Thinking Electronic Industrial Co., Ltd.",Common Stock,0.0,deepseek_classify_rename_vs_different_security,pending_deepseek_review,TWSE::2428,TWSE,later_global_review
low_name_similarity|severe_name_mismatch,P3,2430,TWSE,XTAI,燦坤實業股份有限公司,"Tsann Kuen Enterprise Co., Ltd.",Common Stock,0.0,deepseek_classify_rename_vs_different_security,pending_deepseek_review,TWSE::2430,TWSE,later_global_review
low_name_similarity|severe_name_mismatch,P3,2431,TWSE,XTAI,聯昌電子企業股份有限公司,"Lien Chang Electronic Enterprise Co., Ltd.",Common Stock,0.0,deepseek_classify_rename_vs_different_security,pending_deepseek_review,TWSE::2431,TWSE,later_global_review
low_name_similarity|severe_name_mismatch,P3,2432,TWSE,XTAI,倚天酷碁股份有限公司,Acer Gadget Inc.,Common Stock,0.0,deepseek_classify_rename_vs_different_security,pending_deepseek_review,TWSE::2432,TWSE,later_global_review
low_name_similarity|severe_name_mismatch,P3,2433,TWSE,XTAI,互盛股份有限公司,Huxen Corp,Common Stock,0.0,deepseek_classify_rename_vs_different_security,pending_deepseek_review,TWSE::2433,TWSE,later_global_review
low_name_similarity|severe_name_mismatch,P3,2434,TWSE,XTAI,統懋半導體股份有限公司,Mospec Semiconductor Corp.,Common Stock,0.0,deepseek_classify_rename_vs_different_security,pending_deepseek_review,TWSE::2434,TWSE,later_global_review
low_name_similarity|severe_name_mismatch,P3,2436,TWSE,XTAI,偉詮電子股份有限公司,Weltrend Semiconductor Inc.,Common Stock,0.0,deepseek_classify_rename_vs_different_security,pending_deepseek_review,TWSE::2436,TWSE,later_global_review
low_name_similarity|severe_name_mismatch,P3,2438,TWSE,XTAI,翔耀實業股份有限公司,Enlight Corporation,Common Stock,0.0,deepseek_classify_rename_vs_different_security,pending_deepseek_review,TWSE::2438,TWSE,later_global_review
low_name_similarity|severe_name_mismatch,P3,2439,TWSE,XTAI,美律實業股份有限公司,"Merry Electronics Co., Ltd.",Common Stock,0.0,deepseek_classify_rename_vs_different_security,pending_deepseek_review,TWSE::2439,TWSE,later_global_review
low_name_similarity|severe_name_mismatch,P3,2440,TWSE,XTAI,太空梭高傳真資訊科技(股)公司,"Space Shuttle Hi-Tech Co., Ltd.",Common Stock,0.0,deepseek_classify_rename_vs_different_security,pending_deepseek_review,TWSE::2440,TWSE,later_global_review
low_name_similarity|severe_name_mismatch,P3,2441,TWSE,XTAI,超豐電子股份有限公司,Greatek Electronics Inc.,Common Stock,0.0,deepseek_classify_rename_vs_different_security,pending_deepseek_review,TWSE::2441,TWSE,later_global_review
low_name_similarity|severe_name_mismatch,P3,2442,TWSE,XTAI,新美齊股份有限公司,"Jean Co., Ltd.",Common Stock,0.0,deepseek_classify_rename_vs_different_security,pending_deepseek_review,TWSE::2442,TWSE,later_global_review
low_name_similarity|severe_name_mismatch,P3,2444,TWSE,XTAI,兆勁科技股份有限公司,Abocom Systems Inc.,Common Stock,0.0,deepseek_classify_rename_vs_different_security,pending_deepseek_review,TWSE::2444,TWSE,later_global_review
low_name_similarity|severe_name_mismatch,P3,2449,TWSE,XTAI,京元電子股份有限公司,"King Yuan Electronics Co., Ltd.",Common Stock,0.0,deepseek_classify_rename_vs_different_security,pending_deepseek_review,TWSE::2449,TWSE,later_global_review
low_name_similarity|severe_name_mismatch,P3,2450,TWSE,XTAI,神腦國際企業股份有限公司,"Senao International Co., Ltd.",Common Stock,0.0,deepseek_classify_rename_vs_different_security,pending_deepseek_review,TWSE::2450,TWSE,later_global_review
low_name_similarity|severe_name_mismatch,P3,2451,TWSE,XTAI,創見資訊股份有限公司,Transcend Information Inc.,Common Stock,0.0,deepseek_classify_rename_vs_different_security,pending_deepseek_review,TWSE::2451,TWSE,later_global_review
low_name_similarity|severe_name_mismatch,P3,2453,TWSE,XTAI,凌群電腦股份有限公司,Syscom Computer Engineering Inc.,Common Stock,0.0,deepseek_classify_rename_vs_different_security,pending_deepseek_review,TWSE::2453,TWSE,later_global_review
low_name_similarity|severe_name_mismatch,P3,2454,TWSE,XTAI,聯發科技股份有限公司,MediaTek Inc.,Common Stock,0.0,deepseek_classify_rename_vs_different_security,pending_deepseek_review,TWSE::2454,TWSE,later_global_review
low_name_similarity|severe_name_mismatch,P3,2455,TWSE,XTAI,全新光電科技股份有限公司,"Visual Photonics Epitaxy Co., Ltd.",Common Stock,0.0,deepseek_classify_rename_vs_different_security,pending_deepseek_review,TWSE::2455,TWSE,later_global_review
low_name_similarity|severe_name_mismatch,P3,2457,TWSE,XTAI,飛宏科技股份有限公司,Philips Technological Company Ltd.,Common Stock,0.0,deepseek_classify_rename_vs_different_security,pending_deepseek_review,TWSE::2457,TWSE,later_global_review
low_name_similarity|severe_name_mismatch,P3,2458,TWSE,XTAI,義隆電子股份有限公司,Elan Microelectronics Corporation,Common Stock,0.0,deepseek_classify_rename_vs_different_security,pending_deepseek_review,TWSE::2458,TWSE,later_global_review
low_name_similarity|severe_name_mismatch,P3,2459,TWSE,XTAI,敦吉科技股份有限公司,Audix Corporation,Common Stock,0.0,deepseek_classify_rename_vs_different_security,pending_deepseek_review,TWSE::2459,TWSE,later_global_review
low_name_similarity|severe_name_mismatch,P3,2460,TWSE,XTAI,建通精密工業股份有限公司,"Gem Terminal Industrial Co., Ltd.",Common Stock,0.0,deepseek_classify_rename_vs_different_security,pending_deepseek_review,TWSE::2460,TWSE,later_global_review
low_name_similarity|severe_name_mismatch,P3,2461,TWSE,XTAI,光群雷射科技股份有限公司,K Laser Technology Inc.,Common Stock,0.0,deepseek_classify_rename_vs_different_security,pending_deepseek_review,TWSE::2461,TWSE,later_global_review
low_name_similarity|severe_name_mismatch,P3,2462,TWSE,XTAI,台灣良得電子股份有限公司,"Taiwan Line Tek Electronic Co., Ltd.",Common Stock,0.0,deepseek_classify_rename_vs_different_security,pending_deepseek_review,TWSE::2462,TWSE,later_global_review
low_name_similarity|severe_name_mismatch,P3,2464,TWSE,XTAI,盟立自動化股份有限公司,Mirle Automation Corp.,Common Stock,0.0,deepseek_classify_rename_vs_different_security,pending_deepseek_review,TWSE::2464,TWSE,later_global_review
low_name_similarity|severe_name_mismatch,P3,2465,TWSE,XTAI,麗臺科技股份有限公司,Leadtek Research Inc.,Common Stock,0.0,deepseek_classify_rename_vs_different_security,pending_deepseek_review,TWSE::2465,TWSE,later_global_review
low_name_similarity|severe_name_mismatch,P3,2466,TWSE,XTAI,冠西電子企業股份有限公司,Cosmo Electronics Corporation,Common Stock,0.0,deepseek_classify_rename_vs_different_security,pending_deepseek_review,TWSE::2466,TWSE,later_global_review
low_name_similarity|severe_name_mismatch,P3,2467,TWSE,XTAI,志聖工業股份有限公司,C Sun Manufacturing Ltd.,Common Stock,0.0,deepseek_classify_rename_vs_different_security,pending_deepseek_review,TWSE::2467,TWSE,later_global_review
low_name_similarity|severe_name_mismatch,P3,2468,TWSE,XTAI,華經資訊企業股份有限公司,Fortune Information Systems Inc.,Common Stock,0.0,deepseek_classify_rename_vs_different_security,pending_deepseek_review,TWSE::2468,TWSE,later_global_review
low_name_similarity|severe_name_mismatch,P3,2471,TWSE,XTAI,資通電腦股份有限公司,Ares International Corp.,Common Stock,0.0,deepseek_classify_rename_vs_different_security,pending_deepseek_review,TWSE::2471,TWSE,later_global_review
low_name_similarity|severe_name_mismatch,P3,2472,TWSE,XTAI,立隆電子工業股份有限公司,Lelon Electronics Corporation,Common Stock,0.0,deepseek_classify_rename_vs_different_security,pending_deepseek_review,TWSE::2472,TWSE,later_global_review
low_name_similarity|severe_name_mismatch,P3,2474,TWSE,XTAI,可成科技股份有限公司,"Catcher Technology Co., Ltd.",Common Stock,0.0,deepseek_classify_rename_vs_different_security,pending_deepseek_review,TWSE::2474,TWSE,later_global_review
low_name_similarity|severe_name_mismatch,P3,2476,TWSE,XTAI,鉅祥企業股份有限公司,"G Shank Enterprise Co., Ltd.",Common Stock,0.0,deepseek_classify_rename_vs_different_security,pending_deepseek_review,TWSE::2476,TWSE,later_global_review
low_name_similarity|severe_name_mismatch,P3,2477,TWSE,XTAI,美隆工業股份有限公司,"Meiloon Industrial Co., Ltd.",Common Stock,0.0,deepseek_classify_rename_vs_different_security,pending_deepseek_review,TWSE::2477,TWSE,later_global_review
low_name_similarity|severe_name_mismatch,P3,2478,TWSE,XTAI,大毅科技股份有限公司,"Ta-I Technology Co., Ltd.",Common Stock,0.0,deepseek_classify_rename_vs_different_security,pending_deepseek_review,TWSE::2478,TWSE,later_global_review
low_name_similarity|severe_name_mismatch,P3,2480,TWSE,XTAI,敦陽科技股份有限公司,Stark Technology Inc.,Common Stock,0.0,deepseek_classify_rename_vs_different_security,pending_deepseek_review,TWSE::2480,TWSE,later_global_review
low_name_similarity|severe_name_mismatch,P3,2481,TWSE,XTAI,強茂股份有限公司,Pan Jit International Inc.,Common Stock,0.0,deepseek_classify_rename_vs_different_security,pending_deepseek_review,TWSE::2481,TWSE,later_global_review
low_name_similarity|severe_name_mismatch,P3,2482,TWSE,XTAI,連宇股份有限公司,Uniform Industrial Corp.,Common Stock,0.0,deepseek_classify_rename_vs_different_security,pending_deepseek_review,TWSE::2482,TWSE,later_global_review
low_name_similarity|severe_name_mismatch,P3,2483,TWSE,XTAI,百容電子股份有限公司,Excel Cell Electronic Co. Ltd.,Common Stock,0.0,deepseek_classify_rename_vs_different_security,pending_deepseek_review,TWSE::2483,TWSE,later_global_review
low_name_similarity|severe_name_mismatch,P3,2484,TWSE,XTAI,希華晶體科技股份有限公司,"Siward Crystal Technology Co., Ltd.",Common Stock,0.0,deepseek_classify_rename_vs_different_security,pending_deepseek_review,TWSE::2484,TWSE,later_global_review
low_name_similarity|severe_name_mismatch,P3,2485,TWSE,XTAI,兆赫電子股份有限公司,Zinwell Corporation,Common Stock,0.0,deepseek_classify_rename_vs_different_security,pending_deepseek_review,TWSE::2485,TWSE,later_global_review
low_name_similarity|severe_name_mismatch,P3,2486,TWSE,XTAI,一詮精密工業股份有限公司,I-Chiun Precision Industry Co. Ltd.,Common Stock,0.0,deepseek_classify_rename_vs_different_security,pending_deepseek_review,TWSE::2486,TWSE,later_global_review
low_name_similarity|severe_name_mismatch,P3,2489,TWSE,XTAI,瑞軒科技股份有限公司,"Amtran Technology Co., Ltd.",Common Stock,0.0,deepseek_classify_rename_vs_different_security,pending_deepseek_review,TWSE::2489,TWSE,later_global_review
low_name_similarity|severe_name_mismatch,P3,2491,TWSE,XTAI,吉祥全球實業股份有限公司,"Fortune Oriental Co., Ltd.",Common Stock,0.0,deepseek_classify_rename_vs_different_security,pending_deepseek_review,TWSE::2491,TWSE,later_global_review
low_name_similarity|severe_name_mismatch,P3,2492,TWSE,XTAI,華新科技股份有限公司,Walsin Technology Corp.,Common Stock,0.0,deepseek_classify_rename_vs_different_security,pending_deepseek_review,TWSE::2492,TWSE,later_global_review
low_name_similarity|severe_name_mismatch,P3,2493,TWSE,XTAI,揚博科技股份有限公司,"Ampoc Far-East Co., Ltd.",Common Stock,0.0,deepseek_classify_rename_vs_different_security,pending_deepseek_review,TWSE::2493,TWSE,later_global_review
low_name_similarity|severe_name_mismatch,P3,2495,TWSE,XTAI,普安科技股份有限公司,Infortrend Technology Inc.,Common Stock,0.0,deepseek_classify_rename_vs_different_security,pending_deepseek_review,TWSE::2495,TWSE,later_global_review
low_name_similarity|severe_name_mismatch,P3,2496,TWSE,XTAI,卓越成功股份有限公司,Success Prime Corp.,Common Stock,0.0,deepseek_classify_rename_vs_different_security,pending_deepseek_review,TWSE::2496,TWSE,later_global_review
low_name_similarity|severe_name_mismatch,P3,2497,TWSE,XTAI,怡利電子工業股份有限公司,E-Lead Electronic Co. Ltd.,Common Stock,0.0,deepseek_classify_rename_vs_different_security,pending_deepseek_review,TWSE::2497,TWSE,later_global_review
low_name_similarity|severe_name_mismatch,P3,2498,TWSE,XTAI,宏達國際電子股份有限公司,HTC Corporation,Common Stock,0.0,deepseek_classify_rename_vs_different_security,pending_deepseek_review,TWSE::2498,TWSE,later_global_review
low_name_similarity|severe_name_mismatch,P3,2501,TWSE,XTAI,國泰建設股份有限公司,"Cathay Real Estate Development Co., Ltd.",Common Stock,0.0,deepseek_classify_rename_vs_different_security,pending_deepseek_review,TWSE::2501,TWSE,later_global_review
low_name_similarity|severe_name_mismatch,P3,2504,TWSE,XTAI,國產建材實業股份有限公司,"Goldsun Building Materials Co., Ltd.",Common Stock,0.0,deepseek_classify_rename_vs_different_security,pending_deepseek_review,TWSE::2504,TWSE,later_global_review
low_name_similarity|severe_name_mismatch,P3,2505,TWSE,XTAI,國揚實業股份有限公司,Kuoyang Construction Co. Ltd.,Common Stock,0.0,deepseek_classify_rename_vs_different_security,pending_deepseek_review,TWSE::2505,TWSE,later_global_review
low_name_similarity|severe_name_mismatch,P3,2506,TWSE,XTAI,太平洋建設股份有限公司,"Pacific Construction Co., Ltd.",Common Stock,0.0,deepseek_classify_rename_vs_different_security,pending_deepseek_review,TWSE::2506,TWSE,later_global_review
low_name_similarity|severe_name_mismatch,P3,2509,TWSE,XTAI,全坤建設開發股份有限公司,"Chainqui Construction & Development Co., Ltd.",Common Stock,0.0,deepseek_classify_rename_vs_different_security,pending_deepseek_review,TWSE::2509,TWSE,later_global_review
low_name_similarity|severe_name_mismatch,P3,2511,TWSE,XTAI,太子建設開發股份有限公司,Prince Housing & Development Corp.,Common Stock,0.0,deepseek_classify_rename_vs_different_security,pending_deepseek_review,TWSE::2511,TWSE,later_global_review
low_name_similarity|severe_name_mismatch,P3,2514,TWSE,XTAI,龍邦國際興業股份有限公司,"Long Bon International Co., Ltd.",Common Stock,0.0,deepseek_classify_rename_vs_different_security,pending_deepseek_review,TWSE::2514,TWSE,later_global_review
low_name_similarity|severe_name_mismatch,P3,2515,TWSE,XTAI,中華工程股份有限公司,Bes Engineering Corp,Common Stock,0.0,deepseek_classify_rename_vs_different_security,pending_deepseek_review,TWSE::2515,TWSE,later_global_review
low_name_similarity|severe_name_mismatch,P3,2516,TWSE,XTAI,新亞建設開發股份有限公司,New Asia Construction & Development Corporation,Common Stock,0.0,deepseek_classify_rename_vs_different_security,pending_deepseek_review,TWSE::2516,TWSE,later_global_review
low_name_similarity|severe_name_mismatch,P3,2520,TWSE,XTAI,冠德建設股份有限公司,"Kindom Development Co., Ltd.",Common Stock,0.0,deepseek_classify_rename_vs_different_security,pending_deepseek_review,TWSE::2520,TWSE,later_global_review
low_name_similarity|severe_name_mismatch,P3,2524,TWSE,XTAI,京城建設股份有限公司,King's Town Construction Co. Ltd.,Common Stock,0.0,deepseek_classify_rename_vs_different_security,pending_deepseek_review,TWSE::2524,TWSE,later_global_review
low_name_similarity|severe_name_mismatch,P3,2527,TWSE,XTAI,宏璟建設股份有限公司,Hung Ching Development & Construction Co. Ltd.,Common Stock,0.0,deepseek_classify_rename_vs_different_security,pending_deepseek_review,TWSE::2527,TWSE,later_global_review
low_name_similarity|severe_name_mismatch,P3,2528,TWSE,XTAI,皇普建設股份有限公司,Crowell Development Corp.,Common Stock,0.0,deepseek_classify_rename_vs_different_security,pending_deepseek_review,TWSE::2528,TWSE,later_global_review
low_name_similarity|severe_name_mismatch,P3,2530,TWSE,XTAI,大華建設股份有限公司,Delpha Construction Co. Ltd.,Common Stock,0.0,deepseek_classify_rename_vs_different_security,pending_deepseek_review,TWSE::2530,TWSE,later_global_review
low_name_similarity|severe_name_mismatch,P3,2534,TWSE,XTAI,宏盛建設股份有限公司,Hung Sheng Construction Ltd.,Common Stock,0.0,deepseek_classify_rename_vs_different_security,pending_deepseek_review,TWSE::2534,TWSE,later_global_review
low_name_similarity|severe_name_mismatch,P3,2535,TWSE,XTAI,達欣工程股份有限公司,"Da Cin Construction Co., Ltd.",Common Stock,0.0,deepseek_classify_rename_vs_different_security,pending_deepseek_review,TWSE::2535,TWSE,later_global_review
low_name_similarity|severe_name_mismatch,P3,2536,TWSE,XTAI,宏普建設股份有限公司,"Hong Pu Real Estate Development Co., Ltd.",Common Stock,0.0,deepseek_classify_rename_vs_different_security,pending_deepseek_review,TWSE::2536,TWSE,later_global_review
low_name_similarity|severe_name_mismatch,P3,2537,TWSE,XTAI,聯上開發股份有限公司,"We & Win Development Co., Ltd.",Common Stock,0.0,deepseek_classify_rename_vs_different_security,pending_deepseek_review,TWSE::2537,TWSE,later_global_review
low_name_similarity|severe_name_mismatch,P3,2538,TWSE,XTAI,基泰建設股份有限公司,"Kee Tai Properties Co., Ltd.",Common Stock,0.0,deepseek_classify_rename_vs_different_security,pending_deepseek_review,TWSE::2538,TWSE,later_global_review
low_name_similarity|severe_name_mismatch,P3,2539,TWSE,XTAI,櫻花建設股份有限公司,Sakura Development Co. Ltd.,Common Stock,0.0,deepseek_classify_rename_vs_different_security,pending_deepseek_review,TWSE::2539,TWSE,later_global_review
low_name_similarity|severe_name_mismatch,P3,2540,TWSE,XTAI,愛山林建設開發股份有限公司,JSL Construction & Development Inc.,Common Stock,0.0,deepseek_classify_rename_vs_different_security,pending_deepseek_review,TWSE::2540,TWSE,later_global_review
low_name_similarity|severe_name_mismatch,P3,2542,TWSE,XTAI,興富發建設股份有限公司,Highwealth Construction Corp.,Common Stock,0.0,deepseek_classify_rename_vs_different_security,pending_deepseek_review,TWSE::2542,TWSE,later_global_review
low_name_similarity|severe_name_mismatch,P3,2543,TWSE,XTAI,皇昌營造股份有限公司,"Hwang Chang General Contractor Co., Ltd.",Common Stock,0.0,deepseek_classify_rename_vs_different_security,pending_deepseek_review,TWSE::2543,TWSE,later_global_review
low_name_similarity|severe_name_mismatch,P3,2545,TWSE,XTAI,皇翔建設股份有限公司,"Huang Hsiang Construction Co., Ltd.",Common Stock,0.0,deepseek_classify_rename_vs_different_security,pending_deepseek_review,TWSE::2545,TWSE,later_global_review
low_name_similarity|severe_name_mismatch,P3,2546,TWSE,XTAI,根基營造股份有限公司,Kedge Construction Co. Ltd.,Common Stock,0.0,deepseek_classify_rename_vs_different_security,pending_deepseek_review,TWSE::2546,TWSE,later_global_review
low_name_similarity|severe_name_mismatch,P3,2547,TWSE,XTAI,日勝生活科技股份有限公司,"Radium Life Tech Co., Ltd.",Common Stock,0.0,deepseek_classify_rename_vs_different_security,pending_deepseek_review,TWSE::2547,TWSE,later_global_review
low_name_similarity|severe_name_mismatch,P3,2548,TWSE,XTAI,華固建設股份有限公司,"Huaku Development Co., Ltd.",Common Stock,0.0,deepseek_classify_rename_vs_different_security,pending_deepseek_review,TWSE::2548,TWSE,later_global_review
low_name_similarity|severe_name_mismatch,P3,2597,TWSE,XTAI,潤弘精密工程事業股份有限公司,Ruentex Engineering & Construction Co. Ltd.,Common Stock,0.0,deepseek_classify_rename_vs_different_security,pending_deepseek_review,TWSE::2597,TWSE,later_global_review
low_name_similarity|severe_name_mismatch,P3,2601,TWSE,XTAI,益航股份有限公司,First Steamship Co. Ltd.,Common Stock,0.0,deepseek_classify_rename_vs_different_security,pending_deepseek_review,TWSE::2601,TWSE,later_global_review
low_name_similarity|severe_name_mismatch,P3,2603,TWSE,XTAI,長榮海運股份有限公司,Evergreen Marine Corp. Ltd.,Common Stock,0.0,deepseek_classify_rename_vs_different_security,pending_deepseek_review,TWSE::2603,TWSE,later_global_review
low_name_similarity|severe_name_mismatch,P3,2605,TWSE,XTAI,新興航運股份有限公司,Sincere Navigation Corporation,Common Stock,0.0,deepseek_classify_rename_vs_different_security,pending_deepseek_review,TWSE::2605,TWSE,later_global_review
low_name_similarity|severe_name_mismatch,P3,2606,TWSE,XTAI,裕民航運股份有限公司,U-Ming Marine Transport Corporation,Common Stock,0.0,deepseek_classify_rename_vs_different_security,pending_deepseek_review,TWSE::2606,TWSE,later_global_review
low_name_similarity|severe_name_mismatch,P3,2608,TWSE,XTAI,嘉里大榮物流股份有限公司,"Kerry TJ Logistics Co., Ltd.",Common Stock,0.0,deepseek_classify_rename_vs_different_security,pending_deepseek_review,TWSE::2608,TWSE,later_global_review
low_name_similarity|severe_name_mismatch,P3,2609,TWSE,XTAI,陽明海運股份有限公司,Yang Ming Marine Transport Corporation,Common Stock,0.0,deepseek_classify_rename_vs_different_security,pending_deepseek_review,TWSE::2609,TWSE,later_global_review
low_name_similarity|severe_name_mismatch,P3,2610,TWSE,XTAI,中華航空股份有限公司,China Airlines Ltd.,Common Stock,0.0,deepseek_classify_rename_vs_different_security,pending_deepseek_review,TWSE::2610,TWSE,later_global_review
low_name_similarity|severe_name_mismatch,P3,2611,TWSE,XTAI,志信國際股份有限公司,Tze Shin International Co. Ltd.,Common Stock,0.0,deepseek_classify_rename_vs_different_security,pending_deepseek_review,TWSE::2611,TWSE,later_global_review
low_name_similarity|severe_name_mismatch,P3,2612,TWSE,XTAI,中國航運股份有限公司,Chinese Maritime Transport Ltd.,Common Stock,0.0,deepseek_classify_rename_vs_different_security,pending_deepseek_review,TWSE::2612,TWSE,later_global_review
low_name_similarity|severe_name_mismatch,P3,2613,TWSE,XTAI,中國貨櫃運輸股份有限公司,China Container Terminal Corporation,Common Stock,0.0,deepseek_classify_rename_vs_different_security,pending_deepseek_review,TWSE::2613,TWSE,later_global_review
low_name_similarity|severe_name_mismatch,P3,2614,TWSE,XTAI,東森國際股份有限公司,Eastern Media International Corporation,Common Stock,0.0,deepseek_classify_rename_vs_different_security,pending_deepseek_review,TWSE::2614,TWSE,later_global_review
low_name_similarity|severe_name_mismatch,P3,2615,TWSE,XTAI,萬海航運股份有限公司,Wan Hai Lines Ltd.,Common Stock,0.0,deepseek_classify_rename_vs_different_security,pending_deepseek_review,TWSE::2615,TWSE,later_global_review
low_name_similarity|severe_name_mismatch,P3,2616,TWSE,XTAI,山隆通運股份有限公司,"Shan-Loong Transportation Co., Ltd.",Common Stock,0.0,deepseek_classify_rename_vs_different_security,pending_deepseek_review,TWSE::2616,TWSE,later_global_review
low_name_similarity|severe_name_mismatch,P3,2617,TWSE,XTAI,台灣航業股份有限公司,"Taiwan Navigation Co., Ltd.",Common Stock,0.0,deepseek_classify_rename_vs_different_security,pending_deepseek_review,TWSE::2617,TWSE,later_global_review
low_name_similarity|severe_name_mismatch,P3,2618,TWSE,XTAI,長榮航空股份有限公司,Eva Airways Corp.,Common Stock,0.0,deepseek_classify_rename_vs_different_security,pending_deepseek_review,TWSE::2618,TWSE,later_global_review
low_name_similarity|severe_name_mismatch,P3,2630,TWSE,XTAI,亞洲航空股份有限公司,"AirAsia Co., Ltd.",Common Stock,0.0,deepseek_classify_rename_vs_different_security,pending_deepseek_review,TWSE::2630,TWSE,later_global_review
low_name_similarity|severe_name_mismatch,P3,2633,TWSE,XTAI,台灣高速鐵路股份有限公司,Taiwan High Speed Rail Corporation,Common Stock,0.0,deepseek_classify_rename_vs_different_security,pending_deepseek_review,TWSE::2633,TWSE,later_global_review
low_name_similarity|severe_name_mismatch,P3,2634,TWSE,XTAI,漢翔航空工業股份有限公司,Aerospace Industrial Development Corporation,Common Stock,0.0,deepseek_classify_rename_vs_different_security,pending_deepseek_review,TWSE::2634,TWSE,later_global_review
low_name_similarity|severe_name_mismatch,P3,2636,TWSE,XTAI,台驊國際控股股份有限公司,T3EX Global Holdings Corp.,Common Stock,0.0,deepseek_classify_rename_vs_different_security,pending_deepseek_review,TWSE::2636,TWSE,later_global_review
low_name_similarity|severe_name_mismatch,P3,2642,TWSE,XTAI,台灣宅配通股份有限公司,"Taiwan Pelican Express Co., Ltd.",Common Stock,0.0,deepseek_classify_rename_vs_different_security,pending_deepseek_review,TWSE::2642,TWSE,later_global_review
low_name_similarity|severe_name_mismatch,P3,2646,TWSE,XTAI,星宇航空股份有限公司,Starlux Airlines Co. Ltd.,Common Stock,0.0,deepseek_classify_rename_vs_different_security,pending_deepseek_review,TWSE::2646,TWSE,later_global_review
low_name_similarity|severe_name_mismatch,P3,2701,TWSE,XTAI,萬華企業股份有限公司,"Wan Hwa Enterprise Co., Ltd.",Common Stock,0.0,deepseek_classify_rename_vs_different_security,pending_deepseek_review,TWSE::2701,TWSE,later_global_review
low_name_similarity|severe_name_mismatch,P3,2702,TWSE,XTAI,華園飯店股份有限公司,Hotel Holiday Garden,Common Stock,0.0,deepseek_classify_rename_vs_different_security,pending_deepseek_review,TWSE::2702,TWSE,later_global_review
low_name_similarity|severe_name_mismatch,P3,2704,TWSE,XTAI,國賓大飯店股份有限公司,"Ambassador Hotel Co., Ltd.",Common Stock,0.0,deepseek_classify_rename_vs_different_security,pending_deepseek_review,TWSE::2704,TWSE,later_global_review
low_name_similarity|severe_name_mismatch,P3,2705,TWSE,XTAI,六福開發股份有限公司,"Leofoo Development Co., Ltd.",Common Stock,0.0,deepseek_classify_rename_vs_different_security,pending_deepseek_review,TWSE::2705,TWSE,later_global_review
low_name_similarity|severe_name_mismatch,P3,2706,TWSE,XTAI,第一華僑大飯店股份有限公司,First Hotel Company Limited,Common Stock,0.0,deepseek_classify_rename_vs_different_security,pending_deepseek_review,TWSE::2706,TWSE,later_global_review
low_name_similarity|severe_name_mismatch,P3,2707,TWSE,XTAI,晶華國際酒店股份有限公司,Formosa International Hotels Corporation,Common Stock,0.0,deepseek_classify_rename_vs_different_security,pending_deepseek_review,TWSE::2707,TWSE,later_global_review
low_name_similarity|severe_name_mismatch,P3,2712,TWSE,XTAI,遠雄悅來大飯店股份有限公司,Far Glory Hotel Co. Ltd.,Common Stock,0.0,deepseek_classify_rename_vs_different_security,pending_deepseek_review,TWSE::2712,TWSE,later_global_review
low_name_similarity|severe_name_mismatch,P3,2722,TWSE,XTAI,夏都國際開發股份有限公司,Chateau International Development Corp.,Common Stock,0.0,deepseek_classify_rename_vs_different_security,pending_deepseek_review,TWSE::2722,TWSE,later_global_review
low_name_similarity|severe_name_mismatch,P3,2727,TWSE,XTAI,王品餐飲股份有限公司,Wowprime Corp.,Common Stock,0.0,deepseek_classify_rename_vs_different_security,pending_deepseek_review,TWSE::2727,TWSE,later_global_review
low_name_similarity|severe_name_mismatch,P3,2731,TWSE,XTAI,雄獅旅行社股份有限公司,"Lion Travel Service Co., Ltd.",Common Stock,0.0,deepseek_classify_rename_vs_different_security,pending_deepseek_review,TWSE::2731,TWSE,later_global_review
low_name_similarity|severe_name_mismatch,P3,2739,TWSE,XTAI,寒舍餐旅管理顧問股份有限公司,My Humble House Hospitality Management Consulting Inc.,Common Stock,0.0,deepseek_classify_rename_vs_different_security,pending_deepseek_review,TWSE::2739,TWSE,later_global_review
low_name_similarity|severe_name_mismatch,P3,2748,TWSE,XTAI,雲品國際酒店股份有限公司,FDC International Hotels Corporation,Common Stock,0.0,deepseek_classify_rename_vs_different_security,pending_deepseek_review,TWSE::2748,TWSE,later_global_review
low_name_similarity|severe_name_mismatch,P3,2753,TWSE,XTAI,八方雲集國際股份有限公司,Bafang Yunji International Co. Ltd.,Common Stock,0.0,deepseek_classify_rename_vs_different_security,pending_deepseek_review,TWSE::2753,TWSE,later_global_review
low_name_similarity|severe_name_mismatch,P3,2801,TWSE,XTAI,彰化商業銀行股份有限公司,Chang Hwa Commercial Bank Ltd.,Common Stock,0.0,deepseek_classify_rename_vs_different_security,pending_deepseek_review,TWSE::2801,TWSE,later_global_review
low_name_similarity|severe_name_mismatch,P3,2812,TWSE,XTAI,台中商業銀行股份有限公司,Taichung Commercial Bank Co. Ltd.,Common Stock,0.0,deepseek_classify_rename_vs_different_security,pending_deepseek_review,TWSE::2812,TWSE,later_global_review
low_name_similarity|severe_name_mismatch,P3,2816,TWSE,XTAI,旺旺友聯產物保險股份有限公司,Union Insurance Co. Ltd.,Common Stock,0.0,deepseek_classify_rename_vs_different_security,pending_deepseek_review,TWSE::2816,TWSE,later_global_review
low_name_similarity|severe_name_mismatch,P3,2820,TWSE,XTAI,中華票券金融股份有限公司,China Bills Finance Corporation,Common Stock,0.0,deepseek_classify_rename_vs_different_security,pending_deepseek_review,TWSE::2820,TWSE,later_global_review
low_name_similarity|severe_name_mismatch,P3,2832,TWSE,XTAI,台灣產物保險股份有限公司,"Taiwan Fire & Marine Insurance Co., Ltd.",Common Stock,0.0,deepseek_classify_rename_vs_different_security,pending_deepseek_review,TWSE::2832,TWSE,later_global_review
low_name_similarity|severe_name_mismatch,P3,2834,TWSE,XTAI,臺灣中小企業銀行股份有限公司,"Taiwan Business Bank Co., Ltd.",Common Stock,0.0,deepseek_classify_rename_vs_different_security,pending_deepseek_review,TWSE::2834,TWSE,later_global_review
low_name_similarity|severe_name_mismatch,P3,2838,TWSE,XTAI,聯邦商業銀行股份有限公司,Union Bank of Taiwan,Common Stock,0.0,deepseek_classify_rename_vs_different_security,pending_deepseek_review,TWSE::2838,TWSE,later_global_review
low_name_similarity|severe_name_mismatch,P3,2845,TWSE,XTAI,遠東國際商業銀行股份有限公司,Far Eastern International Bank,Common Stock,0.0,deepseek_classify_rename_vs_different_security,pending_deepseek_review,TWSE::2845,TWSE,later_global_review
low_name_similarity|severe_name_mismatch,P3,2849,TWSE,XTAI,安泰商業銀行股份有限公司,EnTie Commercial Bank,Common Stock,0.0,deepseek_classify_rename_vs_different_security,pending_deepseek_review,TWSE::2849,TWSE,later_global_review
low_name_similarity|severe_name_mismatch,P3,2850,TWSE,XTAI,新光產物保險股份有限公司,"Shinkong Insurance Co., Ltd.",Common Stock,0.0,deepseek_classify_rename_vs_different_security,pending_deepseek_review,TWSE::2850,TWSE,later_global_review
low_name_similarity|severe_name_mismatch,P3,2851,TWSE,XTAI,中央再保險股份有限公司,"Central Reinsurance Co., Ltd.",Common Stock,0.0,deepseek_classify_rename_vs_different_security,pending_deepseek_review,TWSE::2851,TWSE,later_global_review
low_name_similarity|severe_name_mismatch,P3,2855,TWSE,XTAI,統一綜合證券股份有限公司,President Securities Corporation,Common Stock,0.0,deepseek_classify_rename_vs_different_security,pending_deepseek_review,TWSE::2855,TWSE,later_global_review
low_name_similarity|severe_name_mismatch,P3,2867,TWSE,XTAI,三商美邦人壽保險股份有限公司,Mercuries Life Insurance Co.,Common Stock,0.0,deepseek_classify_rename_vs_different_security,pending_deepseek_review,TWSE::2867,TWSE,later_global_review
low_name_similarity|severe_name_mismatch,P3,2880,TWSE,XTAI,華南金融控股股份有限公司,"Hua Nan Financial Holdings Co., Ltd.",Common Stock,0.0,deepseek_classify_rename_vs_different_security,pending_deepseek_review,TWSE::2880,TWSE,later_global_review
low_name_similarity|severe_name_mismatch,P3,2881,TWSE,XTAI,富邦金融控股股份有限公司,"Fubon Financial Holding Co., Ltd.",Common Stock,0.0,deepseek_classify_rename_vs_different_security,pending_deepseek_review,TWSE::2881,TWSE,later_global_review
low_name_similarity|severe_name_mismatch,P3,2882,TWSE,XTAI,國泰金融控股股份有限公司,Cathay Financial Holding Co. Ltd.,Common Stock,0.0,deepseek_classify_rename_vs_different_security,pending_deepseek_review,TWSE::2882,TWSE,later_global_review
low_name_similarity|severe_name_mismatch,P3,2883,TWSE,XTAI,凱基金融控股股份有限公司,"KGI Financial Holding Co., Ltd.",Common Stock,0.0,deepseek_classify_rename_vs_different_security,pending_deepseek_review,TWSE::2883,TWSE,later_global_review
low_name_similarity|severe_name_mismatch,P3,2884,TWSE,XTAI,玉山金融控股股份有限公司,"E.Sun Financial Holding Co., Ltd.",Common Stock,0.0,deepseek_classify_rename_vs_different_security,pending_deepseek_review,TWSE::2884,TWSE,later_global_review
low_name_similarity|severe_name_mismatch,P3,2885,TWSE,XTAI,元大金融控股股份有限公司,"Yuanta Financial Holding Co., Ltd.",Common Stock,0.0,deepseek_classify_rename_vs_different_security,pending_deepseek_review,TWSE::2885,TWSE,later_global_review
low_name_similarity|severe_name_mismatch,P3,2886,TWSE,XTAI,兆豐金融控股股份有限公司,"Mega Financial Holding Co., Ltd.",Common Stock,0.0,deepseek_classify_rename_vs_different_security,pending_deepseek_review,TWSE::2886,TWSE,later_global_review
low_name_similarity|severe_name_mismatch,P3,2887,TWSE,XTAI,台新新光金融控股股份有限公司,"Taishin Financial Holding Co., Ltd.",Common Stock,0.0,deepseek_classify_rename_vs_different_security,pending_deepseek_review,TWSE::2887,TWSE,later_global_review
low_name_similarity|severe_name_mismatch,P3,2889,TWSE,XTAI,國票金融控股股份有限公司,"Ibf Financial Holdings Co., Ltd.",Common Stock,0.0,deepseek_classify_rename_vs_different_security,pending_deepseek_review,TWSE::2889,TWSE,later_global_review
low_name_similarity|severe_name_mismatch,P3,2890,TWSE,XTAI,永豐金融控股股份有限公司,"Sinopac Financial Holdings Co., Ltd.",Common Stock,0.0,deepseek_classify_rename_vs_different_security,pending_deepseek_review,TWSE::2890,TWSE,later_global_review
low_name_similarity|severe_name_mismatch,P3,2891,TWSE,XTAI,中國信託金融控股股份有限公司,"CTBC Financial Holding Co., Ltd.",Common Stock,0.0,deepseek_classify_rename_vs_different_security,pending_deepseek_review,TWSE::2891,TWSE,later_global_review
low_name_similarity|severe_name_mismatch,P3,2892,TWSE,XTAI,第一金融控股股份有限公司,"First Financial Holding Co., Ltd.",Common Stock,0.0,deepseek_classify_rename_vs_different_security,pending_deepseek_review,TWSE::2892,TWSE,later_global_review
low_name_similarity|severe_name_mismatch,P3,2897,TWSE,XTAI,王道商業銀行股份有限公司,O-Bank Co. Ltd.,Common Stock,0.0,deepseek_classify_rename_vs_different_security,pending_deepseek_review,TWSE::2897,TWSE,later_global_review
low_name_similarity|severe_name_mismatch,P3,2901,TWSE,XTAI,欣欣大眾市場股份有限公司,"Shin Shin Co., Ltd.",Common Stock,0.0,deepseek_classify_rename_vs_different_security,pending_deepseek_review,TWSE::2901,TWSE,later_global_review
low_name_similarity|severe_name_mismatch,P3,2903,TWSE,XTAI,遠東百貨股份有限公司,Far Eastern Department Store Ltd.,Common Stock,0.0,deepseek_classify_rename_vs_different_security,pending_deepseek_review,TWSE::2903,TWSE,later_global_review
low_name_similarity|severe_name_mismatch,P3,2904,TWSE,XTAI,匯僑股份有限公司,Prime Oil Chemical Service Co.,Common Stock,0.0,deepseek_classify_rename_vs_different_security,pending_deepseek_review,TWSE::2904,TWSE,later_global_review
low_name_similarity|severe_name_mismatch,P3,2905,TWSE,XTAI,三商投資控股股份有限公司,Mercuries & Associates Holding Ltd.,Common Stock,0.0,deepseek_classify_rename_vs_different_security,pending_deepseek_review,TWSE::2905,TWSE,later_global_review
low_name_similarity|severe_name_mismatch,P3,2906,TWSE,XTAI,高林實業股份有限公司,Collins Company Ltd.,Common Stock,0.0,deepseek_classify_rename_vs_different_security,pending_deepseek_review,TWSE::2906,TWSE,later_global_review
low_name_similarity|severe_name_mismatch,P3,2908,TWSE,XTAI,特力股份有限公司,"Test-Rite International Co., Ltd.",Common Stock,0.0,deepseek_classify_rename_vs_different_security,pending_deepseek_review,TWSE::2908,TWSE,later_global_review
low_name_similarity|severe_name_mismatch,P3,2910,TWSE,XTAI,統領百貨股份有限公司,"Tonlin Department Store Co., Ltd.",Common Stock,0.0,deepseek_classify_rename_vs_different_security,pending_deepseek_review,TWSE::2910,TWSE,later_global_review
low_name_similarity|severe_name_mismatch,P3,2911,TWSE,XTAI,麗嬰房股份有限公司,"Les Enphants Co., Ltd.",Common Stock,0.0,deepseek_classify_rename_vs_different_security,pending_deepseek_review,TWSE::2911,TWSE,later_global_review
low_name_similarity|severe_name_mismatch,P3,2912,TWSE,XTAI,統一超商股份有限公司,President Chain Store Corporation,Common Stock,0.0,deepseek_classify_rename_vs_different_security,pending_deepseek_review,TWSE::2912,TWSE,later_global_review
low_name_similarity|severe_name_mismatch,P3,2913,TWSE,XTAI,台灣農林股份有限公司,Taiwan Tea Corporation,Common Stock,0.0,deepseek_classify_rename_vs_different_security,pending_deepseek_review,TWSE::2913,TWSE,later_global_review
low_name_similarity|severe_name_mismatch,P3,2915,TWSE,XTAI,潤泰全球股份有限公司,Ruentex Industries Ltd.,Common Stock,0.0,deepseek_classify_rename_vs_different_security,pending_deepseek_review,TWSE::2915,TWSE,later_global_review
low_name_similarity|severe_name_mismatch,P3,2945,TWSE,XTAI,三商家購股份有限公司,"Simple Mart Retail Co., Ltd.",Common Stock,0.0,deepseek_classify_rename_vs_different_security,pending_deepseek_review,TWSE::2945,TWSE,later_global_review
low_name_similarity|severe_name_mismatch,P3,3002,TWSE,XTAI,歐格電子股份有限公司,Ahoku Electronic Co. Ltd.,Common Stock,0.0,deepseek_classify_rename_vs_different_security,pending_deepseek_review,TWSE::3002,TWSE,later_global_review
low_name_similarity|severe_name_mismatch,P3,3003,TWSE,XTAI,健和興端子股份有限公司,Ks Terminals Inc.,Common Stock,0.0,deepseek_classify_rename_vs_different_security,pending_deepseek_review,TWSE::3003,TWSE,later_global_review
low_name_similarity|severe_name_mismatch,P3,3004,TWSE,XTAI,豐達科技股份有限公司,National Aerospace Fasteners Corporation,Common Stock,0.0,deepseek_classify_rename_vs_different_security,pending_deepseek_review,TWSE::3004,TWSE,later_global_review
low_name_similarity|severe_name_mismatch,P3,3005,TWSE,XTAI,神基控股股份有限公司,Getac Holdings Corporation,Common Stock,0.0,deepseek_classify_rename_vs_different_security,pending_deepseek_review,TWSE::3005,TWSE,later_global_review
low_name_similarity|severe_name_mismatch,P3,3006,TWSE,XTAI,晶豪科技股份有限公司,Elite Semiconductor Microelectronics Technology Inc.,Common Stock,0.0,deepseek_classify_rename_vs_different_security,pending_deepseek_review,TWSE::3006,TWSE,later_global_review
low_name_similarity|severe_name_mismatch,P3,3008,TWSE,XTAI,大立光電股份有限公司,"Largan Precision Co., Ltd.",Common Stock,0.0,deepseek_classify_rename_vs_different_security,pending_deepseek_review,TWSE::3008,TWSE,later_global_review
low_name_similarity|severe_name_mismatch,P3,3010,TWSE,XTAI,華立企業股份有限公司,Wah Lee Industrial Corp.,Common Stock,0.0,deepseek_classify_rename_vs_different_security,pending_deepseek_review,TWSE::3010,TWSE,later_global_review
low_name_similarity|severe_name_mismatch,P3,3011,TWSE,XTAI,今皓實業股份有限公司,"Ji-Haw Industrial Co., Ltd.",Common Stock,0.0,deepseek_classify_rename_vs_different_security,pending_deepseek_review,TWSE::3011,TWSE,later_global_review
low_name_similarity|severe_name_mismatch,P3,3013,TWSE,XTAI,晟銘電子科技股份有限公司,Chenming Electronic Technology Corporation,Common Stock,0.0,deepseek_classify_rename_vs_different_security,pending_deepseek_review,TWSE::3013,TWSE,later_global_review
low_name_similarity|severe_name_mismatch,P3,3014,TWSE,XTAI,聯陽半導體股份有限公司,Ite Technology Inc.,Common Stock,0.0,deepseek_classify_rename_vs_different_security,pending_deepseek_review,TWSE::3014,TWSE,later_global_review
low_name_similarity|severe_name_mismatch,P3,3015,TWSE,XTAI,全漢企業股份有限公司,Fsp Technology Inc.,Common Stock,0.0,deepseek_classify_rename_vs_different_security,pending_deepseek_review,TWSE::3015,TWSE,later_global_review
low_name_similarity|severe_name_mismatch,P3,3016,TWSE,XTAI,嘉晶電子股份有限公司,Episil-Precision Inc.,Common Stock,0.0,deepseek_classify_rename_vs_different_security,pending_deepseek_review,TWSE::3016,TWSE,later_global_review
low_name_similarity|severe_name_mismatch,P3,3017,TWSE,XTAI,奇鋐科技股份有限公司,"Asia Vital Components Co., Ltd.",Common Stock,0.0,deepseek_classify_rename_vs_different_security,pending_deepseek_review,TWSE::3017,TWSE,later_global_review
low_name_similarity|severe_name_mismatch,P3,3018,TWSE,XTAI,隆銘綠能科技工程股份有限公司,Lung Ming Green Energy Technology Corporation,Common Stock,0.0,deepseek_classify_rename_vs_different_security,pending_deepseek_review,TWSE::3018,TWSE,later_global_review
low_name_similarity|severe_name_mismatch,P3,3019,TWSE,XTAI,亞洲光學股份有限公司,"Asia Optical Co., Inc.",Common Stock,0.0,deepseek_classify_rename_vs_different_security,pending_deepseek_review,TWSE::3019,TWSE,later_global_review
low_name_similarity|severe_name_mismatch,P3,3021,TWSE,XTAI,鴻名企業股份有限公司,Welltend Technology Corp.,Common Stock,0.0,deepseek_classify_rename_vs_different_security,pending_deepseek_review,TWSE::3021,TWSE,later_global_review
low_name_similarity|severe_name_mismatch,P3,3022,TWSE,XTAI,威強電工業電腦股份有限公司,IEI Integration Corp.,Common Stock,0.0,deepseek_classify_rename_vs_different_security,pending_deepseek_review,TWSE::3022,TWSE,later_global_review
low_name_similarity|severe_name_mismatch,P3,3023,TWSE,XTAI,信邦電子股份有限公司,"Sinbon Electronics Co., Ltd.",Common Stock,0.0,deepseek_classify_rename_vs_different_security,pending_deepseek_review,TWSE::3023,TWSE,later_global_review
low_name_similarity|severe_name_mismatch,P3,3024,TWSE,XTAI,憶聲電子股份有限公司,"Action Electronics Co., Ltd.",Common Stock,0.0,deepseek_classify_rename_vs_different_security,pending_deepseek_review,TWSE::3024,TWSE,later_global_review
low_name_similarity|severe_name_mismatch,P3,3025,TWSE,XTAI,星通資訊股份有限公司,Loop Telecommunication International Inc.,Common Stock,0.0,deepseek_classify_rename_vs_different_security,pending_deepseek_review,TWSE::3025,TWSE,later_global_review
low_name_similarity|severe_name_mismatch,P3,3026,TWSE,XTAI,禾伸堂企業股份有限公司,"Holy Stone Enterprise Co., Ltd.",Common Stock,0.0,deepseek_classify_rename_vs_different_security,pending_deepseek_review,TWSE::3026,TWSE,later_global_review
low_name_similarity|severe_name_mismatch,P3,3027,TWSE,XTAI,盛達電業股份有限公司,"Billion Electric Co., Ltd.",Common Stock,0.0,deepseek_classify_rename_vs_different_security,pending_deepseek_review,TWSE::3027,TWSE,later_global_review
low_name_similarity|severe_name_mismatch,P3,3028,TWSE,XTAI,增你強股份有限公司,Zenitron Corporation,Common Stock,0.0,deepseek_classify_rename_vs_different_security,pending_deepseek_review,TWSE::3028,TWSE,later_global_review
low_name_similarity|severe_name_mismatch,P3,3029,TWSE,XTAI,零壹科技股份有限公司,"Zero One Technology Co., Ltd.",Common Stock,0.0,deepseek_classify_rename_vs_different_security,pending_deepseek_review,TWSE::3029,TWSE,later_global_review
low_name_similarity|severe_name_mismatch,P3,3030,TWSE,XTAI,德律科技股份有限公司,Test Research Inc.,Common Stock,0.0,deepseek_classify_rename_vs_different_security,pending_deepseek_review,TWSE::3030,TWSE,later_global_review
low_name_similarity|severe_name_mismatch,P3,3031,TWSE,XTAI,佰鴻工業股份有限公司,Bright Led Electronics Corp.,Common Stock,0.0,deepseek_classify_rename_vs_different_security,pending_deepseek_review,TWSE::3031,TWSE,later_global_review
low_name_similarity|severe_name_mismatch,P3,3032,TWSE,XTAI,偉訓科技股份有限公司,Compucase Enterprise Co. Ltd.,Common Stock,0.0,deepseek_classify_rename_vs_different_security,pending_deepseek_review,TWSE::3032,TWSE,later_global_review
low_name_similarity|severe_name_mismatch,P3,3033,TWSE,XTAI,威健實業股份有限公司,"Weikeng Industrial Co., Ltd.",Common Stock,0.0,deepseek_classify_rename_vs_different_security,pending_deepseek_review,TWSE::3033,TWSE,later_global_review
low_name_similarity|severe_name_mismatch,P3,3035,TWSE,XTAI,智原科技股份有限公司,Faraday Technology Corporation,Common Stock,0.0,deepseek_classify_rename_vs_different_security,pending_deepseek_review,TWSE::3035,TWSE,later_global_review
low_name_similarity|severe_name_mismatch,P3,3036,TWSE,XTAI,文曄科技股份有限公司,"WT Microelectronics Co., Ltd.",Common Stock,0.0,deepseek_classify_rename_vs_different_security,pending_deepseek_review,TWSE::3036,TWSE,later_global_review
low_name_similarity|severe_name_mismatch,P3,3037,TWSE,XTAI,欣興電子股份有限公司,Unimicron Technology Corp.,Common Stock,0.0,deepseek_classify_rename_vs_different_security,pending_deepseek_review,TWSE::3037,TWSE,later_global_review
low_name_similarity|severe_name_mismatch,P3,3038,TWSE,XTAI,全台晶像股份有限公司,Emerging Display Technologies Corp.,Common Stock,0.0,deepseek_classify_rename_vs_different_security,pending_deepseek_review,TWSE::3038,TWSE,later_global_review
low_name_similarity|severe_name_mismatch,P3,3040,TWSE,XTAI,遠見科技股份有限公司,"Global View Co., Ltd.",Common Stock,0.0,deepseek_classify_rename_vs_different_security,pending_deepseek_review,TWSE::3040,TWSE,later_global_review
low_name_similarity|severe_name_mismatch,P3,3041,TWSE,XTAI,揚智科技股份有限公司,Ali Corp,Common Stock,0.0,deepseek_classify_rename_vs_different_security,pending_deepseek_review,TWSE::3041,TWSE,later_global_review
low_name_similarity|severe_name_mismatch,P3,3043,TWSE,XTAI,科風股份有限公司,"Powercom Co., Ltd.",Common Stock,0.0,deepseek_classify_rename_vs_different_security,pending_deepseek_review,TWSE::3043,TWSE,later_global_review
low_name_similarity|severe_name_mismatch,P3,3044,TWSE,XTAI,健鼎科技股份有限公司,Tripod Technology Corp.,Common Stock,0.0,deepseek_classify_rename_vs_different_security,pending_deepseek_review,TWSE::3044,TWSE,later_global_review
low_name_similarity|severe_name_mismatch,P3,3045,TWSE,XTAI,台灣大哥大股份有限公司,"Taiwan Mobile Co., Ltd.",Common Stock,0.0,deepseek_classify_rename_vs_different_security,pending_deepseek_review,TWSE::3045,TWSE,later_global_review
low_name_similarity|severe_name_mismatch,P3,3046,TWSE,XTAI,建碁股份有限公司,AOpen Inc.,Common Stock,0.0,deepseek_classify_rename_vs_different_security,pending_deepseek_review,TWSE::3046,TWSE,later_global_review
low_name_similarity|severe_name_mismatch,P3,3047,TWSE,XTAI,訊舟科技股份有限公司,"Edimax Technology Co., Ltd.",Common Stock,0.0,deepseek_classify_rename_vs_different_security,pending_deepseek_review,TWSE::3047,TWSE,later_global_review
low_name_similarity|severe_name_mismatch,P3,3048,TWSE,XTAI,益登科技股份有限公司,"Edom Technology Co., Ltd.",Common Stock,0.0,deepseek_classify_rename_vs_different_security,pending_deepseek_review,TWSE::3048,TWSE,later_global_review
low_name_similarity|severe_name_mismatch,P3,3049,TWSE,XTAI,精金科技股份有限公司,"Hannstouch Holdings Co., Ltd.",Common Stock,0.0,deepseek_classify_rename_vs_different_security,pending_deepseek_review,TWSE::3049,TWSE,later_global_review
low_name_similarity|severe_name_mismatch,P3,3050,TWSE,XTAI,鈺德科技股份有限公司,U-Tech Media Corp.,Common Stock,0.0,deepseek_classify_rename_vs_different_security,pending_deepseek_review,TWSE::3050,TWSE,later_global_review
low_name_similarity|severe_name_mismatch,P3,3051,TWSE,XTAI,力特光電科技股份有限公司,Optimax Technology Corp.,Common Stock,0.0,deepseek_classify_rename_vs_different_security,pending_deepseek_review,TWSE::3051,TWSE,later_global_review
low_name_similarity|severe_name_mismatch,P3,3052,TWSE,XTAI,夆典科技開發股份有限公司,Apex Science & Engineering Inc.,Common Stock,0.0,deepseek_classify_rename_vs_different_security,pending_deepseek_review,TWSE::3052,TWSE,later_global_review
low_name_similarity|severe_name_mismatch,P3,3054,TWSE,XTAI,立萬利創新股份有限公司,"Liwanli Innovation Co., Ltd.",Common Stock,0.0,deepseek_classify_rename_vs_different_security,pending_deepseek_review,TWSE::3054,TWSE,later_global_review
low_name_similarity|severe_name_mismatch,P3,3055,TWSE,XTAI,蔚華科技股份有限公司,Spirox Corp,Common Stock,0.0,deepseek_classify_rename_vs_different_security,pending_deepseek_review,TWSE::3055,TWSE,later_global_review
low_name_similarity|severe_name_mismatch,P3,3056,TWSE,XTAI,富華創新股份有限公司,"Fu Hua Innovation Co., Ltd.",Common Stock,0.0,deepseek_classify_rename_vs_different_security,pending_deepseek_review,TWSE::3056,TWSE,later_global_review
low_name_similarity|severe_name_mismatch,P3,3057,TWSE,XTAI,喬鼎資訊股份有限公司,Promise Technology Inc.,Common Stock,0.0,deepseek_classify_rename_vs_different_security,pending_deepseek_review,TWSE::3057,TWSE,later_global_review
low_name_similarity|severe_name_mismatch,P3,3058,TWSE,XTAI,立德電子股份有限公司,Leader Electronics Inc.,Common Stock,0.0,deepseek_classify_rename_vs_different_security,pending_deepseek_review,TWSE::3058,TWSE,later_global_review
low_name_similarity|severe_name_mismatch,P3,3059,TWSE,XTAI,華晶科技股份有限公司,Altek Corporation,Common Stock,0.0,deepseek_classify_rename_vs_different_security,pending_deepseek_review,TWSE::3059,TWSE,later_global_review
low_name_similarity|severe_name_mismatch,P3,3060,TWSE,XTAI,銘異科技股份有限公司,"Min Aik Technology Co., Ltd.",Common Stock,0.0,deepseek_classify_rename_vs_different_security,pending_deepseek_review,TWSE::3060,TWSE,later_global_review
low_name_similarity|severe_name_mismatch,P3,3062,TWSE,XTAI,建漢科技股份有限公司,CyberTAN Technology Inc.,Common Stock,0.0,deepseek_classify_rename_vs_different_security,pending_deepseek_review,TWSE::3062,TWSE,later_global_review
low_name_similarity|severe_name_mismatch,P3,3090,TWSE,XTAI,日電貿股份有限公司,Nichidenbo Corporation,Common Stock,0.0,deepseek_classify_rename_vs_different_security,pending_deepseek_review,TWSE::3090,TWSE,later_global_review
low_name_similarity|severe_name_mismatch,P3,3092,TWSE,XTAI,鴻碩精密電工股份有限公司,Hotron Precision Electronic Co. Ltd.,Common Stock,0.0,deepseek_classify_rename_vs_different_security,pending_deepseek_review,TWSE::3092,TWSE,later_global_review
low_name_similarity|severe_name_mismatch,P3,3094,TWSE,XTAI,聯傑國際股份有限公司,Davicom Semiconductors Inc.,Common Stock,0.0,deepseek_classify_rename_vs_different_security,pending_deepseek_review,TWSE::3094,TWSE,later_global_review
low_name_similarity|severe_name_mismatch,P3,3130,TWSE,XTAI,一零四資訊科技股份有限公司,104 Corporation,Common Stock,0.0,deepseek_classify_rename_vs_different_security,pending_deepseek_review,TWSE::3130,TWSE,later_global_review
low_name_similarity|severe_name_mismatch,P3,3138,TWSE,XTAI,耀登科技股份有限公司,Auden Techno Corp.,Common Stock,0.0,deepseek_classify_rename_vs_different_security,pending_deepseek_review,TWSE::3138,TWSE,later_global_review
low_name_similarity|severe_name_mismatch,P3,3149,TWSE,XTAI,正達國際光電股份有限公司,G Tech Optoelectronics Corp.,Common Stock,0.0,deepseek_classify_rename_vs_different_security,pending_deepseek_review,TWSE::3149,TWSE,later_global_review
low_name_similarity|severe_name_mismatch,P3,3164,TWSE,XTAI,景岳生物科技股份有限公司,Genmont Biotech Inc.,Common Stock,0.0,deepseek_classify_rename_vs_different_security,pending_deepseek_review,TWSE::3164,TWSE,later_global_review
low_name_similarity|severe_name_mismatch,P3,3167,TWSE,XTAI,大量科技股份有限公司,"Ta Liang Technology Co., Ltd.",Common Stock,0.0,deepseek_classify_rename_vs_different_security,pending_deepseek_review,TWSE::3167,TWSE,later_global_review
low_name_similarity|severe_name_mismatch,P3,3189,TWSE,XTAI,景碩科技股份有限公司,Kinsus Interconnect Technology Corp.,Common Stock,0.0,deepseek_classify_rename_vs_different_security,pending_deepseek_review,TWSE::3189,TWSE,later_global_review
low_name_similarity|severe_name_mismatch,P3,3209,TWSE,XTAI,全科科技股份有限公司,Alltek Technology Corp.,Common Stock,0.0,deepseek_classify_rename_vs_different_security,pending_deepseek_review,TWSE::3209,TWSE,later_global_review
low_name_similarity|severe_name_mismatch,P3,3229,TWSE,XTAI,晟鈦股份有限公司,"Cheer Time Enterprise Co., Ltd.",Common Stock,0.0,deepseek_classify_rename_vs_different_security,pending_deepseek_review,TWSE::3229,TWSE,later_global_review
low_name_similarity|severe_name_mismatch,P3,3231,TWSE,XTAI,緯創資通股份有限公司,Wistron Corporation,Common Stock,0.0,deepseek_classify_rename_vs_different_security,pending_deepseek_review,TWSE::3231,TWSE,later_global_review
low_name_similarity|severe_name_mismatch,P3,3257,TWSE,XTAI,虹冠電子工業股份有限公司,Champion Microelectronic Corp.,Common Stock,0.0,deepseek_classify_rename_vs_different_security,pending_deepseek_review,TWSE::3257,TWSE,later_global_review
low_name_similarity|severe_name_mismatch,P3,3266,TWSE,XTAI,昇陽建設企業股份有限公司,Sunty Development Co. Ltd.,Common Stock,0.0,deepseek_classify_rename_vs_different_security,pending_deepseek_review,TWSE::3266,TWSE,later_global_review
low_name_similarity|severe_name_mismatch,P3,3296,TWSE,XTAI,勝德國際研發股份有限公司,"Powertech Industrial Co., Ltd.",Common Stock,0.0,deepseek_classify_rename_vs_different_security,pending_deepseek_review,TWSE::3296,TWSE,later_global_review
low_name_similarity|severe_name_mismatch,P3,3305,TWSE,XTAI,昇貿科技股份有限公司,Shenmao Technology Inc.,Common Stock,0.0,deepseek_classify_rename_vs_different_security,pending_deepseek_review,TWSE::3305,TWSE,later_global_review
low_name_similarity|severe_name_mismatch,P3,3308,TWSE,XTAI,聯德電子股份有限公司,"Bestec Power Electronics Co., Ltd.",Common Stock,0.0,deepseek_classify_rename_vs_different_security,pending_deepseek_review,TWSE::3308,TWSE,later_global_review
low_name_similarity|severe_name_mismatch,P3,3311,TWSE,XTAI,閎暉實業股份有限公司,Silitech Technology Corp,Common Stock,0.0,deepseek_classify_rename_vs_different_security,pending_deepseek_review,TWSE::3311,TWSE,later_global_review
low_name_similarity|severe_name_mismatch,P3,3312,TWSE,XTAI,弘憶國際股份有限公司,Gmi Technology Inc.,Common Stock,0.0,deepseek_classify_rename_vs_different_security,pending_deepseek_review,TWSE::3312,TWSE,later_global_review
low_name_similarity|severe_name_mismatch,P3,3321,TWSE,XTAI,同泰電子科技股份有限公司,Uniflex Technology Inc.,Common Stock,0.0,deepseek_classify_rename_vs_different_security,pending_deepseek_review,TWSE::3321,TWSE,later_global_review
low_name_similarity|severe_name_mismatch,P3,3338,TWSE,XTAI,泰碩電子股份有限公司,"Taisol Electronics Co., Ltd.",Common Stock,0.0,deepseek_classify_rename_vs_different_security,pending_deepseek_review,TWSE::3338,TWSE,later_global_review
low_name_similarity|severe_name_mismatch,P3,3346,TWSE,XTAI,麗清科技股份有限公司,Laster Tech Corporation Ltd.,Common Stock,0.0,deepseek_classify_rename_vs_different_security,pending_deepseek_review,TWSE::3346,TWSE,later_global_review
low_name_similarity|severe_name_mismatch,P3,3356,TWSE,XTAI,奇偶科技股份有限公司,Geovision Inc.,Common Stock,0.0,deepseek_classify_rename_vs_different_security,pending_deepseek_review,TWSE::3356,TWSE,later_global_review
low_name_similarity|severe_name_mismatch,P3,3376,TWSE,XTAI,新日興股份有限公司,"Shin Zu Shing Co., Ltd.",Common Stock,0.0,deepseek_classify_rename_vs_different_security,pending_deepseek_review,TWSE::3376,TWSE,later_global_review
low_name_similarity|severe_name_mismatch,P3,3380,TWSE,XTAI,明泰科技股份有限公司,Alpha Networks Inc.,Common Stock,0.0,deepseek_classify_rename_vs_different_security,pending_deepseek_review,TWSE::3380,TWSE,later_global_review
low_name_similarity|severe_name_mismatch,P3,3406,TWSE,XTAI,玉晶光電股份有限公司,"Genius Electronic Optical Co., Ltd.",Common Stock,0.0,deepseek_classify_rename_vs_different_security,pending_deepseek_review,TWSE::3406,TWSE,later_global_review
low_name_similarity|severe_name_mismatch,P3,3413,TWSE,XTAI,京鼎精密科技股份有限公司,Foxsemicon Integrated Technology Inc.,Common Stock,0.0,deepseek_classify_rename_vs_different_security,pending_deepseek_review,TWSE::3413,TWSE,later_global_review
low_name_similarity|severe_name_mismatch,P3,3416,TWSE,XTAI,融程電訊股份有限公司,Winmate Inc.,Common Stock,0.0,deepseek_classify_rename_vs_different_security,pending_deepseek_review,TWSE::3416,TWSE,later_global_review
low_name_similarity|severe_name_mismatch,P3,3419,TWSE,XTAI,譁裕實業股份有限公司,"Wha Yu Industrial Co., Ltd.",Common Stock,0.0,deepseek_classify_rename_vs_different_security,pending_deepseek_review,TWSE::3419,TWSE,later_global_review
low_name_similarity|severe_name_mismatch,P3,3432,TWSE,XTAI,台端興業股份有限公司,Tai Twun Enterprise Co. Ltd.,Common Stock,0.0,deepseek_classify_rename_vs_different_security,pending_deepseek_review,TWSE::3432,TWSE,later_global_review
low_name_similarity|severe_name_mismatch,P3,3437,TWSE,XTAI,榮創能源科技股份有限公司,Advanced Optoelectronic Technology Inc.,Common Stock,0.0,deepseek_classify_rename_vs_different_security,pending_deepseek_review,TWSE::3437,TWSE,later_global_review
low_name_similarity|severe_name_mismatch,P3,3443,TWSE,XTAI,創意電子股份有限公司,Global Unichip Corporation,Common Stock,0.0,deepseek_classify_rename_vs_different_security,pending_deepseek_review,TWSE::3443,TWSE,later_global_review
low_name_similarity|severe_name_mismatch,P3,3447,TWSE,XTAI,展達通訊股份有限公司,Xavi Technologies Corp.,Common Stock,0.0,deepseek_classify_rename_vs_different_security,pending_deepseek_review,TWSE::3447,TWSE,later_global_review
low_name_similarity|severe_name_mismatch,P3,3450,TWSE,XTAI,聯鈞光電股份有限公司,Elite Advanced Laser Corp.,Common Stock,0.0,deepseek_classify_rename_vs_different_security,pending_deepseek_review,TWSE::3450,TWSE,later_global_review
low_name_similarity|severe_name_mismatch,P3,3481,TWSE,XTAI,群創光電股份有限公司,Innolux Corporation,Common Stock,0.0,deepseek_classify_rename_vs_different_security,pending_deepseek_review,TWSE::3481,TWSE,later_global_review
low_name_similarity|severe_name_mismatch,P3,3494,TWSE,XTAI,誠研科技股份有限公司,Hiti Digital Inc.,Common Stock,0.0,deepseek_classify_rename_vs_different_security,pending_deepseek_review,TWSE::3494,TWSE,later_global_review
low_name_similarity|severe_name_mismatch,P3,3501,TWSE,XTAI,維熹科技股份有限公司,"Well Shin Technology Co., Ltd.",Common Stock,0.0,deepseek_classify_rename_vs_different_security,pending_deepseek_review,TWSE::3501,TWSE,later_global_review
low_name_similarity|severe_name_mismatch,P3,3504,TWSE,XTAI,揚明光學股份有限公司,Young Optics Inc.,Common Stock,0.0,deepseek_classify_rename_vs_different_security,pending_deepseek_review,TWSE::3504,TWSE,later_global_review
low_name_similarity|severe_name_mismatch,P3,3515,TWSE,XTAI,華擎科技股份有限公司,Asrock Inc.,Common Stock,0.0,deepseek_classify_rename_vs_different_security,pending_deepseek_review,TWSE::3515,TWSE,later_global_review
low_name_similarity|severe_name_mismatch,P3,3518,TWSE,XTAI,柏騰科技股份有限公司,"Paragon Technologies Co., Ltd.",Common Stock,0.0,deepseek_classify_rename_vs_different_security,pending_deepseek_review,TWSE::3518,TWSE,later_global_review
low_name_similarity|severe_name_mismatch,P3,3528,TWSE,XTAI,安馳科技股份有限公司,Macnica Anstek Inc.,Common Stock,0.0,deepseek_classify_rename_vs_different_security,pending_deepseek_review,TWSE::3528,TWSE,later_global_review
low_name_similarity|severe_name_mismatch,P3,3530,TWSE,XTAI,晶相光電股份有限公司,Silicon Optronics Inc.,Common Stock,0.0,deepseek_classify_rename_vs_different_security,pending_deepseek_review,TWSE::3530,TWSE,later_global_review
low_name_similarity|severe_name_mismatch,P3,3532,TWSE,XTAI,台塑勝高科技股份有限公司,Formosa Sumco Technology Corporation,Common Stock,0.0,deepseek_classify_rename_vs_different_security,pending_deepseek_review,TWSE::3532,TWSE,later_global_review
low_name_similarity|severe_name_mismatch,P3,3533,TWSE,XTAI,嘉澤端子工業股份有限公司,"Lotes Co., Ltd.",Common Stock,0.0,deepseek_classify_rename_vs_different_security,pending_deepseek_review,TWSE::3533,TWSE,later_global_review
low_name_similarity|severe_name_mismatch,P3,3535,TWSE,XTAI,晶彩科技股份有限公司,Favite Inc.,Common Stock,0.0,deepseek_classify_rename_vs_different_security,pending_deepseek_review,TWSE::3535,TWSE,later_global_review
low_name_similarity|severe_name_mismatch,P3,3543,TWSE,XTAI,州巧科技股份有限公司,"Jochu Technology Co., Ltd.",Common Stock,0.0,deepseek_classify_rename_vs_different_security,pending_deepseek_review,TWSE::3543,TWSE,later_global_review
low_name_similarity|severe_name_mismatch,P3,3545,TWSE,XTAI,敦泰電子股份有限公司,"FocalTech Systems Co., Ltd.",Common Stock,0.0,deepseek_classify_rename_vs_different_security,pending_deepseek_review,TWSE::3545,TWSE,later_global_review
low_name_similarity|severe_name_mismatch,P3,3550,TWSE,XTAI,聯穎科技股份有限公司,Copartner Technology Corporation,Common Stock,0.0,deepseek_classify_rename_vs_different_security,pending_deepseek_review,TWSE::3550,TWSE,later_global_review
low_name_similarity|severe_name_mismatch,P3,3563,TWSE,XTAI,牧德科技股份有限公司,Machvision Inc.,Common Stock,0.0,deepseek_classify_rename_vs_different_security,pending_deepseek_review,TWSE::3563,TWSE,later_global_review
low_name_similarity|severe_name_mismatch,P3,3576,TWSE,XTAI,聯合再生能源股份有限公司,"United Renewable Energy Co., Ltd.",Common Stock,0.0,deepseek_classify_rename_vs_different_security,pending_deepseek_review,TWSE::3576,TWSE,later_global_review
low_name_similarity|severe_name_mismatch,P3,3583,TWSE,XTAI,辛耘企業股份有限公司,Scientech Corporation,Common Stock,0.0,deepseek_classify_rename_vs_different_security,pending_deepseek_review,TWSE::3583,TWSE,later_global_review
low_name_similarity|severe_name_mismatch,P3,3588,TWSE,XTAI,通嘉科技股份有限公司,Leadtrend Technology Corp,Common Stock,0.0,deepseek_classify_rename_vs_different_security,pending_deepseek_review,TWSE::3588,TWSE,later_global_review
low_name_similarity|severe_name_mismatch,P3,3591,TWSE,XTAI,艾笛森光電股份有限公司,Edison Opto Corporation,Common Stock,0.0,deepseek_classify_rename_vs_different_security,pending_deepseek_review,TWSE::3591,TWSE,later_global_review
low_name_similarity|severe_name_mismatch,P3,3592,TWSE,XTAI,瑞鼎科技股份有限公司,Raydium Semiconductor Corporation,Common Stock,0.0,deepseek_classify_rename_vs_different_security,pending_deepseek_review,TWSE::3592,TWSE,later_global_review
low_name_similarity|severe_name_mismatch,P3,3593,TWSE,XTAI,力銘科技股份有限公司,Logah Technology Corp.,Common Stock,0.0,deepseek_classify_rename_vs_different_security,pending_deepseek_review,TWSE::3593,TWSE,later_global_review
low_name_similarity|severe_name_mismatch,P3,3596,TWSE,XTAI,智易科技股份有限公司,Aradyan Technology Corp.,Common Stock,0.0,deepseek_classify_rename_vs_different_security,pending_deepseek_review,TWSE::3596,TWSE,later_global_review
low_name_similarity|severe_name_mismatch,P3,3605,TWSE,XTAI,宏致電子股份有限公司,"Aces Electronic Co., Ltd.",Common Stock,0.0,deepseek_classify_rename_vs_different_security,pending_deepseek_review,TWSE::3605,TWSE,later_global_review
low_name_similarity|severe_name_mismatch,P3,3607,TWSE,XTAI,谷崧精密工業股份有限公司,"Coxon Precise Industrial Co., Ltd.",Common Stock,0.0,deepseek_classify_rename_vs_different_security,pending_deepseek_review,TWSE::3607,TWSE,later_global_review
low_name_similarity|severe_name_mismatch,P3,3617,TWSE,XTAI,碩天科技股份有限公司,CyberPower Systems Inc.,Common Stock,0.0,deepseek_classify_rename_vs_different_security,pending_deepseek_review,TWSE::3617,TWSE,later_global_review
low_name_similarity|severe_name_mismatch,P3,3622,TWSE,XTAI,洋華光電股份有限公司,"Young Fast Optoelectronics Co., Ltd.",Common Stock,0.0,deepseek_classify_rename_vs_different_security,pending_deepseek_review,TWSE::3622,TWSE,later_global_review
low_name_similarity|severe_name_mismatch,P3,3645,TWSE,XTAI,達邁科技股份有限公司,Taimide Technology Inc.,Common Stock,0.0,deepseek_classify_rename_vs_different_security,pending_deepseek_review,TWSE::3645,TWSE,later_global_review
low_name_similarity|severe_name_mismatch,P3,3653,TWSE,XTAI,健策精密工業股份有限公司,"Jentech Precision Industrial Co., Ltd.",Common Stock,0.0,deepseek_classify_rename_vs_different_security,pending_deepseek_review,TWSE::3653,TWSE,later_global_review
low_name_similarity|severe_name_mismatch,P3,3669,TWSE,XTAI,圓展科技股份有限公司,Aver Information Inc.,Common Stock,0.0,deepseek_classify_rename_vs_different_security,pending_deepseek_review,TWSE::3669,TWSE,later_global_review
low_name_similarity|severe_name_mismatch,P3,3679,TWSE,XTAI,新至陞科技股份有限公司,Nishoku Technology Inc.,Common Stock,0.0,deepseek_classify_rename_vs_different_security,pending_deepseek_review,TWSE::3679,TWSE,later_global_review
low_name_similarity|severe_name_mismatch,P3,3686,TWSE,XTAI,達能科技股份有限公司,Danen Technology Corporation,Common Stock,0.0,deepseek_classify_rename_vs_different_security,pending_deepseek_review,TWSE::3686,TWSE,later_global_review
low_name_similarity|severe_name_mismatch,P3,3694,TWSE,XTAI,海華科技股份有限公司,AzureWave Technologies Inc.,Common Stock,0.0,deepseek_classify_rename_vs_different_security,pending_deepseek_review,TWSE::3694,TWSE,later_global_review
low_name_similarity|severe_name_mismatch,P3,3701,TWSE,XTAI,大眾全球投資控股股份有限公司,Fic Global Inc.,Common Stock,0.0,deepseek_classify_rename_vs_different_security,pending_deepseek_review,TWSE::3701,TWSE,later_global_review
low_name_similarity|severe_name_mismatch,P3,3702,TWSE,XTAI,大聯大控股股份有限公司,WPG Holdings Ltd.,Common Stock,0.0,deepseek_classify_rename_vs_different_security,pending_deepseek_review,TWSE::3702,TWSE,later_global_review
low_name_similarity|severe_name_mismatch,P3,3703,TWSE,XTAI,欣陸投資控股股份有限公司,Continental Holdings Corp.,Common Stock,0.0,deepseek_classify_rename_vs_different_security,pending_deepseek_review,TWSE::3703,TWSE,later_global_review
low_name_similarity|severe_name_mismatch,P3,3704,TWSE,XTAI,合勤投資控股股份有限公司,Zyxel Group Corporation,Common Stock,0.0,deepseek_classify_rename_vs_different_security,pending_deepseek_review,TWSE::3704,TWSE,later_global_review
low_name_similarity|severe_name_mismatch,P3,3705,TWSE,XTAI,永信國際投資控股股份有限公司,Yungshin Global Holding Corp.,Common Stock,0.0,deepseek_classify_rename_vs_different_security,pending_deepseek_review,TWSE::3705,TWSE,later_global_review
low_name_similarity|severe_name_mismatch,P3,3706,TWSE,XTAI,神達控股股份有限公司,Mitac Holdings Corp.,Common Stock,0.0,deepseek_classify_rename_vs_different_security,pending_deepseek_review,TWSE::3706,TWSE,later_global_review
low_name_similarity|severe_name_mismatch,P3,3708,TWSE,XTAI,上緯國際投資控股股份有限公司,Swancor Holding Co. Ltd.,Common Stock,0.0,deepseek_classify_rename_vs_different_security,pending_deepseek_review,TWSE::3708,TWSE,later_global_review
low_name_similarity|severe_name_mismatch,P3,3711,TWSE,XTAI,日月光投資控股股份有限公司,"ASE Technology Holding Co., Ltd.",Common Stock,0.0,deepseek_classify_rename_vs_different_security,pending_deepseek_review,TWSE::3711,TWSE,later_global_review
low_name_similarity|severe_name_mismatch,P3,3712,TWSE,XTAI,永崴投資控股股份有限公司,"Fit Holding Co., Ltd.",Common Stock,0.0,deepseek_classify_rename_vs_different_security,pending_deepseek_review,TWSE::3712,TWSE,later_global_review
low_name_similarity|severe_name_mismatch,P3,3714,TWSE,XTAI,富采控股股份有限公司,Ennostar Inc.,Common Stock,0.0,deepseek_classify_rename_vs_different_security,pending_deepseek_review,TWSE::3714,TWSE,later_global_review
low_name_similarity|severe_name_mismatch,P3,3715,TWSE,XTAI,定穎投資控股股份有限公司,Dynamic Holding Co. Ltd.,Common Stock,0.0,deepseek_classify_rename_vs_different_security,pending_deepseek_review,TWSE::3715,TWSE,later_global_review
low_name_similarity|severe_name_mismatch,P3,3716,TWSE,XTAI,中化控股股份有限公司,Cenra Inc.,Common Stock,0.0,deepseek_classify_rename_vs_different_security,pending_deepseek_review,TWSE::3716,TWSE,later_global_review
low_name_similarity|severe_name_mismatch,P3,3717,TWSE,XTAI,聯嘉光電投資控股股份有限公司,"EOI Holding Co., Ltd.",Common Stock,0.0,deepseek_classify_rename_vs_different_security,pending_deepseek_review,TWSE::3717,TWSE,later_global_review
low_name_similarity|severe_name_mismatch,P3,4104,TWSE,XTAI,佳醫健康事業股份有限公司,Excelsior Medical Co. Ltd.,Common Stock,0.0,deepseek_classify_rename_vs_different_security,pending_deepseek_review,TWSE::4104,TWSE,later_global_review
low_name_similarity|severe_name_mismatch,P3,4106,TWSE,XTAI,雃博股份有限公司,Wellell Inc.,Common Stock,0.0,deepseek_classify_rename_vs_different_security,pending_deepseek_review,TWSE::4106,TWSE,later_global_review
low_name_similarity|severe_name_mismatch,P3,4108,TWSE,XTAI,懷特生技新藥股份有限公司,PhytoHealth Corp.,Common Stock,0.0,deepseek_classify_rename_vs_different_security,pending_deepseek_review,TWSE::4108,TWSE,later_global_review
low_name_similarity|severe_name_mismatch,P3,4119,TWSE,XTAI,旭富製藥科技股份有限公司,Sci Pharmtech Inc.,Common Stock,0.0,deepseek_classify_rename_vs_different_security,pending_deepseek_review,TWSE::4119,TWSE,later_global_review
low_name_similarity|severe_name_mismatch,P3,4133,TWSE,XTAI,亞諾法生技股份有限公司,Abnova Corp.,Common Stock,0.0,deepseek_classify_rename_vs_different_security,pending_deepseek_review,TWSE::4133,TWSE,later_global_review
low_name_similarity|severe_name_mismatch,P3,4142,TWSE,XTAI,國光生物科技股份有限公司,Adimmune Corp,Common Stock,0.0,deepseek_classify_rename_vs_different_security,pending_deepseek_review,TWSE::4142,TWSE,later_global_review
low_name_similarity|severe_name_mismatch,P3,4155,TWSE,XTAI,訊映光電股份有限公司,"OK Biotech Co., Ltd.",Common Stock,0.0,deepseek_classify_rename_vs_different_security,pending_deepseek_review,TWSE::4155,TWSE,later_global_review
low_name_similarity|severe_name_mismatch,P3,4164,TWSE,XTAI,承業生醫投資控股股份有限公司,CHC Healthcare Group,Common Stock,0.0,deepseek_classify_rename_vs_different_security,pending_deepseek_review,TWSE::4164,TWSE,later_global_review
low_name_similarity|severe_name_mismatch,P3,4306,TWSE,XTAI,炎洲股份有限公司,"YC Co., Ltd.",Common Stock,0.0,deepseek_classify_rename_vs_different_security,pending_deepseek_review,TWSE::4306,TWSE,later_global_review
low_name_similarity|severe_name_mismatch,P3,4414,TWSE,XTAI,如興股份有限公司,"Roo Hsing Co., Ltd.",Common Stock,0.0,deepseek_classify_rename_vs_different_security,pending_deepseek_review,TWSE::4414,TWSE,later_global_review
low_name_similarity|severe_name_mismatch,P3,4426,TWSE,XTAI,利勤實業股份有限公司,"Li Cheng Enterprise Co., Ltd.",Common Stock,0.0,deepseek_classify_rename_vs_different_security,pending_deepseek_review,TWSE::4426,TWSE,later_global_review
low_name_similarity|severe_name_mismatch,P3,4438,TWSE,XTAI,廣越企業股份有限公司,"Quang Viet Enterprise Co., Ltd.",Common Stock,0.0,deepseek_classify_rename_vs_different_security,pending_deepseek_review,TWSE::4438,TWSE,later_global_review
low_name_similarity|severe_name_mismatch,P3,4440,TWSE,XTAI,宜新實業股份有限公司,"Yi Shin Textile Industrial Co., Ltd.",Common Stock,0.0,deepseek_classify_rename_vs_different_security,pending_deepseek_review,TWSE::4440,TWSE,later_global_review
low_name_similarity|severe_name_mismatch,P3,4526,TWSE,XTAI,東台精機股份有限公司,Tong-Tai Machine & Tool Co. Ltd.,Common Stock,0.0,deepseek_classify_rename_vs_different_security,pending_deepseek_review,TWSE::4526,TWSE,later_global_review
low_name_similarity|severe_name_mismatch,P3,4532,TWSE,XTAI,瑞智精密股份有限公司,"Rechi Precision Co., Ltd.",Common Stock,0.0,deepseek_classify_rename_vs_different_security,pending_deepseek_review,TWSE::4532,TWSE,later_global_review
low_name_similarity|severe_name_mismatch,P3,4536,TWSE,XTAI,拓凱實業股份有限公司,Topkey Corp.,Common Stock,0.0,deepseek_classify_rename_vs_different_security,pending_deepseek_review,TWSE::4536,TWSE,later_global_review
low_name_similarity|severe_name_mismatch,P3,4540,TWSE,XTAI,全球傳動科技股份有限公司,"TBI Motion Technology Co., Ltd.",Common Stock,0.0,deepseek_classify_rename_vs_different_security,pending_deepseek_review,TWSE::4540,TWSE,later_global_review
low_name_similarity|severe_name_mismatch,P3,4545,TWSE,XTAI,銘鈺精密工業股份有限公司,"Min Aik Precision Industrial Co., Ltd.",Common Stock,0.0,deepseek_classify_rename_vs_different_security,pending_deepseek_review,TWSE::4545,TWSE,later_global_review
low_name_similarity|severe_name_mismatch,P3,4551,TWSE,XTAI,智伸科技股份有限公司,"Global PMX Co., Ltd.",Common Stock,0.0,deepseek_classify_rename_vs_different_security,pending_deepseek_review,TWSE::4551,TWSE,later_global_review
low_name_similarity|severe_name_mismatch,P3,4555,TWSE,XTAI,台灣氣立股份有限公司,Taiwan Chelic Corporation Ltd.,Common Stock,0.0,deepseek_classify_rename_vs_different_security,pending_deepseek_review,TWSE::4555,TWSE,later_global_review
low_name_similarity|severe_name_mismatch,P3,4562,TWSE,XTAI,穎漢科技股份有限公司,"Ying Han Technology Co., Ltd.",Common Stock,0.0,deepseek_classify_rename_vs_different_security,pending_deepseek_review,TWSE::4562,TWSE,later_global_review
low_name_similarity|severe_name_mismatch,P3,4564,TWSE,XTAI,元翎精密工業股份有限公司,Mosa Industrial Corporation,Common Stock,0.0,deepseek_classify_rename_vs_different_security,pending_deepseek_review,TWSE::4564,TWSE,later_global_review
low_name_similarity|severe_name_mismatch,P3,4566,TWSE,XTAI,時碩工業股份有限公司,"Globaltek Fabrication Co., Ltd.",Common Stock,0.0,deepseek_classify_rename_vs_different_security,pending_deepseek_review,TWSE::4566,TWSE,later_global_review
low_name_similarity|severe_name_mismatch,P3,4572,TWSE,XTAI,駐龍精密機械股份有限公司,Drewloong Precision Inc.,Common Stock,0.0,deepseek_classify_rename_vs_different_security,pending_deepseek_review,TWSE::4572,TWSE,later_global_review
low_name_similarity|severe_name_mismatch,P3,4576,TWSE,XTAI,大銀微系統股份有限公司,Hiwin Mikrosystem Corp.,Common Stock,0.0,deepseek_classify_rename_vs_different_security,pending_deepseek_review,TWSE::4576,TWSE,later_global_review
low_name_similarity|severe_name_mismatch,P3,4583,TWSE,XTAI,台灣精銳科技股份有限公司,Apex Dynamics Inc.,Common Stock,0.0,deepseek_classify_rename_vs_different_security,pending_deepseek_review,TWSE::4583,TWSE,later_global_review
low_name_similarity|severe_name_mismatch,P3,4720,TWSE,XTAI,德淵企業股份有限公司,Tex Year Industries Inc.,Common Stock,0.0,deepseek_classify_rename_vs_different_security,pending_deepseek_review,TWSE::4720,TWSE,later_global_review
low_name_similarity|severe_name_mismatch,P3,4722,TWSE,XTAI,國精化學股份有限公司,Qualipoly Chemical Corp.,Common Stock,0.0,deepseek_classify_rename_vs_different_security,pending_deepseek_review,TWSE::4722,TWSE,later_global_review
low_name_similarity|severe_name_mismatch,P3,4737,TWSE,XTAI,華廣生技股份有限公司,Bionime Corporation,Common Stock,0.0,deepseek_classify_rename_vs_different_security,pending_deepseek_review,TWSE::4737,TWSE,later_global_review
low_name_similarity|severe_name_mismatch,P3,4739,TWSE,XTAI,康普材料科技股份有限公司,Coremax Corporation,Common Stock,0.0,deepseek_classify_rename_vs_different_security,pending_deepseek_review,TWSE::4739,TWSE,later_global_review
low_name_similarity|severe_name_mismatch,P3,4746,TWSE,XTAI,台耀化學股份有限公司,Formosa Laboratories Inc.,Common Stock,0.0,deepseek_classify_rename_vs_different_security,pending_deepseek_review,TWSE::4746,TWSE,later_global_review
low_name_similarity|severe_name_mismatch,P3,4755,TWSE,XTAI,三福化工股份有限公司,"San Fu Chemical Co., Ltd.",Common Stock,0.0,deepseek_classify_rename_vs_different_security,pending_deepseek_review,TWSE::4755,TWSE,later_global_review
low_name_similarity|severe_name_mismatch,P3,4764,TWSE,XTAI,雙鍵化工股份有限公司,"Double Bond Chemical Ind. Co., Ltd.",Common Stock,0.0,deepseek_classify_rename_vs_different_security,pending_deepseek_review,TWSE::4764,TWSE,later_global_review
low_name_similarity|severe_name_mismatch,P3,4766,TWSE,XTAI,南寶樹脂化學工廠股份有限公司,"Nan Pao Resins Chemical Co., Ltd.",Common Stock,0.0,deepseek_classify_rename_vs_different_security,pending_deepseek_review,TWSE::4766,TWSE,later_global_review
low_name_similarity|severe_name_mismatch,P3,4770,TWSE,XTAI,上品綜合工業股份有限公司,Allied Supreme Corporation,Common Stock,0.0,deepseek_classify_rename_vs_different_security,pending_deepseek_review,TWSE::4770,TWSE,later_global_review
low_name_similarity|severe_name_mismatch,P3,4904,TWSE,XTAI,遠傳電信股份有限公司,"Far EasTone Telecommunications Co., Ltd.",Common Stock,0.0,deepseek_classify_rename_vs_different_security,pending_deepseek_review,TWSE::4904,TWSE,later_global_review
low_name_similarity|severe_name_mismatch,P3,4906,TWSE,XTAI,正文科技股份有限公司,Gemtek Technology Corp.,Common Stock,0.0,deepseek_classify_rename_vs_different_security,pending_deepseek_review,TWSE::4906,TWSE,later_global_review
low_name_similarity|severe_name_mismatch,P3,4915,TWSE,XTAI,致伸科技股份有限公司,Primax Electronics Ltd.,Common Stock,0.0,deepseek_classify_rename_vs_different_security,pending_deepseek_review,TWSE::4915,TWSE,later_global_review
low_name_similarity|severe_name_mismatch,P3,4916,TWSE,XTAI,事欣科技股份有限公司,Parpro Corporation,Common Stock,0.0,deepseek_classify_rename_vs_different_security,pending_deepseek_review,TWSE::4916,TWSE,later_global_review
low_name_similarity|severe_name_mismatch,P3,4919,TWSE,XTAI,新唐科技股份有限公司,Nuvoton Technology Corporation,Common Stock,0.0,deepseek_classify_rename_vs_different_security,pending_deepseek_review,TWSE::4919,TWSE,later_global_review
low_name_similarity|severe_name_mismatch,P3,4930,TWSE,XTAI,燦星網通股份有限公司,Star Comgistic Capital Co Ltd.,Common Stock,0.0,deepseek_classify_rename_vs_different_security,pending_deepseek_review,TWSE::4930,TWSE,later_global_review
low_name_similarity|severe_name_mismatch,P3,4934,TWSE,XTAI,太極能源科技股份有限公司,"Tainergy Tech Co., Ltd.",Common Stock,0.0,deepseek_classify_rename_vs_different_security,pending_deepseek_review,TWSE::4934,TWSE,later_global_review
low_name_similarity|severe_name_mismatch,P3,4938,TWSE,XTAI,和碩聯合科技股份有限公司,Pegatron Corp.,Common Stock,0.0,deepseek_classify_rename_vs_different_security,pending_deepseek_review,TWSE::4938,TWSE,later_global_review
low_name_similarity|severe_name_mismatch,P3,4942,TWSE,XTAI,嘉彰股份有限公司,"Chia Chang Co., Ltd.",Common Stock,0.0,deepseek_classify_rename_vs_different_security,pending_deepseek_review,TWSE::4942,TWSE,later_global_review
low_name_similarity|severe_name_mismatch,P3,4952,TWSE,XTAI,凌通科技股份有限公司,Generalplus Technology Inc.,Common Stock,0.0,deepseek_classify_rename_vs_different_security,pending_deepseek_review,TWSE::4952,TWSE,later_global_review
low_name_similarity|severe_name_mismatch,P3,4956,TWSE,XTAI,光鋐科技股份有限公司,Epileds Technologies Inc.,Common Stock,0.0,deepseek_classify_rename_vs_different_security,pending_deepseek_review,TWSE::4956,TWSE,later_global_review
low_name_similarity|severe_name_mismatch,P3,4960,TWSE,XTAI,誠美材料科技股份有限公司,"Cheng Mei Materials Technology Co., Ltd.",Common Stock,0.0,deepseek_classify_rename_vs_different_security,pending_deepseek_review,TWSE::4960,TWSE,later_global_review
low_name_similarity|severe_name_mismatch,P3,4961,TWSE,XTAI,天鈺科技股份有限公司,Fitipower Integrated Technology Inc.,Common Stock,0.0,deepseek_classify_rename_vs_different_security,pending_deepseek_review,TWSE::4961,TWSE,later_global_review
low_name_similarity|severe_name_mismatch,P3,4967,TWSE,XTAI,十銓科技股份有限公司,Team Group Inc.,Common Stock,0.0,deepseek_classify_rename_vs_different_security,pending_deepseek_review,TWSE::4967,TWSE,later_global_review
low_name_similarity|severe_name_mismatch,P3,4968,TWSE,XTAI,立積電子股份有限公司,RichWave Technology Corp.,Common Stock,0.0,deepseek_classify_rename_vs_different_security,pending_deepseek_review,TWSE::4968,TWSE,later_global_review
low_name_similarity|severe_name_mismatch,P3,4976,TWSE,XTAI,佳凌科技股份有限公司,"Calin Technology Co., Ltd.",Common Stock,0.0,deepseek_classify_rename_vs_different_security,pending_deepseek_review,TWSE::4976,TWSE,later_global_review
low_name_similarity|severe_name_mismatch,P3,4989,TWSE,XTAI,李長榮科技股份有限公司,Lcy Technology Corp.,Common Stock,0.0,deepseek_classify_rename_vs_different_security,pending_deepseek_review,TWSE::4989,TWSE,later_global_review
low_name_similarity|severe_name_mismatch,P3,4994,TWSE,XTAI,傳奇網路遊戲股份有限公司,"X-Legend Entertainment Co., Ltd.",Common Stock,0.0,deepseek_classify_rename_vs_different_security,pending_deepseek_review,TWSE::4994,TWSE,later_global_review
low_name_similarity|severe_name_mismatch,P3,4999,TWSE,XTAI,鑫禾科技股份有限公司,Sinher Technology Inc.,Common Stock,0.0,deepseek_classify_rename_vs_different_security,pending_deepseek_review,TWSE::4999,TWSE,later_global_review
low_name_similarity|severe_name_mismatch,P3,5007,TWSE,XTAI,三星科技股份有限公司,San Shing Fastech Corp.,Common Stock,0.0,deepseek_classify_rename_vs_different_security,pending_deepseek_review,TWSE::5007,TWSE,later_global_review
low_name_similarity|severe_name_mismatch,P3,5203,TWSE,XTAI,訊連科技股份有限公司,CyberLink Corp,Common Stock,0.0,deepseek_classify_rename_vs_different_security,pending_deepseek_review,TWSE::5203,TWSE,later_global_review
low_name_similarity|severe_name_mismatch,P3,5222,TWSE,XTAI,全訊科技股份有限公司,Transcom Inc.,Common Stock,0.0,deepseek_classify_rename_vs_different_security,pending_deepseek_review,TWSE::5222,TWSE,later_global_review
low_name_similarity|severe_name_mismatch,P3,5234,TWSE,XTAI,達興材料股份有限公司,Daxin Materials Corporation,Common Stock,0.0,deepseek_classify_rename_vs_different_security,pending_deepseek_review,TWSE::5234,TWSE,later_global_review
low_name_similarity|severe_name_mismatch,P3,5244,TWSE,XTAI,弘凱光電股份有限公司,"Brightek Optoelectronic Co., Ltd.",Common Stock,0.0,deepseek_classify_rename_vs_different_security,pending_deepseek_review,TWSE::5244,TWSE,later_global_review
low_name_similarity|severe_name_mismatch,P3,5306,TWSE,XTAI,桂盟國際股份有限公司,Kuei Meng International Inc.,Common Stock,0.0,deepseek_classify_rename_vs_different_security,pending_deepseek_review,TWSE::5306,TWSE,later_global_review
low_name_similarity|severe_name_mismatch,P3,5388,TWSE,XTAI,中磊電子股份有限公司,Sercomm Corporation,Common Stock,0.0,deepseek_classify_rename_vs_different_security,pending_deepseek_review,TWSE::5388,TWSE,later_global_review
low_name_similarity|severe_name_mismatch,P3,5434,TWSE,XTAI,崇越科技股份有限公司,"Topco Scientific Co., Ltd.",Common Stock,0.0,deepseek_classify_rename_vs_different_security,pending_deepseek_review,TWSE::5434,TWSE,later_global_review
low_name_similarity|severe_name_mismatch,P3,5469,TWSE,XTAI,瀚宇博德股份有限公司,HannStar Board Corporation,Common Stock,0.0,deepseek_classify_rename_vs_different_security,pending_deepseek_review,TWSE::5469,TWSE,later_global_review
low_name_similarity|severe_name_mismatch,P3,5471,TWSE,XTAI,松翰科技股份有限公司,"Sonix Technology Co., Ltd.",Common Stock,0.0,deepseek_classify_rename_vs_different_security,pending_deepseek_review,TWSE::5471,TWSE,later_global_review
low_name_similarity|severe_name_mismatch,P3,5484,TWSE,XTAI,慧友電子股份有限公司,EverFocus Electronics Corp.,Common Stock,0.0,deepseek_classify_rename_vs_different_security,pending_deepseek_review,TWSE::5484,TWSE,later_global_review
low_name_similarity|severe_name_mismatch,P3,5515,TWSE,XTAI,建國工程股份有限公司,"Chien Kuo Construction Co., Ltd.",Common Stock,0.0,deepseek_classify_rename_vs_different_security,pending_deepseek_review,TWSE::5515,TWSE,later_global_review
low_name_similarity|severe_name_mismatch,P3,5519,TWSE,XTAI,隆大營建事業股份有限公司,Longda Construction & Development Co. Ltd.,Common Stock,0.0,deepseek_classify_rename_vs_different_security,pending_deepseek_review,TWSE::5519,TWSE,later_global_review
low_name_similarity|severe_name_mismatch,P3,5521,TWSE,XTAI,工信工程股份有限公司,Kung Sing Engineering Corporation,Common Stock,0.0,deepseek_classify_rename_vs_different_security,pending_deepseek_review,TWSE::5521,TWSE,later_global_review
low_name_similarity|severe_name_mismatch,P3,5522,TWSE,XTAI,遠雄建設事業股份有限公司,"Farglory Land Development Co., Ltd.",Common Stock,0.0,deepseek_classify_rename_vs_different_security,pending_deepseek_review,TWSE::5522,TWSE,later_global_review
low_name_similarity|severe_name_mismatch,P3,5525,TWSE,XTAI,順天建設股份有限公司,Sweeten Real Estate Development Inc.,Common Stock,0.0,deepseek_classify_rename_vs_different_security,pending_deepseek_review,TWSE::5525,TWSE,later_global_review
low_name_similarity|severe_name_mismatch,P3,5531,TWSE,XTAI,鄉林建設事業股份有限公司,"Shining Building Business Co., Ltd.",Common Stock,0.0,deepseek_classify_rename_vs_different_security,pending_deepseek_review,TWSE::5531,TWSE,later_global_review
low_name_similarity|severe_name_mismatch,P3,5534,TWSE,XTAI,長虹建設股份有限公司,"Chong Hong Construction Co., Ltd.",Common Stock,0.0,deepseek_classify_rename_vs_different_security,pending_deepseek_review,TWSE::5534,TWSE,later_global_review
low_name_similarity|severe_name_mismatch,P3,5607,TWSE,XTAI,遠雄自貿港投資控股股份有限公司,Farglory Free Trade Zone Investment Holding Company Limited,Common Stock,0.0,deepseek_classify_rename_vs_different_security,pending_deepseek_review,TWSE::5607,TWSE,later_global_review
low_name_similarity|severe_name_mismatch,P3,5608,TWSE,XTAI,四維航業股份有限公司,Shih Wei Navigation Co. Ltd.,Common Stock,0.0,deepseek_classify_rename_vs_different_security,pending_deepseek_review,TWSE::5608,TWSE,later_global_review
low_name_similarity|severe_name_mismatch,P3,5706,TWSE,XTAI,鳳凰國際旅行社股份有限公司,Phoenix Tours International Inc.,Common Stock,0.0,deepseek_classify_rename_vs_different_security,pending_deepseek_review,TWSE::5706,TWSE,later_global_review
low_name_similarity|severe_name_mismatch,P3,5876,TWSE,XTAI,上海商業儲蓄銀行股份有限公司,"The Shanghai Commercial & Savings Bank, Ltd.",Common Stock,0.0,deepseek_classify_rename_vs_different_security,pending_deepseek_review,TWSE::5876,TWSE,later_global_review
low_name_similarity|severe_name_mismatch,P3,5880,TWSE,XTAI,合作金庫金融控股股份有限公司,"Taiwan Cooperative Financial Holding Co., Ltd.",Common Stock,0.0,deepseek_classify_rename_vs_different_security,pending_deepseek_review,TWSE::5880,TWSE,later_global_review
low_name_similarity|severe_name_mismatch,P3,6005,TWSE,XTAI,群益金鼎證券股份有限公司,Capital Securities Corporation,Common Stock,0.0,deepseek_classify_rename_vs_different_security,pending_deepseek_review,TWSE::6005,TWSE,later_global_review
low_name_similarity|severe_name_mismatch,P3,6024,TWSE,XTAI,群益期貨股份有限公司,Capital Futures Corp.,Common Stock,0.0,deepseek_classify_rename_vs_different_security,pending_deepseek_review,TWSE::6024,TWSE,later_global_review
low_name_similarity|severe_name_mismatch,P3,6108,TWSE,XTAI,競國實業股份有限公司,APCB Inc.,Common Stock,0.0,deepseek_classify_rename_vs_different_security,pending_deepseek_review,TWSE::6108,TWSE,later_global_review
low_name_similarity|severe_name_mismatch,P3,6112,TWSE,XTAI,邁達特數位股份有限公司,Metaage Corp.,Common Stock,0.0,deepseek_classify_rename_vs_different_security,pending_deepseek_review,TWSE::6112,TWSE,later_global_review
low_name_similarity|severe_name_mismatch,P3,6115,TWSE,XTAI,鎰勝工業股份有限公司,"I-Sheng Electric Wire & Cable Co., Ltd.",Common Stock,0.0,deepseek_classify_rename_vs_different_security,pending_deepseek_review,TWSE::6115,TWSE,later_global_review
low_name_similarity|severe_name_mismatch,P3,6116,TWSE,XTAI,瀚宇彩晶股份有限公司,HannStar Display Corporation,Common Stock,0.0,deepseek_classify_rename_vs_different_security,pending_deepseek_review,TWSE::6116,TWSE,later_global_review
low_name_similarity|severe_name_mismatch,P3,6117,TWSE,XTAI,迎廣科技股份有限公司,In Win Development Inc.,Common Stock,0.0,deepseek_classify_rename_vs_different_security,pending_deepseek_review,TWSE::6117,TWSE,later_global_review
low_name_similarity|severe_name_mismatch,P3,6120,TWSE,XTAI,達運精密工業股份有限公司,Darwin Precisions Corporation,Common Stock,0.0,deepseek_classify_rename_vs_different_security,pending_deepseek_review,TWSE::6120,TWSE,later_global_review
low_name_similarity|severe_name_mismatch,P3,6128,TWSE,XTAI,上福全球科技股份有限公司,General Plastic Industrial Co. Ltd.,Common Stock,0.0,deepseek_classify_rename_vs_different_security,pending_deepseek_review,TWSE::6128,TWSE,later_global_review
low_name_similarity|severe_name_mismatch,P3,6133,TWSE,XTAI,金橋科技股份有限公司,Golden Bridge Electech Inc.,Common Stock,0.0,deepseek_classify_rename_vs_different_security,pending_deepseek_review,TWSE::6133,TWSE,later_global_review
low_name_similarity|severe_name_mismatch,P3,6136,TWSE,XTAI,富爾特科技股份有限公司,"Fullerton Technology Co., Ltd.",Common Stock,0.0,deepseek_classify_rename_vs_different_security,pending_deepseek_review,TWSE::6136,TWSE,later_global_review
low_name_similarity|severe_name_mismatch,P3,6139,TWSE,XTAI,亞翔工程股份有限公司,"L&K Engineering Co., Ltd.",Common Stock,0.0,deepseek_classify_rename_vs_different_security,pending_deepseek_review,TWSE::6139,TWSE,later_global_review
low_name_similarity|severe_name_mismatch,P3,6141,TWSE,XTAI,柏承科技股份有限公司,"Plotech Co., Ltd.",Common Stock,0.0,deepseek_classify_rename_vs_different_security,pending_deepseek_review,TWSE::6141,TWSE,later_global_review
low_name_similarity|severe_name_mismatch,P3,6142,TWSE,XTAI,友勁科技股份有限公司,Cameo Communications Inc.,Common Stock,0.0,deepseek_classify_rename_vs_different_security,pending_deepseek_review,TWSE::6142,TWSE,later_global_review
low_name_similarity|severe_name_mismatch,P3,6152,TWSE,XTAI,百一電子股份有限公司,Prime Electronics & Satellite Inc.,Common Stock,0.0,deepseek_classify_rename_vs_different_security,pending_deepseek_review,TWSE::6152,TWSE,later_global_review
low_name_similarity|severe_name_mismatch,P3,6153,TWSE,XTAI,嘉聯益科技股份有限公司,"Career Technology Co., Ltd.",Common Stock,0.0,deepseek_classify_rename_vs_different_security,pending_deepseek_review,TWSE::6153,TWSE,later_global_review
low_name_similarity|severe_name_mismatch,P3,6155,TWSE,XTAI,鈞寶電子工業股份有限公司,King Core Electronics Inc.,Common Stock,0.0,deepseek_classify_rename_vs_different_security,pending_deepseek_review,TWSE::6155,TWSE,later_global_review
low_name_similarity|severe_name_mismatch,P3,6164,TWSE,XTAI,華興電子工業股份有限公司,Ledtech Electronics Corp.,Common Stock,0.0,deepseek_classify_rename_vs_different_security,pending_deepseek_review,TWSE::6164,TWSE,later_global_review
low_name_similarity|severe_name_mismatch,P3,6165,TWSE,XTAI,浪凡網路科技股份有限公司,Lang Inc.,Common Stock,0.0,deepseek_classify_rename_vs_different_security,pending_deepseek_review,TWSE::6165,TWSE,later_global_review
low_name_similarity|severe_name_mismatch,P3,6166,TWSE,XTAI,凌華科技股份有限公司,Adlink Technology Inc.,Common Stock,0.0,deepseek_classify_rename_vs_different_security,pending_deepseek_review,TWSE::6166,TWSE,later_global_review
low_name_similarity|severe_name_mismatch,P3,6168,TWSE,XTAI,宏齊科技股份有限公司,Harvatek Corporation,Common Stock,0.0,deepseek_classify_rename_vs_different_security,pending_deepseek_review,TWSE::6168,TWSE,later_global_review
low_name_similarity|severe_name_mismatch,P3,6176,TWSE,XTAI,瑞儀光電股份有限公司,Radiant Opto-Electronics Corporation,Common Stock,0.0,deepseek_classify_rename_vs_different_security,pending_deepseek_review,TWSE::6176,TWSE,later_global_review
low_name_similarity|severe_name_mismatch,P3,6177,TWSE,XTAI,達麗建設事業股份有限公司,Da-Li Development Co. Ltd.,Common Stock,0.0,deepseek_classify_rename_vs_different_security,pending_deepseek_review,TWSE::6177,TWSE,later_global_review
low_name_similarity|severe_name_mismatch,P3,6183,TWSE,XTAI,關貿網路股份有限公司,Trade-Van Information Services Co.,Common Stock,0.0,deepseek_classify_rename_vs_different_security,pending_deepseek_review,TWSE::6183,TWSE,later_global_review
low_name_similarity|severe_name_mismatch,P3,6184,TWSE,XTAI,大豐有線電視股份有限公司,Dafeng TV Ltd.,Common Stock,0.0,deepseek_classify_rename_vs_different_security,pending_deepseek_review,TWSE::6184,TWSE,later_global_review
low_name_similarity|severe_name_mismatch,P3,6189,TWSE,XTAI,豐藝電子股份有限公司,"Promate Electronic Co., Ltd.",Common Stock,0.0,deepseek_classify_rename_vs_different_security,pending_deepseek_review,TWSE::6189,TWSE,later_global_review
low_name_similarity|severe_name_mismatch,P3,6191,TWSE,XTAI,精成科技股份有限公司,Global Brands Manufacture Ltd.,Common Stock,0.0,deepseek_classify_rename_vs_different_security,pending_deepseek_review,TWSE::6191,TWSE,later_global_review
low_name_similarity|severe_name_mismatch,P3,6192,TWSE,XTAI,巨路國際股份有限公司,Lumax International Corp Ltd.,Common Stock,0.0,deepseek_classify_rename_vs_different_security,pending_deepseek_review,TWSE::6192,TWSE,later_global_review
low_name_similarity|severe_name_mismatch,P3,6196,TWSE,XTAI,帆宣系統科技股份有限公司,Marketech International Corp.,Common Stock,0.0,deepseek_classify_rename_vs_different_security,pending_deepseek_review,TWSE::6196,TWSE,later_global_review
low_name_similarity|severe_name_mismatch,P3,6197,TWSE,XTAI,佳必琪國際股份有限公司,Jpc Connectivity Inc.,Common Stock,0.0,deepseek_classify_rename_vs_different_security,pending_deepseek_review,TWSE::6197,TWSE,later_global_review
low_name_similarity|severe_name_mismatch,P3,6201,TWSE,XTAI,亞弘電科技股份有限公司,"Ya Horng Electronic Co., Ltd.",Common Stock,0.0,deepseek_classify_rename_vs_different_security,pending_deepseek_review,TWSE::6201,TWSE,later_global_review
low_name_similarity|severe_name_mismatch,P3,6202,TWSE,XTAI,盛群半導體股份有限公司,Holtek Semiconductor Inc.,Common Stock,0.0,deepseek_classify_rename_vs_different_security,pending_deepseek_review,TWSE::6202,TWSE,later_global_review
low_name_similarity|severe_name_mismatch,P3,6205,TWSE,XTAI,詮欣股份有限公司,"Chant Sincere Co., Ltd.",Common Stock,0.0,deepseek_classify_rename_vs_different_security,pending_deepseek_review,TWSE::6205,TWSE,later_global_review
low_name_similarity|severe_name_mismatch,P3,6206,TWSE,XTAI,飛捷科技股份有限公司,"Flytech Technology Co., Ltd.",Common Stock,0.0,deepseek_classify_rename_vs_different_security,pending_deepseek_review,TWSE::6206,TWSE,later_global_review
low_name_similarity|severe_name_mismatch,P3,6209,TWSE,XTAI,今國光學工業股份有限公司,"Kinko Optical Co., Ltd.",Common Stock,0.0,deepseek_classify_rename_vs_different_security,pending_deepseek_review,TWSE::6209,TWSE,later_global_review
low_name_similarity|severe_name_mismatch,P3,6213,TWSE,XTAI,聯茂電子股份有限公司,Iteq Corporation,Common Stock,0.0,deepseek_classify_rename_vs_different_security,pending_deepseek_review,TWSE::6213,TWSE,later_global_review
low_name_similarity|severe_name_mismatch,P3,6214,TWSE,XTAI,精誠資訊股份有限公司,Systex Corporation,Common Stock,0.0,deepseek_classify_rename_vs_different_security,pending_deepseek_review,TWSE::6214,TWSE,later_global_review
low_name_similarity|severe_name_mismatch,P3,6215,TWSE,XTAI,和椿科技股份有限公司,Aurotek Corporation,Common Stock,0.0,deepseek_classify_rename_vs_different_security,pending_deepseek_review,TWSE::6215,TWSE,later_global_review
low_name_similarity|severe_name_mismatch,P3,6216,TWSE,XTAI,居易科技股份有限公司,DrayTek Corp.,Common Stock,0.0,deepseek_classify_rename_vs_different_security,pending_deepseek_review,TWSE::6216,TWSE,later_global_review
low_name_similarity|severe_name_mismatch,P3,6224,TWSE,XTAI,聚鼎科技股份有限公司,Polytronics Technology Corp.,Common Stock,0.0,deepseek_classify_rename_vs_different_security,pending_deepseek_review,TWSE::6224,TWSE,later_global_review
low_name_similarity|severe_name_mismatch,P3,6225,TWSE,XTAI,天瀚科技股份有限公司,Aiptek International Inc.,Common Stock,0.0,deepseek_classify_rename_vs_different_security,pending_deepseek_review,TWSE::6225,TWSE,later_global_review
low_name_similarity|severe_name_mismatch,P3,6226,TWSE,XTAI,光鼎電子股份有限公司,"Para Light Electronics Co., Ltd.",Common Stock,0.0,deepseek_classify_rename_vs_different_security,pending_deepseek_review,TWSE::6226,TWSE,later_global_review
low_name_similarity|severe_name_mismatch,P3,6230,TWSE,XTAI,尼得科超眾科技股份有限公司,Nidec Chaun-Choung Technology Corp.,Common Stock,0.0,deepseek_classify_rename_vs_different_security,pending_deepseek_review,TWSE::6230,TWSE,later_global_review
low_name_similarity|severe_name_mismatch,P3,6235,TWSE,XTAI,華孚科技股份有限公司,Waffer Technology Corp.,Common Stock,0.0,deepseek_classify_rename_vs_different_security,pending_deepseek_review,TWSE::6235,TWSE,later_global_review
low_name_similarity|severe_name_mismatch,P3,6239,TWSE,XTAI,力成科技股份有限公司,Powertech Technology Inc.,Common Stock,0.0,deepseek_classify_rename_vs_different_security,pending_deepseek_review,TWSE::6239,TWSE,later_global_review
low_name_similarity|severe_name_mismatch,P3,6243,TWSE,XTAI,迅杰科技股份有限公司,Ene Technology Inc.,Common Stock,0.0,deepseek_classify_rename_vs_different_security,pending_deepseek_review,TWSE::6243,TWSE,later_global_review
low_name_similarity|severe_name_mismatch,P3,6257,TWSE,XTAI,矽格股份有限公司,Sigurd Microelectronics Corp.,Common Stock,0.0,deepseek_classify_rename_vs_different_security,pending_deepseek_review,TWSE::6257,TWSE,later_global_review
low_name_similarity|severe_name_mismatch,P3,6269,TWSE,XTAI,台郡科技股份有限公司,Flexium Interconnect Inc.,Common Stock,0.0,deepseek_classify_rename_vs_different_security,pending_deepseek_review,TWSE::6269,TWSE,later_global_review
low_name_similarity|severe_name_mismatch,P3,6271,TWSE,XTAI,同欣電子工業股份有限公司,Tong Hsing Electronic Industries Ltd.,Common Stock,0.0,deepseek_classify_rename_vs_different_security,pending_deepseek_review,TWSE::6271,TWSE,later_global_review
low_name_similarity|severe_name_mismatch,P3,6277,TWSE,XTAI,宏正自動科技股份有限公司,"Aten International Co., Ltd.",Common Stock,0.0,deepseek_classify_rename_vs_different_security,pending_deepseek_review,TWSE::6277,TWSE,later_global_review
low_name_similarity|severe_name_mismatch,P3,6278,TWSE,XTAI,台灣表面黏著科技股份有限公司,Taiwan Surface Mounting Technology Corp.,Common Stock,0.0,deepseek_classify_rename_vs_different_security,pending_deepseek_review,TWSE::6278,TWSE,later_global_review
low_name_similarity|severe_name_mismatch,P3,6281,TWSE,XTAI,全國電子股份有限公司,E-Life Mall Corporation,Common Stock,0.0,deepseek_classify_rename_vs_different_security,pending_deepseek_review,TWSE::6281,TWSE,later_global_review
low_name_similarity|severe_name_mismatch,P3,6282,TWSE,XTAI,康舒科技股份有限公司,Acbel Polytech Inc.,Common Stock,0.0,deepseek_classify_rename_vs_different_security,pending_deepseek_review,TWSE::6282,TWSE,later_global_review
low_name_similarity|severe_name_mismatch,P3,6283,TWSE,XTAI,淳安電子股份有限公司,"Shun On Electronic Co., Ltd.",Common Stock,0.0,deepseek_classify_rename_vs_different_security,pending_deepseek_review,TWSE::6283,TWSE,later_global_review
low_name_similarity|severe_name_mismatch,P3,6285,TWSE,XTAI,啟碁科技股份有限公司,Wistron NeWeb Corp.,Common Stock,0.0,deepseek_classify_rename_vs_different_security,pending_deepseek_review,TWSE::6285,TWSE,later_global_review
low_name_similarity|severe_name_mismatch,P3,6405,TWSE,XTAI,悅城科技股份有限公司,Onano Industrial Corp.,Common Stock,0.0,deepseek_classify_rename_vs_different_security,pending_deepseek_review,TWSE::6405,TWSE,later_global_review
low_name_similarity|severe_name_mismatch,P3,6409,TWSE,XTAI,旭隼科技股份有限公司,Voltronic Power Technology Corp.,Common Stock,0.0,deepseek_classify_rename_vs_different_security,pending_deepseek_review,TWSE::6409,TWSE,later_global_review
low_name_similarity|severe_name_mismatch,P3,6412,TWSE,XTAI,群光電能科技股份有限公司,"Chicony Power Technology Co., Ltd.",Common Stock,0.0,deepseek_classify_rename_vs_different_security,pending_deepseek_review,TWSE::6412,TWSE,later_global_review
low_name_similarity|severe_name_mismatch,P3,6414,TWSE,XTAI,樺漢科技股份有限公司,Ennoconn Corporation,Common Stock,0.0,deepseek_classify_rename_vs_different_security,pending_deepseek_review,TWSE::6414,TWSE,later_global_review
low_name_similarity|severe_name_mismatch,P3,6416,TWSE,XTAI,瑞祺電通股份有限公司,Caswell Inc.,Common Stock,0.0,deepseek_classify_rename_vs_different_security,pending_deepseek_review,TWSE::6416,TWSE,later_global_review
low_name_similarity|severe_name_mismatch,P3,6426,TWSE,XTAI,統新光訊股份有限公司,"Apogee Optocom Co., Ltd.",Common Stock,0.0,deepseek_classify_rename_vs_different_security,pending_deepseek_review,TWSE::6426,TWSE,later_global_review
low_name_similarity|severe_name_mismatch,P3,6438,TWSE,XTAI,迅得機械股份有限公司,"Symtek Automation Asia Co., Ltd.",Common Stock,0.0,deepseek_classify_rename_vs_different_security,pending_deepseek_review,TWSE::6438,TWSE,later_global_review
low_name_similarity|severe_name_mismatch,P3,6442,TWSE,XTAI,光紅建聖股份有限公司,Ezconn Corporation,Common Stock,0.0,deepseek_classify_rename_vs_different_security,pending_deepseek_review,TWSE::6442,TWSE,later_global_review
low_name_similarity|severe_name_mismatch,P3,6443,TWSE,XTAI,元晶太陽能科技股份有限公司,TSEC Corporation,Common Stock,0.0,deepseek_classify_rename_vs_different_security,pending_deepseek_review,TWSE::6443,TWSE,later_global_review
low_name_similarity|severe_name_mismatch,P3,6449,TWSE,XTAI,鈺邦科技股份有限公司,"Apaq Technology Co., Ltd.",Common Stock,0.0,deepseek_classify_rename_vs_different_security,pending_deepseek_review,TWSE::6449,TWSE,later_global_review
low_name_similarity|severe_name_mismatch,P3,6464,TWSE,XTAI,台灣數位光訊科技股份有限公司,"Taiwan Optical Platform Co., Ltd.",Common Stock,0.0,deepseek_classify_rename_vs_different_security,pending_deepseek_review,TWSE::6464,TWSE,later_global_review
low_name_similarity|severe_name_mismatch,P3,6477,TWSE,XTAI,安集科技股份有限公司,"Anji Technology Co., Ltd.",Common Stock,0.0,deepseek_classify_rename_vs_different_security,pending_deepseek_review,TWSE::6477,TWSE,later_global_review
low_name_similarity|severe_name_mismatch,P3,6491,TWSE,XTAI,晶碩光學股份有限公司,Pegavision Corp.,Common Stock,0.0,deepseek_classify_rename_vs_different_security,pending_deepseek_review,TWSE::6491,TWSE,later_global_review
low_name_similarity|severe_name_mismatch,P3,6504,TWSE,XTAI,南六企業股份有限公司,"Nan Liu Enterprise Co., Ltd.",Common Stock,0.0,deepseek_classify_rename_vs_different_security,pending_deepseek_review,TWSE::6504,TWSE,later_global_review
low_name_similarity|severe_name_mismatch,P3,6505,TWSE,XTAI,台塑石化股份有限公司,Formosa Petrochemical Corporation,Common Stock,0.0,deepseek_classify_rename_vs_different_security,pending_deepseek_review,TWSE::6505,TWSE,later_global_review
low_name_similarity|severe_name_mismatch,P3,6515,TWSE,XTAI,穎崴科技股份有限公司,"Winway Technology Co., Ltd.",Common Stock,0.0,deepseek_classify_rename_vs_different_security,pending_deepseek_review,TWSE::6515,TWSE,later_global_review
low_name_similarity|severe_name_mismatch,P3,6531,TWSE,XTAI,愛普科技股份有限公司,AP Memory Technology Corp.,Common Stock,0.0,deepseek_classify_rename_vs_different_security,pending_deepseek_review,TWSE::6531,TWSE,later_global_review
low_name_similarity|severe_name_mismatch,P3,6533,TWSE,XTAI,晶心科技股份有限公司,Andes Technology Corporation,Common Stock,0.0,deepseek_classify_rename_vs_different_security,pending_deepseek_review,TWSE::6533,TWSE,later_global_review
low_name_similarity|severe_name_mismatch,P3,6552,TWSE,XTAI,易華電子股份有限公司,"JMC Electronics Co., Ltd.",Common Stock,0.0,deepseek_classify_rename_vs_different_security,pending_deepseek_review,TWSE::6552,TWSE,later_global_review
low_name_similarity|severe_name_mismatch,P3,6558,TWSE,XTAI,興能高科技股份有限公司,Synergy Scientech Corp.,Common Stock,0.0,deepseek_classify_rename_vs_different_security,pending_deepseek_review,TWSE::6558,TWSE,later_global_review
low_name_similarity|severe_name_mismatch,P3,6579,TWSE,XTAI,研揚科技股份有限公司,Aaeon Technology Inc.,Common Stock,0.0,deepseek_classify_rename_vs_different_security,pending_deepseek_review,TWSE::6579,TWSE,later_global_review
low_name_similarity|severe_name_mismatch,P3,6581,TWSE,XTAI,台灣鋼聯股份有限公司,"Taiwan Steel Union Co., Ltd.",Common Stock,0.0,deepseek_classify_rename_vs_different_security,pending_deepseek_review,TWSE::6581,TWSE,later_global_review
low_name_similarity|severe_name_mismatch,P3,6582,TWSE,XTAI,申豐特用應材股份有限公司,"Shin Foong Specialty and Applied Materials Co., Ltd.",Common Stock,0.0,deepseek_classify_rename_vs_different_security,pending_deepseek_review,TWSE::6582,TWSE,later_global_review
low_name_similarity|severe_name_mismatch,P3,6592,TWSE,XTAI,和潤企業股份有限公司,"Hotai Finance Co., Ltd.",Common Stock,0.0,deepseek_classify_rename_vs_different_security,pending_deepseek_review,TWSE::6592,TWSE,later_global_review
low_name_similarity|severe_name_mismatch,P3,6605,TWSE,XTAI,帝寶工業股份有限公司,Depo Auto Parts Industrial Co. Ltd.,Common Stock,0.0,deepseek_classify_rename_vs_different_security,pending_deepseek_review,TWSE::6605,TWSE,later_global_review
low_name_similarity|severe_name_mismatch,P3,6625,TWSE,XTAI,必應創造股份有限公司,"B'in Live Co., Ltd.",Common Stock,0.0,deepseek_classify_rename_vs_different_security,pending_deepseek_review,TWSE::6625,TWSE,later_global_review
low_name_similarity|severe_name_mismatch,P3,6655,TWSE,XTAI,科定企業股份有限公司,"Keding Enterprises Co., Ltd.",Common Stock,0.0,deepseek_classify_rename_vs_different_security,pending_deepseek_review,TWSE::6655,TWSE,later_global_review
low_name_similarity|severe_name_mismatch,P3,6668,TWSE,XTAI,中揚光電股份有限公司,"Zhong Yang Technology Co., Ltd.",Common Stock,0.0,deepseek_classify_rename_vs_different_security,pending_deepseek_review,TWSE::6668,TWSE,later_global_review
low_name_similarity|severe_name_mismatch,P3,6669,TWSE,XTAI,緯穎科技服務股份有限公司,Wiwynn Corporation,Common Stock,0.0,deepseek_classify_rename_vs_different_security,pending_deepseek_review,TWSE::6669,TWSE,later_global_review
low_name_similarity|severe_name_mismatch,P3,6670,TWSE,XTAI,復盛應用科技股份有限公司,"Fusheng Precision Co., Ltd.",Common Stock,0.0,deepseek_classify_rename_vs_different_security,pending_deepseek_review,TWSE::6670,TWSE,later_global_review
low_name_similarity|severe_name_mismatch,P3,6674,TWSE,XTAI,鋐寶科技股份有限公司,Compal Broadband Networks Inc.,Common Stock,0.0,deepseek_classify_rename_vs_different_security,pending_deepseek_review,TWSE::6674,TWSE,later_global_review
low_name_similarity|severe_name_mismatch,P3,6691,TWSE,XTAI,洋基工程股份有限公司,"Yankey Engineering Co., Ltd.",Common Stock,0.0,deepseek_classify_rename_vs_different_security,pending_deepseek_review,TWSE::6691,TWSE,later_global_review
low_name_similarity|severe_name_mismatch,P3,6698,TWSE,XTAI,旭暉應用材料股份有限公司,Finemat Applied Materials Co. Ltd.,Common Stock,0.0,deepseek_classify_rename_vs_different_security,pending_deepseek_review,TWSE::6698,TWSE,later_global_review
low_name_similarity|severe_name_mismatch,P3,6706,TWSE,XTAI,惠特科技股份有限公司,Fittech Co. Ltd.,Common Stock,0.0,deepseek_classify_rename_vs_different_security,pending_deepseek_review,TWSE::6706,TWSE,later_global_review
low_name_similarity|severe_name_mismatch,P3,6715,TWSE,XTAI,嘉基科技股份有限公司,"Lintes Technology Co., Ltd.",Common Stock,0.0,deepseek_classify_rename_vs_different_security,pending_deepseek_review,TWSE::6715,TWSE,later_global_review
low_name_similarity|severe_name_mismatch,P3,6719,TWSE,XTAI,力智電子股份有限公司,Upi Semiconductor Corp.,Common Stock,0.0,deepseek_classify_rename_vs_different_security,pending_deepseek_review,TWSE::6719,TWSE,later_global_review
low_name_similarity|severe_name_mismatch,P3,6743,TWSE,XTAI,安普新股份有限公司,Ampacs Corporation,Common Stock,0.0,deepseek_classify_rename_vs_different_security,pending_deepseek_review,TWSE::6743,TWSE,later_global_review
low_name_similarity|severe_name_mismatch,P3,6754,TWSE,XTAI,匯僑室內裝修設計股份有限公司,"Rich Honour International Designs Co., Ltd.",Common Stock,0.0,deepseek_classify_rename_vs_different_security,pending_deepseek_review,TWSE::6754,TWSE,later_global_review
low_name_similarity|severe_name_mismatch,P3,6756,TWSE,XTAI,威鋒電子股份有限公司,Via Labs Inc.,Common Stock,0.0,deepseek_classify_rename_vs_different_security,pending_deepseek_review,TWSE::6756,TWSE,later_global_review
low_name_similarity|severe_name_mismatch,P3,6776,TWSE,XTAI,展碁國際股份有限公司,Weblink International Inc.,Common Stock,0.0,deepseek_classify_rename_vs_different_security,pending_deepseek_review,TWSE::6776,TWSE,later_global_review
low_name_similarity|severe_name_mismatch,P3,6790,TWSE,XTAI,永豐餘消費品實業股份有限公司,Yuen Foong Yu Consumer Products Co. Ltd.,Common Stock,0.0,deepseek_classify_rename_vs_different_security,pending_deepseek_review,TWSE::6790,TWSE,later_global_review
low_name_similarity|severe_name_mismatch,P3,6792,TWSE,XTAI,詠業科技股份有限公司,Unictron Technologies Corp.,Common Stock,0.0,deepseek_classify_rename_vs_different_security,pending_deepseek_review,TWSE::6792,TWSE,later_global_review
low_name_similarity|severe_name_mismatch,P3,6799,TWSE,XTAI,來頡科技股份有限公司,M3 Technology Inc.,Common Stock,0.0,deepseek_classify_rename_vs_different_security,pending_deepseek_review,TWSE::6799,TWSE,later_global_review
low_name_similarity|severe_name_mismatch,P3,6806,TWSE,XTAI,森崴能源股份有限公司,"Shinfox Energy Co., Ltd.",Common Stock,0.0,deepseek_classify_rename_vs_different_security,pending_deepseek_review,TWSE::6806,TWSE,later_global_review
low_name_similarity|severe_name_mismatch,P3,6830,TWSE,XTAI,汎銓科技股份有限公司,"Msscorps Co., Ltd.",Common Stock,0.0,deepseek_classify_rename_vs_different_security,pending_deepseek_review,TWSE::6830,TWSE,later_global_review
low_name_similarity|severe_name_mismatch,P3,6834,TWSE,XTAI,天二科技股份有限公司,"Ever Ohms Technology Co., Ltd.",Common Stock,0.0,deepseek_classify_rename_vs_different_security,pending_deepseek_review,TWSE::6834,TWSE,later_global_review
low_name_similarity|severe_name_mismatch,P3,6835,TWSE,XTAI,圓裕企業股份有限公司,Complex Micro Interconnection Inc.,Common Stock,0.0,deepseek_classify_rename_vs_different_security,pending_deepseek_review,TWSE::6835,TWSE,later_global_review
low_name_similarity|severe_name_mismatch,P3,6885,TWSE,XTAI,全福生物科技股份有限公司,Brim Biotechnology Inc.,Common Stock,0.0,deepseek_classify_rename_vs_different_security,pending_deepseek_review,TWSE::6885,TWSE,later_global_review
low_name_similarity|severe_name_mismatch,P3,6902,TWSE,XTAI,走著瞧股份有限公司,"Gogolook Co., Ltd.",Common Stock,0.0,deepseek_classify_rename_vs_different_security,pending_deepseek_review,TWSE::6902,TWSE,later_global_review
low_name_similarity|severe_name_mismatch,P3,6919,TWSE,XTAI,康霈生技股份有限公司,"Caliway Biopharmaceuticals Co., Ltd.",Common Stock,0.0,deepseek_classify_rename_vs_different_security,pending_deepseek_review,TWSE::6919,TWSE,later_global_review
low_name_similarity|severe_name_mismatch,P3,6921,TWSE,XTAI,嘉雨思科技股份有限公司,"LeRain Technology Co., Ltd.",Common Stock,0.0,deepseek_classify_rename_vs_different_security,pending_deepseek_review,TWSE::6921,TWSE,later_global_review
low_name_similarity|severe_name_mismatch,P3,6923,TWSE,XTAI,中台資源科技股份有限公司,"Chung Tai Resource Technology Co., Ltd.",Common Stock,0.0,deepseek_classify_rename_vs_different_security,pending_deepseek_review,TWSE::6923,TWSE,later_global_review
low_name_similarity|severe_name_mismatch,P3,6931,TWSE,XTAI,青松健康股份有限公司,"Qingsong Health Co., Ltd.",Common Stock,0.0,deepseek_classify_rename_vs_different_security,pending_deepseek_review,TWSE::6931,TWSE,later_global_review
low_name_similarity|severe_name_mismatch,P3,6949,TWSE,XTAI,沛爾生技醫藥股份有限公司,"Pell Bio-Med Technology Co., Ltd.",Common Stock,0.0,deepseek_classify_rename_vs_different_security,pending_deepseek_review,TWSE::6949,TWSE,later_global_review
low_name_similarity|severe_name_mismatch,P3,6955,TWSE,XTAI,邦睿生技股份有限公司,Bonraybio Co. Ltd.,Common Stock,0.0,deepseek_classify_rename_vs_different_security,pending_deepseek_review,TWSE::6955,TWSE,later_global_review
low_name_similarity|severe_name_mismatch,P3,6988,TWSE,XTAI,威力暘電子股份有限公司,Wellysun Inc.,Common Stock,0.0,deepseek_classify_rename_vs_different_security,pending_deepseek_review,TWSE::6988,TWSE,later_global_review
low_name_similarity|severe_name_mismatch,P3,6994,TWSE,XTAI,富威電力股份有限公司,"Foxwell Power Co., Ltd.",Common Stock,0.0,deepseek_classify_rename_vs_different_security,pending_deepseek_review,TWSE::6994,TWSE,later_global_review
low_name_similarity|severe_name_mismatch,P3,7631,TWSE,XTAI,聚賢研發股份有限公司,"Genii Ideas Co., Ltd.",Common Stock,0.0,deepseek_classify_rename_vs_different_security,pending_deepseek_review,TWSE::7631,TWSE,later_global_review
low_name_similarity|severe_name_mismatch,P3,7705,TWSE,XTAI,三商餐飲股份有限公司,"Mercuries & Associates Holding Co., Ltd.",Common Stock,0.0,deepseek_classify_rename_vs_different_security,pending_deepseek_review,TWSE::7705,TWSE,later_global_review
low_name_similarity|severe_name_mismatch,P3,7711,TWSE,XTAI,永擎電子股份有限公司,ASRock Rack Inc.,Common Stock,0.0,deepseek_classify_rename_vs_different_security,pending_deepseek_review,TWSE::7711,TWSE,later_global_review
low_name_similarity|severe_name_mismatch,P3,7722,TWSE,XTAI,連加網路商業股份有限公司,Line Pay Taiwan Ltd.,Common Stock,0.0,deepseek_classify_rename_vs_different_security,pending_deepseek_review,TWSE::7722,TWSE,later_global_review
low_name_similarity|severe_name_mismatch,P3,7732,TWSE,XTAI,金興精密工業股份有限公司,"King Shing Industrial Co., Ltd.",Common Stock,0.0,deepseek_classify_rename_vs_different_security,pending_deepseek_review,TWSE::7732,TWSE,later_global_review
low_name_similarity|severe_name_mismatch,P3,7736,TWSE,XTAI,虎山實業股份有限公司,Hushan Autoparts Inc.,Common Stock,0.0,deepseek_classify_rename_vs_different_security,pending_deepseek_review,TWSE::7736,TWSE,later_global_review
low_name_similarity|severe_name_mismatch,P3,7799,TWSE,XTAI,禾榮科技股份有限公司,Heron Neutron Medical Corp.,Common Stock,0.0,deepseek_classify_rename_vs_different_security,pending_deepseek_review,TWSE::7799,TWSE,later_global_review
low_name_similarity|severe_name_mismatch,P3,8011,TWSE,XTAI,台通光電股份有限公司,"Tai Tung Communication Co., Ltd.",Common Stock,0.0,deepseek_classify_rename_vs_different_security,pending_deepseek_review,TWSE::8011,TWSE,later_global_review
low_name_similarity|severe_name_mismatch,P3,8016,TWSE,XTAI,矽創電子股份有限公司,Sitronix Technology Corp.,Common Stock,0.0,deepseek_classify_rename_vs_different_security,pending_deepseek_review,TWSE::8016,TWSE,later_global_review
low_name_similarity|severe_name_mismatch,P3,8021,TWSE,XTAI,尖點科技股份有限公司,"Topoint Technology Co., Ltd.",Common Stock,0.0,deepseek_classify_rename_vs_different_security,pending_deepseek_review,TWSE::8021,TWSE,later_global_review
low_name_similarity|severe_name_mismatch,P3,8028,TWSE,XTAI,昇陽國際半導體股份有限公司,Phoenix Silicon International Corp.,Common Stock,0.0,deepseek_classify_rename_vs_different_security,pending_deepseek_review,TWSE::8028,TWSE,later_global_review
low_name_similarity|severe_name_mismatch,P3,8033,TWSE,XTAI,雷虎科技股份有限公司,Thunder Tiger Corporation,Common Stock,0.0,deepseek_classify_rename_vs_different_security,pending_deepseek_review,TWSE::8033,TWSE,later_global_review
low_name_similarity|severe_name_mismatch,P3,8039,TWSE,XTAI,台虹科技股份有限公司,"Taiflex Scientific Co., Ltd.",Common Stock,0.0,deepseek_classify_rename_vs_different_security,pending_deepseek_review,TWSE::8039,TWSE,later_global_review
low_name_similarity|severe_name_mismatch,P3,8045,TWSE,XTAI,達運光電股份有限公司,Twoway Communication Inc.,Common Stock,0.0,deepseek_classify_rename_vs_different_security,pending_deepseek_review,TWSE::8045,TWSE,later_global_review
low_name_similarity|severe_name_mismatch,P3,8046,TWSE,XTAI,南亞電路板股份有限公司,Nan Ya Printed Circuit Board Corporation,Common Stock,0.0,deepseek_classify_rename_vs_different_security,pending_deepseek_review,TWSE::8046,TWSE,later_global_review
low_name_similarity|severe_name_mismatch,P3,8070,TWSE,XTAI,長華電材股份有限公司,Chang Wah Electromaterials Inc.,Common Stock,0.0,deepseek_classify_rename_vs_different_security,pending_deepseek_review,TWSE::8070,TWSE,later_global_review
low_name_similarity|severe_name_mismatch,P3,8072,TWSE,XTAI,陞泰科技股份有限公司,Av Tech Corp.,Common Stock,0.0,deepseek_classify_rename_vs_different_security,pending_deepseek_review,TWSE::8072,TWSE,later_global_review
low_name_similarity|severe_name_mismatch,P3,8081,TWSE,XTAI,致新科技股份有限公司,Global Mixed-mode Technology Inc.,Common Stock,0.0,deepseek_classify_rename_vs_different_security,pending_deepseek_review,TWSE::8081,TWSE,later_global_review
low_name_similarity|severe_name_mismatch,P3,8101,TWSE,XTAI,華冠通訊股份有限公司,Arima Communications Corp.,Common Stock,0.0,deepseek_classify_rename_vs_different_security,pending_deepseek_review,TWSE::8101,TWSE,later_global_review
low_name_similarity|severe_name_mismatch,P3,8103,TWSE,XTAI,瀚荃股份有限公司,CviLux Corporation,Common Stock,0.0,deepseek_classify_rename_vs_different_security,pending_deepseek_review,TWSE::8103,TWSE,later_global_review
low_name_similarity|severe_name_mismatch,P3,8104,TWSE,XTAI,錸寶科技股份有限公司,Ritdisplay Corporation,Common Stock,0.0,deepseek_classify_rename_vs_different_security,pending_deepseek_review,TWSE::8104,TWSE,later_global_review
low_name_similarity|severe_name_mismatch,P3,8105,TWSE,XTAI,凌巨科技股份有限公司,"Giantplus Technology Co., Ltd.",Common Stock,0.0,deepseek_classify_rename_vs_different_security,pending_deepseek_review,TWSE::8105,TWSE,later_global_review
low_name_similarity|severe_name_mismatch,P3,8110,TWSE,XTAI,華東科技股份有限公司,Walton Advanced Engineering Inc.,Common Stock,0.0,deepseek_classify_rename_vs_different_security,pending_deepseek_review,TWSE::8110,TWSE,later_global_review
low_name_similarity|severe_name_mismatch,P3,8112,TWSE,XTAI,至上電子股份有限公司,"Supreme Electronics Co., Ltd.",Common Stock,0.0,deepseek_classify_rename_vs_different_security,pending_deepseek_review,TWSE::8112,TWSE,later_global_review
low_name_similarity|severe_name_mismatch,P3,8114,TWSE,XTAI,振樺電子股份有限公司,Posiflex Technology Inc.,Common Stock,0.0,deepseek_classify_rename_vs_different_security,pending_deepseek_review,TWSE::8114,TWSE,later_global_review
low_name_similarity|severe_name_mismatch,P3,8131,TWSE,XTAI,福懋科技股份有限公司,"Formosa Advanced Technologies Co., Ltd.",Common Stock,0.0,deepseek_classify_rename_vs_different_security,pending_deepseek_review,TWSE::8131,TWSE,later_global_review
low_name_similarity|severe_name_mismatch,P3,8150,TWSE,XTAI,南茂科技股份有限公司,ChipMOS Technologies Inc.,Common Stock,0.0,deepseek_classify_rename_vs_different_security,pending_deepseek_review,TWSE::8150,TWSE,later_global_review
low_name_similarity|severe_name_mismatch,P3,8163,TWSE,XTAI,達方電子股份有限公司,Darfon Electronics Corp.,Common Stock,0.0,deepseek_classify_rename_vs_different_security,pending_deepseek_review,TWSE::8163,TWSE,later_global_review
low_name_similarity|severe_name_mismatch,P3,8201,TWSE,XTAI,無敵科技股份有限公司,"Inventec Besta Co., Ltd.",Common Stock,0.0,deepseek_classify_rename_vs_different_security,pending_deepseek_review,TWSE::8201,TWSE,later_global_review
low_name_similarity|severe_name_mismatch,P3,8210,TWSE,XTAI,勤誠興業股份有限公司,"Chenbro Micom Co., Ltd.",Common Stock,0.0,deepseek_classify_rename_vs_different_security,pending_deepseek_review,TWSE::8210,TWSE,later_global_review
low_name_similarity|severe_name_mismatch,P3,8213,TWSE,XTAI,志超科技股份有限公司,"Taiwan PCB Techvest Co., Ltd.",Common Stock,0.0,deepseek_classify_rename_vs_different_security,pending_deepseek_review,TWSE::8213,TWSE,later_global_review
low_name_similarity|severe_name_mismatch,P3,8215,TWSE,XTAI,明基材料股份有限公司,BenQ Materials Corp.,Common Stock,0.0,deepseek_classify_rename_vs_different_security,pending_deepseek_review,TWSE::8215,TWSE,later_global_review
low_name_similarity|severe_name_mismatch,P3,8222,TWSE,XTAI,寶一科技股份有限公司,Aero Win Technology Corp.,Common Stock,0.0,deepseek_classify_rename_vs_different_security,pending_deepseek_review,TWSE::8222,TWSE,later_global_review
low_name_similarity|severe_name_mismatch,P3,8249,TWSE,XTAI,菱光科技股份有限公司,Creative Sensor Inc.,Common Stock,0.0,deepseek_classify_rename_vs_different_security,pending_deepseek_review,TWSE::8249,TWSE,later_global_review
low_name_similarity|severe_name_mismatch,P3,8261,TWSE,XTAI,富鼎先進電子股份有限公司,Advanced Power Electronics Corp.,Common Stock,0.0,deepseek_classify_rename_vs_different_security,pending_deepseek_review,TWSE::8261,TWSE,later_global_review
low_name_similarity|severe_name_mismatch,P3,8271,TWSE,XTAI,宇瞻科技股份有限公司,Apacer Technology Inc.,Common Stock,0.0,deepseek_classify_rename_vs_different_security,pending_deepseek_review,TWSE::8271,TWSE,later_global_review
low_name_similarity|severe_name_mismatch,P3,8341,TWSE,XTAI,日友環保科技股份有限公司,"Sunny Friend Environmental Technology Co., Ltd.",Common Stock,0.0,deepseek_classify_rename_vs_different_security,pending_deepseek_review,TWSE::8341,TWSE,later_global_review
low_name_similarity|severe_name_mismatch,P3,8367,TWSE,XTAI,建新國際股份有限公司,"Chien Shing Harbour Service Co., Ltd.",Common Stock,0.0,deepseek_classify_rename_vs_different_security,pending_deepseek_review,TWSE::8367,TWSE,later_global_review
low_name_similarity|severe_name_mismatch,P3,8374,TWSE,XTAI,羅昇企業股份有限公司,"Ace Pillar Co., Ltd.",Common Stock,0.0,deepseek_classify_rename_vs_different_security,pending_deepseek_review,TWSE::8374,TWSE,later_global_review
low_name_similarity|severe_name_mismatch,P3,8422,TWSE,XTAI,可寧衛股份有限公司,"Cleanaway Co., Ltd.",Common Stock,0.0,deepseek_classify_rename_vs_different_security,pending_deepseek_review,TWSE::8422,TWSE,later_global_review
low_name_similarity|severe_name_mismatch,P3,8438,TWSE,XTAI,昶昕實業股份有限公司,Amia Company Limited,Common Stock,0.0,deepseek_classify_rename_vs_different_security,pending_deepseek_review,TWSE::8438,TWSE,later_global_review
low_name_similarity|severe_name_mismatch,P3,8443,TWSE,XTAI,阿瘦實業股份有限公司,"Shui-Mu International Co., Ltd.",Common Stock,0.0,deepseek_classify_rename_vs_different_security,pending_deepseek_review,TWSE::8443,TWSE,later_global_review
low_name_similarity|severe_name_mismatch,P3,8454,TWSE,XTAI,富邦媒體科技股份有限公司,Momo.com Inc.,Common Stock,0.0,deepseek_classify_rename_vs_different_security,pending_deepseek_review,TWSE::8454,TWSE,later_global_review
low_name_similarity|severe_name_mismatch,P3,8462,TWSE,XTAI,柏文健康事業股份有限公司,Power Wind Health Industry Co. Ltd.,Common Stock,0.0,deepseek_classify_rename_vs_different_security,pending_deepseek_review,TWSE::8462,TWSE,later_global_review
low_name_similarity|severe_name_mismatch,P3,8463,TWSE,XTAI,潤泰精密材料股份有限公司,"Ruentex Materials Co., Ltd.",Common Stock,0.0,deepseek_classify_rename_vs_different_security,pending_deepseek_review,TWSE::8463,TWSE,later_global_review
low_name_similarity|severe_name_mismatch,P3,8464,TWSE,XTAI,億豐綜合工業股份有限公司,"Nien Made Enterprise Co., Ltd.",Common Stock,0.0,deepseek_classify_rename_vs_different_security,pending_deepseek_review,TWSE::8464,TWSE,later_global_review
low_name_similarity|severe_name_mismatch,P3,8473,TWSE,XTAI,山林水環境工程股份有限公司,"Forest Water Environmental Technologies Co., Ltd.",Common Stock,0.0,deepseek_classify_rename_vs_different_security,pending_deepseek_review,TWSE::8473,TWSE,later_global_review
low_name_similarity|severe_name_mismatch,P3,8478,TWSE,XTAI,東哥企業股份有限公司,Alexander Marine Co. Ltd.,Common Stock,0.0,deepseek_classify_rename_vs_different_security,pending_deepseek_review,TWSE::8478,TWSE,later_global_review
low_name_similarity|severe_name_mismatch,P3,8481,TWSE,XTAI,政伸企業股份有限公司,"Transart Graphics Co., Ltd.",Common Stock,0.0,deepseek_classify_rename_vs_different_security,pending_deepseek_review,TWSE::8481,TWSE,later_global_review
low_name_similarity|severe_name_mismatch,P3,8926,TWSE,XTAI,台灣汽電共生股份有限公司,Taiwan Cogeneration Corporation,Common Stock,0.0,deepseek_classify_rename_vs_different_security,pending_deepseek_review,TWSE::8926,TWSE,later_global_review
low_name_similarity|severe_name_mismatch,P3,8940,TWSE,XTAI,新天地國際實業股份有限公司,New Palace International Co. Ltd.,Common Stock,0.0,deepseek_classify_rename_vs_different_security,pending_deepseek_review,TWSE::8940,TWSE,later_global_review
low_name_similarity|severe_name_mismatch,P3,8996,TWSE,XTAI,高力熱處理工業股份有限公司,"Kaori Heat Treatment Co., Ltd.",Common Stock,0.0,deepseek_classify_rename_vs_different_security,pending_deepseek_review,TWSE::8996,TWSE,later_global_review
low_name_similarity|severe_name_mismatch,P3,9103,TWSE,XTAI,美德向邦醫療國際股份有限公司,Medtecs International Corporation Limited,Depositary Receipt,0.0,deepseek_classify_rename_vs_different_security,pending_deepseek_review,TWSE::9103,TWSE,later_global_review
low_name_similarity|severe_name_mismatch,P3,910322,TWSE,XTAI,康師傅控股有限公司,Tingyi Cayman Islands Holding Corp.,Depositary Receipt,0.0,deepseek_classify_rename_vs_different_security,pending_deepseek_review,TWSE::910322,TWSE,later_global_review
low_name_similarity|severe_name_mismatch,P3,9105,TWSE,XTAI,泰金寶科技股份有限公司,Calcomp Electronics Public Company Limited,Depositary Receipt,0.0,deepseek_classify_rename_vs_different_security,pending_deepseek_review,TWSE::9105,TWSE,later_global_review
low_name_similarity|severe_name_mismatch,P3,910861,TWSE,XTAI,神州數碼控股有限公司,Digital China Holdings Ltd.,Depositary Receipt,0.0,deepseek_classify_rename_vs_different_security,pending_deepseek_review,TWSE::910861,TWSE,later_global_review
low_name_similarity|severe_name_mismatch,P3,9110,TWSE,XTAI,越南製造加工出口控股有限公司,Vietnam Manufacturing and Export Processing Holdings Limited,Depositary Receipt,0.0,deepseek_classify_rename_vs_different_security,pending_deepseek_review,TWSE::9110,TWSE,later_global_review
low_name_similarity|severe_name_mismatch,P3,911608,TWSE,XTAI,明輝環球企業有限公司,BH Global Corporation Ltd.,Depositary Receipt,0.0,deepseek_classify_rename_vs_different_security,pending_deepseek_review,TWSE::911608,TWSE,later_global_review
low_name_similarity|severe_name_mismatch,P3,911622,TWSE,XTAI,聚亨企業集團(泰國)大眾有限公司,Tycoons Worldwide Group (Thailand) Public Co. Ltd.,Depositary Receipt,0.0,deepseek_classify_rename_vs_different_security,pending_deepseek_review,TWSE::911622,TWSE,later_global_review
low_name_similarity|severe_name_mismatch,P3,911868,TWSE,XTAI,同方友友控股有限公司,Neo-Neon Holdings Ltd.,Depositary Receipt,0.0,deepseek_classify_rename_vs_different_security,pending_deepseek_review,TWSE::911868,TWSE,later_global_review
low_name_similarity|severe_name_mismatch,P3,912000,TWSE,XTAI,晨訊科技集團有限公司,Sim Technology Group Ltd.,Depositary Receipt,0.0,deepseek_classify_rename_vs_different_security,pending_deepseek_review,TWSE::912000,TWSE,later_global_review
low_name_similarity|severe_name_mismatch,P3,9136,TWSE,XTAI,巨騰國際控股有限公司,Ju Teng International Holdings Limited,Depositary Receipt,0.0,deepseek_classify_rename_vs_different_security,pending_deepseek_review,TWSE::9136,TWSE,later_global_review
low_name_similarity|severe_name_mismatch,P3,9902,TWSE,XTAI,台火開發股份有限公司,Tidehold Development Co. Ltd.,Common Stock,0.0,deepseek_classify_rename_vs_different_security,pending_deepseek_review,TWSE::9902,TWSE,later_global_review
low_name_similarity|severe_name_mismatch,P3,9904,TWSE,XTAI,寶成工業股份有限公司,Pou Chen Corporation,Common Stock,0.0,deepseek_classify_rename_vs_different_security,pending_deepseek_review,TWSE::9904,TWSE,later_global_review
low_name_similarity|severe_name_mismatch,P3,9905,TWSE,XTAI,大華金屬工業股份有限公司,"Great China Metal Industry Co., Ltd.",Common Stock,0.0,deepseek_classify_rename_vs_different_security,pending_deepseek_review,TWSE::9905,TWSE,later_global_review
low_name_similarity|severe_name_mismatch,P3,9906,TWSE,XTAI,欣巴巴事業股份有限公司,Hsin Ba Ba Corp,Common Stock,0.0,deepseek_classify_rename_vs_different_security,pending_deepseek_review,TWSE::9906,TWSE,later_global_review
low_name_similarity|severe_name_mismatch,P3,9907,TWSE,XTAI,統一實業股份有限公司,Ton Yi Industrial Corp.,Common Stock,0.0,deepseek_classify_rename_vs_different_security,pending_deepseek_review,TWSE::9907,TWSE,later_global_review
low_name_similarity|severe_name_mismatch,P3,9908,TWSE,XTAI,大台北區瓦斯股份有限公司,"Great Taipei Gas Co., Ltd.",Common Stock,0.0,deepseek_classify_rename_vs_different_security,pending_deepseek_review,TWSE::9908,TWSE,later_global_review
low_name_similarity|severe_name_mismatch,P3,9910,TWSE,XTAI,豐泰企業股份有限公司,"Feng Tay Enterprise Co., Ltd.",Common Stock,0.0,deepseek_classify_rename_vs_different_security,pending_deepseek_review,TWSE::9910,TWSE,later_global_review
low_name_similarity|severe_name_mismatch,P3,9911,TWSE,XTAI,台灣櫻花股份有限公司,Taiwan Sakura Corp.,Common Stock,0.0,deepseek_classify_rename_vs_different_security,pending_deepseek_review,TWSE::9911,TWSE,later_global_review
low_name_similarity|severe_name_mismatch,P3,9912,TWSE,XTAI,偉聯科技股份有限公司,Associated International Hotels Ltd.,Common Stock,0.0,deepseek_classify_rename_vs_different_security,pending_deepseek_review,TWSE::9912,TWSE,later_global_review
low_name_similarity|severe_name_mismatch,P3,9914,TWSE,XTAI,美利達工業股份有限公司,"Merida Industry Co., Ltd.",Common Stock,0.0,deepseek_classify_rename_vs_different_security,pending_deepseek_review,TWSE::9914,TWSE,later_global_review
low_name_similarity|severe_name_mismatch,P3,9917,TWSE,XTAI,中興保全科技股份有限公司,"Taiwan Secom Co., Ltd.",Common Stock,0.0,deepseek_classify_rename_vs_different_security,pending_deepseek_review,TWSE::9917,TWSE,later_global_review
low_name_similarity|severe_name_mismatch,P3,9918,TWSE,XTAI,欣欣天然氣股份有限公司,"Shin Shin Natural Gas Co., Ltd.",Common Stock,0.0,deepseek_classify_rename_vs_different_security,pending_deepseek_review,TWSE::9918,TWSE,later_global_review
low_name_similarity|severe_name_mismatch,P3,9919,TWSE,XTAI,康那香企業股份有限公司,"Knh Enterprise Co., Ltd.",Common Stock,0.0,deepseek_classify_rename_vs_different_security,pending_deepseek_review,TWSE::9919,TWSE,later_global_review
low_name_similarity|severe_name_mismatch,P3,9921,TWSE,XTAI,巨大機械工業股份有限公司,Giant Manufacturing Co. Ltd.,Common Stock,0.0,deepseek_classify_rename_vs_different_security,pending_deepseek_review,TWSE::9921,TWSE,later_global_review
low_name_similarity|severe_name_mismatch,P3,9924,TWSE,XTAI,台灣福興工業股份有限公司,"Taiwan Fu Hsing Industrial Co., Ltd.",Common Stock,0.0,deepseek_classify_rename_vs_different_security,pending_deepseek_review,TWSE::9924,TWSE,later_global_review
low_name_similarity|severe_name_mismatch,P3,9925,TWSE,XTAI,台灣新光保全股份有限公司,"Taiwan Shin Kong Security Co., Ltd.",Common Stock,0.0,deepseek_classify_rename_vs_different_security,pending_deepseek_review,TWSE::9925,TWSE,later_global_review
low_name_similarity|severe_name_mismatch,P3,9926,TWSE,XTAI,新海瓦斯股份有限公司,Shin Hai Gas Corporation,Common Stock,0.0,deepseek_classify_rename_vs_different_security,pending_deepseek_review,TWSE::9926,TWSE,later_global_review
low_name_similarity|severe_name_mismatch,P3,9927,TWSE,XTAI,泰銘實業股份有限公司,"Thye Ming Industrial Co., Ltd.",Common Stock,0.0,deepseek_classify_rename_vs_different_security,pending_deepseek_review,TWSE::9927,TWSE,later_global_review
low_name_similarity|severe_name_mismatch,P3,9928,TWSE,XTAI,中國電視事業股份有限公司,"China Television Co., Ltd.",Common Stock,0.0,deepseek_classify_rename_vs_different_security,pending_deepseek_review,TWSE::9928,TWSE,later_global_review
low_name_similarity|severe_name_mismatch,P3,9929,TWSE,XTAI,秋雨創新股份有限公司,Choice Development Inc.,Common Stock,0.0,deepseek_classify_rename_vs_different_security,pending_deepseek_review,TWSE::9929,TWSE,later_global_review
low_name_similarity|severe_name_mismatch,P3,9930,TWSE,XTAI,中聯資源股份有限公司,Chc Resources Corporation,Common Stock,0.0,deepseek_classify_rename_vs_different_security,pending_deepseek_review,TWSE::9930,TWSE,later_global_review
low_name_similarity|severe_name_mismatch,P3,9931,TWSE,XTAI,欣高石油氣股份有限公司,"Hsin-Kao Gas Co., Ltd.",Common Stock,0.0,deepseek_classify_rename_vs_different_security,pending_deepseek_review,TWSE::9931,TWSE,later_global_review
low_name_similarity|severe_name_mismatch,P3,9933,TWSE,XTAI,中鼎工程股份有限公司,CTCI Corporation,Common Stock,0.0,deepseek_classify_rename_vs_different_security,pending_deepseek_review,TWSE::9933,TWSE,later_global_review
low_name_similarity|severe_name_mismatch,P3,9934,TWSE,XTAI,成霖企業股份有限公司,Globe Union Industrial Corp.,Common Stock,0.0,deepseek_classify_rename_vs_different_security,pending_deepseek_review,TWSE::9934,TWSE,later_global_review
low_name_similarity|severe_name_mismatch,P3,9935,TWSE,XTAI,慶豐富實業股份有限公司,"Ching Feng Home Fashions Co., Ltd.",Common Stock,0.0,deepseek_classify_rename_vs_different_security,pending_deepseek_review,TWSE::9935,TWSE,later_global_review
low_name_similarity|severe_name_mismatch,P3,9937,TWSE,XTAI,全國加油站股份有限公司,National Petroleum Co. Ltd.,Common Stock,0.0,deepseek_classify_rename_vs_different_security,pending_deepseek_review,TWSE::9937,TWSE,later_global_review
low_name_similarity|severe_name_mismatch,P3,9938,TWSE,XTAI,台灣百和工業股份有限公司,Taiwan Paiho Ltd.,Common Stock,0.0,deepseek_classify_rename_vs_different_security,pending_deepseek_review,TWSE::9938,TWSE,later_global_review
low_name_similarity|severe_name_mismatch,P3,9939,TWSE,XTAI,宏全國際股份有限公司,"Taiwan Hon Chuan Enterprise Co., Ltd.",Common Stock,0.0,deepseek_classify_rename_vs_different_security,pending_deepseek_review,TWSE::9939,TWSE,later_global_review
low_name_similarity|severe_name_mismatch,P3,9940,TWSE,XTAI,信義房屋股份有限公司,Sinyi Realty Inc.,Common Stock,0.0,deepseek_classify_rename_vs_different_security,pending_deepseek_review,TWSE::9940,TWSE,later_global_review
low_name_similarity|severe_name_mismatch,P3,9941,TWSE,XTAI,裕融企業股份有限公司,Yulon Finance Corporation,Common Stock,0.0,deepseek_classify_rename_vs_different_security,pending_deepseek_review,TWSE::9941,TWSE,later_global_review
low_name_similarity|severe_name_mismatch,P3,9942,TWSE,XTAI,茂順密封元件科技股份有限公司,Nak Sealing Technologies Corp.,Common Stock,0.0,deepseek_classify_rename_vs_different_security,pending_deepseek_review,TWSE::9942,TWSE,later_global_review
low_name_similarity|severe_name_mismatch,P3,9943,TWSE,XTAI,好樂迪股份有限公司,Holiday Entertainment Co. Ltd.,Common Stock,0.0,deepseek_classify_rename_vs_different_security,pending_deepseek_review,TWSE::9943,TWSE,later_global_review
low_name_similarity|severe_name_mismatch,P3,9944,TWSE,XTAI,新麗企業股份有限公司,"Shinih Enterprise Co., Ltd.",Common Stock,0.0,deepseek_classify_rename_vs_different_security,pending_deepseek_review,TWSE::9944,TWSE,later_global_review
low_name_similarity|severe_name_mismatch,P3,9945,TWSE,XTAI,潤泰創新國際股份有限公司,"Ruentex Development Co., Ltd.",Common Stock,0.0,deepseek_classify_rename_vs_different_security,pending_deepseek_review,TWSE::9945,TWSE,later_global_review
low_name_similarity|severe_name_mismatch,P3,9955,TWSE,XTAI,佳龍科技工程股份有限公司,Super Dragon Technology Co. Ltd.,Common Stock,0.0,deepseek_classify_rename_vs_different_security,pending_deepseek_review,TWSE::9955,TWSE,later_global_review
low_name_similarity|severe_name_mismatch,P3,9958,TWSE,XTAI,世紀鋼鐵結構股份有限公司,"Century Iron & Steel Industrial Co., Ltd.",Common Stock,0.0,deepseek_classify_rename_vs_different_security,pending_deepseek_review,TWSE::9958,TWSE,later_global_review
low_name_similarity|severe_name_mismatch,P3,0M0,XETRA,XETR,AVERDION SE INH. O.N.,0M0,Common Stock,0.0,deepseek_classify_rename_vs_different_security,pending_deepseek_review,XETRA::0M0,XETR,later_global_review
low_name_similarity|severe_name_mismatch,P3,XK4,XETRA,XETR,Gabler Group SE,XK4,Common Stock,0.0,deepseek_classify_rename_vs_different_security,pending_deepseek_review,XETRA::XK4,XETR,later_global_review
low_name_similarity|severe_name_mismatch,P3,2223,TADAWUL,XSAU,LUBEREF,Saudi Aramco Base Oil Company,Common Stock,0.056,deepseek_classify_rename_vs_different_security,pending_deepseek_review,TADAWUL::2223,Tadawul,later_global_review
low_name_similarity|severe_name_mismatch,P3,PTW,WSE,XWAR,Wspierania Przedsiebiorczosci,PTW Inc.,Common Stock,0.062,deepseek_classify_rename_vs_different_security,pending_deepseek_review,WSE::PTW,GPW,later_global_review
low_name_similarity|severe_name_mismatch,P3,SLL,XETRA,XETR,Schoeller-Bleckmann Oilfield Equipment Aktiengesellschaft,SBO AG,Common Stock,0.067,deepseek_classify_rename_vs_different_security,pending_deepseek_review,XETRA::SLL,XETR,later_global_review
low_name_similarity|severe_name_mismatch,P3,193250,KOSDAQ,XKRX,Young Bag Micro Motors Co Ltd,Linked Inc.,Common Stock,0.071,deepseek_classify_rename_vs_different_security,pending_deepseek_review,KOSDAQ::193250,KRX,later_global_review
low_name_similarity|severe_name_mismatch,P3,187870,KOSDAQ,XKRX,Device Eng Co. Ltd.,FGCI 2013 Floater,Common Stock,0.074,deepseek_classify_rename_vs_different_security,pending_deepseek_review,KOSDAQ::187870,KRX,later_global_review
low_name_similarity|severe_name_mismatch,P3,290560,KOSDAQ,XKRX,"Parataxis Ethereum, Inc.","Sinsiway Co., Ltd.",Common Stock,0.077,deepseek_classify_rename_vs_different_security,pending_deepseek_review,KOSDAQ::290560,KRX,later_global_review
low_name_similarity|severe_name_mismatch,P3,4030,TADAWUL,XSAU,BAHRI,National Shipping Company of Saudi Arabia,Common Stock,0.087,deepseek_classify_rename_vs_different_security,pending_deepseek_review,TADAWUL::4030,Tadawul,later_global_review
low_name_similarity|severe_name_mismatch,P3,095190,KOSDAQ,XKRX,"SHINHWA PRITECH Co., Ltd.",Emkorea Co. Ltd.,Common Stock,0.091,deepseek_classify_rename_vs_different_security,pending_deepseek_review,KOSDAQ::095190,KRX,later_global_review
low_name_similarity|severe_name_mismatch,P3,388790,KOSDAQ,XKRX,IBKS No. 16 Special Purpose Acquisition Co. Ltd.,Licomm Co. Ltd.,Common Stock,0.091,deepseek_classify_rename_vs_different_security,pending_deepseek_review,KOSDAQ::388790,KRX,later_global_review
low_name_similarity|severe_name_mismatch,P3,000523,SZSE,XSHE,Lonkey Industrial Co Ltd Guangzhou,"Hongmian Zhihui Science and Technology Co., Ltd.",Common Stock,0.092,deepseek_classify_rename_vs_different_security,pending_deepseek_review,SZSE::000523,SZSE,later_global_review
low_name_similarity|severe_name_mismatch,P3,75S,XETRA,XETR,SDM SE,SDM Societa' Sportiva Dilettantistica a Responsabilita' Limitata,Common Stock,0.092,deepseek_classify_rename_vs_different_security,pending_deepseek_review,XETRA::75S,XETR,later_global_review
low_name_similarity|severe_name_mismatch,P3,2150,TADAWUL,XSAU,ZOUJAJ,National Company for Glass Industries,Common Stock,0.093,deepseek_classify_rename_vs_different_security,pending_deepseek_review,TADAWUL::2150,Tadawul,later_global_review
low_name_similarity|severe_name_mismatch,P3,KA1,XETRA,XETR,HAUSVORTEIL AG NA O.N.,KA1,Common Stock,0.095,deepseek_classify_rename_vs_different_security,pending_deepseek_review,XETRA::KA1,XETR,later_global_review
low_name_similarity|severe_name_mismatch,P3,KPD,WSE,XWAR,Koszalinskie Przedsiebiorstwo Przemyslu Drzewnego SA,KPPD S.A.,Common Stock,0.105,deepseek_classify_rename_vs_different_security,pending_deepseek_review,WSE::KPD,GPW,later_global_review
low_name_similarity|severe_name_mismatch,P3,221800,KOSDAQ,XKRX,"ZGOO Holdings Co., Ltd.","U2Bio Co., Ltd.",Common Stock,0.111,deepseek_classify_rename_vs_different_security,pending_deepseek_review,KOSDAQ::221800,KRX,later_global_review
low_name_similarity|severe_name_mismatch,P3,AKTR,ATHEX,ASEX,AKTR,Aktor Societe Anonyme Holding Company Technical and Energy Projects,Common Stock,0.113,deepseek_classify_rename_vs_different_security,pending_deepseek_review,ATHEX::AKTR,ASE,later_global_review
low_name_similarity|severe_name_mismatch,P3,SCIG4,BME,XMAD,SCIG4,"Inbest GPF Multi Asset Class Prime IV SOCIMI, S.A.",REIT,0.113,deepseek_classify_rename_vs_different_security,pending_deepseek_review,BME::SCIG4,BME,later_global_review
low_name_similarity|severe_name_mismatch,P3,CPD,WSE,XWAR,CPD SA,Caisse de Prévoyance Sociale S.A.,Common Stock,0.114,deepseek_classify_rename_vs_different_security,pending_deepseek_review,WSE::CPD,GPW,later_global_review
low_name_similarity|severe_name_mismatch,P3,9653,TADAWUL,XSAU,KDL,Khaled Dhafer & Brothers for Logistics Services Co.,Common Stock,0.115,deepseek_classify_rename_vs_different_security,pending_deepseek_review,TADAWUL::9653,Tadawul,later_global_review
low_name_similarity|severe_name_mismatch,P3,ALWTR,Euronext,XPAR,WATERA,Osmosun S.A.,Common Stock,0.118,deepseek_classify_rename_vs_different_security,pending_deepseek_review,Euronext::ALWTR,Euronext,later_global_review
low_name_similarity|severe_name_mismatch,P3,476080,KOSDAQ,XKRX,M83,M Eighty-Three Co. Ltd.,Common Stock,0.118,deepseek_classify_rename_vs_different_security,pending_deepseek_review,KOSDAQ::476080,KRX,later_global_review
low_name_similarity|severe_name_mismatch,P3,300501,SZSE,XSHE,Shanghai Haishun New Pharmaceutical Packaging Co Ltd,Hysum Flexibles Global Inc.,Common Stock,0.119,deepseek_classify_rename_vs_different_security,pending_deepseek_review,SZSE::300501,SZSE,later_global_review
low_name_similarity|severe_name_mismatch,P3,298060,KOSDAQ,XKRX,"Poongjeon Pharmacy Co., Ltd.","SCM Lifescience Co., Ltd.",Common Stock,0.121,deepseek_classify_rename_vs_different_security,pending_deepseek_review,KOSDAQ::298060,KRX,later_global_review
low_name_similarity|severe_name_mismatch,P3,2287,TADAWUL,XSAU,ENTAJ,Arabian Company for Agricultural Development,Common Stock,0.122,deepseek_classify_rename_vs_different_security,pending_deepseek_review,TADAWUL::2287,Tadawul,later_global_review
low_name_similarity|severe_name_mismatch,P3,GSKN,BMV,XMEX,GlaxoSmithKline plc,GSK plc Sponsored ADR,American Depositary Receipt,0.125,deepseek_classify_rename_vs_different_security,pending_deepseek_review,BMV::GSKN,BMV,later_global_review
low_name_similarity|severe_name_mismatch,P3,192250,KOSDAQ,XKRX,KB No.2 Special Purpose Acq,"KSign Co., Ltd.",Common Stock,0.125,deepseek_classify_rename_vs_different_security,pending_deepseek_review,KOSDAQ::192250,KRX,later_global_review
low_name_similarity|severe_name_mismatch,P3,333050,KOSDAQ,XKRX,Innotena Inc,Mocomsys Inc.,Common Stock,0.125,deepseek_classify_rename_vs_different_security,pending_deepseek_review,KOSDAQ::333050,KRX,later_global_review
low_name_similarity|severe_name_mismatch,P3,007980,KRX,XKRX,TP Inc.,Tokyo Electron Ltd.,Common Stock,0.125,deepseek_classify_rename_vs_different_security,pending_deepseek_review,KRX::007980,KRX,later_global_review
low_name_similarity|severe_name_mismatch,P3,4953,TPEX,XTAI,Wistron Information Technology & Services,WITS Corp.,Common Stock,0.128,deepseek_classify_rename_vs_different_security,pending_deepseek_review,TPEX::4953,TWSE,later_global_review
low_name_similarity|severe_name_mismatch,P3,600876,SSE,XSHG,Luoyang Glass,Triumph New Energy Co.,Common Stock,0.129,deepseek_classify_rename_vs_different_security,pending_deepseek_review,SSE::600876,SSE,later_global_review
low_name_similarity|severe_name_mismatch,P3,148780,KOSDAQ,XKRX,Bflysoft Co. Ltd.,Becu AI Inc.,Common Stock,0.133,deepseek_classify_rename_vs_different_security,pending_deepseek_review,KOSDAQ::148780,KRX,later_global_review
low_name_similarity|severe_name_mismatch,P3,446840,KOSDAQ,XKRX,"GITSN, Inc.",Kiwoom No. 8 Special Purpose Acquisition Co Ltd.,Common Stock,0.136,deepseek_classify_rename_vs_different_security,pending_deepseek_review,KOSDAQ::446840,KRX,later_global_review
low_name_similarity|severe_name_mismatch,P3,603004,SSE,XSHG,"Zhejiang Dragon Technology Co., Ltd.",FRCL 4% 2022Q2 Bond,Common Stock,0.136,deepseek_classify_rename_vs_different_security,pending_deepseek_review,SSE::603004,SSE,later_global_review
low_name_similarity|severe_name_mismatch,P3,0260,Bursa,XKLS,PTRB,Resources Holdings Berhad,Common Stock,0.138,deepseek_classify_rename_vs_different_security,pending_deepseek_review,Bursa::0260,MYX,later_global_review
low_name_similarity|severe_name_mismatch,P3,MOL,WSE,XWAR,MOL PLC,MOL Hungarian Oil and Gas Public Limited Company,Common Stock,0.14,deepseek_classify_rename_vs_different_security,pending_deepseek_review,WSE::MOL,GPW,later_global_review
low_name_similarity|severe_name_mismatch,P3,072770,KOSDAQ,XKRX,MemRAY BT Co Ltd,Yulho Co. Ltd.,Common Stock,0.143,deepseek_classify_rename_vs_different_security,pending_deepseek_review,KOSDAQ::072770,KRX,later_global_review
low_name_similarity|severe_name_mismatch,P3,195990,KOSDAQ,XKRX,Ugint Co Ltd,Abpro Bio Co. Ltd.,Common Stock,0.143,deepseek_classify_rename_vs_different_security,pending_deepseek_review,KOSDAQ::195990,KRX,later_global_review
low_name_similarity|severe_name_mismatch,P3,337930,KOSDAQ,XKRX,XEXYMIX Corporation,Brand X Co. Ltd.,Common Stock,0.143,deepseek_classify_rename_vs_different_security,pending_deepseek_review,KOSDAQ::337930,KRX,later_global_review
low_name_similarity|severe_name_mismatch,P3,340810,KOSDAQ,XKRX,"SECERN AI Co., Ltd.","Cubox Co., Ltd.",Common Stock,0.143,deepseek_classify_rename_vs_different_security,pending_deepseek_review,KOSDAQ::340810,KRX,later_global_review
low_name_similarity|severe_name_mismatch,P3,9530,TADAWUL,XSAU,TIBBIYAH,Arabian International Healthcare Holding Company,Common Stock,0.143,deepseek_classify_rename_vs_different_security,pending_deepseek_review,TADAWUL::9530,Tadawul,later_global_review
low_name_similarity|severe_name_mismatch,P3,WB2,XETRA,XETR,"WESTINGH.AI.BR.T.  DL-,01",Wabtec Corporation,Common Stock,0.143,deepseek_classify_rename_vs_different_security,pending_deepseek_review,XETRA::WB2,XETR,later_global_review
low_name_similarity|severe_name_mismatch,P3,300446,SZSE,XSHE,Baoding Lucky Innovative Materials Co Ltd,"Aerospace Intelligent Manufacturing Co., Ltd.",Common Stock,0.145,deepseek_classify_rename_vs_different_security,pending_deepseek_review,SZSE::300446,SZSE,later_global_review
low_name_similarity|severe_name_mismatch,P3,NWA,WSE,XWAR,Nwai,New World Alternative Investments Dom Maklerski S.A.,Common Stock,0.145,deepseek_classify_rename_vs_different_security,pending_deepseek_review,WSE::NWA,GPW,later_global_review
low_name_similarity|severe_name_mismatch,P3,8010,TADAWUL,XSAU,TAWUNIYA,Company for Cooperative Insurance,Common Stock,0.146,deepseek_classify_rename_vs_different_security,pending_deepseek_review,TADAWUL::8010,Tadawul,later_global_review
low_name_similarity|severe_name_mismatch,P3,EDUCA18,BMV,XMEX,"Fideicomiso Irrevocable No. F/3277 en Banco Invex, S. A. Institución de Banca Múltiple, INVEX Grupo",Fibra Educativa,REIT,0.147,deepseek_classify_rename_vs_different_security,pending_deepseek_review,BMV::EDUCA18,BMV,later_global_review
low_name_similarity|severe_name_mismatch,P3,NPW,SGX,XSES,MSC,Malaysia Smelting Corporation Berhad,Common Stock,0.148,deepseek_classify_rename_vs_different_security,pending_deepseek_review,SGX::NPW,SGX,later_global_review
low_name_similarity|severe_name_mismatch,P3,9540,TADAWUL,XSAU,TADWEEER,National Environmental Recycling Co.,Common Stock,0.15,deepseek_classify_rename_vs_different_security,pending_deepseek_review,TADAWUL::9540,Tadawul,later_global_review
low_name_similarity|severe_name_mismatch,P3,QEV,AMS,XAMS,QEV,SPEAR Investments I B.V.,Common Stock,0.154,deepseek_classify_rename_vs_different_security,pending_deepseek_review,AMS::QEV,Euronext,later_global_review
low_name_similarity|severe_name_mismatch,P3,CRES,BCBA,XBUE,Cresud SA,"Cresud Sociedad Anónima Comercial, Inmobiliaria, Financiera y Agropecuaria",Common Stock,0.154,deepseek_classify_rename_vs_different_security,pending_deepseek_review,BCBA::CRES,BCBA,later_global_review
low_name_similarity|severe_name_mismatch,P3,C1V0,XETRA,XETR,MVISE AG O.N.,C1V0,Common Stock,0.154,deepseek_classify_rename_vs_different_security,pending_deepseek_review,XETRA::C1V0,XETR,later_global_review
low_name_similarity|severe_name_mismatch,P3,300157,SZSE,XSHE,LandOcean Energy Services Co,"New JCM Group Co., Ltd.",Common Stock,0.158,deepseek_classify_rename_vs_different_security,pending_deepseek_review,SZSE::300157,SZSE,later_global_review
low_name_similarity|severe_name_mismatch,P3,KEYW,Euronext,XBRU,Keyware Technologies NV,Monni NV,Common Stock,0.16,deepseek_classify_rename_vs_different_security,pending_deepseek_review,Euronext::KEYW,Euronext,later_global_review
low_name_similarity|severe_name_mismatch,P3,200350,KOSDAQ,XKRX,RaemongRaein Co. Ltd.,Artist Studio Inc.,Common Stock,0.16,deepseek_classify_rename_vs_different_security,pending_deepseek_review,KOSDAQ::200350,KRX,later_global_review
low_name_similarity|severe_name_mismatch,P3,FRILAN,STO,XSTO,Frilans,Invoicery Group AB,Common Stock,0.16,deepseek_classify_rename_vs_different_security,pending_deepseek_review,STO::FRILAN,OMX,later_global_review
low_name_similarity|severe_name_mismatch,P3,9611,TADAWUL,XSAU,UFG,Arabian United Float Glass Company,Common Stock,0.162,deepseek_classify_rename_vs_different_security,pending_deepseek_review,TADAWUL::9611,Tadawul,later_global_review
low_name_similarity|severe_name_mismatch,P3,0370,Bursa,XKLS,XPB,Express Powerr Solutions (M) Berhad,Common Stock,0.167,deepseek_classify_rename_vs_different_security,pending_deepseek_review,Bursa::0370,MYX,later_global_review
low_name_similarity|severe_name_mismatch,P3,049470,KOSDAQ,XKRX,"BITPLANET Co., Ltd.","SGA Co., Ltd.",Common Stock,0.167,deepseek_classify_rename_vs_different_security,pending_deepseek_review,KOSDAQ::049470,KRX,later_global_review
low_name_similarity|severe_name_mismatch,P3,175140,KOSDAQ,XKRX,INFOMARK Co. Ltd,"Human Technology Co., Ltd.",Common Stock,0.167,deepseek_classify_rename_vs_different_security,pending_deepseek_review,KOSDAQ::175140,KRX,later_global_review
low_name_similarity|severe_name_mismatch,P3,006740,KRX,XKRX,"Blue Industrial Development Co., Ltd.","Young Poong Paper Mfg. Co., Ltd.",Common Stock,0.167,deepseek_classify_rename_vs_different_security,pending_deepseek_review,KRX::006740,KRX,later_global_review
low_name_similarity|severe_name_mismatch,P3,4083,TADAWUL,XSAU,TASHEEL,United International Holdings Inc.,Common Stock,0.167,deepseek_classify_rename_vs_different_security,pending_deepseek_review,TADAWUL::4083,Tadawul,later_global_review
low_name_similarity|severe_name_mismatch,P3,8437,TPEX,XTAI,Dadi Early-Childhood Education Group Ltd,RMH Holdings Limited,Common Stock,0.167,deepseek_classify_rename_vs_different_security,pending_deepseek_review,TPEX::8437,TWSE,later_global_review
low_name_similarity|severe_name_mismatch,P3,5UR,XETRA,XETR,Raytheon Technologies Corp,RTX Corporation,Common Stock,0.167,deepseek_classify_rename_vs_different_security,pending_deepseek_review,XETRA::5UR,XETR,later_global_review
low_name_similarity|severe_name_mismatch,P3,002316,SZSE,XSHE,Shenzhen Keybridge Communications Co Ltd,"Jilin Asia Link Technology Co., Ltd.",Common Stock,0.169,deepseek_classify_rename_vs_different_security,pending_deepseek_review,SZSE::002316,SZSE,later_global_review
low_name_similarity|severe_name_mismatch,P3,4291,TADAWUL,XSAU,NCLE,National Company for Learning & Education,Common Stock,0.17,deepseek_classify_rename_vs_different_security,pending_deepseek_review,TADAWUL::4291,Tadawul,later_global_review
low_name_similarity|severe_name_mismatch,P3,9597,TADAWUL,XSAU,LEAF,Leaf Global Environmental Societas Europaea,Common Stock,0.17,deepseek_classify_rename_vs_different_security,pending_deepseek_review,TADAWUL::9597,Tadawul,later_global_review
low_name_similarity|severe_name_mismatch,P3,9527,TADAWUL,XSAU,AME,Ame Company for Medical Supplies,Common Stock,0.171,deepseek_classify_rename_vs_different_security,pending_deepseek_review,TADAWUL::9527,Tadawul,later_global_review
low_name_similarity|severe_name_mismatch,P3,073490,KOSDAQ,XKRX,LIG Accuver Co Ltd,"Innowireless Co., Ltd.",Common Stock,0.174,deepseek_classify_rename_vs_different_security,pending_deepseek_review,KOSDAQ::073490,KRX,later_global_review
low_name_similarity|severe_name_mismatch,P3,9545,TADAWUL,XSAU,ALDAWLIAH,International Human Resources Company,Common Stock,0.174,deepseek_classify_rename_vs_different_security,pending_deepseek_review,TADAWUL::9545,Tadawul,later_global_review
low_name_similarity|severe_name_mismatch,P3,YKTS,BME,XMAD,YKTS,Ktesios Real Estate SOCIMI S.A.,Common Stock,0.176,deepseek_classify_rename_vs_different_security,pending_deepseek_review,BME::YKTS,BME,later_global_review
low_name_similarity|severe_name_mismatch,P3,1211,TADAWUL,XSAU,MAADEN,Saudi Arabian Mining Company,Common Stock,0.176,deepseek_classify_rename_vs_different_security,pending_deepseek_review,TADAWUL::1211,Tadawul,later_global_review
low_name_similarity|severe_name_mismatch,P3,9631,TADAWUL,XSAU,HKC,Hedab Alkhaleej Trading Company,Common Stock,0.176,deepseek_classify_rename_vs_different_security,pending_deepseek_review,TADAWUL::9631,Tadawul,later_global_review
low_name_similarity|severe_name_mismatch,P3,FINN13,BMV,XMEX,Fibra Inn,Asesor de Activos Prisma Corp.,REIT,0.182,deepseek_classify_rename_vs_different_security,pending_deepseek_review,BMV::FINN13,BMV,later_global_review
low_name_similarity|severe_name_mismatch,P3,0267,Bursa,XKLS,ECA,ECA Integrated Solution Berhad,Common Stock,0.182,deepseek_classify_rename_vs_different_security,pending_deepseek_review,Bursa::0267,MYX,later_global_review
low_name_similarity|severe_name_mismatch,P3,060900,KOSDAQ,XKRX,"Agent AI Co., Ltd.","DGP Co., Ltd.",Common Stock,0.182,deepseek_classify_rename_vs_different_security,pending_deepseek_review,KOSDAQ::060900,KRX,later_global_review
low_name_similarity|severe_name_mismatch,P3,066980,KOSDAQ,XKRX,E& Corporation CO. LTD,"Hansung Cleantech Co., Ltd.",Common Stock,0.182,deepseek_classify_rename_vs_different_security,pending_deepseek_review,KOSDAQ::066980,KRX,later_global_review
low_name_similarity|severe_name_mismatch,P3,005250,KRX,XKRX,GC Corp.,Green Cross Holdings Corp.,Common Stock,0.182,deepseek_classify_rename_vs_different_security,pending_deepseek_review,KRX::005250,KRX,later_global_review
low_name_similarity|severe_name_mismatch,P3,5392,TPEX,XTAI,AVY Precision Technology,"Abico AVY Co., Ltd.",Common Stock,0.182,deepseek_classify_rename_vs_different_security,pending_deepseek_review,TPEX::5392,TWSE,later_global_review
low_name_similarity|severe_name_mismatch,P3,ALVIA,Euronext,XPAR,Vialife SA,No sufficient information.,Common Stock,0.188,deepseek_classify_rename_vs_different_security,pending_deepseek_review,Euronext::ALVIA,Euronext,later_global_review
low_name_similarity|severe_name_mismatch,P3,025620,KRX,XKRX,"Cha AI Healthcare Co., Ltd.","JayJun Cosmetic Co., Ltd.",Common Stock,0.188,deepseek_classify_rename_vs_different_security,pending_deepseek_review,KRX::025620,KRX,later_global_review
low_name_similarity|severe_name_mismatch,P3,8A8,SGX,XSES,CMS,China Medical System Holdings Limited,Common Stock,0.188,deepseek_classify_rename_vs_different_security,pending_deepseek_review,SGX::8A8,SGX,later_global_review
low_name_similarity|severe_name_mismatch,P3,3067,TPEX,XTAI,Phonic Corporation,iShares Hang Seng TECH ETF,Common Stock,0.188,deepseek_classify_rename_vs_different_security,pending_deepseek_review,TPEX::3067,TWSE,later_global_review
low_name_similarity|severe_name_mismatch,P3,332570,KOSDAQ,XKRX,"Pentastone Electronics, Inc.",Wireless Power Amplifier Module Inc.,Common Stock,0.189,deepseek_classify_rename_vs_different_security,pending_deepseek_review,KOSDAQ::332570,KRX,later_global_review
low_name_similarity|severe_name_mismatch,P3,039440,KOSDAQ,XKRX,STI Co. Ltd,Systems Technology Inc.,Common Stock,0.19,deepseek_classify_rename_vs_different_security,pending_deepseek_review,KOSDAQ::039440,KRX,later_global_review
low_name_similarity|severe_name_mismatch,P3,263860,KOSDAQ,XKRX,Genians Inc.,El Paso Independent School District,Common Stock,0.19,deepseek_classify_rename_vs_different_security,pending_deepseek_review,KOSDAQ::263860,KRX,later_global_review
low_name_similarity|severe_name_mismatch,P3,900110,KOSDAQ,XKRX,Deep Commerce Limited,East Asia Holdings Investment Limited,Common Stock,0.19,deepseek_classify_rename_vs_different_security,pending_deepseek_review,KOSDAQ::900110,KRX,later_global_review
low_name_similarity|severe_name_mismatch,P3,9QX,SGX,XSES,B Wilshire Ltd,Beverly Jcg Ltd.,Common Stock,0.19,deepseek_classify_rename_vs_different_security,pending_deepseek_review,SGX::9QX,SGX,later_global_review
low_name_similarity|severe_name_mismatch,P3,600506,SSE,XSHG,Korla Pear,"Tongyi Carbon Neutral Technology Co., Ltd.",Common Stock,0.19,deepseek_classify_rename_vs_different_security,pending_deepseek_review,SSE::600506,SSE,later_global_review
low_name_similarity|severe_name_mismatch,P3,000977,SZSE,XSHE,Inspur Electronic Info Industr,"Ieet Systems Co., Ltd.",Common Stock,0.19,deepseek_classify_rename_vs_different_security,pending_deepseek_review,SZSE::000977,SZSE,later_global_review
low_name_similarity|severe_name_mismatch,P3,002622,SZSE,XSHE,Rongyu Group Co Ltd,"Whole Shine Medical Technology Co., Ltd.",Common Stock,0.19,deepseek_classify_rename_vs_different_security,pending_deepseek_review,SZSE::002622,SZSE,later_global_review
low_name_similarity|severe_name_mismatch,P3,1080,TADAWUL,XSAU,ANB,Arab National Bank,Common Stock,0.19,deepseek_classify_rename_vs_different_security,pending_deepseek_review,TADAWUL::1080,Tadawul,later_global_review
low_name_similarity|severe_name_mismatch,P3,2290,TADAWUL,XSAU,YANSAB,Yanbu National Petrochemical Company,Common Stock,0.19,deepseek_classify_rename_vs_different_security,pending_deepseek_review,TADAWUL::2290,Tadawul,later_global_review
low_name_similarity|severe_name_mismatch,P3,9G2,SGX,XSES,SAM Holdings,Singapore Institute of Advanced Sciences Ltd.,Common Stock,0.192,deepseek_classify_rename_vs_different_security,pending_deepseek_review,SGX::9G2,SGX,later_global_review
low_name_similarity|severe_name_mismatch,P3,CABLE,AMS,XAMS,GIG,Global Interconnection Group Inc.,Common Stock,0.194,deepseek_classify_rename_vs_different_security,pending_deepseek_review,AMS::CABLE,Euronext,later_global_review
low_name_similarity|severe_name_mismatch,P3,ALCBI,Euronext,XPAR,CBI,Crypto Blockchain Industries SA,Common Stock,0.194,deepseek_classify_rename_vs_different_security,pending_deepseek_review,Euronext::ALCBI,Euronext,later_global_review
low_name_similarity|severe_name_mismatch,P3,S3N,SGX,XSES,GRC,Global Resource Construction Ltd.,Common Stock,0.194,deepseek_classify_rename_vs_different_security,pending_deepseek_review,SGX::S3N,SGX,later_global_review
low_name_similarity|severe_name_mismatch,P3,3007,TADAWUL,XSAU,OASIS,Zahrat Al Waha for Trading Co.,Common Stock,0.194,deepseek_classify_rename_vs_different_security,pending_deepseek_review,TADAWUL::3007,Tadawul,later_global_review
low_name_similarity|severe_name_mismatch,P3,8190,TADAWUL,XSAU,UCA,United Cooperative Assurance Co.,Common Stock,0.194,deepseek_classify_rename_vs_different_security,pending_deepseek_review,TADAWUL::8190,Tadawul,later_global_review
low_name_similarity|severe_name_mismatch,P3,9510,TADAWUL,XSAU,NBM,National Building and Market Ltd.,Common Stock,0.194,deepseek_classify_rename_vs_different_security,pending_deepseek_review,TADAWUL::9510,Tadawul,later_global_review
low_name_similarity|severe_name_mismatch,P3,351320,KOSDAQ,XKRX,"Nexa Dynamics Co., Ltd.",Solution Advanced Technology,Common Stock,0.195,deepseek_classify_rename_vs_different_security,pending_deepseek_review,KOSDAQ::351320,KRX,later_global_review
low_name_similarity|severe_name_mismatch,P3,600361,SSE,XSHG,Beijing Hualian Hypermarket Co Ltd,"Innovation New Materials Co., Ltd.",Common Stock,0.196,deepseek_classify_rename_vs_different_security,pending_deepseek_review,SSE::600361,SSE,later_global_review
low_name_similarity|severe_name_mismatch,P3,001316,SZSE,XSHE,Zhejiang XiaSha Precision,Lubair Aviation Technology,Common Stock,0.196,deepseek_classify_rename_vs_different_security,pending_deepseek_review,SZSE::001316,SZSE,later_global_review
low_name_similarity|severe_name_mismatch,P3,HIDRA2C1,BVL,XLIM,Empresa Regional de Servicio Publico de Electricidad Electronorte Medio S.A.-Hidrandina,Hidrandina S.A.,Common Stock,0.2,deepseek_classify_rename_vs_different_security,pending_deepseek_review,BVL::HIDRA2C1,BVL,later_global_review
low_name_similarity|severe_name_mismatch,P3,010280,KOSDAQ,XKRX,"ITCenEntec Co., Ltd.",Ssangyong Information & Communications Corp.,Common Stock,0.2,deepseek_classify_rename_vs_different_security,pending_deepseek_review,KOSDAQ::010280,KRX,later_global_review
low_name_similarity|severe_name_mismatch,P3,261780,KOSDAQ,XKRX,"AriBioLab Co., Ltd.",Cha Vaccine Institute Inc.,Common Stock,0.2,deepseek_classify_rename_vs_different_security,pending_deepseek_review,KOSDAQ::261780,KRX,later_global_review
low_name_similarity|severe_name_mismatch,P3,347700,KOSDAQ,XKRX,Sphere Corp.,Life Semantics Corp,Common Stock,0.2,deepseek_classify_rename_vs_different_security,pending_deepseek_review,KOSDAQ::347700,KRX,later_global_review
low_name_similarity|severe_name_mismatch,P3,015360,KRX,XKRX,"INVENI Co., Ltd.","Yesco Holdings Co., Ltd.",Common Stock,0.2,deepseek_classify_rename_vs_different_security,pending_deepseek_review,KRX::015360,KRX,later_global_review
low_name_similarity|severe_name_mismatch,P3,GRU,SGX,XSES,CGS FG CSI1000 US$,GRU,Common Stock,0.2,deepseek_classify_rename_vs_different_security,pending_deepseek_review,SGX::GRU,SGX,later_global_review
low_name_similarity|severe_name_mismatch,P3,300398,SZSE,XSHE,Shanghai Phichem Material Co Ltd Class A,"Phecda Technology Co., Ltd.",Common Stock,0.2,deepseek_classify_rename_vs_different_security,pending_deepseek_review,SZSE::300398,SZSE,later_global_review
low_name_similarity|severe_name_mismatch,P3,9524,TADAWUL,XSAU,AICTEC,Advance International Communications Company Limited,Common Stock,0.2,deepseek_classify_rename_vs_different_security,pending_deepseek_review,TADAWUL::9524,Tadawul,later_global_review
low_name_similarity|severe_name_mismatch,P3,9542,TADAWUL,XSAU,KEIR,Care International Company,Common Stock,0.2,deepseek_classify_rename_vs_different_security,pending_deepseek_review,TADAWUL::9542,Tadawul,later_global_review
low_name_similarity|severe_name_mismatch,P3,UMMIEA,JSE,XJSE,Absa re Momentum International Equity Portfolio 1,UBS AG London,Common Stock,0.203,deepseek_classify_rename_vs_different_security,pending_deepseek_review,JSE::UMMIEA,JSE,later_global_review
low_name_similarity|severe_name_mismatch,P3,9579,TADAWUL,XSAU,IOUD,Intelligent Oud Company for Trading,Common Stock,0.205,deepseek_classify_rename_vs_different_security,pending_deepseek_review,TADAWUL::9579,Tadawul,later_global_review
low_name_similarity|severe_name_mismatch,P3,9591,TADAWUL,XSAU,VIEW,View United Real Estate Development Co.,Common Stock,0.205,deepseek_classify_rename_vs_different_security,pending_deepseek_review,TADAWUL::9591,Tadawul,later_global_review
low_name_similarity|severe_name_mismatch,P3,HDR,WSE,XWAR,HYDROTOR SA,Przedsiebiorstwo Hydrauliki S.A.,Common Stock,0.205,deepseek_classify_rename_vs_different_security,pending_deepseek_review,WSE::HDR,GPW,later_global_review
low_name_similarity|severe_name_mismatch,P3,0259,Bursa,XKLS,SNS,Sns Network Technology Bhd,Common Stock,0.207,deepseek_classify_rename_vs_different_security,pending_deepseek_review,Bursa::0259,MYX,later_global_review
low_name_similarity|severe_name_mismatch,P3,9595,TADAWUL,XSAU,WSM,WSM Information Technology Inc.,Common Stock,0.207,deepseek_classify_rename_vs_different_security,pending_deepseek_review,TADAWUL::9595,Tadawul,later_global_review
low_name_similarity|severe_name_mismatch,P3,DHL,XETRA,XETR,DEUTSCHE POST AG NA O.N.,DHL Group AG,Common Stock,0.207,deepseek_classify_rename_vs_different_security,pending_deepseek_review,XETRA::DHL,XETR,later_global_review
low_name_similarity|severe_name_mismatch,P3,8100,TADAWUL,XSAU,SAICO,Saudi Arabian Cooperative Insurance Company,Common Stock,0.208,deepseek_classify_rename_vs_different_security,pending_deepseek_review,TADAWUL::8100,Tadawul,later_global_review
low_name_similarity|severe_name_mismatch,P3,FPLUS16,BMV,XMEX,Fibra Plus,NFD SA de CV,REIT,0.211,deepseek_classify_rename_vs_different_security,pending_deepseek_review,BMV::FPLUS16,BMV,later_global_review
low_name_similarity|severe_name_mismatch,P3,AFEP,JSE,XJSE,AECI Ltd,AECI Limited Preferred Stock 5.5% Perpetual,Preferred Stock,0.211,deepseek_classify_rename_vs_different_security,pending_deepseek_review,JSE::AFEP,JSE,later_global_review
low_name_similarity|severe_name_mismatch,P3,208710,KOSDAQ,XKRX,"Photon Co., Ltd.","Biolog Device Co., Ltd.",Common Stock,0.211,deepseek_classify_rename_vs_different_security,pending_deepseek_review,KOSDAQ::208710,KRX,later_global_review
low_name_similarity|severe_name_mismatch,P3,004250,KRX,XKRX,NPC Co. Ltd,National Pension Corporation,Common Stock,0.211,deepseek_classify_rename_vs_different_security,pending_deepseek_review,KRX::004250,KRX,later_global_review
low_name_similarity|severe_name_mismatch,P3,5RC,SGX,XSES,ES,ES Group (Holdings) Limited,Common Stock,0.211,deepseek_classify_rename_vs_different_security,pending_deepseek_review,SGX::5RC,SGX,later_global_review
low_name_similarity|severe_name_mismatch,P3,H15,SGX,XSES,HPL,Hotel Properties Ltd.,Common Stock,0.211,deepseek_classify_rename_vs_different_security,pending_deepseek_review,SGX::H15,SGX,later_global_review
low_name_similarity|severe_name_mismatch,P3,000811,SZSE,XSHE,Yantai Moon Co Ltd,"Moon Environment Technology Co., Ltd.",Common Stock,0.211,deepseek_classify_rename_vs_different_security,pending_deepseek_review,SZSE::000811,SZSE,later_global_review
low_name_similarity|severe_name_mismatch,P3,6010,TADAWUL,XSAU,NADEC,National Agricultural Development Co.,Common Stock,0.211,deepseek_classify_rename_vs_different_security,pending_deepseek_review,TADAWUL::6010,Tadawul,later_global_review
low_name_similarity|severe_name_mismatch,P3,3555,TPEX,XTAI,"BaaS Innovation Co., Ltd.","IROC Co., Ltd.",Common Stock,0.211,deepseek_classify_rename_vs_different_security,pending_deepseek_review,TPEX::3555,TWSE,later_global_review
low_name_similarity|severe_name_mismatch,P3,GXE,XETRA,XETR,GALAPAGOS N.V.,Lakefront Biotherapeutics,Common Stock,0.211,deepseek_classify_rename_vs_different_security,pending_deepseek_review,XETRA::GXE,XETR,later_global_review
low_name_similarity|severe_name_mismatch,P3,UMG,AMS,XAMS,UMG,Universal Music Group N.V.,Common Stock,0.214,deepseek_classify_rename_vs_different_security,pending_deepseek_review,AMS::UMG,Euronext,later_global_review
low_name_similarity|severe_name_mismatch,P3,OPA,JSE,XJSE,CHANNEL VAS INV LTD,Optasia Group Ltd.,Common Stock,0.214,deepseek_classify_rename_vs_different_security,pending_deepseek_review,JSE::OPA,JSE,later_global_review
low_name_similarity|severe_name_mismatch,P3,E6R,SGX,XSES,Le Tree Holdings,Samko Timber Ltd.,Common Stock,0.214,deepseek_classify_rename_vs_different_security,pending_deepseek_review,SGX::E6R,SGX,later_global_review
low_name_similarity|severe_name_mismatch,P3,EH5,SGX,XSES,UOA,United Overseas Australia Ltd.,Common Stock,0.214,deepseek_classify_rename_vs_different_security,pending_deepseek_review,SGX::EH5,SGX,later_global_review
low_name_similarity|severe_name_mismatch,P3,U13,SGX,XSES,UOI,United Overseas Insurance Ltd.,Common Stock,0.214,deepseek_classify_rename_vs_different_security,pending_deepseek_review,SGX::U13,SGX,later_global_review
low_name_similarity|severe_name_mismatch,P3,9516,TADAWUL,XSAU,NGDC,Natural Gas Distribution Co.,Common Stock,0.214,deepseek_classify_rename_vs_different_security,pending_deepseek_review,TADAWUL::9516,Tadawul,later_global_review
low_name_similarity|severe_name_mismatch,P3,PNIZF,BCBA,XBUE,FCIC REAL ESTATE PUERTO NIZUC,PNIZF.BA,Common Stock,0.216,deepseek_classify_rename_vs_different_security,pending_deepseek_review,BCBA::PNIZF,BCBA,later_global_review
low_name_similarity|severe_name_mismatch,P3,603800,SSE,XSHG,Suzhou Douson Drilling & Production Equipment Co Ltd,"Jiangsu Hongtian Technology Co., Ltd.",Common Stock,0.216,deepseek_classify_rename_vs_different_security,pending_deepseek_review,SSE::603800,SSE,later_global_review
low_name_similarity|severe_name_mismatch,P3,FDJ,VSE,XWBO,La Française des Jeux Société anonyme,FDJ United,Common Stock,0.217,deepseek_classify_rename_vs_different_security,pending_deepseek_review,VSE::FDJ,VSE,later_global_review
low_name_similarity|severe_name_mismatch,P3,002182,SZSE,XSHE,Nanjing Yunhai Special Metals Co Ltd,Baowu Magnesium Technology Co. Ltd.,Common Stock,0.218,deepseek_classify_rename_vs_different_security,pending_deepseek_review,SZSE::002182,SZSE,later_global_review
low_name_similarity|severe_name_mismatch,P3,UMB,BME,XMAD,Kaldvik AS,Umbrella Global Energy S.A.,Common Stock,0.222,deepseek_classify_rename_vs_different_security,pending_deepseek_review,BME::UMB,BME,later_global_review
low_name_similarity|severe_name_mismatch,P3,205500,KOSDAQ,XKRX,"NEXUS Co., Ltd.","Action Square Co., Ltd.",Common Stock,0.222,deepseek_classify_rename_vs_different_security,pending_deepseek_review,KOSDAQ::205500,KRX,later_global_review
low_name_similarity|severe_name_mismatch,P3,368970,KOSDAQ,XKRX,Organic Special Pet Food Co. Ltd.,Osp Co. Ltd.,Common Stock,0.222,deepseek_classify_rename_vs_different_security,pending_deepseek_review,KOSDAQ::368970,KRX,later_global_review
low_name_similarity|severe_name_mismatch,P3,43A,SGX,XSES,OCTOPUS,GS Holdings Ltd.,Common Stock,0.222,deepseek_classify_rename_vs_different_security,pending_deepseek_review,SGX::43A,SGX,later_global_review
low_name_similarity|severe_name_mismatch,P3,GRQ,SGX,XSES,UpHealth Group,Don Agro International Ltd.,Common Stock,0.222,deepseek_classify_rename_vs_different_security,pending_deepseek_review,SGX::GRQ,SGX,later_global_review
low_name_similarity|severe_name_mismatch,P3,688469,SSE,XSHG,Semiconductor Manufacturing Electronics (Shaoxing) Corp. A,United Nova Technology Co. Ltd.,Common Stock,0.222,deepseek_classify_rename_vs_different_security,pending_deepseek_review,SSE::688469,SSE,later_global_review
low_name_similarity|severe_name_mismatch,P3,4070,TADAWUL,XSAU,TAPRCO,Tihama Advertising and Public Relations Co.,Common Stock,0.222,deepseek_classify_rename_vs_different_security,pending_deepseek_review,TADAWUL::4070,Tadawul,later_global_review
low_name_similarity|severe_name_mismatch,P3,6198,TPEX,XTAI,Averlogic Technologies,"Rich Circle Development Co., Ltd.",Common Stock,0.222,deepseek_classify_rename_vs_different_security,pending_deepseek_review,TPEX::6198,TWSE,later_global_review
low_name_similarity|severe_name_mismatch,P3,8932,TPEX,XTAI,Max Zipper Co Ltd,"Wiselink Co., Ltd.",Common Stock,0.222,deepseek_classify_rename_vs_different_security,pending_deepseek_review,TPEX::8932,TWSE,later_global_review
low_name_similarity|severe_name_mismatch,P3,ABE,WSE,XWAR,AB SPÓŁKA AKCYJNA,AB SA,Common Stock,0.222,deepseek_classify_rename_vs_different_security,pending_deepseek_review,WSE::ABE,GPW,later_global_review
low_name_similarity|severe_name_mismatch,P3,TADD,SGX,XSES,AIS TH SDR 10to1,Advanced Info Service Public Company Limited Depositary Receipt,Depositary Receipt,0.225,deepseek_classify_rename_vs_different_security,pending_deepseek_review,SGX::TADD,SGX,later_global_review
low_name_similarity|severe_name_mismatch,P3,TBDD,SGX,XSES,BDMS TH SDR 1to2,Bangkok Dusit Medical Services Public Company Limited Depositary Receipt,Depositary Receipt,0.225,deepseek_classify_rename_vs_different_security,pending_deepseek_review,SGX::TBDD,SGX,later_global_review
low_name_similarity|severe_name_mismatch,P3,IMP,WSE,XWAR,IMPERIO ALTERNATYWNA SPÓŁKA INWESTYCYJNA SPÓŁKA AKCYJNA,Impera Capital S.A.,Common Stock,0.225,deepseek_classify_rename_vs_different_security,pending_deepseek_review,WSE::IMP,GPW,later_global_review
low_name_similarity|severe_name_mismatch,P3,GPW,WSE,XWAR,Gielda Papierow Wartosciowych w Warszawie SA,Warsaw Stock Exchange,Common Stock,0.226,deepseek_classify_rename_vs_different_security,pending_deepseek_review,WSE::GPW,GPW,later_global_review
low_name_similarity|severe_name_mismatch,P3,300209,SZSE,XSHE,TIZA Information Industry Corporation Inc,Youkeshu Technology Co. Ltd.,Common Stock,0.227,deepseek_classify_rename_vs_different_security,pending_deepseek_review,SZSE::300209,SZSE,later_global_review
low_name_similarity|severe_name_mismatch,P3,ONYX,ATHEX,ASEX,ONYX,Onyx Touristiki Societe Anonyme,Common Stock,0.229,deepseek_classify_rename_vs_different_security,pending_deepseek_review,ATHEX::ONYX,ASE,later_global_review
low_name_similarity|severe_name_mismatch,P3,002303,SZSE,XSHE,Shenzhen MYS Environmental Protection & Technology Co Ltd,"Mys Group Co., Ltd.",Common Stock,0.23,deepseek_classify_rename_vs_different_security,pending_deepseek_review,SZSE::002303,SZSE,later_global_review
low_name_similarity|severe_name_mismatch,P3,114630,KOSDAQ,XKRX,Uno&Company.Ltd,Polaris Uno Inc.,Common Stock,0.231,deepseek_classify_rename_vs_different_security,pending_deepseek_review,KOSDAQ::114630,KRX,later_global_review
low_name_similarity|severe_name_mismatch,P3,082740,KRX,XKRX,HSD Engine Co Ltd,"Hanwha Aerospace Co., Ltd.",Common Stock,0.231,deepseek_classify_rename_vs_different_security,pending_deepseek_review,KRX::082740,KRX,later_global_review
low_name_similarity|severe_name_mismatch,P3,HCCD,SGX,XSES,CATL HK SDR 30to1,"Contemporary Amperex Technology Co., Ltd. Singapore Depository Receipts",Depositary Receipt,0.231,deepseek_classify_rename_vs_different_security,pending_deepseek_review,SGX::HCCD,SGX,later_global_review
low_name_similarity|severe_name_mismatch,P3,603915,SSE,XSHG,Jiangsu Guomao Reducer Co Ltd,"Massachusetts Port Authority Revenue Bonds, AMT Series A",Common Stock,0.234,deepseek_classify_rename_vs_different_security,pending_deepseek_review,SSE::603915,SSE,later_global_review
low_name_similarity|severe_name_mismatch,P3,007820,KOSDAQ,XKRX,MX Robotics Inc.,Smcore Inc.,Common Stock,0.235,deepseek_classify_rename_vs_different_security,pending_deepseek_review,KOSDAQ::007820,KRX,later_global_review
low_name_similarity|severe_name_mismatch,P3,270520,KOSDAQ,XKRX,APTN Inc.,Geolit Energy Co. Ltd.,Common Stock,0.235,deepseek_classify_rename_vs_different_security,pending_deepseek_review,KOSDAQ::270520,KRX,later_global_review
low_name_similarity|severe_name_mismatch,P3,288620,KOSDAQ,XKRX,"S-Prism Co., Ltd.","S-Fuelcell Co., Ltd.",Common Stock,0.235,deepseek_classify_rename_vs_different_security,pending_deepseek_review,KOSDAQ::288620,KRX,later_global_review
low_name_similarity|severe_name_mismatch,P3,AMARIN,SET,XBKK,Amarin Printing and Publishing Public Company Limited,Amarin Corporation plc,Common Stock,0.235,deepseek_classify_rename_vs_different_security,pending_deepseek_review,SET::AMARIN,SET,later_global_review
low_name_similarity|severe_name_mismatch,P3,603993,SSE,XSHG,China Molybdenum Co Ltd Class A,CMOC Group Limited,Common Stock,0.235,deepseek_classify_rename_vs_different_security,pending_deepseek_review,SSE::603993,SSE,later_global_review
low_name_similarity|severe_name_mismatch,P3,002219,SZSE,XSHE,Hengkang Medical Group Co Ltd,"New Journey Health Technology Co., Ltd.",Common Stock,0.235,deepseek_classify_rename_vs_different_security,pending_deepseek_review,SZSE::002219,SZSE,later_global_review
low_name_similarity|severe_name_mismatch,P3,4210,TADAWUL,XSAU,SRMG,Saudi Research and Media Group,Common Stock,0.235,deepseek_classify_rename_vs_different_security,pending_deepseek_review,TADAWUL::4210,Tadawul,later_global_review
low_name_similarity|severe_name_mismatch,P3,4506,TPEX,XTAI,Golden Friends,GFC Ltd.,Common Stock,0.235,deepseek_classify_rename_vs_different_security,pending_deepseek_review,TPEX::4506,TWSE,later_global_review
low_name_similarity|severe_name_mismatch,P3,600589,SSE,XSHG,Guangdong Rongtai Industry Co Ltd,"Dawei Technology Co., Ltd.",Common Stock,0.238,deepseek_classify_rename_vs_different_security,pending_deepseek_review,SSE::600589,SSE,later_global_review
low_name_similarity|severe_name_mismatch,P3,0368,Bursa,XKLS,OXB,Oxford Innotech Berhad,Common Stock,0.24,deepseek_classify_rename_vs_different_security,pending_deepseek_review,Bursa::0368,MYX,later_global_review
low_name_similarity|severe_name_mismatch,P3,308100,KOSDAQ,XKRX,"Hyungji Global Co., Ltd.","Castelbajac Co., Ltd.",Common Stock,0.24,deepseek_classify_rename_vs_different_security,pending_deepseek_review,KOSDAQ::308100,KRX,later_global_review
low_name_similarity|severe_name_mismatch,P3,317530,KOSDAQ,XKRX,Episode Company,"Carriesoft Co., Ltd.",Common Stock,0.24,deepseek_classify_rename_vs_different_security,pending_deepseek_review,KOSDAQ::317530,KRX,later_global_review
low_name_similarity|severe_name_mismatch,P3,8087,TPEX,XTAI,Homenema Technology Incorporation,Leadsun Greentech Corporation,Common Stock,0.24,deepseek_classify_rename_vs_different_security,pending_deepseek_review,TPEX::8087,TWSE,later_global_review
low_name_similarity|severe_name_mismatch,P3,OMV,XETRA,XETR,OMV Aktiengesellschaft,OMV AG,Common Stock,0.24,deepseek_classify_rename_vs_different_security,pending_deepseek_review,XETRA::OMV,XETR,later_global_review
low_name_similarity|severe_name_mismatch,P3,000902,SZSE,XSHE,Hubei Xinyangfeng Fertilizer Co Ltd,"Yonfer Agricultural Technology Co., Ltd.",Common Stock,0.241,deepseek_classify_rename_vs_different_security,pending_deepseek_review,SZSE::000902,SZSE,later_global_review
low_name_similarity|severe_name_mismatch,P3,4251,Bursa,XKLS,I-Berhad,iShares iBonds Nov 2023 Term USD High Yield and Income ETF,Common Stock,0.242,deepseek_classify_rename_vs_different_security,pending_deepseek_review,Bursa::4251,MYX,later_global_review
low_name_similarity|severe_name_mismatch,P3,M15,SGX,XSES,Nanyang NewDev,Matex International Ltd.,Common Stock,0.242,deepseek_classify_rename_vs_different_security,pending_deepseek_review,SGX::M15,SGX,later_global_review
low_name_similarity|severe_name_mismatch,P3,210120,KOSDAQ,XKRX,"CANVAS N Co., Ltd.","Victory Contents Co.,Ltd.",Common Stock,0.25,deepseek_classify_rename_vs_different_security,pending_deepseek_review,KOSDAQ::210120,KRX,later_global_review
low_name_similarity|severe_name_mismatch,P3,347890,KOSDAQ,XKRX,MX On Corporation,M2I Corporation,Common Stock,0.25,deepseek_classify_rename_vs_different_security,pending_deepseek_review,KOSDAQ::347890,KRX,later_global_review
low_name_similarity|severe_name_mismatch,P3,377480,KOSDAQ,XKRX,MINDs Lab Inc.,Maum AI Inc.,Common Stock,0.25,deepseek_classify_rename_vs_different_security,pending_deepseek_review,KOSDAQ::377480,KRX,later_global_review
low_name_similarity|severe_name_mismatch,P3,472220,KOSDAQ,XKRX,SHT-10 SPAC,"Shinyoung Happy Tomorrow No. 1 Co., Ltd.",Common Stock,0.25,deepseek_classify_rename_vs_different_security,pending_deepseek_review,KOSDAQ::472220,KRX,later_global_review
low_name_similarity|severe_name_mismatch,P3,Q0F,SGX,XSES,IHH,IHH Healthcare Berhad,Common Stock,0.25,deepseek_classify_rename_vs_different_security,pending_deepseek_review,SGX::Q0F,SGX,later_global_review
low_name_similarity|severe_name_mismatch,P3,688638,SSE,XSHG,UTIMES ORD A (SHH) EQSW Exp:,"Shenzhen Utimes Intelligence Technology Co., Ltd.",Common Stock,0.25,deepseek_classify_rename_vs_different_security,pending_deepseek_review,SSE::688638,SSE,later_global_review
low_name_similarity|severe_name_mismatch,P3,2200,TADAWUL,XSAU,APC,Arabian Pipes Co.,Common Stock,0.25,deepseek_classify_rename_vs_different_security,pending_deepseek_review,TADAWUL::2200,Tadawul,later_global_review
low_name_similarity|severe_name_mismatch,P3,4325,TADAWUL,XSAU,MASAR,Umm Al Qura for Development Co.,Common Stock,0.25,deepseek_classify_rename_vs_different_security,pending_deepseek_review,TADAWUL::4325,Tadawul,later_global_review
low_name_similarity|severe_name_mismatch,P3,2924,TPEX,XTAI,Cayman Tung Ling Co Ltd,Galactic Ltd.,Common Stock,0.25,deepseek_classify_rename_vs_different_security,pending_deepseek_review,TPEX::2924,TWSE,later_global_review
low_name_similarity|severe_name_mismatch,P3,IDM,WSE,XWAR,Dom Maklerski IDM SA,IDM S.A.,Common Stock,0.25,deepseek_classify_rename_vs_different_security,pending_deepseek_review,WSE::IDM,GPW,later_global_review
low_name_similarity|severe_name_mismatch,P3,477380,KOSDAQ,XKRX,MAV SPAC4,Mirae Asset Vision Special Purpose Acquisition Company,Common Stock,0.254,deepseek_classify_rename_vs_different_security,pending_deepseek_review,KOSDAQ::477380,KRX,later_global_review
low_name_similarity|severe_name_mismatch,P3,477470,KOSDAQ,XKRX,MAV SPAC5,Mirae Asset Vision Special Purpose Acquisition Company,Common Stock,0.254,deepseek_classify_rename_vs_different_security,pending_deepseek_review,KOSDAQ::477470,KRX,later_global_review
low_name_similarity|severe_name_mismatch,P3,600753,SSE,XSHG,Fujian Oriental Silver Star Investment Co Ltd,"Gen-S Power Group Co., Ltd.",Common Stock,0.255,deepseek_classify_rename_vs_different_security,pending_deepseek_review,SSE::600753,SSE,later_global_review
low_name_similarity|severe_name_mismatch,P3,4200,TADAWUL,XSAU,ALDREES,Aldrees Petroleum and Transport Services Company,Common Stock,0.255,deepseek_classify_rename_vs_different_security,pending_deepseek_review,TADAWUL::4200,Tadawul,later_global_review
low_name_similarity|severe_name_mismatch,P3,000981,SZSE,XSHE,Yinyi Real Estate Co Ltd,"Sensteed Hi-Tech Group Co., Ltd.",Common Stock,0.256,deepseek_classify_rename_vs_different_security,pending_deepseek_review,SZSE::000981,SZSE,later_global_review
low_name_similarity|severe_name_mismatch,P3,TSH,SGX,XSES,TSH Resources,Tuan Sing Holdings Ltd.,Common Stock,0.258,deepseek_classify_rename_vs_different_security,pending_deepseek_review,SGX::TSH,SGX,later_global_review
low_name_similarity|severe_name_mismatch,P3,9548,TADAWUL,XSAU,APICO,Arabian Plastic Industrial Co.,Common Stock,0.258,deepseek_classify_rename_vs_different_security,pending_deepseek_review,TADAWUL::9548,Tadawul,later_global_review
low_name_similarity|severe_name_mismatch,P3,OPAP,ATHEX,ASEX,Greek Organization of Football Prognostics S.A.,OPAP S.A.,Common Stock,0.259,deepseek_classify_rename_vs_different_security,pending_deepseek_review,ATHEX::OPAP,ASE,later_global_review
low_name_similarity|severe_name_mismatch,P3,478440,KOSDAQ,XKRX,MAVSPAC6,Mirae Asset Vision Special Purpose Acquisition Co.,Common Stock,0.259,deepseek_classify_rename_vs_different_security,pending_deepseek_review,KOSDAQ::478440,KRX,later_global_review
low_name_similarity|severe_name_mismatch,P3,012210,KOSDAQ,XKRX,SMP,"Sammi Metal Products Co.,Ltd.",Common Stock,0.261,deepseek_classify_rename_vs_different_security,pending_deepseek_review,KOSDAQ::012210,KRX,later_global_review
low_name_similarity|severe_name_mismatch,P3,290660,KOSDAQ,XKRX,"Dynamic Solution Co., Ltd.",Neofect Co. Ltd.,Common Stock,0.261,deepseek_classify_rename_vs_different_security,pending_deepseek_review,KOSDAQ::290660,KRX,later_global_review
low_name_similarity|severe_name_mismatch,P3,006280,KRX,XKRX,GC Biopharma Corp.,Green Cross Corporation,Common Stock,0.261,deepseek_classify_rename_vs_different_security,pending_deepseek_review,KRX::006280,KRX,later_global_review
low_name_similarity|severe_name_mismatch,P3,U11,SGX,XSES,UOB,United Overseas Bank Ltd.,Common Stock,0.261,deepseek_classify_rename_vs_different_security,pending_deepseek_review,SGX::U11,SGX,later_global_review
low_name_similarity|severe_name_mismatch,P3,4003,TADAWUL,XSAU,EXTRA,United Electronics Co.,Common Stock,0.261,deepseek_classify_rename_vs_different_security,pending_deepseek_review,TADAWUL::4003,Tadawul,later_global_review
low_name_similarity|severe_name_mismatch,P3,8250,TADAWUL,XSAU,GIG,Gulf Insurance Group,Common Stock,0.261,deepseek_classify_rename_vs_different_security,pending_deepseek_review,TADAWUL::8250,Tadawul,later_global_review
low_name_similarity|severe_name_mismatch,P3,601319,SSE,XSHG,People's Insurance of China Ltd,PICC Property and Casualty Company Limited,Common Stock,0.262,deepseek_classify_rename_vs_different_security,pending_deepseek_review,SSE::601319,SSE,later_global_review
low_name_similarity|severe_name_mismatch,P3,4143,TADAWUL,XSAU,TALCO,Al Taiseer Group Talco Industries,Common Stock,0.263,deepseek_classify_rename_vs_different_security,pending_deepseek_review,TADAWUL::4143,Tadawul,later_global_review
low_name_similarity|severe_name_mismatch,P3,FTB,JSE,XJSE,Arrowhead Properties Ltd B,Fairvest Ltd.,REIT,0.267,deepseek_classify_rename_vs_different_security,pending_deepseek_review,JSE::FTB,JSE,later_global_review
low_name_similarity|severe_name_mismatch,P3,032620,KOSDAQ,XKRX,GC MediAI Corporation,"Ubcare Co., Ltd.",Common Stock,0.267,deepseek_classify_rename_vs_different_security,pending_deepseek_review,KOSDAQ::032620,KRX,later_global_review
low_name_similarity|severe_name_mismatch,P3,060230,KOSDAQ,XKRX,"JK Synapse Co., Ltd.",Sonid Inc.,Common Stock,0.267,deepseek_classify_rename_vs_different_security,pending_deepseek_review,KOSDAQ::060230,KRX,later_global_review
low_name_similarity|severe_name_mismatch,P3,T15,SGX,XSES,TCIL HK$,Tan Chong International Ltd.,Common Stock,0.267,deepseek_classify_rename_vs_different_security,pending_deepseek_review,SGX::T15,SGX,later_global_review
low_name_similarity|severe_name_mismatch,P3,9645,TADAWUL,XSAU,SIGN WORLD,National Signage Industrial Company,Common Stock,0.267,deepseek_classify_rename_vs_different_security,pending_deepseek_review,TADAWUL::9645,Tadawul,later_global_review
low_name_similarity|severe_name_mismatch,P3,P911,XETRA,XETR,Porsche AG Vz,Dr. Ing. h.c. F. Porsche Aktiengesellschaft Preference,Preferred Stock,0.267,deepseek_classify_rename_vs_different_security,pending_deepseek_review,XETRA::P911,XETR,later_global_review
low_name_similarity|severe_name_mismatch,P3,9584,TADAWUL,XSAU,RIYAL,Riyal Investment & Development Co.,Common Stock,0.27,deepseek_classify_rename_vs_different_security,pending_deepseek_review,TADAWUL::9584,Tadawul,later_global_review
low_name_similarity|severe_name_mismatch,P3,PKN,WSE,XWAR,Polski Koncern Naftowy ORLEN SA,ORLEN S.A.,Common Stock,0.27,deepseek_classify_rename_vs_different_security,pending_deepseek_review,WSE::PKN,GPW,later_global_review
low_name_similarity|severe_name_mismatch,P3,600212,SSE,XSHG,Gresgying Digital Energy Technology Co Ltd,"Gree Electric Appliances, Inc.",Common Stock,0.271,deepseek_classify_rename_vs_different_security,pending_deepseek_review,SSE::600212,SSE,later_global_review
low_name_similarity|severe_name_mismatch,P3,0308,Bursa,XKLS,KTI,KTI Landmark Berhad,Common Stock,0.273,deepseek_classify_rename_vs_different_security,pending_deepseek_review,Bursa::0308,MYX,later_global_review
low_name_similarity|severe_name_mismatch,P3,5330,Bursa,XKLS,TMK,TMK Chemical Berhad,Common Stock,0.273,deepseek_classify_rename_vs_different_security,pending_deepseek_review,Bursa::5330,MYX,later_global_review
low_name_similarity|severe_name_mismatch,P3,079810,KOSDAQ,XKRX,APS Innovation Co Ltd,DE&T Co. Ltd,Common Stock,0.273,deepseek_classify_rename_vs_different_security,pending_deepseek_review,KOSDAQ::079810,KRX,later_global_review
low_name_similarity|severe_name_mismatch,P3,NZX,NZX,XNZE,NZX Limited Ordinary Shares,NZX Ltd,Common Stock,0.273,deepseek_classify_rename_vs_different_security,pending_deepseek_review,NZX::NZX,NZX,later_global_review
low_name_similarity|severe_name_mismatch,P3,CRNAS,OSL,XOSL,CIRCIO HOLDING TR,CRNAS,Common Stock,0.273,deepseek_classify_rename_vs_different_security,pending_deepseek_review,OSL::CRNAS,OSE,later_global_review
low_name_similarity|severe_name_mismatch,P3,1050,TADAWUL,XSAU,BSF,Banque Saudi Fransi,Common Stock,0.273,deepseek_classify_rename_vs_different_security,pending_deepseek_review,TADAWUL::1050,Tadawul,later_global_review
low_name_similarity|severe_name_mismatch,P3,1180,TADAWUL,XSAU,SNB,The Saudi National Bank,Common Stock,0.273,deepseek_classify_rename_vs_different_security,pending_deepseek_review,TADAWUL::1180,Tadawul,later_global_review
low_name_similarity|severe_name_mismatch,P3,9607,TADAWUL,XSAU,ASG,ASG Plastic Factory Co.,Common Stock,0.273,deepseek_classify_rename_vs_different_security,pending_deepseek_review,TADAWUL::9607,Tadawul,later_global_review
low_name_similarity|severe_name_mismatch,P3,300471,SZSE,XSHE,Chengdu Huaqi Houpu Holding Co Ltd,Houpu Clean Energy Group Ltd.,Common Stock,0.275,deepseek_classify_rename_vs_different_security,pending_deepseek_review,SZSE::300471,SZSE,later_global_review
low_name_similarity|severe_name_mismatch,P3,FRA,XETRA,XETR,FRAPORT AG,Fraport AG Frankfurt Airport Services Worldwide,Common Stock,0.275,deepseek_classify_rename_vs_different_security,pending_deepseek_review,XETRA::FRA,XETR,later_global_review
low_name_similarity|severe_name_mismatch,P3,301061,SZSE,XSHE,HHC Changzhou Corp.,Motomotion China Corp.,Common Stock,0.276,deepseek_classify_rename_vs_different_security,pending_deepseek_review,SZSE::301061,SZSE,later_global_review
low_name_similarity|severe_name_mismatch,P3,DIVA,IDX,XIDX,Nusantara Voucher Distribution Tbk PT,Distribusi Voucher Nusantara,Common Stock,0.277,deepseek_classify_rename_vs_different_security,pending_deepseek_review,IDX::DIVA,IDX,later_global_review
low_name_similarity|severe_name_mismatch,P3,4110,TADAWUL,XSAU,BATIC,Batic Investments and Logistics Co.,Common Stock,0.278,deepseek_classify_rename_vs_different_security,pending_deepseek_review,TADAWUL::4110,Tadawul,later_global_review
low_name_similarity|severe_name_mismatch,P3,4140,TADAWUL,XSAU,SIECO,Saudi Industrial Export Company,Common Stock,0.278,deepseek_classify_rename_vs_different_security,pending_deepseek_review,TADAWUL::4140,Tadawul,later_global_review
low_name_similarity|severe_name_mismatch,P3,4322,TADAWUL,XSAU,RETAL,Retal Urban Development Company,Common Stock,0.278,deepseek_classify_rename_vs_different_security,pending_deepseek_review,TADAWUL::4322,Tadawul,later_global_review
low_name_similarity|severe_name_mismatch,P3,SNK,WSE,XWAR,Stomil Sanok SA,Sanok Rubber Company S.A.,Common Stock,0.278,deepseek_classify_rename_vs_different_security,pending_deepseek_review,WSE::SNK,GPW,later_global_review
low_name_similarity|severe_name_mismatch,P3,002122,SZSE,XSHE,Tianma Bearing Group Co Ltd,"Huizhou Intelligent Technology Co., Ltd.",Common Stock,0.28,deepseek_classify_rename_vs_different_security,pending_deepseek_review,SZSE::002122,SZSE,later_global_review
low_name_similarity|severe_name_mismatch,P3,5345,TPEX,XTAI,Team Young Advanced Technology Co Ltd,"Fullhome Development Co., Ltd.",Common Stock,0.28,deepseek_classify_rename_vs_different_security,pending_deepseek_review,TPEX::5345,TWSE,later_global_review
low_name_similarity|severe_name_mismatch,P3,DESA,BME,XMAD,"Desarrollos Especiales de Sistemas de Anclaje, S.A.",Desa S.A.,Common Stock,0.281,deepseek_classify_rename_vs_different_security,pending_deepseek_review,BME::DESA,BME,later_global_review
low_name_similarity|severe_name_mismatch,P3,300442,SZSE,XSHE,Shanghai Precise Packaging Co Ltd,"Range Intelligent Computing Technology Co., Ltd.",Common Stock,0.281,deepseek_classify_rename_vs_different_security,pending_deepseek_review,SZSE::300442,SZSE,later_global_review
low_name_similarity|severe_name_mismatch,P3,603091,SSE,XSHG,ZX PACKING ORD A (SHH) EQSW Exp:,"Zhejiang Zhongxin Environmental Protection Co., Ltd.",Common Stock,0.282,deepseek_classify_rename_vs_different_security,pending_deepseek_review,SSE::603091,SSE,later_global_review
low_name_similarity|severe_name_mismatch,P3,INTERBC1,BVL,XLIM,Banco Internacional del Peru S.A.A.-Interbank,Interbank-COMUN S.A.,Common Stock,0.286,deepseek_classify_rename_vs_different_security,pending_deepseek_review,BVL::INTERBC1,BVL,later_global_review
low_name_similarity|severe_name_mismatch,P3,COBH,Euronext,XBRU,Brouwerij Handelsmaatschappij NV,Compagnie Bancaire Helvétiques S.A.,Common Stock,0.286,deepseek_classify_rename_vs_different_security,pending_deepseek_review,Euronext::COBH,Euronext,later_global_review
low_name_similarity|severe_name_mismatch,P3,123010,KOSDAQ,XKRX,"RNT-X Co., Ltd.","Iwin Plus Co., Ltd.",Common Stock,0.286,deepseek_classify_rename_vs_different_security,pending_deepseek_review,KOSDAQ::123010,KRX,later_global_review
low_name_similarity|severe_name_mismatch,P3,302920,KRX,XKRX,TCO,Contents On/The Inc.,Common Stock,0.286,deepseek_classify_rename_vs_different_security,pending_deepseek_review,KRX::302920,KRX,later_global_review
low_name_similarity|severe_name_mismatch,P3,AKER,OSL,XOSL,AKER,Aker ASA Series A Shares,Common Stock,0.286,deepseek_classify_rename_vs_different_security,pending_deepseek_review,OSL::AKER,OSE,later_global_review
low_name_similarity|severe_name_mismatch,P3,8A1,SGX,XSES,Heptamax,Forise International Ltd.,Common Stock,0.286,deepseek_classify_rename_vs_different_security,pending_deepseek_review,SGX::8A1,SGX,later_global_review
low_name_similarity|severe_name_mismatch,P3,C6L,SGX,XSES,SIA,Singapore Airlines Ltd.,Common Stock,0.286,deepseek_classify_rename_vs_different_security,pending_deepseek_review,SGX::C6L,SGX,later_global_review
low_name_similarity|severe_name_mismatch,P3,D05,SGX,XSES,DBS,DBS Group Holdings Ltd.,Common Stock,0.286,deepseek_classify_rename_vs_different_security,pending_deepseek_review,SGX::D05,SGX,later_global_review
low_name_similarity|severe_name_mismatch,P3,S68,SGX,XSES,SGX,Singapore Exchange Ltd.,Common Stock,0.286,deepseek_classify_rename_vs_different_security,pending_deepseek_review,SGX::S68,SGX,later_global_review
low_name_similarity|severe_name_mismatch,P3,603185,SSE,XSHG,Wuxi Shangji Automation Co Ltd,"Hoyuan Green Energy Co., Ltd.",Common Stock,0.286,deepseek_classify_rename_vs_different_security,pending_deepseek_review,SSE::603185,SSE,later_global_review
low_name_similarity|severe_name_mismatch,P3,002268,SZSE,XSHE,Westone Information Industry Inc,"CETC Cyberspace Security Technology Co., Ltd.",Common Stock,0.286,deepseek_classify_rename_vs_different_security,pending_deepseek_review,SZSE::002268,SZSE,later_global_review
low_name_similarity|severe_name_mismatch,P3,2310,TADAWUL,XSAU,SIPCHEM,Sahara International Petrochemical Company,Common Stock,0.286,deepseek_classify_rename_vs_different_security,pending_deepseek_review,TADAWUL::2310,Tadawul,later_global_review
low_name_similarity|severe_name_mismatch,P3,4292,TADAWUL,XSAU,ATAA,Ataa Educational Company,Common Stock,0.286,deepseek_classify_rename_vs_different_security,pending_deepseek_review,TADAWUL::4292,Tadawul,later_global_review
low_name_similarity|severe_name_mismatch,P3,6001,TADAWUL,XSAU,HB,Halwani Bros Co.,Common Stock,0.286,deepseek_classify_rename_vs_different_security,pending_deepseek_review,TADAWUL::6001,Tadawul,later_global_review
low_name_similarity|severe_name_mismatch,P3,9550,TADAWUL,XSAU,SURE,Sure Global Tech Company,Common Stock,0.286,deepseek_classify_rename_vs_different_security,pending_deepseek_review,TADAWUL::9550,Tadawul,later_global_review
low_name_similarity|severe_name_mismatch,P3,A7A,XETRA,XETR,HELIAD AG,Heliad Equity Partners GmbH & Co. KGaA,Common Stock,0.286,deepseek_classify_rename_vs_different_security,pending_deepseek_review,XETRA::A7A,XETR,later_global_review
low_name_similarity|severe_name_mismatch,P3,CFC,XETRA,XETR,aconnic AG,United Electronic Technology AG,Common Stock,0.286,deepseek_classify_rename_vs_different_security,pending_deepseek_review,XETRA::CFC,XETR,later_global_review
low_name_similarity|severe_name_mismatch,P3,2245,TPEX,XTAI,"Nww Manufacturing Co., Ltd.","Lygend Resources & Technology Co., Ltd.",Common Stock,0.292,deepseek_classify_rename_vs_different_security,pending_deepseek_review,TPEX::2245,TWSE,later_global_review
low_name_similarity|severe_name_mismatch,P3,2100,TADAWUL,XSAU,WAFRAH,Wafrah for Industry and Development,Common Stock,0.293,deepseek_classify_rename_vs_different_security,pending_deepseek_review,TADAWUL::2100,Tadawul,later_global_review
low_name_similarity|severe_name_mismatch,P3,601127,SSE,XSHG,Chongqing Sokon Ind Grp Co,"Seres Group Co., Ltd.",Common Stock,0.294,deepseek_classify_rename_vs_different_security,pending_deepseek_review,SSE::601127,SSE,later_global_review
low_name_similarity|severe_name_mismatch,P3,ULN,BMV,XMEX,Unilever PLC,Unilever PLC Sponsored American Depositary Receipt,American Depositary Receipt,0.296,deepseek_classify_rename_vs_different_security,pending_deepseek_review,BMV::ULN,BMV,later_global_review
low_name_similarity|severe_name_mismatch,P3,603776,SSE,XSHG,Changzhou Youon Pubilic Bicycle System Co Ltd,"Youon Technology Co., Ltd.",Common Stock,0.296,deepseek_classify_rename_vs_different_security,pending_deepseek_review,SSE::603776,SSE,later_global_review
low_name_similarity|severe_name_mismatch,P3,9521,TADAWUL,XSAU,INMAR,Enma Al-Rawabi Company,Common Stock,0.296,deepseek_classify_rename_vs_different_security,pending_deepseek_review,TADAWUL::9521,Tadawul,later_global_review
low_name_similarity|severe_name_mismatch,P3,ECK,XETRA,XETR,LUDW.BECK A.RATHAUSECK,Eckoh plc,Common Stock,0.296,deepseek_classify_rename_vs_different_security,pending_deepseek_review,XETRA::ECK,XETR,later_global_review
low_name_similarity|severe_name_mismatch,P3,1053P,Euronext,XPAR,BCP S&P500 EUR,Banco Comercial Português S.A.,Common Stock,0.298,deepseek_classify_rename_vs_different_security,pending_deepseek_review,Euronext::1053P,Euronext,later_global_review
low_name_similarity|severe_name_mismatch,P3,UIBU,SGX,XSES,UIBREIT,UI Boustead Real Estate Investment Trust,REIT,0.298,deepseek_classify_rename_vs_different_security,pending_deepseek_review,SGX::UIBU,SGX,later_global_review
low_name_similarity|severe_name_mismatch,P3,YIRG,BME,XMAD,YIRG,"Irg10 Socimi, S.A.",REIT,0.3,deepseek_classify_rename_vs_different_security,pending_deepseek_review,BME::YIRG,BME,later_global_review
low_name_similarity|severe_name_mismatch,P3,PBRN,BMV,XMEX,Petróleo Brasileiro S.A. - Petrobras,Petrobras S.A. Sponsored ADR,American Depositary Receipt,0.3,deepseek_classify_rename_vs_different_security,pending_deepseek_review,BMV::PBRN,BMV,later_global_review
low_name_similarity|severe_name_mismatch,P3,SAPN,BMV,XMEX,SAP SE,SAP SE Sponsored ADR,American Depositary Receipt,0.3,deepseek_classify_rename_vs_different_security,pending_deepseek_review,BMV::SAPN,BMV,later_global_review
low_name_similarity|severe_name_mismatch,P3,SNYN,BMV,XMEX,Sanofi,Sanofi American Depositary Receipt,American Depositary Receipt,0.3,deepseek_classify_rename_vs_different_security,pending_deepseek_review,BMV::SNYN,BMV,later_global_review
low_name_similarity|severe_name_mismatch,P3,ELGS,BVB,XBSE,AETA S.A.,Electroarges SA,Common Stock,0.3,deepseek_classify_rename_vs_different_security,pending_deepseek_review,BVB::ELGS,BVB,later_global_review
low_name_similarity|severe_name_mismatch,P3,BBVAC1,BVL,XLIM,Bank BBVA Peru,BBVA Banco Continental S.A.,Common Stock,0.3,deepseek_classify_rename_vs_different_security,pending_deepseek_review,BVL::BBVAC1,BVL,later_global_review
low_name_similarity|severe_name_mismatch,P3,286750,KOSDAQ,XKRX,"NanoSilikhan Advanced Materials Co., Ltd.","Nanobrick Co., Ltd.",Common Stock,0.3,deepseek_classify_rename_vs_different_security,pending_deepseek_review,KOSDAQ::286750,KRX,later_global_review
low_name_similarity|severe_name_mismatch,P3,002102,SZSE,XSHE,Fujian Guanfu Modern Household Wares Co Ltd,"Hubei Nengter Technology Co., Ltd.",Common Stock,0.3,deepseek_classify_rename_vs_different_security,pending_deepseek_review,SZSE::002102,SZSE,later_global_review
low_name_similarity|severe_name_mismatch,P3,9589,TADAWUL,XSAU,FAD,Fad International Co.,Common Stock,0.3,deepseek_classify_rename_vs_different_security,pending_deepseek_review,TADAWUL::9589,Tadawul,later_global_review
low_name_similarity|severe_name_mismatch,P3,IBKD,SGX,XSES,BBCA ID SDR 1to2,PT Bank Central Asia Tbk Singapore Depository Receipt (1:2),Depositary Receipt,0.301,deepseek_classify_rename_vs_different_security,pending_deepseek_review,SGX::IBKD,SGX,later_global_review
low_name_similarity|severe_name_mismatch,P3,SKAKO,CPH,XCSE,SKAKO A/S,Investeringsselskabet af 3. november 2025 A/S,Common Stock,0.302,deepseek_classify_rename_vs_different_security,pending_deepseek_review,CPH::SKAKO,OMXC,later_global_review
low_name_similarity|severe_name_mismatch,P3,002707,SZSE,XSHE,Beijing Utour International Travel Service Co Ltd,"Utour Group Co., Ltd.",Common Stock,0.302,deepseek_classify_rename_vs_different_security,pending_deepseek_review,SZSE::002707,SZSE,later_global_review
low_name_similarity|severe_name_mismatch,P3,FNOVA17,BMV,XMEX,Banco Actinver S.A. Institución de Banca Múltiple Grupo Financiero Actinver,Proyectos Inmobiliarios Carne Mart S.A. de C.V.,REIT,0.303,deepseek_classify_rename_vs_different_security,pending_deepseek_review,BMV::FNOVA17,BMV,later_global_review
low_name_similarity|severe_name_mismatch,P3,DIEG,Euronext,XBRU,Immolease Trust NV,Diegem Kennedycert,Common Stock,0.303,deepseek_classify_rename_vs_different_security,pending_deepseek_review,Euronext::DIEG,Euronext,later_global_review
low_name_similarity|severe_name_mismatch,P3,5LE,SGX,XSES,Sitra,Sitra Holdings International Ltd.,Common Stock,0.303,deepseek_classify_rename_vs_different_security,pending_deepseek_review,SGX::5LE,SGX,later_global_review
low_name_similarity|severe_name_mismatch,P3,8313,TADAWUL,XSAU,RASAN,Rasan Information Technology Co.,Common Stock,0.303,deepseek_classify_rename_vs_different_security,pending_deepseek_review,TADAWUL::8313,Tadawul,later_global_review
low_name_similarity|severe_name_mismatch,P3,COLR,Euronext,XBRU,Etablissementen Franz Colruyt NV,Colruyt Group N.V.,Common Stock,0.304,deepseek_classify_rename_vs_different_security,pending_deepseek_review,Euronext::COLR,Euronext,later_global_review
low_name_similarity|severe_name_mismatch,P3,000717,SZSE,XSHE,Sgis Songshan Co Ltd,"Guangdong Zhongnan Iron & Steel Co., Ltd.",Common Stock,0.304,deepseek_classify_rename_vs_different_security,pending_deepseek_review,SZSE::000717,SZSE,later_global_review
low_name_similarity|severe_name_mismatch,P3,1BR1,XETRA,XETR,"URW (STAPLED SHS)  EO-,05",Unibail-Rodamco-Westfield SE,REIT,0.304,deepseek_classify_rename_vs_different_security,pending_deepseek_review,XETRA::1BR1,XETR,later_global_review
low_name_similarity|severe_name_mismatch,P3,034730,KRX,XKRX,SK Holdings Co Ltd,Sk Inc.,Common Stock,0.308,deepseek_classify_rename_vs_different_security,pending_deepseek_review,KRX::034730,KRX,later_global_review
low_name_similarity|severe_name_mismatch,P3,600208,SSE,XSHG,Xinhu Zhongbao Co Ltd,"Quzhou Xin'an Development Co., Ltd.",Common Stock,0.308,deepseek_classify_rename_vs_different_security,pending_deepseek_review,SSE::600208,SSE,later_global_review
low_name_similarity|severe_name_mismatch,P3,688651,SSE,XSHG,WEBRAY ORD A (SHH) EQSW Exp:,"Weibrain Technology Beijing Co., Ltd.",Common Stock,0.308,deepseek_classify_rename_vs_different_security,pending_deepseek_review,SSE::688651,SSE,later_global_review
low_name_similarity|severe_name_mismatch,P3,300253,SZSE,XSHE,Shanghai Kingstar Winning Software,"Winning Health Technology Group Co., Ltd.",Common Stock,0.308,deepseek_classify_rename_vs_different_security,pending_deepseek_review,SZSE::300253,SZSE,later_global_review
low_name_similarity|severe_name_mismatch,P3,300772,SZSE,XSHE,Zhejiang Windey Co Ltd,"Windey Energy Technology Co., Ltd.",Common Stock,0.308,deepseek_classify_rename_vs_different_security,pending_deepseek_review,SZSE::300772,SZSE,later_global_review
low_name_similarity|severe_name_mismatch,P3,9614,TADAWUL,XSAU,PURITY,PURITY for Information Technology Inc.,Common Stock,0.308,deepseek_classify_rename_vs_different_security,pending_deepseek_review,TADAWUL::9614,Tadawul,later_global_review
low_name_similarity|severe_name_mismatch,P3,NAXS,STO,XSTO,NAXS Nordic Access Buyout Fund AB,NAXS AB (publ),Common Stock,0.311,deepseek_classify_rename_vs_different_security,pending_deepseek_review,STO::NAXS,OMX,later_global_review
low_name_similarity|severe_name_mismatch,P3,OSE,Euronext,XPAR,OSE Pharma SA,OSE Immunotherapeutics SA,Common Stock,0.312,deepseek_classify_rename_vs_different_security,pending_deepseek_review,Euronext::OSE,Euronext,later_global_review
low_name_similarity|severe_name_mismatch,P3,J36,SGX,XSES,JMH USD,Jardine Matheson Holdings Ltd.,Common Stock,0.312,deepseek_classify_rename_vs_different_security,pending_deepseek_review,SGX::J36,SGX,later_global_review
low_name_similarity|severe_name_mismatch,P3,1182,TADAWUL,XSAU,AMLAK,Amlak International Finance Co.,Common Stock,0.312,deepseek_classify_rename_vs_different_security,pending_deepseek_review,TADAWUL::1182,Tadawul,later_global_review
low_name_similarity|severe_name_mismatch,P3,DUE,XETRA,XETR,DUERR AG O.N.,Dürr Aktiengesellschaft,Common Stock,0.312,deepseek_classify_rename_vs_different_security,pending_deepseek_review,XETRA::DUE,XETR,later_global_review
low_name_similarity|severe_name_mismatch,P3,301587,SZSE,XSHE,Zhongrui Co Ltd,"Changzhou Wujin Zhongrui Electric Appliance Co., Ltd.",Common Stock,0.314,deepseek_classify_rename_vs_different_security,pending_deepseek_review,SZSE::301587,SZSE,later_global_review
low_name_similarity|severe_name_mismatch,P3,9549,TADAWUL,XSAU,ALBABTAIN FOOD,Abdulaziz & Mansour Ibrahim Company,Common Stock,0.314,deepseek_classify_rename_vs_different_security,pending_deepseek_review,TADAWUL::9549,Tadawul,later_global_review
low_name_similarity|severe_name_mismatch,P3,TRESTATES,ATHEX,ASEX,TRESTATES,Trade Estates Real Estate Investment Company S.A.,Common Stock,0.316,deepseek_classify_rename_vs_different_security,pending_deepseek_review,ATHEX::TRESTATES,ASE,later_global_review
low_name_similarity|severe_name_mismatch,P3,BRIO,BCBA,XBUE,Banco Santander Río S.A,Rio Tinto Group,Common Stock,0.316,deepseek_classify_rename_vs_different_security,pending_deepseek_review,BCBA::BRIO,BCBA,later_global_review
low_name_similarity|severe_name_mismatch,P3,0297,Bursa,XKLS,TSA,TSA Group Berhad,Common Stock,0.316,deepseek_classify_rename_vs_different_security,pending_deepseek_review,Bursa::0297,MYX,later_global_review
low_name_similarity|severe_name_mismatch,P3,TPFD,SGX,XSES,CP Foods TH SDR 1to2,Charoen Pokphand Foods Public Co. Ltd. UnSp Singapore Depositary Receipt Repr 2/1 Sh,Depositary Receipt,0.316,deepseek_classify_rename_vs_different_security,pending_deepseek_review,SGX::TPFD,SGX,later_global_review
low_name_similarity|severe_name_mismatch,P3,CPHN,SIX,XSWX,CPH Chemie und Papier Holding,CPH Group AG,Common Stock,0.316,deepseek_classify_rename_vs_different_security,pending_deepseek_review,SIX::CPHN,SIX,later_global_review
low_name_similarity|severe_name_mismatch,P3,300592,SZSE,XSHE,Hunan Huakai Cultural and Creative Co Ltd,"Huakai Yibai Technology Co., Ltd.",Common Stock,0.316,deepseek_classify_rename_vs_different_security,pending_deepseek_review,SZSE::300592,SZSE,later_global_review
low_name_similarity|severe_name_mismatch,P3,301083,SZSE,XSHE,JiangXi BaiSheng Intelligent Technology Co. Ltd.,"Bisen Smart Access Co., Ltd.",Common Stock,0.316,deepseek_classify_rename_vs_different_security,pending_deepseek_review,SZSE::301083,SZSE,later_global_review
low_name_similarity|severe_name_mismatch,P3,1060,TADAWUL,XSAU,SAB,Saudi Awwal Bank,Common Stock,0.316,deepseek_classify_rename_vs_different_security,pending_deepseek_review,TADAWUL::1060,Tadawul,later_global_review
low_name_similarity|severe_name_mismatch,P3,8477,TPEX,XTAI,Kuobrothers,"Xxtechec Co., Ltd.",Common Stock,0.316,deepseek_classify_rename_vs_different_security,pending_deepseek_review,TPEX::8477,TWSE,later_global_review
low_name_similarity|severe_name_mismatch,P3,EUC,WSE,XWAR,Europejskie Centrum Odszkodowań SA,EuCo S.A.,Common Stock,0.316,deepseek_classify_rename_vs_different_security,pending_deepseek_review,WSE::EUC,GPW,later_global_review
low_name_similarity|severe_name_mismatch,P3,IFA,WSE,XWAR,GENERATIONIS.AI SPÓŁKA AKCYJNA,Infra S.A.,Common Stock,0.316,deepseek_classify_rename_vs_different_security,pending_deepseek_review,WSE::IFA,GPW,later_global_review
low_name_similarity|severe_name_mismatch,P3,81D,XETRA,XETR,SWISSNET AG,Beaconsmind AG,Common Stock,0.316,deepseek_classify_rename_vs_different_security,pending_deepseek_review,XETRA::81D,XETR,later_global_review
low_name_similarity|severe_name_mismatch,P3,D77,XETRA,XETR,DN Group AG,Neon Equity AG,Common Stock,0.316,deepseek_classify_rename_vs_different_security,pending_deepseek_review,XETRA::D77,XETR,later_global_review
low_name_similarity|severe_name_mismatch,P3,ML,Euronext,XPAR,Compagnie Generale des Etablissements Michelin SCA,Michelin (CGDE),Common Stock,0.317,deepseek_classify_rename_vs_different_security,pending_deepseek_review,Euronext::ML,Euronext,later_global_review
low_name_similarity|severe_name_mismatch,P3,601888,SSE,XSHG,China International Travel Service Corp Ltd,China Tourism Group Duty Free Corporation Limited,Common Stock,0.317,deepseek_classify_rename_vs_different_security,pending_deepseek_review,SSE::601888,SSE,later_global_review
low_name_similarity|severe_name_mismatch,P3,LABA,IDX,XIDX,Ladangbaja Murni PT Tbk,Green Power Group Tbk.,Common Stock,0.318,deepseek_classify_rename_vs_different_security,pending_deepseek_review,IDX::LABA,IDX,later_global_review
low_name_similarity|severe_name_mismatch,P3,OREGE,Euronext,XPAR,Orege Société Anonyme,Orège,Common Stock,0.32,deepseek_classify_rename_vs_different_security,pending_deepseek_review,Euronext::OREGE,Euronext,later_global_review
low_name_similarity|severe_name_mismatch,P3,038870,KOSDAQ,XKRX,"EcoSimplex Co., Ltd.","Ecobio Holdings Co., Ltd.",Common Stock,0.32,deepseek_classify_rename_vs_different_security,pending_deepseek_review,KOSDAQ::038870,KRX,later_global_review
low_name_similarity|severe_name_mismatch,P3,083790,KOSDAQ,XKRX,"CG Invites Co., Ltd.",CrystalGenomics Inc.,Common Stock,0.32,deepseek_classify_rename_vs_different_security,pending_deepseek_review,KOSDAQ::083790,KRX,later_global_review
low_name_similarity|severe_name_mismatch,P3,HJDD,SGX,XSES,JD HK SDR 10to1,"JD.com, Inc. Singapore Depository Receipt",Depositary Receipt,0.32,deepseek_classify_rename_vs_different_security,pending_deepseek_review,SGX::HJDD,SGX,later_global_review
low_name_similarity|severe_name_mismatch,P3,688610,SSE,XSHG,I-TEK ORD A (SHH) EQSW Exp:,"Hefei I-Tek Optoelectronic Co., Ltd.",Common Stock,0.32,deepseek_classify_rename_vs_different_security,pending_deepseek_review,SSE::688610,SSE,later_global_review
low_name_similarity|severe_name_mismatch,P3,002354,SZSE,XSHE,Dalian Zeus Entertainment,Tianyu Digital Technology Inc.,Common Stock,0.32,deepseek_classify_rename_vs_different_security,pending_deepseek_review,SZSE::002354,SZSE,later_global_review
low_name_similarity|severe_name_mismatch,P3,002765,SZSE,XSHE,Chongqing Landai Powertrain Corp Ltd,"Landai Technology Group Co., Ltd.",Common Stock,0.32,deepseek_classify_rename_vs_different_security,pending_deepseek_review,SZSE::002765,SZSE,later_global_review
low_name_similarity|severe_name_mismatch,P3,1030,TADAWUL,XSAU,SAIB,Saudi Investment Bank,Common Stock,0.32,deepseek_classify_rename_vs_different_security,pending_deepseek_review,TADAWUL::1030,Tadawul,later_global_review
low_name_similarity|severe_name_mismatch,P3,600246,SSE,XSHG,Beijing Vantone Real Estate Co Ltd,"Vantone Neo Development Group Co., Ltd.",Common Stock,0.321,deepseek_classify_rename_vs_different_security,pending_deepseek_review,SSE::600246,SSE,later_global_review
low_name_similarity|severe_name_mismatch,P3,600301,SSE,XSHG,Nanning Chemical Industry Co Ltd,Guangxi Huaxi Nonferrous Metals Co. Ltd.,Common Stock,0.321,deepseek_classify_rename_vs_different_security,pending_deepseek_review,SSE::600301,SSE,later_global_review
low_name_similarity|severe_name_mismatch,P3,002727,SZSE,XSHE,Yunnan Hongxiang Yixintang,Yixintang Pharmaceutical Group Co. Ltd.,Common Stock,0.321,deepseek_classify_rename_vs_different_security,pending_deepseek_review,SZSE::002727,SZSE,later_global_review
low_name_similarity|severe_name_mismatch,P3,4191,TADAWUL,XSAU,ABO MOATI,Abdullah Saad Mohammed Abo Moati for Bookstores Co.,Common Stock,0.321,deepseek_classify_rename_vs_different_security,pending_deepseek_review,TADAWUL::4191,Tadawul,later_global_review
low_name_similarity|severe_name_mismatch,P3,ALMUN,Euronext,XPAR,Munic SA,Munich Reinsurance Company,Common Stock,0.323,deepseek_classify_rename_vs_different_security,pending_deepseek_review,Euronext::ALMUN,Euronext,later_global_review
low_name_similarity|severe_name_mismatch,P3,TPED,SGX,XSES,PTTEP TH SDR 1to1,PTT Exploration & Production Public Company Limited,Depositary Receipt,0.323,deepseek_classify_rename_vs_different_security,pending_deepseek_review,SGX::TPED,SGX,later_global_review
low_name_similarity|severe_name_mismatch,P3,000809,SZSE,XSHE,Tieling Newcity Investment Holding Ltd,"Liaoning Hezhan Energy Group Co., Ltd.",Common Stock,0.323,deepseek_classify_rename_vs_different_security,pending_deepseek_review,SZSE::000809,SZSE,later_global_review
low_name_similarity|severe_name_mismatch,P3,BACE,AMS,XAMS,BM3EAC,Brigade-M3 European Acquisition Corp.,Common Stock,0.324,deepseek_classify_rename_vs_different_security,pending_deepseek_review,AMS::BACE,Euronext,later_global_review
low_name_similarity|severe_name_mismatch,P3,THYAO,BIST,XIST,TÜRK HAVA YOLLARI A.O.,Turkish Airlines Inc.,Common Stock,0.324,deepseek_classify_rename_vs_different_security,pending_deepseek_review,BIST::THYAO,BIST,later_global_review
low_name_similarity|severe_name_mismatch,P3,009320,KRX,XKRX,Daewoo Elec Co,"Ajin Electronic Components Co., Ltd.",Common Stock,0.324,deepseek_classify_rename_vs_different_security,pending_deepseek_review,KRX::009320,KRX,later_global_review
low_name_similarity|severe_name_mismatch,P3,CMOU,SGX,XSES,KOREReitUSD,Keppel Pacific Oak US REIT,REIT,0.324,deepseek_classify_rename_vs_different_security,pending_deepseek_review,SGX::CMOU,SGX,later_global_review
low_name_similarity|severe_name_mismatch,P3,MLK,WSE,XWAR,Mlk Foods Public Company Ltd,Milkiland N.V.,Common Stock,0.324,deepseek_classify_rename_vs_different_security,pending_deepseek_review,WSE::MLK,GPW,later_global_review
low_name_similarity|severe_name_mismatch,P3,FLEXO,ATHEX,ASEX,Flexopack Société Anonyme Commercial and Industrial Plastics Company,Flexopack S.A.,Common Stock,0.325,deepseek_classify_rename_vs_different_security,pending_deepseek_review,ATHEX::FLEXO,ASE,later_global_review
low_name_similarity|severe_name_mismatch,P3,RAPCO,ADX,XADS,RAPCO Investment PJSC,Ras Al Khaimah Poultry Co.,Common Stock,0.326,deepseek_classify_rename_vs_different_security,pending_deepseek_review,ADX::RAPCO,ADX,later_global_review
low_name_similarity|severe_name_mismatch,P3,SESG,Euronext,XPAR,SES S. A.,SES S.A. Fiduciary Depositary Receipt,Depositary Receipt,0.326,deepseek_classify_rename_vs_different_security,pending_deepseek_review,Euronext::SESG,Euronext,later_global_review
low_name_similarity|severe_name_mismatch,P3,002494,SZSE,XSHE,Huasi Agricultural Development Co Ltd,"Huasi Holding Co., Ltd.",Common Stock,0.326,deepseek_classify_rename_vs_different_security,pending_deepseek_review,SZSE::002494,SZSE,later_global_review
low_name_similarity|severe_name_mismatch,P3,688450,SSE,XSHG,AGIOE ORD A (SHH) EQSW Exp:,"Suzhou Agioe Technologies Co., Ltd.",Common Stock,0.327,deepseek_classify_rename_vs_different_security,pending_deepseek_review,SSE::688450,SSE,later_global_review
low_name_similarity|severe_name_mismatch,P3,300071,SZSE,XSHE,Spearhead Integrated Marketing,"Fs Development Investment Co., Ltd.",Common Stock,0.327,deepseek_classify_rename_vs_different_security,pending_deepseek_review,SZSE::300071,SZSE,later_global_review
low_name_similarity|severe_name_mismatch,P3,4009,TADAWUL,XSAU,SAUDI GERMAN HEALTH,Middle East Healthcare Company,Common Stock,0.327,deepseek_classify_rename_vs_different_security,pending_deepseek_review,TADAWUL::4009,Tadawul,later_global_review
low_name_similarity|severe_name_mismatch,P3,LHSC,SET,XBKK,LH Shopping Centers Leasehold,Lendlease Global Commercial REIT,REIT,0.328,deepseek_classify_rename_vs_different_security,pending_deepseek_review,SET::LHSC,SET,later_global_review
low_name_similarity|severe_name_mismatch,P3,002413,SZSE,XSHE,Jiangsu Changfa Refrigeration Co Ltd,"Beijing Leike Defense Technology Co., Ltd.",Common Stock,0.328,deepseek_classify_rename_vs_different_security,pending_deepseek_review,SZSE::002413,SZSE,later_global_review
low_name_similarity|severe_name_mismatch,P3,TWEKA,AMS,XAMS,TKH GROUP,TKH Group N.V. - Depositary Receipt (Common Stock),Depositary Receipt,0.333,deepseek_classify_rename_vs_different_security,pending_deepseek_review,AMS::TWEKA,Euronext,later_global_review
low_name_similarity|severe_name_mismatch,P3,NTESN,BMV,XMEX,NetEase Inc,"NetEase, Inc. American Depositary Receipt",American Depositary Receipt,0.333,deepseek_classify_rename_vs_different_security,pending_deepseek_review,BMV::NTESN,BMV,later_global_review
low_name_similarity|severe_name_mismatch,P3,CACU,BVB,XBSE,Sifi CJ Logistic SA,Comat Cluj S.A.,Common Stock,0.333,deepseek_classify_rename_vs_different_security,pending_deepseek_review,BVB::CACU,BVB,later_global_review
low_name_similarity|severe_name_mismatch,P3,0258,Bursa,XKLS,AGMO,Agmo Holdings Berhad,Common Stock,0.333,deepseek_classify_rename_vs_different_security,pending_deepseek_review,Bursa::0258,MYX,later_global_review
low_name_similarity|severe_name_mismatch,P3,086960,KOSDAQ,XKRX,Hancom MDS Inc,MDS Tech Inc.,Common Stock,0.333,deepseek_classify_rename_vs_different_security,pending_deepseek_review,KOSDAQ::086960,KRX,later_global_review
low_name_similarity|severe_name_mismatch,P3,187420,KOSDAQ,XKRX,GenoFocus Inc,Hlb Genex Inc.,Common Stock,0.333,deepseek_classify_rename_vs_different_security,pending_deepseek_review,KOSDAQ::187420,KRX,later_global_review
low_name_similarity|severe_name_mismatch,P3,256940,KOSDAQ,XKRX,Keeps Biopharma Inc.,KPS Corp.,Common Stock,0.333,deepseek_classify_rename_vs_different_security,pending_deepseek_review,KOSDAQ::256940,KRX,later_global_review
low_name_similarity|severe_name_mismatch,P3,012170,KRX,XKRX,KIWI Media Group Co.Ltd,"Ascendio Co., Ltd.",Common Stock,0.333,deepseek_classify_rename_vs_different_security,pending_deepseek_review,KRX::012170,KRX,later_global_review
low_name_similarity|severe_name_mismatch,P3,558,SGX,XSES,UMS,UMS Integration Ltd.,Common Stock,0.333,deepseek_classify_rename_vs_different_security,pending_deepseek_review,SGX::558,SGX,later_global_review
low_name_similarity|severe_name_mismatch,P3,600995,SSE,XSHG,Yunnan Wenshan Electric Power Co Ltd,China Southern Power Grid Co. Ltd.,Common Stock,0.333,deepseek_classify_rename_vs_different_security,pending_deepseek_review,SSE::600995,SSE,later_global_review
low_name_similarity|severe_name_mismatch,P3,603898,SSE,XSHG,Holike,"Guangzhou Holike Creative Home Co., Ltd.",Common Stock,0.333,deepseek_classify_rename_vs_different_security,pending_deepseek_review,SSE::603898,SSE,later_global_review
low_name_similarity|severe_name_mismatch,P3,000958,SZSE,XSHE,SPIC Dongfang New Energy Corp,"Spic Industry-Finance Holdings Co., Ltd.",Common Stock,0.333,deepseek_classify_rename_vs_different_security,pending_deepseek_review,SZSE::000958,SZSE,later_global_review
low_name_similarity|severe_name_mismatch,P3,000975,SZSE,XSHE,Yintai Resources Co Ltd,Shanjin International Gold Inc.,Common Stock,0.333,deepseek_classify_rename_vs_different_security,pending_deepseek_review,SZSE::000975,SZSE,later_global_review
low_name_similarity|severe_name_mismatch,P3,002292,SZSE,XSHE,Guangdong Alpha Animation and Culture Co Ltd,"Alpha Group Co., Ltd.",Common Stock,0.333,deepseek_classify_rename_vs_different_security,pending_deepseek_review,SZSE::002292,SZSE,later_global_review
low_name_similarity|severe_name_mismatch,P3,002811,SZSE,XSHE,Shenzhen Asiantime International Construction Co Ltd,"Shenzhen Cheng Chung Design Co., Ltd.",Common Stock,0.333,deepseek_classify_rename_vs_different_security,pending_deepseek_review,SZSE::002811,SZSE,later_global_review
low_name_similarity|severe_name_mismatch,P3,300317,SZSE,XSHE,Shenzhen Jiawei Photovoltaic Lighting Co Ltd,"Jiawei Renewable Energy Co., Ltd.",Common Stock,0.333,deepseek_classify_rename_vs_different_security,pending_deepseek_review,SZSE::300317,SZSE,later_global_review
low_name_similarity|severe_name_mismatch,P3,300701,SZSE,XSHE,Nanyang Senba Optical and Electronic Co Ltd,"Senba Sensing Technology Co., Ltd.",Common Stock,0.333,deepseek_classify_rename_vs_different_security,pending_deepseek_review,SZSE::300701,SZSE,later_global_review
low_name_similarity|severe_name_mismatch,P3,1202,TADAWUL,XSAU,MEPCO,Middle East Paper Company,Common Stock,0.333,deepseek_classify_rename_vs_different_security,pending_deepseek_review,TADAWUL::1202,Tadawul,later_global_review
low_name_similarity|severe_name_mismatch,P3,1214,TADAWUL,XSAU,SHAKER,Al Hassan Ghazi Ibrahim Shaker Co.,Common Stock,0.333,deepseek_classify_rename_vs_different_security,pending_deepseek_review,TADAWUL::1214,Tadawul,later_global_review
low_name_similarity|severe_name_mismatch,P3,1834,TADAWUL,XSAU,SMASCO,Saudi Manpower Solutions Co.,Common Stock,0.333,deepseek_classify_rename_vs_different_security,pending_deepseek_review,TADAWUL::1834,Tadawul,later_global_review
low_name_similarity|severe_name_mismatch,P3,EGH,WSE,XWAR,Ekopol,Ekopol Gornoslaski Holding S.A.,Common Stock,0.333,deepseek_classify_rename_vs_different_security,pending_deepseek_review,WSE::EGH,GPW,later_global_review
low_name_similarity|severe_name_mismatch,P3,AKSI,IDX,XIDX,Maming Enam Sembilan Mineral Tbk PT,Mineral Sumberdaya Mandiri Tbk,Common Stock,0.338,deepseek_classify_rename_vs_different_security,pending_deepseek_review,IDX::AKSI,IDX,later_global_review
low_name_similarity|severe_name_mismatch,P3,HPCD,SGX,XSES,PetroCN HK SDR 1to2,PetroChina Company Limited American Depositary Receipt,Depositary Receipt,0.338,deepseek_classify_rename_vs_different_security,pending_deepseek_review,SGX::HPCD,SGX,later_global_review
low_name_similarity|severe_name_mismatch,P3,YHTI,BME,XMAD,"Umbrella Global Energy, S.A.",Hotei Properties Group Socimi S.A.,Common Stock,0.339,deepseek_classify_rename_vs_different_security,pending_deepseek_review,BME::YHTI,BME,later_global_review
low_name_similarity|severe_name_mismatch,P3,600072,SSE,XSHG,CSSC Steel Structure Engineering Co Ltd,"CSSC Science & Technology Co., Ltd.",Common Stock,0.339,deepseek_classify_rename_vs_different_security,pending_deepseek_review,SSE::600072,SSE,later_global_review
low_name_similarity|severe_name_mismatch,P3,PPS,WSE,XWAR,Przedsiebiorstwo Przemyslu Spozywczego PEPEES S.A.,Pepees S.A.,Common Stock,0.339,deepseek_classify_rename_vs_different_security,pending_deepseek_review,WSE::PPS,GPW,later_global_review
low_name_similarity|severe_name_mismatch,P3,600960,SSE,XSHG,Shandong Binzhou Bohai Piston Co Ltd,Bohai Automotive Systems Co. Ltd.,Common Stock,0.34,deepseek_classify_rename_vs_different_security,pending_deepseek_review,SSE::600960,SSE,later_global_review
low_name_similarity|severe_name_mismatch,P3,002096,SZSE,XSHE,Hunan Nanling Industrial Explosive Materials Co Ltd,Explosive Co. Ltd.,Common Stock,0.34,deepseek_classify_rename_vs_different_security,pending_deepseek_review,SZSE::002096,SZSE,later_global_review
low_name_similarity|severe_name_mismatch,P3,6222,TPEX,XTAI,"Soaring Technology Co.,Ltd.","Li Hsuan International Construction Co., Ltd.",Common Stock,0.34,deepseek_classify_rename_vs_different_security,pending_deepseek_review,TPEX::6222,TWSE,later_global_review
low_name_similarity|severe_name_mismatch,P3,ALDV,Euronext,XPAR,Alliance Developpement Capital SIIC SE,Ad Capital Société d'Investissements Immobiliers Cotée,REIT,0.341,deepseek_classify_rename_vs_different_security,pending_deepseek_review,Euronext::ALDV,Euronext,later_global_review
low_name_similarity|severe_name_mismatch,P3,ARTO,Euronext,XPAR,Artois Nom.,Ste. Ind. & Fin. de L'Artois S.A.,Common Stock,0.341,deepseek_classify_rename_vs_different_security,pending_deepseek_review,Euronext::ARTO,Euronext,later_global_review
low_name_similarity|severe_name_mismatch,P3,SLBEN,Euronext,XLIS,Benfica,"Sport Lisboa e Benfica - Futebol, SAD",Common Stock,0.341,deepseek_classify_rename_vs_different_security,pending_deepseek_review,Euronext::SLBEN,Euronext,later_global_review
low_name_similarity|severe_name_mismatch,P3,603018,SSE,XSHG,Jiangsu Province Commun,"China Design Group Co., Ltd.",Common Stock,0.341,deepseek_classify_rename_vs_different_security,pending_deepseek_review,SSE::603018,SSE,later_global_review
low_name_similarity|severe_name_mismatch,P3,300323,SZSE,XSHE,HC Semitek Corp,Boeing Semiconductor Technology Corp.,Common Stock,0.341,deepseek_classify_rename_vs_different_security,pending_deepseek_review,SZSE::300323,SZSE,later_global_review
low_name_similarity|severe_name_mismatch,P3,036200,KOSDAQ,XKRX,UNISEM Co. Ltd,Union Semiconductor Equipment Co. Ltd.,Common Stock,0.343,deepseek_classify_rename_vs_different_security,pending_deepseek_review,KOSDAQ::036200,KRX,later_global_review
low_name_similarity|severe_name_mismatch,P3,BOCHGR,ATHEX,ASEX,BOCHGR,Bank of Cyprus Holdings Plc,Common Stock,0.345,deepseek_classify_rename_vs_different_security,pending_deepseek_review,ATHEX::BOCHGR,ASE,later_global_review
low_name_similarity|severe_name_mismatch,P3,SONYN,BMV,XMEX,Sony Group Corporation,Sony Group Corporation - Sponsored American Depositary Receipt,American Depositary Receipt,0.345,deepseek_classify_rename_vs_different_security,pending_deepseek_review,BMV::SONYN,BMV,later_global_review
low_name_similarity|severe_name_mismatch,P3,309930,KOSDAQ,XKRX,"JOYWORKS & Co Co., Ltd.",Oheim & Company Co. Ltd.,Common Stock,0.345,deepseek_classify_rename_vs_different_security,pending_deepseek_review,KOSDAQ::309930,KRX,later_global_review
low_name_similarity|severe_name_mismatch,P3,600690,SSE,XSHG,Qingdao Haier Co Ltd,"Haier Smart Home Co., Ltd.",Common Stock,0.345,deepseek_classify_rename_vs_different_security,pending_deepseek_review,SSE::600690,SSE,later_global_review
low_name_similarity|severe_name_mismatch,P3,000421,SZSE,XSHE,Nanjing Zhongbei Group Co Ltd,"Nanjing Public Utilities Development Co., Ltd.",Common Stock,0.345,deepseek_classify_rename_vs_different_security,pending_deepseek_review,SZSE::000421,SZSE,later_global_review
low_name_similarity|severe_name_mismatch,P3,000526,SZSE,XSHE,Xiamen Insight Investment Co Ltd,"Xueda Xiamen Education Technology Co., Ltd.",Common Stock,0.345,deepseek_classify_rename_vs_different_security,pending_deepseek_review,SZSE::000526,SZSE,later_global_review
low_name_similarity|severe_name_mismatch,P3,9626,TADAWUL,XSAU,SMILE CARE,Basma Adeem Medical Co.,Common Stock,0.345,deepseek_classify_rename_vs_different_security,pending_deepseek_review,TADAWUL::9626,Tadawul,later_global_review
low_name_similarity|severe_name_mismatch,P3,002431,SZSE,XSHE,Palm Landscape Architecture Co Ltd,"Palm Eco-Town Development Co., Ltd.",Common Stock,0.346,deepseek_classify_rename_vs_different_security,pending_deepseek_review,SZSE::002431,SZSE,later_global_review
low_name_similarity|severe_name_mismatch,P3,002667,SZSE,XSHE,AnShan Heavy Duty Mining Machinery Co Ltd,"Willing New Energy Co., Ltd.",Common Stock,0.346,deepseek_classify_rename_vs_different_security,pending_deepseek_review,SZSE::002667,SZSE,later_global_review
low_name_similarity|severe_name_mismatch,P3,VD,BCBA,XBUE,Visa Inc.,Visa Inc. Class A - CEDEAR,Depositary Receipt,0.348,deepseek_classify_rename_vs_different_security,pending_deepseek_review,BCBA::VD,BCBA,later_global_review
low_name_similarity|severe_name_mismatch,P3,KBHL,CPH,XCSE,Copenhagen Airports AS,Københavns Lufthavne A/S,Common Stock,0.348,deepseek_classify_rename_vs_different_security,pending_deepseek_review,CPH::KBHL,OMXC,later_global_review
low_name_similarity|severe_name_mismatch,P3,ALMIN,Euronext,XPAR,MINT Société anonyme,Mint Corporation,Common Stock,0.348,deepseek_classify_rename_vs_different_security,pending_deepseek_review,Euronext::ALMIN,Euronext,later_global_review
low_name_similarity|severe_name_mismatch,P3,ALSTI,Euronext,XPAR,STIF Société anonyme,STIF SA,Common Stock,0.348,deepseek_classify_rename_vs_different_security,pending_deepseek_review,Euronext::ALSTI,Euronext,later_global_review
low_name_similarity|severe_name_mismatch,P3,031820,KRX,XKRX,"ITCEN CTS Co., Ltd.","Comtec Systems Co., Ltd.",Common Stock,0.348,deepseek_classify_rename_vs_different_security,pending_deepseek_review,KRX::031820,KRX,later_global_review
low_name_similarity|severe_name_mismatch,P3,086220,KRX,XKRX,KDHB,"Kwangdong Healthbio Co., Ltd.",Common Stock,0.348,deepseek_classify_rename_vs_different_security,pending_deepseek_review,KRX::086220,KRX,later_global_review
low_name_similarity|severe_name_mismatch,P3,254160,KRX,XKRX,JM-MULTI,Johnson Matthey Plc,Common Stock,0.348,deepseek_classify_rename_vs_different_security,pending_deepseek_review,KRX::254160,KRX,later_global_review
low_name_similarity|severe_name_mismatch,P3,286940,KRX,XKRX,Lotte Data Communication Company,"Lotte Innovate Co., Ltd.",Common Stock,0.348,deepseek_classify_rename_vs_different_security,pending_deepseek_review,KRX::286940,KRX,later_global_review
low_name_similarity|severe_name_mismatch,P3,600325,SSE,XSHG,Huafa Industrial Co Ltd Zhuhai,"Zhuhai Huafa Properties Co., Ltd.",Common Stock,0.348,deepseek_classify_rename_vs_different_security,pending_deepseek_review,SSE::600325,SSE,later_global_review
low_name_similarity|severe_name_mismatch,P3,002858,SZSE,XSHE,Shanghai Lisheng Racing Co Ltd,"Lisheng Sports Shanghai Co., Ltd.",Common Stock,0.348,deepseek_classify_rename_vs_different_security,pending_deepseek_review,SZSE::002858,SZSE,later_global_review
low_name_similarity|severe_name_mismatch,P3,300188,SZSE,XSHE,Xiamen Meiya Pico Information,"Sdic Intelligence Co., Ltd.",Common Stock,0.348,deepseek_classify_rename_vs_different_security,pending_deepseek_review,SZSE::300188,SZSE,later_global_review
low_name_similarity|severe_name_mismatch,P3,SULI,IDX,XIDX,Slj Global Tbk,Sumalindo Lestari Jaya Tbk.,Common Stock,0.35,deepseek_classify_rename_vs_different_security,pending_deepseek_review,IDX::SULI,IDX,later_global_review
low_name_similarity|severe_name_mismatch,P3,603869,SSE,XSHG,Beibu Gulf Tourism Corp Ltd,Enc Digital Technology Co. Ltd.,Common Stock,0.35,deepseek_classify_rename_vs_different_security,pending_deepseek_review,SSE::603869,SSE,later_global_review
low_name_similarity|severe_name_mismatch,P3,XTB,WSE,XWAR,XTB S.A.,X-Trade Brokers Dom Maklerski S.A.,Common Stock,0.35,deepseek_classify_rename_vs_different_security,pending_deepseek_review,WSE::XTB,GPW,later_global_review
low_name_similarity,P3,FSHOP13,BMV,XMEX,Fibra Shop,Fibra Shop Portafolios Inmobiliarios S.A. de C.V.,REIT,0.351,deepseek_classify_rename_vs_different_security,pending_deepseek_review,BMV::FSHOP13,BMV,later_global_review
low_name_similarity,P3,ITKD,SGX,XSES,TLKM ID SDR 1to5,PT Telekomunikasi Indonesia (Persero) Tbk - Depositary Receipt,Depositary Receipt,0.351,deepseek_classify_rename_vs_different_security,pending_deepseek_review,SGX::ITKD,SGX,later_global_review
low_name_similarity,P3,000669,SZSE,XSHE,PetroChina Jinhong Energy Investment Co Ltd,Jinhong Holding Group Co. Ltd.,Common Stock,0.351,deepseek_classify_rename_vs_different_security,pending_deepseek_review,SZSE::000669,SZSE,later_global_review
low_name_similarity,P3,IARV,BVB,XBSE,IAR SA,IAR Brașov S.A.,Common Stock,0.353,deepseek_classify_rename_vs_different_security,pending_deepseek_review,BVB::IARV,BVB,later_global_review
low_name_similarity,P3,035080,KOSDAQ,XKRX,Interpark Co. Ltd,Gradiant Corporation,Common Stock,0.353,deepseek_classify_rename_vs_different_security,pending_deepseek_review,KOSDAQ::035080,KRX,later_global_review
low_name_similarity,P3,KJ5,SGX,XSES,BBR,BBR Holdings (S) Ltd.,Common Stock,0.353,deepseek_classify_rename_vs_different_security,pending_deepseek_review,SGX::KJ5,SGX,later_global_review
low_name_similarity,P3,603778,SSE,XSHG,Beijing Qianjing Landscape Co,"Guosheng Shian Technology Co., Ltd.",Common Stock,0.353,deepseek_classify_rename_vs_different_security,pending_deepseek_review,SSE::603778,SSE,later_global_review
low_name_similarity,P3,002759,SZSE,XSHE,Guangdong Tonze Electric Co Ltd,"Tonze New Energy Technology Co., Ltd.",Common Stock,0.353,deepseek_classify_rename_vs_different_security,pending_deepseek_review,SZSE::002759,SZSE,later_global_review
low_name_similarity,P3,300650,SZSE,XSHE,Tecnon Fujian Commercial Lighting Co Ltd,Tecnon Electronics Co. Ltd.,Common Stock,0.353,deepseek_classify_rename_vs_different_security,pending_deepseek_review,SZSE::300650,SZSE,later_global_review
low_name_similarity,P3,9613,TADAWUL,XSAU,SHALFA,Shalfa Facilities Management Ltd.,Common Stock,0.353,deepseek_classify_rename_vs_different_security,pending_deepseek_review,TADAWUL::9613,Tadawul,later_global_review
low_name_similarity,P3,ABJ,XETRA,XETR,"ABB LTD. NA     SF 0,12",ABB Ltd,Common Stock,0.353,deepseek_classify_rename_vs_different_security,pending_deepseek_review,XETRA::ABJ,XETR,later_global_review
low_name_similarity,P3,5307,Bursa,XKLS,AME REIT,American Real Estate Investment Trust,REIT,0.356,deepseek_classify_rename_vs_different_security,pending_deepseek_review,Bursa::5307,MYX,later_global_review
low_name_similarity,P3,0306,Bursa,XKLS,SMART ,Smart Asia Chemical Bhd,Common Stock,0.357,deepseek_classify_rename_vs_different_security,pending_deepseek_review,Bursa::0306,MYX,later_global_review
low_name_similarity,P3,198440,KOSDAQ,XKRX,Korea Cement Co. Ltd.,"Kangdong C&L Co., Ltd.",Common Stock,0.357,deepseek_classify_rename_vs_different_security,pending_deepseek_review,KOSDAQ::198440,KRX,later_global_review
low_name_similarity,P3,AZC,WSE,XWAR,Aztec,Aztec International S.A.,Common Stock,0.357,deepseek_classify_rename_vs_different_security,pending_deepseek_review,WSE::AZC,GPW,later_global_review
low_name_similarity,P3,HPPD,SGX,XSES,POP MART HK SDR 20to1,Pop Mart International Group Limited Singapore Depository Receipt,Depositary Receipt,0.359,deepseek_classify_rename_vs_different_security,pending_deepseek_review,SGX::HPPD,SGX,later_global_review
low_name_similarity,P3,TS0U,SGX,XSES,OUEREIT,OUE Real Estate Investment Trust,REIT,0.359,deepseek_classify_rename_vs_different_security,pending_deepseek_review,SGX::TS0U,SGX,later_global_review
low_name_similarity,P3,000972,SZSE,XSHE,Xinjiang Chalkis Co Ltd,Chalkis Health Industry Co.,Common Stock,0.359,deepseek_classify_rename_vs_different_security,pending_deepseek_review,SZSE::000972,SZSE,later_global_review
low_name_similarity,P3,002128,SZSE,XSHE,Huolinhe Opencut Coal Industry Corp Ltd of Inner Mongolia,Inner Mongolia Dian Tou Energy Corporation Ltd.,Common Stock,0.359,deepseek_classify_rename_vs_different_security,pending_deepseek_review,SZSE::002128,SZSE,later_global_review
low_name_similarity,P3,3603,TPEX,XTAI,UC&GN International Corp.,UPEC Electronics Corp.,Common Stock,0.359,deepseek_classify_rename_vs_different_security,pending_deepseek_review,TPEX::3603,TWSE,later_global_review
low_name_similarity,P3,603738,SSE,XSHG,Hubei TKD Crystal Electn,"TKD Science and Technology Co., Ltd.",Common Stock,0.36,deepseek_classify_rename_vs_different_security,pending_deepseek_review,SSE::603738,SSE,later_global_review
low_name_similarity,P3,688779,SSE,XSHG,Hunan Changyuan Lico Co Ltd,"Minmetals New Energy Materials Co., Ltd.",Common Stock,0.36,deepseek_classify_rename_vs_different_security,pending_deepseek_review,SSE::688779,SSE,later_global_review
low_name_similarity,P3,RMLI,TASE,XTAE,Rami Levi,Rami Levy Chain Stores Hashikma Marketing Ltd.,Common Stock,0.36,deepseek_classify_rename_vs_different_security,pending_deepseek_review,TASE::RMLI,TASE,later_global_review
low_name_similarity,P3,AXTRART,SET,XBKK,AXTRART_AXTRA FUTURE CITY,Axtra Future City Freehold and Leasehold Real Estate Investment Trust,REIT,0.362,deepseek_classify_rename_vs_different_security,pending_deepseek_review,SET::AXTRART,SET,later_global_review
low_name_similarity,P3,COL,BME,XMAD,Inmobiliaria Colonial SA,"Colonial SFL, SOCIMI, S.A.",REIT,0.364,deepseek_classify_rename_vs_different_security,pending_deepseek_review,BME::COL,BME,later_global_review
low_name_similarity,P3,KST,JSE,XJSE,PSG Konsult Ltd,PSG Financial Services Ltd,Common Stock,0.364,deepseek_classify_rename_vs_different_security,pending_deepseek_review,JSE::KST,JSE,later_global_review
low_name_similarity,P3,013720,KOSDAQ,XKRX,The Cube & Inc.,CBI Co. Ltd.,Common Stock,0.364,deepseek_classify_rename_vs_different_security,pending_deepseek_review,KOSDAQ::013720,KRX,later_global_review
low_name_similarity,P3,023160,KOSDAQ,XKRX,Tae Kwang Corporation,Tk Corporation,Common Stock,0.364,deepseek_classify_rename_vs_different_security,pending_deepseek_review,KOSDAQ::023160,KRX,later_global_review
low_name_similarity,P3,MASTEC,SET,XBKK,Masstec Link Public Company Limited,"MasTec, Inc.",Common Stock,0.364,deepseek_classify_rename_vs_different_security,pending_deepseek_review,SET::MASTEC,SET,later_global_review
low_name_similarity,P3,688573,SSE,XSHG,XINYUREN ORD A (SHH) EQSW Exp:,"Shenzhen Xinyuren Technology Co., Ltd.",Common Stock,0.364,deepseek_classify_rename_vs_different_security,pending_deepseek_review,SSE::688573,SSE,later_global_review
low_name_similarity,P3,688602,SSE,XSHG,CHEMSPEC ORD A (SHH) EQSW Exp:,Shanghai Chemspec Corporation,Common Stock,0.364,deepseek_classify_rename_vs_different_security,pending_deepseek_review,SSE::688602,SSE,later_global_review
low_name_similarity,P3,000709,SZSE,XSHE,HBIS Co Ltd,"Hesteel Co., Ltd.",Common Stock,0.364,deepseek_classify_rename_vs_different_security,pending_deepseek_review,SZSE::000709,SZSE,later_global_review
low_name_similarity,P3,4327,TADAWUL,XSAU,ALRAMZ,Al Ramz Real Estate Company,Common Stock,0.364,deepseek_classify_rename_vs_different_security,pending_deepseek_review,TADAWUL::4327,Tadawul,later_global_review
low_name_similarity,P3,9642,TADAWUL,XSAU,TIME,Time Entertainment Co.,Common Stock,0.364,deepseek_classify_rename_vs_different_security,pending_deepseek_review,TADAWUL::9642,Tadawul,later_global_review
low_name_similarity,P3,SIX3,XETRA,XETR,SIXT SE VZO O.N.,Sixt SE Preference Share,Preferred Stock,0.364,deepseek_classify_rename_vs_different_security,pending_deepseek_review,XETRA::SIX3,XETR,later_global_review
low_name_similarity,P3,000552,SZSE,XSHE,Gansu Jingyuan Coal Industry and Electricity Power Co Ltd,"Gansu Energy Chemical Co., Ltd.",Common Stock,0.366,deepseek_classify_rename_vs_different_security,pending_deepseek_review,SZSE::000552,SZSE,later_global_review
low_name_similarity,P3,VRF,WSE,XWAR,Sigma Defence S.A.,Surfland Systemy Komputerowe S.A.,Common Stock,0.367,deepseek_classify_rename_vs_different_security,pending_deepseek_review,WSE::VRF,GPW,later_global_review
low_name_similarity,P3,NAI,AMS,XAMS,NAI ORD SHARES,New Amsterdam Invest N.V.,Common Stock,0.368,deepseek_classify_rename_vs_different_security,pending_deepseek_review,AMS::NAI,Euronext,later_global_review
low_name_similarity,P3,VI2,SGX,XSES,TC Auto,Trans-China Automotive Holdings Ltd.,Common Stock,0.368,deepseek_classify_rename_vs_different_security,pending_deepseek_review,SGX::VI2,SGX,later_global_review
low_name_similarity,P3,Z77,SGX,XSES,Singtel 10,Singapore Telecommunications Limited,Common Stock,0.368,deepseek_classify_rename_vs_different_security,pending_deepseek_review,SGX::Z77,SGX,later_global_review
low_name_similarity,P3,600702,SSE,XSHG,Sichuan Tuopai Shede Wine Co Ltd,Shede Spirits Co. Ltd.,Common Stock,0.368,deepseek_classify_rename_vs_different_security,pending_deepseek_review,SSE::600702,SSE,later_global_review
low_name_similarity,P3,4141,TADAWUL,XSAU,ALOMRAN,Al-Omran Industrial & Trading Co.,Common Stock,0.368,deepseek_classify_rename_vs_different_security,pending_deepseek_review,TADAWUL::4141,Tadawul,later_global_review
low_name_similarity,P3,ELTON,ATHEX,ASEX,Elton International Trading Company S.A,Elton Chemicals Ltd.,Common Stock,0.37,deepseek_classify_rename_vs_different_security,pending_deepseek_review,ATHEX::ELTON,ASE,later_global_review
low_name_similarity,P3,FEXI21,BMV,XMEX,"Banco Actinver S.A., Institución de Banca Múltiple, Grupo Financiero Actinver",Mexico Infrastructure Partners S.A.P.I. de C.V.,REIT,0.37,deepseek_classify_rename_vs_different_security,pending_deepseek_review,BMV::FEXI21,BMV,later_global_review
low_name_similarity,P3,0303,Bursa,XKLS,ALPHA,Alpha IVF Group Berhad,Common Stock,0.37,deepseek_classify_rename_vs_different_security,pending_deepseek_review,Bursa::0303,MYX,later_global_review
low_name_similarity,P3,ALENT,Euronext,XPAR,ETHERO,Entreparticuliers.com,Common Stock,0.37,deepseek_classify_rename_vs_different_security,pending_deepseek_review,Euronext::ALENT,Euronext,later_global_review
low_name_similarity,P3,472230,KOSDAQ,XKRX,SKS No.11 SPAC,SK Securities Co. Ltd.,Common Stock,0.37,deepseek_classify_rename_vs_different_security,pending_deepseek_review,KOSDAQ::472230,KRX,later_global_review
low_name_similarity,P3,473000,KOSDAQ,XKRX,SKS No.12 SPAC,Sk Securities Co. Ltd.,Common Stock,0.37,deepseek_classify_rename_vs_different_security,pending_deepseek_review,KOSDAQ::473000,KRX,later_global_review
low_name_similarity,P3,473950,KOSDAQ,XKRX,SKS No.13 SPAC,SK Securities Co. Ltd.,Common Stock,0.37,deepseek_classify_rename_vs_different_security,pending_deepseek_review,KOSDAQ::473950,KRX,later_global_review
low_name_similarity,P3,688693,SSE,XSHG,CONVERT ORD A (SHH) EQSW Exp:,"Suzhou Convert Semiconductor Co., Ltd.",Common Stock,0.37,deepseek_classify_rename_vs_different_security,pending_deepseek_review,SSE::688693,SSE,later_global_review
low_name_similarity,P3,002188,SZSE,XSHE,Bus Online Co Ltd,"Zhongtian Service Co., Ltd.",Common Stock,0.37,deepseek_classify_rename_vs_different_security,pending_deepseek_review,SZSE::002188,SZSE,later_global_review
low_name_similarity,P3,300308,SZSE,XSHE,Shandong Zhongji Electrical Equipment Co Ltd,"Zhongji Innolight Co., Ltd.",Common Stock,0.37,deepseek_classify_rename_vs_different_security,pending_deepseek_review,SZSE::300308,SZSE,later_global_review
low_name_similarity,P3,TGUD,SGX,XSES,Gulf Dev TH SDR 1to1,Gulf Development Public Company Limited Depositary Receipt,Depositary Receipt,0.371,deepseek_classify_rename_vs_different_security,pending_deepseek_review,SGX::TGUD,SGX,later_global_review
low_name_similarity,P3,076340,KRX,XKRX,GA INNODUS,"Gwanak Construction and Equipment Co., Ltd.",Common Stock,0.372,deepseek_classify_rename_vs_different_security,pending_deepseek_review,KRX::076340,KRX,later_global_review
low_name_similarity,P3,MZH,SGX,XSES,Nanofilm,Nanofilm Technologies International Ltd.,Common Stock,0.372,deepseek_classify_rename_vs_different_security,pending_deepseek_review,SGX::MZH,SGX,later_global_review
low_name_similarity,P3,9618,TADAWUL,XSAU,ALFAKHERA,Al-Fakhira Men's Tailoring Company,Common Stock,0.372,deepseek_classify_rename_vs_different_security,pending_deepseek_review,TADAWUL::9618,Tadawul,later_global_review
low_name_similarity,P3,AQU,WSE,XWAR,Aqua Spółka Akcyjna w Bielsku-Białej,Aqua S.A.,Common Stock,0.372,deepseek_classify_rename_vs_different_security,pending_deepseek_review,WSE::AQU,GPW,later_global_review
low_name_similarity,P3,601515,SSE,XSHG,Shantou Dongfeng Printing Co Ltd,"Guangdong Dazhi New Material Group Co., Ltd.",Common Stock,0.373,deepseek_classify_rename_vs_different_security,pending_deepseek_review,SSE::601515,SSE,later_global_review
low_name_similarity,P3,000652,SZSE,XSHE,Tianjin Economic-technological Development Area Co Ltd,"Tianjin Teda Co., Ltd.",Common Stock,0.373,deepseek_classify_rename_vs_different_security,pending_deepseek_review,SZSE::000652,SZSE,later_global_review
low_name_similarity,P3,000803,SZSE,XSHE,BECE Legend Group Co Ltd,Shandong High Speed Renewable Energy Group Ltd.,Common Stock,0.373,deepseek_classify_rename_vs_different_security,pending_deepseek_review,SZSE::000803,SZSE,later_global_review
low_name_similarity,P3,300732,SZSE,XSHE,Henan Provincial Communications Planning & Design Institute Co Ltd Class A,"Henan Zhonggong Design Co., Ltd.",Common Stock,0.374,deepseek_classify_rename_vs_different_security,pending_deepseek_review,SZSE::300732,SZSE,later_global_review
low_name_similarity,P3,032685,KOSDAQ,XKRX,Softcen Co. Ltd,BTC Korea Co. Ltd.,Preferred Stock,0.375,deepseek_classify_rename_vs_different_security,pending_deepseek_review,KOSDAQ::032685,KRX,later_global_review
low_name_similarity,P3,181710,KRX,XKRX,Nhn Entertain,NHN Corporation,Common Stock,0.375,deepseek_classify_rename_vs_different_security,pending_deepseek_review,KRX::181710,KRX,later_global_review
low_name_similarity,P3,229500,KRX,XKRX,NMP,Novmetapharma Co. Ltd.,Common Stock,0.375,deepseek_classify_rename_vs_different_security,pending_deepseek_review,KRX::229500,KRX,later_global_review
low_name_similarity,P3,243870,KRX,XKRX,ITCENCORE,Goodcen Co. Ltd.,Common Stock,0.375,deepseek_classify_rename_vs_different_security,pending_deepseek_review,KRX::243870,KRX,later_global_review
low_name_similarity,P3,900920,SSE,XSHG,Shanghai Diesel Engine Co Ltd B,"Shanghai New Power Automotive Technology Co., Ltd.",Common Stock,0.375,deepseek_classify_rename_vs_different_security,pending_deepseek_review,SSE::900920,SSE,later_global_review
low_name_similarity,P3,002335,SZSE,XSHE,Xiamen Kehua Hengsheng,"Kehua Data Co., Ltd.",Common Stock,0.375,deepseek_classify_rename_vs_different_security,pending_deepseek_review,SZSE::002335,SZSE,later_global_review
low_name_similarity,P3,8080,TPEX,XTAI,Taiwan Ostor,"Terralink Enterprise Co., Ltd.",Common Stock,0.375,deepseek_classify_rename_vs_different_security,pending_deepseek_review,TPEX::8080,TWSE,later_global_review
low_name_similarity,P3,AB9,XETRA,XETR,ABO Wind AG,Abo Energy GmbH & Co. KGaA,Common Stock,0.375,deepseek_classify_rename_vs_different_security,pending_deepseek_review,XETRA::AB9,XETR,later_global_review
low_name_similarity,P3,SDF,XETRA,XETR,K+S AG NA O.N.,K+S Aktiengesellschaft,Common Stock,0.375,deepseek_classify_rename_vs_different_security,pending_deepseek_review,XETRA::SDF,XETR,later_global_review
low_name_similarity,P3,OASA,IDX,XIDX,Protech Mitra Perkasa Tbk PT,Maharaksa Biru Energi Tbk.,Common Stock,0.377,deepseek_classify_rename_vs_different_security,pending_deepseek_review,IDX::OASA,IDX,later_global_review
low_name_similarity,P3,603183,SSE,XSHG,Suzhou Institute of Building Science Group Co Ltd,"Suzhou Dushu Lake Science and Education Innovation Technological Co., Ltd.",Common Stock,0.377,deepseek_classify_rename_vs_different_security,pending_deepseek_review,SSE::603183,SSE,later_global_review
low_name_similarity,P3,JRH,WSE,XWAR,JRH Alternatywna Spółka Inwestycyjna S.A.,Jr Holding S.A.,Common Stock,0.377,deepseek_classify_rename_vs_different_security,pending_deepseek_review,WSE::JRH,GPW,later_global_review
low_name_similarity,P3,0330,Bursa,XKLS,SUPREME,Supreme Consolidated Resources Inc.,Common Stock,0.378,deepseek_classify_rename_vs_different_security,pending_deepseek_review,Bursa::0330,MYX,later_global_review
low_name_similarity,P3,229640,KRX,XKRX,Ls Cable & System Asia Ltd,Ls Eco Energy Ltd.,Common Stock,0.378,deepseek_classify_rename_vs_different_security,pending_deepseek_review,KRX::229640,KRX,later_global_review
low_name_similarity,P3,TDED,SGX,XSES,Delta TH SDR 1to1,Delta Electronics (Thailand) Public Company Limited,Depositary Receipt,0.379,deepseek_classify_rename_vs_different_security,pending_deepseek_review,SGX::TDED,SGX,later_global_review
low_name_similarity,P3,603031,SSE,XSHG,Anhui Andeli Department Store Co Ltd,"Anhui Anfu Battery Technology Co., Ltd.",Common Stock,0.379,deepseek_classify_rename_vs_different_security,pending_deepseek_review,SSE::603031,SSE,later_global_review
low_name_similarity,P3,0293,Bursa,XKLS,KJTS,KJTS Group Berhad,Common Stock,0.381,deepseek_classify_rename_vs_different_security,pending_deepseek_review,Bursa::0293,MYX,later_global_review
low_name_similarity,P3,475830,KOSDAQ,XKRX,ORUM,Orum Therapeutics Inc.,Common Stock,0.381,deepseek_classify_rename_vs_different_security,pending_deepseek_review,KOSDAQ::475830,KRX,later_global_review
low_name_similarity,P3,603551,SSE,XSHG,AUPU Home Style Corp Ltd,"Aupu Intelligent Technology Co., Ltd.",Common Stock,0.381,deepseek_classify_rename_vs_different_security,pending_deepseek_review,SSE::603551,SSE,later_global_review
low_name_similarity,P3,688592,SSE,XSHG,COMNAV ORD A (SHH) EQSW Exp:,Comnav Technology Ltd.,Common Stock,0.381,deepseek_classify_rename_vs_different_security,pending_deepseek_review,SSE::688592,SSE,later_global_review
low_name_similarity,P3,R35,XETRA,XETR,"ROKU INC   CL. A DL-,0001","Roku, Inc.",Common Stock,0.381,deepseek_classify_rename_vs_different_security,pending_deepseek_review,XETRA::R35,XETR,later_global_review
low_name_similarity,P3,600861,SSE,XSHG,Beijing Urban Rural Commercial Group Co Ltd,Fesco Group Ltd.,Common Stock,0.383,deepseek_classify_rename_vs_different_security,pending_deepseek_review,SSE::600861,SSE,later_global_review
low_name_similarity,P3,603033,SSE,XSHG,Zhejiang Sanwei Rubber Item Co,"Sanwei Holding Group Co., Ltd.",Common Stock,0.383,deepseek_classify_rename_vs_different_security,pending_deepseek_review,SSE::603033,SSE,later_global_review
low_name_similarity,P3,2320,TADAWUL,XSAU,ALBABTAIN,Al Babtain Power & Telecommunication Co.,Common Stock,0.383,deepseek_classify_rename_vs_different_security,pending_deepseek_review,TADAWUL::2320,Tadawul,later_global_review
low_name_similarity,P3,9594,TADAWUL,XSAU,ALMODAWAT,Al-Modawat Specialized Medical Company,Common Stock,0.383,deepseek_classify_rename_vs_different_security,pending_deepseek_review,TADAWUL::9594,Tadawul,later_global_review
low_name_similarity,P3,KPN,AMS,XAMS,KPN KON,Koninklijke KPN N.V.,Common Stock,0.385,deepseek_classify_rename_vs_different_security,pending_deepseek_review,AMS::KPN,Euronext,later_global_review
low_name_similarity,P3,VPK,AMS,XAMS,VOPAK,Koninklijke Vopak N.V.,Common Stock,0.385,deepseek_classify_rename_vs_different_security,pending_deepseek_review,AMS::VPK,Euronext,later_global_review
low_name_similarity,P3,0333,Bursa,XKLS,VANZO,Vanzo Holdings Berhad,Common Stock,0.385,deepseek_classify_rename_vs_different_security,pending_deepseek_review,Bursa::0333,MYX,later_global_review
low_name_similarity,P3,DOID,IDX,XIDX,PT Buma Internasional Grup Tbk,Delta Dunia Makmur Tbk.,Common Stock,0.385,deepseek_classify_rename_vs_different_security,pending_deepseek_review,IDX::DOID,IDX,later_global_review
low_name_similarity,P3,PGJO,IDX,XIDX,PT Bahtera Bumi Raya Tbk,Tourindo Guide Indonesia Tbk,Common Stock,0.385,deepseek_classify_rename_vs_different_security,pending_deepseek_review,IDX::PGJO,IDX,later_global_review
low_name_similarity,P3,153460,KOSDAQ,XKRX,Nable Communications Inc,N-able Inc.,Common Stock,0.385,deepseek_classify_rename_vs_different_security,pending_deepseek_review,KOSDAQ::153460,KRX,later_global_review
low_name_similarity,P3,9599,TADAWUL,XSAU,TAQAT,Taqat Mineral Trading Co.,Common Stock,0.385,deepseek_classify_rename_vs_different_security,pending_deepseek_review,TADAWUL::9599,Tadawul,later_global_review
low_name_similarity,P3,601012,SSE,XSHG,Xian LONGi Silicon Materials Corp,"Longi Green Energy Technology Co., Ltd.",Common Stock,0.386,deepseek_classify_rename_vs_different_security,pending_deepseek_review,SSE::601012,SSE,later_global_review
low_name_similarity,P3,002456,SZSE,XSHE,Shenzhen O-Film Tech Co Ltd,"Ofilm Group Co., Ltd.",Common Stock,0.387,deepseek_classify_rename_vs_different_security,pending_deepseek_review,SZSE::002456,SZSE,later_global_review
low_name_similarity,P3,NISA,TASE,XTAE,Nissan,Nissan Medical Industries Ltd.,Common Stock,0.387,deepseek_classify_rename_vs_different_security,pending_deepseek_review,TASE::NISA,TASE,later_global_review
low_name_similarity,P3,DEF,XETRA,XETR,DEFAMA Deutsche Fachmarkt AG,Defama AG,Common Stock,0.387,deepseek_classify_rename_vs_different_security,pending_deepseek_review,XETRA::DEF,XETR,later_global_review
low_name_similarity,P3,M1GU,SGX,XSES,Alpha Integrated REIT,Sabana Industrial Real Estate Investment Trust,REIT,0.388,deepseek_classify_rename_vs_different_security,pending_deepseek_review,SGX::M1GU,SGX,later_global_review
low_name_similarity,P3,ASCO,ATHEX,ASEX,As Commercial Industrial Company of Computers and Toys S.A.,AS Company S.A.,Common Stock,0.389,deepseek_classify_rename_vs_different_security,pending_deepseek_review,ATHEX::ASCO,ASE,later_global_review
low_name_similarity,P3,SOFTWEB,ATHEX,ASEX,SOFTWEB,Softweb Adaptive IT Solutions Inc.,Common Stock,0.389,deepseek_classify_rename_vs_different_security,pending_deepseek_review,ATHEX::SOFTWEB,ASE,later_global_review
low_name_similarity,P3,CAT31,Euronext,XPAR,Ca Toulouse 31 CCI,Caisse Regionale de Credit Agricole Mutuel Toulouse 31,Common Stock,0.389,deepseek_classify_rename_vs_different_security,pending_deepseek_review,Euronext::CAT31,Euronext,later_global_review
low_name_similarity,P3,603398,SSE,XSHG,Guangdong Banbao Toy Co Ltd,"Mubang High-Tech Co., Ltd.",Common Stock,0.389,deepseek_classify_rename_vs_different_security,pending_deepseek_review,SSE::603398,SSE,later_global_review
low_name_similarity,P3,002031,SZSE,XSHE,Greatoo Inc,Greatoo Intelligent Equipment Inc.,Common Stock,0.389,deepseek_classify_rename_vs_different_security,pending_deepseek_review,SZSE::002031,SZSE,later_global_review
low_name_similarity,P3,002929,SZSE,XSHE,Runjian Communication Co Ltd Class A,"Runjian Co., Ltd.",Common Stock,0.389,deepseek_classify_rename_vs_different_security,pending_deepseek_review,SZSE::002929,SZSE,later_global_review
low_name_similarity,P3,3171,TPEX,XTAI,Xin Chio Global Co Ltd,"Yem Chio Distribution Co., Ltd.",Common Stock,0.389,deepseek_classify_rename_vs_different_security,pending_deepseek_review,TPEX::3171,TWSE,later_global_review
low_name_similarity,P3,FPE3,XETRA,XETR,FUCHS SE VZO O.N.,Fuchs SE Preference Shares,Preferred Stock,0.389,deepseek_classify_rename_vs_different_security,pending_deepseek_review,XETRA::FPE3,XETR,later_global_review
low_name_similarity,P3,PSG,BME,XMAD,Prosegur,"Prosegur Compañía de Seguridad, S.A.",Common Stock,0.39,deepseek_classify_rename_vs_different_security,pending_deepseek_review,BME::PSG,BME,later_global_review
low_name_similarity,P3,SPKSJF,CPH,XCSE,Sparekassen Sjaelland-Fyn A/S,SJF Bank A/S,Common Stock,0.39,deepseek_classify_rename_vs_different_security,pending_deepseek_review,CPH::SPKSJF,OMXC,later_global_review
low_name_similarity,P3,ANTIN,Euronext,XPAR,Antin IP SA,Antin Infrastructure Partners S.A.,Common Stock,0.39,deepseek_classify_rename_vs_different_security,pending_deepseek_review,Euronext::ANTIN,Euronext,later_global_review
low_name_similarity,P3,300268,SZSE,XSHE,Joyvio Agriculture Development Co Ltd,Joyvio Food Co. Ltd.,Common Stock,0.39,deepseek_classify_rename_vs_different_security,pending_deepseek_review,SZSE::300268,SZSE,later_global_review
low_name_similarity,P3,9569,TADAWUL,XSAU,ALMUNEEF,Almuneef Co. for Trading and Industry,Common Stock,0.39,deepseek_classify_rename_vs_different_security,pending_deepseek_review,TADAWUL::9569,Tadawul,later_global_review
low_name_similarity,P3,LPPF,IDX,XIDX,MDS Retailing Tbk.,Matahari Department Store Tbk.,Common Stock,0.391,deepseek_classify_rename_vs_different_security,pending_deepseek_review,IDX::LPPF,IDX,later_global_review
low_name_similarity,P3,000722,SZSE,XSHE,Hunan Fazhan Industrial Co Ltd,"Hunan Development Group Co., Ltd.",Common Stock,0.391,deepseek_classify_rename_vs_different_security,pending_deepseek_review,SZSE::000722,SZSE,later_global_review
low_name_similarity,P3,300103,SZSE,XSHE,XiAn Dagang Road Machinery Co,"Dagang Holding Group Co., Ltd.",Common Stock,0.391,deepseek_classify_rename_vs_different_security,pending_deepseek_review,SZSE::300103,SZSE,later_global_review
low_name_similarity,P3,300823,SZSE,XSHE,Tjk Machinery Tianjin Co Ltd,"TJK Intelligent Equipment Co., Ltd.",Common Stock,0.391,deepseek_classify_rename_vs_different_security,pending_deepseek_review,SZSE::300823,SZSE,later_global_review
low_name_similarity,P3,603319,SSE,XSHG,Hunan Oil Pump,"Hunan Meihu Intelligent Manufacturing Co., Ltd.",Common Stock,0.392,deepseek_classify_rename_vs_different_security,pending_deepseek_review,SSE::603319,SSE,later_global_review
low_name_similarity,P3,002088,SZSE,XSHE,Shandong Luyang Share Co Ltd,"Luyang Energy-saving Materials Co., Ltd.",Common Stock,0.392,deepseek_classify_rename_vs_different_security,pending_deepseek_review,SZSE::002088,SZSE,later_global_review
low_name_similarity,P3,300005,SZSE,XSHE,Beijing Toread Outdoor Product,"Toread Holdings Group Co., Ltd.",Common Stock,0.392,deepseek_classify_rename_vs_different_security,pending_deepseek_review,SZSE::300005,SZSE,later_global_review
low_name_similarity,P3,300415,SZSE,XSHE,Guangdong Yizumi Precision Machinery Co Ltd,"Yizumi Holdings Co., Ltd.",Common Stock,0.392,deepseek_classify_rename_vs_different_security,pending_deepseek_review,SZSE::300415,SZSE,later_global_review
low_name_similarity,P3,4714,TPEX,XTAI,U-Best Polymer Industry Co Ltd,"U-Best Innovative Technology Co., Ltd.",Common Stock,0.392,deepseek_classify_rename_vs_different_security,pending_deepseek_review,TPEX::4714,TWSE,later_global_review
low_name_similarity,P3,BTOU,SGX,XSES,ManulifeReit USD,Manulife US Real Estate Investment Trust,REIT,0.393,deepseek_classify_rename_vs_different_security,pending_deepseek_review,SGX::BTOU,SGX,later_global_review
low_name_similarity,P3,603207,SSE,XSHG,XIAO FANG ORD A (SHH) EQSW Exp:,"Shanghai Xiao Feng Pharmaceutical Co., Ltd.",Common Stock,0.393,deepseek_classify_rename_vs_different_security,pending_deepseek_review,SSE::603207,SSE,later_global_review
low_name_similarity,P3,OTM,WSE,XWAR,Zaklady Przemyslu Cukierniczego Otmuchow S.A.,Otmuchów S.A.,Common Stock,0.393,deepseek_classify_rename_vs_different_security,pending_deepseek_review,WSE::OTM,GPW,later_global_review
low_name_similarity,P3,VODN,BMV,XMEX,Vodafone Group Plc,Vodafone Group Public Limited Company American Depositary Receipt,American Depositary Receipt,0.394,deepseek_classify_rename_vs_different_security,pending_deepseek_review,BMV::VODN,BMV,later_global_review
low_name_similarity,P3,002631,SZSE,XSHE,Der International Home Furnishing Co Ltd,"Der Future Science & Technology Co., Ltd.",Common Stock,0.394,deepseek_classify_rename_vs_different_security,pending_deepseek_review,SZSE::002631,SZSE,later_global_review
low_name_similarity,P3,301287,SZSE,XSHE,Jiangsu Junxia Gym Equipment Co. Ltd. A,"Jiangsu Kangliyuan Sports Technology Co., Ltd.",Common Stock,0.394,deepseek_classify_rename_vs_different_security,pending_deepseek_review,SZSE::301287,SZSE,later_global_review
low_name_similarity,P3,IKTIN,ATHEX,ASEX,Iktinos Hellas S.A. Greek Marble Industry Technical and Touristic Company,Iktinos Hellas S.A.,Common Stock,0.4,deepseek_classify_rename_vs_different_security,pending_deepseek_review,ATHEX::IKTIN,ASE,later_global_review
low_name_similarity,P3,ESENTIAII,BMV,XMEX,Esentia Energy Development SA,ESENTIAII,Common Stock,0.4,deepseek_classify_rename_vs_different_security,pending_deepseek_review,BMV::ESENTIAII,BMV,later_global_review
low_name_similarity,P3,0257,Bursa,XKLS,UNIQUE,Unique Fire Holdings Bhd,Common Stock,0.4,deepseek_classify_rename_vs_different_security,pending_deepseek_review,Bursa::0257,MYX,later_global_review
low_name_similarity,P3,5216,Bursa,XKLS,NexG Bhd,Datasonic Group Berhad,Common Stock,0.4,deepseek_classify_rename_vs_different_security,pending_deepseek_review,Bursa::5216,MYX,later_global_review
low_name_similarity,P3,ALTXC,Euronext,XPAR,Txcom SA,TXCOM Société Anonyme,Common Stock,0.4,deepseek_classify_rename_vs_different_security,pending_deepseek_review,Euronext::ALTXC,Euronext,later_global_review
low_name_similarity,P3,BAIN,Euronext,XPAR,Bains Mer Monaco,Société Anonyme des Bains de Mer et du Cercle des Étrangers à Monaco,Common Stock,0.4,deepseek_classify_rename_vs_different_security,pending_deepseek_review,Euronext::BAIN,Euronext,later_global_review
low_name_similarity,P3,EDP,Euronext,XLIS,EDP - Energias de Portugal S.A.,"EDP, S.A.",Common Stock,0.4,deepseek_classify_rename_vs_different_security,pending_deepseek_review,Euronext::EDP,Euronext,later_global_review
low_name_similarity,P3,TUB,Euronext,XBRU,Tubize-Fin,Financière de Tubize SA,Common Stock,0.4,deepseek_classify_rename_vs_different_security,pending_deepseek_review,Euronext::TUB,Euronext,later_global_review
low_name_similarity,P3,007720,KOSDAQ,XKRX,"Sono Square Co., Ltd.","Daemyung SonoSeason Co., Ltd.",Common Stock,0.4,deepseek_classify_rename_vs_different_security,pending_deepseek_review,KOSDAQ::007720,KRX,later_global_review
low_name_similarity,P3,054620,KOSDAQ,XKRX,APS Holdings Corporation,Aps Inc.,Common Stock,0.4,deepseek_classify_rename_vs_different_security,pending_deepseek_review,KOSDAQ::054620,KRX,later_global_review
low_name_similarity,P3,060150,KOSDAQ,XKRX,INSUN Environmental New Technology Co. Ltd,"Insun Enterprise Co., Ltd.",Common Stock,0.4,deepseek_classify_rename_vs_different_security,pending_deepseek_review,KOSDAQ::060150,KRX,later_global_review
low_name_similarity,P3,066430,KOSDAQ,XKRX,"I-ROBOTICS Co., Ltd.","Y-Optics Manufacture Co., Ltd.",Common Stock,0.4,deepseek_classify_rename_vs_different_security,pending_deepseek_review,KOSDAQ::066430,KRX,later_global_review
low_name_similarity,P3,066670,KOSDAQ,XKRX,Display Tech Co. Ltd,"Dtc Co., Ltd.",Common Stock,0.4,deepseek_classify_rename_vs_different_security,pending_deepseek_review,KOSDAQ::066670,KRX,later_global_review
low_name_similarity,P3,200230,KOSDAQ,XKRX,Telcon Inc,Telcon RF Pharmaceutical Inc.,Common Stock,0.4,deepseek_classify_rename_vs_different_security,pending_deepseek_review,KOSDAQ::200230,KRX,later_global_review
low_name_similarity,P3,232830,KOSDAQ,XKRX,"Itcenpns Co.,Ltd.",SECUCEN,Common Stock,0.4,deepseek_classify_rename_vs_different_security,pending_deepseek_review,KOSDAQ::232830,KRX,later_global_review
low_name_similarity,P3,010060,KRX,XKRX,OCI Co Ltd,Oci Holdings Co. Ltd.,Common Stock,0.4,deepseek_classify_rename_vs_different_security,pending_deepseek_review,KRX::010060,KRX,later_global_review
low_name_similarity,P3,LTMH,SET,XBKK,LTMH Public Company Limited,LTM Holdings PCL,Common Stock,0.4,deepseek_classify_rename_vs_different_security,pending_deepseek_review,SET::LTMH,SET,later_global_review
low_name_similarity,P3,SELIC,SET,XBKK,Selic Corp Public Company Limited,Selic Corporation Co. Ltd.,Common Stock,0.4,deepseek_classify_rename_vs_different_security,pending_deepseek_review,SET::SELIC,SET,later_global_review
low_name_similarity,P3,1F3,SGX,XSES,Aspen,Aspen Group Holdings Ltd.,Common Stock,0.4,deepseek_classify_rename_vs_different_security,pending_deepseek_review,SGX::1F3,SGX,later_global_review
low_name_similarity,P3,1J4,SGX,XSES,JEP,JEP Holdings Ltd.,Common Stock,0.4,deepseek_classify_rename_vs_different_security,pending_deepseek_review,SGX::1J4,SGX,later_global_review
low_name_similarity,P3,42W,SGX,XSES,Zixin,Zixin Group Holdings Ltd.,Common Stock,0.4,deepseek_classify_rename_vs_different_security,pending_deepseek_review,SGX::42W,SGX,later_global_review
low_name_similarity,P3,533,SGX,XSES,ABR,ABR Holdings Ltd.,Common Stock,0.4,deepseek_classify_rename_vs_different_security,pending_deepseek_review,SGX::533,SGX,later_global_review
low_name_similarity,P3,566,SGX,XSES,SHS,SHS Holdings Ltd.,Common Stock,0.4,deepseek_classify_rename_vs_different_security,pending_deepseek_review,SGX::566,SGX,later_global_review
low_name_similarity,P3,5CF,SGX,XSES,OKP,Okp Holdings Ltd.,Common Stock,0.4,deepseek_classify_rename_vs_different_security,pending_deepseek_review,SGX::5CF,SGX,later_global_review
low_name_similarity,P3,5EB,SGX,XSES,CFM,CFM Holdings Ltd.,Common Stock,0.4,deepseek_classify_rename_vs_different_security,pending_deepseek_review,SGX::5EB,SGX,later_global_review
low_name_similarity,P3,5GZ,SGX,XSES,HGH,HGH Holdings Ltd.,Common Stock,0.4,deepseek_classify_rename_vs_different_security,pending_deepseek_review,SGX::5GZ,SGX,later_global_review
low_name_similarity,P3,5HV,SGX,XSES,Koh Eco,Koh Brothers Eco Engineering Limited,Common Stock,0.4,deepseek_classify_rename_vs_different_security,pending_deepseek_review,SGX::5HV,SGX,later_global_review
low_name_similarity,P3,BQF,SGX,XSES,XMH,XMH Holdings Ltd.,Common Stock,0.4,deepseek_classify_rename_vs_different_security,pending_deepseek_review,SGX::BQF,SGX,later_global_review
low_name_similarity,P3,C06,SGX,XSES,CSC,Csc Holdings Ltd.,Common Stock,0.4,deepseek_classify_rename_vs_different_security,pending_deepseek_review,SGX::C06,SGX,later_global_review
low_name_similarity,P3,ER0,SGX,XSES,KSH,KSH Holdings Ltd.,Common Stock,0.4,deepseek_classify_rename_vs_different_security,pending_deepseek_review,SGX::ER0,SGX,later_global_review
low_name_similarity,P3,KUX,SGX,XSES,OIO,OIO Holdings Ltd.,Common Stock,0.4,deepseek_classify_rename_vs_different_security,pending_deepseek_review,SGX::KUX,SGX,later_global_review
low_name_similarity,P3,Y92,SGX,XSES,ThaiBev,Thai Beverage Public Company Limited,Common Stock,0.4,deepseek_classify_rename_vs_different_security,pending_deepseek_review,SGX::Y92,SGX,later_global_review
low_name_similarity,P3,Z74,SGX,XSES,Singtel,Singapore Telecommunications Limited,Common Stock,0.4,deepseek_classify_rename_vs_different_security,pending_deepseek_review,SGX::Z74,SGX,later_global_review
low_name_similarity,P3,600189,SSE,XSHG,Jilin Forest,"Jilin Quanyangquan Co., Ltd.",Common Stock,0.4,deepseek_classify_rename_vs_different_security,pending_deepseek_review,SSE::600189,SSE,later_global_review
low_name_similarity,P3,603348,SSE,XSHG,Guangdong Wencan Die Casting Co Ltd,Wencan Group Co. Ltd.,Common Stock,0.4,deepseek_classify_rename_vs_different_security,pending_deepseek_review,SSE::603348,SSE,later_global_review
low_name_similarity,P3,688109,SSE,XSHG,Hangzhou Pinming Software Co. Ltd. A,"Pinming Technology Co., Ltd.",Common Stock,0.4,deepseek_classify_rename_vs_different_security,pending_deepseek_review,SSE::688109,SSE,later_global_review
low_name_similarity,P3,688737,SSE,XSHG,Sinocat Environmental Technology Co Ltd,"Sinotech Co., Ltd.",Common Stock,0.4,deepseek_classify_rename_vs_different_security,pending_deepseek_review,SSE::688737,SSE,later_global_review
low_name_similarity,P3,002042,SZSE,XSHE,Huafu Top Dyed Melange Yarn Co Ltd,"Huafu Fashion Co., Ltd.",Common Stock,0.4,deepseek_classify_rename_vs_different_security,pending_deepseek_review,SZSE::002042,SZSE,later_global_review
low_name_similarity,P3,002722,SZSE,XSHE,Geron Co Ltd,"Wuchan Zhongda Geron Co., Ltd.",Common Stock,0.4,deepseek_classify_rename_vs_different_security,pending_deepseek_review,SZSE::002722,SZSE,later_global_review
low_name_similarity,P3,002849,SZSE,XSHE,Zhejiang Viewshine Intelligent Meter Co Ltd,Viewshine Ltd.,Common Stock,0.4,deepseek_classify_rename_vs_different_security,pending_deepseek_review,SZSE::002849,SZSE,later_global_review
low_name_similarity,P3,9547,TADAWUL,XSAU,RAWASI,Rawasi Albina Investment Co.,Common Stock,0.4,deepseek_classify_rename_vs_different_security,pending_deepseek_review,TADAWUL::9547,Tadawul,later_global_review
low_name_similarity,P3,9604,TADAWUL,XSAU,MIRAL,Miral Dental Clinics Co.,Common Stock,0.4,deepseek_classify_rename_vs_different_security,pending_deepseek_review,TADAWUL::9604,Tadawul,later_global_review
low_name_similarity,P3,HMAM,TASE,XTAE,Hamama,Hamama Meir Trading 1996 Ltd.,Common Stock,0.4,deepseek_classify_rename_vs_different_security,pending_deepseek_review,TASE::HMAM,TASE,later_global_review
low_name_similarity,P3,APL,WSE,XWAR,LC SPÓŁKA AKCYJNA,Ampli S.A.,Common Stock,0.4,deepseek_classify_rename_vs_different_security,pending_deepseek_review,WSE::APL,GPW,later_global_review
low_name_similarity,P3,3QD,XETRA,XETR,"Datadog, Inc.","Datadog, Inc. Class A Common Stock",Common Stock,0.4,deepseek_classify_rename_vs_different_security,pending_deepseek_review,XETRA::3QD,XETR,later_global_review
low_name_similarity,P3,600502,SSE,XSHG,Anhui Water Resources Development Co Ltd,Anhui Construction Engineering Group Co. Ltd.,Common Stock,0.406,deepseek_classify_rename_vs_different_security,pending_deepseek_review,SSE::600502,SSE,later_global_review
low_name_similarity,P3,600841,SSE,XSHG,Shanghai Diesel Engine Co Ltd A,"Shanghai New Power Automotive Technology Co., Ltd.",Common Stock,0.406,deepseek_classify_rename_vs_different_security,pending_deepseek_review,SSE::600841,SSE,later_global_review
low_name_similarity,P3,473050,KOSDAQ,XKRX,Yuanta SPAC 15,Yuanta 15 Special Purpose Acquisition Company,Common Stock,0.407,deepseek_classify_rename_vs_different_security,pending_deepseek_review,KOSDAQ::473050,KRX,later_global_review
low_name_similarity,P3,474490,KOSDAQ,XKRX,Yuanta SPAC 16,Yuanta 16 Special Purpose Acquisition Company,Common Stock,0.407,deepseek_classify_rename_vs_different_security,pending_deepseek_review,KOSDAQ::474490,KRX,later_global_review
low_name_similarity,P3,DRW3,XETRA,XETR,DRAEGERWERK VZO O.N.,Drägerwerk AG & Co. KGaA - Preferred Stock,Preferred Stock,0.407,deepseek_classify_rename_vs_different_security,pending_deepseek_review,XETRA::DRW3,XETR,later_global_review
low_name_similarity,P3,000997,SZSE,XSHE,Fujian Newland Computer Co Ltd,"Newland Digital Technology Co., Ltd.",Common Stock,0.408,deepseek_classify_rename_vs_different_security,pending_deepseek_review,SZSE::000997,SZSE,later_global_review
low_name_similarity,P3,300219,SZSE,XSHE,Guangzhou Hongli Opto Electron,"Hongli Zhihui Group Co., Ltd.",Common Stock,0.408,deepseek_classify_rename_vs_different_security,pending_deepseek_review,SZSE::300219,SZSE,later_global_review
low_name_similarity,P3,FUNO11,BMV,XMEX,Fibra UNO,Fibra Uno Administración S.A. de C.V.,REIT,0.409,deepseek_classify_rename_vs_different_security,pending_deepseek_review,BMV::FUNO11,BMV,later_global_review
low_name_similarity,P3,600877,SSE,XSHG,CETC Energy Joint Stock Co Ltd,CETC Chips Technology Inc.,Common Stock,0.409,deepseek_classify_rename_vs_different_security,pending_deepseek_review,SSE::600877,SSE,later_global_review
low_name_similarity,P3,688646,SSE,XSHG,YIFILASER ORD A (SHH) EQSW Exp:,Wuhan Yifi Laser Corp Ltd.,Common Stock,0.409,deepseek_classify_rename_vs_different_security,pending_deepseek_review,SSE::688646,SSE,later_global_review
low_name_similarity,P3,BQD,SGX,XSES,Envictus,Envictus International Holdings Ltd.,Common Stock,0.41,deepseek_classify_rename_vs_different_security,pending_deepseek_review,SGX::BQD,SGX,later_global_review
low_name_similarity,P3,GEH,SGX,XSES,Goodwill,Goodwill Entertainment Holdings Inc.,Common Stock,0.41,deepseek_classify_rename_vs_different_security,pending_deepseek_review,SGX::GEH,SGX,later_global_review
low_name_similarity,P3,N08,SGX,XSES,New Toyo,New Toyo International Holdings Ltd.,Common Stock,0.41,deepseek_classify_rename_vs_different_security,pending_deepseek_review,SGX::N08,SGX,later_global_review
low_name_similarity,P3,600973,SSE,XSHG,Baosheng,"Baosheng Science and Technology Co., Ltd.",Common Stock,0.41,deepseek_classify_rename_vs_different_security,pending_deepseek_review,SSE::600973,SSE,later_global_review
low_name_similarity,P3,8170,TADAWUL,XSAU,ALETIHAD,Al-Etihad Cooperative Insurance Co.,Common Stock,0.41,deepseek_classify_rename_vs_different_security,pending_deepseek_review,TADAWUL::8170,Tadawul,later_global_review
low_name_similarity,P3,D01,SGX,XSES,DFIRG USD,DFI Retail Group Holdings Limited,Common Stock,0.412,deepseek_classify_rename_vs_different_security,pending_deepseek_review,SGX::D01,SGX,later_global_review
low_name_similarity,P3,NHD,SGX,XSES,Jubilee,Jubilee Industries Holdings Ltd.,Common Stock,0.412,deepseek_classify_rename_vs_different_security,pending_deepseek_review,SGX::NHD,SGX,later_global_review
low_name_similarity,P3,7857,TPEX,XTAI,AsWater,Aswater Advanced Envirotech Ltd.,Common Stock,0.412,deepseek_classify_rename_vs_different_security,pending_deepseek_review,TPEX::7857,TWSE,later_global_review
low_name_similarity,P3,603661,SSE,XSHG,Zhejiang Henglin Chair Industry Co Ltd Class A,Henglin Home Furnishings Co. Ltd.,Common Stock,0.413,deepseek_classify_rename_vs_different_security,pending_deepseek_review,SSE::603661,SSE,later_global_review
low_name_similarity,P3,300099,SZSE,XSHE,Uroica Mining Safety Eng,"Uroica Precision Information Technology Co., Ltd.",Common Stock,0.413,deepseek_classify_rename_vs_different_security,pending_deepseek_review,SZSE::300099,SZSE,later_global_review
low_name_similarity,P3,0044K0,KOSDAQ,XKRX,SAMSUNG SPAC Ⅹ,Samsung Special Purpose Acquisition 10 Company,Common Stock,0.414,deepseek_classify_rename_vs_different_security,pending_deepseek_review,KOSDAQ::0044K0,KRX,later_global_review
low_name_similarity,P3,024900,KRX,XKRX,"DY DEOKYANG Co., Ltd.","Duck Yang Industry Co., Ltd.",Common Stock,0.414,deepseek_classify_rename_vs_different_security,pending_deepseek_review,KRX::024900,KRX,later_global_review
low_name_similarity,P3,600322,SSE,XSHG,Tianjin Realty Development Group Co Ltd,"Tianjin JinTou State-Owned Co., Ltd.",Common Stock,0.414,deepseek_classify_rename_vs_different_security,pending_deepseek_review,SSE::600322,SSE,later_global_review
low_name_similarity,P3,601066,SSE,XSHG,China Securities Co Ltd,"CSC Financial Co., Ltd.",Common Stock,0.414,deepseek_classify_rename_vs_different_security,pending_deepseek_review,SSE::601066,SSE,later_global_review
low_name_similarity,P3,603165,SSE,XSHG,Rongsheng Paper,"Zhejiang Rongsheng Environmental Protection Co., Ltd.",Common Stock,0.414,deepseek_classify_rename_vs_different_security,pending_deepseek_review,SSE::603165,SSE,later_global_review
low_name_similarity,P3,300126,SZSE,XSHE,Shanghai KEN Tools Co Ltd,Ken Holding Co. Ltd.,Common Stock,0.414,deepseek_classify_rename_vs_different_security,pending_deepseek_review,SZSE::300126,SZSE,later_global_review
low_name_similarity,P3,9641,TADAWUL,XSAU,HAWYIA,Hawyia Auctions Company,Common Stock,0.414,deepseek_classify_rename_vs_different_security,pending_deepseek_review,TADAWUL::9641,Tadawul,later_global_review
low_name_similarity,P3,SHAN,TASE,XTAE,Shaniv,Shaniv Paper Industries Ltd.,Common Stock,0.414,deepseek_classify_rename_vs_different_security,pending_deepseek_review,TASE::SHAN,TASE,later_global_review
low_name_similarity,P3,6227,TPEX,XTAI,Galaxy Far East,Macnica Galaxy Inc.,Common Stock,0.414,deepseek_classify_rename_vs_different_security,pending_deepseek_review,TPEX::6227,TWSE,later_global_review
low_name_similarity,P3,NOKN,BMV,XMEX,Nokia Corporation,Nokia Corporation Sponsored ADR,American Depositary Receipt,0.417,deepseek_classify_rename_vs_different_security,pending_deepseek_review,BMV::NOKN,BMV,later_global_review
low_name_similarity,P3,BUCV,BVB,XBSE,Bucur SA,Bucur S.A. Bucuresti,Common Stock,0.417,deepseek_classify_rename_vs_different_security,pending_deepseek_review,BVB::BUCV,BVB,later_global_review
low_name_similarity,P3,ALTHX,Euronext,XPAR,THX PHARMA,Theranexus S.A.,Common Stock,0.417,deepseek_classify_rename_vs_different_security,pending_deepseek_review,Euronext::ALTHX,Euronext,later_global_review
low_name_similarity,P3,187660,KOSDAQ,XKRX,ADM Korea Inc.,Hyundai ADM Bio Inc.,Common Stock,0.417,deepseek_classify_rename_vs_different_security,pending_deepseek_review,KOSDAQ::187660,KRX,later_global_review
low_name_similarity,P3,478110,KOSDAQ,XKRX,Ebest No 6 SPAC,Ebest Special Purpose Acquisition Corp.,Common Stock,0.417,deepseek_classify_rename_vs_different_security,pending_deepseek_review,KOSDAQ::478110,KRX,later_global_review
low_name_similarity,P3,40V,SGX,XSES,Alset,Alset International Ltd.,Common Stock,0.417,deepseek_classify_rename_vs_different_security,pending_deepseek_review,SGX::40V,SGX,later_global_review
low_name_similarity,P3,600520,SSE,XSHG,WenYi Trinity Technology Co Ltd,"Tongling Zhongfa Trinity Co., Ltd.",Common Stock,0.417,deepseek_classify_rename_vs_different_security,pending_deepseek_review,SSE::600520,SSE,later_global_review
low_name_similarity,P3,MNDTR,BIST,XIST,MONDİ TURKEY OLUKLU MUKAVVA KAĞIT VE AMBALAJ SANAYİ A.Ş.,Mondi Turkey Corrugated Cardboard Inc.,Common Stock,0.419,deepseek_classify_rename_vs_different_security,pending_deepseek_review,BIST::MNDTR,BIST,later_global_review
low_name_similarity,P3,034020,KRX,XKRX,Doosan Heavy Ind. & Const.,"Doosan Enerbility Co., Ltd.",Common Stock,0.419,deepseek_classify_rename_vs_different_security,pending_deepseek_review,KRX::034020,KRX,later_global_review
low_name_similarity,P3,443250,KOSDAQ,XKRX,RevuCorporation Inc,Revu Corp Inc.,Common Stock,0.421,deepseek_classify_rename_vs_different_security,pending_deepseek_review,KOSDAQ::443250,KRX,later_global_review
low_name_similarity,P3,40T,SGX,XSES,ISEC,Isec Healthcare Ltd.,Common Stock,0.421,deepseek_classify_rename_vs_different_security,pending_deepseek_review,SGX::40T,SGX,later_global_review
low_name_similarity,P3,BELL,SIX,XSWX,Bell AG,Bell Food Group Ltd,Common Stock,0.421,deepseek_classify_rename_vs_different_security,pending_deepseek_review,SIX::BELL,SIX,later_global_review
low_name_similarity,P3,600499,SSE,XSHG,Keda Clean Energy Co Ltd,"Keda Industrial Group Co., Ltd.",Common Stock,0.421,deepseek_classify_rename_vs_different_security,pending_deepseek_review,SSE::600499,SSE,later_global_review
low_name_similarity,P3,600683,SSE,XSHG,Metro Investment Development Co Ltd,Metro Land Corp Ltd.,Common Stock,0.421,deepseek_classify_rename_vs_different_security,pending_deepseek_review,SSE::600683,SSE,later_global_review
low_name_similarity,P3,002064,SZSE,XSHE,Zhejiang Huafon Spandex Co Ltd,"Huafon Chemical Co., Ltd.",Common Stock,0.421,deepseek_classify_rename_vs_different_security,pending_deepseek_review,SZSE::002064,SZSE,later_global_review
low_name_similarity,P3,300272,SZSE,XSHE,Shanghai Canature Environmental,Canature Health Technology Inc.,Common Stock,0.421,deepseek_classify_rename_vs_different_security,pending_deepseek_review,SZSE::300272,SZSE,later_global_review
low_name_similarity,P3,KCO0,XETRA,XETR,KLOECKNER + CO SE NA VERK,Klöckner & Co SE NPV (ASD 14/04/26 Worth Cash),Common Stock,0.421,deepseek_classify_rename_vs_different_security,pending_deepseek_review,XETRA::KCO0,XETR,later_global_review
low_name_similarity,P3,FSDV,Euronext,XPAR,FSDV Société anonyme,Faienceries de Sarreguemines Digoin et Vitry-le-Francois Société Anonyme,Common Stock,0.422,deepseek_classify_rename_vs_different_security,pending_deepseek_review,Euronext::FSDV,Euronext,later_global_review
low_name_similarity,P3,MORA,IDX,XIDX,Ekamas Mora Republik Tbk.,Mora Telematika Indonesia PT,Common Stock,0.423,deepseek_classify_rename_vs_different_security,pending_deepseek_review,IDX::MORA,IDX,later_global_review
low_name_similarity,P3,HBUD,SGX,XSES,Baidu HK SDR 10to1,"Baidu, Inc. Singapore Depositary Receipt",Depositary Receipt,0.423,deepseek_classify_rename_vs_different_security,pending_deepseek_review,SGX::HBUD,SGX,later_global_review
low_name_similarity,P3,0247,Bursa,XKLS,UNITRAD,Unitrade Industries Berhad,Common Stock,0.424,deepseek_classify_rename_vs_different_security,pending_deepseek_review,Bursa::0247,MYX,later_global_review
low_name_similarity,P3,IMMOU,Euronext,XBRU,Immo Moury SICAF Immobiliere Publique de Droit Belge,Immo Moury SCA,REIT,0.424,deepseek_classify_rename_vs_different_security,pending_deepseek_review,Euronext::IMMOU,Euronext,later_global_review
low_name_similarity,P3,5UA,SGX,XSES,Luminor,Luminor Financial Holdings Ltd.,Common Stock,0.424,deepseek_classify_rename_vs_different_security,pending_deepseek_review,SGX::5UA,SGX,later_global_review
low_name_similarity,P3,600061,SSE,XSHG,SDIC Essence Holdings Co Ltd,Sdic Capital Co. Ltd.,Common Stock,0.424,deepseek_classify_rename_vs_different_security,pending_deepseek_review,SSE::600061,SSE,later_global_review
low_name_similarity,P3,600979,SSE,XSHG,Guangan,"Sichuan Guangan AAA Public Co., Ltd.",Common Stock,0.424,deepseek_classify_rename_vs_different_security,pending_deepseek_review,SSE::600979,SSE,later_global_review
low_name_similarity,P3,LNZ,VSE,XWBO,Lenzing Aktiengesellschaft,Lenzing AG,Common Stock,0.424,deepseek_classify_rename_vs_different_security,pending_deepseek_review,VSE::LNZ,VSE,later_global_review
low_name_similarity,P3,WOL,VSE,XWBO,Wolford Aktiengesellschaft,Wolford AG,Common Stock,0.424,deepseek_classify_rename_vs_different_security,pending_deepseek_review,VSE::WOL,VSE,later_global_review
low_name_similarity,P3,DEZ,XETRA,XETR,DEUTZ AG O.N.,DEUTZ Aktiengesellschaft,Common Stock,0.424,deepseek_classify_rename_vs_different_security,pending_deepseek_review,XETRA::DEZ,XETR,later_global_review
low_name_similarity,P3,D5IU,SGX,XSES,Landmark REIT,Lippo Malls Indonesia Retail Trust,REIT,0.426,deepseek_classify_rename_vs_different_security,pending_deepseek_review,SGX::D5IU,SGX,later_global_review
low_name_similarity,P3,600720,SSE,XSHG,Gansu Qilianshan Cement Group Co Ltd,"CCCC Design & Consulting Group Co., Ltd.",Common Stock,0.426,deepseek_classify_rename_vs_different_security,pending_deepseek_review,SSE::600720,SSE,later_global_review
low_name_similarity,P3,000537,SZSE,XSHE,Tianjin Guangyu Development Co Ltd,China Green Electricity Investment Corporation Limited,Common Stock,0.426,deepseek_classify_rename_vs_different_security,pending_deepseek_review,SZSE::000537,SZSE,later_global_review
low_name_similarity,P3,FXT,XETRA,XETR,FINEXITY AG NA O.N.,Flexible Solutions International Inc.,Common Stock,0.426,deepseek_classify_rename_vs_different_security,pending_deepseek_review,XETRA::FXT,XETR,later_global_review
low_name_similarity,P3,ME9,XETRA,XETR,"MEDIOBCA          EO 0,50",Mediobanca Banca di Credito Finanziario S.p.A.,Common Stock,0.426,deepseek_classify_rename_vs_different_security,pending_deepseek_review,XETRA::ME9,XETR,later_global_review
low_name_similarity,P3,LEDE,BCBA,XBUE,Ledesma SAAI,Ledesma Sociedad Anónima Agrícola Industrial,Common Stock,0.429,deepseek_classify_rename_vs_different_security,pending_deepseek_review,BCBA::LEDE,BCBA,later_global_review
low_name_similarity,P3,ALEO2,Euronext,XPAR,Eo2 Société Anonyme,EO2 Energy Corp.,Common Stock,0.429,deepseek_classify_rename_vs_different_security,pending_deepseek_review,Euronext::ALEO2,Euronext,later_global_review
low_name_similarity,P3,099220,KOSDAQ,XKRX,SDN Company. Ltd,"Sdn Co., Ltd.",Common Stock,0.429,deepseek_classify_rename_vs_different_security,pending_deepseek_review,KOSDAQ::099220,KRX,later_global_review
low_name_similarity,P3,000120,KRX,XKRX,CJ Korea Express,CJ Logistics Corporation,Common Stock,0.429,deepseek_classify_rename_vs_different_security,pending_deepseek_review,KRX::000120,KRX,later_global_review
low_name_similarity,P3,BXE,SGX,XSES,CDW,Cdw Holding Ltd.,Common Stock,0.429,deepseek_classify_rename_vs_different_security,pending_deepseek_review,SGX::BXE,SGX,later_global_review
low_name_similarity,P3,600933,SSE,XSHG,IKD Co Ltd Class A,Ikd Co. Ltd.,Common Stock,0.429,deepseek_classify_rename_vs_different_security,pending_deepseek_review,SSE::600933,SSE,later_global_review
low_name_similarity,P3,603926,SSE,XSHG,Zhejiang Tieliu Clutch Co Ltd,"Tieliu Co., Ltd.",Common Stock,0.429,deepseek_classify_rename_vs_different_security,pending_deepseek_review,SSE::603926,SSE,later_global_review
low_name_similarity,P3,688551,SSE,XSHG,Hefei Kewell Power System Co Ltd,"Kewell Technology Co., Ltd.",Common Stock,0.429,deepseek_classify_rename_vs_different_security,pending_deepseek_review,SSE::688551,SSE,later_global_review
low_name_similarity,P3,VEFAB,STO,XSTO,VEF,VEF AB (publ),Common Stock,0.429,deepseek_classify_rename_vs_different_security,pending_deepseek_review,STO::VEFAB,OMX,later_global_review
low_name_similarity,P3,000619,SZSE,XSHE,Wuhu Conch Profiles and Science Co Ltd,"Conch Anhui Energy Saving Co., Ltd.",Common Stock,0.429,deepseek_classify_rename_vs_different_security,pending_deepseek_review,SZSE::000619,SZSE,later_global_review
low_name_similarity,P3,300711,SZSE,XSHE,GHT Co Ltd Class A,Ght Co. Ltd.,Common Stock,0.429,deepseek_classify_rename_vs_different_security,pending_deepseek_review,SZSE::300711,SZSE,later_global_review
low_name_similarity,P3,1010,TADAWUL,XSAU,RIBL,Riyad Bank,Common Stock,0.429,deepseek_classify_rename_vs_different_security,pending_deepseek_review,TADAWUL::1010,Tadawul,later_global_review
low_name_similarity,P3,1183,TADAWUL,XSAU,SHL,SHL Finance Co.,Common Stock,0.429,deepseek_classify_rename_vs_different_security,pending_deepseek_review,TADAWUL::1183,Tadawul,later_global_review
low_name_similarity,P3,KAFR,TASE,XTAE,Kafrit,Kafrit Industries (1993) Ltd.,Common Stock,0.429,deepseek_classify_rename_vs_different_security,pending_deepseek_review,TASE::KAFR,TASE,later_global_review
low_name_similarity,P3,PLRM,TASE,XTAE,Palram,Palram Industries (1990) Ltd.,Common Stock,0.429,deepseek_classify_rename_vs_different_security,pending_deepseek_review,TASE::PLRM,TASE,later_global_review
low_name_similarity,P3,H9W,XETRA,XETR,HWA AG INH.O.N.,Hwa AG,Common Stock,0.429,deepseek_classify_rename_vs_different_security,pending_deepseek_review,XETRA::H9W,XETR,later_global_review
low_name_similarity,P3,IUR,XETRA,XETR,KAP AG  INH O.N.,Kap AG,Common Stock,0.429,deepseek_classify_rename_vs_different_security,pending_deepseek_review,XETRA::IUR,XETR,later_global_review
low_name_similarity,P3,RWE,XETRA,XETR,RWE AG   INH O.N.,RWE AG,Common Stock,0.429,deepseek_classify_rename_vs_different_security,pending_deepseek_review,XETRA::RWE,XETR,later_global_review
low_name_similarity,P3,DOME,BCBA,XBUE,Domec Compania de Artefactos Domesticos SAIC y F,Domec S.A.I.C. y F.,Common Stock,0.431,deepseek_classify_rename_vs_different_security,pending_deepseek_review,BCBA::DOME,BCBA,later_global_review
low_name_similarity,P3,ARSAN,BIST,XIST,ARSAN HOLDİNG A.Ş.,Arsan Tekstil Sanayi ve Ticaret A.S.,Common Stock,0.431,deepseek_classify_rename_vs_different_security,pending_deepseek_review,BIST::ARSAN,BIST,later_global_review
low_name_similarity,P3,493790,KOSDAQ,XKRX,Yuanta SPAC 17,Yuanta 17 Special Purpose Acquisition Co.,Common Stock,0.431,deepseek_classify_rename_vs_different_security,pending_deepseek_review,KOSDAQ::493790,KRX,later_global_review
low_name_similarity,P3,600800,SSE,XSHG,Tian Jin Global Magnetic Card Co Ltd,"Tianjin Bohai Chemical Co., Ltd.",Common Stock,0.431,deepseek_classify_rename_vs_different_security,pending_deepseek_review,SSE::600800,SSE,later_global_review
low_name_similarity,P3,300053,SZSE,XSHE,Zhuhai Orbita Control Eng,"Zhuhai Aerospace Microchip Co., Ltd.",Common Stock,0.431,deepseek_classify_rename_vs_different_security,pending_deepseek_review,SZSE::300053,SZSE,later_global_review
low_name_similarity,P3,300263,SZSE,XSHE,Luoyang Longhua Heat Trans Energy,"Longhua Technology Group Luoyang Co., Ltd.",Common Stock,0.431,deepseek_classify_rename_vs_different_security,pending_deepseek_review,SZSE::300263,SZSE,later_global_review
low_name_similarity,P3,300343,SZSE,XSHE,Lecron Energy Saving Materials,"Lecron Industrial Development Group Co., Ltd.",Common Stock,0.431,deepseek_classify_rename_vs_different_security,pending_deepseek_review,SZSE::300343,SZSE,later_global_review
low_name_similarity,P3,300864,SZSE,XSHE,Nanjing University Environmental,"Academy Of Environment Protection Co., Ltd.",Common Stock,0.431,deepseek_classify_rename_vs_different_security,pending_deepseek_review,SZSE::300864,SZSE,later_global_review
low_name_similarity,P3,RAKWCT,ADX,XADS,RAK Co. for White Cement & Construction Materials,Ras Al Khaimah White Cement Co.,Common Stock,0.432,deepseek_classify_rename_vs_different_security,pending_deepseek_review,ADX::RAKWCT,ADX,later_global_review
low_name_similarity,P3,GKI,WSE,XWAR,Immobile,Grupa Kapitalowa IMMOBILE S.A.,Common Stock,0.432,deepseek_classify_rename_vs_different_security,pending_deepseek_review,WSE::GKI,GPW,later_global_review
low_name_similarity,P3,2HRA,XETRA,XETR,H+R KGAA  INH. O.N.,H&R GmbH & Co. KGaA,Common Stock,0.432,deepseek_classify_rename_vs_different_security,pending_deepseek_review,XETRA::2HRA,XETR,later_global_review
low_name_similarity,P3,GEKTERNA,ATHEX,ASEX,GEK TERNA Holdings Real Estate Construction S.A,Gek Terna S.A.,Common Stock,0.433,deepseek_classify_rename_vs_different_security,pending_deepseek_review,ATHEX::GEKTERNA,ASE,later_global_review
low_name_similarity,P3,002171,SZSE,XSHE,Anhui Jingcheng Copper Share Co Ltd,"Anhui Truchum Advanced Materials Co., Ltd.",Common Stock,0.433,deepseek_classify_rename_vs_different_security,pending_deepseek_review,SZSE::002171,SZSE,later_global_review
low_name_similarity,P3,002755,SZSE,XSHE,Beijing New Oriental Star Petrochemical Engineering Co Ltd,"Beijing Aosaikang Pharmaceutical Co., Ltd.",Common Stock,0.434,deepseek_classify_rename_vs_different_security,pending_deepseek_review,SZSE::002755,SZSE,later_global_review
low_name_similarity,P3,ELHA,ATHEX,ASEX,Elvalhalcor Hellenic Copper and Aluminium Industry S.A,ElvalHalcor S.A.,Common Stock,0.435,deepseek_classify_rename_vs_different_security,pending_deepseek_review,ATHEX::ELHA,ASE,later_global_review
low_name_similarity,P3,039340,KOSDAQ,XKRX,Korea Business News Co. Ltd,"Korea Economic Broadcasting Co., Ltd.",Common Stock,0.435,deepseek_classify_rename_vs_different_security,pending_deepseek_review,KOSDAQ::039340,KRX,later_global_review
low_name_similarity,P3,014790,KRX,XKRX,Halla Eng&Cons,Halla Corporation,Common Stock,0.435,deepseek_classify_rename_vs_different_security,pending_deepseek_review,KRX::014790,KRX,later_global_review
low_name_similarity,P3,600128,SSE,XSHG,Jiangsu Holly Corp,Soho Hotel Corporation,Common Stock,0.435,deepseek_classify_rename_vs_different_security,pending_deepseek_review,SSE::600128,SSE,later_global_review
low_name_similarity,P3,ORTC,TASE,XTAE,O.R.T.,O.R.T Technologies Ltd.,Common Stock,0.435,deepseek_classify_rename_vs_different_security,pending_deepseek_review,TASE::ORTC,TASE,later_global_review
low_name_similarity,P3,WDL1,XETRA,XETR,NAKIKI SE INH O.N.,Nakanishi Inc.,Common Stock,0.435,deepseek_classify_rename_vs_different_security,pending_deepseek_review,XETRA::WDL1,XETR,later_global_review
low_name_similarity,P3,EUROB,ATHEX,ASEX,Eurobank Ergasias Services and Holdings S.A.,Eurobank S.A.,Common Stock,0.436,deepseek_classify_rename_vs_different_security,pending_deepseek_review,ATHEX::EUROB,ASE,later_global_review
low_name_similarity,P3,0041J0,KOSDAQ,XKRX,LS SPAC No. 1,"LS Special Purpose Acquisition No.1 Company Co., Ltd.",Common Stock,0.436,deepseek_classify_rename_vs_different_security,pending_deepseek_review,KOSDAQ::0041J0,KRX,later_global_review
low_name_similarity,P3,603359,SSE,XSHG,Jiangsu Dongzhu Landscape Co,Dongzhu Ecological Environment Co. Ltd.,Common Stock,0.436,deepseek_classify_rename_vs_different_security,pending_deepseek_review,SSE::603359,SSE,later_global_review
low_name_similarity,P3,O39,SGX,XSES,OCBC Bank,Oversea-Chinese Banking Corporation Limited,Common Stock,0.438,deepseek_classify_rename_vs_different_security,pending_deepseek_review,SGX::O39,SGX,later_global_review
low_name_similarity,P3,002403,SZSE,XSHE,Zhejiang Aishida Electric Co Ltd,"Aishida Co., Ltd.",Common Stock,0.438,deepseek_classify_rename_vs_different_security,pending_deepseek_review,SZSE::002403,SZSE,later_global_review
low_name_similarity,P3,605018,SSE,XSHG,Zhejiang Changhua Auto Parts Co Ltd,"Changhua Holding Group Co., Ltd.",Common Stock,0.44,deepseek_classify_rename_vs_different_security,pending_deepseek_review,SSE::605018,SSE,later_global_review
low_name_similarity,P3,002775,SZSE,XSHE,Shenzhen Wenke Landscape Co Ltd,Guangdong Wenke Green Tech Inc.,Common Stock,0.44,deepseek_classify_rename_vs_different_security,pending_deepseek_review,SZSE::002775,SZSE,later_global_review
low_name_similarity,P3,300786,SZSE,XSHE,Guolin Environmental Tech Co Ltd,"Qingdao Guolin Technology Co., Ltd.",Common Stock,0.44,deepseek_classify_rename_vs_different_security,pending_deepseek_review,SZSE::300786,SZSE,later_global_review
low_name_similarity,P3,LUZN,TASE,XTAE,Amos Luzon Development and Energy Group Ltd,Luzon Group,Common Stock,0.44,deepseek_classify_rename_vs_different_security,pending_deepseek_review,TASE::LUZN,TASE,later_global_review
low_name_similarity,P3,603713,SSE,XSHG,Milkyway Chemical Supply Chain Service Co Ltd,"Milkyway Intelligent Equipment Co., Ltd.",Common Stock,0.441,deepseek_classify_rename_vs_different_security,pending_deepseek_review,SSE::603713,SSE,later_global_review
low_name_similarity,P3,MEKAG,BIST,XIST,MEKA GLOBAL MAKİNE İMALAT SANAYİ VE TİCARET A.Ş.,Meka Beton Santralleri Imalat A.S.,Common Stock,0.444,deepseek_classify_rename_vs_different_security,pending_deepseek_review,BIST::MEKAG,BIST,later_global_review
low_name_similarity,P3,COMI,BVB,XBSE,Condmag Brasov,Consolidated Magnetics Inc.,Common Stock,0.444,deepseek_classify_rename_vs_different_security,pending_deepseek_review,BVB::COMI,BVB,later_global_review
low_name_similarity,P3,ALPAS,Euronext,XPAR,PASSAT,Passat Société Anonyme,Common Stock,0.444,deepseek_classify_rename_vs_different_security,pending_deepseek_review,Euronext::ALPAS,Euronext,later_global_review
low_name_similarity,P3,AGII,IDX,XIDX,Aneka Gas Industri Tbk PT,Samator Indo Gas Tbk.,Common Stock,0.444,deepseek_classify_rename_vs_different_security,pending_deepseek_review,IDX::AGII,IDX,later_global_review
low_name_similarity,P3,114920,KRX,XKRX,Daejoo Ent,Daejoo Energy Innovation Technology Co. Ltd.,Common Stock,0.444,deepseek_classify_rename_vs_different_security,pending_deepseek_review,KRX::114920,KRX,later_global_review
low_name_similarity,P3,41T,SGX,XSES,GCCP,Gccp Resources Ltd.,Common Stock,0.444,deepseek_classify_rename_vs_different_security,pending_deepseek_review,SGX::41T,SGX,later_global_review
low_name_similarity,P3,603222,SSE,XSHG,Zhejiang Chimin Pharm Co Ltd,Chimin Health Management Inc.,Common Stock,0.444,deepseek_classify_rename_vs_different_security,pending_deepseek_review,SSE::603222,SSE,later_global_review
low_name_similarity,P3,000697,SZSE,XSHE,Shaanxi Ligeance Mineral Resources Co Ltd,"Ligeance Aerospace Technology Co., Ltd.",Common Stock,0.444,deepseek_classify_rename_vs_different_security,pending_deepseek_review,SZSE::000697,SZSE,later_global_review
low_name_similarity,P3,002283,SZSE,XSHE,Tianrun Crankshaft Co Ltd,"Tianrun Industry Technology Co., Ltd.",Common Stock,0.444,deepseek_classify_rename_vs_different_security,pending_deepseek_review,SZSE::002283,SZSE,later_global_review
low_name_similarity,P3,002291,SZSE,XSHE,Foshan Saturday Shoes Co Ltd,"Foshan Yowant Technology Co., Ltd.",Common Stock,0.444,deepseek_classify_rename_vs_different_security,pending_deepseek_review,SZSE::002291,SZSE,later_global_review
low_name_similarity,P3,002701,SZSE,XSHE,ORG Packaging Co Ltd,"Org Technology Co., Ltd.",Common Stock,0.444,deepseek_classify_rename_vs_different_security,pending_deepseek_review,SZSE::002701,SZSE,later_global_review
low_name_similarity,P3,300050,SZSE,XSHE,Dingli Communications Corp Ltd,Dingli Corp Ltd.,Common Stock,0.444,deepseek_classify_rename_vs_different_security,pending_deepseek_review,SZSE::300050,SZSE,later_global_review
low_name_similarity,P3,300051,SZSE,XSHE,Xiamen 35Com Tech,"Leascend Technology Co., Ltd.",Common Stock,0.444,deepseek_classify_rename_vs_different_security,pending_deepseek_review,SZSE::300051,SZSE,later_global_review
low_name_similarity,P3,300066,SZSE,XSHE,Jiangxi Sanchuan Water Meter,"Sanchuan Wisdom Technology Co., Ltd.",Common Stock,0.444,deepseek_classify_rename_vs_different_security,pending_deepseek_review,SZSE::300066,SZSE,later_global_review
low_name_similarity,P3,1020,TADAWUL,XSAU,BJAZ,Bank Al-Jazira,Common Stock,0.444,deepseek_classify_rename_vs_different_security,pending_deepseek_review,TADAWUL::1020,Tadawul,later_global_review
low_name_similarity,P3,1832,TADAWUL,XSAU,SADR,Sadr Logistics Co.,Common Stock,0.444,deepseek_classify_rename_vs_different_security,pending_deepseek_review,TADAWUL::1832,Tadawul,later_global_review
low_name_similarity,P3,8280,TADAWUL,XSAU,LIVA,Liva Insurance Co.,Common Stock,0.444,deepseek_classify_rename_vs_different_security,pending_deepseek_review,TADAWUL::8280,Tadawul,later_global_review
low_name_similarity,P3,5321,TPEX,XTAI,United Recommend International Co Ltd,United Airlines Holdings Inc.,Common Stock,0.444,deepseek_classify_rename_vs_different_security,pending_deepseek_review,TPEX::5321,TWSE,later_global_review
low_name_similarity,P3,ATRUST,ATHEX,ASEX,Alpha Trust Mutual Fund and Alternative Investment Fund Management S.A,Alpha Trust Holdings S.A.,Common Stock,0.447,deepseek_classify_rename_vs_different_security,pending_deepseek_review,ATHEX::ATRUST,ASE,later_global_review
low_name_similarity,P3,ISB,JSE,XJSE,Insimbi Refractory Alloy Supply,Insimbi Industrial Holdings Ltd.,Common Stock,0.448,deepseek_classify_rename_vs_different_security,pending_deepseek_review,JSE::ISB,JSE,later_global_review
low_name_similarity,P3,SEOM,BVB,XBSE,Germina Agribusiness SA,Semrom Muntenia S.A. Bucuresti,Common Stock,0.449,deepseek_classify_rename_vs_different_security,pending_deepseek_review,BVB::SEOM,BVB,later_global_review
low_name_similarity,P3,036190,KOSDAQ,XKRX,Geumhwa Plant Service & Construction Co. Ltd,Geumhwa Psc Co. Ltd.,Common Stock,0.449,deepseek_classify_rename_vs_different_security,pending_deepseek_review,KOSDAQ::036190,KRX,later_global_review
low_name_similarity,P3,WHABT,SET,XBKK,WHA Business Complex Freehold and Leasehold Real Estate Investment Trust,WHA Business Complex Public Company Limited,REIT,0.449,deepseek_classify_rename_vs_different_security,pending_deepseek_review,SET::WHABT,SET,later_global_review
low_name_similarity,P3,300145,SZSE,XSHE,Nanfang Pump Industry,"Nanfang Zhongjin Environment Co., Ltd.",Common Stock,0.449,deepseek_classify_rename_vs_different_security,pending_deepseek_review,SZSE::300145,SZSE,later_global_review
low_name_similarity,P3,5255,Bursa,XKLS,Icon Offshore Bhd,Lianson Fleet Group Bhd,Common Stock,0.45,deepseek_classify_rename_vs_different_security,pending_deepseek_review,Bursa::5255,MYX,later_global_review
low_name_similarity,P3,SHLPH,PSE,XPHS,Pilipinas Shell Petroleum Corp,Shell Pilipinas Corporation,Common Stock,0.45,deepseek_classify_rename_vs_different_security,pending_deepseek_review,PSE::SHLPH,PSE,later_global_review
low_name_similarity,P3,MLPRX,Euronext,XPAR,Parx Plastics NV,Parx Materials N.V.,Common Stock,0.452,deepseek_classify_rename_vs_different_security,pending_deepseek_review,Euronext::MLPRX,Euronext,later_global_review
low_name_similarity,P3,037400,KOSDAQ,XKRX,Wooree Lighting Co.Ltd,"Woori Enterprise Co., Ltd.",Common Stock,0.452,deepseek_classify_rename_vs_different_security,pending_deepseek_review,KOSDAQ::037400,KRX,later_global_review
low_name_similarity,P3,TCPD,SGX,XSES,CP All TH SDR 1to1,CP All Public Co. Ltd.,Depositary Receipt,0.452,deepseek_classify_rename_vs_different_security,pending_deepseek_review,SGX::TCPD,SGX,later_global_review
low_name_similarity,P3,000921,SZSE,XSHE,Hisense Kelon Electrical Holdings Co Ltd,Hisense Home Appliances Group Co. Ltd.,Common Stock,0.452,deepseek_classify_rename_vs_different_security,pending_deepseek_review,SZSE::000921,SZSE,later_global_review
low_name_similarity,P3,002053,SZSE,XSHE,Yunnan Salt & Salt Chemical Industry Co Ltd,"Yunnan Energy Investment Co., Ltd.",Common Stock,0.452,deepseek_classify_rename_vs_different_security,pending_deepseek_review,SZSE::002053,SZSE,later_global_review
low_name_similarity,P3,6004,TADAWUL,XSAU,CATRION,Catrion Catering Holding Co.,Common Stock,0.452,deepseek_classify_rename_vs_different_security,pending_deepseek_review,TADAWUL::6004,Tadawul,later_global_review
low_name_similarity,P3,NFTA,TASE,XTAE,Naphtha,Naphtha Israel Petroleum Corp.,Common Stock,0.452,deepseek_classify_rename_vs_different_security,pending_deepseek_review,TASE::NFTA,TASE,later_global_review
low_name_similarity,P3,688710,SSE,XSHG,INNOSTAR ORD A (SHH) EQSW Exp:,"Shanghai Innostar Bio-tech Co., Ltd.",Common Stock,0.453,deepseek_classify_rename_vs_different_security,pending_deepseek_review,SSE::688710,SSE,later_global_review
low_name_similarity,P3,ZUK,WSE,XWAR,Zaklady Urzadzen Kotlowych Staporkow SA,ZUK Staporkow S.A.,Common Stock,0.453,deepseek_classify_rename_vs_different_security,pending_deepseek_review,WSE::ZUK,GPW,later_global_review
low_name_similarity,P3,SEP,JSE,XJAM,Sephaku Holdings Ltd,Seprod Ltd.,Common Stock,0.455,deepseek_classify_rename_vs_different_security,pending_deepseek_review,JSE::SEP,JSE,later_global_review
low_name_similarity,P3,AW9U,SGX,XSES,First Reit,First Real Estate Investment Trust,REIT,0.455,deepseek_classify_rename_vs_different_security,pending_deepseek_review,SGX::AW9U,SGX,later_global_review
low_name_similarity,P3,000922,SZSE,XSHE,Harbin Electric Coporation Jiamusi Electric Machine Co Ltd,Harbin Electric Corporation,Common Stock,0.455,deepseek_classify_rename_vs_different_security,pending_deepseek_review,SZSE::000922,SZSE,later_global_review
low_name_similarity,P3,002265,SZSE,XSHE,Yunnan Xiyi Industrial Co Ltd,"Jianshe Industry Group Co., Ltd.",Common Stock,0.455,deepseek_classify_rename_vs_different_security,pending_deepseek_review,SZSE::002265,SZSE,later_global_review
low_name_similarity,P3,300010,SZSE,XSHE,Beijing Lanxum Tech Co,"Doushen Beijing Education Co., Ltd.",Common Stock,0.455,deepseek_classify_rename_vs_different_security,pending_deepseek_review,SZSE::300010,SZSE,later_global_review
low_name_similarity,P3,300363,SZSE,XSHE,Porton Fine Chemicals Ltd,Porton Pharma Solutions Ltd.,Common Stock,0.455,deepseek_classify_rename_vs_different_security,pending_deepseek_review,SZSE::300363,SZSE,later_global_review
low_name_similarity,P3,4090,TADAWUL,XSAU,TAIBA,Taiba Investments Co.,Common Stock,0.455,deepseek_classify_rename_vs_different_security,pending_deepseek_review,TADAWUL::4090,Tadawul,later_global_review
low_name_similarity,P3,9634,TADAWUL,XSAU,ADEER,Adeer Real Estate Co.,Common Stock,0.455,deepseek_classify_rename_vs_different_security,pending_deepseek_review,TADAWUL::9634,Tadawul,later_global_review
low_name_similarity,P3,BYW6,XETRA,XETR,BAYWA AG VINK.NA. O.N.,BayWa AG,Common Stock,0.455,deepseek_classify_rename_vs_different_security,pending_deepseek_review,XETRA::BYW6,XETR,later_global_review
low_name_similarity,P3,0041B0,KOSDAQ,XKRX,Kyobo 18 SPAC,Kyobo 18 Special Purpose Acquisition Company,Common Stock,0.456,deepseek_classify_rename_vs_different_security,pending_deepseek_review,KOSDAQ::0041B0,KRX,later_global_review
low_name_similarity,P3,486630,KOSDAQ,XKRX,KB No.30 SPAC,KB No. 30 Special Purpose Acquisition Company,Common Stock,0.456,deepseek_classify_rename_vs_different_security,pending_deepseek_review,KOSDAQ::486630,KRX,later_global_review
low_name_similarity,P3,002309,SZSE,XSHE,Zhongli Science and Technology Group Co Ltd,"Jiangsu Zhongli Group Co., Ltd.",Common Stock,0.456,deepseek_classify_rename_vs_different_security,pending_deepseek_review,SZSE::002309,SZSE,later_global_review
low_name_similarity,P3,300390,SZSE,XSHE,Suzhou TA&A Ultra Clean Technology Co Ltd,"Canmax Technologies Co., Ltd.",Common Stock,0.456,deepseek_classify_rename_vs_different_security,pending_deepseek_review,SZSE::300390,SZSE,later_global_review
low_name_similarity,P3,300860,SZSE,XSHE,Beijing Fengshangshiji Culture Medi,"Funshine Culture Group Co., Ltd.",Common Stock,0.456,deepseek_classify_rename_vs_different_security,pending_deepseek_review,SZSE::300860,SZSE,later_global_review
low_name_similarity,P3,TITC,Euronext,XBRU,Titan Cement International SA,Titan S.A.,Common Stock,0.457,deepseek_classify_rename_vs_different_security,pending_deepseek_review,Euronext::TITC,Euronext,later_global_review
low_name_similarity,P3,600110,SSE,XSHG,Nuode Investment Co Ltd,"Nuode New Materials Co., Ltd.",Common Stock,0.457,deepseek_classify_rename_vs_different_security,pending_deepseek_review,SSE::600110,SSE,later_global_review
low_name_similarity,P3,002739,SZSE,XSHE,Wanda Cinema Line Corp,"Wanda Film Holding Co., Ltd.",Common Stock,0.457,deepseek_classify_rename_vs_different_security,pending_deepseek_review,SZSE::002739,SZSE,later_global_review
low_name_similarity,P3,HOT,XETRA,XETR,HOCHTIEF AG,Hochtief Aktiengesellschaft,Common Stock,0.457,deepseek_classify_rename_vs_different_security,pending_deepseek_review,XETRA::HOT,XETR,later_global_review
low_name_similarity,P3,688671,SSE,XSHG,BESCIENT ORD A (SHH) EQSW Exp:,"Bescient Technologies Co., Ltd.",Common Stock,0.458,deepseek_classify_rename_vs_different_security,pending_deepseek_review,SSE::688671,SSE,later_global_review
low_name_similarity,P3,600151,SSE,XSHG,Aerospace Auto,"Shanghai Aerospace Automobile Electromechanical Co., Ltd.",Common Stock,0.459,deepseek_classify_rename_vs_different_security,pending_deepseek_review,SSE::600151,SSE,later_global_review
low_name_similarity,P3,002061,SZSE,XSHE,Zhejiang Jiangshan Chemical Co Ltd,"Zhejiang Communications Technology Co., Ltd.",Common Stock,0.459,deepseek_classify_rename_vs_different_security,pending_deepseek_review,SZSE::002061,SZSE,later_global_review
low_name_similarity,P3,002247,SZSE,XSHE,Zhejiang Dilong New Material Co Ltd,Zhejiang Juli Culture Development Co. Ltd.,Common Stock,0.459,deepseek_classify_rename_vs_different_security,pending_deepseek_review,SZSE::002247,SZSE,later_global_review
low_name_similarity,P3,DEON,BMV,XMEX,Diageo plc,Diageo plc Sponsored ADR,American Depositary Receipt,0.462,deepseek_classify_rename_vs_different_security,pending_deepseek_review,BMV::DEON,BMV,later_global_review
low_name_similarity,P3,UNISEM,BVB,XBSE,Unisem SA,Unisem S.A. Bucuresti,Common Stock,0.462,deepseek_classify_rename_vs_different_security,pending_deepseek_review,BVB::UNISEM,BVB,later_global_review
low_name_similarity,P3,011370,KOSDAQ,XKRX,SEOHAN Const. & Eng.co.Ltd,"Seohan Co., Ltd.",Common Stock,0.462,deepseek_classify_rename_vs_different_security,pending_deepseek_review,KOSDAQ::011370,KRX,later_global_review
low_name_similarity,P3,025440,KOSDAQ,XKRX,"DHAUTOWARE Co., Ltd.",Dha Corporation Ltd.,Common Stock,0.462,deepseek_classify_rename_vs_different_security,pending_deepseek_review,KOSDAQ::025440,KRX,later_global_review
low_name_similarity,P3,012160,KRX,XKRX,Young Heung I&,Youngwire Co. Ltd.,Common Stock,0.462,deepseek_classify_rename_vs_different_security,pending_deepseek_review,KRX::012160,KRX,later_global_review
low_name_similarity,P3,027410,KRX,XKRX,BGF Retail Co Ltd,"BGF Co., Ltd.",Common Stock,0.462,deepseek_classify_rename_vs_different_security,pending_deepseek_review,KRX::027410,KRX,later_global_review
low_name_similarity,P3,236030,KRX,XKRX,SSIAL FOOD,Ssi Alimentation Inc.,Common Stock,0.462,deepseek_classify_rename_vs_different_security,pending_deepseek_review,KRX::236030,KRX,later_global_review
low_name_similarity,P3,5AU,SGX,XSES,AP Oil,Ap Oil International Ltd.,Common Stock,0.462,deepseek_classify_rename_vs_different_security,pending_deepseek_review,SGX::5AU,SGX,later_global_review
low_name_similarity,P3,HQU,SGX,XSES,Oiltek,Oiltek International Ltd.,Common Stock,0.462,deepseek_classify_rename_vs_different_security,pending_deepseek_review,SGX::HQU,SGX,later_global_review
low_name_similarity,P3,MXNU,SGX,XSES,EliteUKREIT GBP,Elite UK Real Estate Investment Trust,REIT,0.462,deepseek_classify_rename_vs_different_security,pending_deepseek_review,SGX::MXNU,SGX,later_global_review
low_name_similarity,P3,600008,SSE,XSHG,Beijing Capital Co Ltd,"Beijing Capital Eco-Environmental Protection Group Co., Ltd.",Common Stock,0.462,deepseek_classify_rename_vs_different_security,pending_deepseek_review,SSE::600008,SSE,later_global_review
low_name_similarity,P3,603339,SSE,XSHG,Nantong Square Cold Chain Equipment Co Ltd,"Square Tech Group Co., Ltd.",Common Stock,0.462,deepseek_classify_rename_vs_different_security,pending_deepseek_review,SSE::603339,SSE,later_global_review
low_name_similarity,P3,605388,SSE,XSHG,JuneYao Dairy Co Ltd,"Hubei Juneyao Great Health Co., Ltd.",Common Stock,0.462,deepseek_classify_rename_vs_different_security,pending_deepseek_review,SSE::605388,SSE,later_global_review
low_name_similarity,P3,000911,SZSE,XSHE,Nanning Sugar Industry Co Ltd,"Guangxi Rural Investment Group Co., Ltd.",Common Stock,0.462,deepseek_classify_rename_vs_different_security,pending_deepseek_review,SZSE::000911,SZSE,later_global_review
low_name_similarity,P3,002168,SZSE,XSHE,Shenzhen Hifuture Electric,"Chongqing Hifuture Information Industry Co., Ltd.",Common Stock,0.462,deepseek_classify_rename_vs_different_security,pending_deepseek_review,SZSE::002168,SZSE,later_global_review
low_name_similarity,P3,300492,SZSE,XSHE,Cendes Co Ltd Class A,"Huatu Cendes Co., Ltd.",Common Stock,0.462,deepseek_classify_rename_vs_different_security,pending_deepseek_review,SZSE::300492,SZSE,later_global_review
low_name_similarity,P3,9574,TADAWUL,XSAU,PRO MEDEX,Professional Medical Expertise Inc.,Common Stock,0.462,deepseek_classify_rename_vs_different_security,pending_deepseek_review,TADAWUL::9574,Tadawul,later_global_review
low_name_similarity,P3,VILR,TASE,XTAE,Villar,Villar International Ltd.,Common Stock,0.462,deepseek_classify_rename_vs_different_security,pending_deepseek_review,TASE::VILR,TASE,later_global_review
low_name_similarity,P3,6682,TPEX,XTAI,"Hua Hsu Advanced Technology Co., Ltd.","Hua Hsu Silicon Materials Co., Ltd.",Common Stock,0.462,deepseek_classify_rename_vs_different_security,pending_deepseek_review,TPEX::6682,TWSE,later_global_review
low_name_similarity,P3,KLA,XETRA,XETR,"KLA CORP.        DL -,001",KLA Corporation,Common Stock,0.462,deepseek_classify_rename_vs_different_security,pending_deepseek_review,XETRA::KLA,XETR,later_global_review
low_name_similarity,P3,KSC,XETRA,XETR,KPS AG NA O.N.,KPS AG,Common Stock,0.462,deepseek_classify_rename_vs_different_security,pending_deepseek_review,XETRA::KSC,XETR,later_global_review
low_name_similarity,P3,PNE3,XETRA,XETR,PNE AG  NA O.N.,PNE AG,Common Stock,0.462,deepseek_classify_rename_vs_different_security,pending_deepseek_review,XETRA::PNE3,XETR,later_global_review
low_name_similarity,P3,001965,SZSE,XSHE,Merchant Express Class A,"China Merchants Expressway Network & Technology Holdings Co., Ltd.",Common Stock,0.463,deepseek_classify_rename_vs_different_security,pending_deepseek_review,SZSE::001965,SZSE,later_global_review
low_name_similarity,P3,IPR,Euronext,XLIS,Impresa - Sociedade Gestora de Participações Sociais S.A,"Impresa, SGPS, S.A.",Common Stock,0.464,deepseek_classify_rename_vs_different_security,pending_deepseek_review,Euronext::IPR,Euronext,later_global_review
low_name_similarity,P3,300338,SZSE,XSHE,Changsha Kaiyuan Instruments,"Kaiyuan Education Technology Co., Ltd.",Common Stock,0.464,deepseek_classify_rename_vs_different_security,pending_deepseek_review,SZSE::300338,SZSE,later_global_review
low_name_similarity,P3,101170,KOSDAQ,XKRX,Woorim Machinery Co. Ltd,"Woorim Power Train Solution Co., Ltd.",Common Stock,0.465,deepseek_classify_rename_vs_different_security,pending_deepseek_review,KOSDAQ::101170,KRX,later_global_review
low_name_similarity,P3,LS9,SGX,XSES,Leader Env,Leader Environmental Technologies Ltd.,Common Stock,0.465,deepseek_classify_rename_vs_different_security,pending_deepseek_review,SGX::LS9,SGX,later_global_review
low_name_similarity,P3,603686,SSE,XSHG,Fujian Longma Envi Sanitation,"Fulongma Group Co., Ltd.",Common Stock,0.465,deepseek_classify_rename_vs_different_security,pending_deepseek_review,SSE::603686,SSE,later_global_review
low_name_similarity,P3,688615,SSE,XSHG,INTSIG ORD A (SHH) EQSW Exp:,"Intsig Information Co., Ltd.",Common Stock,0.465,deepseek_classify_rename_vs_different_security,pending_deepseek_review,SSE::688615,SSE,later_global_review
low_name_similarity,P3,002716,SZSE,XSHE,Chenzhou Jingui Silver Industry Co Ltd,"Hunan Silver Co., Ltd.",Common Stock,0.465,deepseek_classify_rename_vs_different_security,pending_deepseek_review,SZSE::002716,SZSE,later_global_review
low_name_similarity,P3,MTPS,IDX,XIDX,Meta Epsi Tbk PT,Meta Platforms Inc.,Common Stock,0.467,deepseek_classify_rename_vs_different_security,pending_deepseek_review,IDX::MTPS,IDX,later_global_review
low_name_similarity,P3,N01,SGX,XSES,NeraTel,Nera Telecommunications Ltd.,Common Stock,0.467,deepseek_classify_rename_vs_different_security,pending_deepseek_review,SGX::N01,SGX,later_global_review
low_name_similarity,P3,002445,SZSE,XSHE,Zhongnanhong Culture Group Co Ltd,"Jiangyin Zhongnan Heavy Industries Co., Ltd.",Common Stock,0.467,deepseek_classify_rename_vs_different_security,pending_deepseek_review,SZSE::002445,SZSE,later_global_review
low_name_similarity,P3,1831,TADAWUL,XSAU,MAHARAH,Maharah Human Resources Co.,Common Stock,0.467,deepseek_classify_rename_vs_different_security,pending_deepseek_review,TADAWUL::1831,Tadawul,later_global_review
low_name_similarity,P3,ADMIE,ATHEX,ASEX,Admie Holding S.A,Holding Company ADMIE IPTO S.A.,Common Stock,0.468,deepseek_classify_rename_vs_different_security,pending_deepseek_review,ATHEX::ADMIE,ASE,later_global_review
low_name_similarity,P3,WKBN,SIX,XSWX,Banque Cantonale du Valais,Walliser Kantonalbank,Common Stock,0.468,deepseek_classify_rename_vs_different_security,pending_deepseek_review,SIX::WKBN,SIX,later_global_review
low_name_similarity,P3,603007,SSE,XSHG,Jiangsu Flowers King,Flower King Eco-Engineering Inc.,Common Stock,0.468,deepseek_classify_rename_vs_different_security,pending_deepseek_review,SSE::603007,SSE,later_global_review
low_name_similarity,P3,002313,SZSE,XSHE,SUNSEA Telecommunications Co Ltd,Sunsea Aiot Technology Co. Ltd.,Common Stock,0.468,deepseek_classify_rename_vs_different_security,pending_deepseek_review,SZSE::002313,SZSE,later_global_review
low_name_similarity,P3,4300,TADAWUL,XSAU,DAR ALARKAN,Dar Al Arkan Real Estate Development Co.,Common Stock,0.468,deepseek_classify_rename_vs_different_security,pending_deepseek_review,TADAWUL::4300,Tadawul,later_global_review
low_name_similarity,P3,418550,KOSDAQ,XKRX,JEIO CO LTD (PROPOSED),"JEIO Co., Ltd.",Common Stock,0.471,deepseek_classify_rename_vs_different_security,pending_deepseek_review,KOSDAQ::418550,KRX,later_global_review
low_name_similarity,P3,575,SGX,XSES,ASTI,Asti Holdings Ltd.,Common Stock,0.471,deepseek_classify_rename_vs_different_security,pending_deepseek_review,SGX::575,SGX,later_global_review
low_name_similarity,P3,5VC,SGX,XSES,Kori,Kori Holdings Ltd.,Common Stock,0.471,deepseek_classify_rename_vs_different_security,pending_deepseek_review,SGX::5VC,SGX,later_global_review
low_name_similarity,P3,C04,SGX,XSES,Casa,Casa Holdings Ltd.,Common Stock,0.471,deepseek_classify_rename_vs_different_security,pending_deepseek_review,SGX::C04,SGX,later_global_review
low_name_similarity,P3,I07,SGX,XSES,ISDN,ISDN Holdings Ltd.,Common Stock,0.471,deepseek_classify_rename_vs_different_security,pending_deepseek_review,SGX::I07,SGX,later_global_review
low_name_similarity,P3,300795,SZSE,XSHE,Meorient,Zhejiang Meorient Commerce Co. Ltd.,Common Stock,0.471,deepseek_classify_rename_vs_different_security,pending_deepseek_review,SZSE::300795,SZSE,later_global_review
low_name_similarity,P3,8300,TADAWUL,XSAU,WATANIYA,Wataniya Insurance Company,Common Stock,0.471,deepseek_classify_rename_vs_different_security,pending_deepseek_review,TADAWUL::8300,Tadawul,later_global_review
low_name_similarity,P3,SIDO,IDX,XIDX,Sido Muncul PT,Industri Jamu dan Farmasi Sido Muncul Tbk.,Common Stock,0.473,deepseek_classify_rename_vs_different_security,pending_deepseek_review,IDX::SIDO,IDX,later_global_review
low_name_similarity,P3,ANLT,TASE,XTAE,Analyst IMS Investment Management Services Ltd,Analyst I.M.S. Inc.,Common Stock,0.473,deepseek_classify_rename_vs_different_security,pending_deepseek_review,TASE::ANLT,TASE,later_global_review
low_name_similarity,P3,MLIDS,Euronext,XPAR,IDS France SAS,Ids Investment Solutions Ltd.,Common Stock,0.474,deepseek_classify_rename_vs_different_security,pending_deepseek_review,Euronext::MLIDS,Euronext,later_global_review
low_name_similarity,P3,FILM,IDX,XIDX,MD Pictures Tbk PT,Md Entertainment Tbk,Common Stock,0.474,deepseek_classify_rename_vs_different_security,pending_deepseek_review,IDX::FILM,IDX,later_global_review
low_name_similarity,P3,HGMD,SGX,XSES,Geely Auto HK SDR 2to1,Geely Automobile Holdings Limited - Singapore Depositary Receipt,Depositary Receipt,0.474,deepseek_classify_rename_vs_different_security,pending_deepseek_review,SGX::HGMD,SGX,later_global_review
low_name_similarity,P3,600576,SSE,XSHG,Zhejiang Whwh,"Zhejiang Sunriver Culture Co., Ltd.",Common Stock,0.474,deepseek_classify_rename_vs_different_security,pending_deepseek_review,SSE::600576,SSE,later_global_review
low_name_similarity,P3,600803,SSE,XSHG,ENN Ecological Holdings Co Ltd,"ENN Natural Gas Co., Ltd.",Common Stock,0.474,deepseek_classify_rename_vs_different_security,pending_deepseek_review,SSE::600803,SSE,later_global_review
low_name_similarity,P3,002570,SZSE,XSHE,Beingmate Baby & Child Food Co Ltd,"Beingmate Co., Ltd.",Common Stock,0.474,deepseek_classify_rename_vs_different_security,pending_deepseek_review,SZSE::002570,SZSE,later_global_review
low_name_similarity,P3,300792,SZSE,XSHE,Onechance,"Hangzhou Onechance Technology Co., Ltd.",Common Stock,0.474,deepseek_classify_rename_vs_different_security,pending_deepseek_review,SZSE::300792,SZSE,later_global_review
low_name_similarity,P3,9515,TADAWUL,XSAU,FESH FASH,Fesh Fash Snack Food Products Co.,Common Stock,0.474,deepseek_classify_rename_vs_different_security,pending_deepseek_review,TADAWUL::9515,Tadawul,later_global_review
low_name_similarity,P3,CDEV,TASE,XTAE,Cohen Dev,Cohen Development Gas & Oil Inc.,Common Stock,0.474,deepseek_classify_rename_vs_different_security,pending_deepseek_review,TASE::CDEV,TASE,later_global_review
low_name_similarity,P3,KUYAS,BIST,XIST,KUYAŞ YATIRIM A.Ş.,Kuyumcukent Gayrimenkul Yatirim Ortakligi A.S.,REIT,0.475,deepseek_classify_rename_vs_different_security,pending_deepseek_review,BIST::KUYAS,BIST,later_global_review
low_name_similarity,P3,002285,SZSE,XSHE,Shenzhen Worldunion Properties Consultancy Inc,World Union Group Inc.,Common Stock,0.475,deepseek_classify_rename_vs_different_security,pending_deepseek_review,SZSE::002285,SZSE,later_global_review
low_name_similarity,P3,300469,SZSE,XSHE,Trust Alliance Information Development Inc Ltd Shanghai,Transportation Telecommunications Inc.,Common Stock,0.475,deepseek_classify_rename_vs_different_security,pending_deepseek_review,SZSE::300469,SZSE,later_global_review
low_name_similarity,P3,PKO,WSE,XWAR,Powszechna Kasa Oszczednosci Bank Polski SA,PKO Bank Polski S.A.,Common Stock,0.475,deepseek_classify_rename_vs_different_security,pending_deepseek_review,WSE::PKO,GPW,later_global_review
low_name_similarity,P3,BMW3,XETRA,XETR,BAY.MOTOREN WERKE  VZO,Bayerische Motoren Werke Aktiengesellschaft - Preferred Stock,Preferred Stock,0.475,deepseek_classify_rename_vs_different_security,pending_deepseek_review,XETRA::BMW3,XETR,later_global_review
low_name_similarity,P3,FERR,BCBA,XBUE,Ferrum S.A.,Ferrum S.A. de Ceramica y Metales,Common Stock,0.476,deepseek_classify_rename_vs_different_security,pending_deepseek_review,BCBA::FERR,BCBA,later_global_review
low_name_similarity,P3,FIHO12,BMV,XMEX,FibraHotel,Concentradora Fibra Hotelera S.A.,REIT,0.476,deepseek_classify_rename_vs_different_security,pending_deepseek_review,BMV::FIHO12,BMV,later_global_review
low_name_similarity,P3,ALEMG,Euronext,XPAR,Euromedis Groupe SA,Laboratoires Euromedis S.A.,Common Stock,0.476,deepseek_classify_rename_vs_different_security,pending_deepseek_review,Euronext::ALEMG,Euronext,later_global_review
low_name_similarity,P3,INPR,JSE,XJSE,Investec Limited NON RED NON CUM NON PTG PRF ZAR0.01,Investec Ltd. Preferred Stock 11.25% Perpetual,Preferred Stock,0.476,deepseek_classify_rename_vs_different_security,pending_deepseek_review,JSE::INPR,JSE,later_global_review
low_name_similarity,P3,109960,KOSDAQ,XKRX,Aptocrom Inc,Ap Healthcare Inc.,Common Stock,0.476,deepseek_classify_rename_vs_different_security,pending_deepseek_review,KOSDAQ::109960,KRX,later_global_review
low_name_similarity,P3,126880,KOSDAQ,XKRX,JNK Heaters Co. Ltd,Jnk Global Co. Ltd.,Common Stock,0.476,deepseek_classify_rename_vs_different_security,pending_deepseek_review,KOSDAQ::126880,KRX,later_global_review
low_name_similarity,P3,131180,KOSDAQ,XKRX,Dilli Illustrate Inc,Dilli Inc.,Common Stock,0.476,deepseek_classify_rename_vs_different_security,pending_deepseek_review,KOSDAQ::131180,KRX,later_global_review
low_name_similarity,P3,YYB,SGX,XSES,BACUI TECH,Bacui Technologies International Inc.,Common Stock,0.476,deepseek_classify_rename_vs_different_security,pending_deepseek_review,SGX::YYB,SGX,later_global_review
low_name_similarity,P3,605100,SSE,XSHG,Power HF Co Ltd,"Huafeng Power Co., Ltd.",Common Stock,0.476,deepseek_classify_rename_vs_different_security,pending_deepseek_review,SSE::605100,SSE,later_global_review
low_name_similarity,P3,000767,SZSE,XSHE,Shanxi Zhangze Electric Power Co Ltd,"Jinneng Holding Shanxi Electricity Co., Ltd.",Common Stock,0.476,deepseek_classify_rename_vs_different_security,pending_deepseek_review,SZSE::000767,SZSE,later_global_review
low_name_similarity,P3,2140,TADAWUL,XSAU,AYYAN,Ayyan Investment Co.,Common Stock,0.476,deepseek_classify_rename_vs_different_security,pending_deepseek_review,TADAWUL::2140,Tadawul,later_global_review
low_name_similarity,P3,CGN,XETRA,XETR,"CIGNA GROUP, THE     DL 1",Cigna Corp,Common Stock,0.476,deepseek_classify_rename_vs_different_security,pending_deepseek_review,XETRA::CGN,XETR,later_global_review
low_name_similarity,P3,TCO0,XETRA,XETR,"TESCO PLC     LS-,0633333",Tesco PLC,Common Stock,0.476,deepseek_classify_rename_vs_different_security,pending_deepseek_review,XETRA::TCO0,XETR,later_global_review
low_name_similarity,P3,T82U,SGX,XSES,Suntec Reit,Suntec Real Estate Investment Trust,REIT,0.478,deepseek_classify_rename_vs_different_security,pending_deepseek_review,SGX::T82U,SGX,later_global_review
low_name_similarity,P3,301058,SZSE,XSHE,COFCO Engineering & Technology Co Ltd,Cofco Technology & Industry Group Co. Ltd.,Common Stock,0.478,deepseek_classify_rename_vs_different_security,pending_deepseek_review,SZSE::301058,SZSE,later_global_review
low_name_similarity,P3,HGG,TASE,XTAE,Hagag Group,Hagag Group Real Estate Development Ltd.,Common Stock,0.478,deepseek_classify_rename_vs_different_security,pending_deepseek_review,TASE::HGG,TASE,later_global_review
low_name_similarity,P3,ORNP,TASE,XTAE,ORION COMMERCIAL ASSETS LTD,Orion Retail Properties Ltd,Common Stock,0.478,deepseek_classify_rename_vs_different_security,pending_deepseek_review,TASE::ORNP,TASE,later_global_review
low_name_similarity,P3,RLIA,BME,XMAD,Realia,"Realia Business, S.A.",Common Stock,0.48,deepseek_classify_rename_vs_different_security,pending_deepseek_review,BME::RLIA,BME,later_global_review
low_name_similarity,P3,IPRU,BVB,XBSE,Iproeb SA,Iproeb S.A. Bistrita,Common Stock,0.48,deepseek_classify_rename_vs_different_security,pending_deepseek_review,BVB::IPRU,BVB,later_global_review
low_name_similarity,P3,003080,KRX,XKRX,"SBSUNGBO Co., Ltd.","Sung Bo Chemicals Co., Ltd.",Common Stock,0.48,deepseek_classify_rename_vs_different_security,pending_deepseek_review,KRX::003080,KRX,later_global_review
low_name_similarity,P3,311960,KRX,XKRX,InterRoid,AI The Nutrigenomics Co.,Common Stock,0.48,deepseek_classify_rename_vs_different_security,pending_deepseek_review,KRX::311960,KRX,later_global_review
low_name_similarity,P3,DV8,SET,XBKK,DV8 Public Company Limited,DV8 PCL,Common Stock,0.48,deepseek_classify_rename_vs_different_security,pending_deepseek_review,SET::DV8,SET,later_global_review
low_name_similarity,P3,600073,SSE,XSHG,Shanghai Maling Aquarius Co Ltd,"Shanghai Bright Meat Group Co., Ltd.",Common Stock,0.48,deepseek_classify_rename_vs_different_security,pending_deepseek_review,SSE::600073,SSE,later_global_review
low_name_similarity,P3,002298,SZSE,XSHE,Anhui Xinlong Electrical Co Ltd,"Anhui Sinonets & Xonlong Co., Ltd.",Common Stock,0.48,deepseek_classify_rename_vs_different_security,pending_deepseek_review,SZSE::002298,SZSE,later_global_review
low_name_similarity,P3,002734,SZSE,XSHE,Limin Chemical Co Ltd,"Limin Group Co., Ltd.",Common Stock,0.48,deepseek_classify_rename_vs_different_security,pending_deepseek_review,SZSE::002734,SZSE,later_global_review
low_name_similarity,P3,300166,SZSE,XSHE,Business intelligence of Oriental Nations Corp Ltd,"Beijing Orient National Technology Co., Ltd.",Common Stock,0.48,deepseek_classify_rename_vs_different_security,pending_deepseek_review,SZSE::300166,SZSE,later_global_review
low_name_similarity,P3,603060,SSE,XSHG,China Building Material,"China Testing & Certification Co., Ltd.",Common Stock,0.481,deepseek_classify_rename_vs_different_security,pending_deepseek_review,SSE::603060,SSE,later_global_review
low_name_similarity,P3,300249,SZSE,XSHE,Sichuan Yimikang Environmental Tech Co Ltd,"Yimikang Tech Group Co., Ltd.",Common Stock,0.481,deepseek_classify_rename_vs_different_security,pending_deepseek_review,SZSE::300249,SZSE,later_global_review
low_name_similarity,P3,VASTB,Euronext,XBRU,Vastned Retail Belgium,Vastned NV,REIT,0.483,deepseek_classify_rename_vs_different_security,pending_deepseek_review,Euronext::VASTB,Euronext,later_global_review
low_name_similarity,P3,ASMI,IDX,XIDX,Asuransi Kresna Mitra Tbk PT,Asuransi Maximus Graha Persada,Common Stock,0.483,deepseek_classify_rename_vs_different_security,pending_deepseek_review,IDX::ASMI,IDX,later_global_review
low_name_similarity,P3,5CR,SGX,XSES,Asiatic,Asiatic Group Holdings Ltd.,Common Stock,0.483,deepseek_classify_rename_vs_different_security,pending_deepseek_review,SGX::5CR,SGX,later_global_review
low_name_similarity,P3,BKK,SGX,XSES,Luxking,Luxking Group Holdings Ltd.,Common Stock,0.483,deepseek_classify_rename_vs_different_security,pending_deepseek_review,SGX::BKK,SGX,later_global_review
low_name_similarity,P3,HSHD,SGX,XSES,HSBC HK SDR 5to1,HSBC Holdings Plc,Depositary Receipt,0.483,deepseek_classify_rename_vs_different_security,pending_deepseek_review,SGX::HSHD,SGX,later_global_review
low_name_similarity,P3,603969,SSE,XSHG,Tianjin Silvery Dragon,"Silvery Dragon Prestressed Materials Co., Ltd.",Common Stock,0.483,deepseek_classify_rename_vs_different_security,pending_deepseek_review,SSE::603969,SSE,later_global_review
low_name_similarity,P3,HOTEL,STO,XSTO,Hotel Fast SSE,First Hotels AB,Common Stock,0.483,deepseek_classify_rename_vs_different_security,pending_deepseek_review,STO::HOTEL,OMX,later_global_review
low_name_similarity,P3,300689,SZSE,XSHE,Shenzhen Chengtian Weiye Technology Co Ltd,"Shenzhen CTC Electronic Co., Ltd.",Common Stock,0.483,deepseek_classify_rename_vs_different_security,pending_deepseek_review,SZSE::300689,SZSE,later_global_review
low_name_similarity,P3,8120,TADAWUL,XSAU,GULF UNION ALAHLIA,Gulf Union Cooperative Insurance Company,Common Stock,0.483,deepseek_classify_rename_vs_different_security,pending_deepseek_review,TADAWUL::8120,Tadawul,later_global_review
low_name_similarity,P3,PTNR,TASE,XTAE,Partner,Partner Communications Co. Ltd.,Common Stock,0.483,deepseek_classify_rename_vs_different_security,pending_deepseek_review,TASE::PTNR,TASE,later_global_review
low_name_similarity,P3,VGO,WSE,XWAR,Vigo System SA,Vigo Photonics S.A.,Common Stock,0.483,deepseek_classify_rename_vs_different_security,pending_deepseek_review,WSE::VGO,GPW,later_global_review
low_name_similarity,P3,VVY,AMS,XAMS,VIVORYON,Vivoryon Therapeutics N.V.,Common Stock,0.485,deepseek_classify_rename_vs_different_security,pending_deepseek_review,AMS::VVY,Euronext,later_global_review
low_name_similarity,P3,MLCOT,Euronext,XPAR,Coretech 5 Société anonyme,CoreTech Limited,Common Stock,0.485,deepseek_classify_rename_vs_different_security,pending_deepseek_review,Euronext::MLCOT,Euronext,later_global_review
low_name_similarity,P3,280360,KRX,XKRX,Lotte Confectionery Co Ltd,"Lotte Wellfood Co., Ltd.",Common Stock,0.485,deepseek_classify_rename_vs_different_security,pending_deepseek_review,KRX::280360,KRX,later_global_review
low_name_similarity,P3,5WH,SGX,XSES,Rex Intl,Rex International Holding Ltd.,Common Stock,0.485,deepseek_classify_rename_vs_different_security,pending_deepseek_review,SGX::5WH,SGX,later_global_review
low_name_similarity,P3,603801,SSE,XSHG,Zbom Cabinets Co Ltd,"Zbom Home Collection Co., Ltd.",Common Stock,0.485,deepseek_classify_rename_vs_different_security,pending_deepseek_review,SSE::603801,SSE,later_global_review
low_name_similarity,P3,002010,SZSE,XSHE,Zhejiang Transfar Co Ltd,"Transfar Zhilian Co., Ltd.",Common Stock,0.485,deepseek_classify_rename_vs_different_security,pending_deepseek_review,SZSE::002010,SZSE,later_global_review
low_name_similarity,P3,300063,SZSE,XSHE,Guangdong Sky Dragon Printing Ink Group Co Ltd,"Guangdong Tloong Technology Co., Ltd.",Common Stock,0.485,deepseek_classify_rename_vs_different_security,pending_deepseek_review,SZSE::300063,SZSE,later_global_review
low_name_similarity,P3,4002,TADAWUL,XSAU,MOUWASAT,Mouwasat Medical Services Co.,Common Stock,0.485,deepseek_classify_rename_vs_different_security,pending_deepseek_review,TADAWUL::4002,Tadawul,later_global_review
low_name_similarity,P3,DRAL,TASE,XTAE,Dor Alon,Dor Alon Energy in Israel Ltd.,Common Stock,0.485,deepseek_classify_rename_vs_different_security,pending_deepseek_review,TASE::DRAL,TASE,later_global_review
low_name_similarity,P3,TGN,BVB,XBSE,Societatea Nationala de Transport Gaze Naturale Transgaz SA,S.N.T.G.N. Transgaz SA,Common Stock,0.486,deepseek_classify_rename_vs_different_security,pending_deepseek_review,BVB::TGN,BVB,later_global_review
low_name_similarity,P3,SWAT,IDX,XIDX,Sriwahana,Sriwahana Adityakarta Tbk PT,Common Stock,0.486,deepseek_classify_rename_vs_different_security,pending_deepseek_review,IDX::SWAT,IDX,later_global_review
low_name_similarity,P3,5RF,SGX,XSES,Mercurius,Mercurius Capital Investment Ltd.,Common Stock,0.486,deepseek_classify_rename_vs_different_security,pending_deepseek_review,SGX::5RF,SGX,later_global_review
low_name_similarity,P3,603609,SSE,XSHG,LiaonWellhope Agri-Tech Co Ltd,"Wellhope Foods Co., Ltd.",Common Stock,0.486,deepseek_classify_rename_vs_different_security,pending_deepseek_review,SSE::603609,SSE,later_global_review
low_name_similarity,P3,300364,SZSE,XSHE,COL Digital Publishing Group Co Ltd,"Col Group Co., Ltd.",Common Stock,0.486,deepseek_classify_rename_vs_different_security,pending_deepseek_review,SZSE::300364,SZSE,later_global_review
low_name_similarity,P3,300427,SZSE,XSHE,Xiamen Red Phase Instruments Inc,Red Phase Inc.,Common Stock,0.486,deepseek_classify_rename_vs_different_security,pending_deepseek_review,SZSE::300427,SZSE,later_global_review
low_name_similarity,P3,300766,SZSE,XSHE,Zhejiang Merit Interactive Network Technology Co Ltd Class A,"Merit Interactive Co., Ltd.",Common Stock,0.486,deepseek_classify_rename_vs_different_security,pending_deepseek_review,SZSE::300766,SZSE,later_global_review
low_name_similarity,P3,FPE4,VSE,XWBO,Fuchs Petrolub SE,Fuchs SE Preference Shares,Preferred Stock,0.486,deepseek_classify_rename_vs_different_security,pending_deepseek_review,VSE::FPE4,VSE,later_global_review
low_name_similarity,P3,GAGV,VSE,XWBO,Gurktaler Aktiengesellschaft,Gurktaler AG,Preferred Stock,0.486,deepseek_classify_rename_vs_different_security,pending_deepseek_review,VSE::GAGV,VSE,later_global_review
low_name_similarity,P3,151860,KOSDAQ,XKRX,KG Eco Technology Services Co. Ltd,Kg Eco Solution Co. Ltd.,Common Stock,0.488,deepseek_classify_rename_vs_different_security,pending_deepseek_review,KOSDAQ::151860,KRX,later_global_review
low_name_similarity,P3,000240,KRX,XKRX,Hankook Tire Worldwide,"Hankook & Company Co., Ltd.",Common Stock,0.488,deepseek_classify_rename_vs_different_security,pending_deepseek_review,KRX::000240,KRX,later_global_review
low_name_similarity,P3,HEART,STO,XSTO,Real Heart,Scandinavian Real Heart AB (Publ),Common Stock,0.488,deepseek_classify_rename_vs_different_security,pending_deepseek_review,STO::HEART,OMX,later_global_review
low_name_similarity,P3,000755,SZSE,XSHE,Shanxi Sanwei Group Co Ltd,"Shanxi Road & Bridge Co., Ltd.",Common Stock,0.488,deepseek_classify_rename_vs_different_security,pending_deepseek_review,SZSE::000755,SZSE,later_global_review
low_name_similarity,P3,000877,SZSE,XSHE,Xinjiang Tianshan Cement Co Ltd,Tianshan Material Co. Ltd.,Common Stock,0.488,deepseek_classify_rename_vs_different_security,pending_deepseek_review,SZSE::000877,SZSE,later_global_review
low_name_similarity,P3,300617,SZSE,XSHE,Jiangsu Ankura Smart Transmission Engineering Technology Co Ltd,"Jiangsu Ankura Intelligent Co., Ltd.",Common Stock,0.488,deepseek_classify_rename_vs_different_security,pending_deepseek_review,SZSE::300617,SZSE,later_global_review
low_name_similarity,P3,HYL,Euronext,XBRU,Hyloris Developmentsen Sa,Hyloris Pharmaceuticals SA,Common Stock,0.489,deepseek_classify_rename_vs_different_security,pending_deepseek_review,Euronext::HYL,Euronext,later_global_review
low_name_similarity,P3,BDU,SGX,XSES,Federal Int,Federal International Holdings Bhd,Common Stock,0.489,deepseek_classify_rename_vs_different_security,pending_deepseek_review,SGX::BDU,SGX,later_global_review
low_name_similarity,P3,PATEK,BIST,XIST,PASİFİK TEKNOLOJİ A.Ş.,Pasifik Donanım ve Yazılım A.Ş.,Common Stock,0.49,deepseek_classify_rename_vs_different_security,pending_deepseek_review,BIST::PATEK,BIST,later_global_review
low_name_similarity,P3,7943,Bursa,XKLS,Greentronics Technology Berhad,Mpire Global Berhad,Common Stock,0.49,deepseek_classify_rename_vs_different_security,pending_deepseek_review,Bursa::7943,MYX,later_global_review
low_name_similarity,P3,IICD,SGX,XSES,IDFD CBP ID SDR 1to2,PT Indofood CBP Sukses Makmur Tbk,Depositary Receipt,0.491,deepseek_classify_rename_vs_different_security,pending_deepseek_review,SGX::IICD,SGX,later_global_review
low_name_similarity,P3,603300,SSE,XSHG,Zhejiang Huatie Constr Safety,"Zhejiang Haikong Nanke Huati Co., Ltd.",Common Stock,0.491,deepseek_classify_rename_vs_different_security,pending_deepseek_review,SSE::603300,SSE,later_global_review
low_name_similarity,P3,600165,SSE,XSHG,Ningxia Xinri Hengli Steel Wire Rope Co Ltd,"Ningxia Zhongke Biotechnology Co., Ltd.",Common Stock,0.492,deepseek_classify_rename_vs_different_security,pending_deepseek_review,SSE::600165,SSE,later_global_review
low_name_similarity,P3,600732,SSE,XSHG,Shanghai Xinmei Real Estate Co Ltd Class A,"Shanghai Aiko Solar Energy Co., Ltd.",Common Stock,0.492,deepseek_classify_rename_vs_different_security,pending_deepseek_review,SSE::600732,SSE,later_global_review
low_name_similarity,P3,601086,SSE,XSHG,Gansu Guofang Gongmao(Grp),Gansu Guofang Industry & Trade Company Limited,Common Stock,0.492,deepseek_classify_rename_vs_different_security,pending_deepseek_review,SSE::601086,SSE,later_global_review
low_name_similarity,P3,688221,SSE,XSHG,Frontier Biopharmaceuticals (Nanjing) Co. Ltd. A,Frontier Biotechnologies Inc.,Common Stock,0.492,deepseek_classify_rename_vs_different_security,pending_deepseek_review,SSE::688221,SSE,later_global_review
low_name_similarity,P3,9623,TADAWUL,XSAU,ALBATTAL FACTORY,Al Battal Factory for Chemical Industries Company,Common Stock,0.492,deepseek_classify_rename_vs_different_security,pending_deepseek_review,TADAWUL::9623,Tadawul,later_global_review
low_name_similarity,P3,2724,TPEX,XTAI,"Architectural Aesthetics Global Development CO.,LTD.","Glo Aesthetics, LLC",Common Stock,0.492,deepseek_classify_rename_vs_different_security,pending_deepseek_review,TPEX::2724,TWSE,later_global_review
low_name_similarity,P3,EFF0,XETRA,XETR,DT.EFF.U.WECH.-BET.G.,Deutsche Effecten- und Wechsel-Beteiligungsgesellschaft AG,Common Stock,0.493,deepseek_classify_rename_vs_different_security,pending_deepseek_review,XETRA::EFF0,XETR,later_global_review
low_name_similarity,P3,BRMEN,BIST,XIST,BİRLİK MENSUCAT TİCARET VE SANAYİ İŞLETMESİ A.Ş.,Birlik Mensucat Fabric Industry and Trade Inc.,Common Stock,0.494,deepseek_classify_rename_vs_different_security,pending_deepseek_review,BIST::BRMEN,BIST,later_global_review
low_name_similarity,P3,000826,SZSE,XSHE,Tus-Sound Environmental Resources Co Ltd,Tus Environmental Science & Technology Development Co. Ltd.,Common Stock,0.494,deepseek_classify_rename_vs_different_security,pending_deepseek_review,SZSE::000826,SZSE,later_global_review
low_name_similarity,P3,001914,SZSE,XSHE,China Merchants Property Operation & Service Co Ltd,"China Merchants Shekou Industrial Zone Holdings Co., Ltd.",Common Stock,0.495,deepseek_classify_rename_vs_different_security,pending_deepseek_review,SZSE::001914,SZSE,later_global_review
low_name_similarity,P3,FTREIT,SET,XBKK,Ticon Freehold and Leasehold Real Estate Investment Trust,Frasers Property Thailand Industrial Freehold & Leasehold REIT,REIT,0.496,deepseek_classify_rename_vs_different_security,pending_deepseek_review,SET::FTREIT,SET,later_global_review
low_name_similarity,P3,AAAK,ATHEX,ASEX,Wool Industry Tria Alfa S.A.,Tria Alfa Corp.,Common Stock,0.5,deepseek_classify_rename_vs_different_security,pending_deepseek_review,ATHEX::AAAK,ASE,later_global_review
low_name_similarity,P3,YBTAS,BIST,XIST,YİBİTAŞ YOZGAT İŞÇİ BİRLİĞİ İNŞAAT MALZEMELERİ TİCARET VE SANAYİ A.Ş.,Yibitas Yozgat Isci Birligi A.S.,Common Stock,0.5,deepseek_classify_rename_vs_different_security,pending_deepseek_review,BIST::YBTAS,BIST,later_global_review
low_name_similarity,P3,LOG,BME,XMAD,Cia de Distribucion Integral,"Logista Integral, S.A.",Common Stock,0.5,deepseek_classify_rename_vs_different_security,pending_deepseek_review,BME::LOG,BME,later_global_review
low_name_similarity,P3,UARG,BVB,XBSE,Argus SA,Argus SA Constanta,Common Stock,0.5,deepseek_classify_rename_vs_different_security,pending_deepseek_review,BVB::UARG,BVB,later_global_review
low_name_similarity,P3,0265,Bursa,XKLS,INFOM,Infomina Berhad,Common Stock,0.5,deepseek_classify_rename_vs_different_security,pending_deepseek_review,Bursa::0265,MYX,later_global_review
low_name_similarity,P3,7154,Bursa,XKLS,NexG Bina Berhad,Classita Holdings Berhad,Common Stock,0.5,deepseek_classify_rename_vs_different_security,pending_deepseek_review,Bursa::7154,MYX,later_global_review
low_name_similarity,P3,ARTE,Euronext,XPAR,Artea SA,Artea Bankas AB,Common Stock,0.5,deepseek_classify_rename_vs_different_security,pending_deepseek_review,Euronext::ARTE,Euronext,later_global_review
low_name_similarity,P3,IDIP,Euronext,XPAR,IDI S.C.A.,IDI,Common Stock,0.5,deepseek_classify_rename_vs_different_security,pending_deepseek_review,Euronext::IDIP,Euronext,later_global_review
low_name_similarity,P3,BBHI,IDX,XIDX,Bk Harda Internasional Tbk Pt,Allo Bank Indonesia Tbk.,Common Stock,0.5,deepseek_classify_rename_vs_different_security,pending_deepseek_review,IDX::BBHI,IDX,later_global_review
low_name_similarity,P3,NETV,IDX,XIDX,PT Net Visi Media Tbk,Mdtv Media Technologies Tbk,Common Stock,0.5,deepseek_classify_rename_vs_different_security,pending_deepseek_review,IDX::NETV,IDX,later_global_review
low_name_similarity,P3,POLI,IDX,XIDX,Pollux Investasi Internasional Tbk PT,Pollux Hotels Group Tbk.,Common Stock,0.5,deepseek_classify_rename_vs_different_security,pending_deepseek_review,IDX::POLI,IDX,later_global_review
low_name_similarity,P3,GNDP,JSE,XJSE,Grindrod Limited,Grindrod Ltd. Preferred Stock,Preferred Stock,0.5,deepseek_classify_rename_vs_different_security,pending_deepseek_review,JSE::GNDP,JSE,later_global_review
low_name_similarity,P3,018290,KOSDAQ,XKRX,VT GMP Co.Ltd,"VT Co., Ltd.",Common Stock,0.5,deepseek_classify_rename_vs_different_security,pending_deepseek_review,KOSDAQ::018290,KRX,later_global_review
low_name_similarity,P3,036030,KOSDAQ,XKRX,KT Hitel Corporation. Limited,"KT Alpha Co., Ltd.",Common Stock,0.5,deepseek_classify_rename_vs_different_security,pending_deepseek_review,KOSDAQ::036030,KRX,later_global_review
low_name_similarity,P3,041520,KOSDAQ,XKRX,e-LITECOM CO. Ltd,"Elc Co., Ltd.",Common Stock,0.5,deepseek_classify_rename_vs_different_security,pending_deepseek_review,KOSDAQ::041520,KRX,later_global_review
low_name_similarity,P3,086390,KOSDAQ,XKRX,UniTest Incorporation,Unitest Inc.,Common Stock,0.5,deepseek_classify_rename_vs_different_security,pending_deepseek_review,KOSDAQ::086390,KRX,later_global_review
low_name_similarity,P3,340450,KOSDAQ,XKRX,GCG,GC Genome Corp,Common Stock,0.5,deepseek_classify_rename_vs_different_security,pending_deepseek_review,KOSDAQ::340450,KRX,later_global_review
low_name_similarity,P3,382800,KOSDAQ,XKRX,GnBS Engineering Co. Ltd.,Gnbs Eco Co. Ltd.,Common Stock,0.5,deepseek_classify_rename_vs_different_security,pending_deepseek_review,KOSDAQ::382800,KRX,later_global_review
low_name_similarity,P3,413640,KOSDAQ,XKRX,MTX,"Bi Matrix Co., Ltd.",Common Stock,0.5,deepseek_classify_rename_vs_different_security,pending_deepseek_review,KOSDAQ::413640,KRX,later_global_review
low_name_similarity,P3,418620,KOSDAQ,XKRX,E8,E8ight Co. Ltd.,Common Stock,0.5,deepseek_classify_rename_vs_different_security,pending_deepseek_review,KOSDAQ::418620,KRX,later_global_review
low_name_similarity,P3,478390,KOSDAQ,XKRX,KB No.29 SPAC,Kb No29 Special Purpose Acquisition,Common Stock,0.5,deepseek_classify_rename_vs_different_security,pending_deepseek_review,KOSDAQ::478390,KRX,later_global_review
low_name_similarity,P3,014830,KRX,XKRX,UNID Company Ltd,"Unid Co., Ltd.",Common Stock,0.5,deepseek_classify_rename_vs_different_security,pending_deepseek_review,KRX::014830,KRX,later_global_review
low_name_similarity,P3,161890,KRX,XKRX,Korea Kolmar,"Kolmar Korea Co., Ltd.",Common Stock,0.5,deepseek_classify_rename_vs_different_security,pending_deepseek_review,KRX::161890,KRX,later_global_review
low_name_similarity,P3,432320,KRX,XKRX,KB Star REIT Co. Ltd.,KB Star Real Estate Investment Trust,REIT,0.5,deepseek_classify_rename_vs_different_security,pending_deepseek_review,KRX::432320,KRX,later_global_review
low_name_similarity,P3,MEE,NZX,XNZE,Me Today Limited Ordinary Shares,Me Today Ltd.,Common Stock,0.5,deepseek_classify_rename_vs_different_security,pending_deepseek_review,NZX::MEE,NZX,later_global_review
low_name_similarity,P3,PYS,NZX,XNZE,PaySauce Limited Ordinary Shares,Paysauce Ltd.,Common Stock,0.5,deepseek_classify_rename_vs_different_security,pending_deepseek_review,NZX::PYS,NZX,later_global_review
low_name_similarity,P3,AIX,OSL,XOSL,AYFIE INTERNATIONA,Ayfie Group AS,Common Stock,0.5,deepseek_classify_rename_vs_different_security,pending_deepseek_review,OSL::AIX,OSE,later_global_review
low_name_similarity,P3,WINDOW,SET,XBKK,WINDOW_WINDOW ASIA,Window Asia Public Company Limited,Common Stock,0.5,deepseek_classify_rename_vs_different_security,pending_deepseek_review,SET::WINDOW,SET,later_global_review
low_name_similarity,P3,F83,SGX,XSES,COSCO SHP SG,Cosco Shipping International Ltd.,Common Stock,0.5,deepseek_classify_rename_vs_different_security,pending_deepseek_review,SGX::F83,SGX,later_global_review
low_name_similarity,P3,HBBD,SGX,XSES,Alibaba HK SDR 5to1,Alibaba Group Holding Ltd.,Depositary Receipt,0.5,deepseek_classify_rename_vs_different_security,pending_deepseek_review,SGX::HBBD,SGX,later_global_review
low_name_similarity,P3,HPAD,SGX,XSES,Ping An Ins HK SDR2to1,"Ping An Insurance Group Co. of China, Ltd. Sponsored D.R.",Depositary Receipt,0.5,deepseek_classify_rename_vs_different_security,pending_deepseek_review,SGX::HPAD,SGX,later_global_review
low_name_similarity,P3,T14,SGX,XSES,TJ DaRenTang USD,Tianjin Pharmaceutical Da Ren Tang Group Corporation Limited,Common Stock,0.5,deepseek_classify_rename_vs_different_security,pending_deepseek_review,SGX::T14,SGX,later_global_review
low_name_similarity,P3,U14,SGX,XSES,UOL,UOL Group Ltd.,Common Stock,0.5,deepseek_classify_rename_vs_different_security,pending_deepseek_review,SGX::U14,SGX,later_global_review
low_name_similarity,P3,XCF,SGX,XSES,KTMG,KT&G Corporation,Common Stock,0.5,deepseek_classify_rename_vs_different_security,pending_deepseek_review,SGX::XCF,SGX,later_global_review
low_name_similarity,P3,600567,SSE,XSHG,Anhui Shanying Paper Industry Co Ltd,"Shanying International Holdings Co., Ltd.",Common Stock,0.5,deepseek_classify_rename_vs_different_security,pending_deepseek_review,SSE::600567,SSE,later_global_review
low_name_similarity,P3,600615,SSE,XSHG,Shanghai Fenghwa Group Co Ltd,"Chongqing Fanhua Group Co., Ltd.",Common Stock,0.5,deepseek_classify_rename_vs_different_security,pending_deepseek_review,SSE::600615,SSE,later_global_review
low_name_similarity,P3,601766,SSE,XSHG,CRRC Corp Ltd Class A,CRRC Corporation Limited,Common Stock,0.5,deepseek_classify_rename_vs_different_security,pending_deepseek_review,SSE::601766,SSE,later_global_review
low_name_similarity,P3,601992,SSE,XSHG,BBMG Corp Class A,Bbmg Corporation,Common Stock,0.5,deepseek_classify_rename_vs_different_security,pending_deepseek_review,SSE::601992,SSE,later_global_review
low_name_similarity,P3,IVSO,STO,XSTO,Invisio Communications AB,Invisio AB (publ),Common Stock,0.5,deepseek_classify_rename_vs_different_security,pending_deepseek_review,STO::IVSO,OMX,later_global_review
low_name_similarity,P3,SFAB,STO,XSTO,Solid FAB,Solid Försäkringsaktiebolag,Common Stock,0.5,deepseek_classify_rename_vs_different_security,pending_deepseek_review,STO::SFAB,OMX,later_global_review
low_name_similarity,P3,000026,SZSE,XSHE,Fiyta Holdings Ltd,"Fiyta Precision Technology Co., Ltd.",Common Stock,0.5,deepseek_classify_rename_vs_different_security,pending_deepseek_review,SZSE::000026,SZSE,later_global_review
low_name_similarity,P3,000800,SZSE,XSHE,Faw Car Co Ltd,"FAW Jiefang Group Co., Ltd.",Common Stock,0.5,deepseek_classify_rename_vs_different_security,pending_deepseek_review,SZSE::000800,SZSE,later_global_review
low_name_similarity,P3,002195,SZSE,XSHE,Shanghai 2345 Network Holding Group,Shanghai Stonehill Technology Co. Ltd.,Common Stock,0.5,deepseek_classify_rename_vs_different_security,pending_deepseek_review,SZSE::002195,SZSE,later_global_review
low_name_similarity,P3,002552,SZSE,XSHE,Baoding Heavy Industry Co Ltd,"Baoding Technology Co., Ltd.",Common Stock,0.5,deepseek_classify_rename_vs_different_security,pending_deepseek_review,SZSE::002552,SZSE,later_global_review
low_name_similarity,P3,002682,SZSE,XSHE,Fujian Longzhou Transportation Co Ltd,Longzhou Group Co. Ltd.,Common Stock,0.5,deepseek_classify_rename_vs_different_security,pending_deepseek_review,SZSE::002682,SZSE,later_global_review
low_name_similarity,P3,002717,SZSE,XSHE,Lingnan Landscape Co Ltd,"Lingnan Eco & Culture-Tourism Co., Ltd.",Common Stock,0.5,deepseek_classify_rename_vs_different_security,pending_deepseek_review,SZSE::002717,SZSE,later_global_review
low_name_similarity,P3,200026,SZSE,XSHE,Fiyta Holdings Ltd,Fiyta Precision Technology Co. Ltd.,Common Stock,0.5,deepseek_classify_rename_vs_different_security,pending_deepseek_review,SZSE::200026,SZSE,later_global_review
low_name_similarity,P3,300109,SZSE,XSHE,Boai NKY Pharmaceuticals Ltd,Nky Medical Holdings Ltd.,Common Stock,0.5,deepseek_classify_rename_vs_different_security,pending_deepseek_review,SZSE::300109,SZSE,later_global_review
low_name_similarity,P3,300164,SZSE,XSHE,Tong Oil Tools,Tong Petrotech Corp.,Common Stock,0.5,deepseek_classify_rename_vs_different_security,pending_deepseek_review,SZSE::300164,SZSE,later_global_review
low_name_similarity,P3,300257,SZSE,XSHE,Zhejiang Kaishan Compressor,Kaishan Group Co. Ltd.,Common Stock,0.5,deepseek_classify_rename_vs_different_security,pending_deepseek_review,SZSE::300257,SZSE,later_global_review
low_name_similarity,P3,2285,TADAWUL,XSAU,ARABIAN MILLS,Arabian Mills for Food Products Company,Common Stock,0.5,deepseek_classify_rename_vs_different_security,pending_deepseek_review,TADAWUL::2285,Tadawul,later_global_review
low_name_similarity,P3,2350,TADAWUL,XSAU,SAUDI KAYAN,Saudi Kayan Petrochemical Company,Common Stock,0.5,deepseek_classify_rename_vs_different_security,pending_deepseek_review,TADAWUL::2350,Tadawul,later_global_review
low_name_similarity,P3,4230,TADAWUL,XSAU,RED SEA,Red Sea International Co.,Common Stock,0.5,deepseek_classify_rename_vs_different_security,pending_deepseek_review,TADAWUL::4230,Tadawul,later_global_review
low_name_similarity,P3,9587,TADAWUL,XSAU,LANA,Lana Medical Co.,Common Stock,0.5,deepseek_classify_rename_vs_different_security,pending_deepseek_review,TADAWUL::9587,Tadawul,later_global_review
low_name_similarity,P3,9630,TADAWUL,XSAU,RATIO,Ratio Specialty Co.,Common Stock,0.5,deepseek_classify_rename_vs_different_security,pending_deepseek_review,TADAWUL::9630,Tadawul,later_global_review
low_name_similarity,P3,ELSPC,TASE,XTAE,Elspec,Elspec Engineering Ltd.,Common Stock,0.5,deepseek_classify_rename_vs_different_security,pending_deepseek_review,TASE::ELSPC,TASE,later_global_review
low_name_similarity,P3,FRDN,TASE,XTAE,Fridenson,Fridenson Logistic Services Ltd.,Common Stock,0.5,deepseek_classify_rename_vs_different_security,pending_deepseek_review,TASE::FRDN,TASE,later_global_review
low_name_similarity,P3,LODZ,TASE,XTAE,Lodzia,Lodzia Real Estate Ltd.,Common Stock,0.5,deepseek_classify_rename_vs_different_security,pending_deepseek_review,TASE::LODZ,TASE,later_global_review
low_name_similarity,P3,NVLG,TASE,XTAE,Novolog Pharm-Up 1966 Ltd,Novolog Ltd.,Common Stock,0.5,deepseek_classify_rename_vs_different_security,pending_deepseek_review,TASE::NVLG,TASE,later_global_review
low_name_similarity,P3,PPIL,TASE,XTAE,Plastofil -L,Plastopil Hazorea Company Ltd.,Common Stock,0.5,deepseek_classify_rename_vs_different_security,pending_deepseek_review,TASE::PPIL,TASE,later_global_review
low_name_similarity,P3,2729,TPEX,XTAI,TTFB Co Ltd,TTFB Company Limited,Common Stock,0.5,deepseek_classify_rename_vs_different_security,pending_deepseek_review,TPEX::2729,TWSE,later_global_review
low_name_similarity,P3,6781,TWSE,XTAI,"AES Holding Co., Ltd.","Advanced Energy Solution Holdings Co., Ltd.",Common Stock,0.5,deepseek_classify_rename_vs_different_security,pending_deepseek_review,TWSE::6781,TWSE,later_global_review
low_name_similarity,P3,2OY,XETRA,XETR,DOW INC.           DL-01,Dow Inc.,Common Stock,0.5,deepseek_classify_rename_vs_different_security,pending_deepseek_review,XETRA::2OY,XETR,later_global_review
low_name_similarity,P3,3V64,XETRA,XETR,Visa Inc,Visa Inc. Class A,Common Stock,0.5,deepseek_classify_rename_vs_different_security,pending_deepseek_review,XETRA::3V64,XETR,later_global_review
low_name_similarity,P3,BFSA,XETRA,XETR,BEFESA S.A. ORD. O.N.,Befesa SA,Common Stock,0.5,deepseek_classify_rename_vs_different_security,pending_deepseek_review,XETRA::BFSA,XETR,later_global_review
low_name_similarity,P3,CIE1,XETRA,XETR,"CIENA CORP. NEW    DL-,01",Ciena Corporation,Common Stock,0.5,deepseek_classify_rename_vs_different_security,pending_deepseek_review,XETRA::CIE1,XETR,later_global_review
low_name_similarity,P3,GBRA,XETRA,XETR,GEBERIT AG NA DISP. SF-10,Geberit AG,Common Stock,0.5,deepseek_classify_rename_vs_different_security,pending_deepseek_review,XETRA::GBRA,XETR,later_global_review
low_name_similarity,P3,NFN,XETRA,XETR,NFON AG  INH O.N.,NFON AG,Common Stock,0.5,deepseek_classify_rename_vs_different_security,pending_deepseek_review,XETRA::NFN,XETR,later_global_review
low_name_similarity,P3,NZM2,XETRA,XETR,NOVOZYMES AS NAM. B DK 2,Novonesis (Novozymes) B,Common Stock,0.5,deepseek_classify_rename_vs_different_security,pending_deepseek_review,XETRA::NZM2,XETR,later_global_review
low_name_similarity,P3,PP9,XETRA,XETR,"PPL CORP.          DL-,01",PPL Corporation,Common Stock,0.5,deepseek_classify_rename_vs_different_security,pending_deepseek_review,XETRA::PP9,XETR,later_global_review
low_name_similarity,P3,SIE,XETRA,XETR,SIEMENS AG  NA O.N.,Siemens Aktiengesellschaft,Common Stock,0.5,deepseek_classify_rename_vs_different_security,pending_deepseek_review,XETRA::SIE,XETR,later_global_review
low_name_similarity,P3,SRT3,XETRA,XETR,SARTORIUS AG VZO O.N.,Sartorius AG Preference Shares,Preferred Stock,0.5,deepseek_classify_rename_vs_different_security,pending_deepseek_review,XETRA::SRT3,XETR,later_global_review
low_name_similarity,P3,BNB,Euronext,XBRU,Banque nationale de Belgique Société anonyme,National Bank of Belgium,Common Stock,0.507,deepseek_classify_rename_vs_different_security,pending_deepseek_review,Euronext::BNB,Euronext,later_global_review
low_name_similarity,P3,INETREIT,SET,XBKK,INET Leasehold REIT,Inet Freehold and Leasehold Real Estate Investment Trust,REIT,0.507,deepseek_classify_rename_vs_different_security,pending_deepseek_review,SET::INETREIT,SET,later_global_review
low_name_similarity,P3,002452,SZSE,XSHE,Hunan Changgao High Voltage Switchgear Group Co Ltd,"Changgao Electric Group Co., Ltd.",Common Stock,0.507,deepseek_classify_rename_vs_different_security,pending_deepseek_review,SZSE::002452,SZSE,later_global_review
low_name_similarity,P3,RIMSEGC1,BVL,XLIM,Rimac Seguros y Reaseguros,Rimac Internacional S.A.A.,Common Stock,0.51,deepseek_classify_rename_vs_different_security,pending_deepseek_review,BVL::RIMSEGC1,BVL,later_global_review
low_name_similarity,P3,TALLINK,HEL,XHEL,AS Tallink Grupp,Tallink Grupp AS Depositary Receipt,Depositary Receipt,0.51,deepseek_classify_rename_vs_different_security,pending_deepseek_review,HEL::TALLINK,OMXH,later_global_review
low_name_similarity,P3,001260,KRX,XKRX,Nam Kwang Cons,"Namkwang Engineering & Construction Co., Ltd.",Common Stock,0.51,deepseek_classify_rename_vs_different_security,pending_deepseek_review,KRX::001260,KRX,later_global_review
low_name_similarity,P3,000782,SZSE,XSHE,Guangdong Xinhui Meida Nylon Co Ltd,"Guangdong Highsun Group Co., Ltd.",Common Stock,0.51,deepseek_classify_rename_vs_different_security,pending_deepseek_review,SZSE::000782,SZSE,later_global_review
low_name_similarity,P3,002778,SZSE,XSHE,Jiangsu Gaoke Petrochemical Co,"Jiangsu Zhongsheng Gaoke Co., Ltd.",Common Stock,0.51,deepseek_classify_rename_vs_different_security,pending_deepseek_review,SZSE::002778,SZSE,later_global_review
low_name_similarity,P3,4530,TPEX,XTAI,Honyi International Company Limited,"Honyi Precision Industry Co., Ltd.",Common Stock,0.51,deepseek_classify_rename_vs_different_security,pending_deepseek_review,TPEX::4530,TWSE,later_global_review
low_name_similarity,P3,469900,KOSDAQ,XKRX,Hana 31 SPAC,Hana 31 Special Purpose Acquisition Corp.,Common Stock,0.511,deepseek_classify_rename_vs_different_security,pending_deepseek_review,KOSDAQ::469900,KRX,later_global_review
low_name_similarity,P3,475240,KOSDAQ,XKRX,Hana 32 SPAC,Hana 32 Special Purpose Acquisition Co.,Common Stock,0.511,deepseek_classify_rename_vs_different_security,pending_deepseek_review,KOSDAQ::475240,KRX,later_global_review
low_name_similarity,P3,475250,KOSDAQ,XKRX,Hana 33 SPAC,Hana 33 Special Purpose Acquisition Corp.,Common Stock,0.511,deepseek_classify_rename_vs_different_security,pending_deepseek_review,KOSDAQ::475250,KRX,later_global_review
low_name_similarity,P3,N0Z,SGX,XSES,Combine Will,Combine Will International Holdings Limited,Common Stock,0.511,deepseek_classify_rename_vs_different_security,pending_deepseek_review,SGX::N0Z,SGX,later_global_review
low_name_similarity,P3,UIX,SGX,XSES,China EnvRes,China Environmental Resources Group Limited,Common Stock,0.511,deepseek_classify_rename_vs_different_security,pending_deepseek_review,SGX::UIX,SGX,later_global_review
low_name_similarity,P3,300081,SZSE,XSHE,Hengxin Mobile Business,"Hengxin Shambala Culture Co., Ltd.",Common Stock,0.511,deepseek_classify_rename_vs_different_security,pending_deepseek_review,SZSE::300081,SZSE,later_global_review
low_name_similarity,P3,089470,KRX,XKRX,Hyundai E P,"HDC Hyundai Engineering Plastics Co., Ltd.",Common Stock,0.512,deepseek_classify_rename_vs_different_security,pending_deepseek_review,KRX::089470,KRX,later_global_review
low_name_similarity,P3,508,SGX,XSES,Fuji Offset,Fuji Offset Plates Manufacturing Ltd.,Common Stock,0.512,deepseek_classify_rename_vs_different_security,pending_deepseek_review,SGX::508,SGX,later_global_review
low_name_similarity,P3,600310,SSE,XSHG,Guangxi Guidong Eletric Power Co Ltd,"Guangxi Energy Co., Ltd.",Common Stock,0.512,deepseek_classify_rename_vs_different_security,pending_deepseek_review,SSE::600310,SSE,later_global_review
low_name_similarity,P3,002154,SZSE,XSHE,Zhejiang Baoxiniao Garment Co Ltd,"Baoxiniao Holding Co., Ltd.",Common Stock,0.512,deepseek_classify_rename_vs_different_security,pending_deepseek_review,SZSE::002154,SZSE,later_global_review
low_name_similarity,P3,MPCK,XETRA,XETR,MPC MUENCHMEYER PETERSEN CAPITAL,MPC Capital AG,Common Stock,0.512,deepseek_classify_rename_vs_different_security,pending_deepseek_review,XETRA::MPCK,XETR,later_global_review
low_name_similarity,P3,8052,Bursa,XKLS,Central Industrial Corp,Central Global Berhad,Common Stock,0.513,deepseek_classify_rename_vs_different_security,pending_deepseek_review,Bursa::8052,MYX,later_global_review
low_name_similarity,P3,089140,KOSDAQ,XKRX,"NEXTURN&ROLLKOREA Co., Ltd","Nexturn Bioscience Co., Ltd.",Common Stock,0.513,deepseek_classify_rename_vs_different_security,pending_deepseek_review,KOSDAQ::089140,KRX,later_global_review
low_name_similarity,P3,AYAL,TASE,XTAE,Ayalon Holdings Ltd,Ayalon Insurance Company Ltd.,Common Stock,0.513,deepseek_classify_rename_vs_different_security,pending_deepseek_review,TASE::AYAL,TASE,later_global_review
low_name_similarity,P3,6130,TPEX,XTAI,Singbao International Co Ltd,"Shangya Technology Co., Ltd.",Common Stock,0.513,deepseek_classify_rename_vs_different_security,pending_deepseek_review,TPEX::6130,TWSE,later_global_review
low_name_similarity,P3,KSB3,XETRA,XETR,KSB SE+CO.KGAA VZO O.N.,KSB SE & Co. KGaA Preference,Preferred Stock,0.513,deepseek_classify_rename_vs_different_security,pending_deepseek_review,XETRA::KSB3,XETR,later_global_review
low_name_similarity,P3,4007,TADAWUL,XSAU,ALHAMMADI,Al Hammadi Holding Company,Common Stock,0.514,deepseek_classify_rename_vs_different_security,pending_deepseek_review,TADAWUL::4007,Tadawul,later_global_review
low_name_similarity,P3,6240,TPEX,XTAI,Sung Gang Asset Management Ltd,Sung Gang Corp. Limited,Common Stock,0.514,deepseek_classify_rename_vs_different_security,pending_deepseek_review,TPEX::6240,TWSE,later_global_review
low_name_similarity,P3,8107,TPEX,XTAI,Tayih Lun An Co Ltd,"Tayih Kenmos Auto Parts Co., Ltd.",Common Stock,0.514,deepseek_classify_rename_vs_different_security,pending_deepseek_review,TPEX::8107,TWSE,later_global_review
low_name_similarity,P3,LHA,XETRA,XETR,LUFTHANSA AG VNA O.N.,Deutsche Lufthansa AG,Common Stock,0.514,deepseek_classify_rename_vs_different_security,pending_deepseek_review,XETRA::LHA,XETR,later_global_review
low_name_similarity,P3,LGT,BME,XMAD,Lingotes,"Lingotes Especiales, S.A.",Common Stock,0.516,deepseek_classify_rename_vs_different_security,pending_deepseek_review,BME::LGT,BME,later_global_review
low_name_similarity,P3,VIRI,Euronext,XPAR,Viridien,Viridien Société anonyme,Common Stock,0.516,deepseek_classify_rename_vs_different_security,pending_deepseek_review,Euronext::VIRI,Euronext,later_global_review
low_name_similarity,P3,VRLA,Euronext,XPAR,Verallia,Verallia Société Anonyme,Common Stock,0.516,deepseek_classify_rename_vs_different_security,pending_deepseek_review,Euronext::VRLA,Euronext,later_global_review
low_name_similarity,P3,HYDD,SGX,XSES,BYD HK SDR 10to1,BYD Company Limited - SDR,Depositary Receipt,0.516,deepseek_classify_rename_vs_different_security,pending_deepseek_review,SGX::HYDD,SGX,later_global_review
low_name_similarity,P3,P36,SGX,XSES,Pan Hong,Pan Hong Holdings Group Ltd.,Common Stock,0.516,deepseek_classify_rename_vs_different_security,pending_deepseek_review,SGX::P36,SGX,later_global_review
low_name_similarity,P3,000603,SZSE,XSHE,Shengda Mining Co Ltd,"Shengda Resources Co., Ltd.",Common Stock,0.516,deepseek_classify_rename_vs_different_security,pending_deepseek_review,SZSE::000603,SZSE,later_global_review
low_name_similarity,P3,YRL,WSE,XWAR,yarrl S.A.,Yara International ASA,Common Stock,0.516,deepseek_classify_rename_vs_different_security,pending_deepseek_review,WSE::YRL,GPW,later_global_review
low_name_similarity,P3,PLTUR,BIST,XIST,PLATFORM TURİZM TAŞIMACILIK GIDA İNŞAAT TEMİZLİK HİZMETLERİ SANAYİ VE TİCARET A.Ş.,Platform Turizm Tasimacilik A.S.,Common Stock,0.517,deepseek_classify_rename_vs_different_security,pending_deepseek_review,BIST::PLTUR,BIST,later_global_review
low_name_similarity,P3,600048,SSE,XSHG,Poly Real Estate Group Co Ltd,"Poly Developments and Holdings Group Co., Ltd.",Common Stock,0.517,deepseek_classify_rename_vs_different_security,pending_deepseek_review,SSE::600048,SSE,later_global_review
low_name_similarity,P3,601366,SSE,XSHG,Qingdao Liqun Department Store Group Co Ltd,Liqun Commercial Group Co. Ltd.,Common Stock,0.517,deepseek_classify_rename_vs_different_security,pending_deepseek_review,SSE::601366,SSE,later_global_review
low_name_similarity,P3,000544,SZSE,XSHE,Central Plains Environment Protection Co Ltd,"Zhongyuan Environment Co., Ltd.",Common Stock,0.517,deepseek_classify_rename_vs_different_security,pending_deepseek_review,SZSE::000544,SZSE,later_global_review
low_name_similarity,P3,ASTAK,ATHEX,ASEX,Alpha Astika Akinita S.A,Alpha Real Estate Services S.A.,Common Stock,0.519,deepseek_classify_rename_vs_different_security,pending_deepseek_review,ATHEX::ASTAK,ASE,later_global_review
low_name_similarity,P3,0093,Bursa,XKLS,Solution Engineering Holdings Bhd,Solution Group Berhad,Common Stock,0.519,deepseek_classify_rename_vs_different_security,pending_deepseek_review,Bursa::0093,MYX,later_global_review
low_name_similarity,P3,0307,Bursa,XKLS,KENERGY,Kawan Renergy Berhad,Common Stock,0.519,deepseek_classify_rename_vs_different_security,pending_deepseek_review,Bursa::0307,MYX,later_global_review
low_name_similarity,P3,044990,KOSDAQ,XKRX,H&amp;S,H&S Hightech Corp.,Common Stock,0.519,deepseek_classify_rename_vs_different_security,pending_deepseek_review,KOSDAQ::044990,KRX,later_global_review
low_name_similarity,P3,144510,KOSDAQ,XKRX,Green Cross Lab Cell Corporation,Gc Cell Corp.,Common Stock,0.519,deepseek_classify_rename_vs_different_security,pending_deepseek_review,KOSDAQ::144510,KRX,later_global_review
low_name_similarity,P3,SENX,SET,XBKK,Sena J Property PCL,SenX PCL,Common Stock,0.519,deepseek_classify_rename_vs_different_security,pending_deepseek_review,SET::SENX,SET,later_global_review
low_name_similarity,P3,HZGD,SGX,XSES,Zijin Gld HK SDR 10to1,Zijin Gold International Co. Ltd. (SGX SDR),Depositary Receipt,0.519,deepseek_classify_rename_vs_different_security,pending_deepseek_review,SGX::HZGD,SGX,later_global_review
low_name_similarity,P3,MSLA,TASE,XTAE,Maslavi,Maslavi Construction Co. Ltd.,Common Stock,0.519,deepseek_classify_rename_vs_different_security,pending_deepseek_review,TASE::MSLA,TASE,later_global_review
low_name_similarity,P3,01001T,TWSE,XTAI,Fubon No.1 Real Estate Investment Trust,Fubon No. 1 REIT,REIT,0.519,deepseek_classify_rename_vs_different_security,pending_deepseek_review,TWSE::01001T,TWSE,later_global_review
low_name_similarity,P3,01004T,TWSE,XTAI,Fubon No.2 Real Estate Investment Trust,Fubon No. 2 REIT,REIT,0.519,deepseek_classify_rename_vs_different_security,pending_deepseek_review,TWSE::01004T,TWSE,later_global_review
low_name_similarity,P3,LRC,XETRA,XETR,LEGRAND S.A.    INH. EO 4,Legrand SA,Common Stock,0.519,deepseek_classify_rename_vs_different_security,pending_deepseek_review,XETRA::LRC,XETR,later_global_review
low_name_similarity,P3,GRTHO,BIST,XIST,GRAINTURK HOLDİNG A.Ş.,Grainturk Tarim Anonim Sirketi,Common Stock,0.52,deepseek_classify_rename_vs_different_security,pending_deepseek_review,BIST::GRTHO,BIST,later_global_review
low_name_similarity,P3,BWCU,SGX,XSES,EC World Reit,EC World Real Estate Investment Trust,REIT,0.52,deepseek_classify_rename_vs_different_security,pending_deepseek_review,SGX::BWCU,SGX,later_global_review
low_name_similarity,P3,600358,SSE,XSHG,China United Travel Co Ltd,"China Tourism and Culture Group Co., Ltd.",Common Stock,0.52,deepseek_classify_rename_vs_different_security,pending_deepseek_review,SSE::600358,SSE,later_global_review
low_name_similarity,P3,603032,SSE,XSHG,Delixi Xinjiang Transp Co Ltd,"Delixi New Energy Technology Co., Ltd.",Common Stock,0.52,deepseek_classify_rename_vs_different_security,pending_deepseek_review,SSE::603032,SSE,later_global_review
low_name_similarity,P3,SIVE,STO,XSTO,Sivers IMA Holding AB,Sivers Semiconductors AB (publ),Common Stock,0.52,deepseek_classify_rename_vs_different_security,pending_deepseek_review,STO::SIVE,OMX,later_global_review
low_name_similarity,P3,002419,SZSE,XSHE,Rainbow Department Store Co Ltd,"Rainbow Digital Commercial Co., Ltd.",Common Stock,0.52,deepseek_classify_rename_vs_different_security,pending_deepseek_review,SZSE::002419,SZSE,later_global_review
low_name_similarity,P3,ELSTR,ATHEX,ASEX,Elastron S.A. - Steel Service Centers,Elastron S.A.,Common Stock,0.522,deepseek_classify_rename_vs_different_security,pending_deepseek_review,ATHEX::ELSTR,ASE,later_global_review
low_name_similarity,P3,03060,Bursa,XKLS,Hydropipes Industries Sdn. Bhd.,Hydropipes Berhad,Common Stock,0.522,deepseek_classify_rename_vs_different_security,pending_deepseek_review,Bursa::03060,MYX,later_global_review
low_name_similarity,P3,GLINT,Euronext,XLIS,Glintt,"Glintt Global, S.A.",Common Stock,0.522,deepseek_classify_rename_vs_different_security,pending_deepseek_review,Euronext::GLINT,Euronext,later_global_review
low_name_similarity,P3,122350,KOSDAQ,XKRX,Samkee Automotive Co. Ltd,Samkee Corp,Common Stock,0.522,deepseek_classify_rename_vs_different_security,pending_deepseek_review,KOSDAQ::122350,KRX,later_global_review
low_name_similarity,P3,224110,KOSDAQ,XKRX,Atec T& Co. Ltd,"Atec Mobility Co., Ltd.",Common Stock,0.522,deepseek_classify_rename_vs_different_security,pending_deepseek_review,KOSDAQ::224110,KRX,later_global_review
low_name_similarity,P3,039490,KRX,XKRX,Kiwoom,"Kiwoom Securities Co., Ltd.",Common Stock,0.522,deepseek_classify_rename_vs_different_security,pending_deepseek_review,KRX::039490,KRX,later_global_review
low_name_similarity,P3,091810,KRX,XKRX,"Trinity Airways Co., Ltd.","Tway Air Co., Ltd.",Common Stock,0.522,deepseek_classify_rename_vs_different_security,pending_deepseek_review,KRX::091810,KRX,later_global_review
low_name_similarity,P3,5RA,SGX,XSES,AP Strategic,Asia-Pacific Strategic Investments Limited,Common Stock,0.522,deepseek_classify_rename_vs_different_security,pending_deepseek_review,SGX::5RA,SGX,later_global_review
low_name_similarity,P3,600338,SSE,XSHG,Tibet Summit Resources Co Ltd,"Xizang Zhufeng Resources Co., Ltd.",Common Stock,0.522,deepseek_classify_rename_vs_different_security,pending_deepseek_review,SSE::600338,SSE,later_global_review
low_name_similarity,P3,002293,SZSE,XSHE,Luolai Home Textile Co Ltd,"Luolai Lifestyle Technology Co., Ltd.",Common Stock,0.522,deepseek_classify_rename_vs_different_security,pending_deepseek_review,SZSE::002293,SZSE,later_global_review
low_name_similarity,P3,2190,TADAWUL,XSAU,SISCO HOLDING,"Sustained Infrastructure Holdings, Inc.",Common Stock,0.522,deepseek_classify_rename_vs_different_security,pending_deepseek_review,TADAWUL::2190,Tadawul,later_global_review
low_name_similarity,P3,9585,TADAWUL,XSAU,MULKIA,Mulkia Investment Co.,Common Stock,0.522,deepseek_classify_rename_vs_different_security,pending_deepseek_review,TADAWUL::9585,Tadawul,later_global_review
low_name_similarity,P3,4111,TPEX,XTAI,Chi Sheng Chemical,"Chi Sheng Pharma & Biotech Co., Ltd.",Common Stock,0.522,deepseek_classify_rename_vs_different_security,pending_deepseek_review,TPEX::4111,TWSE,later_global_review
low_name_similarity,P3,F51,WSE,XWAR,Farm51,Farm 51 Group S.A.,Common Stock,0.522,deepseek_classify_rename_vs_different_security,pending_deepseek_review,WSE::F51,GPW,later_global_review
low_name_similarity,P3,E20,XETRA,XETR,"ECHOSTAR CORP. A DL -,001",EchoStar Corporation Class A Common Stock,Common Stock,0.522,deepseek_classify_rename_vs_different_security,pending_deepseek_review,XETRA::E20,XETR,later_global_review
low_name_similarity,P3,301305,SZSE,XSHE,Shenzhen LeoKing Environmental Group Co. Ltd. A,"Shenzhen Lions King Hi-Tech Co., Ltd.",Common Stock,0.523,deepseek_classify_rename_vs_different_security,pending_deepseek_review,SZSE::301305,SZSE,later_global_review
low_name_similarity,P3,603859,SSE,XSHG,Nancal Energy-Saving Tech Co,"Nancal Technology Co., Ltd.",Common Stock,0.524,deepseek_classify_rename_vs_different_security,pending_deepseek_review,SSE::603859,SSE,later_global_review
low_name_similarity,P3,SAMI,BCBA,XBUE,San Miguel AG,S.A. San Miguel A.G.I.C.I. y F.,Common Stock,0.526,deepseek_classify_rename_vs_different_security,pending_deepseek_review,BCBA::SAMI,BCBA,later_global_review
low_name_similarity,P3,RYSAS,BIST,XIST,REYSAŞ TAŞIMACILIK VE LOJİSTİK TİCARET A.Ş.,Reysaş Ticaret A.Ş.,Common Stock,0.526,deepseek_classify_rename_vs_different_security,pending_deepseek_review,BIST::RYSAS,BIST,later_global_review
low_name_similarity,P3,KREN,IDX,XIDX,Kresna Graha Investama Tbk PT,Quantum Clover Investama Tbk.,Common Stock,0.526,deepseek_classify_rename_vs_different_security,pending_deepseek_review,IDX::KREN,IDX,later_global_review
low_name_similarity,P3,067920,KOSDAQ,XKRX,IGLOO SECURITY Inc,Igloo Corp.,Common Stock,0.526,deepseek_classify_rename_vs_different_security,pending_deepseek_review,KOSDAQ::067920,KRX,later_global_review
low_name_similarity,P3,090470,KOSDAQ,XKRX,JAS Robotics Inc.,Jastech Ltd.,Common Stock,0.526,deepseek_classify_rename_vs_different_security,pending_deepseek_review,KOSDAQ::090470,KRX,later_global_review
low_name_similarity,P3,381620,KOSDAQ,XKRX,"Zenix Robotics Co.,Ltd","Zenix Co., Ltd.",Common Stock,0.526,deepseek_classify_rename_vs_different_security,pending_deepseek_review,KOSDAQ::381620,KRX,later_global_review
low_name_similarity,P3,455900,KOSDAQ,XKRX,ANGEL,Angel Robotics Co. Ltd.,Common Stock,0.526,deepseek_classify_rename_vs_different_security,pending_deepseek_review,KOSDAQ::455900,KRX,later_global_review
low_name_similarity,P3,5DO,SGX,XSES,Sakae,Sakae Holdings Ltd.,Common Stock,0.526,deepseek_classify_rename_vs_different_security,pending_deepseek_review,SGX::5DO,SGX,later_global_review
low_name_similarity,P3,5UX,SGX,XSES,Oxley,Oxley Holdings Ltd.,Common Stock,0.526,deepseek_classify_rename_vs_different_security,pending_deepseek_review,SGX::5UX,SGX,later_global_review
low_name_similarity,P3,BEH,SGX,XSES,China Intl,China International Holdings Ltd.,Common Stock,0.526,deepseek_classify_rename_vs_different_security,pending_deepseek_review,SGX::BEH,SGX,later_global_review
low_name_similarity,P3,E9L,SGX,XSES,Joyas Intl,Joyas International Holdings Ltd.,Common Stock,0.526,deepseek_classify_rename_vs_different_security,pending_deepseek_review,SGX::E9L,SGX,later_global_review
low_name_similarity,P3,M01,SGX,XSES,Metro,Metro Holdings Ltd.,Common Stock,0.526,deepseek_classify_rename_vs_different_security,pending_deepseek_review,SGX::M01,SGX,later_global_review
low_name_similarity,P3,XWA,SGX,XSES,AEM USD,AEM Holdings Ltd.,Common Stock,0.526,deepseek_classify_rename_vs_different_security,pending_deepseek_review,SGX::XWA,SGX,later_global_review
low_name_similarity,P3,603122,SSE,XSHG,Cowealth Medical China Co.Ltd.,"Cowin Healthcare Co., Ltd.",Common Stock,0.526,deepseek_classify_rename_vs_different_security,pending_deepseek_review,SSE::603122,SSE,later_global_review
low_name_similarity,P3,000007,SZSE,XSHE,ShenZhen Zero-Seven Co Ltd,"Shenzhen Quanxinhao Co., Ltd.",Common Stock,0.526,deepseek_classify_rename_vs_different_security,pending_deepseek_review,SZSE::000007,SZSE,later_global_review
low_name_similarity,P3,002568,SZSE,XSHE,Shanghai Bairun Flavor & Fragrance Co Ltd,"Shanghai Bairun Investment Holding Group Co., Ltd.",Common Stock,0.526,deepseek_classify_rename_vs_different_security,pending_deepseek_review,SZSE::002568,SZSE,later_global_review
low_name_similarity,P3,300286,SZSE,XSHE,Acrel Co LTD,"Shanghai Acrel Co., Ltd.",Common Stock,0.526,deepseek_classify_rename_vs_different_security,pending_deepseek_review,SZSE::300286,SZSE,later_global_review
low_name_similarity,P3,300349,SZSE,XSHE,Goldcard High-Tech Co Ltd,"Goldcard Smart Group Co., Ltd.",Common Stock,0.526,deepseek_classify_rename_vs_different_security,pending_deepseek_review,SZSE::300349,SZSE,later_global_review
low_name_similarity,P3,300034,SZSE,XSHE,Beijing Cisri Gaona Materials Tech,Gaona Aero Material Co. Ltd.,Common Stock,0.528,deepseek_classify_rename_vs_different_security,pending_deepseek_review,SZSE::300034,SZSE,later_global_review
low_name_similarity,P3,IC1H,XETRA,XETR,"INTERCONT.H.LS-,208521303",InterContinental Hotels Group PLC,Common Stock,0.528,deepseek_classify_rename_vs_different_security,pending_deepseek_review,XETRA::IC1H,XETR,later_global_review
low_name_similarity,P3,BAMNB,AMS,XAMS,BAM GROEP KON,Koninklijke BAM Groep NV,Common Stock,0.529,deepseek_classify_rename_vs_different_security,pending_deepseek_review,AMS::BAMNB,Euronext,later_global_review
low_name_similarity,P3,PHIA,AMS,XAMS,PHILIPS KON,Koninklijke Philips N.V.,Common Stock,0.529,deepseek_classify_rename_vs_different_security,pending_deepseek_review,AMS::PHIA,Euronext,later_global_review
low_name_similarity,P3,001230,KRX,XKRX,Dongkuk Steel Mill Co Ltd,"Dongkuk Holdings Co., Ltd.",Common Stock,0.529,deepseek_classify_rename_vs_different_security,pending_deepseek_review,KRX::001230,KRX,later_global_review
low_name_similarity,P3,KNFRT,BIST,XIST,KONFRUT TARIM A.Ş.,Konfrut Gida Sanayi ve Ticaret A.S.,Common Stock,0.531,deepseek_classify_rename_vs_different_security,pending_deepseek_review,BIST::KNFRT,BIST,later_global_review
low_name_similarity,P3,464680,KOSDAQ,XKRX,KB No.27 SPAC,KB No.27 Special Purpose Acquisition Co Ltd,Common Stock,0.531,deepseek_classify_rename_vs_different_security,pending_deepseek_review,KOSDAQ::464680,KRX,later_global_review
low_name_similarity,P3,489210,KOSDAQ,XKRX,Kyobo 17 SPAC,"Kyobo 17 Special Purpose Acquisition Co., Ltd.",Common Stock,0.531,deepseek_classify_rename_vs_different_security,pending_deepseek_review,KOSDAQ::489210,KRX,later_global_review
low_name_similarity,P3,492220,KOSDAQ,XKRX,KB No.31 SPAC,Kb No.31 Special Purpose Acquisition Co.,Common Stock,0.531,deepseek_classify_rename_vs_different_security,pending_deepseek_review,KOSDAQ::492220,KRX,later_global_review
low_name_similarity,P3,TKKD,SGX,XSES,Kasikorn BK TH SDR1to1,Kasikornbank Public Company Limited,Depositary Receipt,0.531,deepseek_classify_rename_vs_different_security,pending_deepseek_review,SGX::TKKD,SGX,later_global_review
low_name_similarity,P3,000752,SZSE,XSHE,Tibet Galaxy Science & Technology Development Co Ltd,"Tibet Development Co., Ltd.",Common Stock,0.531,deepseek_classify_rename_vs_different_security,pending_deepseek_review,SZSE::000752,SZSE,later_global_review
low_name_similarity,P3,002175,SZSE,XSHE,Oriental Times Media Corp,"Guangxi Oriental Intelligence Co., Ltd.",Common Stock,0.531,deepseek_classify_rename_vs_different_security,pending_deepseek_review,SZSE::002175,SZSE,later_global_review
low_name_similarity,P3,002973,SZSE,XSHE,Qiaoyin Environmental Tech Co Ltd,"Qiaoyin City Management Co., Ltd.",Common Stock,0.531,deepseek_classify_rename_vs_different_security,pending_deepseek_review,SZSE::002973,SZSE,later_global_review
low_name_similarity,P3,ALPHA,ATHEX,ASEX,Alpha Services and Holdings S.A.,Alpha Bank S.A.,Common Stock,0.533,deepseek_classify_rename_vs_different_security,pending_deepseek_review,ATHEX::ALPHA,ASE,later_global_review
low_name_similarity,P3,BCSN,BMV,XMEX,Barclays PLC,Barclays PLC Sponsored ADR,American Depositary Receipt,0.533,deepseek_classify_rename_vs_different_security,pending_deepseek_review,BMV::BCSN,BMV,later_global_review
low_name_similarity,P3,NVSN,BMV,XMEX,Novartis AG,Novartis AG Sponsored ADR,American Depositary Receipt,0.533,deepseek_classify_rename_vs_different_security,pending_deepseek_review,BMV::NVSN,BMV,later_global_review
low_name_similarity,P3,TRVM,BVB,XBSE,Transcom SA,Transcom Bucuresti S.A.,Common Stock,0.533,deepseek_classify_rename_vs_different_security,pending_deepseek_review,BVB::TRVM,BVB,later_global_review
low_name_similarity,P3,GEA,Euronext,XPAR,GEA Grenobl. Elect.,GEA Group Aktiengesellschaft,Common Stock,0.533,deepseek_classify_rename_vs_different_security,pending_deepseek_review,Euronext::GEA,Euronext,later_global_review
low_name_similarity,P3,MCC,Euronext,XBRU,Immo Mcc NV,Immobel NV,REIT,0.533,deepseek_classify_rename_vs_different_security,pending_deepseek_review,Euronext::MCC,Euronext,later_global_review
low_name_similarity,P3,038530,KOSDAQ,XKRX,KBIO LABS Inc.,"KbioCo, Inc.",Common Stock,0.533,deepseek_classify_rename_vs_different_security,pending_deepseek_review,KOSDAQ::038530,KRX,later_global_review
low_name_similarity,P3,296640,KOSDAQ,XKRX,"INNOAX Co., Ltd.","Innorules Co., Ltd.",Common Stock,0.533,deepseek_classify_rename_vs_different_security,pending_deepseek_review,KOSDAQ::296640,KRX,later_global_review
low_name_similarity,P3,5DM,SGX,XSES,Ying Li Intl,Ying Li International Real Estate Limited,Common Stock,0.533,deepseek_classify_rename_vs_different_security,pending_deepseek_review,SGX::5DM,SGX,later_global_review
low_name_similarity,P3,BDR,SGX,XSES,Willas-Array,Willas-Array Electronics Holdings Limited,Common Stock,0.533,deepseek_classify_rename_vs_different_security,pending_deepseek_review,SGX::BDR,SGX,later_global_review
low_name_similarity,P3,P40U,SGX,XSES,StarhillGbl Reit,Starhill Global Real Estate Investment Trust,REIT,0.533,deepseek_classify_rename_vs_different_security,pending_deepseek_review,SGX::P40U,SGX,later_global_review
low_name_similarity,P3,688543,SSE,XSHG,Jiangxi Guoke Defence Group Co. Ltd. A,"Jiangxi Guoke Military Industry Co., Ltd.",Common Stock,0.533,deepseek_classify_rename_vs_different_security,pending_deepseek_review,SSE::688543,SSE,later_global_review
low_name_similarity,P3,300466,SZSE,XSHE,Saimo Electric Co Ltd,"Saimo Technology Co., Ltd.",Common Stock,0.533,deepseek_classify_rename_vs_different_security,pending_deepseek_review,SZSE::300466,SZSE,later_global_review
low_name_similarity,P3,PRKM,TASE,XTAE,Parkomat International Ltd,Parkomat Ltd.,Common Stock,0.533,deepseek_classify_rename_vs_different_security,pending_deepseek_review,TASE::PRKM,TASE,later_global_review
low_name_similarity,P3,2740,TPEX,XTAI,Mr. Onion,"Mr. Onion International Co., Ltd.",Common Stock,0.533,deepseek_classify_rename_vs_different_security,pending_deepseek_review,TPEX::2740,TWSE,later_global_review
low_name_similarity,P3,3E2,XETRA,XETR,"ETSY INC.         DL-,001",Etsy Inc.,Common Stock,0.533,deepseek_classify_rename_vs_different_security,pending_deepseek_review,XETRA::3E2,XETR,later_global_review
low_name_similarity,P3,4MGN,XETRA,XETR,"MATCH GR.INC. NEW DL-,001","Match Group, Inc.",Common Stock,0.533,deepseek_classify_rename_vs_different_security,pending_deepseek_review,XETRA::4MGN,XETR,later_global_review
low_name_similarity,P3,BAS,XETRA,XETR,BASF SE NA O.N.,BASF SE,Common Stock,0.533,deepseek_classify_rename_vs_different_security,pending_deepseek_review,XETRA::BAS,XETR,later_global_review
low_name_similarity,P3,EOAN,XETRA,XETR,E.ON SE NA O.N.,E.ON SE,Common Stock,0.533,deepseek_classify_rename_vs_different_security,pending_deepseek_review,XETRA::EOAN,XETR,later_global_review
low_name_similarity,P3,J5A,XETRA,XETR,"WB DISCOVERY SER.A DL-,01","Warner Bros. Discovery, Inc.",Common Stock,0.533,deepseek_classify_rename_vs_different_security,pending_deepseek_review,XETRA::J5A,XETR,later_global_review
low_name_similarity,P3,SIX2,XETRA,XETR,SIXT SE ST O.N.,Sixt SE,Common Stock,0.533,deepseek_classify_rename_vs_different_security,pending_deepseek_review,XETRA::SIX2,XETR,later_global_review
low_name_similarity,P3,600650,SSE,XSHG,Shanghai Jin Jiang International Industrial Investment Co Ltd A,"Shanghai Jin Jiang Online Network Service Co., Ltd.",Common Stock,0.536,deepseek_classify_rename_vs_different_security,pending_deepseek_review,SSE::600650,SSE,later_global_review
low_name_similarity,P3,MEL,BME,XMAD,Melia Hotels,"Meliá Hotels International, S.A.",Common Stock,0.537,deepseek_classify_rename_vs_different_security,pending_deepseek_review,BME::MEL,BME,later_global_review
low_name_similarity,P3,ALMDG,Euronext,XPAR,MGI Digital,MGI Digital Graphic Technology SA,Common Stock,0.537,deepseek_classify_rename_vs_different_security,pending_deepseek_review,Euronext::ALMDG,Euronext,later_global_review
low_name_similarity,P3,FORE,IDX,XIDX,Fore Coffee Tbk,Fore Kopi Indonesia Tbk PT,Common Stock,0.537,deepseek_classify_rename_vs_different_security,pending_deepseek_review,IDX::FORE,IDX,later_global_review
low_name_similarity,P3,600060,SSE,XSHG,Hisense Electric Co Ltd,Hisense Visual Technology Co. Ltd.,Common Stock,0.537,deepseek_classify_rename_vs_different_security,pending_deepseek_review,SSE::600060,SSE,later_global_review
low_name_similarity,P3,ELRN,TASE,XTAE,Elron Electronic Industries Ltd,Elron Ventures Ltd.,Common Stock,0.537,deepseek_classify_rename_vs_different_security,pending_deepseek_review,TASE::ELRN,TASE,later_global_review
low_name_similarity,P3,BDT,XETRA,XETR,BERTRANDT AG O.N.,Bertrandt Aktiengesellschaft,Common Stock,0.537,deepseek_classify_rename_vs_different_security,pending_deepseek_review,XETRA::BDT,XETR,later_global_review
low_name_similarity,P3,ENVI,AMS,XAMS,ENVIPCO,Envipco Holding N.V.,Common Stock,0.538,deepseek_classify_rename_vs_different_security,pending_deepseek_review,AMS::ENVI,Euronext,later_global_review
low_name_similarity,P3,INVES,BIST,XIST,INVESTCO HOLDİNG A.Ş.,Invesco Ltd.,Common Stock,0.538,deepseek_classify_rename_vs_different_security,pending_deepseek_review,BIST::INVES,BIST,later_global_review
low_name_similarity,P3,KRONT,BIST,XIST,KRON TEKNOLOJİ A.Ş.,Kron Telekomunikasyon Hizmetleri A.S.,Common Stock,0.538,deepseek_classify_rename_vs_different_security,pending_deepseek_review,BIST::KRONT,BIST,later_global_review
low_name_similarity,P3,222980,KOSDAQ,XKRX,Korea Mcnulty Co Ltd,"Mcnulty Korea Co., Ltd.",Common Stock,0.538,deepseek_classify_rename_vs_different_security,pending_deepseek_review,KOSDAQ::222980,KRX,later_global_review
low_name_similarity,P3,003300,KRX,XKRX,Hanil Cement Co Ltd,"Hanil Holdings Co., Ltd.",Common Stock,0.538,deepseek_classify_rename_vs_different_security,pending_deepseek_review,KRX::003300,KRX,later_global_review
low_name_similarity,P3,348950,KRX,XKRX,Jr Global Reit,Jr Global Real Estate Investment Trust,REIT,0.538,deepseek_classify_rename_vs_different_security,pending_deepseek_review,KRX::348950,KRX,later_global_review
low_name_similarity,P3,HMTD,SGX,XSES,Meituan HK SDR 5to1,Meituan,Depositary Receipt,0.538,deepseek_classify_rename_vs_different_security,pending_deepseek_review,SGX::HMTD,SGX,later_global_review
low_name_similarity,P3,J03,SGX,XSES,Jadason,Jadason Enterprises Ltd.,Common Stock,0.538,deepseek_classify_rename_vs_different_security,pending_deepseek_review,SGX::J03,SGX,later_global_review
low_name_similarity,P3,NC2,SGX,XSES,Sri Trang Agro,Sri Trang Agro-Industry Public Company Limited,Common Stock,0.538,deepseek_classify_rename_vs_different_security,pending_deepseek_review,SGX::NC2,SGX,later_global_review
low_name_similarity,P3,MBR,WSE,XWAR,Mo-Bruk SA,Mo-Bruk J Mokrzycki Ltd.,Common Stock,0.538,deepseek_classify_rename_vs_different_security,pending_deepseek_review,WSE::MBR,GPW,later_global_review
low_name_similarity,P3,CREAL,BMV,XMEX,Crédito Real S.A.B. de C.V. Sociedad Financiera de Objeto Múltiple Entidad No Regulada,Crédito Real S.A.B. de C.V. SOFOM,Common Stock,0.539,deepseek_classify_rename_vs_different_security,pending_deepseek_review,BMV::CREAL,BMV,later_global_review
low_name_similarity,P3,MLFMV,Euronext,XLIS,"Farminveste, S.G.P.S., S.A.","Farminveste - Investimentos, Participações e Gestão, S.A.",Common Stock,0.541,deepseek_classify_rename_vs_different_security,pending_deepseek_review,Euronext::MLFMV,Euronext,later_global_review
low_name_similarity,P3,BHIT,IDX,XIDX,Mnc Investama Tbk,MNC Asia Holding Tbk.,Common Stock,0.541,deepseek_classify_rename_vs_different_security,pending_deepseek_review,IDX::BHIT,IDX,later_global_review
low_name_similarity,P3,FASTAT,STO,XSTO,Fastator AB,Aktiebolaget Fastator (publ),Common Stock,0.541,deepseek_classify_rename_vs_different_security,pending_deepseek_review,STO::FASTAT,OMX,later_global_review
low_name_similarity,P3,SFCA,Euronext,XPAR,Soc Franc Casinos,Société Française de Casinos Société Anonyme,Common Stock,0.542,deepseek_classify_rename_vs_different_security,pending_deepseek_review,Euronext::SFCA,Euronext,later_global_review
low_name_similarity,P3,088980,KRX,XKRX,Macq Kor Infr,Macquarie Korea Infrastructure Fund,Common Stock,0.542,deepseek_classify_rename_vs_different_security,pending_deepseek_review,KRX::088980,KRX,later_global_review
low_name_similarity,P3,1C0,SGX,XSES,ETC Singapore,Emerging Towns & Cities Singapore Ltd.,Common Stock,0.542,deepseek_classify_rename_vs_different_security,pending_deepseek_review,SGX::1C0,SGX,later_global_review
low_name_similarity,P3,BOTX,STO,XSTO,Botnia Gold AB (publ),Botnia Exploration Holding AB,Common Stock,0.542,deepseek_classify_rename_vs_different_security,pending_deepseek_review,STO::BOTX,OMX,later_global_review
low_name_similarity,P3,300072,SZSE,XSHE,Beijing Sanju Environmental,"Beijing Haixin Energy Technology Co., Ltd.",Common Stock,0.542,deepseek_classify_rename_vs_different_security,pending_deepseek_review,SZSE::300072,SZSE,later_global_review
low_name_similarity,P3,RMON,TASE,XTAE,Rimon Consulting & Management Services Ltd,Og Rimon Consulting Ltd.,Common Stock,0.542,deepseek_classify_rename_vs_different_security,pending_deepseek_review,TASE::RMON,TASE,later_global_review
low_name_similarity,P3,TCKRC,BIST,XIST,KIRAÇ GALVANİZ TELEKOMİNİKASYON METAL MAKİNE İNŞAAT ELEKTRİK SANAYİ VE TİCARET A.Ş.,Kirac Galvaniz Telekomunikasyon A.S.,Common Stock,0.545,deepseek_classify_rename_vs_different_security,pending_deepseek_review,BIST::TCKRC,BIST,later_global_review
low_name_similarity,P3,CCOM,BVB,XBSE,Cerealcom SA,Cerealcom S.A. Alexandria,Common Stock,0.545,deepseek_classify_rename_vs_different_security,pending_deepseek_review,BVB::CCOM,BVB,later_global_review
low_name_similarity,P3,9687,Bursa,XKLS,Ideal United Bintang Bhd,Ideal Capital Berhad,Common Stock,0.545,deepseek_classify_rename_vs_different_security,pending_deepseek_review,Bursa::9687,MYX,later_global_review
low_name_similarity,P3,GPL,JSE,XJSE,Granprade,Grand Parade Investments Ltd.,Common Stock,0.545,deepseek_classify_rename_vs_different_security,pending_deepseek_review,JSE::GPL,JSE,later_global_review
low_name_similarity,P3,MRF,JSE,XJSE,Merafe,Merafe Resources Ltd.,Common Stock,0.545,deepseek_classify_rename_vs_different_security,pending_deepseek_review,JSE::MRF,JSE,later_global_review
low_name_similarity,P3,068100,KOSDAQ,XKRX,KWR,"Kweather Co., Ltd.",Common Stock,0.545,deepseek_classify_rename_vs_different_security,pending_deepseek_review,KOSDAQ::068100,KRX,later_global_review
low_name_similarity,P3,078020,KOSDAQ,XKRX,EBEST Investment & Securities Co. Ltd,"Ls Securities Co., Ltd.",Common Stock,0.545,deepseek_classify_rename_vs_different_security,pending_deepseek_review,KOSDAQ::078020,KRX,later_global_review
low_name_similarity,P3,001380,KRX,XKRX,SG Choongbang Co Ltd,"SG Global Co., Ltd.",Common Stock,0.545,deepseek_classify_rename_vs_different_security,pending_deepseek_review,KRX::001380,KRX,later_global_review
low_name_similarity,P3,8YZ,SGX,XSES,YZJ Maritime,Yangzijiang Maritime Development Ltd.,Common Stock,0.545,deepseek_classify_rename_vs_different_security,pending_deepseek_review,SGX::8YZ,SGX,later_global_review
low_name_similarity,P3,HCMD,SGX,XSES,CN Mobile HK SDR 5to1,China Mobile Limited,Depositary Receipt,0.545,deepseek_classify_rename_vs_different_security,pending_deepseek_review,SGX::HCMD,SGX,later_global_review
low_name_similarity,P3,Q0X,SGX,XSES,Ley Choon,Ley Choon Group Holdings Ltd.,Common Stock,0.545,deepseek_classify_rename_vs_different_security,pending_deepseek_review,SGX::Q0X,SGX,later_global_review
low_name_similarity,P3,600223,SSE,XSHG,Lushang Property Co Ltd,Lushang Freda Pharmaceutical Co. Ltd.,Common Stock,0.545,deepseek_classify_rename_vs_different_security,pending_deepseek_review,SSE::600223,SSE,later_global_review
low_name_similarity,P3,600571,SSE,XSHG,Sunyard System Engineering Co Ltd,"Sunyard Technology Co., Ltd.",Common Stock,0.545,deepseek_classify_rename_vs_different_security,pending_deepseek_review,SSE::600571,SSE,later_global_review
low_name_similarity,P3,603611,SSE,XSHG,Zhejiang Noblelift Equip,"Noblelift Intelligent Equipment Co., Ltd.",Common Stock,0.545,deepseek_classify_rename_vs_different_security,pending_deepseek_review,SSE::603611,SSE,later_global_review
low_name_similarity,P3,603887,SSE,XSHG,Shanghai Chengdi Constr Co,"Shanghai Cdxj Digital Technology Co., Ltd.",Common Stock,0.545,deepseek_classify_rename_vs_different_security,pending_deepseek_review,SSE::603887,SSE,later_global_review
low_name_similarity,P3,688083,SSE,XSHG,ZWSOFT Guangzhou Co Ltd,Zwsoft Co. Ltd.,Common Stock,0.545,deepseek_classify_rename_vs_different_security,pending_deepseek_review,SSE::688083,SSE,later_global_review
low_name_similarity,P3,688136,SSE,XSHG,Shandong Kexing Bioproducts Co. Ltd. A,"Kexing Biopharm Co., Ltd.",Common Stock,0.545,deepseek_classify_rename_vs_different_security,pending_deepseek_review,SSE::688136,SSE,later_global_review
low_name_similarity,P3,000301,SZSE,XSHE,Jiangsu Wujiang China Eastern Silk Market Co Ltd,"Jiangsu Eastern Shenghong Co., Ltd.",Common Stock,0.545,deepseek_classify_rename_vs_different_security,pending_deepseek_review,SZSE::000301,SZSE,later_global_review
low_name_similarity,P3,002430,SZSE,XSHE,Hangzhou Hangyang Co Ltd,"Hangzhou Oxygen Plant Group Co., Ltd.",Common Stock,0.545,deepseek_classify_rename_vs_different_security,pending_deepseek_review,SZSE::002430,SZSE,later_global_review
low_name_similarity,P3,002588,SZSE,XSHE,Stanley Fertilizer Co Ltd,"Stanley Agricultural Group Co., Ltd.",Common Stock,0.545,deepseek_classify_rename_vs_different_security,pending_deepseek_review,SZSE::002588,SZSE,later_global_review
low_name_similarity,P3,002594,SZSE,XSHE,BYD Co Ltd Class A,BYD Company Limited,Common Stock,0.545,deepseek_classify_rename_vs_different_security,pending_deepseek_review,SZSE::002594,SZSE,later_global_review
low_name_similarity,P3,300677,SZSE,XSHE,Shandong Intco Medical Products Co Ltd,"Intco Medical Technology Co., Ltd.",Common Stock,0.545,deepseek_classify_rename_vs_different_security,pending_deepseek_review,SZSE::300677,SZSE,later_global_review
low_name_similarity,P3,300844,SZSE,XSHE,S.P.I Landscape Design Co. Ltd.,"Guangzhou S.P.I Design Co., Ltd.",Common Stock,0.545,deepseek_classify_rename_vs_different_security,pending_deepseek_review,SZSE::300844,SZSE,later_global_review
low_name_similarity,P3,AWM,WSE,XWAR,Airway,Airway Medix S.A.,Common Stock,0.545,deepseek_classify_rename_vs_different_security,pending_deepseek_review,WSE::AWM,GPW,later_global_review
low_name_similarity,P3,CXR,XETRA,XETR,CSX CORP.            DL 1,CSX Corporation,Common Stock,0.545,deepseek_classify_rename_vs_different_security,pending_deepseek_review,XETRA::CXR,XETR,later_global_review
low_name_similarity,P3,DS81,XETRA,XETR,DSV AKTIER           DK 1,DSV A/S,Common Stock,0.545,deepseek_classify_rename_vs_different_security,pending_deepseek_review,XETRA::DS81,XETR,later_global_review
low_name_similarity,P3,STO3,XETRA,XETR,STO SE+CO.KGAA VZO O.N.,Sto SE & Co. KGaA Pref,Preferred Stock,0.545,deepseek_classify_rename_vs_different_security,pending_deepseek_review,XETRA::STO3,XETR,later_global_review
low_name_similarity,P3,VOW3,XETRA,XETR,VOLKSWAGEN AG VZO O.N.,Volkswagen AG Preferred Stock,Preferred Stock,0.545,deepseek_classify_rename_vs_different_security,pending_deepseek_review,XETRA::VOW3,XETR,later_global_review
low_name_similarity,P3,688559,SSE,XSHG,Shenzhen Hymson Laser Intelligent Equipments Co Ltd,"Hymson Laser Technology Group Co., Ltd.",Common Stock,0.548,deepseek_classify_rename_vs_different_security,pending_deepseek_review,SSE::688559,SSE,later_global_review
low_name_similarity,P3,688591,SSE,XSHG,Telink Semiconductor (Shanghai) Co Ltd Ordinary Shares - Class A,Telink Semiconductor Co. Ltd.,Common Stock,0.548,deepseek_classify_rename_vs_different_security,pending_deepseek_review,SSE::688591,SSE,later_global_review
low_name_similarity,P3,000048,SZSE,XSHE,ShenZhen Kondarl Group Co Ltd,"Shenzhen Kingkey Smart Agriculture Times Co., Ltd.",Common Stock,0.548,deepseek_classify_rename_vs_different_security,pending_deepseek_review,SZSE::000048,SZSE,later_global_review
low_name_similarity,P3,FFB,JSE,XJSE,Fortress Income Fund Ltd,Fortress Real Estate Investment Ltd.,Common Stock,0.549,deepseek_classify_rename_vs_different_security,pending_deepseek_review,JSE::FFB,JSE,later_global_review
low_name_similarity,P3,600662,SSE,XSHG,Shanghai Qiangsheng Holding Co Ltd,"Shanghai Foreign Service Co., Ltd.",Common Stock,0.549,deepseek_classify_rename_vs_different_security,pending_deepseek_review,SSE::600662,SSE,later_global_review
low_name_similarity,P3,301152,SZSE,XSHE,Xinxiang Tianli Energy Co. Ltd. A,"Tianli Lithium Energy Group Co., Ltd.",Common Stock,0.549,deepseek_classify_rename_vs_different_security,pending_deepseek_review,SZSE::301152,SZSE,later_global_review
low_name_similarity,P3,SSABBH,HEL,XHEL,SSAB AB ser. B,SSAB AB (publ) Class B shares,Common Stock,0.55,deepseek_classify_rename_vs_different_security,pending_deepseek_review,HEL::SSABBH,OMXH,later_global_review
low_name_similarity,P3,003060,KRX,XKRX,Aprogen Pharmaceuticals Inc,Aprogen Biologics Inc.,Common Stock,0.55,deepseek_classify_rename_vs_different_security,pending_deepseek_review,KRX::003060,KRX,later_global_review
low_name_similarity,P3,XJB,SGX,XSES,GHY Culture,Ghy Culture & Media Holding Co Ltd,Common Stock,0.55,deepseek_classify_rename_vs_different_security,pending_deepseek_review,SGX::XJB,SGX,later_global_review
low_name_similarity,P3,PSSI,IDX,XIDX,Pelita Samudera Shipping Tbk PT,Imc Pelita Logistik Tbk P.T.,Common Stock,0.552,deepseek_classify_rename_vs_different_security,pending_deepseek_review,IDX::PSSI,IDX,later_global_review
low_name_similarity,P3,BUFAB,STO,XSTO,Bufab Holding AB,Bufab AB (publ),Common Stock,0.552,deepseek_classify_rename_vs_different_security,pending_deepseek_review,STO::BUFAB,OMX,later_global_review
low_name_similarity,P3,4321,TADAWUL,XSAU,CENOMI CENTERS,Arabian Centres Co. Ltd.,Common Stock,0.552,deepseek_classify_rename_vs_different_security,pending_deepseek_review,TADAWUL::4321,Tadawul,later_global_review
low_name_similarity,P3,MDG,WSE,XWAR,Medicalg,Medicalgorithmics S.A.,Common Stock,0.552,deepseek_classify_rename_vs_different_security,pending_deepseek_review,WSE::MDG,GPW,later_global_review
low_name_similarity,P3,000796,SZSE,XSHE,Hna-Caissa Travel Group Co Ltd,"Caissa Tosun Development Co., Ltd.",Common Stock,0.553,deepseek_classify_rename_vs_different_security,pending_deepseek_review,SZSE::000796,SZSE,later_global_review
low_name_similarity,P3,JTS,SET,XBKK,Jasmine Telecom Systems Public Company Limited,"Jasmine Technology Solution Co., Ltd.",Common Stock,0.554,deepseek_classify_rename_vs_different_security,pending_deepseek_review,SET::JTS,SET,later_global_review
low_name_similarity,P3,002627,SZSE,XSHE,Hubeiyichang Transportation Group Co Ltd,"Hubei Three Gorges Tourism Group Co., Ltd.",Common Stock,0.554,deepseek_classify_rename_vs_different_security,pending_deepseek_review,SZSE::002627,SZSE,later_global_review
low_name_similarity,P3,300518,SZSE,XSHE,Shenzhen Shengxunda Technology Co Ltd Class A,"Guangxi Xinxunda Technology Co., Ltd.",Common Stock,0.554,deepseek_classify_rename_vs_different_security,pending_deepseek_review,SZSE::300518,SZSE,later_global_review
low_name_similarity,P3,HEIJM,AMS,XAMS,HEIJMANS KON,Koninklijke Heijmans N.V.,Depositary Receipt,0.556,deepseek_classify_rename_vs_different_security,pending_deepseek_review,AMS::HEIJM,Euronext,later_global_review
low_name_similarity,P3,CORAREI1,BVL,XLIM,Corporacion Aceros Arequipa S.A. (I share),Aceros Arequipa Corporation,Common Stock,0.556,deepseek_classify_rename_vs_different_security,pending_deepseek_review,BVL::CORAREI1,BVL,later_global_review
low_name_similarity,P3,352700,KOSDAQ,XKRX,CNTus Sungjin Co. Ltd.,"Cntus Co., Ltd.",Common Stock,0.556,deepseek_classify_rename_vs_different_security,pending_deepseek_review,KOSDAQ::352700,KRX,later_global_review
low_name_similarity,P3,439090,KOSDAQ,XKRX,Manyo Factory Co. Ltd.,"Manyo Co., Ltd.",Common Stock,0.556,deepseek_classify_rename_vs_different_security,pending_deepseek_review,KOSDAQ::439090,KRX,later_global_review
low_name_similarity,P3,479880,KOSDAQ,XKRX,Korea No.15 SPAC,Korea No15 Special Purpose Acquisition Co.,Common Stock,0.556,deepseek_classify_rename_vs_different_security,pending_deepseek_review,KOSDAQ::479880,KRX,later_global_review
low_name_similarity,P3,HTCD,SGX,XSES,Tencent HK SDR 10to1,Tencent Holdings Limited,Depositary Receipt,0.556,deepseek_classify_rename_vs_different_security,pending_deepseek_review,SGX::HTCD,SGX,later_global_review
low_name_similarity,P3,ZKX,SGX,XSES,Ever Glory,Ever Glory United Holdings Ltd.,Common Stock,0.556,deepseek_classify_rename_vs_different_security,pending_deepseek_review,SGX::ZKX,SGX,later_global_review
low_name_similarity,P3,600539,SSE,XSHG,Taiyuan Lionhead Cement Co Ltd,"Lionhead Technology Development Co., Ltd.",Common Stock,0.556,deepseek_classify_rename_vs_different_security,pending_deepseek_review,SSE::600539,SSE,later_global_review
low_name_similarity,P3,4144,TADAWUL,XSAU,RAOOM,Raoom Trading Co.,Common Stock,0.556,deepseek_classify_rename_vs_different_security,pending_deepseek_review,TADAWUL::4144,Tadawul,later_global_review
low_name_similarity,P3,9568,TADAWUL,XSAU,MAYAR,Mayar Holding Co. Ltd.,Common Stock,0.556,deepseek_classify_rename_vs_different_security,pending_deepseek_review,TADAWUL::9568,Tadawul,later_global_review
low_name_similarity,P3,9596,TADAWUL,XSAU,QUARA,Quara Finance Co.,Common Stock,0.556,deepseek_classify_rename_vs_different_security,pending_deepseek_review,TADAWUL::9596,Tadawul,later_global_review
low_name_similarity,P3,MDPR,TASE,XTAE,Medipower -M,Medipower Overseas Public Co. Ltd.,Common Stock,0.556,deepseek_classify_rename_vs_different_security,pending_deepseek_review,TASE::MDPR,TASE,later_global_review
low_name_similarity,P3,MSIN,IDX,XIDX,MNC Studios International Tbk PT,MNC Digital Entertainment Tbk,Common Stock,0.557,deepseek_classify_rename_vs_different_security,pending_deepseek_review,IDX::MSIN,IDX,later_global_review
low_name_similarity,P3,300826,SZSE,XSHE,Nanjing Res In of Surveying Mapping,Nanjing Research Institute Co. Ltd.,Common Stock,0.557,deepseek_classify_rename_vs_different_security,pending_deepseek_review,SZSE::300826,SZSE,later_global_review
low_name_similarity,P3,BRLSM,BIST,XIST,BİRLEŞİM MÜHENDİSLİK ISITMA SOĞUTMA HAVALANDIRMA SANAYİ VE TİCARET A.Ş.,Birlesim Muhendislik Isitma A.S.,Common Stock,0.558,deepseek_classify_rename_vs_different_security,pending_deepseek_review,BIST::BRLSM,BIST,later_global_review
low_name_similarity,P3,7035,Bursa,XKLS,CCK Consolidated Holdings Bhd,Crown Holdings Inc.,Common Stock,0.558,deepseek_classify_rename_vs_different_security,pending_deepseek_review,Bursa::7035,MYX,later_global_review
low_name_similarity,P3,8486,Bursa,XKLS,Lion Forest Industries Bhd,Lion Posim Berhad,Common Stock,0.558,deepseek_classify_rename_vs_different_security,pending_deepseek_review,Bursa::8486,MYX,later_global_review
low_name_similarity,P3,QES,SGX,XSES,ChinaSunsine,China Sunsine Chemical Holdings Ltd.,Common Stock,0.558,deepseek_classify_rename_vs_different_security,pending_deepseek_review,SGX::QES,SGX,later_global_review
low_name_similarity,P3,PAMEL,BIST,XIST,PAMEL YENİLENEBİLİR ELEKTRİK ÜRETİM A.Ş.,Pamel Renewable Electricity,Common Stock,0.559,deepseek_classify_rename_vs_different_security,pending_deepseek_review,BIST::PAMEL,BIST,later_global_review
low_name_similarity,P3,BBAJIOO,BMV,XMEX,Banco del Bajío S.A. Institución de Banca Múltiple,Banco del Bajío S.A.,Common Stock,0.559,deepseek_classify_rename_vs_different_security,pending_deepseek_review,BMV::BBAJIOO,BMV,later_global_review
low_name_similarity,P3,ECILC,BIST,XIST,EİS ECZACIBAŞI İLAÇ SINAİ VE FİNANSAL YATIRIMLAR SANAYİ VE TİCARET A.Ş.,Eis Eczacıbaşı İlaç ve Sanayi A.Ş.,Common Stock,0.56,deepseek_classify_rename_vs_different_security,pending_deepseek_review,BIST::ECILC,BIST,later_global_review
low_name_similarity,P3,EMAI,BVB,XBSE,Emailul SA,Emailul S.A. Medias,Common Stock,0.56,deepseek_classify_rename_vs_different_security,pending_deepseek_review,BVB::EMAI,BVB,later_global_review
low_name_similarity,P3,PTPP,IDX,XIDX,PP (Persero) Tbk,Pembangunan Perumahan (Persero) Tbk PT,Common Stock,0.56,deepseek_classify_rename_vs_different_security,pending_deepseek_review,IDX::PTPP,IDX,later_global_review
low_name_similarity,P3,011300,KRX,XKRX,SEONGAN CO. Ltd,"Seong An Materials Co., Ltd.",Common Stock,0.56,deepseek_classify_rename_vs_different_security,pending_deepseek_review,KRX::011300,KRX,later_global_review
low_name_similarity,P3,YSV,SGX,XSES,Khen Energy,$ CharismaEnergy,Common Stock,0.56,deepseek_classify_rename_vs_different_security,pending_deepseek_review,SGX::YSV,SGX,later_global_review
low_name_similarity,P3,DAE,SIX,XSWX,Daetwyl I,Dätwyler Holding AG,Common Stock,0.56,deepseek_classify_rename_vs_different_security,pending_deepseek_review,SIX::DAE,SIX,later_global_review
low_name_similarity,P3,600797,SSE,XSHG,Insigma,Insigma Technology Co. Ltd.,Common Stock,0.56,deepseek_classify_rename_vs_different_security,pending_deepseek_review,SSE::600797,SSE,later_global_review
low_name_similarity,P3,603399,SSE,XSHG,Jinzhou Jixiang Molybdenum Co Ltd,Jinzhou Yongshan Lithium Co. Ltd.,Common Stock,0.56,deepseek_classify_rename_vs_different_security,pending_deepseek_review,SSE::603399,SSE,later_global_review
low_name_similarity,P3,002213,SZSE,XSHE,Shenzhen Terca Technology Co Ltd,"Shenzhen Dawei Innovation Co., Ltd.",Common Stock,0.56,deepseek_classify_rename_vs_different_security,pending_deepseek_review,SZSE::002213,SZSE,later_global_review
low_name_similarity,P3,300020,SZSE,XSHE,Enjoyor,"Enjoyor Technology Co., Ltd.",Common Stock,0.56,deepseek_classify_rename_vs_different_security,pending_deepseek_review,SZSE::300020,SZSE,later_global_review
low_name_similarity,P3,LHIS,TASE,XTAE,Lachish,Lachish Industries Ltd.,Common Stock,0.56,deepseek_classify_rename_vs_different_security,pending_deepseek_review,TASE::LHIS,TASE,later_global_review
low_name_similarity,P3,PAYT,TASE,XTAE,Payton -L,Payton Industries Ltd.,Common Stock,0.56,deepseek_classify_rename_vs_different_security,pending_deepseek_review,TASE::PAYT,TASE,later_global_review
low_name_similarity,P3,3219,TPEX,XTAI,Service & Quality Technology Co Ltd,"Aethertek Technology Co., Ltd.",Common Stock,0.56,deepseek_classify_rename_vs_different_security,pending_deepseek_review,TPEX::3219,TWSE,later_global_review
low_name_similarity,P3,DGA,WSE,XWAR,DGA Spólka Akcyjna,DGA S.A.,Common Stock,0.56,deepseek_classify_rename_vs_different_security,pending_deepseek_review,WSE::DGA,GPW,later_global_review
low_name_similarity,P3,KGL,WSE,XWAR,Korporacja KGL S.A.,KGL S.A.,Common Stock,0.56,deepseek_classify_rename_vs_different_security,pending_deepseek_review,WSE::KGL,GPW,later_global_review
low_name_similarity,P3,YOS,WSE,XWAR,Yoshi Innovation SA,Yoshi S.A.,Common Stock,0.56,deepseek_classify_rename_vs_different_security,pending_deepseek_review,WSE::YOS,GPW,later_global_review
low_name_similarity,P3,CXX,XETRA,XETR,CLOROX CO.           DL 1,The Clorox Company,Common Stock,0.56,deepseek_classify_rename_vs_different_security,pending_deepseek_review,XETRA::CXX,XETR,later_global_review
low_name_similarity,P3,D2MN,XETRA,XETR,"DUKE EN.CORP.    DL -,001",Duke Energy Corporation,Common Stock,0.56,deepseek_classify_rename_vs_different_security,pending_deepseek_review,XETRA::D2MN,XETR,later_global_review
low_name_similarity,P3,HEN3,XETRA,XETR,HENKEL AG+CO.KGAA VZO,Henkel AG & Co. KGaA Vz (Preferred Shares),Preferred Stock,0.56,deepseek_classify_rename_vs_different_security,pending_deepseek_review,XETRA::HEN3,XETR,later_global_review
low_name_similarity,P3,RHK,XETRA,XETR,RHOEN-KLINIKUM O.N.,RHÖN-KLINIKUM Aktiengesellschaft,Common Stock,0.56,deepseek_classify_rename_vs_different_security,pending_deepseek_review,XETRA::RHK,XETR,later_global_review
low_name_similarity,P3,VG80,XETRA,XETR,Ascory BANK AG,Varengold Bank AG,Common Stock,0.56,deepseek_classify_rename_vs_different_security,pending_deepseek_review,XETRA::VG80,XETR,later_global_review
low_name_similarity,P3,VVV3,XETRA,XETR,OEKOWORLD AG VZNA O.N.,Ökoworld AG,Preferred Stock,0.56,deepseek_classify_rename_vs_different_security,pending_deepseek_review,XETRA::VVV3,XETR,later_global_review
low_name_similarity,P3,PKART,BIST,XIST,PLASTİKKART AKILLI KART İLETİŞİM SİSTEMLERİ SANAYİ VE TİCARET A.Ş.,Plastik Kart Akıllı Kart Teknolojileri A.Ş.,Common Stock,0.561,deepseek_classify_rename_vs_different_security,pending_deepseek_review,BIST::PKART,BIST,later_global_review
low_name_similarity,P3,C2PU,SGX,XSES,ParkwayLife Reit,Parkway Life Real Estate Investment Trust,REIT,0.561,deepseek_classify_rename_vs_different_security,pending_deepseek_review,SGX::C2PU,SGX,later_global_review
low_name_similarity,P3,600035,SSE,XSHG,Hubei Chutian Expressway Co Ltd,"Hubei Chutian Smart Communication Co., Ltd.",Common Stock,0.561,deepseek_classify_rename_vs_different_security,pending_deepseek_review,SSE::600035,SSE,later_global_review
low_name_similarity,P3,688390,SSE,XSHG,Jiangsu Goodwe Power Supply Technology Co Ltd,"GoodWe Technologies Co., Ltd.",Common Stock,0.561,deepseek_classify_rename_vs_different_security,pending_deepseek_review,SSE::688390,SSE,later_global_review
low_name_similarity,P3,000859,SZSE,XSHE,Anhui Guofeng Plastic Industry Co Ltd,"Anhui Guofeng New Materials Co., Ltd.",Common Stock,0.561,deepseek_classify_rename_vs_different_security,pending_deepseek_review,SZSE::000859,SZSE,later_global_review
low_name_similarity,P3,042940,KOSDAQ,XKRX,Sangji Caelum Inc,Sangji Construction Inc.,Common Stock,0.562,deepseek_classify_rename_vs_different_security,pending_deepseek_review,KOSDAQ::042940,KRX,later_global_review
low_name_similarity,P3,600186,SSE,XSHG,Lotus Health Group Co,"Lotus Holdings Co., Ltd.",Common Stock,0.562,deepseek_classify_rename_vs_different_security,pending_deepseek_review,SSE::600186,SSE,later_global_review
low_name_similarity,P3,INTRUM,STO,XSTO,Intrum Justitia AB,Intrum AB (publ),Common Stock,0.562,deepseek_classify_rename_vs_different_security,pending_deepseek_review,STO::INTRUM,OMX,later_global_review
low_name_similarity,P3,NOBA,STO,XSTO,NOBA Bank,NOBA Bank Group AB (publ),Common Stock,0.562,deepseek_classify_rename_vs_different_security,pending_deepseek_review,STO::NOBA,OMX,later_global_review
low_name_similarity,P3,002165,SZSE,XSHE,Nanjing Hongbaoli Corp Ltd,Hongbaoli Group Corp Ltd.,Common Stock,0.562,deepseek_classify_rename_vs_different_security,pending_deepseek_review,SZSE::002165,SZSE,later_global_review
low_name_similarity,P3,002439,SZSE,XSHE,Beijing Venustech Inc,Venustech Group Inc.,Common Stock,0.562,deepseek_classify_rename_vs_different_security,pending_deepseek_review,SZSE::002439,SZSE,later_global_review
low_name_similarity,P3,WLFD,TASE,XTAE,Willy Food,Willi-Food Investments Ltd.,Common Stock,0.562,deepseek_classify_rename_vs_different_security,pending_deepseek_review,TASE::WLFD,TASE,later_global_review
low_name_similarity,P3,BTPN,IDX,XIDX,PT Bank SMBC Indonesia Tbk,Bank BTPN Tbk.,Common Stock,0.564,deepseek_classify_rename_vs_different_security,pending_deepseek_review,IDX::BTPN,IDX,later_global_review
low_name_similarity,P3,HKUD,SGX,XSES,Kuaishou HK SDR 5to1,Kuaishou Technology,Depositary Receipt,0.564,deepseek_classify_rename_vs_different_security,pending_deepseek_review,SGX::HKUD,SGX,later_global_review
low_name_similarity,P3,600982,SSE,XSHG,Ningbo Thermal Power Co Ltd,"Ningbo Energy Group Co., Ltd.",Common Stock,0.564,deepseek_classify_rename_vs_different_security,pending_deepseek_review,SSE::600982,SSE,later_global_review
low_name_similarity,P3,002374,SZSE,XSHE,Shandong Lipeng Co Ltd,"Shandong Chiway Industry Co., Ltd.",Common Stock,0.564,deepseek_classify_rename_vs_different_security,pending_deepseek_review,SZSE::002374,SZSE,later_global_review
low_name_similarity,P3,4336,TADAWUL,XSAU,MULKIA REIT,Mulkia Gulf Real Estate REIT,REIT,0.564,deepseek_classify_rename_vs_different_security,pending_deepseek_review,TADAWUL::4336,Tadawul,later_global_review
low_name_similarity,P3,9546,TADAWUL,XSAU,NABA ALSAHA,Naba AlSaha Medical Services Co.,Common Stock,0.564,deepseek_classify_rename_vs_different_security,pending_deepseek_review,TADAWUL::9546,Tadawul,later_global_review
low_name_similarity,P3,TGTR,TASE,XTAE,Together Startup Network Ltd,Together Pharma Ltd.,Common Stock,0.564,deepseek_classify_rename_vs_different_security,pending_deepseek_review,TASE::TGTR,TASE,later_global_review
low_name_similarity,P3,019570,KOSDAQ,XKRX,Leaders Technology Investment Co. Ltd,Plutus Investment Co. Ltd.,Common Stock,0.565,deepseek_classify_rename_vs_different_security,pending_deepseek_review,KOSDAQ::019570,KRX,later_global_review
low_name_similarity,P3,600248,SSE,XSHG,Shaanxi Yanchang Petroleum Chemical Engineering Co Ltd,Shaanxi Construction Engineering Group Corporation Limited,Common Stock,0.565,deepseek_classify_rename_vs_different_security,pending_deepseek_review,SSE::600248,SSE,later_global_review
low_name_similarity,P3,600396,SSE,XSHG,Shenyang Jinshan Energy Co Ltd,"Huadian Liaoning Energy Co., Ltd.",Common Stock,0.565,deepseek_classify_rename_vs_different_security,pending_deepseek_review,SSE::600396,SSE,later_global_review
low_name_similarity,P3,605068,SSE,XSHG,Mingxin Automotive Leather Co. Ltd.,Mingxin New Material Co. Ltd.,Common Stock,0.565,deepseek_classify_rename_vs_different_security,pending_deepseek_review,SSE::605068,SSE,later_global_review
low_name_similarity,P3,000004,SZSE,XSHE,Shenzhen CAU Technology Co Ltd,Shenzhen Guohua Network Co. Ltd.,Common Stock,0.565,deepseek_classify_rename_vs_different_security,pending_deepseek_review,SZSE::000004,SZSE,later_global_review
low_name_similarity,P3,DP4B,XETRA,XETR,A.P.MOELL.-M.NAM B DK1000,A.P. Møller – Mærsk A/S B,Common Stock,0.565,deepseek_classify_rename_vs_different_security,pending_deepseek_review,XETRA::DP4B,XETR,later_global_review
low_name_similarity,P3,EMNIS,BIST,XIST,EMİNİŞ AMBALAJ SANAYİ VE TİCARET A.Ş.,Eminis Ambalaj A.S.,Common Stock,0.566,deepseek_classify_rename_vs_different_security,pending_deepseek_review,BIST::EMNIS,BIST,later_global_review
low_name_similarity,P3,300455,SZSE,XSHE,Beijing Ctrowell Technology Corp Ltd,"Beijing Aerospace Shenzhou Co., Ltd.",Common Stock,0.566,deepseek_classify_rename_vs_different_security,pending_deepseek_review,SZSE::300455,SZSE,later_global_review
low_name_similarity,P3,MTRKS,BIST,XIST,MATRİKS FİNANSAL TEKNOLOJİLER A.Ş.,Matriks Bilgi Dağıtım Hizmetleri A.Ş.,Common Stock,0.567,deepseek_classify_rename_vs_different_security,pending_deepseek_review,BIST::MTRKS,BIST,later_global_review
low_name_similarity,P3,688211,SSE,XSHG,Wayz Intelligent Manufacturing Technology Co. Ltd. A,"Wayzim Technology Co., Ltd.",Common Stock,0.567,deepseek_classify_rename_vs_different_security,pending_deepseek_review,SSE::688211,SSE,later_global_review
low_name_similarity,P3,200505,SZSE,XSHE,HaiNan Pearl River Holdings Co Ltd Class B,Hainan Jingliang Holdings Ltd.,Common Stock,0.567,deepseek_classify_rename_vs_different_security,pending_deepseek_review,SZSE::200505,SZSE,later_global_review
low_name_similarity,P3,300443,SZSE,XSHE,Shandong Laiwu Jinlei Wind Power Technology Co Ltd,"Jinlei Technology Co., Ltd.",Common Stock,0.567,deepseek_classify_rename_vs_different_security,pending_deepseek_review,SZSE::300443,SZSE,later_global_review
low_name_similarity,P3,CMBTN,BIST,XIST,ÇİMBETON HAZIRBETON VE PREFABRİK YAPI ELEMANLARI SANAYİ VE TİCARET A.Ş.,Cim Beton Hazirbeton Prefabrication A.S.,Common Stock,0.569,deepseek_classify_rename_vs_different_security,pending_deepseek_review,BIST::CMBTN,BIST,later_global_review
low_name_similarity,P3,ALHIT,Euronext,XPAR,Hitechpros,HITECHPROS Société anonyme,Common Stock,0.571,deepseek_classify_rename_vs_different_security,pending_deepseek_review,Euronext::ALHIT,Euronext,later_global_review
low_name_similarity,P3,ALNSE,Euronext,XPAR,NSE SA,"ALNS, Inc.",Common Stock,0.571,deepseek_classify_rename_vs_different_security,pending_deepseek_review,Euronext::ALNSE,Euronext,later_global_review
low_name_similarity,P3,CYAD,Euronext,XBRU,Celyad SA,Celyad Oncology SA,Common Stock,0.571,deepseek_classify_rename_vs_different_security,pending_deepseek_review,Euronext::CYAD,Euronext,later_global_review
low_name_similarity,P3,ROU,Euronext,XBRU,Roularta,Roularta Media Group NV,Common Stock,0.571,deepseek_classify_rename_vs_different_security,pending_deepseek_review,Euronext::ROU,Euronext,later_global_review
low_name_similarity,P3,VU,Euronext,XPAR,VusionGroup,Vusion S.A.,Common Stock,0.571,deepseek_classify_rename_vs_different_security,pending_deepseek_review,Euronext::VU,Euronext,later_global_review
low_name_similarity,P3,RAIVV,HEL,XHEL,Raisio Oyj Vaihto-osake,Raisio Oyj Series V Shares,Common Stock,0.571,deepseek_classify_rename_vs_different_security,pending_deepseek_review,HEL::RAIVV,OMXH,later_global_review
low_name_similarity,P3,043710,KOSDAQ,XKRX,"CosLeaguer Global Co., Ltd.","Seouleaguer Co., Ltd.",Common Stock,0.571,deepseek_classify_rename_vs_different_security,pending_deepseek_review,KOSDAQ::043710,KRX,later_global_review
low_name_similarity,P3,095660,KOSDAQ,XKRX,NEOWIZ,Neowiz Holdings Corp.,Common Stock,0.571,deepseek_classify_rename_vs_different_security,pending_deepseek_review,KOSDAQ::095660,KRX,later_global_review
low_name_similarity,P3,232680,KOSDAQ,XKRX,RAON ROBOTICS Inc.,Raontech Inc.,Common Stock,0.571,deepseek_classify_rename_vs_different_security,pending_deepseek_review,KOSDAQ::232680,KRX,later_global_review
low_name_similarity,P3,003670,KRX,XKRX,Posco Chemical Co Ltd,"Posco Future M Co., Ltd.",Common Stock,0.571,deepseek_classify_rename_vs_different_security,pending_deepseek_review,KRX::003670,KRX,later_global_review
low_name_similarity,P3,ENDUR,OSL,XOSL,ENDÚR,Endur ASA,Common Stock,0.571,deepseek_classify_rename_vs_different_security,pending_deepseek_review,OSL::ENDUR,OSE,later_global_review
low_name_similarity,P3,42S,SGX,XSES,Astaka,Astaka Holdings Ltd.,Common Stock,0.571,deepseek_classify_rename_vs_different_security,pending_deepseek_review,SGX::42S,SGX,later_global_review
low_name_similarity,P3,580,SGX,XSES,Santak,Santak Holdings Ltd.,Common Stock,0.571,deepseek_classify_rename_vs_different_security,pending_deepseek_review,SGX::580,SGX,later_global_review
low_name_similarity,P3,583,SGX,XSES,Progen,Progen Holdings Ltd.,Common Stock,0.571,deepseek_classify_rename_vs_different_security,pending_deepseek_review,SGX::583,SGX,later_global_review
low_name_similarity,P3,5AL,SGX,XSES,Annica,Annica Holdings Ltd.,Common Stock,0.571,deepseek_classify_rename_vs_different_security,pending_deepseek_review,SGX::5AL,SGX,later_global_review
low_name_similarity,P3,5DP,SGX,XSES,Heeton,Heeton Holdings Ltd,Common Stock,0.571,deepseek_classify_rename_vs_different_security,pending_deepseek_review,SGX::5DP,SGX,later_global_review
low_name_similarity,P3,5NV,SGX,XSES,Chasen,Chasen Holdings Ltd.,Common Stock,0.571,deepseek_classify_rename_vs_different_security,pending_deepseek_review,SGX::5NV,SGX,later_global_review
low_name_similarity,P3,5VS,SGX,XSES,Hafary,Hafary Holdings Ltd.,Common Stock,0.571,deepseek_classify_rename_vs_different_security,pending_deepseek_review,SGX::5VS,SGX,later_global_review
low_name_similarity,P3,9I7,SGX,XSES,Bromat,Bromat Holdings Ltd.,Common Stock,0.571,deepseek_classify_rename_vs_different_security,pending_deepseek_review,SGX::9I7,SGX,later_global_review
low_name_similarity,P3,BS6,SGX,XSES,YZJ Shipbldg SGD,Yangzijiang Shipbuilding Holdings Ltd.,Common Stock,0.571,deepseek_classify_rename_vs_different_security,pending_deepseek_review,SGX::BS6,SGX,later_global_review
low_name_similarity,P3,DCRU,SGX,XSES,DigiCore Reit USD,Digital Core REIT Management Pte. Ltd.,REIT,0.571,deepseek_classify_rename_vs_different_security,pending_deepseek_review,SGX::DCRU,SGX,later_global_review
low_name_similarity,P3,K29,SGX,XSES,Karin Tech,Karin Technology Holdings Ltd.,Common Stock,0.571,deepseek_classify_rename_vs_different_security,pending_deepseek_review,SGX::K29,SGX,later_global_review
low_name_similarity,P3,SO7,SGX,XSES,YZJ Shipbldg CNY,Yangzijiang Shipbuilding Holdings Ltd.,Common Stock,0.571,deepseek_classify_rename_vs_different_security,pending_deepseek_review,SGX::SO7,SGX,later_global_review
low_name_similarity,P3,UV1,SGX,XSES,Regal Intl,Regal International Group Ltd.,Common Stock,0.571,deepseek_classify_rename_vs_different_security,pending_deepseek_review,SGX::UV1,SGX,later_global_review
low_name_similarity,P3,KNIN,SIX,XSWX,Kuehne & Nagel,Kuehne + Nagel International AG,Common Stock,0.571,deepseek_classify_rename_vs_different_security,pending_deepseek_review,SIX::KNIN,SIX,later_global_review
low_name_similarity,P3,600577,SSE,XSHG,Tongling Jingd,Tongling Jingda Special Magnet Wire Co. Ltd.,Common Stock,0.571,deepseek_classify_rename_vs_different_security,pending_deepseek_review,SSE::600577,SSE,later_global_review
low_name_similarity,P3,600605,SSE,XSHG,Shanghai Huitong Energy Co Ltd,"Shanghai Light Industry Machinery Co., Ltd.",Common Stock,0.571,deepseek_classify_rename_vs_different_security,pending_deepseek_review,SSE::600605,SSE,later_global_review
low_name_similarity,P3,603279,SSE,XSHG,Jingjin Environmental Protection Co Ltd,Jingjin Equipment Inc.,Common Stock,0.571,deepseek_classify_rename_vs_different_security,pending_deepseek_review,SSE::603279,SSE,later_global_review
low_name_similarity,P3,603717,SSE,XSHG,Tianyu Ecology & Landscape Co,"Tianyu Bio-Technology Co., Ltd.",Common Stock,0.571,deepseek_classify_rename_vs_different_security,pending_deepseek_review,SSE::603717,SSE,later_global_review
low_name_similarity,P3,MANG,STO,XSTO,Mangold Fondkommission AB,Mangold AB,Common Stock,0.571,deepseek_classify_rename_vs_different_security,pending_deepseek_review,STO::MANG,OMX,later_global_review
low_name_similarity,P3,000930,SZSE,XSHE,Cofco Biochemical Anhui Co Ltd,"Cofco Biotechnology Co., Ltd.",Common Stock,0.571,deepseek_classify_rename_vs_different_security,pending_deepseek_review,SZSE::000930,SZSE,later_global_review
low_name_similarity,P3,002410,SZSE,XSHE,Glodon Software Co Ltd,Glodon Co. Ltd.,Common Stock,0.571,deepseek_classify_rename_vs_different_security,pending_deepseek_review,SZSE::002410,SZSE,later_global_review
low_name_similarity,P3,300091,SZSE,XSHE,JiangSu Jin Tong Ling Fluid Mach,"Jin Tong Ling Technology Co., Ltd.",Common Stock,0.571,deepseek_classify_rename_vs_different_security,pending_deepseek_review,SZSE::300091,SZSE,later_global_review
low_name_similarity,P3,300767,SZSE,XSHE,Yunnan QuakeSafe Seismic Isolation Technologies Co Ltd Class A,"Quakesafe Technologies Co., Ltd.",Common Stock,0.571,deepseek_classify_rename_vs_different_security,pending_deepseek_review,SZSE::300767,SZSE,later_global_review
low_name_similarity,P3,9572,TADAWUL,XSAU,ALRAZI,Al Razi Medical Co.,Common Stock,0.571,deepseek_classify_rename_vs_different_security,pending_deepseek_review,TADAWUL::9572,Tadawul,later_global_review
low_name_similarity,P3,5604,TPEX,XTAI,Chung Lien Transportation Co Ltd,"Chung Lien Co., Ltd.",Common Stock,0.571,deepseek_classify_rename_vs_different_security,pending_deepseek_review,TPEX::5604,TWSE,later_global_review
low_name_similarity,P3,01002T,TWSE,XTAI,Cathay No.1 REIT,Cathay No. 1 Real Estate Investment Trust,REIT,0.571,deepseek_classify_rename_vs_different_security,pending_deepseek_review,TWSE::01002T,TWSE,later_global_review
low_name_similarity,P3,01009T,TWSE,XTAI,O Bank No. 1 REIT,O-Bank No. 1 Real Estate Investment Trust,REIT,0.571,deepseek_classify_rename_vs_different_security,pending_deepseek_review,TWSE::01009T,TWSE,later_global_review
low_name_similarity,P3,YAN,WSE,XWAR,Yanosik S.A.,Neptis S.A.,Common Stock,0.571,deepseek_classify_rename_vs_different_security,pending_deepseek_review,WSE::YAN,GPW,later_global_review
low_name_similarity,P3,12DA,XETRA,XETR,DELL TECHS INC. C  DL-01,Dell Technologies Inc.,Common Stock,0.571,deepseek_classify_rename_vs_different_security,pending_deepseek_review,XETRA::12DA,XETR,later_global_review
low_name_similarity,P3,AXNA,XETRA,XETR,"AMPLIFON S.P.A.    EO-,02",Amplifon SpA,Common Stock,0.571,deepseek_classify_rename_vs_different_security,pending_deepseek_review,XETRA::AXNA,XETR,later_global_review
low_name_similarity,P3,ENL,XETRA,XETR,Enel SpA,Enel S.p.A.,Common Stock,0.571,deepseek_classify_rename_vs_different_security,pending_deepseek_review,XETRA::ENL,XETR,later_global_review
low_name_similarity,P3,NOT,XETRA,XETR,"NOVARTIS NAM.     SF 0,49",Novartis AG,Common Stock,0.571,deepseek_classify_rename_vs_different_security,pending_deepseek_review,XETRA::NOT,XETR,later_global_review
low_name_similarity,P3,QBY0,XETRA,XETR,Q.BEYOND AG NA O.N. KONV.,q.beyond AG,Common Stock,0.571,deepseek_classify_rename_vs_different_security,pending_deepseek_review,XETRA::QBY0,XETR,later_global_review
low_name_similarity,P3,SOH1,XETRA,XETR,SOITEC S.A.          EO 2,Soitec SA,Common Stock,0.571,deepseek_classify_rename_vs_different_security,pending_deepseek_review,XETRA::SOH1,XETR,later_global_review
low_name_similarity,P3,000620,SZSE,XSHE,Macrolink Real Estate Co Ltd,"Macrolink Culturaltainment Development Co., Ltd.",Common Stock,0.576,deepseek_classify_rename_vs_different_security,pending_deepseek_review,SZSE::000620,SZSE,later_global_review
low_name_similarity,P3,000816,SZSE,XSHE,JiangSu JiangHuai Engine Co Ltd,Jiangsu Nonghua Intelligent Company Limited,Common Stock,0.576,deepseek_classify_rename_vs_different_security,pending_deepseek_review,SZSE::000816,SZSE,later_global_review
low_name_similarity,P3,000915,SZSE,XSHE,Shandong Shanda Wit Science and Technology Co Ltd,"Shandong Wit Dyne Health Co., Ltd.",Common Stock,0.576,deepseek_classify_rename_vs_different_security,pending_deepseek_review,SZSE::000915,SZSE,later_global_review
low_name_similarity,P3,002828,SZSE,XSHE,XinJiang Beiken Energy Engineering Stock Co Ltd,"Beiken Energy Group Co., Ltd.",Common Stock,0.576,deepseek_classify_rename_vs_different_security,pending_deepseek_review,SZSE::002828,SZSE,later_global_review
low_name_similarity,P3,300403,SZSE,XSHE,Jiangmen iDear-Hanyu Electrical Joint-Stock Co Ltd,Hanyu Group Joint Stock Limited,Common Stock,0.576,deepseek_classify_rename_vs_different_security,pending_deepseek_review,SZSE::300403,SZSE,later_global_review
low_name_similarity,P3,8869,Bursa,XKLS,Press Metal Bhd,Press Metal Aluminium Holdings Berhad,Common Stock,0.577,deepseek_classify_rename_vs_different_security,pending_deepseek_review,Bursa::8869,MYX,later_global_review
low_name_similarity,P3,P15,SGX,XSES,Pacific Century,Pacific Century Regional Developments Ltd.,Common Stock,0.577,deepseek_classify_rename_vs_different_security,pending_deepseek_review,SGX::P15,SGX,later_global_review
low_name_similarity,P3,000019,SZSE,XSHE,Shenzhen Shenbao Industrial Co Ltd,"Shenzhen Cereals Holdings Co., Ltd.",Common Stock,0.577,deepseek_classify_rename_vs_different_security,pending_deepseek_review,SZSE::000019,SZSE,later_global_review
low_name_similarity,P3,200019,SZSE,XSHE,Shenzhen Shenbao Industrial Co Ltd,"Shenzhen Cereals Holdings Co., Ltd.",Common Stock,0.577,deepseek_classify_rename_vs_different_security,pending_deepseek_review,SZSE::200019,SZSE,later_global_review
low_name_similarity,P3,INTET,ATHEX,ASEX,Intertech S.A. Inter. Technologies,Intertech S.A.,Common Stock,0.578,deepseek_classify_rename_vs_different_security,pending_deepseek_review,ATHEX::INTET,ASE,later_global_review
low_name_similarity,P3,DBN,BMV,XMEX,Deutsche Bank Aktiengesellschaft,Deutsche Bank AG,Common Stock,0.578,deepseek_classify_rename_vs_different_security,pending_deepseek_review,BMV::DBN,BMV,later_global_review
low_name_similarity,P3,G0I,SGX,XSES,Nam Lee Metal,Nam Lee Pressed Metal Industries Ltd.,Common Stock,0.578,deepseek_classify_rename_vs_different_security,pending_deepseek_review,SGX::G0I,SGX,later_global_review
low_name_similarity,P3,601700,SSE,XSHG,Fengfan Power,"Changshu Fengfan Power Equipment Co., Ltd.",Common Stock,0.578,deepseek_classify_rename_vs_different_security,pending_deepseek_review,SSE::601700,SSE,later_global_review
low_name_similarity,P3,002356,SZSE,XSHE,Shenzhen Haoningda Meters Co Ltd,"Shenzhen Hemei Group Co., Ltd.",Common Stock,0.578,deepseek_classify_rename_vs_different_security,pending_deepseek_review,SZSE::002356,SZSE,later_global_review
low_name_similarity,P3,PTCH,TASE,XTAE,Petrochemical,Israel Petrochemical Enterprises Ltd.,Common Stock,0.578,deepseek_classify_rename_vs_different_security,pending_deepseek_review,TASE::PTCH,TASE,later_global_review
low_name_similarity,P3,RION,BMV,XMEX,Rio Tinto Group,Rio Tinto Plc Sponsored ADR,American Depositary Receipt,0.579,deepseek_classify_rename_vs_different_security,pending_deepseek_review,BMV::RION,BMV,later_global_review
low_name_similarity,P3,0210,Bursa,XKLS,Kim Hin Joo,Kim Hin Joo (Malaysia) Berhad,Common Stock,0.579,deepseek_classify_rename_vs_different_security,pending_deepseek_review,Bursa::0210,MYX,later_global_review
low_name_similarity,P3,DISL,Euronext,XBRU,Immobiliere Distri-Land NV,Distri-Land S.A.,Common Stock,0.579,deepseek_classify_rename_vs_different_security,pending_deepseek_review,Euronext::DISL,Euronext,later_global_review
low_name_similarity,P3,142280,KOSDAQ,XKRX,Green Cross Medical Science Corporation,Green Cross Corporation,Common Stock,0.579,deepseek_classify_rename_vs_different_security,pending_deepseek_review,KOSDAQ::142280,KRX,later_global_review
low_name_similarity,P3,028050,KRX,XKRX,Samsung Engineering,"Samsung Electronics Co., Ltd.",Common Stock,0.579,deepseek_classify_rename_vs_different_security,pending_deepseek_review,KRX::028050,KRX,later_global_review
low_name_similarity,P3,FWL,NZX,XNZE,Foley Wines Limited Ordinary Shares,Foley Wines Ltd.,Common Stock,0.579,deepseek_classify_rename_vs_different_security,pending_deepseek_review,NZX::FWL,NZX,later_global_review
low_name_similarity,P3,002689,SZSE,XSHE,Shenyang Brilliant Elevator Group Co Ltd,"Shenyang Yuanda Intellectual Industry Group Co., Ltd.",Common Stock,0.579,deepseek_classify_rename_vs_different_security,pending_deepseek_review,SZSE::002689,SZSE,later_global_review
low_name_similarity,P3,6002,TADAWUL,XSAU,HERFY FOODS,Herfy Food Services Company,Common Stock,0.579,deepseek_classify_rename_vs_different_security,pending_deepseek_review,TADAWUL::6002,Tadawul,later_global_review
low_name_similarity,P3,9544,TADAWUL,XSAU,FUTURE CARE,Future Care Trading Company,Common Stock,0.579,deepseek_classify_rename_vs_different_security,pending_deepseek_review,TADAWUL::9544,Tadawul,later_global_review
low_name_similarity,P3,PRSK,TASE,XTAE,Prashkovsky,Prashkovsky Investments & Co.,Common Stock,0.579,deepseek_classify_rename_vs_different_security,pending_deepseek_review,TASE::PRSK,TASE,later_global_review
low_name_similarity,P3,EKIZ,BIST,XIST,EKİZ KİMYA SANAYİ VE TİCARET A.Ş.,Ekiz Yag ve Sabun Sanayii A.S.,Common Stock,0.581,deepseek_classify_rename_vs_different_security,pending_deepseek_review,BIST::EKIZ,BIST,later_global_review
low_name_similarity,P3,ALDEL,Euronext,XPAR,Delfingen,Delfingen Industry S.A.,Common Stock,0.581,deepseek_classify_rename_vs_different_security,pending_deepseek_review,Euronext::ALDEL,Euronext,later_global_review
low_name_similarity,P3,053290,KOSDAQ,XKRX,Neungyule Education Inc,Ne Neungyule Inc.,Common Stock,0.581,deepseek_classify_rename_vs_different_security,pending_deepseek_review,KOSDAQ::053290,KRX,later_global_review
low_name_similarity,P3,058430,KRX,XKRX,Posco C&C Stl,"Posco Steeleon Co., Ltd.",Common Stock,0.581,deepseek_classify_rename_vs_different_security,pending_deepseek_review,KRX::058430,KRX,later_global_review
low_name_similarity,P3,227840,KRX,XKRX,Hyundai C&F Inc,"Hyundai Corporation Holdings Co., Ltd.",Common Stock,0.581,deepseek_classify_rename_vs_different_security,pending_deepseek_review,KRX::227840,KRX,later_global_review
low_name_similarity,P3,SUNN,SIX,XSWX,SUNRISE N,Sunrise Communications AG,Common Stock,0.581,deepseek_classify_rename_vs_different_security,pending_deepseek_review,SIX::SUNN,SIX,later_global_review
low_name_similarity,P3,600250,SSE,XSHG,Nanjing Textiles Import & Export Corp Ltd,"Nanjing Business & Tourism Co., Ltd.",Common Stock,0.581,deepseek_classify_rename_vs_different_security,pending_deepseek_review,SSE::600250,SSE,later_global_review
low_name_similarity,P3,300420,SZSE,XSHE,Jiangsu Wuyang Parking Industry Group Co Ltd,"Jiangsu Wuyang Automation Co., Ltd.",Common Stock,0.581,deepseek_classify_rename_vs_different_security,pending_deepseek_review,SZSE::300420,SZSE,later_global_review
low_name_similarity,P3,300977,SZSE,XSHE,Shenzhen Ridge Engineering Consulting Co. Ltd.,"Shenzhen Ridge Technology Co., Ltd.",Common Stock,0.581,deepseek_classify_rename_vs_different_security,pending_deepseek_review,SZSE::300977,SZSE,later_global_review
low_name_similarity,P3,NPW1,XETRA,XETR,"SMITH + NEP.   DL -,20",Smith & Nephew plc,Common Stock,0.581,deepseek_classify_rename_vs_different_security,pending_deepseek_review,XETRA::NPW1,XETR,later_global_review
low_name_similarity,P3,600658,SSE,XSHG,Beijing Electronic Zone Investment and Development Group Co Ltd,"Beijing Electronic Zone Co., Ltd.",Common Stock,0.582,deepseek_classify_rename_vs_different_security,pending_deepseek_review,SSE::600658,SSE,later_global_review
low_name_similarity,P3,300761,SZSE,XSHE,Jiangsu Lihua Animal Husbandry Co Ltd,"Jiangsu Lihua Foods Group Co., Ltd.",Common Stock,0.582,deepseek_classify_rename_vs_different_security,pending_deepseek_review,SZSE::300761,SZSE,later_global_review
low_name_similarity,P3,MGDL,TASE,XTAE,Migdal Insurance,Migdal Insurance and Financial Holdings Ltd.,Common Stock,0.582,deepseek_classify_rename_vs_different_security,pending_deepseek_review,TASE::MGDL,TASE,later_global_review
low_name_similarity,P3,AZRN,AMS,XAMS,AZERION,Azerion Group N.V.,Common Stock,0.583,deepseek_classify_rename_vs_different_security,pending_deepseek_review,AMS::AZRN,Euronext,later_global_review
low_name_similarity,P3,QUAGR,BIST,XIST,QUA GRANITE HAYAL YAPI VE ÜRÜNLERİ SANAYİ TİCARET A.Ş.,Qua Granite Hayal A.S.,Common Stock,0.583,deepseek_classify_rename_vs_different_security,pending_deepseek_review,BIST::QUAGR,BIST,later_global_review
low_name_similarity,P3,DSV,CPH,XCSE,DSV Panalpina A/S,DSV A/S,Common Stock,0.583,deepseek_classify_rename_vs_different_security,pending_deepseek_review,CPH::DSV,OMXC,later_global_review
low_name_similarity,P3,ALBIZ,Euronext,XPAR,Obiz Concept SAS,Obiz S.A.,Common Stock,0.583,deepseek_classify_rename_vs_different_security,pending_deepseek_review,Euronext::ALBIZ,Euronext,later_global_review
low_name_similarity,P3,136150,KOSDAQ,XKRX,WONILTNI,Wonil Industrial Co. Ltd.,Common Stock,0.583,deepseek_classify_rename_vs_different_security,pending_deepseek_review,KOSDAQ::136150,KRX,later_global_review
low_name_similarity,P3,225190,KOSDAQ,XKRX,Samyang Optics Co. Ltd.,"Lk Samyang Co., Ltd.",Common Stock,0.583,deepseek_classify_rename_vs_different_security,pending_deepseek_review,KOSDAQ::225190,KRX,later_global_review
low_name_similarity,P3,026960,KRX,XKRX,Dongsuh,Dongsuh Companies Inc.,Common Stock,0.583,deepseek_classify_rename_vs_different_security,pending_deepseek_review,KRX::026960,KRX,later_global_review
low_name_similarity,P3,097230,KRX,XKRX,HJ ShipBuilding & Construction Co Ltd,"Hanjin Heavy Industries & Construction Co., Ltd.",Common Stock,0.583,deepseek_classify_rename_vs_different_security,pending_deepseek_review,KRX::097230,KRX,later_global_review
low_name_similarity,P3,AIMCG,SET,XBKK,AIM Commercial Growth Freehold And Leasehold Real Estate Investment Trust,AIM Commercial Growth Freehold Ltd.,REIT,0.583,deepseek_classify_rename_vs_different_security,pending_deepseek_review,SET::AIMCG,SET,later_global_review
low_name_similarity,P3,C09,SGX,XSES,CityDev,City Developments Ltd.,Common Stock,0.583,deepseek_classify_rename_vs_different_security,pending_deepseek_review,SGX::C09,SGX,later_global_review
low_name_similarity,P3,S63,SGX,XSES,ST Engineering,Singapore Technologies Engineering Ltd.,Common Stock,0.583,deepseek_classify_rename_vs_different_security,pending_deepseek_review,SGX::S63,SGX,later_global_review
low_name_similarity,P3,T4B,SGX,XSES,Sino Grandness,Sino Grandness Food Industry Group Ltd.,Common Stock,0.583,deepseek_classify_rename_vs_different_security,pending_deepseek_review,SGX::T4B,SGX,later_global_review
low_name_similarity,P3,603039,SSE,XSHG,Shanghai Weaver Network Co Ltd,"Weaver Network Technology Co., Ltd.",Common Stock,0.583,deepseek_classify_rename_vs_different_security,pending_deepseek_review,SSE::603039,SSE,later_global_review
low_name_similarity,P3,603578,SSE,XSHG,Three Stars NM,"Zhejiang Three Stars New Materials Co., Ltd.",Common Stock,0.583,deepseek_classify_rename_vs_different_security,pending_deepseek_review,SSE::603578,SSE,later_global_review
low_name_similarity,P3,300790,SZSE,XSHE,Yutong Optical,"Dongguan Yutong Optical Technology Co., Ltd.",Common Stock,0.583,deepseek_classify_rename_vs_different_security,pending_deepseek_review,SZSE::300790,SZSE,later_global_review
low_name_similarity,P3,4084,TADAWUL,XSAU,DERAYAH,Derayah Financial Co.,Common Stock,0.583,deepseek_classify_rename_vs_different_security,pending_deepseek_review,TADAWUL::4084,Tadawul,later_global_review
low_name_similarity,P3,KBJ,WSE,XWAR,KBJ SPÓŁKA AKCYJNA,KBJ S.A.,Common Stock,0.583,deepseek_classify_rename_vs_different_security,pending_deepseek_review,WSE::KBJ,GPW,later_global_review
low_name_similarity,P3,JUN3,XETRA,XETR,JUNGHEINRICH AG O.N.VZO,Jungheinrich AG Preferred Stock,Preferred Stock,0.583,deepseek_classify_rename_vs_different_security,pending_deepseek_review,XETRA::JUN3,XETR,later_global_review
low_name_similarity,P3,T2V1,XETRA,XETR,TRYG AS NAM.         DK 5,Tryg A/S,Common Stock,0.583,deepseek_classify_rename_vs_different_security,pending_deepseek_review,XETRA::T2V1,XETR,later_global_review
low_name_similarity,P3,LKMNH,BIST,XIST,LOKMAN HEKİM ENGÜRÜSAĞ SAĞLIK TURİZM EĞİTİM HİZMETLERİ VE İNŞAAT TAAHHÜT A.Ş.,Lokman Hekim Engurusag Saglik Hizmetleri A.S.,Common Stock,0.585,deepseek_classify_rename_vs_different_security,pending_deepseek_review,BIST::LKMNH,BIST,later_global_review
low_name_similarity,P3,SMRTG,BIST,XIST,SMART GÜNEŞ ENERJİSİ TEKNOLOJİLERİ ARAŞTIRMA GELİŞTİRME ÜRETİM SANAYİ VE TİCARET A.Ş.,Smart Gunes Enerjisi Teknolojileri A.S.,Common Stock,0.585,deepseek_classify_rename_vs_different_security,pending_deepseek_review,BIST::SMRTG,BIST,later_global_review
low_name_similarity,P3,YF8,SGX,XSES,YZJ Fin Hldg,Yangzijiang Financial Holding Ltd.,Common Stock,0.585,deepseek_classify_rename_vs_different_security,pending_deepseek_review,SGX::YF8,SGX,later_global_review
low_name_similarity,P3,000066,SZSE,XSHE,China Greatwall Computer Shenzhen Co Ltd,"China Greatwall Technology Group Co., Ltd.",Common Stock,0.585,deepseek_classify_rename_vs_different_security,pending_deepseek_review,SZSE::000066,SZSE,later_global_review
low_name_similarity,P3,000987,SZSE,XSHE,Guangzhou Friendship Group Co Ltd,"Guangzhou Yuexiu Capital Holdings Group Co., Ltd.",Common Stock,0.585,deepseek_classify_rename_vs_different_security,pending_deepseek_review,SZSE::000987,SZSE,later_global_review
low_name_similarity,P3,002264,SZSE,XSHE,New Huadu Supercenter Co Ltd,"New Huadu Technology Co., Ltd.",Common Stock,0.585,deepseek_classify_rename_vs_different_security,pending_deepseek_review,SZSE::002264,SZSE,later_global_review
low_name_similarity,P3,PGN,XETRA,XETR,PARAGON KGAA  INH O.N.,paragon GmbH & Co. KGaA,Common Stock,0.585,deepseek_classify_rename_vs_different_security,pending_deepseek_review,XETRA::PGN,XETR,later_global_review
low_name_similarity,P3,002757,SZSE,XSHE,Nanxing Furniture Machinery & Equipment Co Ltd,"Nanxing Machinery Co., Ltd.",Common Stock,0.586,deepseek_classify_rename_vs_different_security,pending_deepseek_review,SZSE::002757,SZSE,later_global_review
low_name_similarity,P3,BUCU,BVB,XBSE,Bucur Obor SA,Bucur Obor S.A. Bucuresti,Common Stock,0.588,deepseek_classify_rename_vs_different_security,pending_deepseek_review,BVB::BUCU,BVB,later_global_review
low_name_similarity,P3,114810,KOSDAQ,XKRX,Iones Co. Ltd,Hansol IONES Co. Ltd.,Common Stock,0.588,deepseek_classify_rename_vs_different_security,pending_deepseek_review,KOSDAQ::114810,KRX,later_global_review
low_name_similarity,P3,123750,KOSDAQ,XKRX,Alton Sports Co.Ltd,Alton Co. Ltd.,Common Stock,0.588,deepseek_classify_rename_vs_different_security,pending_deepseek_review,KOSDAQ::123750,KRX,later_global_review
low_name_similarity,P3,071970,KRX,XKRX,HD Hyundai Marine Engine,"HD Hyundai Co., Ltd.",Common Stock,0.588,deepseek_classify_rename_vs_different_security,pending_deepseek_review,KRX::071970,KRX,later_global_review
low_name_similarity,P3,460850,KRX,XKRX,DONGKUK COATED METAL CLS LTD,Dongkuk CM Co. Ltd.,Common Stock,0.588,deepseek_classify_rename_vs_different_security,pending_deepseek_review,KRX::460850,KRX,later_global_review
low_name_similarity,P3,M11,SGX,XSES,MFG Integration,Manufacturing Integration Technology Ltd.,Common Stock,0.588,deepseek_classify_rename_vs_different_security,pending_deepseek_review,SGX::M11,SGX,later_global_review
low_name_similarity,P3,SEG,SGX,XSES,CONCORD NE,Concord New Energy Group Limited,Common Stock,0.588,deepseek_classify_rename_vs_different_security,pending_deepseek_review,SGX::SEG,SGX,later_global_review
low_name_similarity,P3,600052,SSE,XSHG,Zhejiang Guangsha Co Ltd,"Zhejiang Dongwang Times Technology Co., Ltd.",Common Stock,0.588,deepseek_classify_rename_vs_different_security,pending_deepseek_review,SSE::600052,SSE,later_global_review
low_name_similarity,P3,603180,SSE,XSHG,Xiamen Goldenhome Co Ltd,"Goldenhome Living Co., Ltd.",Common Stock,0.588,deepseek_classify_rename_vs_different_security,pending_deepseek_review,SSE::603180,SSE,later_global_review
low_name_similarity,P3,603299,SSE,XSHG,Jingsu Jingshen Salt&Chem,"Jiangsu Suyan Jingshen Co., Ltd.",Common Stock,0.588,deepseek_classify_rename_vs_different_security,pending_deepseek_review,SSE::603299,SSE,later_global_review
low_name_similarity,P3,688330,SSE,XSHG,Shanghai Holystar Information Technology Co. Ltd. A,"Shanghai Holystar Electric Co., Ltd.",Common Stock,0.588,deepseek_classify_rename_vs_different_security,pending_deepseek_review,SSE::688330,SSE,later_global_review
low_name_similarity,P3,002050,SZSE,XSHE,Zhejiang Sanhua Co Ltd,"Zhejiang Sanhua Intelligent Controls Co., Ltd.",Common Stock,0.588,deepseek_classify_rename_vs_different_security,pending_deepseek_review,SZSE::002050,SZSE,later_global_review
low_name_similarity,P3,003035,SZSE,XSHE,China Southern Power Grid Energy Efficiency & Clean Energy Co Ltd,China Southern Power Grid Co. Ltd.,Common Stock,0.588,deepseek_classify_rename_vs_different_security,pending_deepseek_review,SZSE::003035,SZSE,later_global_review
low_name_similarity,P3,9590,TADAWUL,XSAU,ARMAH,Armah Sports Co.,Common Stock,0.588,deepseek_classify_rename_vs_different_security,pending_deepseek_review,TADAWUL::9590,Tadawul,later_global_review
low_name_similarity,P3,MTRD,TASE,XTAE,Meitav Trade Inv Ltd,Meitav Investments Ltd.,Common Stock,0.588,deepseek_classify_rename_vs_different_security,pending_deepseek_review,TASE::MTRD,TASE,later_global_review
low_name_similarity,P3,BAYN,XETRA,XETR,BAYER AG NA O.N.,Bayer AG,Common Stock,0.588,deepseek_classify_rename_vs_different_security,pending_deepseek_review,XETRA::BAYN,XETR,later_global_review
low_name_similarity,P3,BYW,XETRA,XETR,BAYWA AG NA O.N.,BayWa AG,Common Stock,0.588,deepseek_classify_rename_vs_different_security,pending_deepseek_review,XETRA::BYW,XETR,later_global_review
low_name_similarity,P3,GSC1,XETRA,XETR,GESCO SE NA O.N.,Gesco SE,Common Stock,0.588,deepseek_classify_rename_vs_different_security,pending_deepseek_review,XETRA::GSC1,XETR,later_global_review
low_name_similarity,P3,IX1,XETRA,XETR,"IDEXX LABS INC.    DL-,10","IDEXX Laboratories, Inc.",Common Stock,0.588,deepseek_classify_rename_vs_different_security,pending_deepseek_review,XETRA::IX1,XETR,later_global_review
low_name_similarity,P3,ENSRI,BIST,XIST,ENSARİ SINAİ YATIRIMLAR A.Ş.,Ensari Deri Gıda Sanayi ve Ticaret A.Ş.,Common Stock,0.59,deepseek_classify_rename_vs_different_security,pending_deepseek_review,BIST::ENSRI,BIST,later_global_review
low_name_similarity,P3,002455,SZSE,XSHE,Jiangsu Baichuan HighTech New Materials Co Ltd,"Wuxi Baichuan Chemical Co., Ltd.",Common Stock,0.59,deepseek_classify_rename_vs_different_security,pending_deepseek_review,SZSE::002455,SZSE,later_global_review
low_name_similarity,P3,MLEDR,Euronext,XPAR,Compagnie des Eaux de Royan,Eaux de Royan S.A.,Common Stock,0.591,deepseek_classify_rename_vs_different_security,pending_deepseek_review,Euronext::MLEDR,Euronext,later_global_review
low_name_similarity,P3,603308,SSE,XSHG,Anhui Yingliu,"Anhui Yingliu Electromechanical Co., Ltd.",Common Stock,0.591,deepseek_classify_rename_vs_different_security,pending_deepseek_review,SSE::603308,SSE,later_global_review
low_name_similarity,P3,000017,SZSE,XSHE,China Bicycle Co Holdings Ltd,Shenzhen China Bicycle Co. Ltd.,Common Stock,0.591,deepseek_classify_rename_vs_different_security,pending_deepseek_review,SZSE::000017,SZSE,later_global_review
low_name_similarity,P3,200017,SZSE,XSHE,China Bicycle Co Holdings Ltd,"Shenzhen China Bicycle Co., Ltd.",Common Stock,0.591,deepseek_classify_rename_vs_different_security,pending_deepseek_review,SZSE::200017,SZSE,later_global_review
low_name_similarity,P3,CPIP,JSE,XJSE,Capitec Bank Holdings Limited,Capitec Bank Holdings 11% Perpetual Preferred Stock,Preferred Stock,0.592,deepseek_classify_rename_vs_different_security,pending_deepseek_review,JSE::CPIP,JSE,later_global_review
low_name_similarity,P3,000983,SZSE,XSHE,Shanxi Xishan Coal and Electricity Power Co Ltd,Shanxi Coking Coal Energy Group Co. Ltd.,Common Stock,0.592,deepseek_classify_rename_vs_different_security,pending_deepseek_review,SZSE::000983,SZSE,later_global_review
low_name_similarity,P3,HYDRA,AMS,XAMS,HYDRATEC,Hydratec Industries NV,Common Stock,0.593,deepseek_classify_rename_vs_different_security,pending_deepseek_review,AMS::HYDRA,Euronext,later_global_review
low_name_similarity,P3,PREVA,AMS,XAMS,Value8 N.V,Value8 NV 8% Cum Pref,Preferred Stock,0.593,deepseek_classify_rename_vs_different_security,pending_deepseek_review,AMS::PREVA,Euronext,later_global_review
low_name_similarity,P3,056360,KOSDAQ,XKRX,Comunication Weaver Co.Ltd,"Coweaver Co., Ltd.",Common Stock,0.593,deepseek_classify_rename_vs_different_security,pending_deepseek_review,KOSDAQ::056360,KRX,later_global_review
low_name_similarity,P3,321820,KOSDAQ,XKRX,Artist Company Inc.,Artist United Inc.,Common Stock,0.593,deepseek_classify_rename_vs_different_security,pending_deepseek_review,KOSDAQ::321820,KRX,later_global_review
low_name_similarity,P3,267260,KRX,XKRX,Hyundai Electric & Energy Systems Co Ltd,"Hd Hyundai Electric Co., Ltd.",Common Stock,0.593,deepseek_classify_rename_vs_different_security,pending_deepseek_review,KRX::267260,KRX,later_global_review
low_name_similarity,P3,C38U,SGX,XSES,CapLand IntCom T,CapitaLand Integrated Commercial Trust,REIT,0.593,deepseek_classify_rename_vs_different_security,pending_deepseek_review,SGX::C38U,SGX,later_global_review
low_name_similarity,P3,C76,SGX,XSES,Creative,Creative Technology Ltd.,Common Stock,0.593,deepseek_classify_rename_vs_different_security,pending_deepseek_review,SGX::C76,SGX,later_global_review
low_name_similarity,P3,600152,SSE,XSHG,Veken Elite,"Veken Technology Co., Ltd.",Common Stock,0.593,deepseek_classify_rename_vs_different_security,pending_deepseek_review,SSE::600152,SSE,later_global_review
low_name_similarity,P3,ENRO,STO,XSTO,Eniro AB,Eniro Group AB (publ),Common Stock,0.593,deepseek_classify_rename_vs_different_security,pending_deepseek_review,STO::ENRO,OMX,later_global_review
low_name_similarity,P3,000863,SZSE,XSHE,Sanxiang Co Ltd,"Sanxiang Impression Co., Ltd.",Common Stock,0.593,deepseek_classify_rename_vs_different_security,pending_deepseek_review,SZSE::000863,SZSE,later_global_review
low_name_similarity,P3,301589,SZSE,XSHE,Novastar Co Ltd,"Xi'an Novastar Tech Co., Ltd.",Common Stock,0.593,deepseek_classify_rename_vs_different_security,pending_deepseek_review,SZSE::301589,SZSE,later_global_review
low_name_similarity,P3,LBTL,TASE,XTAE,Libental,A. Libental Holdings Ltd.,Common Stock,0.593,deepseek_classify_rename_vs_different_security,pending_deepseek_review,TASE::LBTL,TASE,later_global_review
low_name_similarity,P3,SPNTC,TASE,XTAE,Spuntech,Spuntech Industries Ltd.,Common Stock,0.593,deepseek_classify_rename_vs_different_security,pending_deepseek_review,TASE::SPNTC,TASE,later_global_review
low_name_similarity,P3,ORL,WSE,XWAR,ORZEŁ SPÓŁKA AKCYJNA,Orzel S.A.,Common Stock,0.593,deepseek_classify_rename_vs_different_security,pending_deepseek_review,WSE::ORL,GPW,later_global_review
low_name_similarity,P3,B7J1,XETRA,XETR,SRV Yhtiöt Oyj,SRV Group Oyj,Common Stock,0.593,deepseek_classify_rename_vs_different_security,pending_deepseek_review,XETRA::B7J1,XETR,later_global_review
low_name_similarity,P3,KSB,XETRA,XETR,KSB SE+CO.KGAA  ST O.N.,KSB SE & Co. KGaA,Common Stock,0.593,deepseek_classify_rename_vs_different_security,pending_deepseek_review,XETRA::KSB,XETR,later_global_review
low_name_similarity,P3,VEZ,XETRA,XETR,Planethic Group AG,Veganz Group AG,Common Stock,0.593,deepseek_classify_rename_vs_different_security,pending_deepseek_review,XETRA::VEZ,XETR,later_global_review
low_name_similarity,P3,688529,SSE,XSHG,Dalian Haosen Equipment Manufacturing Co. Ltd. A,Dalian Haosen Intelligent Co. Ltd.,Common Stock,0.594,deepseek_classify_rename_vs_different_security,pending_deepseek_review,SSE::688529,SSE,later_global_review
low_name_similarity,P3,300716,SZSE,XSHE,Guangdong Guoli Sci&Tech Co Ltd Class A,"Guangdong Quanwei Technology Co., Ltd.",Common Stock,0.594,deepseek_classify_rename_vs_different_security,pending_deepseek_review,SZSE::300716,SZSE,later_global_review
low_name_similarity,P3,FGA,Euronext,XPAR,Figeac Aero SA,Figeac Aero Société Anonyme,Common Stock,0.595,deepseek_classify_rename_vs_different_security,pending_deepseek_review,Euronext::FGA,Euronext,later_global_review
low_name_similarity,P3,HUUD,SGX,XSES,UBTECHRobo HK SDR10to1,UBTECH Robotics Corp Ltd,Depositary Receipt,0.595,deepseek_classify_rename_vs_different_security,pending_deepseek_review,SGX::HUUD,SGX,later_global_review
low_name_similarity,P3,KUO,SGX,XSES,Intl Cement,International Cement Group Ltd.,Common Stock,0.595,deepseek_classify_rename_vs_different_security,pending_deepseek_review,SGX::KUO,SGX,later_global_review
low_name_similarity,P3,TSCD,SGX,XSES,SiamCement TH SDR10to1,Siam Cement PCL,Depositary Receipt,0.595,deepseek_classify_rename_vs_different_security,pending_deepseek_review,SGX::TSCD,SGX,later_global_review
low_name_similarity,P3,600610,SSE,XSHG,Shanghai Zhongyida Co Ltd A,Guizhou Zhongyida Co. Ltd.,Common Stock,0.595,deepseek_classify_rename_vs_different_security,pending_deepseek_review,SSE::600610,SSE,later_global_review
low_name_similarity,P3,000875,SZSE,XSHE,Jilin Power Share Co Ltd,Jilin Electric Power Co. Ltd.,Common Stock,0.595,deepseek_classify_rename_vs_different_security,pending_deepseek_review,SZSE::000875,SZSE,later_global_review
low_name_similarity,P3,300434,SZSE,XSHE,Sichuan Goldstone Orient New Material Equipment Co Ltd,Sichuan Goldstone Asia Pharmaceutical Co. Ltd.,Common Stock,0.595,deepseek_classify_rename_vs_different_security,pending_deepseek_review,SZSE::300434,SZSE,later_global_review
low_name_similarity,P3,4634,Bursa,XKLS,POS Malaysia&Services Holdings Bhd,Pos Malaysia Berhad,Common Stock,0.596,deepseek_classify_rename_vs_different_security,pending_deepseek_review,Bursa::4634,MYX,later_global_review
low_name_similarity,P3,LEBL,Euronext,XPAR,Foncière 7 investissement Société Anonyme,Foncière 7 Invest,Common Stock,0.596,deepseek_classify_rename_vs_different_security,pending_deepseek_review,Euronext::LEBL,Euronext,later_global_review
low_name_similarity,P3,MLRZE,Euronext,XLIS,Raize Servicos de Gestao SA,Raize Instituição de Pagamento S.A.,Common Stock,0.596,deepseek_classify_rename_vs_different_security,pending_deepseek_review,Euronext::MLRZE,Euronext,later_global_review
low_name_similarity,P3,002466,SZSE,XSHE,Sichuan Tianqi Lithium Industries Inc,Tianqi Lithium Corporation,Common Stock,0.596,deepseek_classify_rename_vs_different_security,pending_deepseek_review,SZSE::002466,SZSE,later_global_review
low_name_similarity,P3,3RB0,XETRA,XETR,"RECKITT BENCK.LS-,1041666",Reckitt Benckiser Group plc,Common Stock,0.596,deepseek_classify_rename_vs_different_security,pending_deepseek_review,XETRA::3RB0,XETR,later_global_review
low_name_similarity,P3,5ZM,XETRA,XETR,"ZOOM COMMUNIC. A DL -,001","Zoom Video Communications, Inc.",Common Stock,0.596,deepseek_classify_rename_vs_different_security,pending_deepseek_review,XETRA::5ZM,XETR,later_global_review
low_name_similarity,P3,RMS,Euronext,XPAR,Hermes International SCA,Hermès International Société en commandite par actions,Common Stock,0.597,deepseek_classify_rename_vs_different_security,pending_deepseek_review,Euronext::RMS,Euronext,later_global_review
low_name_similarity,P3,603458,SSE,XSHG,Guizhou Transp Planning,"Guizhou Transportation Planning Survey & Design Acad. Co., Ltd.",Common Stock,0.597,deepseek_classify_rename_vs_different_security,pending_deepseek_review,SSE::603458,SSE,later_global_review
low_name_similarity,P3,002890,SZSE,XSHE,Shandong Hongyu Agricultural Machinery Co Ltd,"Shandong Hongyu Precision Manufacturing Co., Ltd.",Common Stock,0.597,deepseek_classify_rename_vs_different_security,pending_deepseek_review,SZSE::002890,SZSE,later_global_review
low_name_similarity,P3,SAMAT,BIST,XIST,SARAY MATBAACILIK KAĞITÇILIK KIRTASİYECİLİK TİCARET VE SANAYİ A.Ş.,Saray Matbaacilik Kagitcilik Sanayi ve Ticaret A.S.,Common Stock,0.598,deepseek_classify_rename_vs_different_security,pending_deepseek_review,BIST::SAMAT,BIST,later_global_review
low_name_similarity,P3,CSG,AMS,XAMS,CSG,CSG N.V.,Common Stock,0.6,deepseek_classify_rename_vs_different_security,pending_deepseek_review,AMS::CSG,Euronext,later_global_review
low_name_similarity,P3,CTPNV,AMS,XAMS,CTP,CTP N.V.,Common Stock,0.6,deepseek_classify_rename_vs_different_security,pending_deepseek_review,AMS::CTPNV,Euronext,later_global_review
low_name_similarity,P3,7253,Bursa,XKLS,Handal Resources Bhd,Handal Energy Berhad,Common Stock,0.6,deepseek_classify_rename_vs_different_security,pending_deepseek_review,Bursa::7253,MYX,later_global_review
low_name_similarity,P3,ALTHO,Euronext,XPAR,Metavisio (Thomson Computing),Metavisio S.A.,Common Stock,0.6,deepseek_classify_rename_vs_different_security,pending_deepseek_review,Euronext::ALTHO,Euronext,later_global_review
low_name_similarity,P3,ALTOO,Euronext,XPAR,Toosla SA,Toosla S.A.C.A.,Common Stock,0.6,deepseek_classify_rename_vs_different_security,pending_deepseek_review,Euronext::ALTOO,Euronext,later_global_review
low_name_similarity,P3,ALVIO,Euronext,XPAR,Valerio Therapeutics,Valerio Tx Corp.,Common Stock,0.6,deepseek_classify_rename_vs_different_security,pending_deepseek_review,Euronext::ALVIO,Euronext,later_global_review
low_name_similarity,P3,ELIOR,Euronext,XPAR,Elior SCA,Elior Group,Common Stock,0.6,deepseek_classify_rename_vs_different_security,pending_deepseek_review,Euronext::ELIOR,Euronext,later_global_review
low_name_similarity,P3,031510,KOSDAQ,XKRX,Austem Company Ltd,"Austem Co., Ltd.",Common Stock,0.6,deepseek_classify_rename_vs_different_security,pending_deepseek_review,KOSDAQ::031510,KRX,later_global_review
low_name_similarity,P3,082800,KOSDAQ,XKRX,Vivozon Healthcare Inc,"Vivozon Pharmaceutical Co., Ltd.",Common Stock,0.6,deepseek_classify_rename_vs_different_security,pending_deepseek_review,KOSDAQ::082800,KRX,later_global_review
low_name_similarity,P3,206560,KOSDAQ,XKRX,Dexter Co Ltd,"Dexter Studios Co., Ltd.",Common Stock,0.6,deepseek_classify_rename_vs_different_security,pending_deepseek_review,KOSDAQ::206560,KRX,later_global_review
low_name_similarity,P3,226320,KRX,XKRX,It's Skin Co Ltd,"It's Hanbul Co., Ltd.",Common Stock,0.6,deepseek_classify_rename_vs_different_security,pending_deepseek_review,KRX::226320,KRX,later_global_review
low_name_similarity,P3,DNO,OSL,XOSL,DNO,DNO ASA,Common Stock,0.6,deepseek_classify_rename_vs_different_security,pending_deepseek_review,OSL::DNO,OSE,later_global_review
low_name_similarity,P3,KID,OSL,XOSL,KID,Kid ASA,Common Stock,0.6,deepseek_classify_rename_vs_different_security,pending_deepseek_review,OSL::KID,OSE,later_global_review
low_name_similarity,P3,NEL,OSL,XOSL,NEL,Nel ASA,Common Stock,0.6,deepseek_classify_rename_vs_different_security,pending_deepseek_review,OSL::NEL,OSE,later_global_review
low_name_similarity,P3,TGS,OSL,XOSL,TGS,TGS ASA,Common Stock,0.6,deepseek_classify_rename_vs_different_security,pending_deepseek_review,OSL::TGS,OSE,later_global_review
low_name_similarity,P3,CEYE,SET,XBKK,Chamni&#39;s Eye PCL,Chamni's Eye Public Company Limited,Common Stock,0.6,deepseek_classify_rename_vs_different_security,pending_deepseek_review,SET::CEYE,SET,later_global_review
low_name_similarity,P3,GROREIT,SET,XBKK,Grande Royal Orchid Hospitality Real Estate Investment Trust with Buy-Back Condition,Grande Royal Orchid Hospitality REIT,REIT,0.6,deepseek_classify_rename_vs_different_security,pending_deepseek_review,SET::GROREIT,SET,later_global_review
low_name_similarity,P3,IMPACT,SET,XBKK,Impact Growth REIT,Impact Growth Real Estate Investment Trust,REIT,0.6,deepseek_classify_rename_vs_different_security,pending_deepseek_review,SET::IMPACT,SET,later_global_review
low_name_similarity,P3,5UL,SGX,XSES,Atlantic Nav,Atlantic Navigation Holdings Ltd.,Common Stock,0.6,deepseek_classify_rename_vs_different_security,pending_deepseek_review,SGX::5UL,SGX,later_global_review
low_name_similarity,P3,C05,SGX,XSES,Chemical Ind,Chemical Industries (Far East) Ltd.,Common Stock,0.6,deepseek_classify_rename_vs_different_security,pending_deepseek_review,SGX::C05,SGX,later_global_review
low_name_similarity,P3,CJN,SGX,XSES,B&M Hldg,British and Malayan Holdings Limited,Common Stock,0.6,deepseek_classify_rename_vs_different_security,pending_deepseek_review,SGX::CJN,SGX,later_global_review
low_name_similarity,P3,V7R,SGX,XSES,ResourcesGbl,Resources Global Development Ltd.,Common Stock,0.6,deepseek_classify_rename_vs_different_security,pending_deepseek_review,SGX::V7R,SGX,later_global_review
low_name_similarity,P3,KARN,SIX,XSWX,Kardex,Kardex Holding AG,Common Stock,0.6,deepseek_classify_rename_vs_different_security,pending_deepseek_review,SIX::KARN,SIX,later_global_review
low_name_similarity,P3,600099,SSE,XSHG,Linhai Co Ltd,Linhai Company Limited,Common Stock,0.6,deepseek_classify_rename_vs_different_security,pending_deepseek_review,SSE::600099,SSE,later_global_review
low_name_similarity,P3,600331,SSE,XSHG,Hongda,"Sichuan Hongda Co., Ltd.",Common Stock,0.6,deepseek_classify_rename_vs_different_security,pending_deepseek_review,SSE::600331,SSE,later_global_review
low_name_similarity,P3,603535,SSE,XSHG,Guangzhou Jiacheng,"Guangzhou Jiacheng International Logistics Co., Ltd.",Common Stock,0.6,deepseek_classify_rename_vs_different_security,pending_deepseek_review,SSE::603535,SSE,later_global_review
low_name_similarity,P3,603656,SSE,XSHG,Hefei Taihe Optoelectronic,"Hefei Taihe Intelligent Technology Co., Ltd.",Common Stock,0.6,deepseek_classify_rename_vs_different_security,pending_deepseek_review,SSE::603656,SSE,later_global_review
low_name_similarity,P3,BESQAB,STO,XSTO,Besqab,Besqab AB (publ),Common Stock,0.6,deepseek_classify_rename_vs_different_security,pending_deepseek_review,STO::BESQAB,OMX,later_global_review
low_name_similarity,P3,FLERIE,STO,XSTO,Flerie,Flerie AB (publ),Common Stock,0.6,deepseek_classify_rename_vs_different_security,pending_deepseek_review,STO::FLERIE,OMX,later_global_review
low_name_similarity,P3,002124,SZSE,XSHE,Ningbo Tech-Bank Co Ltd,"Tech-Bank Food Co., Ltd.",Common Stock,0.6,deepseek_classify_rename_vs_different_security,pending_deepseek_review,SZSE::002124,SZSE,later_global_review
low_name_similarity,P3,002893,SZSE,XSHE,Beijing HuaYuanYiTong Thermal Technology Co Ltd,"Beijing Jingneng Thermal Power Co., Ltd.",Common Stock,0.6,deepseek_classify_rename_vs_different_security,pending_deepseek_review,SZSE::002893,SZSE,later_global_review
low_name_similarity,P3,300021,SZSE,XSHE,Gansu Dayu Water saving Group,"Dayu Irrigation Group Co., Ltd.",Common Stock,0.6,deepseek_classify_rename_vs_different_security,pending_deepseek_review,SZSE::300021,SZSE,later_global_review
low_name_similarity,P3,8310,TADAWUL,XSAU,AMANA INSURANCE,Amana Cooperative Insurance Company,Common Stock,0.6,deepseek_classify_rename_vs_different_security,pending_deepseek_review,TADAWUL::8310,Tadawul,later_global_review
low_name_similarity,P3,9559,TADAWUL,XSAU,BALADY,Balady Poultry Co.,Common Stock,0.6,deepseek_classify_rename_vs_different_security,pending_deepseek_review,TADAWUL::9559,Tadawul,later_global_review
low_name_similarity,P3,CTPL5,TASE,XTAE,Citrus Plant5-L,Israel Citrus Plantations Ltd.,Common Stock,0.6,deepseek_classify_rename_vs_different_security,pending_deepseek_review,TASE::CTPL5,TASE,later_global_review
low_name_similarity,P3,ROTS,TASE,XTAE,Rotshtein,Rotshtein Real Estate Ltd.,Common Stock,0.6,deepseek_classify_rename_vs_different_security,pending_deepseek_review,TASE::ROTS,TASE,later_global_review
low_name_similarity,P3,3484,TPEX,XTAI,Solteam Electronics Co Ltd,Solteam Incorporation,Common Stock,0.6,deepseek_classify_rename_vs_different_security,pending_deepseek_review,TPEX::3484,TWSE,later_global_review
low_name_similarity,P3,8071,TPEX,XTAI,Abico FS Co Ltd,"ABICO NetCom Co., Ltd.",Common Stock,0.6,deepseek_classify_rename_vs_different_security,pending_deepseek_review,TPEX::8071,TWSE,later_global_review
low_name_similarity,P3,9949,TPEX,XTAI,Tittot Company Limited,"Tittot Co., Ltd.",Common Stock,0.6,deepseek_classify_rename_vs_different_security,pending_deepseek_review,TPEX::9949,TWSE,later_global_review
low_name_similarity,P3,ELQ,WSE,XWAR,ELQ SA,ELQ S.A.,Common Stock,0.6,deepseek_classify_rename_vs_different_security,pending_deepseek_review,WSE::ELQ,GPW,later_global_review
low_name_similarity,P3,IMS,WSE,XWAR,IMS SA,IMS S.A.,Common Stock,0.6,deepseek_classify_rename_vs_different_security,pending_deepseek_review,WSE::IMS,GPW,later_global_review
low_name_similarity,P3,KCI,WSE,XWAR,KCI SA,KCI S.A.,Common Stock,0.6,deepseek_classify_rename_vs_different_security,pending_deepseek_review,WSE::KCI,GPW,later_global_review
low_name_similarity,P3,MFO,WSE,XWAR,MFO SA,MFO S.A.,Common Stock,0.6,deepseek_classify_rename_vs_different_security,pending_deepseek_review,WSE::MFO,GPW,later_global_review
low_name_similarity,P3,VRG,WSE,XWAR,VRG SA,VRG S.A.,Common Stock,0.6,deepseek_classify_rename_vs_different_security,pending_deepseek_review,WSE::VRG,GPW,later_global_review
low_name_similarity,P3,ZUE,WSE,XWAR,ZUE SA,ZUE S.A.,Common Stock,0.6,deepseek_classify_rename_vs_different_security,pending_deepseek_review,WSE::ZUE,GPW,later_global_review
low_name_similarity,P3,3S9,XETRA,XETR,"SUNRUN INC.      DL-,0001",Sunrun Inc.,Common Stock,0.6,deepseek_classify_rename_vs_different_security,pending_deepseek_review,XETRA::3S9,XETR,later_global_review
low_name_similarity,P3,8TRA,XETRA,XETR,TRATON SE   INH O.N.,TRATON SE,Common Stock,0.6,deepseek_classify_rename_vs_different_security,pending_deepseek_review,XETRA::8TRA,XETR,later_global_review
low_name_similarity,P3,AAG,XETRA,XETR,AUMANN AG  INH O.N.,Aumann AG,Common Stock,0.6,deepseek_classify_rename_vs_different_security,pending_deepseek_review,XETRA::AAG,XETR,later_global_review
low_name_similarity,P3,ADN1,XETRA,XETR,ADESSO SE  INH O.N.,adesso SE,Common Stock,0.6,deepseek_classify_rename_vs_different_security,pending_deepseek_review,XETRA::ADN1,XETR,later_global_review
low_name_similarity,P3,CB1A,XETRA,XETR,"CONST.BRANDS A     DL-,01",Constellation Brands Inc.,Common Stock,0.6,deepseek_classify_rename_vs_different_security,pending_deepseek_review,XETRA::CB1A,XETR,later_global_review
low_name_similarity,P3,DYH,XETRA,XETR,"TARGET CORP.     DL-,0833",Target Corporation,Common Stock,0.6,deepseek_classify_rename_vs_different_security,pending_deepseek_review,XETRA::DYH,XETR,later_global_review
low_name_similarity,P3,EDL,XETRA,XETR,EDEL SE+CO.KGAA INH O.N.,Edel SE & Co. KGaA,Common Stock,0.6,deepseek_classify_rename_vs_different_security,pending_deepseek_review,XETRA::EDL,XETR,later_global_review
low_name_similarity,P3,EVT,XETRA,XETR,EVOTEC SE  INH O.N.,Evotec SE,Common Stock,0.6,deepseek_classify_rename_vs_different_security,pending_deepseek_review,XETRA::EVT,XETR,later_global_review
low_name_similarity,P3,H6D0,XETRA,XETR,"HALEON PLC       LS 0,01",Haleon plc,Common Stock,0.6,deepseek_classify_rename_vs_different_security,pending_deepseek_review,XETRA::H6D0,XETR,later_global_review
low_name_similarity,P3,HLBN,XETRA,XETR,HOLCIM LTD.       NAM.SF2,Holcim Ltd,Common Stock,0.6,deepseek_classify_rename_vs_different_security,pending_deepseek_review,XETRA::HLBN,XETR,later_global_review
low_name_similarity,P3,LQAG,XETRA,XETR,LAIQON AG INH. O.N.,Laiqon AG,Common Stock,0.6,deepseek_classify_rename_vs_different_security,pending_deepseek_review,XETRA::LQAG,XETR,later_global_review
low_name_similarity,P3,OHB,XETRA,XETR,OHB SE   O.N.,OHB SE,Common Stock,0.6,deepseek_classify_rename_vs_different_security,pending_deepseek_review,XETRA::OHB,XETR,later_global_review
low_name_similarity,P3,SAP,XETRA,XETR,SAP SE O.N.,SAP SE,Common Stock,0.6,deepseek_classify_rename_vs_different_security,pending_deepseek_review,XETRA::SAP,XETR,later_global_review
low_name_similarity,P3,TGHN,XETRA,XETR,LOGWIN AG NAM. O.N.,Logwin AG,Common Stock,0.6,deepseek_classify_rename_vs_different_security,pending_deepseek_review,XETRA::TGHN,XETR,later_global_review
low_name_similarity,P3,YOC,XETRA,XETR,YOC AG O.N.,YOC AG,Common Stock,0.6,deepseek_classify_rename_vs_different_security,pending_deepseek_review,XETRA::YOC,XETR,later_global_review
low_name_similarity,P3,RTALB,BIST,XIST,RTA LABORATUVARLARI BİYOLOJİK ÜRÜNLER İLAÇ VE MAKİNE SANAYİ TİCARET A.Ş.,RTA Laboratuvarları Biyoloji Anonim Şirketi,Common Stock,0.602,deepseek_classify_rename_vs_different_security,pending_deepseek_review,BIST::RTALB,BIST,later_global_review
low_name_similarity,P3,688565,SSE,XSHG,Zhejiang Haiyan Power System Resources Environmental Technology Co. Ltd. A,"Zhejiang Haiyan Power System Co., Ltd.",Common Stock,0.602,deepseek_classify_rename_vs_different_security,pending_deepseek_review,SSE::688565,SSE,later_global_review
low_name_similarity,P3,603137,SSE,XSHG,Jiangsu Hengshang Energy Conservation Technology Co. Ltd. A,"Jiangsu Hengshun Energy Co., Ltd.",Common Stock,0.603,deepseek_classify_rename_vs_different_security,pending_deepseek_review,SSE::603137,SSE,later_global_review
low_name_similarity,P3,SAI,BME,XMAD,Substrate AI S.A.,Substrate Artificial Intelligence S.A.,Common Stock,0.604,deepseek_classify_rename_vs_different_security,pending_deepseek_review,BME::SAI,BME,later_global_review
low_name_similarity,P3,002333,SZSE,XSHE,ZYF Lopsking Aluminum Co Ltd,"Zyf Lopsking Material Technology Co., Ltd.",Common Stock,0.604,deepseek_classify_rename_vs_different_security,pending_deepseek_review,SZSE::002333,SZSE,later_global_review
low_name_similarity,P3,300291,SZSE,XSHE,Beijing Hualu Baina Film TV,"Beijing Baination Pictures Co., Ltd.",Common Stock,0.604,deepseek_classify_rename_vs_different_security,pending_deepseek_review,SZSE::300291,SZSE,later_global_review
low_name_similarity,P3,300890,SZSE,XSHE,Shenzhen Xfh Technology Co Ltd,"Shanghai Xinfenghua Technology Co., Ltd.",Common Stock,0.604,deepseek_classify_rename_vs_different_security,pending_deepseek_review,SZSE::300890,SZSE,later_global_review
low_name_similarity,P3,KYLO,ATHEX,ASEX,Loulis Mills S.A.,Loulis Food Ingredients S.A.,Common Stock,0.605,deepseek_classify_rename_vs_different_security,pending_deepseek_review,ATHEX::KYLO,ASE,later_global_review
low_name_similarity,P3,SKYLP,BIST,XIST,SKYALP FİNANSAL TEKNOLOJİLER VE DANIŞMANLIK A.Ş.,Skyalp Financial Technologies Inc.,Common Stock,0.605,deepseek_classify_rename_vs_different_security,pending_deepseek_review,BIST::SKYLP,BIST,later_global_review
low_name_similarity,P3,TOWR,IDX,XIDX,PT Sarana Menara,Sarana Menara Nusantara Tbk,Common Stock,0.605,deepseek_classify_rename_vs_different_security,pending_deepseek_review,IDX::TOWR,IDX,later_global_review
low_name_similarity,P3,032560,KRX,XKRX,Hwang-Kum Stee,"Hwangkum Steel & Technology Co., Ltd.",Common Stock,0.605,deepseek_classify_rename_vs_different_security,pending_deepseek_review,KRX::032560,KRX,later_global_review
low_name_similarity,P3,5QY,SGX,XSES,Net Pac Hldgs,Net Pacific Financial Holdings Ltd.,Common Stock,0.605,deepseek_classify_rename_vs_different_security,pending_deepseek_review,SGX::5QY,SGX,later_global_review
low_name_similarity,P3,600372,SSE,XSHG,China Avionics Systems Co Ltd,"AVIC Airborne Systems Co., Ltd.",Common Stock,0.605,deepseek_classify_rename_vs_different_security,pending_deepseek_review,SSE::600372,SSE,later_global_review
low_name_similarity,P3,600461,SSE,XSHG,Jiangxi Hongcheng Waterworks Co Ltd,"Jiangxi Hongcheng Environmental Protection Group Co., Ltd.",Common Stock,0.605,deepseek_classify_rename_vs_different_security,pending_deepseek_review,SSE::600461,SSE,later_global_review
low_name_similarity,P3,OLVAS,HEL,XHEL,Olvi Oyj A,Olvi Oyj Class A Shares,Common Stock,0.606,deepseek_classify_rename_vs_different_security,pending_deepseek_review,HEL::OLVAS,OMXH,later_global_review
low_name_similarity,P3,036560,KOSDAQ,XKRX,KZ Precision Corporation,Young Poong Precision Corp.,Common Stock,0.606,deepseek_classify_rename_vs_different_security,pending_deepseek_review,KOSDAQ::036560,KRX,later_global_review
low_name_similarity,P3,192400,KRX,XKRX,Cuckoo Electronics Co Ltd,Cuckoo Holdings Co. Ltd.,Common Stock,0.606,deepseek_classify_rename_vs_different_security,pending_deepseek_review,KRX::192400,KRX,later_global_review
low_name_similarity,P3,JDF,SET,XBKK,JD Food PCL,JD Food Public Company Limited,Common Stock,0.606,deepseek_classify_rename_vs_different_security,pending_deepseek_review,SET::JDF,SET,later_global_review
low_name_similarity,P3,KUMWEL,SET,XBKK,Kumwell Corporation Public Company Limited,Kumwell Corporation PCL,Common Stock,0.606,deepseek_classify_rename_vs_different_security,pending_deepseek_review,SET::KUMWEL,SET,later_global_review
low_name_similarity,P3,301260,SZSE,XSHE,Greenworks (Jiangsu) Co. Ltd. A,"Globe Jiangsu Co., Ltd.",Common Stock,0.606,deepseek_classify_rename_vs_different_security,pending_deepseek_review,SZSE::301260,SZSE,later_global_review
low_name_similarity,P3,KFI1,XETRA,XETR,"KINGFISHER  LS-,157142857",Kingfisher plc,Common Stock,0.606,deepseek_classify_rename_vs_different_security,pending_deepseek_review,XETRA::KFI1,XETR,later_global_review
