listing_key,ticker,exchange,review_kind,classification,decision_candidate,safe_action,confidence,evidence_needed,rationale,do_not_apply_reason
ASX::AYUHD,AYUHD,ASX,twelvedata_name_mismatch,uncertain,needs_official_evidence,needs_official_evidence,0.0,"Official evidence (e.g., prospectus, corporate action notice) to confirm whether Australian Unity Limited is the same entity as the one with empty name in Twelve Data, or if it's a different security.",Local name 'Australian Unity Limited' but Twelve Data name is empty; name_score 0.0 indicates severe mismatch. No official evidence provided to determine if it's a rename or different security.,No official evidence to confirm identity.
BSE_IN::PASUFIN,PASUFIN,BSE_IN,twelvedata_name_mismatch,uncertain,needs_official_evidence,needs_official_evidence,0.0,"Official evidence (e.g., company filings, exchange notice) to confirm whether Pasupati Fincap Ltd is the same as the entity with empty name in Twelve Data.",Local name 'Pasupati Fincap Ltd' but Twelve Data name is empty; name_score 0.0 indicates severe mismatch. No official evidence provided.,No official evidence to confirm identity.
HKEX::03958,03958,HKEX,twelvedata_name_mismatch,uncertain,needs_official_evidence,needs_official_evidence,0.0,"Official evidence (e.g., HKEX corporate action notice, company announcement) to confirm whether DFZQ is the same as Orient Securities Co., Ltd. or if it's a different security.","Local name 'DFZQ' vs Twelve Data name 'Orient Securities Co., Ltd.'; name_score 0.0 indicates severe mismatch. Possible rename or different entity; no official evidence provided.",No official evidence to confirm identity.
HKEX::09890,09890,HKEX,twelvedata_name_mismatch,uncertain,needs_official_evidence,needs_official_evidence,0.0,"Official evidence (e.g., HKEX filing, company announcement) to confirm whether TANWAN is the same as ZX Inc. or a different security.",Local name 'TANWAN' vs Twelve Data name 'ZX Inc.'; name_score 0.0 indicates severe mismatch. No official evidence provided.,No official evidence to confirm identity.
LSE::0QK3,0QK3,LSE,twelvedata_name_mismatch,uncertain,needs_official_evidence,needs_official_evidence,0.0,"Official evidence (e.g., LSE corporate action notice, company announcement) to confirm whether Dufry AG renamed to Avolta AG or if they are different securities.",Local name 'Dufry AG' vs Twelve Data name 'Avolta AG'; name_score 0.0 indicates severe mismatch. Possible rename; no official evidence provided.,No official evidence to confirm rename.
TSE::299A,299A,TSE,twelvedata_name_mismatch,uncertain,needs_official_evidence,needs_official_evidence,0.0,"Official evidence (e.g., TSE corporate action notice, company filing) to confirm whether Kurashiru,Inc. renamed to Dely Inc or if they are different securities.","Local name 'Kurashiru,Inc.' vs Twelve Data name 'Dely Inc'; name_score 0.0 indicates severe mismatch. Possible rename; no official evidence provided.",No official evidence to confirm rename.
TSE::3423,3423,TSE,twelvedata_name_mismatch,uncertain,needs_official_evidence,needs_official_evidence,0.0,"Official evidence (e.g., TSE notice, company announcement) to confirm whether S E Corporation is the same as Se Corp or a different security.",Local name 'S E Corporation' vs Twelve Data name 'Se Corp'; name_score 0.0 indicates severe mismatch. Possible abbreviation or different entity; no official evidence provided.,No official evidence to confirm identity.
HKEX::01757,01757,HKEX,twelvedata_name_mismatch,uncertain,needs_official_evidence,needs_official_evidence,0.0,"Official evidence (e.g., HKEX filing, company announcement) to confirm whether GLOBAL CHI-1K is the same as Affluent Foundation Holdings or a different security.",Local name 'GLOBAL CHI-1K' vs Twelve Data name 'Affluent Foundation Holdings'; name_score 0.049 indicates severe mismatch. No official evidence provided.,No official evidence to confirm identity.
LSE::67GX,67GX,LSE,twelvedata_name_mismatch,uncertain,needs_official_evidence,needs_official_evidence,0.0,"Official evidence (e.g., LSE corporate action notice, company announcement) to confirm whether ZIGUP PLC 5% CUM PRF 50P is the same as Redde Northgate PLC or a different security (e.g., preferred vs common).","Local name indicates a preferred stock, while Twelve Data name is a common stock; name_score 0.059 indicates severe mismatch. No official evidence provided.",No official evidence to confirm identity or security type.
TSE::3358,3358,TSE,twelvedata_name_mismatch,uncertain,needs_official_evidence,needs_official_evidence,0.0,"Official evidence (e.g., TSE notice, company filing) to confirm whether Trailhead Global Holdings,Inc. is the same as Y.S. Food Co., Ltd. or a different security.","Local name 'Trailhead Global Holdings,Inc.' vs Twelve Data name 'Y.S. Food Co., Ltd.'; name_score 0.061 indicates severe mismatch. No official evidence provided.",No official evidence to confirm identity.
HKEX::01833,01833,HKEX,twelvedata_name_mismatch,uncertain,needs_official_evidence,needs_official_evidence,0.0,"Official evidence (e.g., HKEX filing, company announcement) to confirm whether PA GOODDOCTOR is the same as Ping An Healthcare and Technology Company Limited or a different security.",Local name 'PA GOODDOCTOR' vs Twelve Data name 'Ping An Healthcare and Technology Company Limited'; name_score 0.074 indicates severe mismatch. Possible abbreviation; no official evidence provided.,No official evidence to confirm identity.
LSE::0N9V,0N9V,LSE,twelvedata_name_mismatch,uncertain,needs_official_evidence,needs_official_evidence,0.0,"Official evidence (e.g., LSE corporate action notice, company announcement) to confirm whether Esso Societe Anonyme Francaise SA renamed to North Atlantic Energies or if they are different securities.",Local name 'Esso Societe Anonyme Francaise SA' vs Twelve Data name 'North Atlantic Energies'; name_score 0.075 indicates severe mismatch. Possible rename; no official evidence provided.,No official evidence to confirm rename.
TSE::7686,7686,TSE,twelvedata_name_mismatch,uncertain,needs_official_evidence,needs_official_evidence,0.0,"Official evidence (e.g., TSE notice, company filing) to confirm whether HitoMile Co.,Ltd. is the same as Kakuyasu Group Co., Ltd. or a different security.","Local name 'HitoMile Co.,Ltd.' vs Twelve Data name 'Kakuyasu Group Co., Ltd.'; name_score 0.091 indicates severe mismatch. No official evidence provided.",No official evidence to confirm identity.
TSE::4594,4594,TSE,twelvedata_name_mismatch,uncertain,needs_official_evidence,needs_official_evidence,0.0,"Official evidence (e.g., TSE notice, company filing) to confirm whether BrightPath Biotherapeutics Co.,Ltd. is the same as California Municipal Finance Authority or a different security.","Local name 'BrightPath Biotherapeutics Co.,Ltd.' vs Twelve Data name 'California Municipal Finance Authority'; name_score 0.094 indicates severe mismatch. Likely different securities; no official evidence provided.",No official evidence to confirm identity.
HKEX::08250,08250,HKEX,twelvedata_name_mismatch,uncertain,needs_official_evidence,needs_official_evidence,0.0,"Official evidence (e.g., HKEX filing, company announcement) to confirm whether DU DU HLDGS is the same as Silk Road Energy Services Group Limited or a different security.",Local name 'DU DU HLDGS' vs Twelve Data name 'Silk Road Energy Services Group Limited'; name_score 0.095 indicates severe mismatch. No official evidence provided.,No official evidence to confirm identity.
TSE::2334,2334,TSE,twelvedata_name_mismatch,uncertain,needs_official_evidence,needs_official_evidence,0.0,"Official evidence (e.g., TSE notice, company filing) to confirm whether eole Inc. is the same as Federal National Mortgage Association (FNCL) Floating Rate Note 1995 Series or a different security.",Local name 'eole Inc.' vs Twelve Data name 'Federal National Mortgage Association (FNCL) Floating Rate Note 1995 Series'; name_score 0.104 indicates severe mismatch. Likely different securities; no official evidence provided.,No official evidence to confirm identity.
LSE::TAB,TAB,LSE,twelvedata_name_mismatch,uncertain,needs_official_evidence,needs_official_evidence,0.0,"Official evidence (e.g., LSE corporate action notice, company announcement) to confirm whether Becket Invest Plc renamed to Miotal PLC or if they are different securities.",Local name 'Becket Invest Plc' vs Twelve Data name 'Miotal PLC'; name_score 0.105 indicates severe mismatch. Possible rename; no official evidence provided.,No official evidence to confirm rename.
TSE::8887,8887,TSE,twelvedata_name_mismatch,uncertain,needs_official_evidence,needs_official_evidence,0.0,"Official evidence (e.g., TSE notice, company filing) to confirm whether SYLA Holdings Co.,Ltd. is the same as Cumica Corp or a different security.","Local name 'SYLA Holdings Co.,Ltd.' vs Twelve Data name 'Cumica Corp'; name_score 0.105 indicates severe mismatch. No official evidence provided.",No official evidence to confirm identity.
HKEX::01599,01599,HKEX,twelvedata_name_mismatch,uncertain,needs_official_evidence,needs_official_evidence,0.0,"Official evidence (e.g., HKEX filing, company announcement) to confirm whether UCD is the same as Beijing Urban Construction Investment & Development Co., Ltd. or a different security.","Local name 'UCD' vs Twelve Data name 'Beijing Urban Construction Investment & Development Co., Ltd.'; name_score 0.107 indicates severe mismatch. No official evidence provided.",No official evidence to confirm identity.
HKEX::02051,02051,HKEX,twelvedata_name_mismatch,uncertain,needs_official_evidence,needs_official_evidence,0.0,"Official evidence (e.g., HKEX filing, company announcement) to confirm whether VALA is the same as 51 Credit Card Inc. or a different security.",Local name 'VALA' vs Twelve Data name '51 Credit Card Inc.'; name_score 0.111 indicates severe mismatch. No official evidence provided.,No official evidence to confirm identity.
LSE::0IL8,0IL8,LSE,twelvedata_name_mismatch,uncertain,needs_official_evidence,needs_official_evidence,0.2,"Official corporate filings or exchange data confirming whether the entity listed under ticker 0IL8 on LSE is FibroGen, Inc. or Kyntra Bio. No evidence provided in row.","Severe name mismatch (Kyntra Bio vs FibroGen, Inc.) with low name score 0.111. No official evidence to determine if it's a rename or different security.",No official evidence to confirm identity.
HKEX::01355,01355,HKEX,twelvedata_name_mismatch,uncertain,needs_official_evidence,needs_official_evidence,0.2,Official HKEX filings or corporate registry documents showing current name for ticker 01355. No evidence provided.,"Severe name mismatch (Biosysen Limited vs Legend Strategy International Holdings Group Co., Ltd.) with low name score 0.115. No official evidence.",No official evidence to confirm identity.
LSE::0QIQ,0QIQ,LSE,twelvedata_name_mismatch,uncertain,needs_official_evidence,needs_official_evidence,0.2,Official LSE or company filings confirming whether ticker 0QIQ corresponds to Fila SpA or F.I.L.A. - Fabbrica Italiana Lapis ed Affini S.p.A. No evidence provided.,Severe name mismatch with low name score 0.118. Names may refer to same entity (Fila SpA vs full legal name) but no official evidence.,No official evidence to confirm identity.
BSE_IN::LKPFIN,LKPFIN,BSE_IN,twelvedata_name_mismatch,uncertain,needs_official_evidence,needs_official_evidence,0.2,Official BSE India filings or corporate registry documents for ticker LKPFIN. No evidence provided.,Severe name mismatch (LKP Finance Ltd vs Gyftr Limited) with low name score 0.125. No official evidence.,No official evidence to confirm identity.
HKEX::01115,01115,HKEX,twelvedata_name_mismatch,uncertain,needs_official_evidence,needs_official_evidence,0.2,Official HKEX filings or corporate registry documents for ticker 01115. No evidence provided.,Severe name mismatch (5100 XIZANG vs Tibet Water Resources Ltd.) with low name score 0.125. No official evidence.,No official evidence to confirm identity.
HKEX::01168,01168,HKEX,twelvedata_name_mismatch,uncertain,needs_official_evidence,needs_official_evidence,0.2,Official HKEX filings or corporate registry documents for ticker 01168. No evidence provided.,Severe name mismatch (Z FIN vs Sinolink Worldwide Holdings Ltd.) with low name score 0.125. No official evidence.,No official evidence to confirm identity.
B3::WIZC3,WIZC3,B3,twelvedata_name_mismatch,uncertain,needs_official_evidence,needs_official_evidence,0.2,Official B3 filings or corporate registry documents for ticker WIZC3. No evidence provided.,Severe name mismatch (WIZ CO PARTICIPAÇÕES E CORRETAGEM DE SEGUROS S.A. vs Wiz Co.) with low name score 0.128. Names may be similar but no official evidence.,No official evidence to confirm identity.
LSE::ALBA,ALBA,LSE,twelvedata_name_mismatch,uncertain,needs_official_evidence,needs_official_evidence,0.2,Official LSE filings or corporate registry documents for ticker ALBA. No evidence provided.,Severe name mismatch (Alba Mineral Resources vs Arkadian Strategic Metals Plc) with low name score 0.128. No official evidence.,No official evidence to confirm identity.
HKEX::08292,08292,HKEX,twelvedata_name_mismatch,uncertain,needs_official_evidence,needs_official_evidence,0.2,Official HKEX filings or corporate registry documents for ticker 08292. No evidence provided.,Severe name mismatch (VSING vs Worldgate Global Logistics Ltd.) with low name score 0.129. No official evidence.,No official evidence to confirm identity.
LSE::0NQT,0NQT,LSE,twelvedata_name_mismatch,uncertain,needs_official_evidence,needs_official_evidence,0.2,Official LSE filings or corporate registry documents for ticker 0NQT. No evidence provided.,Severe name mismatch (Television Francaise 1 SA vs TF1 Group) with low name score 0.129. Names may refer to same entity but no official evidence.,No official evidence to confirm identity.
LSE::0NLV,0NLV,LSE,twelvedata_name_mismatch,uncertain,needs_official_evidence,needs_official_evidence,0.2,Official LSE filings or corporate registry documents for ticker 0NLV. No evidence provided.,Severe name mismatch (VITA 34 AG vs FamiCord AG) with low name score 0.133. No official evidence.,No official evidence to confirm identity.
TSE::1959,1959,TSE,twelvedata_name_mismatch,uncertain,needs_official_evidence,needs_official_evidence,0.2,Official TSE filings or corporate registry documents for ticker 1959. No evidence provided.,Severe name mismatch (KRAFTIA CORPORATION vs Kyudenko Corporation) with low name score 0.133. No official evidence.,No official evidence to confirm identity.
BSE_IN::SOFTBPO,SOFTBPO,BSE_IN,twelvedata_name_mismatch,uncertain,needs_official_evidence,needs_official_evidence,0.2,Official BSE India filings or corporate registry documents for ticker SOFTBPO. No evidence provided.,Severe name mismatch (Softbpo Global Services Ltd vs Idream Film Infrastructure Company Ltd.) with low name score 0.14. No official evidence.,No official evidence to confirm identity.
B3::MFII11,MFII11,B3,twelvedata_name_mismatch,uncertain,needs_official_evidence,needs_official_evidence,0.2,Official B3 filings or fund documents for ticker MFII11. No evidence provided.,Severe name mismatch (MÉRITO DESENVOLVIMENTO IMOBILIÁRIO I FII RESP LIM vs Fiip11b) with low name score 0.143. No official evidence.,No official evidence to confirm identity.
HKEX::01848,01848,HKEX,twelvedata_name_mismatch,uncertain,needs_official_evidence,needs_official_evidence,0.2,Official HKEX filings or corporate registry documents for ticker 01848. No evidence provided.,Severe name mismatch (CALC vs China Aircraft Leasing Group Holdings Ltd.) with low name score 0.146. No official evidence.,No official evidence to confirm identity.
HKEX::01336,01336,HKEX,twelvedata_name_mismatch,uncertain,needs_official_evidence,needs_official_evidence,0.2,Official HKEX filings or corporate registry documents for ticker 01336. No evidence provided.,Severe name mismatch (NCI vs New China Life Insurance Co. Ltd.) with low name score 0.148. No official evidence.,No official evidence to confirm identity.
B3::TCIN11,TCIN11,B3,twelvedata_name_mismatch,uncertain,needs_official_evidence,needs_official_evidence,0.2,Official B3 filings or fund documents for ticker TCIN11. No evidence provided.,Severe name mismatch (G5 CIDADE NOVA FDO. INVEST. IMOB. vs FII Tourmalet V EDF CDD NV) with low name score 0.151. No official evidence.,No official evidence to confirm identity.
LSE::0HRB,0HRB,LSE,twelvedata_name_mismatch,uncertain,needs_official_evidence,needs_official_evidence,0.2,Official LSE filings or corporate registry documents for ticker 0HRB. No evidence provided.,Severe name mismatch (Centrale d'Achat Francaise pour l' Outre Mer vs Cafom S.A.) with low name score 0.152. No official evidence.,No official evidence to confirm identity.
B3::SCPF11,SCPF11,B3,twelvedata_name_mismatch,uncertain,needs_official_evidence,needs_official_evidence,0.2,Official B3 filings or fund documents for ticker SCPF11. No evidence provided.,Severe name mismatch (SCP FII RESP LIMITADA vs FI Imobiliário SCP) with low name score 0.154. No official evidence.,No official evidence to confirm identity.
TSE::5858,5858,TSE,twelvedata_name_mismatch,uncertain,needs_official_evidence,needs_official_evidence,0.2,Official TSE filings or corporate registry documents for ticker 5858. No evidence provided.,"Severe name mismatch (STG CO.,LTD. vs Sunac Services Holdings Ltd.) with low name score 0.154. No official evidence.",No official evidence to confirm identity.
TSE::7603,7603,TSE,twelvedata_name_mismatch,uncertain,needs_official_evidence,needs_official_evidence,0.0,Official issuer name and any historical name changes for ticker 7603 on TSE. No evidence provided in row.,"Severe name mismatch between local name 'Gyet Co.,Ltd.' and Twelve Data name 'Mac House Co., Ltd.' with low name score 0.154. No official evidence to determine if rename or different security.",No official evidence available to confirm correct name or relationship.
HKEX::08635,08635,HKEX,twelvedata_name_mismatch,uncertain,needs_official_evidence,needs_official_evidence,0.0,Official issuer name and any historical name changes for ticker 08635 on HKEX. No evidence provided in row.,Severe name mismatch between local name 'ELEPHANT HLDGS' and Twelve Data name 'Novacon Technology Group Ltd.' with low name score 0.158. No official evidence to determine if rename or different security.,No official evidence available to confirm correct name or relationship.
TSE::6364,6364,TSE,twelvedata_name_mismatch,uncertain,needs_official_evidence,needs_official_evidence,0.0,Official issuer name and any historical name changes for ticker 6364 on TSE. No evidence provided in row.,"Severe name mismatch between local name 'AIRMAN CORPORATION' and Twelve Data name 'Hokuetsu Industries Co., Ltd.' with low name score 0.16. No official evidence to determine if rename or different security.",No official evidence available to confirm correct name or relationship.
TSE::3750,3750,TSE,twelvedata_name_mismatch,uncertain,needs_official_evidence,needs_official_evidence,0.0,Official issuer name and any historical name changes for ticker 3750 on TSE. No evidence provided in row.,"Severe name mismatch between local name 'ADR120S,Inc.' and Twelve Data name 'Cytori Cell Research Institute Co., Ltd.' with low name score 0.162. No official evidence to determine if rename or different security.",No official evidence available to confirm correct name or relationship.
BSE_IN::MPDL,MPDL,BSE_IN,twelvedata_name_mismatch,uncertain,needs_official_evidence,needs_official_evidence,0.0,Official issuer name and any historical name changes for ticker MPDL on BSE_IN. No evidence provided in row.,Severe name mismatch between local name 'MPDL Ltd' and Twelve Data name 'Macrotech Developers Ltd.' with low name score 0.167. No official evidence to determine if rename or different security.,No official evidence available to confirm correct name or relationship.
HKEX::01116,01116,HKEX,twelvedata_name_mismatch,uncertain,needs_official_evidence,needs_official_evidence,0.0,Official issuer name and any historical name changes for ticker 01116 on HKEX. No evidence provided in row.,Severe name mismatch between local name 'HC TECH GP' and Twelve Data name 'Mayer Holdings Ltd.' with low name score 0.167. No official evidence to determine if rename or different security.,No official evidence available to confirm correct name or relationship.
HKEX::01751,01751,HKEX,twelvedata_name_mismatch,uncertain,needs_official_evidence,needs_official_evidence,0.0,Official issuer name and any historical name changes for ticker 01751 on HKEX. No evidence provided in row.,Severe name mismatch between local name 'AI ENERGY ENG' and Twelve Data name 'Kingland Group Holdings Ltd.' with low name score 0.167. No official evidence to determine if rename or different security.,No official evidence available to confirm correct name or relationship.
HKEX::08271,08271,HKEX,twelvedata_name_mismatch,uncertain,needs_official_evidence,needs_official_evidence,0.0,Official issuer name and any historical name changes for ticker 08271 on HKEX. No evidence provided in row.,Severe name mismatch between local name 'GDC' and Twelve Data name 'Global Digital Creations Holdings Limited' with low name score 0.167. No official evidence to determine if rename or different security.,No official evidence available to confirm correct name or relationship.
LSE::0FI1,0FI1,LSE,twelvedata_name_mismatch,uncertain,needs_official_evidence,needs_official_evidence,0.0,Official issuer name and any historical name changes for ticker 0FI1 on LSE. No evidence provided in row.,Severe name mismatch between local name 'Greek Organisation of Football Prognostics SA' and Twelve Data name 'Allwyn AG' with low name score 0.167. No official evidence to determine if rename or different security.,No official evidence available to confirm correct name or relationship.
LSE::0HN5,0HN5,LSE,twelvedata_name_mismatch,uncertain,needs_official_evidence,needs_official_evidence,0.0,Official issuer name and any historical name changes for ticker 0HN5 on LSE. No evidence provided in row.,"Severe name mismatch between local name 'Former BL Stores, Inc.' and Twelve Data name 'Big Lots Inc.' with low name score 0.167. No official evidence to determine if rename or different security.",No official evidence available to confirm correct name or relationship.
HKEX::06869,06869,HKEX,twelvedata_name_mismatch,uncertain,needs_official_evidence,needs_official_evidence,0.0,Official issuer name and any historical name changes for ticker 06869 on HKEX. No evidence provided in row.,Severe name mismatch between local name 'YOFC' and Twelve Data name 'Yangtze Optical Fibre and Cable Joint Stock Ltd.' with low name score 0.17. No official evidence to determine if rename or different security.,No official evidence available to confirm correct name or relationship.
HKEX::08516,08516,HKEX,twelvedata_name_mismatch,uncertain,needs_official_evidence,needs_official_evidence,0.0,Official issuer name and any historical name changes for ticker 08516 on HKEX. No evidence provided in row.,Severe name mismatch between local name 'ZY INTL' and Twelve Data name 'Grand Talents Group Holdings Limited' with low name score 0.171. No official evidence to determine if rename or different security.,No official evidence available to confirm correct name or relationship.
HKEX::01523,01523,HKEX,twelvedata_name_mismatch,uncertain,needs_official_evidence,needs_official_evidence,0.0,Official issuer name and any historical name changes for ticker 01523 on HKEX. No evidence provided in row.,Severe name mismatch between local name 'PLOVER BAY TECH' and Twelve Data name 'PNC Financial Services Group Inc. 5.75% Subordinated Floating Rate Note' with low name score 0.175. No official evidence to determine if rename or different security.,No official evidence available to confirm correct name or relationship.
HKEX::08158,08158,HKEX,twelvedata_name_mismatch,uncertain,needs_official_evidence,needs_official_evidence,0.0,Official issuer name and any historical name changes for ticker 08158 on HKEX. No evidence provided in row.,Severe name mismatch between local name 'CRMI' and Twelve Data name 'China Regenerative Medicine International Ltd.' with low name score 0.178. No official evidence to determine if rename or different security.,No official evidence available to confirm correct name or relationship.
B3::HGPO11,HGPO11,B3,twelvedata_name_mismatch,uncertain,needs_official_evidence,needs_official_evidence,0.0,Official issuer name and any historical name changes for ticker HGPO11 on B3. No evidence provided in row.,Severe name mismatch between local name 'PATRIA PRIME OFFICES - FII - RESPONSABILIDADE LTDA' and Twelve Data name 'HedgePort Mutual Fund' with low name score 0.179. No official evidence to determine if rename or different security.,No official evidence available to confirm correct name or relationship.
BSE_IN::RLFL,RLFL,BSE_IN,twelvedata_name_mismatch,uncertain,needs_official_evidence,needs_official_evidence,0.0,Official issuer name and any historical name changes for ticker RLFL on BSE_IN. No evidence provided in row.,Severe name mismatch between local name 'Ramchandra Leasing & Finance Ltd' and Twelve Data name 'RLF Ltd.' with low name score 0.182. No official evidence to determine if rename or different security.,No official evidence available to confirm correct name or relationship.
TSE::9432,9432,TSE,twelvedata_name_mismatch,uncertain,needs_official_evidence,needs_official_evidence,0.0,Official issuer name and any historical name changes for ticker 9432 on TSE. No evidence provided in row.,"Severe name mismatch between local name 'NTT,Inc.' and Twelve Data name 'Nippon Telegraph and Telephone Corporation' with low name score 0.182. No official evidence to determine if rename or different security.",No official evidence available to confirm correct name or relationship.
HKEX::01468,01468,HKEX,twelvedata_name_mismatch,uncertain,needs_official_evidence,needs_official_evidence,0.0,Official issuer name and any historical name changes for ticker 01468 on HKEX. No evidence provided in row.,Severe name mismatch between local name 'JAKOTA CAPITAL' and Twelve Data name 'Kingkey Financial International Holdings Ltd.' with low name score 0.185. No official evidence to determine if rename or different security.,No official evidence available to confirm correct name or relationship.
HKEX::01398,01398,HKEX,twelvedata_name_mismatch,uncertain,needs_official_evidence,needs_official_evidence,0.0,Official issuer name and any historical name changes for ticker 01398 on HKEX. No evidence provided in row.,Severe name mismatch between local name 'ICBC' and Twelve Data name 'Industrial & Commercial Bank of China Ltd.' with low name score 0.186. No official evidence to determine if rename or different security.,No official evidence available to confirm correct name or relationship.
HKEX::01635,01635,HKEX,twelvedata_name_mismatch,uncertain,needs_official_evidence,needs_official_evidence,0.0,Official issuer name and any historical name changes for ticker 01635 on HKEX. No evidence provided in row.,"Severe name mismatch between local name 'DZUG' and Twelve Data name 'Shanghai Dazhong Public Utilities Group Co., Ltd.' with low name score 0.186. No official evidence to determine if rename or different security.",No official evidence available to confirm correct name or relationship.
HKEX::01401,01401,HKEX,twelvedata_name_mismatch,uncertain,needs_official_evidence,needs_official_evidence,0.2,"Official corporate action records (e.g., name change, merger) or independent source confirming which entity is correct for ticker 01401 on HKEX.",Local name 'FUTURE MACH LTD' and twelvedata name 'Sprocomm Intelligence Ltd.' are severely mismatched with low name score 0.188. No official evidence provided to determine if this is a rename or different security.,No official evidence to confirm correct name or relationship between names.
HKEX::08286,08286,HKEX,twelvedata_name_mismatch,uncertain,needs_official_evidence,needs_official_evidence,0.2,Official corporate action records or independent source confirming correct entity for ticker 08286 on HKEX.,"Local name 'CCOE' and twelvedata name 'Shanxi Changcheng Microlight Co., Ltd.' are severely mismatched with low name score 0.188. No official evidence provided.",No official evidence to confirm correct name or relationship.
HKEX::09981,09981,HKEX,twelvedata_name_mismatch,uncertain,needs_official_evidence,needs_official_evidence,0.2,Official corporate action records or independent source confirming correct entity for ticker 09981 on HKEX.,"Local name 'WOER' and twelvedata name 'Shenzhen Woer Heat-Shrinkable Material Co., Ltd.' are severely mismatched with low name score 0.19. No official evidence provided.",No official evidence to confirm correct name or relationship.
HKEX::80737,80737,HKEX,twelvedata_name_mismatch,uncertain,needs_official_evidence,needs_official_evidence,0.2,Official corporate action records or independent source confirming correct entity for ticker 80737 on HKEX.,"Local name 'BAY AREA DEV-R' and twelvedata name 'Shenzhen Investment Holdings Co., Ltd.' are severely mismatched with low name score 0.19. No official evidence provided.",No official evidence to confirm correct name or relationship.
TSE::195A,195A,TSE,twelvedata_name_mismatch,uncertain,needs_official_evidence,needs_official_evidence,0.2,Official corporate action records or independent source confirming correct entity for ticker 195A on TSE.,Local name 'MUSCAT GROUP Inc.' and twelvedata name 'Ricecurry Inc.' are severely mismatched with low name score 0.19. No official evidence provided.,No official evidence to confirm correct name or relationship.
HKEX::01763,01763,HKEX,twelvedata_name_mismatch,uncertain,needs_official_evidence,needs_official_evidence,0.2,Official corporate action records or independent source confirming correct entity for ticker 01763 on HKEX.,Local name 'CIRC' and twelvedata name 'China Isotope & Radiation Corporation' are severely mismatched with low name score 0.194. No official evidence provided.,No official evidence to confirm correct name or relationship.
HKEX::03908,03908,HKEX,twelvedata_name_mismatch,uncertain,needs_official_evidence,needs_official_evidence,0.2,Official corporate action records or independent source confirming correct entity for ticker 03908 on HKEX.,Local name 'CICC' and twelvedata name 'China International Capital Corporation Limited' are severely mismatched with low name score 0.194. No official evidence provided.,No official evidence to confirm correct name or relationship.
HKEX::03997,03997,HKEX,twelvedata_name_mismatch,uncertain,needs_official_evidence,needs_official_evidence,0.2,Official corporate action records or independent source confirming correct entity for ticker 03997 on HKEX.,Local name 'TSO' and twelvedata name 'Telecom Service One Holdings Ltd.' are severely mismatched with low name score 0.194. No official evidence provided.,No official evidence to confirm correct name or relationship.
HKEX::02039,02039,HKEX,twelvedata_name_mismatch,uncertain,needs_official_evidence,needs_official_evidence,0.2,Official corporate action records or independent source confirming correct entity for ticker 02039 on HKEX.,Local name 'CIMC' and twelvedata name 'China International Marine Containers Co. Ltd.' are severely mismatched with low name score 0.195. No official evidence provided.,No official evidence to confirm correct name or relationship.
ASX::EV8,EV8,ASX,twelvedata_name_mismatch,uncertain,needs_official_evidence,needs_official_evidence,0.2,Official corporate action records or independent source confirming correct entity for ticker EV8 on ASX.,Local name 'EVERLAST MINERALS LTD.' and twelvedata name 'EV8' are severely mismatched with low name score 0.2. No official evidence provided.,No official evidence to confirm correct name or relationship.
BSE_IN::HIIL,HIIL,BSE_IN,twelvedata_name_mismatch,uncertain,needs_official_evidence,needs_official_evidence,0.2,Official corporate action records or independent source confirming correct entity for ticker HIIL on BSE_IN.,Local name 'Hindusthan Insulators & Industries Ltd' and twelvedata name 'HIIL' are severely mismatched with low name score 0.2. No official evidence provided.,No official evidence to confirm correct name or relationship.
HKEX::01915,01915,HKEX,twelvedata_name_mismatch,uncertain,needs_official_evidence,needs_official_evidence,0.2,Official corporate action records or independent source confirming correct entity for ticker 01915 on HKEX.,Local name 'TAIHE M-FIN' and twelvedata name 'Yangzhou Guangling District Development Co. Ltd.' are severely mismatched with low name score 0.2. No official evidence provided.,No official evidence to confirm correct name or relationship.
HKEX::06682,06682,HKEX,twelvedata_name_mismatch,uncertain,needs_official_evidence,needs_official_evidence,0.2,Official corporate action records or independent source confirming correct entity for ticker 06682 on HKEX.,"Local name 'PHANCY' and twelvedata name 'Beijing Fourth Paradigm Technology Co., Ltd.' are severely mismatched with low name score 0.2. No official evidence provided.",No official evidence to confirm correct name or relationship.
LSE::0NEX,0NEX,LSE,twelvedata_name_mismatch,uncertain,needs_official_evidence,needs_official_evidence,0.2,Official corporate action records or independent source confirming correct entity for ticker 0NEX on LSE.,Local name 'Orpea SA' and twelvedata name 'Emeis SA' are severely mismatched with low name score 0.2. No official evidence provided.,No official evidence to confirm correct name or relationship.
LSE::0QQI,0QQI,LSE,twelvedata_name_mismatch,uncertain,needs_official_evidence,needs_official_evidence,0.2,Official corporate action records or independent source confirming correct entity for ticker 0QQI on LSE.,Local name 'HT5 AG' and twelvedata name 'Centiel AG' are severely mismatched with low name score 0.2. No official evidence provided.,No official evidence to confirm correct name or relationship.
HKEX::01165,01165,HKEX,twelvedata_name_mismatch,uncertain,needs_official_evidence,needs_official_evidence,0.2,Official corporate action records or independent source confirming correct entity for ticker 01165 on HKEX.,Local name 'SFCE' and twelvedata name 'Shunfeng International Clean Energy Ltd.' are severely mismatched with low name score 0.205. No official evidence provided.,No official evidence to confirm correct name or relationship.
HKEX::01640,01640,HKEX,twelvedata_name_mismatch,uncertain,needs_official_evidence,needs_official_evidence,0.2,Official corporate action records or independent source confirming correct entity for ticker 01640 on HKEX.,Local name 'QIAN XUN TECH' and twelvedata name 'Ruicheng China Media Group Ltd.' are severely mismatched with low name score 0.205. No official evidence provided.,No official evidence to confirm correct name or relationship.
HKEX::01698,01698,HKEX,twelvedata_name_mismatch,uncertain,needs_official_evidence,needs_official_evidence,0.2,Official corporate action records or independent source confirming correct entity for ticker 01698 on HKEX.,Local name 'TME-SW' and twelvedata name 'Tencent Music Entertainment Group' are severely mismatched with low name score 0.205. No official evidence provided.,No official evidence to confirm correct name or relationship.
LSE::TGP,TGP,LSE,twelvedata_name_mismatch,uncertain,needs_official_evidence,needs_official_evidence,0.2,Official corporate action records or independent source confirming correct entity for ticker TGP on LSE.,Local name 'Tekmar Group plc' and twelvedata name 'Orange County Revenue Bonds' are severely mismatched with low name score 0.205. No official evidence provided.,No official evidence to confirm correct name or relationship.
BSE_IN::RAGHUTOB,RAGHUTOB,BSE_IN,twelvedata_name_mismatch,uncertain,needs_official_evidence,needs_official_evidence,0.2,Official corporate action records or independent source confirming correct entity for ticker RAGHUTOB on BSE_IN.,Local name 'Raghunath Tobacco Company Ltd' and twelvedata name 'RTCL Ltd.' are severely mismatched with low name score 0.207. No official evidence provided.,No official evidence to confirm correct name or relationship.
HKEX::01288,01288,HKEX,twelvedata_name_mismatch,uncertain,needs_official_evidence,needs_official_evidence,0.2,Official issuer name and any historical name changes for ticker 01288 on HKEX. Verify if Agricultural Bank of China Ltd. is the correct issuer.,"Local name 'ABC' is an abbreviation; Twelve Data name 'Agricultural Bank of China Ltd.' is a full name. Low name score (0.207) indicates mismatch, but could be same entity. No official evidence provided.",No official evidence to confirm identity or rename.
HKEX::08050,08050,HKEX,twelvedata_name_mismatch,uncertain,needs_official_evidence,needs_official_evidence,0.2,Official issuer name for ticker 08050 on HKEX. Verify if Quantum Thinking Ltd. is correct or if a rename occurred.,Local name 'CITY COOLXUAN' and Twelve Data name 'Quantum Thinking Ltd.' are completely different. Low name score (0.207) suggests possible different security or rename. No official evidence.,No official evidence to confirm identity or rename.
LSE::0H3Q,0H3Q,LSE,twelvedata_name_mismatch,uncertain,needs_official_evidence,needs_official_evidence,0.2,Official issuer name for ticker 0H3Q on LSE. Verify if DHL Group AG is the current name for Deutsche Post AG.,Local name 'Deutsche Post AG NA O.N.' and Twelve Data name 'DHL Group AG' may refer to same entity after rename. Low name score (0.207) but plausible. No official evidence of rename.,No official evidence of name change.
TSE::1887,1887,TSE,twelvedata_name_mismatch,uncertain,needs_official_evidence,needs_official_evidence,0.2,Official issuer name for ticker 1887 on TSE. Verify if Jardine Strategic Holdings Limited is correct or if JDC Corporation is a different entity.,Local name 'JDC CORPORATION' and Twelve Data name 'Jardine Strategic Holdings Limited' are completely different. Low name score (0.207) suggests possible different security. No official evidence.,No official evidence to confirm identity.
B3::VXXV11,VXXV11,B3,twelvedata_name_mismatch,uncertain,needs_official_evidence,needs_official_evidence,0.2,Official issuer name for ticker VXXV11 on B3. Verify if VX XVI Fundo de Investimento Imobiliário is the correct name for GENESIS MULTIESTRATÉGIA FII.,Local name 'GENESIS MULTIESTRATÉGIA FII' and Twelve Data name 'VX XVI Fundo de Investimento Imobiliário' are different. Low name score (0.209) suggests possible different fund. No official evidence.,No official evidence to confirm identity.
BSE_IN::CLFL,CLFL,BSE_IN,twelvedata_name_mismatch,uncertain,needs_official_evidence,needs_official_evidence,0.2,Official issuer name for ticker CLFL on BSE. Verify if Ruchi Infrastructure Ltd. is correct or if Classic Leasing & Finance Ltd is a different entity.,Local name 'Classic Leasing & Finance Ltd' and Twelve Data name 'Ruchi Infrastructure Ltd.' are completely different. Low name score (0.213) suggests possible different security. No official evidence.,No official evidence to confirm identity.
HKEX::01447,01447,HKEX,twelvedata_name_mismatch,uncertain,needs_official_evidence,needs_official_evidence,0.2,Official issuer name for ticker 01447 on HKEX. Verify if SFK Construction Holdings Limited is the correct full name for 'SFK'.,Local name 'SFK' is an abbreviation; Twelve Data name 'SFK Construction Holdings Limited' is a full name. Low name score (0.214) but likely same entity. No official evidence.,No official evidence to confirm identity.
HKEX::01931,01931,HKEX,twelvedata_name_mismatch,uncertain,needs_official_evidence,needs_official_evidence,0.2,Official issuer name for ticker 01931 on HKEX. Verify if Ivd Medical Holding Ltd. is correct or if ETHK LABS INC. is a different entity.,Local name 'ETHK LABS INC.' and Twelve Data name 'Ivd Medical Holding Ltd.' are completely different. Low name score (0.214) suggests possible different security. No official evidence.,No official evidence to confirm identity.
HKEX::08217,08217,HKEX,twelvedata_name_mismatch,uncertain,needs_official_evidence,needs_official_evidence,0.2,Official issuer name for ticker 08217 on HKEX. Verify if Wmhw Holdings Ltd. is correct or if JU FU TANG BIOT is a different entity.,Local name 'JU FU TANG BIOT' and Twelve Data name 'Wmhw Holdings Ltd.' are completely different. Low name score (0.214) suggests possible different security. No official evidence.,No official evidence to confirm identity.
HKEX::08223,08223,HKEX,twelvedata_name_mismatch,uncertain,needs_official_evidence,needs_official_evidence,0.2,Official issuer name for ticker 08223 on HKEX. Verify if Ziyuanyuan Holdings Group Ltd. is the correct full name for 'ZYY'.,Local name 'ZYY' is an abbreviation; Twelve Data name 'Ziyuanyuan Holdings Group Ltd.' is a full name. Low name score (0.214) but likely same entity. No official evidence.,No official evidence to confirm identity.
LSE::0IE9,0IE9,LSE,twelvedata_name_mismatch,uncertain,needs_official_evidence,needs_official_evidence,0.2,"Official issuer name for ticker 0IE9 on LSE. Verify if Semapa - Sociedade de Investimento e Gestão, SGPS, S.A. is the correct full name for 'Semapa'.",Local name 'Semapa' is a short name; Twelve Data name is the full legal name. Low name score (0.214) but likely same entity. No official evidence.,No official evidence to confirm identity.
LSE::0J9C,0J9C,LSE,twelvedata_name_mismatch,uncertain,needs_official_evidence,needs_official_evidence,0.2,Official issuer name for ticker 0J9C on LSE. Verify if Dürr Aktiengesellschaft is the correct full name for 'Duerr AG'.,Local name 'Duerr AG' and Twelve Data name 'Dürr Aktiengesellschaft' are similar but different legal forms. Low name score (0.214) but likely same entity. No official evidence.,No official evidence to confirm identity.
BSE_IN::JSTL,JSTL,BSE_IN,twelvedata_name_mismatch,uncertain,needs_official_evidence,needs_official_evidence,0.2,Official issuer name for ticker JSTL on BSE. Verify if JSW Steel Ltd. is correct or if Jeevan Scientific Technology Ltd is a different entity.,Local name 'Jeevan Scientific Technology Ltd' and Twelve Data name 'JSW Steel Ltd.' are completely different. Low name score (0.216) suggests possible different security. No official evidence.,No official evidence to confirm identity.
HKEX::01636,01636,HKEX,twelvedata_name_mismatch,uncertain,needs_official_evidence,needs_official_evidence,0.2,Official issuer name for ticker 01636 on HKEX. Verify if China Metal Resources Utilization Limited is the correct full name for 'CMRU'.,Local name 'CMRU' is an abbreviation; Twelve Data name 'China Metal Resources Utilization Limited' is a full name. Low name score (0.216) but likely same entity. No official evidence.,No official evidence to confirm identity.
HKEX::02312,02312,HKEX,twelvedata_name_mismatch,uncertain,needs_official_evidence,needs_official_evidence,0.2,Official issuer name for ticker 02312 on HKEX. Verify if China Financial Leasing Group Limited is correct or if LONG INV CORP is a different entity.,Local name 'LONG INV CORP' and Twelve Data name 'China Financial Leasing Group Limited' are completely different. Low name score (0.216) suggests possible different security. No official evidence.,No official evidence to confirm identity.
B3::CXCO11,CXCO11,B3,twelvedata_name_mismatch,uncertain,needs_official_evidence,needs_official_evidence,0.2,Official issuer name for ticker CXCO11 on B3. Verify if FII CEF Corp is the correct name for CAIXA IMÓVEIS CORPORATIVOS FII RESP LIM.,Local name 'CAIXA IMÓVEIS CORPORATIVOS FII RESP LIM' and Twelve Data name 'FII CEF Corp' are different. Low name score (0.217) suggests possible different fund. No official evidence.,No official evidence to confirm identity.
HKEX::02515,02515,HKEX,twelvedata_name_mismatch,uncertain,needs_official_evidence,needs_official_evidence,0.2,"Official issuer name for ticker 02515 on HKEX. Verify if Tianjin Construction Development Co., Ltd. is the correct full name for 'TJCD'.","Local name 'TJCD' is an abbreviation; Twelve Data name 'Tianjin Construction Development Co., Ltd.' is a full name. Low name score (0.222) but likely same entity. No official evidence.",No official evidence to confirm identity.
HKEX::02611,02611,HKEX,twelvedata_name_mismatch,uncertain,needs_official_evidence,needs_official_evidence,0.2,"Official issuer name for ticker 02611 on HKEX. Verify if Guotai Junan Securities Co., Ltd. is the correct full name for 'GTHT'.","Local name 'GTHT' is an abbreviation; Twelve Data name 'Guotai Junan Securities Co., Ltd.' is a full name. Low name score (0.222) but likely same entity. No official evidence.",No official evidence to confirm identity.
HKEX::03323,03323,HKEX,twelvedata_name_mismatch,uncertain,needs_official_evidence,needs_official_evidence,0.2,Official issuer name for ticker 03323 on HKEX. Verify if China National Building Material Co. Ltd. is the correct full name for 'CNBM'.,Local name 'CNBM' is an abbreviation; Twelve Data name 'China National Building Material Co. Ltd.' is a full name. Low name score (0.222) but likely same entity. No official evidence.,No official evidence to confirm identity.
HKEX::08118,08118,HKEX,twelvedata_name_mismatch,uncertain,needs_official_evidence,needs_official_evidence,0.2,Official issuer name for ticker 08118 on HKEX. Verify if Bortex Global Ltd. is correct or if ZHONGZI INTL H is a different entity.,Local name 'ZHONGZI INTL H' and Twelve Data name 'Bortex Global Ltd.' are completely different. Low name score (0.222) suggests possible different security. No official evidence.,No official evidence to confirm identity.
LSE::0NNU,0NNU,LSE,twelvedata_name_mismatch,uncertain,needs_official_evidence,needs_official_evidence,0.3,"Official corporate action records (e.g., name change filing) or independent source confirming whether Nedap N.V. is the same entity as NV Nederlandsche Apparatenfabriek Nedap.","Name similarity is low (0.222) and severe mismatch. Local name is full Dutch name, TwelveData name is abbreviated. Could be same entity after rename or different. No official evidence provided.",No official evidence of name change or equivalence.
TSE::2970,2970,TSE,twelvedata_name_mismatch,uncertain,needs_official_evidence,needs_official_evidence,0.3,"Official corporate records or reliable source confirming whether Good Life Co., Inc. is the same as GLC GROUP,INC. or if they are distinct.","Low name similarity (0.222) and severe mismatch. Local name is GLC GROUP,INC., TwelveData name is Good Life Co., Inc. Could be rename or different entity. No evidence provided.",No official evidence of equivalence.
B3::FATN11,FATN11,B3,twelvedata_name_mismatch,uncertain,needs_official_evidence,needs_official_evidence,0.3,Official fund documents or regulatory filings confirming whether FII Athena I Fundo de Investimento Imobiliário is the same as BRC RENDA CORPORATIVA FII RESP LIM.,"Low name similarity (0.225) and severe mismatch. Local name is BRC RENDA CORPORATIVA FII RESP LIM, TwelveData name is FII Athena I. Could be rename or different fund. No evidence.",No official evidence of equivalence.
HKEX::01551,01551,HKEX,twelvedata_name_mismatch,uncertain,needs_official_evidence,needs_official_evidence,0.3,Official HKEX filings or corporate registry confirming whether Guangzhou Rural Commercial Bank Co. Ltd. is the same as GRCB.,"Low name similarity (0.229) and severe mismatch. Local name is GRCB (abbreviation), TwelveData name is full name. Likely same entity but no official evidence provided.",No official evidence confirming that GRCB is Guangzhou Rural Commercial Bank.
HKEX::03750,03750,HKEX,twelvedata_name_mismatch,uncertain,needs_official_evidence,needs_official_evidence,0.3,"Official HKEX filings or corporate registry confirming whether Contemporary Amperex Technology Co., Limited is the same as CATL.","Low name similarity (0.229) and severe mismatch. Local name is CATL (abbreviation), TwelveData name is full name. Likely same entity but no official evidence.",No official evidence confirming CATL is Contemporary Amperex Technology.
HKEX::03768,03768,HKEX,twelvedata_name_mismatch,uncertain,needs_official_evidence,needs_official_evidence,0.3,"Official HKEX filings or corporate registry confirming whether Kunming Dianchi Water Treatment Co., Ltd. is the same as DCWT.","Low name similarity (0.229) and severe mismatch. Local name is DCWT (abbreviation), TwelveData name is full name. Likely same entity but no official evidence.",No official evidence confirming DCWT is Kunming Dianchi Water Treatment.
HKEX::08269,08269,HKEX,twelvedata_name_mismatch,uncertain,needs_official_evidence,needs_official_evidence,0.3,Official HKEX filings or corporate registry confirming whether Wealth Glory Holdings Ltd. is the same as GO UP EDU TECH.,"Low name similarity (0.229) and severe mismatch. Local name is GO UP EDU TECH, TwelveData name is Wealth Glory Holdings Ltd. Could be rename or different entity. No evidence.",No official evidence of equivalence.
TSE::7381,7381,TSE,twelvedata_name_mismatch,uncertain,needs_official_evidence,needs_official_evidence,0.3,"Official TSE filings or corporate registry confirming whether Hokkoku Financial Holdings Inc. is the same as CCI Group,Inc.","Low name similarity (0.229) and severe mismatch. Local name is CCI Group,Inc., TwelveData name is Hokkoku Financial Holdings Inc. Could be rename or different entity. No evidence.",No official evidence of equivalence.
ASX::ADG,ADG,ASX,twelvedata_name_mismatch,uncertain,needs_official_evidence,needs_official_evidence,0.3,Official ASX filings or corporate registry confirming whether Amara Minerals Limited is the same as ADELONG GOLD LIMITED.,"Low name similarity (0.231) and severe mismatch. Local name is ADELONG GOLD LIMITED, TwelveData name is Amara Minerals Limited. Could be rename or different entity. No evidence.",No official evidence of equivalence.
HKEX::01421,01421,HKEX,twelvedata_name_mismatch,uncertain,needs_official_evidence,needs_official_evidence,0.3,Official HKEX filings or corporate registry confirming whether Kingbo Strike Limited is the same as PROSP GP INTL.,"Low name similarity (0.231) and severe mismatch. Local name is PROSP GP INTL, TwelveData name is Kingbo Strike Limited. Could be rename or different entity. No evidence.",No official evidence of equivalence.
HKEX::06881,06881,HKEX,twelvedata_name_mismatch,uncertain,needs_official_evidence,needs_official_evidence,0.3,"Official HKEX filings or corporate registry confirming whether China Galaxy Securities Co., Ltd. is the same as CGS.","Low name similarity (0.231) and severe mismatch. Local name is CGS (abbreviation), TwelveData name is full name. Likely same entity but no official evidence.",No official evidence confirming CGS is China Galaxy Securities.
LSE::0KAS,0KAS,LSE,twelvedata_name_mismatch,uncertain,needs_official_evidence,needs_official_evidence,0.3,Official LSE filings or corporate registry confirming whether Onity Group Inc. is the same as Ocwen Financial Corp.,"Low name similarity (0.231) and severe mismatch. Local name is Ocwen Financial Corp., TwelveData name is Onity Group Inc. Could be rename or different entity. No evidence.",No official evidence of equivalence.
HKEX::01660,01660,HKEX,twelvedata_name_mismatch,uncertain,needs_official_evidence,needs_official_evidence,0.3,Official HKEX filings or corporate registry confirming whether Zhaobangji Lifestyle Holdings Limited is the same as SEVEN ELEMENTS.,"Low name similarity (0.233) and severe mismatch. Local name is SEVEN ELEMENTS, TwelveData name is Zhaobangji Lifestyle Holdings Limited. Could be rename or different entity. No evidence.",No official evidence of equivalence.
LSE::0NP8,0NP8,LSE,twelvedata_name_mismatch,uncertain,needs_official_evidence,needs_official_evidence,0.3,"Official LSE filings or corporate registry confirming whether Automatic Data Processing, Inc. is the same as Aeroports de Paris SA.","Low name similarity (0.233) and severe mismatch. Local name is Aeroports de Paris SA, TwelveData name is Automatic Data Processing, Inc. Very likely different entities. No evidence.",No official evidence of equivalence; names suggest different companies.
HKEX::09889,09889,HKEX,twelvedata_name_mismatch,uncertain,needs_official_evidence,needs_official_evidence,0.3,"Official HKEX filings or corporate registry confirming whether Dongguan Rural Commercial Bank Co., Ltd. is the same as DRCB.","Low name similarity (0.235) and severe mismatch. Local name is DRCB (abbreviation), TwelveData name is full name. Likely same entity but no official evidence.",No official evidence confirming DRCB is Dongguan Rural Commercial Bank.
LSE::HDD,HDD,LSE,twelvedata_name_mismatch,uncertain,needs_official_evidence,needs_official_evidence,0.3,Official LSE filings or corporate registry confirming whether Heidelberger Druckmaschinen AG is the same as Hardide PLC.,"Low name similarity (0.235) and severe mismatch. Local name is Hardide PLC, TwelveData name is Heidelberger Druckmaschinen AG. Very likely different entities. No evidence.",No official evidence of equivalence; names suggest different companies.
HKEX::03708,03708,HKEX,twelvedata_name_mismatch,uncertain,needs_official_evidence,needs_official_evidence,0.3,Official HKEX filings or corporate registry confirming whether China Supply Chain Holdings Ltd. is the same as WORLD DIGI ECON.,"Low name similarity (0.238) and severe mismatch. Local name is WORLD DIGI ECON, TwelveData name is China Supply Chain Holdings Ltd. Could be rename or different entity. No evidence.",No official evidence of equivalence.
HKEX::06189,06189,HKEX,twelvedata_name_mismatch,uncertain,needs_official_evidence,needs_official_evidence,0.3,Official HKEX filings or corporate registry confirming whether Guangdong Adway Construction Holdings Ltd. is the same as ADWAY.,"Low name similarity (0.238) and severe mismatch. Local name is ADWAY (abbreviation), TwelveData name is full name. Likely same entity but no official evidence.",No official evidence confirming ADWAY is Guangdong Adway Construction Holdings.
LSE::GPE,GPE,LSE,twelvedata_name_mismatch,uncertain,needs_official_evidence,needs_official_evidence,0.3,Official LSE filings or corporate registry confirming whether ICG Enterprise Trust Plc is the same as GREAT PORTLAND ESTATES PLC.,"Low name similarity (0.238) and severe mismatch. Local name is GREAT PORTLAND ESTATES PLC, TwelveData name is ICG Enterprise Trust Plc. Very likely different entities. No evidence.",No official evidence of equivalence; names suggest different companies.
B3::VOTS11,VOTS11,B3,twelvedata_name_mismatch,uncertain,needs_official_evidence,needs_official_evidence,0.3,Official B3 fund documents or regulatory filings confirming whether FII V Master Fund is the same as TIVIO SECURITIES FUNDO DE INVESTIMENTO IMOBILIÁRIO.,"Low name similarity (0.239) and severe mismatch. Local name is TIVIO SECURITIES FUNDO..., TwelveData name is FII V Master Fund. Could be rename or different fund. No evidence.",No official evidence of equivalence.
ASX::PLC,PLC,ASX,twelvedata_name_mismatch,uncertain,needs_official_evidence,needs_official_evidence,0.0,"Official evidence (e.g., corporate filings, exchange announcements) to confirm whether PLC Resources Limited renamed to Premier1 Lithium Limited or if these are distinct securities.",Severe name mismatch with low similarity score (0.24). No official evidence provided to determine if it's a rename or different security.,No official evidence to support either rename or distinct security classification.
ASX::PLS,PLS,ASX,twelvedata_name_mismatch,uncertain,needs_official_evidence,needs_official_evidence,0.0,Official evidence to confirm whether PLS GROUP LIMITED renamed to Pilbara Minerals Ltd. or if these are distinct securities.,Severe name mismatch with low similarity score (0.24). No official evidence provided.,No official evidence to support either rename or distinct security classification.
HKEX::01618,01618,HKEX,twelvedata_name_mismatch,uncertain,needs_official_evidence,needs_official_evidence,0.0,Official evidence to confirm whether MCC renamed to Metallurgical Corporation of China Ltd. or if these are distinct securities.,Severe name mismatch with low similarity score (0.24). No official evidence provided.,No official evidence to support either rename or distinct security classification.
HKEX::01951,01951,HKEX,twelvedata_name_mismatch,uncertain,needs_official_evidence,needs_official_evidence,0.0,Official evidence to confirm whether JXR renamed to Jinxin Fertility Group Ltd. or if these are distinct securities.,Severe name mismatch with low similarity score (0.24). No official evidence provided.,No official evidence to support either rename or distinct security classification.
HKEX::06162,06162,HKEX,twelvedata_name_mismatch,uncertain,needs_official_evidence,needs_official_evidence,0.0,"Official evidence to confirm whether TR INTERIORS renamed to China Tianrui Automotive Systems Group Co., Ltd. or if these are distinct securities.",Severe name mismatch with low similarity score (0.24). No official evidence provided.,No official evidence to support either rename or distinct security classification.
HKEX::06877,06877,HKEX,twelvedata_name_mismatch,uncertain,needs_official_evidence,needs_official_evidence,0.0,Official evidence to confirm whether TE HEALTHCARE renamed to CLSA Premium Ltd. or if these are distinct securities.,Severe name mismatch with low similarity score (0.24). No official evidence provided.,No official evidence to support either rename or distinct security classification.
LSE::0MKH,0MKH,LSE,twelvedata_name_mismatch,uncertain,needs_official_evidence,needs_official_evidence,0.0,Official evidence to confirm whether OMV Aktiengesellschaft renamed to OMV AG or if these are distinct securities.,Severe name mismatch with low similarity score (0.24). No official evidence provided.,No official evidence to support either rename or distinct security classification.
HKEX::01697,01697,HKEX,twelvedata_name_mismatch,uncertain,needs_official_evidence,needs_official_evidence,0.0,Official evidence to confirm whether SDITC renamed to Shandong International Trust Co. Ltd. or if these are distinct securities.,Severe name mismatch with low similarity score (0.242). No official evidence provided.,No official evidence to support either rename or distinct security classification.
HKEX::02601,02601,HKEX,twelvedata_name_mismatch,uncertain,needs_official_evidence,needs_official_evidence,0.0,"Official evidence to confirm whether CPIC renamed to China Pacific Insurance Group Co., Ltd. or if these are distinct securities.",Severe name mismatch with low similarity score (0.242). No official evidence provided.,No official evidence to support either rename or distinct security classification.
HKEX::09900,09900,HKEX,twelvedata_name_mismatch,uncertain,needs_official_evidence,needs_official_evidence,0.0,Official evidence to confirm whether ZCLOUD TECH CON renamed to Gain Plus Holdings Ltd. or if these are distinct securities.,Severe name mismatch with low similarity score (0.242). No official evidence provided.,No official evidence to support either rename or distinct security classification.
HKEX::01939,01939,HKEX,twelvedata_name_mismatch,uncertain,needs_official_evidence,needs_official_evidence,0.0,Official evidence to confirm whether SHANGSHAN GOLD renamed to Tokyo Chuo Auction Holdings Ltd. or if these are distinct securities.,Severe name mismatch with low similarity score (0.244). No official evidence provided.,No official evidence to support either rename or distinct security classification.
B3::CTBA11B,CTBA11B,B3,twelvedata_name_mismatch,uncertain,needs_official_evidence,needs_official_evidence,0.0,Official evidence to confirm whether PREFEITURA MUNICIPAL DE CURITIBA renamed to Cepac - Linha Verde or if these are distinct securities.,Severe name mismatch with low similarity score (0.245). No official evidence provided.,No official evidence to support either rename or distinct security classification.
HKEX::06058,06058,HKEX,twelvedata_name_mismatch,uncertain,needs_official_evidence,needs_official_evidence,0.0,Official evidence to confirm whether CISI FIN renamed to China Industrial Securities International Financial Group Limited or if these are distinct securities.,Severe name mismatch with low similarity score (0.246). No official evidence provided.,No official evidence to support either rename or distinct security classification.
B3::FLMA11,FLMA11,B3,twelvedata_name_mismatch,uncertain,needs_official_evidence,needs_official_evidence,0.0,Official evidence to confirm whether FII CONTINENTAL SQUARE FARIA LIMA RESP LIM renamed to Fundo de Investimento Imobiliário Floripa Mall or if these are distinct securities.,Severe name mismatch with low similarity score (0.25). No official evidence provided.,No official evidence to support either rename or distinct security classification.
HKEX::01658,01658,HKEX,twelvedata_name_mismatch,uncertain,needs_official_evidence,needs_official_evidence,0.0,"Official evidence to confirm whether PSBC renamed to Postal Savings Bank of China Co., Ltd. or if these are distinct securities.",Severe name mismatch with low similarity score (0.25). No official evidence provided.,No official evidence to support either rename or distinct security classification.
HKEX::01959,01959,HKEX,twelvedata_name_mismatch,uncertain,needs_official_evidence,needs_official_evidence,0.0,Official evidence to confirm whether ZHONG JU INVEST renamed to Centenary United Holdings Limited or if these are distinct securities.,Severe name mismatch with low similarity score (0.25). No official evidence provided.,No official evidence to support either rename or distinct security classification.
HKEX::08622,08622,HKEX,twelvedata_name_mismatch,uncertain,needs_official_evidence,needs_official_evidence,0.0,Official evidence to confirm whether JOYZYME GROUP renamed to Huakang Biomedical Holdings Ltd. or if these are distinct securities.,Severe name mismatch with low similarity score (0.25). No official evidence provided.,No official evidence to support either rename or distinct security classification.
HKEX::01503,01503,HKEX,twelvedata_name_mismatch,uncertain,needs_official_evidence,needs_official_evidence,0.0,Official evidence to confirm whether CMC REIT renamed to China Merchants Commercial Real Estate Investment Trust or if these are distinct securities.,Severe name mismatch with low similarity score (0.254). No official evidence provided.,No official evidence to support either rename or distinct security classification.
HKEX::02519,02519,HKEX,twelvedata_name_mismatch,uncertain,needs_official_evidence,needs_official_evidence,0.0,Official evidence to confirm whether AUGROUP renamed to Augroup Shenzhen Cross-border E-commerce Company Limited or if these are distinct securities.,Severe name mismatch with low similarity score (0.255). No official evidence provided.,No official evidence to support either rename or distinct security classification.
HKEX::08125,08125,HKEX,twelvedata_name_mismatch,uncertain,needs_official_evidence,needs_official_evidence,0.0,Official evidence to confirm whether CHINA NEW HLDGS renamed to Royal Century Resources Holdings Ltd. or if these are distinct securities.,Severe name mismatch with low similarity score (0.255). No official evidence provided.,No official evidence to support either rename or distinct security classification.
HKEX::02433,02433,HKEX,twelvedata_name_mismatch,uncertain,needs_official_evidence,needs_official_evidence,0.3,"Official corporate action records or issuer filings confirming whether 'ZT HN GROUP' renamed to 'Zhongtian Construction Hunan Co., Ltd.' or if these are different securities.",Severe name mismatch with low similarity score. Local name is an abbreviation; TwelveData name is a full legal name. No official evidence provided to confirm identity or rename.,No official evidence to confirm whether this is a rename or a different security.
LSE::0K76,0K76,LSE,twelvedata_name_mismatch,uncertain,needs_official_evidence,needs_official_evidence,0.3,Official corporate action records or issuer filings confirming whether 'New Residential Investment Corp.' renamed to 'Rithm Capital Corp.' or if these are different securities.,Severe name mismatch with low similarity score. Local name is 'New Residential Investment Corp.' while TwelveData name is 'Rithm Capital Corp.' No official evidence provided.,No official evidence to confirm whether this is a rename or a different security.
HKEX::01060,01060,HKEX,twelvedata_name_mismatch,uncertain,needs_official_evidence,needs_official_evidence,0.3,Official corporate action records or issuer filings confirming whether 'DAMAI ENT' renamed to 'Alibaba Pictures Group Ltd.' or if these are different securities.,Severe name mismatch with low similarity score. Local name is an abbreviation; TwelveData name is a different entity. No official evidence provided.,No official evidence to confirm whether this is a rename or a different security.
HKEX::01308,01308,HKEX,twelvedata_name_mismatch,uncertain,needs_official_evidence,needs_official_evidence,0.3,"Official corporate action records or issuer filings confirming whether 'SITC' is the same as 'SITC International Holdings Co., Ltd.' or if these are different securities.",Severe name mismatch with low similarity score. Local name is an abbreviation; TwelveData name is a full legal name. No official evidence provided.,No official evidence to confirm whether this is a rename or a different security.
HKEX::01847,01847,HKEX,twelvedata_name_mismatch,uncertain,needs_official_evidence,needs_official_evidence,0.3,Official corporate action records or issuer filings confirming whether 'GHPC' renamed to 'YCIH Green High-Performance Co. Ltd.' or if these are different securities.,Severe name mismatch with low similarity score. Local name is an abbreviation; TwelveData name is a different entity. No official evidence provided.,No official evidence to confirm whether this is a rename or a different security.
B3::AFHI11,AFHI11,B3,twelvedata_name_mismatch,uncertain,needs_official_evidence,needs_official_evidence,0.3,Official fund documents or regulatory filings confirming whether 'AF INVEST CRI FII - RECEBÍVEIS IMOB RESP LIM' is the same as 'FII AFHI CRI' or if these are different funds.,Severe name mismatch with low similarity score. Local name is a long descriptive name; TwelveData name is an abbreviation. No official evidence provided.,No official evidence to confirm whether this is a rename or a different security.
TSE::75505,75505,TSE,twelvedata_name_mismatch,uncertain,needs_official_evidence,needs_official_evidence,0.3,"Official corporate action records or issuer filings confirming whether 'Series 1 Bond-Type Class Shares of ZENSHO HOLDINGS CO.,LTD.' is the same as 'Zensho Holdings Co., Ltd. Bond-Type Cumulative Preferred Registered Series 1' or if these are different securities.",Severe name mismatch with low similarity score. Both names refer to similar instruments but wording differs. No official evidence provided.,No official evidence to confirm whether this is a rename or a different security.
HKEX::02600,02600,HKEX,twelvedata_name_mismatch,uncertain,needs_official_evidence,needs_official_evidence,0.3,Official corporate action records or issuer filings confirming whether 'CHALCO' is the same as 'Aluminum Corporation of China Ltd.' or if these are different securities.,Severe name mismatch with low similarity score. Local name is an abbreviation; TwelveData name is a full legal name. No official evidence provided.,No official evidence to confirm whether this is a rename or a different security.
HKEX::06990,06990,HKEX,twelvedata_name_mismatch,uncertain,needs_official_evidence,needs_official_evidence,0.3,"Official corporate action records or issuer filings confirming whether 'SKB BIO' renamed to 'Sichuan Kelun-Biotech Biopharmaceutical Co., Ltd.' or if these are different securities.",Severe name mismatch with low similarity score. Local name is an abbreviation; TwelveData name is a full legal name. No official evidence provided.,No official evidence to confirm whether this is a rename or a different security.
LSE::0QGG,0QGG,LSE,twelvedata_name_mismatch,uncertain,needs_official_evidence,needs_official_evidence,0.3,Official corporate action records or issuer filings confirming whether 'DIC Asset AG' renamed to 'Branicks Group AG' or if these are different securities.,Severe name mismatch with low similarity score. Local name is 'DIC Asset AG'; TwelveData name is 'Branicks Group AG'. No official evidence provided.,No official evidence to confirm whether this is a rename or a different security.
LSE::RE,RE,LSE,twelvedata_name_mismatch,uncertain,needs_official_evidence,needs_official_evidence,0.3,Official corporate action records or issuer filings confirming whether 'R.E.A. Holdings plc' is the same as 'Colas S.A.' or if these are different securities.,Severe name mismatch with low similarity score. Local name is 'R.E.A. Holdings plc'; TwelveData name is 'Colas S.A.'. No official evidence provided.,No official evidence to confirm whether this is a rename or a different security.
TSE::3647,3647,TSE,twelvedata_name_mismatch,uncertain,needs_official_evidence,needs_official_evidence,0.3,"Official corporate action records or issuer filings confirming whether 'ASULINA Co.,Ltd.' renamed to 'G Three Holdings Corp.' or if these are different securities.","Severe name mismatch with low similarity score. Local name is 'ASULINA Co.,Ltd.'; TwelveData name is 'G Three Holdings Corp.'. No official evidence provided.",No official evidence to confirm whether this is a rename or a different security.
HKEX::02889,02889,HKEX,twelvedata_name_mismatch,uncertain,needs_official_evidence,needs_official_evidence,0.3,Official corporate action records or issuer filings confirming whether 'PATEO' is the same as 'Pateo Connect Technology (Shanghai) Corporation' or if these are different securities.,Severe name mismatch with low similarity score. Local name is an abbreviation; TwelveData name is a full legal name. No official evidence provided.,No official evidence to confirm whether this is a rename or a different security.
LSE::0LUG,0LUG,LSE,twelvedata_name_mismatch,uncertain,needs_official_evidence,needs_official_evidence,0.3,Official corporate action records or issuer filings confirming whether 'Weibo Corporation' is the same as 'Weibo Corporation American Depositary Receipt' or if these are different securities.,Severe name mismatch with low similarity score. Local name is 'Weibo Corporation'; TwelveData name includes 'American Depositary Receipt'. No official evidence provided.,No official evidence to confirm whether this is a rename or a different security.
LSE::0MW2,0MW2,LSE,twelvedata_name_mismatch,uncertain,needs_official_evidence,needs_official_evidence,0.3,Official corporate action records or issuer filings confirming whether 'Stockmann Oyj Series B' renamed to 'Lindex Group Oyj' or if these are different securities.,Severe name mismatch with low similarity score. Local name is 'Stockmann Oyj Series B'; TwelveData name is 'Lindex Group Oyj'. No official evidence provided.,No official evidence to confirm whether this is a rename or a different security.
BSE_IN::BGIL,BGIL,BSE_IN,twelvedata_name_mismatch,uncertain,needs_official_evidence,needs_official_evidence,0.3,Official corporate action records or issuer filings confirming whether 'BGIL Films & Technologies Ltd' renamed to 'Bharatiya Global Infomedia Limited' or if these are different securities.,Severe name mismatch with low similarity score. Local name is 'BGIL Films & Technologies Ltd'; TwelveData name is 'Bharatiya Global Infomedia Limited'. No official evidence provided.,No official evidence to confirm whether this is a rename or a different security.
B3::RNGO11,RNGO11,B3,twelvedata_name_mismatch,uncertain,needs_official_evidence,needs_official_evidence,0.3,Official fund documents or regulatory filings confirming whether 'RIO NEGRO - FII RESP LIM' is the same as 'Rio Bravo Fundo de Investimento Imobiliário Renda de Escritórios - FII' or if these are different funds.,Severe name mismatch with low similarity score. Local name is an abbreviation; TwelveData name is a full fund name. No official evidence provided.,No official evidence to confirm whether this is a rename or a different security.
HKEX::06099,06099,HKEX,twelvedata_name_mismatch,uncertain,needs_official_evidence,needs_official_evidence,0.3,Official corporate action records or issuer filings confirming whether 'CMSC' is the same as 'China Merchants Securities Co. Ltd.' or if these are different securities.,Severe name mismatch with low similarity score. Local name is an abbreviation; TwelveData name is a full legal name. No official evidence provided.,No official evidence to confirm whether this is a rename or a different security.
HKEX::08375,08375,HKEX,twelvedata_name_mismatch,uncertain,needs_official_evidence,needs_official_evidence,0.3,Official corporate action records or issuer filings confirming whether 'DATA UNION CAP' renamed to 'Vertical International Holdings Ltd.' or if these are different securities.,Severe name mismatch with low similarity score. Local name is an abbreviation; TwelveData name is a different entity. No official evidence provided.,No official evidence to confirm whether this is a rename or a different security.
B3::CXAG11,CXAG11,B3,twelvedata_name_mismatch,uncertain,needs_official_evidence,needs_official_evidence,0.3,Official fund documents or regulatory filings confirming whether 'FII CAIXA AGÊNCIAS RESP LIM' is the same as 'Caixa Econômica Federal Asset Management' or if these are different funds.,Severe name mismatch with low similarity score. Local name is a fund name; TwelveData name is an asset manager name. No official evidence provided.,No official evidence to confirm whether this is a rename or a different security.
B3::CGAS3,CGAS3,B3,twelvedata_name_mismatch,uncertain,needs_official_evidence,needs_official_evidence,0.3,"Official issuer name, ISIN, or corporate action history to confirm whether Comgás S.A. is the same entity as CIA GAS DE SAO PAULO - COMGAS.",Local name and twelvedata name differ significantly; name score is low. No official evidence provided to confirm identity or rename.,No official evidence to confirm whether this is a rename or different security.
HKEX::01027,01027,HKEX,twelvedata_name_mismatch,uncertain,needs_official_evidence,needs_official_evidence,0.3,"Official issuer name, ISIN, or corporate action history to confirm whether China Jicheng Holdings Ltd. is the same entity as ASIA STRAT TECH.",Local name and twelvedata name differ significantly; name score is low. No official evidence provided to confirm identity or rename.,No official evidence to confirm whether this is a rename or different security.
LSE::0A2T,0A2T,LSE,twelvedata_name_mismatch,uncertain,needs_official_evidence,needs_official_evidence,0.3,"Official issuer name, ISIN, or corporate action history to confirm whether Qudian Inc. Sponsored ADR is the same entity as High Templar Tech Limited.",Local name and twelvedata name differ significantly; name score is low. No official evidence provided to confirm identity or rename.,No official evidence to confirm whether this is a rename or different security.
LSE::0FMN,0FMN,LSE,twelvedata_name_mismatch,uncertain,needs_official_evidence,needs_official_evidence,0.3,"Official issuer name, ISIN, or corporate action history to confirm whether ORLEN S.A. is the same entity as Polski Koncern Naftowy ORLEN SA.",Local name and twelvedata name differ significantly; name score is low. No official evidence provided to confirm identity or rename.,No official evidence to confirm whether this is a rename or different security.
LSE::NAS,NAS,LSE,twelvedata_name_mismatch,uncertain,needs_official_evidence,needs_official_evidence,0.3,"Official issuer name, ISIN, or corporate action history to confirm whether Norwegian Air Shuttle ASA is the same entity as North Atlantic Smaller Companies Investment Trust PLC.",Local name and twelvedata name differ significantly; name score is low. No official evidence provided to confirm identity or rename.,No official evidence to confirm whether this is a rename or different security.
B3::LPLP11,LPLP11,B3,twelvedata_name_mismatch,uncertain,needs_official_evidence,needs_official_evidence,0.3,"Official issuer name, ISIN, or corporate action history to confirm whether FII Lago PDR is the same entity as LAGO DA PEDRA - FUNDO DE INVESTIMENTO IMOBILIÁRIO.",Local name and twelvedata name differ significantly; name score is low. No official evidence provided to confirm identity or rename.,No official evidence to confirm whether this is a rename or different security.
BSE_IN::RCCL,RCCL,BSE_IN,twelvedata_name_mismatch,uncertain,needs_official_evidence,needs_official_evidence,0.3,"Official issuer name, ISIN, or corporate action history to confirm whether RCC Cement Ltd. is the same entity as Rajasthan Cylinders & Containers Ltd.",Local name and twelvedata name differ significantly; name score is low. No official evidence provided to confirm identity or rename.,No official evidence to confirm whether this is a rename or different security.
HKEX::08320,08320,HKEX,twelvedata_name_mismatch,uncertain,needs_official_evidence,needs_official_evidence,0.3,"Official issuer name, ISIN, or corporate action history to confirm whether Allied Sustainability and Environmental Consultants Group Limited is the same entity as AEC GROUP.",Local name and twelvedata name differ significantly; name score is low. No official evidence provided to confirm identity or rename.,No official evidence to confirm whether this is a rename or different security.
LSE::0O1R,0O1R,LSE,twelvedata_name_mismatch,uncertain,needs_official_evidence,needs_official_evidence,0.3,"Official issuer name, ISIN, or corporate action history to confirm whether Fraport AG Frankfurt Airport Services Worldwide is the same entity as Fraport AG.",Local name and twelvedata name differ; name score is low. No official evidence provided to confirm identity or rename.,No official evidence to confirm whether this is a rename or different security.
HKEX::08181,08181,HKEX,twelvedata_name_mismatch,uncertain,needs_official_evidence,needs_official_evidence,0.3,"Official issuer name, ISIN, or corporate action history to confirm whether Shi Shi Services Ltd. is the same entity as KS SMART MGMT.",Local name and twelvedata name differ significantly; name score is low. No official evidence provided to confirm identity or rename.,No official evidence to confirm whether this is a rename or different security.
NSE_IN::VCL,VCL,NSE_IN,twelvedata_name_mismatch,uncertain,needs_official_evidence,needs_official_evidence,0.3,"Official issuer name, ISIN, or corporate action history to confirm whether Vishnu Chemicals Ltd. is the same entity as Vaxtex Cotfab Limited.",Local name and twelvedata name differ significantly; name score is low. No official evidence provided to confirm identity or rename.,No official evidence to confirm whether this is a rename or different security.
TSE::6694,6694,TSE,twelvedata_name_mismatch,uncertain,needs_official_evidence,needs_official_evidence,0.3,"Official issuer name, ISIN, or corporate action history to confirm whether Zoom Video Communications, Inc. is the same entity as ZOOM CORPORATION.",Local name and twelvedata name differ significantly; name score is low. No official evidence provided to confirm identity or rename.,No official evidence to confirm whether this is a rename or different security.
HKEX::01875,01875,HKEX,twelvedata_name_mismatch,uncertain,needs_official_evidence,needs_official_evidence,0.3,"Official issuer name, ISIN, or corporate action history to confirm whether Tot Biopharm International Co., Ltd. is the same entity as BIODLINK-B.",Local name and twelvedata name differ significantly; name score is low. No official evidence provided to confirm identity or rename.,No official evidence to confirm whether this is a rename or different security.
LSE::0R9I,0R9I,LSE,twelvedata_name_mismatch,uncertain,needs_official_evidence,needs_official_evidence,0.3,"Official issuer name, ISIN, or corporate action history to confirm whether Vend Marketplaces ASA is the same entity as Schibsted ASA B.",Local name and twelvedata name differ significantly; name score is low. No official evidence provided to confirm identity or rename.,No official evidence to confirm whether this is a rename or different security.
HKEX::01020,01020,HKEX,twelvedata_name_mismatch,uncertain,needs_official_evidence,needs_official_evidence,0.3,"Official issuer name, ISIN, or corporate action history to confirm whether Cybernaut International Holdings Ltd. is the same entity as CIPRUN TECH.",Local name and twelvedata name differ significantly; name score is low. No official evidence provided to confirm identity or rename.,No official evidence to confirm whether this is a rename or different security.
B3::IBCR11,IBCR11,B3,twelvedata_name_mismatch,uncertain,needs_official_evidence,needs_official_evidence,0.3,"Official issuer name, ISIN, or corporate action history to confirm whether BREI Fundo de Investimento Imobiliário is the same entity as FII DE CRI INTEGRAL BREI RESP LIM.",Local name and twelvedata name differ significantly; name score is low. No official evidence provided to confirm identity or rename.,No official evidence to confirm whether this is a rename or different security.
ASX::AAI,AAI,ASX,twelvedata_name_mismatch,uncertain,needs_official_evidence,needs_official_evidence,0.3,"Official issuer name, ISIN, or corporate action history to confirm whether Alcoa Corp CHESS Depositary Receipt is the same entity as ALCOA CORPORATION.",Local name and twelvedata name differ; name score is low. No official evidence provided to confirm identity or rename.,No official evidence to confirm whether this is a rename or different security.
BSE_IN::WOMENNET,WOMENNET,BSE_IN,twelvedata_name_mismatch,uncertain,needs_official_evidence,needs_official_evidence,0.3,"Official issuer name, ISIN, or corporate action history to confirm whether Pagaria Energy Limited is the same entity as Women Networks Ltd.",Local name and twelvedata name differ significantly; name score is low. No official evidence provided to confirm identity or rename.,No official evidence to confirm whether this is a rename or different security.
HKEX::01022,01022,HKEX,twelvedata_name_mismatch,uncertain,needs_official_evidence,needs_official_evidence,0.3,"Official issuer name, ISIN, or corporate action history to confirm whether Feiyu Technology International Co., Ltd. is the same entity as FEIYU.",Local name and twelvedata name differ; name score is low. No official evidence provided to confirm identity or rename.,No official evidence to confirm whether this is a rename or different security.
HKEX::01715,01715,HKEX,twelvedata_name_mismatch,uncertain,needs_official_evidence,needs_official_evidence,0.3,"Official issuer name, ISIN, or corporate action history to confirm whether Volcano Spring International Ltd. is the same entity as AI HEALTH TECH.",Local name and twelvedata name differ significantly; name score is low. No official evidence provided to confirm identity or rename.,No official evidence to confirm whether this is a rename or different security.
HKEX::01828,01828,HKEX,twelvedata_name_mismatch,uncertain,needs_official_evidence,needs_official_evidence,0.3,Official issuer name and any name change history for ticker 01828 on HKEX.,"Local name 'FWD' vs Twelve Data 'FWD Group Holdings Limited' suggests possible abbreviation, but no official evidence provided.",No official evidence to confirm same issuer.
HKEX::02050,02050,HKEX,twelvedata_name_mismatch,uncertain,needs_official_evidence,needs_official_evidence,0.3,Official issuer name and any name change history for ticker 02050 on HKEX.,"Local name 'SANHUA' vs Twelve Data 'Zhejiang Sanhua Intelligent Controls Co., Ltd.' suggests possible abbreviation, but no official evidence provided.",No official evidence to confirm same issuer.
HKEX::02342,02342,HKEX,twelvedata_name_mismatch,uncertain,needs_official_evidence,needs_official_evidence,0.3,Official issuer name and any name change history for ticker 02342 on HKEX.,"Local name 'COMBA' vs Twelve Data 'Comba Telecom Systems Holdings Limited' suggests possible abbreviation, but no official evidence provided.",No official evidence to confirm same issuer.
HKEX::02473,02473,HKEX,twelvedata_name_mismatch,uncertain,needs_official_evidence,needs_official_evidence,0.3,Official issuer name and any name change history for ticker 02473 on HKEX.,"Local name 'XXF' vs Twelve Data 'XXF Group Holdings Ltd.' suggests possible abbreviation, but no official evidence provided.",No official evidence to confirm same issuer.
HKEX::02582,02582,HKEX,twelvedata_name_mismatch,uncertain,needs_official_evidence,needs_official_evidence,0.3,Official issuer name and any name change history for ticker 02582 on HKEX.,"Local name 'GUOFUHEE' vs Twelve Data 'Jiangsu Guofu Hydrogen Energy Equipment Co., Ltd. H Shares' suggests possible abbreviation, but no official evidence provided.",No official evidence to confirm same issuer.
HKEX::02583,02583,HKEX,twelvedata_name_mismatch,uncertain,needs_official_evidence,needs_official_evidence,0.3,Official issuer name and any name change history for ticker 02583 on HKEX.,"Local name 'HIPINE' vs Twelve Data 'Shenzhen Hipine Precision Technology Co., Ltd.' suggests possible abbreviation, but no official evidence provided.",No official evidence to confirm same issuer.
HKEX::02692,02692,HKEX,twelvedata_name_mismatch,uncertain,needs_official_evidence,needs_official_evidence,0.3,Official issuer name and any name change history for ticker 02692 on HKEX.,"Local name 'ZHAOWEI' vs Twelve Data 'Shenzhen Zhaowei Machinery & Electronics Co., Ltd.' suggests possible abbreviation, but no official evidence provided.",No official evidence to confirm same issuer.
HKEX::06055,06055,HKEX,twelvedata_name_mismatch,uncertain,needs_official_evidence,needs_official_evidence,0.3,Official issuer name and any name change history for ticker 06055 on HKEX.,"Local name 'CTIHK' vs Twelve Data 'China Tobacco International (HK) Co. Ltd.' suggests possible abbreviation, but no official evidence provided.",No official evidence to confirm same issuer.
HKEX::08403,08403,HKEX,twelvedata_name_mismatch,uncertain,needs_official_evidence,needs_official_evidence,0.3,Official issuer name and any name change history for ticker 08403 on HKEX.,"Local name 'DEFENG SOLIFE' vs Twelve Data 'Dowway Holdings Ltd.' suggests possible different security, but no official evidence provided.",No official evidence to confirm same issuer.
LSE::VUSD,VUSD,LSE,twelvedata_name_mismatch,uncertain,needs_official_evidence,needs_official_evidence,0.3,Official issuer name and security type for ticker VUSD on LSE.,"Local name 'Vanguard S&P 500 UCITS ETF' vs Twelve Data 'Visa Inc. Class A' suggests completely different security, but no official evidence provided.",No official evidence to confirm same issuer.
NSE_IN::THELEELA,THELEELA,NSE_IN,twelvedata_name_mismatch,uncertain,needs_official_evidence,needs_official_evidence,0.3,Official issuer name and any name change history for ticker THELEELA on NSE_IN.,"Local name 'Leela Palaces Hotels & Resorts Limited' vs Twelve Data 'Schloss Bangalore Ltd' suggests possible different security, but no official evidence provided.",No official evidence to confirm same issuer.
HKEX::02068,02068,HKEX,twelvedata_name_mismatch,uncertain,needs_official_evidence,needs_official_evidence,0.3,Official issuer name and any name change history for ticker 02068 on HKEX.,"Local name 'CHALIECO' vs Twelve Data 'China Aluminum International Engineering Corporation Limited' suggests possible abbreviation, but no official evidence provided.",No official evidence to confirm same issuer.
HKEX::02865,02865,HKEX,twelvedata_name_mismatch,uncertain,needs_official_evidence,needs_official_evidence,0.3,Official issuer name and any name change history for ticker 02865 on HKEX.,"Local name 'DRINDA' vs Twelve Data 'Hainan Drinda New Energy Technology Co. Ltd.' suggests possible abbreviation, but no official evidence provided.",No official evidence to confirm same issuer.
LSE::0NW1,0NW1,LSE,twelvedata_name_mismatch,uncertain,needs_official_evidence,needs_official_evidence,0.3,Official issuer name and any name change history for ticker 0NW1 on LSE.,"Local name 'Compagnie Plastic Omnium SE' vs Twelve Data 'OPmobility SE' suggests possible name change, but no official evidence provided.",No official evidence to confirm same issuer.
LSE::0QNZ,0QNZ,LSE,twelvedata_name_mismatch,uncertain,needs_official_evidence,needs_official_evidence,0.3,Official issuer name and any name change history for ticker 0QNZ on LSE.,"Local name 'CPH Chemie + Papier Holding AG' vs Twelve Data 'CPH Group AG' suggests possible name change, but no official evidence provided.",No official evidence to confirm same issuer.
B3::PATC11,PATC11,B3,twelvedata_name_mismatch,uncertain,needs_official_evidence,needs_official_evidence,0.3,Official issuer name and any name change history for ticker PATC11 on B3.,"Local name 'PÁTRIA EDIFÍCIOS CORPORATIVOS FII RESP LIM' vs Twelve Data 'Patria VBI Asset Management Mutual Fund' suggests possible different security, but no official evidence provided.",No official evidence to confirm same issuer.
BSE_IN::PEIL,PEIL,BSE_IN,twelvedata_name_mismatch,uncertain,needs_official_evidence,needs_official_evidence,0.3,Official issuer name and any name change history for ticker PEIL on BSE_IN.,"Local name 'Premier Energy and Infrastructure Ltd' vs Twelve Data 'Pan Electronics (India) Limited' suggests possible different security, but no official evidence provided.",No official evidence to confirm same issuer.
HKEX::01157,01157,HKEX,twelvedata_name_mismatch,uncertain,needs_official_evidence,needs_official_evidence,0.3,Official issuer name and any name change history for ticker 01157 on HKEX.,"Local name 'ZOOMLION' vs Twelve Data 'Zoomlion Heavy Industry Science & Technology Co., Ltd.' suggests possible abbreviation, but no official evidence provided.",No official evidence to confirm same issuer.
HKEX::01963,01963,HKEX,twelvedata_name_mismatch,uncertain,needs_official_evidence,needs_official_evidence,0.3,Official issuer name and any name change history for ticker 01963 on HKEX.,"Local name 'BCQ' vs Twelve Data 'Bank of Chongqing Co., Ltd.' suggests possible abbreviation, but no official evidence provided.",No official evidence to confirm same issuer.
HKEX::02076,02076,HKEX,twelvedata_name_mismatch,uncertain,needs_official_evidence,needs_official_evidence,0.3,Official issuer name and any name change history for ticker 02076 on HKEX.,"Local name 'BOSS ZHIPIN-W' vs Twelve Data 'Kanzhun Ltd.' suggests possible different security or name change, but no official evidence provided.",No official evidence to confirm same issuer.
HKEX::08072,08072,HKEX,twelvedata_name_mismatch,uncertain,needs_official_evidence,needs_official_evidence,0.3,Official corporate action or name change documentation to confirm whether LANGU Co. renamed to Roma Meta Group Ltd or if these are distinct securities.,Severe name mismatch (score 0.3) between local name 'LANGU CO' and Twelve Data name 'Roma Meta Group Ltd'. No official evidence provided to determine if it's a rename or different security.,No official evidence of name change or security identity.
LSE::0A2V,0A2V,LSE,twelvedata_name_mismatch,uncertain,needs_official_evidence,needs_official_evidence,0.3,Official documentation to confirm whether Sanofi ordinary shares and Sanofi ADR are the same security or distinct listings.,Local name 'Sanofi' vs Twelve Data 'Sanofi American Depositary Receipt'. Type mismatch (Common Stock vs ADR). Likely different security types but same issuer. Needs official evidence.,No official evidence confirming equivalence or distinction.
LSE::0A2W,0A2W,LSE,twelvedata_name_mismatch,uncertain,needs_official_evidence,needs_official_evidence,0.3,Official documentation to confirm whether SAP SE ordinary shares and SAP SE Sponsored ADR are the same security or distinct listings.,Local name 'SAP SE' vs Twelve Data 'SAP SE Sponsored ADR'. Type mismatch (Common Stock vs ADR). Likely different security types but same issuer. Needs official evidence.,No official evidence confirming equivalence or distinction.
LSE::0A6W,0A6W,LSE,twelvedata_name_mismatch,uncertain,needs_official_evidence,needs_official_evidence,0.3,Official documentation to confirm whether ABB Ltd ordinary shares and ABB Ltd Sponsored ADR are the same security or distinct listings.,Local name 'ABB Ltd' vs Twelve Data 'ABB Ltd Sponsored ADR'. Type mismatch (Common Stock vs ADR). Likely different security types but same issuer. Needs official evidence.,No official evidence confirming equivalence or distinction.
LSE::0KHP,0KHP,LSE,twelvedata_name_mismatch,uncertain,needs_official_evidence,needs_official_evidence,0.3,Official documentation to confirm whether Petrobras ordinary shares and Petrobras Sponsored ADR are the same security or distinct listings.,Local name 'Petróleo Brasileiro S.A. - Petrobras' vs Twelve Data 'Petrobras S.A. Sponsored ADR'. Type mismatch (Common Stock vs ADR). Likely different security types but same issuer. Needs official evidence.,No official evidence confirming equivalence or distinction.
HKEX::06651,06651,HKEX,twelvedata_name_mismatch,uncertain,needs_official_evidence,needs_official_evidence,0.304,"Official corporate action or name change documentation to confirm whether 51WORLD renamed to Beijing 51World Digital Twin Technology Co., Ltd. or if these are distinct securities.","Severe name mismatch (score 0.304) between local name '51WORLD' and Twelve Data name 'Beijing 51World Digital Twin Technology Co., Ltd.'. No official evidence provided.",No official evidence of name change or security identity.
LSE::0N4Y,0N4Y,LSE,twelvedata_name_mismatch,uncertain,needs_official_evidence,needs_official_evidence,0.304,Official corporate action or name change documentation to confirm whether Etablissementen Franz Colruyt NV renamed to Colruyt Group N.V. or if these are distinct securities.,Severe name mismatch (score 0.304) between local name 'Etablissementen Franz Colruyt NV' and Twelve Data name 'Colruyt Group N.V.'. No official evidence provided.,No official evidence of name change or security identity.
HKEX::02579,02579,HKEX,twelvedata_name_mismatch,uncertain,needs_official_evidence,needs_official_evidence,0.308,"Official corporate action or name change documentation to confirm whether CNGR renamed to CNGR Advanced Material Co., Ltd. or if these are distinct securities.","Severe name mismatch (score 0.308) between local name 'CNGR' and Twelve Data name 'CNGR Advanced Material Co., Ltd.'. No official evidence provided.",No official evidence of name change or security identity.
HKEX::06806,06806,HKEX,twelvedata_name_mismatch,uncertain,needs_official_evidence,needs_official_evidence,0.308,"Official corporate action or name change documentation to confirm whether SWHY renamed to Shenwan Hongyuan Group Co., Ltd. or if these are distinct securities.","Severe name mismatch (score 0.308) between local name 'SWHY' and Twelve Data name 'Shenwan Hongyuan Group Co., Ltd.'. No official evidence provided.",No official evidence of name change or security identity.
HKEX::01588,01588,HKEX,twelvedata_name_mismatch,uncertain,needs_official_evidence,needs_official_evidence,0.311,Official corporate action or name change documentation to confirm whether CHANJET renamed to Chanjet Information Technology Company Limited or if these are distinct securities.,Severe name mismatch (score 0.311) between local name 'CHANJET' and Twelve Data name 'Chanjet Information Technology Company Limited'. No official evidence provided.,No official evidence of name change or security identity.
B3::BLCA11,BLCA11,B3,twelvedata_name_mismatch,uncertain,needs_official_evidence,needs_official_evidence,0.312,Official documentation to confirm whether CATUAÍ VBI TRIPLE A FII RESP LIM and Patria VBI Asset Management Fundo de Investimento Imobiliário - FII are the same fund or distinct entities.,Severe name mismatch (score 0.312) between local name and Twelve Data name. Both appear to be REITs but names differ significantly. No official evidence provided.,No official evidence of fund identity or name change.
B3::CYLD11,CYLD11,B3,twelvedata_name_mismatch,uncertain,needs_official_evidence,needs_official_evidence,0.312,Official documentation to confirm whether CYRELA DESENVOLVIMENTO LOGÍSTICO FII RESP LIM and Cyrela Commercial Properties S.A. are the same entity or distinct.,"Severe name mismatch (score 0.312) between local name and Twelve Data name. Local name indicates a REIT, Twelve Data name indicates a company. No official evidence provided.",No official evidence of entity identity or name change.
B3::RELG11,RELG11,B3,twelvedata_name_mismatch,uncertain,needs_official_evidence,needs_official_evidence,0.312,Official documentation to confirm whether FDO INV. IMOB. REC LOGISTICA and REC Logística Fundo de Investimento Imobiliário - FII are the same fund or distinct.,Severe name mismatch (score 0.312) between local name and Twelve Data name. Both appear to be REITs but names differ. No official evidence provided.,No official evidence of fund identity or name change.
HKEX::01476,01476,HKEX,twelvedata_name_mismatch,uncertain,needs_official_evidence,needs_official_evidence,0.312,"Official corporate action or name change documentation to confirm whether FIN STREET SEC renamed to Hengtai Securities Co., Ltd. or if these are distinct securities.","Severe name mismatch (score 0.312) between local name 'FIN STREET SEC' and Twelve Data name 'Hengtai Securities Co., Ltd.'. No official evidence provided.",No official evidence of name change or security identity.
LSE::IGR,IGR,LSE,twelvedata_name_mismatch,uncertain,needs_official_evidence,needs_official_evidence,0.312,Official corporate action or name change documentation to confirm whether IG Design Group plc renamed to Baltic Bridge S.A. or if these are distinct securities.,Severe name mismatch (score 0.312) between local name 'IG Design Group plc' and Twelve Data name 'Baltic Bridge S.A.'. No official evidence provided.,No official evidence of name change or security identity.
B3::HSAF11,HSAF11,B3,twelvedata_name_mismatch,uncertain,needs_official_evidence,needs_official_evidence,0.314,Official documentation to confirm whether HSI ATIVOS FINANCEIROS FII RESP LIM and FII HSI CRI Fund are the same fund or distinct.,Severe name mismatch (score 0.314) between local name and Twelve Data name. Both appear to be REITs but names differ. No official evidence provided.,No official evidence of fund identity or name change.
HKEX::06888,06888,HKEX,twelvedata_name_mismatch,uncertain,needs_official_evidence,needs_official_evidence,0.314,Official corporate action or name change documentation to confirm whether FREETECH renamed to Freetech Road Recycling Technology (Holdings) Ltd. or if these are distinct securities.,Severe name mismatch (score 0.314) between local name 'FREETECH' and Twelve Data name 'Freetech Road Recycling Technology (Holdings) Ltd.'. No official evidence provided.,No official evidence of name change or security identity.
TSE::94346,94346,TSE,twelvedata_name_mismatch,uncertain,needs_official_evidence,needs_official_evidence,0.314,Official documentation to confirm whether Series 2 Bond-Type Class Shares of SoftBank Corp and SoftBank Corp. common stock are the same security or distinct.,"Local name describes a specific bond-type class share, Twelve Data name is 'SoftBank Corp.' (common stock). Type mismatch (Preferred Stock vs Common Stock). Likely different securities. Needs official evidence.",No official evidence confirming equivalence or distinction.
BSE_IN::MEP,MEP,BSE_IN,twelvedata_name_mismatch,uncertain,needs_official_evidence,needs_official_evidence,0.316,Official corporate action or name change documentation to confirm whether MEP Infrastructure Developers Ltd renamed to Mideast Portfolio Management Ltd. or if these are distinct securities.,Severe name mismatch (score 0.316) between local name 'MEP Infrastructure Developers Ltd' and Twelve Data name 'Mideast Portfolio Management Ltd.'. No official evidence provided.,No official evidence of name change or security identity.
HKEX::01725,01725,HKEX,twelvedata_name_mismatch,uncertain,needs_official_evidence,needs_official_evidence,0.316,Official corporate action or name change documentation to confirm whether C STRATEGIC TEC renamed to Uspace Technology Group Ltd. or if these are distinct securities.,Severe name mismatch (score 0.316) between local name 'C STRATEGIC TEC' and Twelve Data name 'Uspace Technology Group Ltd.'. No official evidence provided.,No official evidence of name change or security identity.
HKEX::80388,80388,HKEX,twelvedata_name_mismatch,uncertain,needs_official_evidence,needs_official_evidence,0.3,"Official documents (e.g., company filings, exchange announcements) to confirm whether 'HKEX-R' is a different share class or a renamed entity of Hong Kong Exchanges and Clearing Limited.","Local name 'HKEX-R' differs significantly from Twelve Data name 'Hong Kong Exchanges and Clearing Limited'. Low name score (0.316) suggests possible different security or share class, but no official evidence provided.",No official evidence to confirm identity or rename.
LSE::0KBS,0KBS,LSE,twelvedata_name_mismatch,uncertain,needs_official_evidence,needs_official_evidence,0.3,"Official documents (e.g., company filings, exchange listings) to confirm whether 'Recordati' is the same as 'Recordati Industria Chimica e Farmaceutica S.p.A.'.","Local name 'Recordati' is a shortened version of Twelve Data name, but low name score (0.316) indicates mismatch. Without official evidence, cannot confirm identity.",No official evidence to confirm identity.
LSE::0SCL,0SCL,LSE,twelvedata_name_mismatch,uncertain,needs_official_evidence,needs_official_evidence,0.3,Official documents to confirm whether 'SLB N.V.' is the same as 'Schlumberger Limited'.,Local name 'SLB N.V.' differs from Twelve Data name 'Schlumberger Limited'. Low name score (0.316) suggests possible different entity or rename. No official evidence provided.,No official evidence to confirm identity.
TSE::1333,1333,TSE,twelvedata_name_mismatch,uncertain,needs_official_evidence,needs_official_evidence,0.3,Official documents to confirm whether 'Umios Corporation' is the same as 'Maruha Nichiro Corporation'.,Local name 'Umios Corporation' and Twelve Data name 'Maruha Nichiro Corporation' are completely different. Low name score (0.316) indicates likely different security. No official evidence provided.,No official evidence to confirm identity.
LSE::0LY1,0LY1,LSE,twelvedata_name_mismatch,uncertain,needs_official_evidence,needs_official_evidence,0.3,"Official documents to confirm whether 'WISDOMTREE INVESTMENTS INC WISDOMTREE INVESTMENTS ORD SHS' is the same as 'WisdomTree, Inc.'.","Local name is a verbose version of Twelve Data name, but low name score (0.317) indicates mismatch. Without official evidence, cannot confirm identity.",No official evidence to confirm identity.
LSE::0OFM,0OFM,LSE,twelvedata_name_mismatch,uncertain,needs_official_evidence,needs_official_evidence,0.3,Official documents to confirm whether 'Compagnie Generale des Etablissements Michelin SCA' is the same as 'Michelin (CGDE)'.,"Local name is full legal name, Twelve Data name is abbreviated. Low name score (0.317) suggests possible mismatch. No official evidence provided.",No official evidence to confirm identity.
HKEX::01632,01632,HKEX,twelvedata_name_mismatch,uncertain,needs_official_evidence,needs_official_evidence,0.3,Official documents to confirm whether 'MSCTECH' is the same as 'Minshang Creative Technology Holdings Limited'.,"Local name 'MSCTECH' is an abbreviation, Twelve Data name is full. Low name score (0.318) indicates mismatch. No official evidence provided.",No official evidence to confirm identity.
ASX::TI1,TI1,ASX,twelvedata_name_mismatch,uncertain,needs_official_evidence,needs_official_evidence,0.3,Official documents to confirm whether 'Tombador Iron Ltd' is the same as 'Atomic Eagle Ltd'.,Local name and Twelve Data name are completely different. Low name score (0.32) suggests likely different entity or rename. No official evidence provided.,No official evidence to confirm identity.
HKEX::03268,03268,HKEX,twelvedata_name_mismatch,uncertain,needs_official_evidence,needs_official_evidence,0.3,"Official documents to confirm whether 'MEIG' is the same as 'MeiG Smart Technology Co., Ltd.'.","Local name 'MEIG' is an abbreviation, Twelve Data name is full. Low name score (0.32) indicates mismatch. No official evidence provided.",No official evidence to confirm identity.
HKEX::01177,01177,HKEX,twelvedata_name_mismatch,uncertain,needs_official_evidence,needs_official_evidence,0.3,Official documents to confirm whether 'SBP GROUP' is the same as 'Sino Biopharmaceutical Ltd.'.,Local name 'SBP GROUP' differs from Twelve Data name 'Sino Biopharmaceutical Ltd.'. Low name score (0.323) suggests possible different entity. No official evidence provided.,No official evidence to confirm identity.
HKEX::01703,01703,HKEX,twelvedata_name_mismatch,uncertain,needs_official_evidence,needs_official_evidence,0.3,Official documents to confirm whether 'EASYHOLD GROUP' is the same as 'Welife Technology Ltd.'.,Local name and Twelve Data name are completely different. Low name score (0.323) indicates likely different entity or rename. No official evidence provided.,No official evidence to confirm identity.
LSE::0MJT,0MJT,LSE,twelvedata_name_mismatch,uncertain,needs_official_evidence,needs_official_evidence,0.3,"Official documents to confirm whether 'Atresmedia' is the same as 'Atresmedia Corporación de Medios de Comunicación, S.A.'.",Local name is a shortened version of Twelve Data name. Low name score (0.323) indicates mismatch. No official evidence provided.,No official evidence to confirm identity.
BSE_IN::RSTL,RSTL,BSE_IN,twelvedata_name_mismatch,uncertain,needs_official_evidence,needs_official_evidence,0.3,Official documents to confirm whether 'Riddhi Steel and Tube Ltd' is the same as 'Restile Ceramics Ltd'.,Local name and Twelve Data name are completely different. Low name score (0.324) suggests likely different entity. No official evidence provided.,No official evidence to confirm identity.
LSE::0ICU,0ICU,LSE,twelvedata_name_mismatch,uncertain,needs_official_evidence,needs_official_evidence,0.3,Official documents to confirm whether 'DRDGOLD Limited' is the same as 'DRDGOLD Limited American Depositary Receipts'.,"Local name is 'DRDGOLD Limited', Twelve Data name includes 'American Depositary Receipts'. Low name score (0.326) indicates possible different security type. No official evidence provided.",No official evidence to confirm identity.
LSE::0M6P,0M6P,LSE,twelvedata_name_mismatch,uncertain,needs_official_evidence,needs_official_evidence,0.3,Official documents to confirm whether 'SES S.A' is the same as 'SES S.A. Fiduciary Depositary Receipt'.,"Local name is 'SES S.A', Twelve Data name includes 'Fiduciary Depositary Receipt'. Low name score (0.326) indicates possible different security type. No official evidence provided.",No official evidence to confirm identity.
B3::CJCT11,CJCT11,B3,twelvedata_name_mismatch,uncertain,needs_official_evidence,needs_official_evidence,0.3,Official documents to confirm whether 'CIDADE JARDIM CONTINENAL TOWER FII RESP LIM' is the same as 'FII Cjctower'.,"Local name is a long descriptive name, Twelve Data name is abbreviated. Low name score (0.327) indicates mismatch. No official evidence provided.",No official evidence to confirm identity.
HKEX::02597,02597,HKEX,twelvedata_name_mismatch,uncertain,needs_official_evidence,needs_official_evidence,0.3,"Official documents to confirm whether 'XUNZHONG' is the same as 'Beijing Xunzhong Communication Technology Co., Ltd.'.","Local name 'XUNZHONG' is an abbreviation, Twelve Data name is full. Low name score (0.327) indicates mismatch. No official evidence provided.",No official evidence to confirm identity.
HKEX::01543,01543,HKEX,twelvedata_name_mismatch,uncertain,needs_official_evidence,needs_official_evidence,0.3,"Official documents to confirm whether 'JOIN-SHARE' is the same as 'Guangdong Join-Share Financing Guarantee Investment Co., Ltd.'.","Local name 'JOIN-SHARE' is an abbreviation, Twelve Data name is full. Low name score (0.328) indicates mismatch. No official evidence provided.",No official evidence to confirm identity.
BSE_IN::ISIFHLSG,ISIFHLSG,BSE_IN,twelvedata_name_mismatch,uncertain,needs_official_evidence,needs_official_evidence,0.3,Official documents to confirm whether 'iSIF Hybrid Long-Short Fund - Growth' is the same as 'ISIFHLSG'.,"Local name is a descriptive fund name, Twelve Data name is a ticker-like string. Low name score (0.333) indicates mismatch. No official evidence provided.",No official evidence to confirm identity.
HKEX::01815,01815,HKEX,twelvedata_name_mismatch,uncertain,needs_official_evidence,needs_official_evidence,0.3,Official documents to confirm whether 'EVEREST GOLD' is the same as 'Csmall Group Ltd.'.,Local name and Twelve Data name are completely different. Low name score (0.333) suggests likely different entity or rename. No official evidence provided.,No official evidence to confirm identity.
HKEX::02409,02409,HKEX,twelvedata_name_mismatch,uncertain,needs_official_evidence,needs_official_evidence,0.3,Official issuer name or ISIN to confirm whether Seacon Shipping Group Holdings Ltd. is the same entity as SEACON.,Local name 'SEACON' and Twelve Data name 'Seacon Shipping Group Holdings Ltd.' have low similarity (0.333). No official evidence provided to confirm identity or rename.,No official evidence to confirm match or rename.
HKEX::03317,03317,HKEX,twelvedata_name_mismatch,uncertain,needs_official_evidence,needs_official_evidence,0.3,"Official issuer name or ISIN to confirm whether Shenzhen Xunce Technology Co., Ltd. is the same entity as XUNCE.","Local name 'XUNCE' and Twelve Data name 'Shenzhen Xunce Technology Co., Ltd.' have low similarity (0.333). No official evidence provided.",No official evidence to confirm match or rename.
HKEX::03866,03866,HKEX,twelvedata_name_mismatch,uncertain,needs_official_evidence,needs_official_evidence,0.3,"Official issuer name or ISIN to confirm whether Bank of Qingdao Co., Ltd. is the same entity as BQD.","Local name 'BQD' and Twelve Data name 'Bank of Qingdao Co., Ltd.' have low similarity (0.333). No official evidence provided.",No official evidence to confirm match or rename.
HKEX::03969,03969,HKEX,twelvedata_name_mismatch,uncertain,needs_official_evidence,needs_official_evidence,0.3,Official issuer name or ISIN to confirm whether China Railway Signal & Communication Corporation Limited is the same entity as CHINA CRSC.,Local name 'CHINA CRSC' and Twelve Data name 'China Railway Signal & Communication Corporation Limited' have low similarity (0.333). No official evidence provided.,No official evidence to confirm match or rename.
HKEX::08041,08041,HKEX,twelvedata_name_mismatch,uncertain,needs_official_evidence,needs_official_evidence,0.3,Official issuer name or ISIN to confirm whether Luxey International Holdings Limited is the same entity as INTELLIMARK AI.,Local name 'INTELLIMARK AI' and Twelve Data name 'Luxey International Holdings Limited' have low similarity (0.333). No official evidence provided.,No official evidence to confirm match or rename.
HKEX::08082,08082,HKEX,twelvedata_name_mismatch,uncertain,needs_official_evidence,needs_official_evidence,0.3,Official issuer name or ISIN to confirm whether Sunny Side Up Culture Holdings Ltd. is the same entity as QINGHUA HOLD.,Local name 'QINGHUA HOLD' and Twelve Data name 'Sunny Side Up Culture Holdings Ltd.' have low similarity (0.333). No official evidence provided.,No official evidence to confirm match or rename.
HKEX::08115,08115,HKEX,twelvedata_name_mismatch,uncertain,needs_official_evidence,needs_official_evidence,0.3,"Official issuer name or ISIN to confirm whether Shanghai Qingpu Fire-Fighting Equipment Co., Ltd. is the same entity as Qingda Oriental Group Co., Ltd.","Local name 'Qingda Oriental Group Co., Ltd.' and Twelve Data name 'Shanghai Qingpu Fire-Fighting Equipment Co., Ltd.' have low similarity (0.333). No official evidence provided.",No official evidence to confirm match or rename.
HKEX::09896,09896,HKEX,twelvedata_name_mismatch,uncertain,needs_official_evidence,needs_official_evidence,0.3,Official issuer name or ISIN to confirm whether Miniso Group Holding Ltd. is the same entity as MNSO.,Local name 'MNSO' and Twelve Data name 'Miniso Group Holding Ltd.' have low similarity (0.333). No official evidence provided.,No official evidence to confirm match or rename.
LSE::0DLI,0DLI,LSE,twelvedata_name_mismatch,uncertain,needs_official_evidence,needs_official_evidence,0.3,Official issuer name or ISIN to confirm whether ACOMO N.V. is the same entity as Amsterdam Commodities NV.,Local name 'Amsterdam Commodities NV' and Twelve Data name 'ACOMO N.V.' have low similarity (0.333). No official evidence provided.,No official evidence to confirm match or rename.
LSE::0EOI,0EOI,LSE,twelvedata_name_mismatch,uncertain,needs_official_evidence,needs_official_evidence,0.3,Official issuer name or ISIN to confirm whether HF Company is the same entity as HF Co.,Local name 'HF Co.' and Twelve Data name 'HF Company' have low similarity (0.333). No official evidence provided.,No official evidence to confirm match or rename.
LSE::0K6G,0K6G,LSE,twelvedata_name_mismatch,uncertain,needs_official_evidence,needs_official_evidence,0.3,"Official issuer name or ISIN to confirm whether NetEase, Inc. American Depositary Receipt is the same entity as NetEase, Inc.","Local name 'NetEase, Inc.' and Twelve Data name 'NetEase, Inc. American Depositary Receipt' have low similarity (0.333). No official evidence provided.",No official evidence to confirm match or rename.
LSE::0QNY,0QNY,LSE,twelvedata_name_mismatch,uncertain,needs_official_evidence,needs_official_evidence,0.3,Official issuer name or ISIN to confirm whether 3M Company is the same entity as 3M Co.,Local name '3M Co.' and Twelve Data name '3M Company' have low similarity (0.333). No official evidence provided.,No official evidence to confirm match or rename.
LSE::SKA,SKA,LSE,twelvedata_name_mismatch,uncertain,needs_official_evidence,needs_official_evidence,0.3,Official issuer name or ISIN to confirm whether Śnieżka S.A. is the same entity as Shuka Minerals Plc.,Local name 'Shuka Minerals Plc' and Twelve Data name 'Śnieżka S.A.' have low similarity (0.333). No official evidence provided.,No official evidence to confirm match or rename.
TSE::6031,6031,TSE,twelvedata_name_mismatch,uncertain,needs_official_evidence,needs_official_evidence,0.3,Official issuer name or ISIN to confirm whether Zeta Global Holdings Corp. is the same entity as ZETA INC.,Local name 'ZETA INC.' and Twelve Data name 'Zeta Global Holdings Corp.' have low similarity (0.333). No official evidence provided.,No official evidence to confirm match or rename.
TSE::8783,8783,TSE,twelvedata_name_mismatch,uncertain,needs_official_evidence,needs_official_evidence,0.3,"Official issuer name or ISIN to confirm whether GFA Co., Ltd. is the same entity as abc Co.,Ltd.","Local name 'abc Co.,Ltd.' and Twelve Data name 'GFA Co., Ltd.' have low similarity (0.333). No official evidence provided.",No official evidence to confirm match or rename.
B3::JPPA11,JPPA11,B3,twelvedata_name_mismatch,uncertain,needs_official_evidence,needs_official_evidence,0.3,Official issuer name or ISIN to confirm whether Mogno Fundo de Investimento Imobiliário FII is the same entity as JPP CAPITAL RECEBIVEIS IMOB. FII RESP LIM.,Local name 'JPP CAPITAL RECEBIVEIS IMOB. FII RESP LIM' and Twelve Data name 'Mogno Fundo de Investimento Imobiliário FII' have low similarity (0.337). No official evidence provided.,No official evidence to confirm match or rename.
B3::CEOC11,CEOC11,B3,twelvedata_name_mismatch,uncertain,needs_official_evidence,needs_official_evidence,0.3,Official issuer name or ISIN to confirm whether FII CEO Crédito Estruturado de Operações Corporativas - Fundo de Investimento Imobiliário FII is the same entity as FDO INV IMOB - FII CEO CYRELA COMMERC. PROPERTIES.,Local name 'FDO INV IMOB - FII CEO CYRELA COMMERC. PROPERTIES' and Twelve Data name 'FII CEO Crédito Estruturado de Operações Corporativas - Fundo de Investimento Imobiliário FII' have low similarity (0.338). No official evidence provided.,No official evidence to confirm match or rename.
HKEX::02632,02632,HKEX,twelvedata_name_mismatch,uncertain,needs_official_evidence,needs_official_evidence,0.3,Official issuer name or ISIN to confirm whether Jiangsu New Vision Automotive Electronics Co. Ltd. Class H is the same entity as NEW VISION CO.,Local name 'NEW VISION CO' and Twelve Data name 'Jiangsu New Vision Automotive Electronics Co. Ltd. Class H' have low similarity (0.339). No official evidence provided.,No official evidence to confirm match or rename.
B3::HAGA4,HAGA4,B3,twelvedata_name_mismatch,uncertain,needs_official_evidence,needs_official_evidence,0.3,Official issuer name or ISIN to confirm whether Ferragens Haga S.A. is the same entity as HAGA S.A. INDUSTRIA E COMERCIO.,Local name 'HAGA S.A. INDUSTRIA E COMERCIO' and Twelve Data name 'Ferragens Haga S.A.' have low similarity (0.34). No official evidence provided.,No official evidence to confirm match or rename.
BSE_IN::APIL,APIL,BSE_IN,twelvedata_name_mismatch,uncertain,needs_official_evidence,needs_official_evidence,0.3,Official issuer name or ISIN to confirm whether Ansal Properties & Infrastructure Ltd. is the same entity as Avi Products India Ltd.,Local name 'Avi Products India Ltd' and Twelve Data name 'Ansal Properties & Infrastructure Ltd.' have low similarity (0.34). No official evidence provided.,No official evidence to confirm match or rename.
HKEX::02591,02591,HKEX,twelvedata_name_mismatch,uncertain,needs_official_evidence,needs_official_evidence,0.3,"Official issuer name and security type for ticker 02591 on HKEX to confirm if Guangzhou Innogen Pharmaceutical Group Co., Ltd. is the same entity as INNOGEN-B.",Local name 'INNOGEN-B' is a short form; Twelve Data name is a full legal name. Low name score (0.34) but both appear to refer to the same company. No official evidence provided to confirm.,No official evidence to confirm identity.
ASX::360,360,ASX,twelvedata_name_mismatch,uncertain,needs_official_evidence,needs_official_evidence,0.3,"Official issuer name and security type for ticker 360 on ASX to confirm if Life360, Inc. Chess Depositary Interests is the same as LIFE360 INC.","Local name 'LIFE360 INC.' and Twelve Data name 'Life360, Inc. Chess Depositary Interests' likely refer to same entity but type differs (Common Stock vs Depositary Receipt). No official evidence.",No official evidence to confirm identity or security type.
HKEX::01148,01148,HKEX,twelvedata_name_mismatch,uncertain,needs_official_evidence,needs_official_evidence,0.3,Official issuer name for ticker 01148 on HKEX to confirm if Xinchen China Power Holdings Limited is the same as POWER XINCHEN.,Local name 'POWER XINCHEN' is a short form; Twelve Data name is full legal name. Low name score (0.341) but likely same. No official evidence.,No official evidence to confirm.
HKEX::02190,02190,HKEX,twelvedata_name_mismatch,uncertain,needs_official_evidence,needs_official_evidence,0.3,"Official issuer name for ticker 02190 on HKEX to confirm if Zylox-Tonbridge Medical Technology Co., Ltd. is the same as ZYLOXTB.",Local name 'ZYLOXTB' is a short form; Twelve Data name is full legal name. Low name score (0.341) but likely same. No official evidence.,No official evidence to confirm.
HKEX::03677,03677,HKEX,twelvedata_name_mismatch,uncertain,needs_official_evidence,needs_official_evidence,0.3,"Official issuer name for ticker 03677 on HKEX to confirm if Jiangsu Zenergy Battery Technology Co., Ltd. is the same as ZENERGY.",Local name 'ZENERGY' is a short form; Twelve Data name is full legal name. Low name score (0.341) but likely same. No official evidence.,No official evidence to confirm.
HKEX::08245,08245,HKEX,twelvedata_name_mismatch,uncertain,needs_official_evidence,needs_official_evidence,0.3,"Official issuer name for ticker 08245 on HKEX to confirm if Shanyu Group Holdings Co., Ltd. is the same as CANOPY SKYFIRE.","Local name 'CANOPY SKYFIRE' and Twelve Data name 'Shanyu Group Holdings Co., Ltd.' appear unrelated. Possible name change or different security. No official evidence.",No official evidence to confirm identity.
HKEX::08347,08347,HKEX,twelvedata_name_mismatch,uncertain,needs_official_evidence,needs_official_evidence,0.3,Official issuer name for ticker 08347 on HKEX to confirm if F8 Enterprises Holdings Group Limited is the same as F8 ENT.,Local name 'F8 ENT' is a short form; Twelve Data name is full legal name. Low name score (0.343) but likely same. No official evidence.,No official evidence to confirm.
HKEX::09869,09869,HKEX,twelvedata_name_mismatch,uncertain,needs_official_evidence,needs_official_evidence,0.3,Official issuer name for ticker 09869 on HKEX to confirm if Helens International Holdings Ltd. is the same as HELENS.,Local name 'HELENS' is a short form; Twelve Data name is full legal name. Low name score (0.343) but likely same. No official evidence.,No official evidence to confirm.
B3::HABT11,HABT11,B3,twelvedata_name_mismatch,uncertain,needs_official_evidence,needs_official_evidence,0.3,Official issuer name and security type for ticker HABT11 on B3 to confirm if FII Habitat II is the same as HABITAT RECEBÍVEIS PULVERIZADOS - FII RESP LIM.,Local name is a long descriptive name; Twelve Data name is shorter. Both appear to be REITs. Low name score (0.345) but likely same. No official evidence.,No official evidence to confirm.
BSE_IN::APLABPP,APLABPP,BSE_IN,twelvedata_name_mismatch,uncertain,needs_official_evidence,needs_official_evidence,0.3,Official issuer name and security type for ticker APLABPP on BSE to confirm if Aplab Limited Partly Paid Shares is the same as Aplab Ltd.,Local name 'Aplab Ltd' and Twelve Data name 'Aplab Limited Partly Paid Shares' likely same issuer but different share class. Low name score (0.345). No official evidence.,No official evidence to confirm security type.
HKEX::01500,01500,HKEX,twelvedata_name_mismatch,uncertain,needs_official_evidence,needs_official_evidence,0.3,Official issuer name for ticker 01500 on HKEX to confirm if In Construction Holdings Ltd. is the same as INCON.,Local name 'INCON' is a short form; Twelve Data name is full legal name. Low name score (0.345) but likely same. No official evidence.,No official evidence to confirm.
HKEX::01786,01786,HKEX,twelvedata_name_mismatch,uncertain,needs_official_evidence,needs_official_evidence,0.3,Official issuer name for ticker 01786 on HKEX to confirm if CRCC High-Tech Equipment Corporation Limited is the same as CRCCE.,Local name 'CRCCE' is an abbreviation; Twelve Data name is full legal name. Low name score (0.345) but likely same. No official evidence.,No official evidence to confirm.
HKEX::02100,02100,HKEX,twelvedata_name_mismatch,uncertain,needs_official_evidence,needs_official_evidence,0.3,Official issuer name for ticker 02100 on HKEX to confirm if Baioo Family Interactive Ltd. is the same as BAIOO.,Local name 'BAIOO' is a short form; Twelve Data name is full legal name. Low name score (0.345) but likely same. No official evidence.,No official evidence to confirm.
HKEX::02571,02571,HKEX,twelvedata_name_mismatch,uncertain,needs_official_evidence,needs_official_evidence,0.3,"Official issuer name for ticker 02571 on HKEX to confirm if Beijing Saimo Technology Co., Ltd. is the same as SAIMO.",Local name 'SAIMO' is a short form; Twelve Data name is full legal name. Low name score (0.345) but likely same. No official evidence.,No official evidence to confirm.
HKEX::02670,02670,HKEX,twelvedata_name_mismatch,uncertain,needs_official_evidence,needs_official_evidence,0.3,"Official issuer name for ticker 02670 on HKEX to confirm if Beijing Yunji Technology Co., Ltd. is the same as YUNJI.",Local name 'YUNJI' is a short form; Twelve Data name is full legal name. Low name score (0.345) but likely same. No official evidence.,No official evidence to confirm.
HKEX::06127,06127,HKEX,twelvedata_name_mismatch,uncertain,needs_official_evidence,needs_official_evidence,0.3,Official issuer name for ticker 06127 on HKEX to confirm if Joinn Laboratories China Ltd. is the same as JOINN.,Local name 'JOINN' is a short form; Twelve Data name is full legal name. Low name score (0.345) but likely same. No official evidence.,No official evidence to confirm.
LSE::0AH6,0AH6,LSE,twelvedata_name_mismatch,uncertain,needs_official_evidence,needs_official_evidence,0.3,Official issuer name for ticker 0AH6 on LSE to confirm if BayWa AG is the same as BayWa Aktiengesellschaft.,Local name 'BayWa Aktiengesellschaft' and Twelve Data name 'BayWa AG' are likely the same entity (AG is abbreviation for Aktiengesellschaft). Low name score (0.345) but likely same. No official evidence.,No official evidence to confirm.
LSE::0AH7,0AH7,LSE,twelvedata_name_mismatch,uncertain,needs_official_evidence,needs_official_evidence,0.3,Official issuer name for ticker 0AH7 on LSE to confirm if BayWa AG is the same as BayWa Aktiengesellschaft.,Same as 0AH6. Local name 'BayWa Aktiengesellschaft' and Twelve Data name 'BayWa AG' likely same. Low name score (0.345). No official evidence.,No official evidence to confirm.
LSE::0E4K,0E4K,LSE,twelvedata_name_mismatch,uncertain,needs_official_evidence,needs_official_evidence,0.3,Official issuer name for ticker 0E4K on LSE to confirm if DEUTZ Aktiengesellschaft is the same as Deutz AG.,Local name 'Deutz AG' and Twelve Data name 'DEUTZ Aktiengesellschaft' likely same entity. Low name score (0.345). No official evidence.,No official evidence to confirm.
LSE::0L83,0L83,LSE,twelvedata_name_mismatch,uncertain,needs_official_evidence,needs_official_evidence,0.3,Official issuer name and security type for ticker 0L83 on LSE to confirm if Sony Group Corporation - Sponsored American Depositary Receipt is the same as Sony Group Corporation.,Local name 'Sony Group Corporation' and Twelve Data name 'Sony Group Corporation - Sponsored American Depositary Receipt' likely same issuer but different security type (Common Stock vs ADR). Low name score (0.345). No official evidence.,No official evidence to confirm security type.
LSE::0NWX,0NWX,LSE,twelvedata_name_mismatch,uncertain,needs_official_evidence,needs_official_evidence,0.3,Official issuer name and security type for ticker 0NWX on LSE to confirm if SKF AB Class B shares is the same as AB SKF B.,"Local name 'AB SKF B' and Twelve Data name 'SKF AB Class B shares' have low similarity (0.345). Both appear to refer to SKF, but official evidence is needed to confirm they are the same security.",No official evidence provided to confirm identity.
LSE::0Q2N,0Q2N,LSE,twelvedata_name_mismatch,uncertain,needs_official_evidence,needs_official_evidence,0.3,Official issuer name for ticker 0Q2N on LSE to confirm if K+S Aktiengesellschaft is the same as K&S AG.,"Local name 'K&S AG' and Twelve Data name 'K+S Aktiengesellschaft' have low similarity (0.345). They likely refer to the same company (K+S), but official evidence is needed.",No official evidence provided to confirm identity.
LSE::ARS,ARS,LSE,twelvedata_name_mismatch,uncertain,needs_official_evidence,needs_official_evidence,0.2,Official issuer name for ticker ARS on LSE AIM to confirm if it is Asiamet Resources Limited or Aerostar S.A.,Local name 'Asiamet Resources Limited' and Twelve Data name 'Aerostar S.A.' are completely different companies. Low similarity (0.345) suggests a possible ticker conflict. Official evidence is required.,No official evidence provided; names suggest different issuers.
NSE_IN::AWL,AWL,NSE_IN,twelvedata_name_mismatch,uncertain,needs_official_evidence,needs_official_evidence,0.2,Official issuer name for ticker AWL on NSE India to confirm if it is AWL Agri Business Limited or Ador Welding Ltd.,Local name 'AWL Agri Business Limited' and Twelve Data name 'Ador Welding Ltd.' are different companies. Low similarity (0.345) indicates possible mismatch. Official evidence needed.,No official evidence provided; names suggest different issuers.
BSE_IN::SFSL,SFSL,BSE_IN,twelvedata_name_mismatch,uncertain,needs_official_evidence,needs_official_evidence,0.2,Official issuer name for ticker SFSL on BSE India to confirm if it is Shashwat Furnishing Solutions Ltd or Siel Financial Services Ltd.,Local name 'Shashwat Furnishing Solutions Ltd' and Twelve Data name 'Siel Financial Services Ltd.' are different. Low similarity (0.346) suggests possible ticker conflict. Official evidence required.,No official evidence provided; names suggest different issuers.
HKEX::01452,01452,HKEX,twelvedata_name_mismatch,uncertain,needs_official_evidence,needs_official_evidence,0.3,Official issuer name for ticker 01452 on HKEX to confirm if Denox Environmental & Technology Holdings Limited is the same as DENOX ENV.,"Local name 'DENOX ENV' and Twelve Data name 'Denox Environmental & Technology Holdings Limited' have low similarity (0.346). They likely refer to the same company, but official evidence is needed.",No official evidence provided to confirm identity.
HKEX::06989,06989,HKEX,twelvedata_name_mismatch,uncertain,needs_official_evidence,needs_official_evidence,0.3,Official issuer name for ticker 06989 on HKEX to confirm if Excellence Commercial Property & Facilities Management Group Ltd. is the same as EXCELLENCE CM.,"Local name 'EXCELLENCE CM' and Twelve Data name 'Excellence Commercial Property & Facilities Management Group Ltd.' have low similarity (0.347). Likely same company, but official evidence needed.",No official evidence provided to confirm identity.
HKEX::09989,09989,HKEX,twelvedata_name_mismatch,uncertain,needs_official_evidence,needs_official_evidence,0.3,"Official issuer name for ticker 09989 on HKEX to confirm if Shenzhen Hepalink Pharmaceutical Group Co., Ltd. is the same as HEPALINK.","Local name 'HEPALINK' and Twelve Data name 'Shenzhen Hepalink Pharmaceutical Group Co., Ltd.' have low similarity (0.348). Likely same company, but official evidence needed.",No official evidence provided to confirm identity.
HKEX::02635,02635,HKEX,twelvedata_name_mismatch,uncertain,needs_official_evidence,needs_official_evidence,0.3,"Official issuer name for ticker 02635 on HKEX to confirm if Nuobikan Artificial Intelligence Technology (Chengdu) Co., Ltd. is the same as NUOBIKAN-NEW.","Local name 'NUOBIKAN-NEW' and Twelve Data name 'Nuobikan Artificial Intelligence Technology (Chengdu) Co., Ltd.' have low similarity (0.349). Likely same company, but official evidence needed.",No official evidence provided to confirm identity.
B3::LWSA3,LWSA3,B3,twelvedata_name_mismatch,uncertain,needs_official_evidence,needs_official_evidence,0.3,Official issuer name for ticker LWSA3 on B3 to confirm if Locaweb Serviços de Internet S.A. is the same as LWSA S.A.,"Local name 'LWSA S.A.' and Twelve Data name 'Locaweb Serviços de Internet S.A.' have low similarity (0.35). Likely same company (Locaweb), but official evidence needed.",No official evidence provided to confirm identity.
HKEX::01601,01601,HKEX,twelvedata_name_mismatch,uncertain,needs_official_evidence,needs_official_evidence,0.2,"Official issuer name for ticker 01601 on HKEX to confirm if it is ZGC TEC LEASING or Zhongguancun Science-Tech Co., Ltd.","Local name 'ZGC TEC LEASING' and Twelve Data name 'Zhongguancun Science-Tech Co., Ltd.' have low similarity (0.35). They may be different entities; official evidence required.",No official evidence provided; names suggest different companies.
LSE::0MSJ,0MSJ,LSE,twelvedata_name_mismatch,uncertain,needs_official_evidence,needs_official_evidence,0.3,Official issuer name for ticker 0MSJ on LSE to confirm if TGS ASA is the same as TGS NOPEC Geophysical Company ASA.,"Local name 'TGS NOPEC Geophysical Company ASA' and Twelve Data name 'TGS ASA' have low similarity (0.35). Likely same company (TGS), but official evidence needed.",No official evidence provided to confirm identity.
B3::PVBI11,PVBI11,B3,twelvedata_name_mismatch,uncertain,needs_official_evidence,needs_official_evidence,0.3,Official issuer name for ticker PVBI11 on B3 to confirm if VBI Real Estate Fund P.P. is the same as FII VBI PRIME PROPERTIES RESP LIM.,"Local name 'FII VBI PRIME PROPERTIES RESP LIM' and Twelve Data name 'VBI Real Estate Fund P.P.' have low similarity (0.351). Likely same fund, but official evidence needed.",No official evidence provided to confirm identity.
HKEX::01980,01980,HKEX,twelvedata_name_mismatch,uncertain,needs_official_evidence,needs_official_evidence,0.3,Official issuer name for ticker 01980 on HKEX to confirm if Tian Ge Interactive Holdings Limited is the same as TIANGE.,"Local name 'TIANGE' and Twelve Data name 'Tian Ge Interactive Holdings Limited' have low similarity (0.353). Likely same company, but official evidence needed.",No official evidence provided to confirm identity.
HKEX::02423,02423,HKEX,twelvedata_name_mismatch,uncertain,needs_official_evidence,needs_official_evidence,0.3,Official issuer name for ticker 02423 on HKEX to confirm if Ke Holdings Inc. is the same as BEKE-W.,"Local name 'BEKE-W' and Twelve Data name 'Ke Holdings Inc.' have low similarity (0.353). Likely same company (Ke Holdings), but official evidence needed.",No official evidence provided to confirm identity.
HKEX::02676,02676,HKEX,twelvedata_name_mismatch,uncertain,needs_official_evidence,needs_official_evidence,0.3,"Official issuer name for ticker 02676 on HKEX to confirm if Suzhou Novosense Microelectronics Co., Ltd. H Shares is the same as NOVOSENSE.","Local name 'NOVOSENSE' and Twelve Data name 'Suzhou Novosense Microelectronics Co., Ltd. H Shares' have low similarity (0.353). Likely same company, but official evidence needed.",No official evidence provided to confirm identity.
HKEX::06919,06919,HKEX,twelvedata_name_mismatch,uncertain,needs_official_evidence,needs_official_evidence,0.3,Official issuer name for ticker 06919 on HKEX to confirm if Renrui Human Resources Technology Holdings Ltd is the same as RENRUI HR.,"Local name 'RENRUI HR' and Twelve Data name 'Renrui Human Resources Technology Holdings Ltd' have low similarity (0.353). Likely same company, but official evidence needed.",No official evidence provided to confirm identity.
HKEX::08310,08310,HKEX,twelvedata_name_mismatch,uncertain,needs_official_evidence,needs_official_evidence,0.2,"Official issuer name for ticker 08310 on HKEX to confirm if it is YANCHENG PORT or Dafeng Port Heshun Technology Holdings Co., Ltd.","Local name 'YANCHENG PORT' and Twelve Data name 'Dafeng Port Heshun Technology Holdings Co., Ltd.' have low similarity (0.353). They may be different entities; official evidence required.",No official evidence provided; names suggest different companies.
LSE::0NLY,0NLY,LSE,twelvedata_name_mismatch,uncertain,needs_official_evidence,needs_official_evidence,0.3,Official issuer name for ticker 0NLY on LSE to confirm if Verbio SE is the same as VERBIO Vereinigte BioEnergie AG.,"Local name 'VERBIO Vereinigte BioEnergie AG' and Twelve Data name 'Verbio SE' have low similarity (0.353). Likely same company (Verbio), but official evidence needed.",No official evidence provided to confirm identity.
LSE::RTC,RTC,LSE,twelvedata_name_mismatch,uncertain,needs_official_evidence,needs_official_evidence,0.2,Official issuer name for ticker RTC on LSE AIM to confirm if it is RTC Group plc or RealTech AG.,Local name 'RTC Group plc' and Twelve Data name 'RealTech AG' are different companies. Low similarity (0.353) suggests possible ticker conflict. Official evidence required.,No official evidence provided; names suggest different issuers.
TSE::6736,6736,TSE,twelvedata_name_mismatch,uncertain,needs_official_evidence,needs_official_evidence,0.3,Official issuer name or ISIN to confirm whether 'Sun Corp' is the same entity as 'SUNCORPORATION'.,Low name similarity (0.353) but both names could refer to the same company. No official evidence provided.,No official evidence to confirm identity.
HKEX::02339,02339,HKEX,twelvedata_name_mismatch,uncertain,needs_official_evidence,needs_official_evidence,0.3,Official issuer name or ISIN to confirm whether 'BeijingWest Industries International Ltd.' is the same as 'BWI INT'L'.,Low name similarity (0.356) but 'BWI INT'L' could be an abbreviation. No official evidence.,No official evidence to confirm identity.
B3::BPAR3,BPAR3,B3,twelvedata_name_mismatch,uncertain,needs_official_evidence,needs_official_evidence,0.3,Official issuer name or ISIN to confirm whether 'Banpará' is the same as 'BCO ESTADO DO PARA S.A.'.,Low name similarity (0.357) but 'Banpará' is a common abbreviation. No official evidence.,No official evidence to confirm identity.
LSE::SBSA,SBSA,LSE,twelvedata_name_mismatch,uncertain,needs_official_evidence,needs_official_evidence,0.3,Official issuer name or ISIN to confirm whether 'Schlossgartenbau AG 8.5% NTS PERP GBP1' is the same as 'Skipton Building Society 8.5% PIBS'.,Low name similarity (0.358) and different entity names. Likely different securities but no official evidence.,No official evidence to confirm identity.
BSE_IN::DRA,DRA,BSE_IN,twelvedata_name_mismatch,uncertain,needs_official_evidence,needs_official_evidence,0.3,Official issuer name or ISIN to confirm whether 'Desh Rakshak Aushdhalaya Ltd.' is the same as 'DRA Consultants Ltd'.,Low name similarity (0.359) and different company names. Likely different entities.,No official evidence to confirm identity.
BSE_IN::REXNORD,REXNORD,BSE_IN,twelvedata_name_mismatch,uncertain,needs_official_evidence,needs_official_evidence,0.3,Official issuer name or ISIN to confirm whether 'Rexnord Corporation' is the same as 'Rexnord Electronics & Controls Ltd'.,Low name similarity (0.359) but both contain 'Rexnord'. Could be different entities. No official evidence.,No official evidence to confirm identity.
HKEX::02252,02252,HKEX,twelvedata_name_mismatch,uncertain,needs_official_evidence,needs_official_evidence,0.3,"Official issuer name or ISIN to confirm whether 'Shanghai Microport Medbot Group Co., Ltd.' is the same as 'MEDBOT-B'.",Low name similarity (0.359) but 'MEDBOT-B' could be an abbreviation. No official evidence.,No official evidence to confirm identity.
HKEX::02318,02318,HKEX,twelvedata_name_mismatch,uncertain,needs_official_evidence,needs_official_evidence,0.3,Official issuer name or ISIN to confirm whether 'Ping An Insurance Group Co. of China Ltd.' is the same as 'PING AN'.,Low name similarity (0.359) but 'PING AN' is a common abbreviation. No official evidence.,No official evidence to confirm identity.
B3::GLOG11,GLOG11,B3,twelvedata_name_mismatch,uncertain,needs_official_evidence,needs_official_evidence,0.3,Official issuer name or ISIN to confirm whether 'Plural Logistica Fundo de Investimento Imobiliario - FII' is the same as 'GENIAL LOGÍSTICA FII RESP LIM'.,Low name similarity (0.361) and different fund names. Likely different entities.,No official evidence to confirm identity.
HKEX::01645,01645,HKEX,twelvedata_name_mismatch,uncertain,needs_official_evidence,needs_official_evidence,0.3,Official issuer name or ISIN to confirm whether 'Haina Intelligent Equipment International Holdings Ltd.' is the same as 'HAINA INTEL'.,Low name similarity (0.361) but 'HAINA INTEL' could be an abbreviation. No official evidence.,No official evidence to confirm identity.
ASX::H2G,H2G,ASX,twelvedata_name_mismatch,uncertain,needs_official_evidence,needs_official_evidence,0.3,Official issuer name or ISIN to confirm whether 'Greenhy2 Limited' is the same as 'H2G Limited'.,Low name similarity (0.364) but could be a name change. No official evidence.,No official evidence to confirm identity.
B3::JCCJ11,JCCJ11,B3,twelvedata_name_mismatch,uncertain,needs_official_evidence,needs_official_evidence,0.3,Official issuer name or ISIN to confirm whether 'JHSF CJ Real Estate Investment Fund' is the same as 'JHSF CAPITAL MALLS – FII RESP LIM'.,Low name similarity (0.364) but both contain 'JHSF'. Could be related. No official evidence.,No official evidence to confirm identity.
BSE_IN::KACL,KACL,BSE_IN,twelvedata_name_mismatch,uncertain,needs_official_evidence,needs_official_evidence,0.3,Official issuer name or ISIN to confirm whether 'Kabra Commercial Ltd.' is the same as 'Kaiser Corporation Ltd'.,Low name similarity (0.364) and different company names. Likely different entities.,No official evidence to confirm identity.
HKEX::01085,01085,HKEX,twelvedata_name_mismatch,uncertain,needs_official_evidence,needs_official_evidence,0.3,Official issuer name or ISIN to confirm whether 'Hengxin Technology Ltd.' is the same as 'HXTL'.,Low name similarity (0.364) but 'HXTL' could be an abbreviation. No official evidence.,No official evidence to confirm identity.
HKEX::01693,01693,HKEX,twelvedata_name_mismatch,uncertain,needs_official_evidence,needs_official_evidence,0.3,Official issuer name or ISIN to confirm whether 'Bgmc International Ltd.' is the same as 'BGMC'.,Low name similarity (0.364) but 'BGMC' could be an abbreviation. No official evidence.,No official evidence to confirm identity.
HKEX::01989,01989,HKEX,twelvedata_name_mismatch,uncertain,needs_official_evidence,needs_official_evidence,0.3,Official issuer name or ISIN to confirm whether 'Delton Technology (Guangzhou) Inc.' is the same as 'DELTON'.,Low name similarity (0.364) but 'DELTON' could be an abbreviation. No official evidence.,No official evidence to confirm identity.
HKEX::02482,02482,HKEX,twelvedata_name_mismatch,uncertain,needs_official_evidence,needs_official_evidence,0.3,"Official issuer name or ISIN to confirm whether 'Logory Logistics Technology Co., Ltd.' is the same as 'LOGORY'.",Low name similarity (0.364) but 'LOGORY' could be an abbreviation. No official evidence.,No official evidence to confirm identity.
HKEX::02530,02530,HKEX,twelvedata_name_mismatch,uncertain,needs_official_evidence,needs_official_evidence,0.3,Official issuer name or ISIN to confirm whether 'Numans Health Food Holdings Ltd.' is the same as 'NUMANS'.,Low name similarity (0.364) but 'NUMANS' could be an abbreviation. No official evidence.,No official evidence to confirm identity.
HKEX::06160,06160,HKEX,twelvedata_name_mismatch,uncertain,needs_official_evidence,needs_official_evidence,0.3,Official issuer name or ISIN to confirm whether 'BeiGene Ltd.' is the same as 'BEONE MEDICINES'.,Low name similarity (0.364) and different names. Likely different entities.,No official evidence to confirm identity.
HKEX::01084,01084,HKEX,twelvedata_name_mismatch,uncertain,needs_official_evidence,needs_official_evidence,0.3,"Official issuer name or ISIN to confirm whether 'Green Future Food Hydrocolloid Marine Science Co., Ltd.' is the same as 'GREEN FRESH BIO'.",Low name similarity (0.367) and different names. Likely different entities.,No official evidence to confirm identity.
HKEX::01719,01719,HKEX,twelvedata_name_mismatch,uncertain,needs_official_evidence,needs_official_evidence,0.3,Official issuer name or corporate action history to confirm if CIL GROUP is the same as China Infrastructure & Logistics Group Ltd.,Low name similarity (0.367) but both names could refer to same entity after rename. No official evidence provided.,No official evidence to confirm identity or rename.
HKEX::01930,01930,HKEX,twelvedata_name_mismatch,uncertain,needs_official_evidence,needs_official_evidence,0.3,"Official issuer name or corporate action history to confirm if SHINELONG is the same as Shinelong Automotive Lighting Technology Co., Ltd.",Low name similarity (0.367) but both names could refer to same entity after rename. No official evidence provided.,No official evidence to confirm identity or rename.
HKEX::02191,02191,HKEX,twelvedata_name_mismatch,uncertain,needs_official_evidence,needs_official_evidence,0.3,Official issuer name or corporate action history to confirm if SF REIT is the same as SF Real Estate Investment Trust.,Low name similarity (0.368) but 'SF REIT' is likely abbreviation. No official evidence provided.,No official evidence to confirm identity.
HKEX::06123,06123,HKEX,twelvedata_name_mismatch,uncertain,needs_official_evidence,needs_official_evidence,0.3,Official issuer name or corporate action history to confirm if YTO INTL EXP is the same as YTO International Express and Supply Chain Technology Co. Ltd.,Low name similarity (0.369) but 'YTO INTL EXP' is likely abbreviation. No official evidence provided.,No official evidence to confirm identity.
B3::AXIA7,AXIA7,B3,twelvedata_name_mismatch,uncertain,needs_official_evidence,needs_official_evidence,0.3,Official issuer name or corporate action history to confirm if AXIA ENERGIA S.A. is the same as Centrais Elétricas Brasileiras S.A. AXIA Energia - Preferred Class C.,Low name similarity (0.37) but names suggest possible subsidiary or preferred share. No official evidence provided.,No official evidence to confirm identity or relationship.
HKEX::02211,02211,HKEX,twelvedata_name_mismatch,uncertain,needs_official_evidence,needs_official_evidence,0.3,Official issuer name or corporate action history to confirm if UNI HEALTH is the same as Universal Health International Group Holding Ltd.,Low name similarity (0.37) but 'UNI HEALTH' is likely abbreviation. No official evidence provided.,No official evidence to confirm identity.
HKEX::09988,09988,HKEX,twelvedata_name_mismatch,uncertain,needs_official_evidence,needs_official_evidence,0.3,Official issuer name or corporate action history to confirm if BABA-W is the same as Alibaba Group Holding Ltd.,Low name similarity (0.37) but 'BABA-W' is likely abbreviation for Alibaba. No official evidence provided.,No official evidence to confirm identity.
HKEX::03366,03366,HKEX,twelvedata_name_mismatch,uncertain,needs_official_evidence,needs_official_evidence,0.3,Official issuer name or corporate action history to confirm if OCT (ASIA) is the same as Overseas Chinese Town (Asia) Holdings Ltd.,Low name similarity (0.372) but 'OCT (ASIA)' is likely abbreviation. No official evidence provided.,No official evidence to confirm identity.
HKEX::01373,01373,HKEX,twelvedata_name_mismatch,uncertain,needs_official_evidence,needs_official_evidence,0.3,Official issuer name or corporate action history to confirm if IH RETAIL is the same as International Housewares Retail Company Limited.,Low name similarity (0.375) but 'IH RETAIL' is likely abbreviation. No official evidence provided.,No official evidence to confirm identity.
HKEX::01527,01527,HKEX,twelvedata_name_mismatch,uncertain,needs_official_evidence,needs_official_evidence,0.3,"Official issuer name or corporate action history to confirm if TENGY ENV is the same as Zhejiang Tengy Environmental Technology Co., Ltd.",Low name similarity (0.375) but 'TENGY ENV' is likely abbreviation. No official evidence provided.,No official evidence to confirm identity.
HKEX::02415,02415,HKEX,twelvedata_name_mismatch,uncertain,needs_official_evidence,needs_official_evidence,0.3,Official issuer name or corporate action history to confirm if MEDSCI is the same as Medsci Healthcare Holdings Limited.,Low name similarity (0.375) but 'MEDSCI' is likely abbreviation. No official evidence provided.,No official evidence to confirm identity.
HKEX::06066,06066,HKEX,twelvedata_name_mismatch,uncertain,needs_official_evidence,needs_official_evidence,0.3,"Official issuer name or corporate action history to confirm if CSC is the same as CSC Financial Co., Ltd.",Low name similarity (0.375) but 'CSC' is likely abbreviation. No official evidence provided.,No official evidence to confirm identity.
HKEX::81211,81211,HKEX,twelvedata_name_mismatch,uncertain,needs_official_evidence,needs_official_evidence,0.3,Official issuer name or corporate action history to confirm if BYD COMPANY-R is the same as BYD Co. Ltd.,Low name similarity (0.375) but 'BYD COMPANY-R' likely refers to BYD Co. Ltd. with a suffix. No official evidence provided.,No official evidence to confirm identity.
LSE::0O14,0O14,LSE,twelvedata_name_mismatch,uncertain,needs_official_evidence,needs_official_evidence,0.3,Official issuer name or corporate action history to confirm if MERCK Kommanditgesellschaft auf Aktien is the same as Merck KGaA.,Low name similarity (0.375) but both names likely refer to same entity (Merck KGaA). No official evidence provided.,No official evidence to confirm identity.
TSE::352A,352A,TSE,twelvedata_name_mismatch,uncertain,needs_official_evidence,needs_official_evidence,0.3,"Official issuer name or corporate action history to confirm if LOIVE Co.,Ltd. is the same as Life Create Co. Ltd.",Low name similarity (0.375) and names are different. Could be rename or different company. No official evidence provided.,No official evidence to confirm identity or rename.
HKEX::02623,02623,HKEX,twelvedata_name_mismatch,uncertain,needs_official_evidence,needs_official_evidence,0.3,Official issuer name or corporate action history to confirm if Hong Kong Gold Industry Group Limited is the same as Add New Energy Investment Holdings Group Limited.,Low name similarity (0.377) and names are completely different. Could be rename. No official evidence provided.,No official evidence to confirm identity or rename.
HKEX::06899,06899,HKEX,twelvedata_name_mismatch,uncertain,needs_official_evidence,needs_official_evidence,0.3,Official issuer name or corporate action history to confirm if OURGAME is the same as Ourgame International Holdings Ltd.,Low name similarity (0.378) but 'OURGAME' is likely abbreviation. No official evidence provided.,No official evidence to confirm identity.
LSE::0QI7,0QI7,LSE,twelvedata_name_mismatch,uncertain,needs_official_evidence,needs_official_evidence,0.3,Official issuer name or corporate action history to confirm if Addtech is the same as Addtech AB (publ.) Class B shares.,Low name similarity (0.378) but 'Addtech' is likely abbreviation. No official evidence provided.,No official evidence to confirm identity.
LSE::47IE,47IE,LSE,twelvedata_name_mismatch,uncertain,needs_official_evidence,needs_official_evidence,0.3,Official issuer name or corporate action history to confirm if S&U plc is the same as S & U Stores Plc Preferred Stock.,Low name similarity (0.378) but names suggest different share classes. No official evidence provided.,No official evidence to confirm identity or relationship.
HKEX::09609,09609,HKEX,twelvedata_name_mismatch,uncertain,needs_official_evidence,needs_official_evidence,0.3,"Official issuer name or corporate action history to confirm if HAIWEI ELEC is the same as Hebei Haiwei Electronic New Material Technology Co., Ltd.",Low name similarity (0.379) but 'HAIWEI ELEC' is likely abbreviation. No official evidence provided.,No official evidence to confirm identity.
B3::EQPA7,EQPA7,B3,twelvedata_name_mismatch,uncertain,needs_official_evidence,needs_official_evidence,0.3,"Official documents (e.g., corporate filings, exchange listings) to confirm whether EQPA7 is a preferred stock of Equatorial Para or Centrais Elétricas do Pará.","Local name 'EQUATORIAL PARA DISTRIBUIDORA DE ENERGIA S.A.' differs from twelvedata_name 'Centrais Elétricas do Pará Preferred'. Low name score (0.38) suggests possible different security or name change, but no official evidence provided.",No official evidence to confirm correct issuer or security type.
ASX::AXI,AXI,ASX,twelvedata_name_mismatch,uncertain,needs_official_evidence,needs_official_evidence,0.3,Official ASX listing details or company announcements to confirm whether AXI is AXTEC LIMITED or Axiom Properties Limited.,Local name 'AXTEC LIMITED' vs twelvedata_name 'Axiom Properties Limited'. Low name score (0.381) indicates possible different entity. No official evidence provided.,No official evidence to resolve name discrepancy.
HKEX::02408,02408,HKEX,twelvedata_name_mismatch,uncertain,needs_official_evidence,needs_official_evidence,0.3,"Official HKEX listing data or company filings to confirm whether 02408 is XIAO NOODLES or Guangzhou Xiao Noodles Catering Management Co., Ltd. H Shares.","Local name 'XIAO NOODLES' vs twelvedata_name 'Guangzhou Xiao Noodles Catering Management Co., Ltd. H Shares'. Low name score (0.381) suggests possible different representation. No official evidence.",No official evidence to confirm correct name.
HKEX::06886,06886,HKEX,twelvedata_name_mismatch,uncertain,needs_official_evidence,needs_official_evidence,0.3,"Official HKEX listing data to confirm whether 06886 is HTSC or Huatai Securities Co., Ltd.","Local name 'HTSC' vs twelvedata_name 'Huatai Securities Co., Ltd.'. Low name score (0.381) but HTSC is a common abbreviation for Huatai Securities. However, no official evidence provided.",No official evidence to confirm abbreviation equivalence.
NSE_IN::GOLDADD,GOLDADD,NSE_IN,twelvedata_name_mismatch,uncertain,needs_official_evidence,needs_official_evidence,0.3,Official NSE India listing data or fund documents to confirm whether GOLDADD is DSPAMC - DSPGOLD or simply GOLDADD.,Local name 'DSPAMC - DSPGOLD' vs twelvedata_name 'GOLDADD'. Low name score (0.381) suggests possible different security or naming convention. No official evidence.,No official evidence to resolve name mismatch.
TSE::3409,3409,TSE,twelvedata_name_mismatch,uncertain,needs_official_evidence,needs_official_evidence,0.3,"Official TSE listing data or company filings to confirm whether 3409 is KITABO CO.,LTD or Kitani Spinning Co. Ltd.","Local name 'KITABO CO.,LTD' vs twelvedata_name 'Kitani Spinning Co. Ltd.'. Low name score (0.381) indicates possible different companies. No official evidence.",No official evidence to confirm correct issuer.
TSE::7388,7388,TSE,twelvedata_name_mismatch,uncertain,needs_official_evidence,needs_official_evidence,0.3,"Official TSE listing data to confirm whether 7388 is FP Partner Inc. or FP Holdings, Inc.","Local name 'FP Partner Inc.' vs twelvedata_name 'FP Holdings, Inc.'. Low name score (0.381) suggests possible name change or different entity. No official evidence.",No official evidence to resolve discrepancy.
LSE::0KFE,0KFE,LSE,twelvedata_name_mismatch,uncertain,needs_official_evidence,needs_official_evidence,0.3,Official LSE listing data or company filings to confirm whether 0KFE is Munich Re (Muench. Rueckvers. VNA O.N.) or Münchener Rückversicherungs-Gesellschaft.,Local name 'Muench. Rueckvers. VNA O.N.' vs twelvedata_name 'Münchener Rückversicherungs-Gesellschaft Aktiengesellschaft in München'. Low name score (0.383) but likely same entity. No official evidence provided.,No official evidence to confirm equivalence.
B3::EQPA6,EQPA6,B3,twelvedata_name_mismatch,uncertain,needs_official_evidence,needs_official_evidence,0.3,Official B3 listing data to confirm whether EQPA6 is Equatorial Para or Centrais Elétricas do Pará.,Local name 'EQUATORIAL PARA DISTRIBUIDORA DE ENERGIA S.A.' vs twelvedata_name 'Centrais Elétricas do Pará S.A.'. Low name score (0.384) suggests possible different security. No official evidence.,No official evidence to confirm correct issuer.
HKEX::01895,01895,HKEX,twelvedata_name_mismatch,uncertain,needs_official_evidence,needs_official_evidence,0.3,Official HKEX listing data to confirm whether 01895 is XINYUAN PM or Xinyuan Property Management Service (Cayman) Ltd.,Local name 'XINYUAN PM' vs twelvedata_name 'Xinyuan Property Management Service (Cayman) Ltd.'. Low name score (0.385) but likely abbreviation. No official evidence.,No official evidence to confirm abbreviation.
HKEX::03933,03933,HKEX,twelvedata_name_mismatch,uncertain,needs_official_evidence,needs_official_evidence,0.3,Official HKEX listing data to confirm whether 03933 is UNITED LAB or The United Laboratories International Holdings Limited.,Local name 'UNITED LAB' vs twelvedata_name 'The United Laboratories International Holdings Limited'. Low name score (0.385) but likely abbreviation. No official evidence.,No official evidence to confirm abbreviation.
HKEX::06136,06136,HKEX,twelvedata_name_mismatch,uncertain,needs_official_evidence,needs_official_evidence,0.3,Official HKEX listing data to confirm whether 06136 is KANGDA ENV or Kangda International Environmental Company Limited.,Local name 'KANGDA ENV' vs twelvedata_name 'Kangda International Environmental Company Limited'. Low name score (0.385) but likely abbreviation. No official evidence.,No official evidence to confirm abbreviation.
HKEX::06868,06868,HKEX,twelvedata_name_mismatch,uncertain,needs_official_evidence,needs_official_evidence,0.3,Official HKEX listing data to confirm whether 06868 is TENFU or Tenfu (Cayman) Holdings Co. Ltd.,Local name 'TENFU' vs twelvedata_name 'Tenfu (Cayman) Holdings Co. Ltd.'. Low name score (0.385) but likely abbreviation. No official evidence.,No official evidence to confirm abbreviation.
LSE::0NWW,0NWW,LSE,twelvedata_name_mismatch,uncertain,needs_official_evidence,needs_official_evidence,0.3,Official LSE listing data to confirm whether 0NWW is SKF AB Series A or AB SKF (publ).,Local name 'SKF AB Series A' vs twelvedata_name 'AB SKF (publ)'. Low name score (0.385) but likely same entity. No official evidence.,No official evidence to confirm equivalence.
TSE::5451,5451,TSE,twelvedata_name_mismatch,uncertain,needs_official_evidence,needs_official_evidence,0.3,"Official TSE listing data to confirm whether 5451 is YODOKO,Ltd. or Yodogawa Steel Works Ltd.","Local name 'YODOKO,Ltd.' vs twelvedata_name 'Yodogawa Steel Works Ltd.'. Low name score (0.385) but likely same entity. No official evidence.",No official evidence to confirm equivalence.
B3::VGIR11,VGIR11,B3,twelvedata_name_mismatch,uncertain,needs_official_evidence,needs_official_evidence,0.3,Official B3 listing data or fund documents to confirm whether VGIR11 is VALORA CRI CDI FII RESP LIMITADA or Valora Real Estate III Fundo de Investimento Imobiliário.,Local name 'VALORA CRI CDI FII RESP LIMITADA' vs twelvedata_name 'Valora Real Estate III Fundo de Investimento Imobiliário'. Low name score (0.386) suggests possible different fund. No official evidence.,No official evidence to confirm correct fund.
HKEX::01253,01253,HKEX,twelvedata_name_mismatch,uncertain,needs_official_evidence,needs_official_evidence,0.3,Official HKEX listing data to confirm whether 01253 is GREEN BROAD or China Greenland Broad Greenstate Group Company Limited.,Local name 'GREEN BROAD' vs twelvedata_name 'China Greenland Broad Greenstate Group Company Limited'. Low name score (0.386) but likely abbreviation. No official evidence.,No official evidence to confirm abbreviation.
BSE_IN::HPBL,HPBL,BSE_IN,twelvedata_name_mismatch,uncertain,needs_official_evidence,needs_official_evidence,0.3,Official BSE India listing data to confirm whether HPBL is HCP Plastene Bulkpack Ltd or HPC Biosciences Ltd.,Local name 'HCP Plastene Bulkpack Ltd' vs twelvedata_name 'HPC Biosciences Ltd.'. Low name score (0.389) suggests different companies. No official evidence.,No official evidence to confirm correct issuer.
HKEX::01846,01846,HKEX,twelvedata_name_mismatch,uncertain,needs_official_evidence,needs_official_evidence,0.3,Official HKEX listing data to confirm whether 01846 is EUROEYES or EuroEyes International Eye Clinic Ltd.,Local name 'EUROEYES' vs twelvedata_name 'EuroEyes International Eye Clinic Ltd.'. Low name score (0.39) but likely abbreviation. No official evidence.,No official evidence to confirm abbreviation.
LSE::0Q8P,0Q8P,LSE,twelvedata_name_mismatch,uncertain,needs_official_evidence,needs_official_evidence,0.3,"Official LSE listing data to confirm whether 0Q8P is Prosegur or Prosegur Compañía de Seguridad, S.A.","Local name 'Prosegur' vs twelvedata_name 'Prosegur Compañía de Seguridad, S.A.'. Low name score (0.39) but likely same entity. No official evidence.",No official evidence to confirm full legal name.
HKEX::02799,02799,HKEX,twelvedata_name_mismatch,uncertain,needs_official_evidence,needs_official_evidence,0.3,Official issuer name and ISIN to confirm if 'CITIC FAMC' and 'China CITIC Financial Asset Holdings Co. Ltd.' refer to the same entity.,Low name similarity (0.391) and no official evidence provided. Cannot determine if it's a rename or different security.,No official evidence to confirm identity.
B3::CXCI11,CXCI11,B3,twelvedata_name_mismatch,uncertain,needs_official_evidence,needs_official_evidence,0.3,Official fund name and ISIN to confirm if 'FII CAIXA CARTEIRA IMOBILIÁRIA RESP LIM' and 'Caixa FII CI.' are the same fund.,Low name similarity (0.392) and no official evidence. REIT names often abbreviated; cannot confirm.,No official evidence to confirm identity.
B3::RAPT3,RAPT3,B3,twelvedata_name_mismatch,uncertain,needs_official_evidence,needs_official_evidence,0.3,Official company name and ISIN to confirm if 'RANDONCORP S.A.' and 'Randon S.A. Implementos e Participações' are the same entity.,Low name similarity (0.392) and no official evidence. Possible rename or different entity.,No official evidence to confirm identity.
BSE_IN::KAVDEFENCE,KAVDEFENCE,BSE_IN,twelvedata_name_mismatch,uncertain,needs_official_evidence,needs_official_evidence,0.3,Official company name and ISIN to confirm if 'Kavveri Defence & Wireless Technologies Ltd-$' and 'KAVDEFENCE' are the same entity.,Low name similarity (0.392) and no official evidence. Ticker matches but name differs; cannot confirm.,No official evidence to confirm identity.
HKEX::01339,01339,HKEX,twelvedata_name_mismatch,uncertain,needs_official_evidence,needs_official_evidence,0.3,Official issuer name and ISIN to confirm if 'PICC GROUP' and 'People's Insurance Company (Group) of China Limited' are the same entity.,Low name similarity (0.392) and no official evidence. Abbreviation vs full name; likely same but needs evidence.,No official evidence to confirm identity.
LSE::BD82,BD82,LSE,twelvedata_name_mismatch,uncertain,needs_official_evidence,needs_official_evidence,0.3,Official security name and ISIN to confirm if 'Henry Boot PLC' and 'Henry Boot PLC 5.25% Perpetual Preferred Stock' are the same security.,"Low name similarity (0.392) and no official evidence. One is common stock, other preferred; likely different securities.",No official evidence to confirm identity.
B3::LASC11,LASC11,B3,twelvedata_name_mismatch,uncertain,needs_official_evidence,needs_official_evidence,0.3,Official fund name and ISIN to confirm if 'LEGATUS FII RESP LIM' and 'Legatus Shoppings Fundo de Investimento Imobiliário' are the same fund.,Low name similarity (0.394) and no official evidence. REIT names often abbreviated; cannot confirm.,No official evidence to confirm identity.
HKEX::08205,08205,HKEX,twelvedata_name_mismatch,uncertain,needs_official_evidence,needs_official_evidence,0.3,Official issuer name and ISIN to confirm if 'JIAODA WITHUB' and 'Shanghai Jiaoda Withub Information Industrial Company Limited' are the same entity.,Low name similarity (0.394) and no official evidence. Abbreviation vs full name; likely same but needs evidence.,No official evidence to confirm identity.
B3::ARXD11,ARXD11,B3,twelvedata_name_mismatch,uncertain,needs_official_evidence,needs_official_evidence,0.3,Official fund name and ISIN to confirm if 'ARX DOVER RECEBÍVEIS FII RESP LIM' and 'ARX D11 Fundo de Investimento em Ações' are the same fund.,Low name similarity (0.4) and no official evidence. Different names; possibly different funds.,No official evidence to confirm identity.
B3::EURO11,EURO11,B3,twelvedata_name_mismatch,uncertain,needs_official_evidence,needs_official_evidence,0.3,Official fund name and ISIN to confirm if 'FII EUROPAR RESP LIM' and 'Europar Fundo De Investimento Imobiliário FII' are the same fund.,Low name similarity (0.4) and no official evidence. Abbreviation vs full name; likely same but needs evidence.,No official evidence to confirm identity.
B3::RZAK11,RZAK11,B3,twelvedata_name_mismatch,uncertain,needs_official_evidence,needs_official_evidence,0.3,Official fund name and ISIN to confirm if 'RIZA AKIN FII RESP LIM' and 'Riza Arik Florestal Fundo de Investimento Imobiliario' are the same fund.,Low name similarity (0.4) and no official evidence. Possible typo or different fund.,No official evidence to confirm identity.
BSE_IN::ARCL,ARCL,BSE_IN,twelvedata_name_mismatch,uncertain,needs_official_evidence,needs_official_evidence,0.3,Official company name and ISIN to confirm if 'ARCL Organics Ltd' and 'Arco Leasing Ltd.' are the same entity.,Low name similarity (0.4) and no official evidence. Different names; likely different companies.,No official evidence to confirm identity.
BSE_IN::SEIL,SEIL,BSE_IN,twelvedata_name_mismatch,uncertain,needs_official_evidence,needs_official_evidence,0.3,Official company name and ISIN to confirm if 'Shanti Educational Initiatives Ltd' and 'Steel Exchange India Ltd.' are the same entity.,Low name similarity (0.4) and no official evidence. Different names; likely different companies.,No official evidence to confirm identity.
HKEX::01046,01046,HKEX,twelvedata_name_mismatch,uncertain,needs_official_evidence,needs_official_evidence,0.3,Official issuer name and ISIN to confirm if 'UNIVERSE ENT' and 'Universe Entertainment & Culture Group Company Limited' are the same entity.,Low name similarity (0.4) and no official evidence. Abbreviation vs full name; likely same but needs evidence.,No official evidence to confirm identity.
HKEX::01062,01062,HKEX,twelvedata_name_mismatch,uncertain,needs_official_evidence,needs_official_evidence,0.3,Official issuer name and ISIN to confirm if 'CDB INT'L INV' and 'China Development Bank International Investment Ltd.' are the same entity.,Low name similarity (0.4) and no official evidence. Abbreviation vs full name; likely same but needs evidence.,No official evidence to confirm identity.
HKEX::01341,01341,HKEX,twelvedata_name_mismatch,uncertain,needs_official_evidence,needs_official_evidence,0.3,Official issuer name and ISIN to confirm if 'HAO TIAN INTL' and 'Hao Tian International Construction Investment Group Ltd.' are the same entity.,Low name similarity (0.4) and no official evidence. Abbreviation vs full name; likely same but needs evidence.,No official evidence to confirm identity.
HKEX::01515,01515,HKEX,twelvedata_name_mismatch,uncertain,needs_official_evidence,needs_official_evidence,0.3,Official issuer name and ISIN to confirm if 'CR MEDICAL' and 'China Resources Medical Holdings Company Limited' are the same entity.,Low name similarity (0.4) and no official evidence. Abbreviation vs full name; likely same but needs evidence.,No official evidence to confirm identity.
HKEX::01585,01585,HKEX,twelvedata_name_mismatch,uncertain,needs_official_evidence,needs_official_evidence,0.3,Official issuer name and ISIN to confirm if 'YADEA' and 'Yadea Group Holdings Ltd.' are the same entity.,Low name similarity (0.4) and no official evidence. Abbreviation vs full name; likely same but needs evidence.,No official evidence to confirm identity.
HKEX::01827,01827,HKEX,twelvedata_name_mismatch,uncertain,needs_official_evidence,needs_official_evidence,0.3,Official issuer name and ISIN to confirm if 'MIRICOR' and 'Miricor Enterprises Holdings Ltd.' are the same entity.,Low name similarity (0.4) and no official evidence. Abbreviation vs full name; likely same but needs evidence.,No official evidence to confirm identity.
HKEX::01918,01918,HKEX,twelvedata_name_mismatch,uncertain,needs_official_evidence,needs_official_evidence,0.3,Official issuer name and ISIN to confirm if 'SUNAC' and 'Sunac China Holdings Ltd.' are the same entity.,Low name similarity (0.4) and no official evidence. Abbreviation vs full name; likely same but needs evidence.,No official evidence to confirm identity.
HKEX::02185,02185,HKEX,twelvedata_name_mismatch,uncertain,needs_official_evidence,needs_official_evidence,0.3,"Official issuer name and ISIN to confirm if Shanghai Bio-heart Biological Technology Co., Ltd. is the same as BIOHEART-B.","Local name 'BIOHEART-B' and Twelve Data name 'Shanghai Bio-heart Biological Technology Co., Ltd.' have low similarity (0.4). No official evidence provided to confirm identity.",No official evidence to confirm match.
HKEX::02357,02357,HKEX,twelvedata_name_mismatch,uncertain,needs_official_evidence,needs_official_evidence,0.3,"Official issuer name and ISIN to confirm if AviChina Industry & Technology Co., Ltd. is the same as AVICHINA.","Local name 'AVICHINA' and Twelve Data name 'AviChina Industry & Technology Co., Ltd.' have low similarity (0.4). No official evidence provided to confirm identity.",No official evidence to confirm match.
HKEX::02377,02377,HKEX,twelvedata_name_mismatch,uncertain,needs_official_evidence,needs_official_evidence,0.3,"Official issuer name and ISIN to confirm if China Boqi Environmental Holding Co., Ltd. is the same as BOQI ENV.","Local name 'BOQI ENV' and Twelve Data name 'China Boqi Environmental Holding Co., Ltd.' have low similarity (0.4). No official evidence provided to confirm identity.",No official evidence to confirm match.
HKEX::02516,02516,HKEX,twelvedata_name_mismatch,uncertain,needs_official_evidence,needs_official_evidence,0.3,Official issuer name and ISIN to confirm if Far International Holdings Group is the same as FAR INTL.,Local name 'FAR INTL' and Twelve Data name 'Far International Holdings Group' have low similarity (0.4). No official evidence provided to confirm identity.,No official evidence to confirm match.
HKEX::02603,02603,HKEX,twelvedata_name_mismatch,uncertain,needs_official_evidence,needs_official_evidence,0.3,"Official issuer name and ISIN to confirm if Xiamen Jihong Technology Co., Ltd. is the same as JIHONG CO.","Local name 'JIHONG CO' and Twelve Data name 'Xiamen Jihong Technology Co., Ltd.' have low similarity (0.4). No official evidence provided to confirm identity.",No official evidence to confirm match.
HKEX::06166,06166,HKEX,twelvedata_name_mismatch,uncertain,needs_official_evidence,needs_official_evidence,0.3,"Official issuer name and ISIN to confirm if CIG Shanghai Co., Ltd. is the same as CIG.","Local name 'CIG' and Twelve Data name 'CIG Shanghai Co., Ltd.' have low similarity (0.4). No official evidence provided to confirm identity.",No official evidence to confirm match.
HKEX::06668,06668,HKEX,twelvedata_name_mismatch,uncertain,needs_official_evidence,needs_official_evidence,0.3,Official issuer name and ISIN to confirm if E-Star Commercial Management Company Limited is the same as E-STAR CM.,Local name 'E-STAR CM' and Twelve Data name 'E-Star Commercial Management Company Limited' have low similarity (0.4). No official evidence provided to confirm identity.,No official evidence to confirm match.
HKEX::08305,08305,HKEX,twelvedata_name_mismatch,uncertain,needs_official_evidence,needs_official_evidence,0.3,Official issuer name and ISIN to confirm if Allurefem Holding Ltd. is the same as ST HLDGS.,Local name 'ST HLDGS' and Twelve Data name 'Allurefem Holding Ltd.' have low similarity (0.4). No official evidence provided to confirm identity.,No official evidence to confirm match.
HKEX::09668,09668,HKEX,twelvedata_name_mismatch,uncertain,needs_official_evidence,needs_official_evidence,0.3,"Official issuer name and ISIN to confirm if China Bohai Bank Co., Ltd. is the same as CBHB.","Local name 'CBHB' and Twelve Data name 'China Bohai Bank Co., Ltd.' have low similarity (0.4). No official evidence provided to confirm identity.",No official evidence to confirm match.
HKEX::09898,09898,HKEX,twelvedata_name_mismatch,uncertain,needs_official_evidence,needs_official_evidence,0.3,Official issuer name and ISIN to confirm if Weibo Corporation is the same as WB-SW.,Local name 'WB-SW' and Twelve Data name 'Weibo Corporation' have low similarity (0.4). No official evidence provided to confirm identity.,No official evidence to confirm match.
HKEX::09963,09963,HKEX,twelvedata_name_mismatch,uncertain,needs_official_evidence,needs_official_evidence,0.3,Official issuer name and ISIN to confirm if Transtech Optelecom Science Holdings Limited is the same as TRANSTECH.,Local name 'TRANSTECH' and Twelve Data name 'Transtech Optelecom Science Holdings Limited' have low similarity (0.4). No official evidence provided to confirm identity.,No official evidence to confirm match.
LSE::0A3O,0A3O,LSE,twelvedata_name_mismatch,uncertain,needs_official_evidence,needs_official_evidence,0.3,"Official issuer name and ISIN to confirm if Datadog, Inc. Class A Common Stock is the same as Datadog, Inc.","Local name 'Datadog, Inc.' and Twelve Data name 'Datadog, Inc. Class A Common Stock' have low similarity (0.4). No official evidence provided to confirm identity.",No official evidence to confirm match.
LSE::0JOI,0JOI,LSE,twelvedata_name_mismatch,uncertain,needs_official_evidence,needs_official_evidence,0.3,Official issuer name and ISIN to confirm if Jacobs Solutions Inc. is the same as Jacobs Engineering Group Inc.,Local name 'Jacobs Engineering Group Inc.' and Twelve Data name 'Jacobs Solutions Inc.' have low similarity (0.4). No official evidence provided to confirm identity.,No official evidence to confirm match.
LSE::0QO1,0QO1,LSE,twelvedata_name_mismatch,uncertain,needs_official_evidence,needs_official_evidence,0.3,Official issuer name and ISIN to confirm if Schindler Holding AG Participation Certificate is the same as Schindler Ps.,Local name 'Schindler Ps' and Twelve Data name 'Schindler Holding AG Participation Certificate' have low similarity (0.4). No official evidence provided to confirm identity.,No official evidence to confirm match.
LSE::OTPD,OTPD,LSE,twelvedata_name_mismatch,uncertain,needs_official_evidence,needs_official_evidence,0.3,Official issuer name and ISIN to confirm if OTP Bank Nyrt. Depositary Receipt is the same as OTP Bank Plc.,Local name 'OTP Bank Plc' and Twelve Data name 'OTP Bank Nyrt. Depositary Receipt' have low similarity (0.4). No official evidence provided to confirm identity.,No official evidence to confirm match.
LSE::VID,VID,LSE,twelvedata_name_mismatch,uncertain,needs_official_evidence,needs_official_evidence,0.3,Official issuer name and ISIN to confirm if Vidrala SA is the same as Videndum Plc.,Local name 'Videndum Plc' and Twelve Data name 'Vidrala SA' have low similarity (0.4). No official evidence provided to confirm identity.,No official evidence to confirm match.
TSE::4335,4335,TSE,twelvedata_name_mismatch,uncertain,needs_official_evidence,needs_official_evidence,0.3,"Official issuer name and ISIN to confirm if IPS Co. Ltd. is the same as IPS HOLDINGS CO.,LTD.","Local name 'IPS HOLDINGS CO.,LTD.' and Twelve Data name 'IPS Co. Ltd.' have low similarity (0.4). No official evidence provided to confirm identity.",No official evidence to confirm match.
TSE::4849,4849,TSE,twelvedata_name_mismatch,uncertain,needs_official_evidence,needs_official_evidence,0.3,Official issuer name and ISIN to confirm if En Japan Inc. is the same as en Inc.,Local name 'en Inc.' and Twelve Data name 'En Japan Inc.' have low similarity (0.4). No official evidence provided to confirm identity.,No official evidence to confirm match.
TSE::7236,7236,TSE,twelvedata_name_mismatch,uncertain,needs_official_evidence,needs_official_evidence,0.3,"Official issuer name and ISIN to confirm if T. Hasegawa Co., Ltd. is the same as T.RAD Co., Ltd.","Local name 'T.RAD Co., Ltd.' and Twelve Data name 'T. Hasegawa Co., Ltd.' have low similarity (0.4). No official evidence provided to confirm identity.",No official evidence to confirm match.
TSE::9160,9160,TSE,twelvedata_name_mismatch,uncertain,needs_official_evidence,needs_official_evidence,0.3,"Official issuer name and ISIN to confirm if Novarese Inc. is the same as On the Page, Inc.","Local name 'On the Page, Inc.' and Twelve Data name 'Novarese Inc.' have low similarity (0.4). No official evidence provided to confirm identity.",No official evidence to confirm match.
LSE::46IE,46IE,LSE,twelvedata_name_mismatch,uncertain,needs_official_evidence,needs_official_evidence,0.3,"Official documentation (e.g., prospectus, company filings) to confirm whether the preferred stock is the same security under a different name or a different series.","Local name 'S & U PLC 6% CUM PRF #1' vs TwelveData 'S & U Stores plc Preferred Stock 6.00% Perpetual'. Both refer to preferred stock of S&U, but the exact series may differ. No official evidence provided.",No official evidence to confirm identity or difference.
LSE::LTHP,LTHP,LSE,twelvedata_name_mismatch,uncertain,needs_official_evidence,needs_official_evidence,0.3,Official documentation to confirm whether the preferred stock is the same security under a different name or a different series.,"Local name 'LATHAM(JAMES) PLC 8% CUM PRF #1' vs TwelveData 'James Latham Plc Preferred Stock 8% Perpetual'. Both refer to preferred stock of James Latham, but the exact series may differ. No official evidence provided.",No official evidence to confirm identity or difference.
HKEX::01121,01121,HKEX,twelvedata_name_mismatch,uncertain,needs_official_evidence,needs_official_evidence,0.3,Official filings or company announcements to confirm if 'GOLDENSOLAR' is the same as 'Golden Solar New Energy Technology Holdings Limited'.,"Local name 'GOLDENSOLAR' is an abbreviation; TwelveData name is the full legal name. Likely the same entity, but no official evidence provided.",No official evidence to confirm identity.
HKEX::02135,02135,HKEX,twelvedata_name_mismatch,uncertain,needs_official_evidence,needs_official_evidence,0.3,Official filings to confirm if 'RAILY AESMED' is the same as 'Raily Aesthetic Medicine International Holdings Limited'.,"Local name 'RAILY AESMED' appears to be an abbreviation; TwelveData name is the full legal name. Likely the same entity, but no official evidence provided.",No official evidence to confirm identity.
HKEX::03626,03626,HKEX,twelvedata_name_mismatch,uncertain,needs_official_evidence,needs_official_evidence,0.3,Official filings to confirm if 'EAST NOVA HLDGS' is the same as 'Hang Sang Siu Po International Holdings Ltd.'.,Local name 'EAST NOVA HLDGS' and TwelveData name 'Hang Sang Siu Po International Holdings Ltd.' appear to be different entities. No official evidence provided.,No official evidence to confirm identity or difference.
LSE::SEPL,SEPL,LSE,twelvedata_name_mismatch,uncertain,needs_official_evidence,needs_official_evidence,0.3,Official filings to confirm if 'Seplat Petroleum Development Company PLC' renamed to 'Seplat Energy Plc'.,"Local name 'Seplat Petroleum Development Company PLC' vs TwelveData 'Seplat Energy Plc'. Likely a name change, but no official evidence provided.",No official evidence to confirm name change.
HKEX::01028,01028,HKEX,twelvedata_name_mismatch,uncertain,needs_official_evidence,needs_official_evidence,0.3,Official filings to confirm if 'C.BANNER' is the same as 'C.banner International Holdings Limited'.,"Local name 'C.BANNER' is an abbreviation; TwelveData name is the full legal name. Likely the same entity, but no official evidence provided.",No official evidence to confirm identity.
HKEX::02208,02208,HKEX,twelvedata_name_mismatch,uncertain,needs_official_evidence,needs_official_evidence,0.3,"Official filings to confirm if 'GOLDWIND' is the same as 'Goldwind Science & Technology Co., Ltd.'.","Local name 'GOLDWIND' is an abbreviation; TwelveData name is the full legal name. Likely the same entity, but no official evidence provided.",No official evidence to confirm identity.
HKEX::03625,03625,HKEX,twelvedata_name_mismatch,uncertain,needs_official_evidence,needs_official_evidence,0.3,"Official filings to confirm if 'FOURSEMI' is the same as 'Shanghai FourSemi Semiconductor Co., Ltd.'.","Local name 'FOURSEMI' is an abbreviation; TwelveData name is the full legal name. Likely the same entity, but no official evidence provided.",No official evidence to confirm identity.
HKEX::03998,03998,HKEX,twelvedata_name_mismatch,uncertain,needs_official_evidence,needs_official_evidence,0.3,Official filings to confirm if 'BOSIDENG' is the same as 'Bosideng International Holdings Limited'.,"Local name 'BOSIDENG' is an abbreviation; TwelveData name is the full legal name. Likely the same entity, but no official evidence provided.",No official evidence to confirm identity.
HKEX::08081,08081,HKEX,twelvedata_name_mismatch,uncertain,needs_official_evidence,needs_official_evidence,0.3,Official filings to confirm if 'BAIJUYI HOLD' is the same as 'Hang Tai Yue Group Holdings Limited'.,Local name 'BAIJUYI HOLD' and TwelveData name 'Hang Tai Yue Group Holdings Limited' appear to be different entities. No official evidence provided.,No official evidence to confirm identity or difference.
HKEX::09658,09658,HKEX,twelvedata_name_mismatch,uncertain,needs_official_evidence,needs_official_evidence,0.3,Official filings to confirm if 'SUPER HI' is the same as 'Super Hi International Holdings Ltd.'.,"Local name 'SUPER HI' is an abbreviation; TwelveData name is the full legal name. Likely the same entity, but no official evidence provided.",No official evidence to confirm identity.
TSE::3695,3695,TSE,twelvedata_name_mismatch,uncertain,needs_official_evidence,needs_official_evidence,0.3,"Official filings to confirm if 'GMO Product Platform,Inc.' renamed to 'GMO Research & AI Inc.' or if they are different entities.","Local name 'GMO Product Platform,Inc.' vs TwelveData 'GMO Research & AI Inc.'. Possibly a name change or different entity. No official evidence provided.",No official evidence to confirm identity or difference.
ASX::EG1,EG1,ASX,twelvedata_name_mismatch,uncertain,needs_official_evidence,needs_official_evidence,0.3,Official filings to confirm if 'EVERGOLD MINERALS LIMITED' is the same as 'Evergreen Lithium Limited'.,Local name 'EVERGOLD MINERALS LIMITED' vs TwelveData 'Evergreen Lithium Limited'. Different names suggest different entities. No official evidence provided.,No official evidence to confirm identity or difference.
B3::VTPL11,VTPL11,B3,twelvedata_name_mismatch,uncertain,needs_official_evidence,needs_official_evidence,0.3,Official fund documentation to confirm if 'FDO INV. IMOB. PLUS RESP LIM' is the same as 'FII Plus Fundo de Investimento Imobiliário'.,"Local name is an abbreviation; TwelveData name is the full fund name. Likely the same fund, but no official evidence provided.",No official evidence to confirm identity.
HKEX::01304,01304,HKEX,twelvedata_name_mismatch,uncertain,needs_official_evidence,needs_official_evidence,0.3,"Official filings to confirm if 'FORTIOR' is the same as 'Fortior Technology (Shenzhen) Co., Ltd.'.","Local name 'FORTIOR' is an abbreviation; TwelveData name is the full legal name. Likely the same entity, but no official evidence provided.",No official evidence to confirm identity.
HKEX::06182,06182,HKEX,twelvedata_name_mismatch,uncertain,needs_official_evidence,needs_official_evidence,0.3,Official filings to confirm if 'TWINTEK' is the same as 'Twintek Investment Holdings Limited'.,"Local name 'TWINTEK' is an abbreviation; TwelveData name is the full legal name. Likely the same entity, but no official evidence provided.",No official evidence to confirm identity.
HKEX::06669,06669,HKEX,twelvedata_name_mismatch,uncertain,needs_official_evidence,needs_official_evidence,0.3,Official filings to confirm if 'ACOTEC-B' is the same as 'Acotec Scientific Holdings Limited'.,"Local name 'ACOTEC-B' is an abbreviation; TwelveData name is the full legal name. Likely the same entity, but no official evidence provided.",No official evidence to confirm identity.
LSE::0LO9,0LO9,LSE,twelvedata_name_mismatch,uncertain,needs_official_evidence,needs_official_evidence,0.3,Official filings to confirm if 'AMG Advanced Metallurgical Group NV' renamed to 'AMG Critical Materials N.V.'.,"Local name 'AMG Advanced Metallurgical Group NV' vs TwelveData 'AMG Critical Materials N.V.'. Likely a name change, but no official evidence provided.",No official evidence to confirm name change.
B3::TRUE11,TRUE11,B3,twelvedata_name_mismatch,uncertain,needs_official_evidence,needs_official_evidence,0.3,Official fund documentation to confirm if 'FDO INV IMOB TRUE MULTIESTRATEGIA RESP LIM' is the same as 'Fundo de Investimento Imobiliário TRUE11'.,"Local name is an abbreviation; TwelveData name is the full fund name. Likely the same fund, but no official evidence provided.",No official evidence to confirm identity.
HKEX::01458,01458,HKEX,twelvedata_name_mismatch,uncertain,needs_official_evidence,needs_official_evidence,0.3,Official issuer name from HKEX filings or prospectus to confirm if 'Zhou Hei Ya International Holdings Company Limited' is the same entity as 'ZHOU HEI YA'.,Low name similarity score (0.415) and no official evidence provided. The local name is an abbreviation; the Twelve Data name is a full legal name. Cannot determine if it's a rename or different security without official documentation.,No official evidence to confirm identity.
HKEX::01501,01501,HKEX,twelvedata_name_mismatch,uncertain,needs_official_evidence,needs_official_evidence,0.3,"Official issuer name from HKEX filings or prospectus to confirm if 'Shanghai International Medical Instruments Co., Ltd.' is the same entity as 'INT MEDICAL'.",Low name similarity score (0.415) and no official evidence. Local name is an abbreviation; Twelve Data name is a full legal name. Cannot determine identity without official documentation.,No official evidence to confirm identity.
HKEX::03669,03669,HKEX,twelvedata_name_mismatch,uncertain,needs_official_evidence,needs_official_evidence,0.3,Official issuer name from HKEX filings or prospectus to confirm if 'China Yongda Automobiles Services Holdings Limited' is the same entity as 'YONGDA AUTO'.,Low name similarity score (0.415) and no official evidence. Local name is an abbreviation; Twelve Data name is a full legal name. Cannot determine identity without official documentation.,No official evidence to confirm identity.
BSE_IN::ZAPPFRESH,ZAPPFRESH,BSE_IN,twelvedata_name_mismatch,uncertain,needs_official_evidence,needs_official_evidence,0.3,Official issuer name from BSE filings or corporate registry to confirm if 'DSM Fresh Foods Ltd' is the same entity as 'ZAPPFRESH'.,Low name similarity score (0.417) and no official evidence. Local name is 'DSM Fresh Foods Ltd' while Twelve Data name is 'ZAPPFRESH'. Possible ticker name mismatch or different entity. Need official documentation.,No official evidence to confirm identity.
HKEX::01940,01940,HKEX,twelvedata_name_mismatch,uncertain,needs_official_evidence,needs_official_evidence,0.3,"Official issuer name from HKEX filings or prospectus to confirm if 'China Gas Industry Investment Holdings Co., Ltd.' is the same entity as 'CGII HLDGS'.",Low name similarity score (0.417) and no official evidence. Local name is an abbreviation; Twelve Data name is a full legal name. Cannot determine identity without official documentation.,No official evidence to confirm identity.
HKEX::06609,06609,HKEX,twelvedata_name_mismatch,uncertain,needs_official_evidence,needs_official_evidence,0.3,"Official issuer name from HKEX filings or prospectus to confirm if 'Shanghai HeartCare Medical Technology Co., Ltd.' is the same entity as 'HEARTCARE-B'.",Low name similarity score (0.417) and no official evidence. Local name is an abbreviation; Twelve Data name is a full legal name. Cannot determine identity without official documentation.,No official evidence to confirm identity.
HKEX::06655,06655,HKEX,twelvedata_name_mismatch,uncertain,needs_official_evidence,needs_official_evidence,0.3,Official issuer name from HKEX filings or prospectus to confirm if 'Huaxin Cement Co. Ltd.' is the same entity as 'HX BLDG MAT'.,Low name similarity score (0.417) and no official evidence. Local name is an abbreviation; Twelve Data name is a full legal name. Cannot determine identity without official documentation.,No official evidence to confirm identity.
HKEX::06913,06913,HKEX,twelvedata_name_mismatch,uncertain,needs_official_evidence,needs_official_evidence,0.3,"Official issuer name from HKEX filings or prospectus to confirm if 'South China Vocational Education Group Co., Ltd.' is the same entity as 'SCVE GROUP'.",Low name similarity score (0.417) and no official evidence. Local name is an abbreviation; Twelve Data name is a full legal name. Cannot determine identity without official documentation.,No official evidence to confirm identity.
LSE::0I4T,0I4T,LSE,twelvedata_name_mismatch,uncertain,needs_official_evidence,needs_official_evidence,0.3,Official issuer name from LSE filings or prospectus to confirm if 'Criteo S.A. American Depositary Receipt' is the same security as 'Criteo S.A.'.,Low name similarity score (0.417) and no official evidence. Local name is 'Criteo S.A.' while Twelve Data name includes 'American Depositary Receipt'. Possible different share class or depositary receipt. Need official documentation to confirm.,No official evidence to confirm identity.
HKEX::01920,01920,HKEX,twelvedata_name_mismatch,uncertain,needs_official_evidence,needs_official_evidence,0.3,"Official issuer name from HKEX filings or prospectus to confirm if 'China Wacan Group Co., Ltd.' is the same entity as 'Junwea Group (China) Company Limited'.",Low name similarity score (0.419) and no official evidence. Local name and Twelve Data name are completely different. Possible different entity or name change. Need official documentation.,No official evidence to confirm identity.
HKEX::02008,02008,HKEX,twelvedata_name_mismatch,uncertain,needs_official_evidence,needs_official_evidence,0.3,Official issuer name from HKEX filings or prospectus to confirm if 'Phoenix Media Investment (Holdings) Limited' is the same entity as 'PHOENIX TV'.,Low name similarity score (0.419) and no official evidence. Local name is an abbreviation; Twelve Data name is a full legal name. Cannot determine identity without official documentation.,No official evidence to confirm identity.
B3::EKTR4,EKTR4,B3,twelvedata_name_mismatch,uncertain,needs_official_evidence,needs_official_evidence,0.3,Official issuer name from B3 filings or corporate registry to confirm if 'Electricidade e Serviços Preferred Stock' is the same security as 'ELEKTRO REDES S.A.'.,Low name similarity score (0.421) and no official evidence. Local name is 'ELEKTRO REDES S.A.' while Twelve Data name includes 'Preferred Stock'. Possible different share class or different entity. Need official documentation.,No official evidence to confirm identity.
HKEX::01167,01167,HKEX,twelvedata_name_mismatch,uncertain,needs_official_evidence,needs_official_evidence,0.3,"Official issuer name from HKEX filings or prospectus to confirm if 'Jacobio Pharmaceuticals Group Co., Ltd.' is the same entity as 'JACOBIO-B'.",Low name similarity score (0.421) and no official evidence. Local name is an abbreviation; Twelve Data name is a full legal name. Cannot determine identity without official documentation.,No official evidence to confirm identity.
HKEX::01428,01428,HKEX,twelvedata_name_mismatch,uncertain,needs_official_evidence,needs_official_evidence,0.3,Official issuer name from HKEX filings or prospectus to confirm if 'Bright Smart Securities & Commodities Group Limited' is the same entity as 'BRIGHT SMART'.,Low name similarity score (0.421) and no official evidence. Local name is an abbreviation; Twelve Data name is a full legal name. Cannot determine identity without official documentation.,No official evidence to confirm identity.
HKEX::01876,01876,HKEX,twelvedata_name_mismatch,uncertain,needs_official_evidence,needs_official_evidence,0.3,Official issuer name from HKEX filings or prospectus to confirm if 'Budweiser Brewing Company APAC Limited' is the same entity as 'BUD APAC'.,Low name similarity score (0.421) and no official evidence. Local name is an abbreviation; Twelve Data name is a full legal name. Cannot determine identity without official documentation.,No official evidence to confirm identity.
HKEX::02171,02171,HKEX,twelvedata_name_mismatch,uncertain,needs_official_evidence,needs_official_evidence,0.3,Official issuer name from HKEX filings or prospectus to confirm if 'Carsgen Therapeutics Holdings Limited' is the same entity as 'CARSGEN-B'.,Low name similarity score (0.421) and no official evidence. Local name is an abbreviation; Twelve Data name is a full legal name. Cannot determine identity without official documentation.,No official evidence to confirm identity.
HKEX::03378,03378,HKEX,twelvedata_name_mismatch,uncertain,needs_official_evidence,needs_official_evidence,0.3,"Official issuer name from HKEX filings or prospectus to confirm if 'Hanx Biopharmaceuticals (Wuhan) Co., Ltd.' is the same entity as 'HANXBIO-B'.",Low name similarity score (0.421) and no official evidence. Local name is an abbreviation; Twelve Data name is a full legal name. Cannot determine identity without official documentation.,No official evidence to confirm identity.
HKEX::03696,03696,HKEX,twelvedata_name_mismatch,uncertain,needs_official_evidence,needs_official_evidence,0.3,Official issuer name from HKEX filings or prospectus to confirm if 'InSilico Medicine Cayman TopCo' is the same entity as 'INSILICO'.,Low name similarity score (0.421) and no official evidence. Local name is an abbreviation; Twelve Data name is a full legal name. Cannot determine identity without official documentation.,No official evidence to confirm identity.
HKEX::06613,06613,HKEX,twelvedata_name_mismatch,uncertain,needs_official_evidence,needs_official_evidence,0.3,"Official issuer name from HKEX filings or prospectus to confirm if 'Lens Technology Co., Ltd.' is the same entity as 'LENS'.",Low name similarity score (0.421) and no official evidence. Local name is an abbreviation; Twelve Data name is a full legal name. Cannot determine identity without official documentation.,No official evidence to confirm identity.
HKEX::06862,06862,HKEX,twelvedata_name_mismatch,uncertain,needs_official_evidence,needs_official_evidence,0.3,Official issuer name from HKEX filings or prospectus to confirm if 'Haidilao International Holding Ltd.' is the same entity as 'HAIDILAO'.,Low name similarity score (0.421) and no official evidence. Local name is an abbreviation; Twelve Data name is a full legal name. Cannot determine identity without official documentation.,No official evidence to confirm identity.
LSE::0MAN,0MAN,LSE,twelvedata_name_mismatch,uncertain,needs_official_evidence,needs_official_evidence,0.3,Official corporate name and any name change history for Mandatum Holding Oyj vs Mandatum Oyj. Also verify if the local name 'MANTADUM' is a typo.,Low name similarity (0.421) and possible typo in local name. No official evidence provided to confirm if these are the same entity or a rename.,Insufficient official evidence to determine if it's a rename or different security.
TSE::8053,8053,TSE,twelvedata_name_mismatch,uncertain,needs_official_evidence,needs_official_evidence,0.3,"Official corporate name for Sumitomo Corporation (Sumitomo Shoji Kaisha, Ltd.) and any name change records. Verify if the local name is the full legal name.",Low name similarity (0.421) but both names refer to Sumitomo. Need official evidence to confirm if it's the same entity or a different listing.,Insufficient official evidence to confirm identity.
HKEX::01395,01395,HKEX,twelvedata_name_mismatch,uncertain,needs_official_evidence,needs_official_evidence,0.3,Official company name for 'ELL ENV' and any abbreviation or name change history. Verify if Ell Environmental Holdings Ltd. is the full name.,Low name similarity (0.424) and local name is abbreviated. Need official evidence to confirm if they refer to the same entity.,Insufficient official evidence to determine if it's a rename or different security.
HKEX::02146,02146,HKEX,twelvedata_name_mismatch,uncertain,needs_official_evidence,needs_official_evidence,0.3,"Official company name for 'ROISERV' and any abbreviation or name change history. Verify if Roiserv Lifestyle Services Co., Ltd. is the full name.",Low name similarity (0.424) and local name is abbreviated. Need official evidence to confirm if they refer to the same entity.,Insufficient official evidence to determine if it's a rename or different security.
HKEX::02179,02179,HKEX,twelvedata_name_mismatch,uncertain,needs_official_evidence,needs_official_evidence,0.3,"Official company name for 'RECBIO-B' and any abbreviation or name change history. Verify if Jiangsu Recbio Technology Co., Ltd. is the full name.",Low name similarity (0.424) and local name is abbreviated. Need official evidence to confirm if they refer to the same entity.,Insufficient official evidence to determine if it's a rename or different security.
HKEX::02251,02251,HKEX,twelvedata_name_mismatch,uncertain,needs_official_evidence,needs_official_evidence,0.3,"Official company name for 'AIRDOC-B' and any abbreviation or name change history. Verify if Beijing Airdoc Technology Co., Ltd. is the full name.",Low name similarity (0.424) and local name is abbreviated. Need official evidence to confirm if they refer to the same entity.,Insufficient official evidence to determine if it's a rename or different security.
HKEX::02660,02660,HKEX,twelvedata_name_mismatch,uncertain,needs_official_evidence,needs_official_evidence,0.3,Official company name for 'ZENGAME' and any abbreviation or name change history. Verify if Zengame Technology Holding Limited is the full name.,Low name similarity (0.424) and local name is abbreviated. Need official evidence to confirm if they refer to the same entity.,Insufficient official evidence to determine if it's a rename or different security.
ASX::BEZ,BEZ,ASX,twelvedata_name_mismatch,uncertain,needs_official_evidence,needs_official_evidence,0.3,Official company name for Besra Gold Inc. and whether the Chess Depositary Interests are a separate security or the same entity. Verify if the local name is the issuer.,Low name similarity (0.426) and twelvedata type is Depositary Receipt while local name is for the company. Need official evidence to confirm if they refer to the same underlying entity.,Insufficient official evidence to determine if it's a rename or different security.
B3::VITT3,VITT3,B3,twelvedata_name_mismatch,uncertain,needs_official_evidence,needs_official_evidence,0.3,Official corporate name for Vittia S.A. and any name change history. Verify if Vittia Fertilizantes e Biológicos S.A. is the full legal name.,Low name similarity (0.426) but both names include 'Vittia'. Need official evidence to confirm if it's the same entity or a rename.,Insufficient official evidence to confirm identity.
HKEX::02650,02650,HKEX,twelvedata_name_mismatch,uncertain,needs_official_evidence,needs_official_evidence,0.3,"Official company name for 'ZHIDA TECH' and any abbreviation or name change history. Verify if Shanghai Zhida Technology Development Co., Ltd. is the full name.",Low name similarity (0.426) and local name is abbreviated. Need official evidence to confirm if they refer to the same entity.,Insufficient official evidence to determine if it's a rename or different security.
HKEX::06855,06855,HKEX,twelvedata_name_mismatch,uncertain,needs_official_evidence,needs_official_evidence,0.3,Official company name for 'ASCENTAGE-B' and any abbreviation or name change history. Verify if Ascentage Pharma Group International is the full name.,Low name similarity (0.426) and local name is abbreviated. Need official evidence to confirm if they refer to the same entity.,Insufficient official evidence to determine if it's a rename or different security.
HKEX::08411,08411,HKEX,twelvedata_name_mismatch,uncertain,needs_official_evidence,needs_official_evidence,0.3,Official company name for 'K W NELSON GP' and any abbreviation or name change history. Verify if K W Nelson Interior Design & Contracting Group Co. Ltd. is the full name.,Low name similarity (0.426) and local name is abbreviated. Need official evidence to confirm if they refer to the same entity.,Insufficient official evidence to determine if it's a rename or different security.
B3::BLMG11,BLMG11,B3,twelvedata_name_mismatch,uncertain,needs_official_evidence,needs_official_evidence,0.3,Official fund name for Bluemacaw Logistica Fundo de Investimento Imobiliário and any abbreviation. Verify if 'BLUEMACAW FII RESP LIM' is the same fund.,Low name similarity (0.427) but both refer to Bluemacaw. Need official evidence to confirm if they are the same fund.,Insufficient official evidence to confirm identity.
HKEX::01669,01669,HKEX,twelvedata_name_mismatch,uncertain,needs_official_evidence,needs_official_evidence,0.3,Official company name for 'GIC GROUP' and any abbreviation or name change history. Verify if Global International Credit Group Ltd. is the full name.,Low name similarity (0.429) and local name is abbreviated. Need official evidence to confirm if they refer to the same entity.,Insufficient official evidence to determine if it's a rename or different security.
HKEX::02270,02270,HKEX,twelvedata_name_mismatch,uncertain,needs_official_evidence,needs_official_evidence,0.3,"Official company name for 'DESUN SERVICES' and any abbreviation or name change history. Verify if Desun Real Estate Investment Co., Ltd. is the full name.",Low name similarity (0.429) and local name is abbreviated. Need official evidence to confirm if they refer to the same entity.,Insufficient official evidence to determine if it's a rename or different security.
HKEX::02291,02291,HKEX,twelvedata_name_mismatch,uncertain,needs_official_evidence,needs_official_evidence,0.3,"Official company name for 'SCIENTECH' and any abbreviation or name change history. Verify if Lepu Scientech Medical Technology Co., Ltd. is the full name.",Low name similarity (0.429) and local name is abbreviated. Need official evidence to confirm if they refer to the same entity.,Insufficient official evidence to determine if it's a rename or different security.
HKEX::02306,02306,HKEX,twelvedata_name_mismatch,uncertain,needs_official_evidence,needs_official_evidence,0.3,Official company name for 'YH ENT' and any abbreviation or name change history. Verify if YH Entertainment Group is the full name.,Low name similarity (0.429) and local name is abbreviated. Need official evidence to confirm if they refer to the same entity.,Insufficient official evidence to determine if it's a rename or different security.
HKEX::89988,89988,HKEX,twelvedata_name_mismatch,uncertain,needs_official_evidence,needs_official_evidence,0.3,Official company name for 'BABA-WR' and any abbreviation or name change history. Verify if Alibaba Group Holding Ltd is the full name and if 'WR' indicates a different share class.,Low name similarity (0.429) and local name includes suffix '-WR'. Need official evidence to confirm if it's the same entity or a different security.,Insufficient official evidence to determine if it's a rename or different security.
LSE::0HKY,0HKY,LSE,twelvedata_name_mismatch,uncertain,needs_official_evidence,needs_official_evidence,0.3,Official company name for BYD Company Limited and whether the ADR is a separate security. Verify if BYD Co. Ltd. is the same entity.,Low name similarity (0.429) and twelvedata type is ADR while local name is for the company. Need official evidence to confirm if they refer to the same underlying entity.,Insufficient official evidence to determine if it's a rename or different security.
LSE::0JQ2,0JQ2,LSE,twelvedata_name_mismatch,uncertain,needs_official_evidence,needs_official_evidence,0.3,"Official company name for KALA BIO, Inc. and any name change history. Verify if Kala Pharmaceuticals, Inc. is the same entity or a rename.",Low name similarity (0.429) and names differ ('BIO' vs 'Pharmaceuticals'). Need official evidence to confirm if it's a rename or different security.,Insufficient official evidence to determine if it's a rename or different security.
LSE::0VSO,0VSO,LSE,twelvedata_name_mismatch,uncertain,needs_official_evidence,needs_official_evidence,0.3,Official issuer name and security type from LSE or company filings to confirm if BYD Co. Ltd. and BYD Company Limited are the same entity.,"Name similarity is low (0.429). Local name is 'BYD Co. Ltd.' while TwelveData name is 'BYD Company Limited'. Both appear to refer to BYD, but official evidence is needed to confirm they are the same security.",No official evidence provided; cannot confirm identity.
LSE::CCPA,CCPA,LSE,twelvedata_name_mismatch,uncertain,needs_official_evidence,needs_official_evidence,0.3,Official documentation from LSE or company to confirm if Celtic plc and Celtic Plc Preferred Stock are the same security or different share classes.,"Local name is 'Celtic plc' while TwelveData name is 'Celtic Plc Preferred Stock' and type is Preferred Stock. This suggests a different share class, but official evidence is required.",No official evidence provided; cannot confirm if same or different security.
LSE::CCPC,CCPC,LSE,twelvedata_name_mismatch,uncertain,needs_official_evidence,needs_official_evidence,0.3,Official documentation from LSE or company to confirm if Celtic plc and Celtic Plc Preferred Stock are the same security or different share classes.,"Local name is 'Celtic plc' while TwelveData name is 'Celtic Plc Preferred Stock' and type is Preferred Stock. This suggests a different share class, but official evidence is required.",No official evidence provided; cannot confirm if same or different security.
TSE::1382,1382,TSE,twelvedata_name_mismatch,uncertain,needs_official_evidence,needs_official_evidence,0.3,"Official issuer name from TSE or company filings to confirm if HOB Co.,Ltd. and Hob Company Ltd. are the same entity.","Name similarity is low (0.429). Local name is 'HOB Co.,Ltd.' while TwelveData name is 'Hob Company Ltd.'. Official evidence needed to confirm identity.",No official evidence provided; cannot confirm identity.
TSE::4971,4971,TSE,twelvedata_name_mismatch,uncertain,needs_official_evidence,needs_official_evidence,0.3,Official issuer name from TSE or company filings to confirm if MEC COMPANY LTD. and MEC Co. Ltd. are the same entity.,Name similarity is low (0.429). Local name is 'MEC COMPANY LTD.' while TwelveData name is 'MEC Co. Ltd.'. Official evidence needed to confirm identity.,No official evidence provided; cannot confirm identity.
B3::CYCR11,CYCR11,B3,twelvedata_name_mismatch,uncertain,needs_official_evidence,needs_official_evidence,0.3,Official fund name from B3 or fund documents to confirm if CYRELA CRÉDITO - FII RESP LIMITADA and Cyrela Commercial Properties Fund are the same fund.,Name similarity is low (0.431). Local name is a Portuguese fund name while TwelveData name is English. Official evidence needed to confirm identity.,No official evidence provided; cannot confirm identity.
HKEX::01606,01606,HKEX,twelvedata_name_mismatch,uncertain,needs_official_evidence,needs_official_evidence,0.3,"Official issuer name from HKEX or company filings to confirm if CDB LEASING and China Development Bank Financial Leasing Co., Ltd. are the same entity.",Name similarity is low (0.431). Local name is abbreviated while TwelveData name is full. Official evidence needed to confirm identity.,No official evidence provided; cannot confirm identity.
ASX::MRI,MRI,ASX,twelvedata_name_mismatch,uncertain,needs_official_evidence,needs_official_evidence,0.3,Official issuer name from ASX or company filings to confirm if My Rewards International Ltd and Klevo Rewards Ltd are the same entity or if a name change occurred.,Name similarity is low (0.432). Local name is 'My Rewards International Ltd' while TwelveData name is 'Klevo Rewards Ltd'. This could indicate a name change or different entity. Official evidence needed.,No official evidence provided; cannot confirm identity or name change.
B3::HIRE11,HIRE11,B3,twelvedata_name_mismatch,uncertain,needs_official_evidence,needs_official_evidence,0.3,Official fund name from B3 or fund documents to confirm if HIRE FDO DE INV IMOB – RESP LIM and HIRE FII are the same fund.,Name similarity is low (0.432). Local name is a Portuguese fund name while TwelveData name is abbreviated. Official evidence needed to confirm identity.,No official evidence provided; cannot confirm identity.
B3::SOLR11,SOLR11,B3,twelvedata_name_mismatch,uncertain,needs_official_evidence,needs_official_evidence,0.3,Official fund name from B3 or fund documents to confirm if SOLARIUM FII - FDO INV. IMOB. and FII Solarium are the same fund.,Name similarity is low (0.432). Local name is a Portuguese fund name while TwelveData name is abbreviated. Official evidence needed to confirm identity.,No official evidence provided; cannot confirm identity.
BSE_IN::YOGISUNG,YOGISUNG,BSE_IN,twelvedata_name_mismatch,uncertain,needs_official_evidence,needs_official_evidence,0.3,Official issuer name from BSE or company filings to confirm if Yogi Sungwon (India) Ltd and Yogi Infra Projects Ltd. are the same entity or if a name change occurred.,Name similarity is low (0.432). Local name is 'Yogi Sungwon (India) Ltd' while TwelveData name is 'Yogi Infra Projects Ltd.'. This could indicate a name change or different entity. Official evidence needed.,No official evidence provided; cannot confirm identity or name change.
HKEX::02116,02116,HKEX,twelvedata_name_mismatch,uncertain,needs_official_evidence,needs_official_evidence,0.3,"Official issuer name from HKEX or company filings to confirm if JS INNOV and Jiangsu Innovative Ecological Co., Ltd. are the same entity.",Name similarity is low (0.432). Local name is abbreviated while TwelveData name is full. Official evidence needed to confirm identity.,No official evidence provided; cannot confirm identity.
HKEX::03200,03200,HKEX,twelvedata_name_mismatch,uncertain,needs_official_evidence,needs_official_evidence,0.3,"Official issuer name from HKEX or company filings to confirm if HANS CNC and Shenzhen Han's CNC Technology Co., Ltd. are the same entity.",Name similarity is low (0.432). Local name is abbreviated while TwelveData name is full. Official evidence needed to confirm identity.,No official evidence provided; cannot confirm identity.
HKEX::06821,06821,HKEX,twelvedata_name_mismatch,uncertain,needs_official_evidence,needs_official_evidence,0.3,"Official issuer name from HKEX or company filings to confirm if ASYMCHEM and Asymchem Laboratories (Tianjin) Co., Ltd. are the same entity.",Name similarity is low (0.432). Local name is abbreviated while TwelveData name is full. Official evidence needed to confirm identity.,No official evidence provided; cannot confirm identity.
HKEX::01313,01313,HKEX,twelvedata_name_mismatch,uncertain,needs_official_evidence,needs_official_evidence,0.3,Official issuer name from HKEX or company filings to confirm if CR BLDG MAT TEC and China Resources Building Materials Technology Holdings Limited are the same entity.,Name similarity is low (0.435). Local name is abbreviated while TwelveData name is full. Official evidence needed to confirm identity.,No official evidence provided; cannot confirm identity.
HKEX::01997,01997,HKEX,twelvedata_name_mismatch,uncertain,needs_official_evidence,needs_official_evidence,0.3,Official issuer name from HKEX or company filings to confirm if WHARF REIC and Wharf Real Estate Investment Company Limited are the same entity.,Name similarity is low (0.435). Local name is abbreviated while TwelveData name is full. Official evidence needed to confirm identity.,No official evidence provided; cannot confirm identity.
HKEX::03329,03329,HKEX,twelvedata_name_mismatch,uncertain,needs_official_evidence,needs_official_evidence,0.3,Official issuer name from HKEX or company filings to confirm if BOCOM INTL and Bocom International Holdings Company Limited are the same entity.,Name similarity is low (0.435). Local name is abbreviated while TwelveData name is full. Official evidence needed to confirm identity.,No official evidence provided; cannot confirm identity.
HKEX::06113,06113,HKEX,twelvedata_name_mismatch,uncertain,needs_official_evidence,needs_official_evidence,0.3,Official issuer name from HKEX or company filings to confirm if BITSTRAT HLDGS and UTS Marketing Solutions Holdings Limited are the same entity or if a name change occurred.,Name similarity is low (0.435). Local name is 'BITSTRAT HLDGS' while TwelveData name is 'UTS Marketing Solutions Holdings Limited'. This could indicate a name change or different entity. Official evidence needed.,No official evidence provided; cannot confirm identity or name change.
B3::BBRC11,BBRC11,B3,twelvedata_name_mismatch,uncertain,needs_official_evidence,needs_official_evidence,0.3,Official fund name from B3 or fund documents to confirm if TIVIO RENDA URBANA FII RESP LIM and FII BB Renda Corporativa are the same fund.,Name similarity is low (0.436). Local name is a Portuguese fund name while TwelveData name is different. Official evidence needed to confirm identity.,No official evidence provided; cannot confirm identity.
HKEX::08073,08073,HKEX,twelvedata_name_mismatch,uncertain,needs_official_evidence,needs_official_evidence,0.3,Official issuer name from HKEX or company filings to confirm if SFSY NEW MAT and China Shuifa Singyes New Materials Holdings Limited are the same entity.,Name similarity is low (0.436). Local name is abbreviated while TwelveData name is full. Official evidence needed to confirm identity.,No official evidence provided; cannot confirm identity.
HKEX::02145,02145,HKEX,twelvedata_name_mismatch,uncertain,needs_official_evidence,needs_official_evidence,0.3,"Official issuer name or corporate action record to confirm if 'CHICMAX' is a short name for Shanghai Chicmax Cosmetic Co., Ltd.",Low name similarity (0.438) but local name 'CHICMAX' could be an abbreviation. No official evidence provided.,No official evidence to confirm same entity.
HKEX::02385,02385,HKEX,twelvedata_name_mismatch,uncertain,needs_official_evidence,needs_official_evidence,0.3,Official issuer name or corporate action record to confirm if 'READBOY' is a short name for Readboy Education Holding Co. Ltd.,Low name similarity (0.438) but local name 'READBOY' could be an abbreviation. No official evidence provided.,No official evidence to confirm same entity.
HKEX::80016,80016,HKEX,twelvedata_name_mismatch,uncertain,needs_official_evidence,needs_official_evidence,0.3,Official issuer name or corporate action record to confirm if 'SHK PPT-R' is a short name for Sun Hung Kai Properties Limited.,Low name similarity (0.438) but local name 'SHK PPT-R' could be an abbreviation. No official evidence provided.,No official evidence to confirm same entity.
LSE::0HTF,0HTF,LSE,twelvedata_name_mismatch,uncertain,needs_official_evidence,needs_official_evidence,0.3,Official issuer name or corporate action record to confirm if Norwegian Energy Co. ASA renamed to BlueNord ASA.,Low name similarity (0.438) and different names. Possible rename but no official evidence provided.,No official evidence to confirm rename.
HKEX::02031,02031,HKEX,twelvedata_name_mismatch,uncertain,needs_official_evidence,needs_official_evidence,0.3,Official issuer name or corporate action record to confirm if 'AUSUPREME' is a short name for Ausupreme International Holdings Limited.,Low name similarity (0.439) but local name 'AUSUPREME' could be an abbreviation. No official evidence provided.,No official evidence to confirm same entity.
HKEX::02411,02411,HKEX,twelvedata_name_mismatch,uncertain,needs_official_evidence,needs_official_evidence,0.3,"Official issuer name or corporate action record to confirm if 'PAGODA GP' is a short name for Shenzhen Pagoda Industrial Group Co., Ltd.",Low name similarity (0.439) but local name 'PAGODA GP' could be an abbreviation. No official evidence provided.,No official evidence to confirm same entity.
HKEX::02419,02419,HKEX,twelvedata_name_mismatch,uncertain,needs_official_evidence,needs_official_evidence,0.3,Official issuer name or corporate action record to confirm if 'DEKON AGR' is a short name for Dekon Food and Agriculture Group.,Low name similarity (0.439) but local name 'DEKON AGR' could be an abbreviation. No official evidence provided.,No official evidence to confirm same entity.
HKEX::02555,02555,HKEX,twelvedata_name_mismatch,uncertain,needs_official_evidence,needs_official_evidence,0.3,"Official issuer name or corporate action record to confirm if 'CHABAIDAO' is a short name for Sichuan Baicha Baidao Industrial Co., Ltd.",Low name similarity (0.439) but local name 'CHABAIDAO' could be an abbreviation. No official evidence provided.,No official evidence to confirm same entity.
HKEX::02607,02607,HKEX,twelvedata_name_mismatch,uncertain,needs_official_evidence,needs_official_evidence,0.3,Official issuer name or corporate action record to confirm if 'SH PHARMA' is a short name for Shanghai Pharmaceuticals Holding Co. Ltd.,Low name similarity (0.439) but local name 'SH PHARMA' could be an abbreviation. No official evidence provided.,No official evidence to confirm same entity.
HKEX::06060,06060,HKEX,twelvedata_name_mismatch,uncertain,needs_official_evidence,needs_official_evidence,0.3,"Official issuer name or corporate action record to confirm if 'ZA ONLINE' is a short name for ZhongAn Online P&C Insurance Co., Ltd.",Low name similarity (0.439) but local name 'ZA ONLINE' could be an abbreviation. No official evidence provided.,No official evidence to confirm same entity.
HKEX::06110,06110,HKEX,twelvedata_name_mismatch,uncertain,needs_official_evidence,needs_official_evidence,0.3,Official issuer name or corporate action record to confirm if 'TOPSPORTS' is a short name for Topsports International Holdings Limited.,Low name similarity (0.439) but local name 'TOPSPORTS' could be an abbreviation. No official evidence provided.,No official evidence to confirm same entity.
HKEX::08051,08051,HKEX,twelvedata_name_mismatch,uncertain,needs_official_evidence,needs_official_evidence,0.3,Official issuer name or corporate action record to confirm if 'CIRCUTECH' is a short name for Circutech International Holdings Ltd.,Low name similarity (0.439) but local name 'CIRCUTECH' could be an abbreviation. No official evidence provided.,No official evidence to confirm same entity.
HKEX::08148,08148,HKEX,twelvedata_name_mismatch,uncertain,needs_official_evidence,needs_official_evidence,0.3,Official issuer name or corporate action record to confirm if 'WUXI LIFE' is a short name for Wuxi Life International Holdings Ltd.,Low name similarity (0.439) but local name 'WUXI LIFE' could be an abbreviation. No official evidence provided.,No official evidence to confirm same entity.
HKEX::09922,09922,HKEX,twelvedata_name_mismatch,uncertain,needs_official_evidence,needs_official_evidence,0.3,Official issuer name or corporate action record to confirm if 'JIUMAOJIU' is a short name for Jiumaojiu International Holdings Limited.,Low name similarity (0.439) but local name 'JIUMAOJIU' could be an abbreviation. No official evidence provided.,No official evidence to confirm same entity.
LSE::ELSA,ELSA,LSE,twelvedata_name_mismatch,uncertain,needs_official_evidence,needs_official_evidence,0.3,Official issuer name or corporate action record to confirm if Electrica SA is the same as Electrica S.A. Depositary Receipt.,Low name similarity (0.439) and different type (Common Stock vs Depositary Receipt). Possible cross-listing but no official evidence.,No official evidence to confirm same entity.
HKEX::02658,02658,HKEX,twelvedata_name_mismatch,uncertain,needs_official_evidence,needs_official_evidence,0.3,"Official issuer name or corporate action record to confirm if 'TIANYU SEMI' is a short name for Guangdong Tianyu Semiconductor Co., Ltd. H Shares.",Low name similarity (0.44) but local name 'TIANYU SEMI' could be an abbreviation. No official evidence provided.,No official evidence to confirm same entity.
HKEX::03886,03886,HKEX,twelvedata_name_mismatch,uncertain,needs_official_evidence,needs_official_evidence,0.3,Official issuer name or corporate action record to confirm if 'TOWN HEALTH' is a short name for Town Health International Medical Group Ltd.,Low name similarity (0.44) but local name 'TOWN HEALTH' could be an abbreviation. No official evidence provided.,No official evidence to confirm same entity.
B3::HCTR11,HCTR11,B3,twelvedata_name_mismatch,uncertain,needs_official_evidence,needs_official_evidence,0.3,Official issuer name or corporate action record to confirm if 'HECTARE CE - FII RESP LIM' is a short name for FII Hectare Fundo de Investimento Imobiliário.,Low name similarity (0.441) but local name could be an abbreviation. No official evidence provided.,No official evidence to confirm same entity.
B3::PLAG11,PLAG11,B3,twelvedata_name_mismatch,uncertain,needs_official_evidence,needs_official_evidence,0.3,Official issuer name or corporate action record to confirm if 'VBI AGRO – FII RESP LIMITADA' is a short name for VBI Agro Fundo de Investimento Imobiliário.,Low name similarity (0.441) but local name could be an abbreviation. No official evidence provided.,No official evidence to confirm same entity.
HKEX::03613,03613,HKEX,twelvedata_name_mismatch,uncertain,needs_official_evidence,needs_official_evidence,0.3,Official issuer name or corporate action record to confirm if 'TONGRENTANGCM' is a short name for Beijing Tong Ren Tang Chinese Medicine Company Ltd.,Low name similarity (0.441) but local name 'TONGRENTANGCM' could be an abbreviation. No official evidence provided.,No official evidence to confirm same entity.
B3::VJFD11,VJFD11,B3,twelvedata_name_mismatch,uncertain,needs_official_evidence,needs_official_evidence,0.3,Official issuer name and security type from B3 or regulatory filings to confirm if JFDCAM FII RESP LIM and JFDCAM Fundo de Investimento Imobiliário FII refer to the same REIT.,Low name similarity (0.444) and missing official evidence; cannot determine if it's a rename or different security.,No official evidence to confirm identity.
HKEX::01009,01009,HKEX,twelvedata_name_mismatch,uncertain,needs_official_evidence,needs_official_evidence,0.3,Official company name from HKEX filings or corporate registry to confirm if INT'L ENT is International Entertainment Corporation.,Low name similarity (0.444) and missing official evidence; cannot determine if it's a rename or different security.,No official evidence to confirm identity.
HKEX::01782,01782,HKEX,twelvedata_name_mismatch,uncertain,needs_official_evidence,needs_official_evidence,0.3,Official company name from HKEX filings or corporate registry to confirm if IB DIGITAL TECH is International Business Digital Corporation.,Low name similarity (0.444) and missing official evidence; cannot determine if it's a rename or different security.,No official evidence to confirm identity.
HKEX::02496,02496,HKEX,twelvedata_name_mismatch,uncertain,needs_official_evidence,needs_official_evidence,0.3,"Official company name from HKEX filings or corporate registry to confirm if YZYBIO-B is Wuhan YZY Biopharma Co., Ltd.",Low name similarity (0.444) and missing official evidence; cannot determine if it's a rename or different security.,No official evidence to confirm identity.
HKEX::02570,02570,HKEX,twelvedata_name_mismatch,uncertain,needs_official_evidence,needs_official_evidence,0.3,Official company name from HKEX filings or corporate registry to confirm if REFIRE is Shanghai Refire Group Ltd.,Low name similarity (0.444) and missing official evidence; cannot determine if it's a rename or different security.,No official evidence to confirm identity.
HKEX::03319,03319,HKEX,twelvedata_name_mismatch,uncertain,needs_official_evidence,needs_official_evidence,0.3,"Official company name from HKEX filings or corporate registry to confirm if A-LIVING is A-Living Smart City Services Co., Ltd.",Low name similarity (0.444) and missing official evidence; cannot determine if it's a rename or different security.,No official evidence to confirm identity.
HKEX::03347,03347,HKEX,twelvedata_name_mismatch,uncertain,needs_official_evidence,needs_official_evidence,0.3,"Official company name from HKEX filings or corporate registry to confirm if TIGERMED is Hangzhou Tigermed Consulting Co., Ltd.",Low name similarity (0.444) and missing official evidence; cannot determine if it's a rename or different security.,No official evidence to confirm identity.
HKEX::06939,06939,HKEX,twelvedata_name_mismatch,uncertain,needs_official_evidence,needs_official_evidence,0.3,"Official company name from HKEX filings or corporate registry to confirm if MEGAIN is Megain Holding (Cayman) Co., Ltd.",Low name similarity (0.444) and missing official evidence; cannot determine if it's a rename or different security.,No official evidence to confirm identity.
HKEX::07489,07489,HKEX,twelvedata_name_mismatch,uncertain,needs_official_evidence,needs_official_evidence,0.3,Official company name from HKEX filings or corporate registry to confirm if VOYAH AUTO is VOYAH Automobile Technology Company Limited.,Low name similarity (0.444) and missing official evidence; cannot determine if it's a rename or different security.,No official evidence to confirm identity.
HKEX::08139,08139,HKEX,twelvedata_name_mismatch,uncertain,needs_official_evidence,needs_official_evidence,0.3,Official company name from HKEX filings or corporate registry to confirm if CHANGAN RH is Zhejiang Changan Renheng Technology Co. Ltd.,Low name similarity (0.444) and missing official evidence; cannot determine if it's a rename or different security.,No official evidence to confirm identity.
HKEX::09992,09992,HKEX,twelvedata_name_mismatch,uncertain,needs_official_evidence,needs_official_evidence,0.3,Official company name from HKEX filings or corporate registry to confirm if POP MART is Pop Mart International Group Limited.,Low name similarity (0.444) and missing official evidence; cannot determine if it's a rename or different security.,No official evidence to confirm identity.
LSE::0MGC,0MGC,LSE,twelvedata_name_mismatch,uncertain,needs_official_evidence,needs_official_evidence,0.3,Official company name from LSE filings or corporate registry to confirm if NKT Holding is NKT A/S.,Low name similarity (0.444) and missing official evidence; cannot determine if it's a rename or different security.,No official evidence to confirm identity.
B3::ITIP11,ITIP11,B3,twelvedata_name_mismatch,uncertain,needs_official_evidence,needs_official_evidence,0.3,Official issuer name and security type from B3 or regulatory filings to confirm if INTER TEVA INDICE DE PAPEL FII RESP LIM is FII Inter IP Fundo de Investimento Imobiliário.,Low name similarity (0.447) and missing official evidence; cannot determine if it's a rename or different security.,No official evidence to confirm identity.
B3::CXRI11,CXRI11,B3,twelvedata_name_mismatch,uncertain,needs_official_evidence,needs_official_evidence,0.3,Official issuer name and security type from B3 or regulatory filings to confirm if CAIXA RIO BRAVO FUNDO DE FDO INV IMOB - FII RES LI is FII Caixa Rio Bravo.,Low name similarity (0.448) and missing official evidence; cannot determine if it's a rename or different security.,No official evidence to confirm identity.
HKEX::01237,01237,HKEX,twelvedata_name_mismatch,uncertain,needs_official_evidence,needs_official_evidence,0.3,Official company name from HKEX filings or corporate registry to confirm if CH ENV TECH&BIO is China Environmental Technology Holdings Limited.,Low name similarity (0.448) and missing official evidence; cannot determine if it's a rename or different security.,No official evidence to confirm identity.
HKEX::08049,08049,HKEX,twelvedata_name_mismatch,uncertain,needs_official_evidence,needs_official_evidence,0.3,Official company name from HKEX filings or corporate registry to confirm if JILIN CHANGLONG is Jilin Province Huinan Changlong Bio-pharmacy Company Limited.,Low name similarity (0.448) and missing official evidence; cannot determine if it's a rename or different security.,No official evidence to confirm identity.
LSE::0NO1,0NO1,LSE,twelvedata_name_mismatch,uncertain,needs_official_evidence,needs_official_evidence,0.3,Official company name and security type from LSE filings or corporate registry to confirm if TKH Group N.V. is the same as TKH Group N.V. - Depositary Receipt (Common Stock).,Low name similarity (0.448) and missing official evidence; cannot determine if it's a rename or different security.,No official evidence to confirm identity.
B3::MLAS3,MLAS3,B3,twelvedata_name_mismatch,uncertain,needs_official_evidence,needs_official_evidence,0.3,Official company name from B3 filings or corporate registry to confirm if GRUPO MULTI S.A. is Multilaser Industrial S.A.,Low name similarity (0.45) and missing official evidence; cannot determine if it's a rename or different security.,No official evidence to confirm identity.
HKEX::01319,01319,HKEX,twelvedata_name_mismatch,uncertain,needs_official_evidence,needs_official_evidence,0.3,Official company name from HKEX filings or corporate registry to confirm if OIWAHPAWN is Oi Wah Pawnshop Credit Holdings Limited.,Low name similarity (0.45) and missing official evidence; cannot determine if it's a rename or different security.,No official evidence to confirm identity.
HKEX::02595,02595,HKEX,twelvedata_name_mismatch,uncertain,needs_official_evidence,needs_official_evidence,0.3,Official company name from HKEX filings or corporate registry to confirm if GENFLEET-B is GenFleet Therapeutics (Shanghai) Inc.,Low name similarity (0.45) and missing official evidence; cannot determine if it's a rename or different security.,No official evidence to confirm identity.
HKEX::03618,03618,HKEX,twelvedata_name_mismatch,uncertain,needs_official_evidence,needs_official_evidence,0.3,"Official evidence (e.g., company filings, exchange listing data) to confirm whether 'CQRC BANK' is a valid abbreviation or alias for 'Chongqing Rural Commercial Bank Co., Ltd.'",Low name similarity (0.45) and no official evidence provided to confirm the relationship between the local name and Twelve Data name.,No official evidence to confirm the mapping; applying could introduce incorrect data.
LSE::0RD0,0RD0,LSE,twelvedata_name_mismatch,uncertain,needs_official_evidence,needs_official_evidence,0.3,"Official evidence (e.g., company filings, exchange listing data) to confirm whether 'SJF Bank A/S' is a valid abbreviation or alias for 'Sparekassen Sjælland-Fyn A/S'.",Low name similarity (0.45) and no official evidence provided to confirm the relationship between the local name and Twelve Data name.,No official evidence to confirm the mapping; applying could introduce incorrect data.
LSE::0RON,0RON,LSE,twelvedata_name_mismatch,uncertain,needs_official_evidence,needs_official_evidence,0.3,"Official evidence (e.g., company filings, exchange listing data) to confirm whether 'Banca Farmafactoring S.p.A.' is a valid abbreviation or alias for 'BFF Bank S.p.A.'.",Low name similarity (0.45) and no official evidence provided to confirm the relationship between the local name and Twelve Data name.,No official evidence to confirm the mapping; applying could introduce incorrect data.
LSE::BKS,BKS,LSE,twelvedata_name_mismatch,uncertain,needs_official_evidence,needs_official_evidence,0.3,"Official evidence (e.g., company filings, exchange listing data) to confirm whether 'Beeks Trading Corporation Ltd' is a valid abbreviation or alias for 'Beeks Financial Cloud Group PLC'.",Low name similarity (0.45) and no official evidence provided to confirm the relationship between the local name and Twelve Data name.,No official evidence to confirm the mapping; applying could introduce incorrect data.
B3::RBOP11,RBOP11,B3,twelvedata_name_mismatch,uncertain,needs_official_evidence,needs_official_evidence,0.3,"Official evidence (e.g., fund prospectus, exchange listing data) to confirm whether 'RIO BRAVO OPORTUNIDADES IMOBILIÁRIAS FII RESP LIM' is a valid abbreviation or alias for 'Mercantil Do Brasil Fundo De Investimento Imobiliário'.",Low name similarity (0.451) and no official evidence provided to confirm the relationship between the local name and Twelve Data name.,No official evidence to confirm the mapping; applying could introduce incorrect data.
B3::AIEC11,AIEC11,B3,twelvedata_name_mismatch,uncertain,needs_official_evidence,needs_official_evidence,0.3,"Official evidence (e.g., fund prospectus, exchange listing data) to confirm whether 'ARCH EDIFÍCIOS CORPORATIVOS FII - RES LTDA.' is a valid abbreviation or alias for 'Autonomy Edificios Corp FII'.",Low name similarity (0.452) and no official evidence provided to confirm the relationship between the local name and Twelve Data name.,No official evidence to confirm the mapping; applying could introduce incorrect data.
HKEX::01002,01002,HKEX,twelvedata_name_mismatch,uncertain,needs_official_evidence,needs_official_evidence,0.3,"Official evidence (e.g., company filings, exchange listing data) to confirm whether 'V.S. INT'L' is a valid abbreviation or alias for 'VS International Group Ltd.'.",Low name similarity (0.452) and no official evidence provided to confirm the relationship between the local name and Twelve Data name.,No official evidence to confirm the mapping; applying could introduce incorrect data.
HKEX::01132,01132,HKEX,twelvedata_name_mismatch,uncertain,needs_official_evidence,needs_official_evidence,0.3,"Official evidence (e.g., company filings, exchange listing data) to confirm whether 'ORANGE SKY G H' is a valid abbreviation or alias for 'Orange Sky Golden Harvest Entertainment (Holdings) Ltd.'.",Low name similarity (0.452) and no official evidence provided to confirm the relationship between the local name and Twelve Data name.,No official evidence to confirm the mapping; applying could introduce incorrect data.
HKEX::01316,01316,HKEX,twelvedata_name_mismatch,uncertain,needs_official_evidence,needs_official_evidence,0.3,"Official evidence (e.g., company filings, exchange listing data) to confirm whether 'NEXTEER' is a valid abbreviation or alias for 'Nexteer Automotive Group Ltd.'.",Low name similarity (0.452) and no official evidence provided to confirm the relationship between the local name and Twelve Data name.,No official evidence to confirm the mapping; applying could introduce incorrect data.
HKEX::02696,02696,HKEX,twelvedata_name_mismatch,uncertain,needs_official_evidence,needs_official_evidence,0.3,"Official evidence (e.g., company filings, exchange listing data) to confirm whether 'HENLIUS' is a valid abbreviation or alias for 'Shanghai Henlius Biotech, Inc.'.",Low name similarity (0.452) and no official evidence provided to confirm the relationship between the local name and Twelve Data name.,No official evidence to confirm the mapping; applying could introduce incorrect data.
LSE::0OF7,0OF7,LSE,twelvedata_name_mismatch,uncertain,needs_official_evidence,needs_official_evidence,0.3,"Official evidence (e.g., company filings, exchange listing data) to confirm whether 'EDP Energias de Portugal SA' is a valid abbreviation or alias for 'EDP, S.A.'.",Low name similarity (0.452) and no official evidence provided to confirm the relationship between the local name and Twelve Data name.,No official evidence to confirm the mapping; applying could introduce incorrect data.
TSE::7994,7994,TSE,twelvedata_name_mismatch,uncertain,needs_official_evidence,needs_official_evidence,0.3,"Official evidence (e.g., company filings, exchange listing data) to confirm whether 'OKAMURA CORPORATION' is a valid abbreviation or alias for 'OKAMURA CORP (X4O) Common Stock'.",Low name similarity (0.452) and no official evidence provided to confirm the relationship between the local name and Twelve Data name.,No official evidence to confirm the mapping; applying could introduce incorrect data.
HKEX::03718,03718,HKEX,twelvedata_name_mismatch,uncertain,needs_official_evidence,needs_official_evidence,0.3,"Official evidence (e.g., company filings, exchange listing data) to confirm whether 'BJ ENT URBAN' is a valid abbreviation or alias for 'Beijing Enterprises Urban Resources Group Ltd.'.",Low name similarity (0.453) and no official evidence provided to confirm the relationship between the local name and Twelve Data name.,No official evidence to confirm the mapping; applying could introduce incorrect data.
HKEX::08290,08290,HKEX,twelvedata_name_mismatch,uncertain,needs_official_evidence,needs_official_evidence,0.3,"Official evidence (e.g., company filings, exchange listing data) to confirm whether 'AHSAY BACKUP' is a valid abbreviation or alias for 'Ahsay Backup Software Development Company Limited'.",Low name similarity (0.453) and no official evidence provided to confirm the relationship between the local name and Twelve Data name.,No official evidence to confirm the mapping; applying could introduce incorrect data.
BSE_IN::ACML,ACML,BSE_IN,twelvedata_name_mismatch,uncertain,needs_official_evidence,needs_official_evidence,0.3,"Official evidence (e.g., company filings, exchange listing data) to confirm whether 'Aditya Consumer Marketing Ltd' is a valid abbreviation or alias for 'Ambika Cotton Mills Ltd.'.",Low name similarity (0.455) and no official evidence provided to confirm the relationship between the local name and Twelve Data name.,No official evidence to confirm the mapping; applying could introduce incorrect data.
HKEX::01289,01289,HKEX,twelvedata_name_mismatch,uncertain,needs_official_evidence,needs_official_evidence,0.3,"Official evidence (e.g., company filings, exchange listing data) to confirm whether 'SUNLIT SCI' is a valid abbreviation or alias for 'Wuxi Sunlit Science and Technology Co., Ltd.'.",Low name similarity (0.455) and no official evidence provided to confirm the relationship between the local name and Twelve Data name.,No official evidence to confirm the mapping; applying could introduce incorrect data.
HKEX::01881,01881,HKEX,twelvedata_name_mismatch,uncertain,needs_official_evidence,needs_official_evidence,0.3,"Official evidence (e.g., fund prospectus, exchange listing data) to confirm whether 'REGAL REIT' is a valid abbreviation or alias for 'Regal Real Estate Investment Trust'.",Low name similarity (0.455) and no official evidence provided to confirm the relationship between the local name and Twelve Data name.,No official evidence to confirm the mapping; applying could introduce incorrect data.
HKEX::06680,06680,HKEX,twelvedata_name_mismatch,uncertain,needs_official_evidence,needs_official_evidence,0.3,"Official evidence (e.g., company filings, exchange listing data) to confirm whether 'JLMAG' is a valid abbreviation or alias for 'JL Mag Rare-Earth Co., Ltd.'.",Low name similarity (0.455) and no official evidence provided to confirm the relationship between the local name and Twelve Data name.,No official evidence to confirm the mapping; applying could introduce incorrect data.
HKEX::09901,09901,HKEX,twelvedata_name_mismatch,uncertain,needs_official_evidence,needs_official_evidence,0.3,"Official evidence (e.g., company filings, exchange listing data) to confirm whether 'NEW ORIENTAL-S' is a valid abbreviation or alias for 'New Oriental Education & Technology Group Inc.'.",Low name similarity (0.456) and no official evidence provided to confirm the relationship between the local name and Twelve Data name.,No official evidence to confirm the mapping; applying could introduce incorrect data.
B3::VVMR11,VVMR11,B3,twelvedata_name_mismatch,uncertain,needs_official_evidence,needs_official_evidence,0.3,"Official evidence (e.g., fund prospectus, exchange listing data) to confirm whether 'V2 MULTI RENDA FUNDO INVEST IMOBILIÁRIO RES LTDA' is a valid abbreviation or alias for 'FII Multi Renda Urbana'.",Low name similarity (0.457) and no official evidence provided to confirm the relationship between the local name and Twelve Data name.,No official evidence to confirm the mapping; applying could introduce incorrect data.
HKEX::02238,02238,HKEX,twelvedata_name_mismatch,uncertain,needs_official_evidence,needs_official_evidence,0.3,"Official issuer name from HKEX filings or prospectus to confirm if 'GAC GROUP' is a valid abbreviation for 'Guangzhou Automobile Group Co., Ltd.'",Low name similarity (0.457) but local name 'GAC GROUP' could be an abbreviation. No official evidence provided to confirm equivalence.,"No official evidence to confirm that 'GAC GROUP' is the same entity as 'Guangzhou Automobile Group Co., Ltd.'"
HKEX::02689,02689,HKEX,twelvedata_name_mismatch,uncertain,needs_official_evidence,needs_official_evidence,0.3,Official issuer name from HKEX filings or prospectus to confirm if 'ND PAPER' is a valid abbreviation for 'Nine Dragons Paper Holdings Limited',Low name similarity (0.457) but local name 'ND PAPER' could be an abbreviation. No official evidence provided to confirm equivalence.,No official evidence to confirm that 'ND PAPER' is the same entity as 'Nine Dragons Paper Holdings Limited'
HKEX::08028,08028,HKEX,twelvedata_name_mismatch,uncertain,needs_official_evidence,needs_official_evidence,0.3,Official issuer name from HKEX filings or prospectus to confirm if 'TIMELESS' is a valid abbreviation for 'Timeless Resources Holdings Corp.',Low name similarity (0.457) but local name 'TIMELESS' could be an abbreviation. No official evidence provided to confirm equivalence.,No official evidence to confirm that 'TIMELESS' is the same entity as 'Timeless Resources Holdings Corp.'
LSE::0EPW,0EPW,LSE,twelvedata_name_mismatch,uncertain,needs_official_evidence,needs_official_evidence,0.3,Official issuer name from LSE filings or prospectus to confirm if 'Hochtief AG' is the same as 'Hochtief Aktiengesellschaft',"Low name similarity (0.457) but 'AG' and 'Aktiengesellschaft' are equivalent in German. However, no official evidence provided to confirm equivalence.",No official evidence to confirm that 'Hochtief AG' is the same entity as 'Hochtief Aktiengesellschaft'
LSE::0FRJ,0FRJ,LSE,twelvedata_name_mismatch,uncertain,needs_official_evidence,needs_official_evidence,0.3,Official issuer name from LSE filings or prospectus to confirm if 'Rational AG' is the same as 'RATIONAL Aktiengesellschaft',"Low name similarity (0.457) but 'AG' and 'Aktiengesellschaft' are equivalent in German. However, no official evidence provided to confirm equivalence.",No official evidence to confirm that 'Rational AG' is the same entity as 'RATIONAL Aktiengesellschaft'
LSE::0OP0,0OP0,LSE,twelvedata_name_mismatch,uncertain,needs_official_evidence,needs_official_evidence,0.3,Official issuer name from LSE filings or prospectus to confirm if 'DMG Mori AG' is the same as 'DMG MORI Aktiengesellschaft',"Low name similarity (0.457) but 'AG' and 'Aktiengesellschaft' are equivalent in German. However, no official evidence provided to confirm equivalence.",No official evidence to confirm that 'DMG Mori AG' is the same entity as 'DMG MORI Aktiengesellschaft'
HKEX::02163,02163,HKEX,twelvedata_name_mismatch,uncertain,needs_official_evidence,needs_official_evidence,0.3,"Official issuer name from HKEX filings or prospectus to confirm if 'BROAD HOMES' is a valid abbreviation for 'Changsha Broad Homes Industrial Group Co., Ltd.'",Low name similarity (0.458) but local name 'BROAD HOMES' could be an abbreviation. No official evidence provided to confirm equivalence.,"No official evidence to confirm that 'BROAD HOMES' is the same entity as 'Changsha Broad Homes Industrial Group Co., Ltd.'"
HKEX::02380,02380,HKEX,twelvedata_name_mismatch,uncertain,needs_official_evidence,needs_official_evidence,0.3,Official issuer name from HKEX filings or prospectus to confirm if 'CHINA POWER' is a valid abbreviation for 'China Power International Development Ltd.',Low name similarity (0.458) but local name 'CHINA POWER' could be an abbreviation. No official evidence provided to confirm equivalence.,No official evidence to confirm that 'CHINA POWER' is the same entity as 'China Power International Development Ltd.'
HKEX::08291,08291,HKEX,twelvedata_name_mismatch,uncertain,needs_official_evidence,needs_official_evidence,0.3,Official issuer name from HKEX filings or prospectus to confirm if 'HK ENT INTL' is a valid abbreviation for 'Hong Kong Entertainment International Ltd.',Low name similarity (0.458) but local name 'HK ENT INTL' could be an abbreviation. No official evidence provided to confirm equivalence.,No official evidence to confirm that 'HK ENT INTL' is the same entity as 'Hong Kong Entertainment International Ltd.'
B3::BTSI11,BTSI11,B3,twelvedata_name_mismatch,uncertain,needs_official_evidence,needs_official_evidence,0.3,Official issuer name from B3 filings or prospectus to confirm if 'BTSP II FII RESP LIM' is the same as 'BTSP II Fundo de Investimento Imobiliário',Low name similarity (0.459) but local name appears to be an abbreviation. No official evidence provided to confirm equivalence.,No official evidence to confirm that 'BTSP II FII RESP LIM' is the same entity as 'BTSP II Fundo de Investimento Imobiliário'
B3::RSPD11,RSPD11,B3,twelvedata_name_mismatch,uncertain,needs_official_evidence,needs_official_evidence,0.3,Official issuer name from B3 filings or prospectus to confirm if 'RB CAPITAL DESENV RESID III FII RESP LIM' is the same as 'RB Capital Desenvolvimento Fundo de Investimento Imobiliário - FII',Low name similarity (0.462) but local name appears to be an abbreviation. No official evidence provided to confirm equivalence.,No official evidence to confirm that 'RB CAPITAL DESENV RESID III FII RESP LIM' is the same entity as 'RB Capital Desenvolvimento Fundo de Investimento Imobiliário - FII'
BSE_IN::DEEPAI,DEEPAI,BSE_IN,twelvedata_name_mismatch,uncertain,needs_official_evidence,needs_official_evidence,0.3,Official issuer name from BSE filings or prospectus to confirm if 'Deep Health AI India Ltd' is the same as 'DEEPAI',Low name similarity (0.462) but twelvedata_name is just the ticker. No official evidence provided to confirm equivalence.,No official evidence to confirm that 'Deep Health AI India Ltd' is the same entity as 'DEEPAI'
HKEX::01238,01238,HKEX,twelvedata_name_mismatch,uncertain,needs_official_evidence,needs_official_evidence,0.3,Official issuer name from HKEX filings or prospectus to confirm if 'POWERLONG' is a valid abbreviation for 'Powerlong Real Estate Holdings Limited',Low name similarity (0.462) but local name 'POWERLONG' could be an abbreviation. No official evidence provided to confirm equivalence.,No official evidence to confirm that 'POWERLONG' is the same entity as 'Powerlong Real Estate Holdings Limited'
HKEX::01456,01456,HKEX,twelvedata_name_mismatch,uncertain,needs_official_evidence,needs_official_evidence,0.3,Official issuer name from HKEX filings or prospectus to confirm if 'GLMS SEC' is a valid abbreviation for 'Guolian Securities Co. Ltd.',Low name similarity (0.462) but local name 'GLMS SEC' could be an abbreviation. No official evidence provided to confirm equivalence.,No official evidence to confirm that 'GLMS SEC' is the same entity as 'Guolian Securities Co. Ltd.'
HKEX::01490,01490,HKEX,twelvedata_name_mismatch,uncertain,needs_official_evidence,needs_official_evidence,0.3,Official issuer name from HKEX filings or prospectus to confirm if 'AI X TECH' is a valid abbreviation for 'Cheshi Technology Inc.',Low name similarity (0.462) but local name 'AI X TECH' could be an abbreviation. No official evidence provided to confirm equivalence.,No official evidence to confirm that 'AI X TECH' is the same entity as 'Cheshi Technology Inc.'
HKEX::01525,01525,HKEX,twelvedata_name_mismatch,uncertain,needs_official_evidence,needs_official_evidence,0.3,Official issuer name from HKEX filings or prospectus to confirm if 'GENCH EDU' is a valid abbreviation for 'Shanghai Gench Education Group Limited',Low name similarity (0.462) but local name 'GENCH EDU' could be an abbreviation. No official evidence provided to confirm equivalence.,No official evidence to confirm that 'GENCH EDU' is the same entity as 'Shanghai Gench Education Group Limited'
HKEX::02038,02038,HKEX,twelvedata_name_mismatch,uncertain,needs_official_evidence,needs_official_evidence,0.3,Official issuer name from HKEX filings or prospectus to confirm if 'FIH' is a valid abbreviation for 'FIH Mobile Limited',Low name similarity (0.462) but local name 'FIH' could be an abbreviation. No official evidence provided to confirm equivalence.,No official evidence to confirm that 'FIH' is the same entity as 'FIH Mobile Limited'
HKEX::02286,02286,HKEX,twelvedata_name_mismatch,uncertain,needs_official_evidence,needs_official_evidence,0.3,Official issuer name from HKEX filings or prospectus to confirm if 'CHEN XING' is a valid abbreviation for 'Chen Xing Development Holdings Ltd.',Low name similarity (0.462) but local name 'CHEN XING' could be an abbreviation. No official evidence provided to confirm equivalence.,No official evidence to confirm that 'CHEN XING' is the same entity as 'Chen Xing Development Holdings Ltd.'
HKEX::02378,02378,HKEX,twelvedata_name_mismatch,uncertain,needs_official_evidence,needs_official_evidence,0.3,Official issuer name from HKEX filings or prospectus to confirm if 'PRU' is a valid abbreviation for 'Prudential plc',Low name similarity (0.462) but local name 'PRU' could be an abbreviation. No official evidence provided to confirm equivalence.,No official evidence to confirm that 'PRU' is the same entity as 'Prudential plc'
HKEX::02526,02526,HKEX,twelvedata_name_mismatch,uncertain,needs_official_evidence,needs_official_evidence,0.3,"Official issuer name from HKEX filings or prospectus to confirm if 'DIAGENS-B' is a valid abbreviation for 'Hangzhou Diagens Biotechnology Co., Ltd.'",Low name similarity (0.462) but local name 'DIAGENS-B' could be an abbreviation. No official evidence provided to confirm equivalence.,"No official evidence to confirm that 'DIAGENS-B' is the same entity as 'Hangzhou Diagens Biotechnology Co., Ltd.'"
HKEX::09909,09909,HKEX,twelvedata_name_mismatch,uncertain,needs_official_evidence,needs_official_evidence,0.3,Official issuer name and ISIN to confirm if Powerlong Commercial Management Holdings Ltd. is the same entity as POWERLONG CM.,Local name is abbreviated; Twelve Data name is full. Low name similarity (0.462). No official evidence provided to confirm identity.,No official evidence to confirm match or mismatch.
LSE::0ADF,0ADF,LSE,twelvedata_name_mismatch,uncertain,needs_official_evidence,needs_official_evidence,0.3,Official issuer name and ISIN to confirm if Arm Holdings plc ADR is the same as ARM Holdings.,"Local name is 'ARM Holdings', Twelve Data name includes 'American Depositary Receipt'. Low name similarity (0.462). No official evidence.",No official evidence to confirm match or mismatch.
LSE::0HA0,0HA0,LSE,twelvedata_name_mismatch,uncertain,needs_official_evidence,needs_official_evidence,0.3,Official issuer name and ISIN to confirm if RWE AG is the same as RWE AG ST O.N.,Local name includes 'ST O.N.' suffix; Twelve Data name is shorter. Low name similarity (0.462). No official evidence.,No official evidence to confirm match or mismatch.
LSE::0QEP,0QEP,LSE,twelvedata_name_mismatch,uncertain,needs_official_evidence,needs_official_evidence,0.3,Official issuer name and ISIN to confirm if MAIRE S.p.A. is the same as Maire Tecnimont SpA.,"Local name is 'Maire Tecnimont SpA', Twelve Data name is 'MAIRE S.p.A.'. Low name similarity (0.462). No official evidence.",No official evidence to confirm match or mismatch.
LSE::DGED,DGED,LSE,twelvedata_name_mismatch,uncertain,needs_official_evidence,needs_official_evidence,0.3,Official issuer name and ISIN to confirm if Diageo plc Sponsored ADR is the same as Diageo plc.,"Local name is 'Diageo plc', Twelve Data name includes 'Sponsored ADR'. Low name similarity (0.462). No official evidence.",No official evidence to confirm match or mismatch.
LSE::FEDS,FEDS,LSE,twelvedata_name_mismatch,uncertain,needs_official_evidence,needs_official_evidence,0.3,Official issuer name and ISIN to confirm if Federal Bank Ltd. is the same as FEDERAL BANK LD (THE) GDR.,Local name includes GDR details; Twelve Data name is simpler. Low name similarity (0.462). No official evidence.,No official evidence to confirm match or mismatch.
ASX::HCW,HCW,ASX,twelvedata_name_mismatch,uncertain,needs_official_evidence,needs_official_evidence,0.3,Official issuer name and ISIN to confirm if Healthco Properties Inc. is the same as HEALTHCO HEALTHCARE AND WELLNESS REIT.,Local name is a REIT; Twelve Data name is 'Healthco Properties Inc.'. Low name similarity (0.464). No official evidence.,No official evidence to confirm match or mismatch.
B3::HOFC11,HOFC11,B3,twelvedata_name_mismatch,uncertain,needs_official_evidence,needs_official_evidence,0.3,Official issuer name and ISIN to confirm if RB Capital Office Income Fundo de Investimento Imobiliário – FII is the same as HEDGE OFFICE INCOME FII RESP LIMITADA.,Local name and Twelve Data name differ significantly. Low name similarity (0.465). No official evidence.,No official evidence to confirm match or mismatch.
HKEX::01379,01379,HKEX,twelvedata_name_mismatch,uncertain,needs_official_evidence,needs_official_evidence,0.3,"Official issuer name and ISIN to confirm if Wenling Zhejiang Measuring Tools Co., Ltd. is the same as WENLING MCT.",Local name is abbreviated; Twelve Data name is full. Low name similarity (0.465). No official evidence.,No official evidence to confirm match or mismatch.
HKEX::02298,02298,HKEX,twelvedata_name_mismatch,uncertain,needs_official_evidence,needs_official_evidence,0.3,Official issuer name and ISIN to confirm if Cosmo Lady China Holdings Company Limited is the same as COSMO LADY.,Local name is abbreviated; Twelve Data name is full. Low name similarity (0.465). No official evidence.,No official evidence to confirm match or mismatch.
HKEX::02368,02368,HKEX,twelvedata_name_mismatch,uncertain,needs_official_evidence,needs_official_evidence,0.3,Official issuer name and ISIN to confirm if Eagle Nice International Holdings Limited is the same as EAGLE NICE.,Local name is abbreviated; Twelve Data name is full. Low name similarity (0.465). No official evidence.,No official evidence to confirm match or mismatch.
HKEX::03688,03688,HKEX,twelvedata_name_mismatch,uncertain,needs_official_evidence,needs_official_evidence,0.3,Official issuer name and ISIN to confirm if Top Spring International Holdings Limited is the same as TOP SPRING.,Local name is abbreviated; Twelve Data name is full. Low name similarity (0.465). No official evidence.,No official evidence to confirm match or mismatch.
HKEX::06082,06082,HKEX,twelvedata_name_mismatch,uncertain,needs_official_evidence,needs_official_evidence,0.3,Official issuer name and ISIN to confirm if Shanghai Biren Technology Co Ltd - Class H is the same as BIREN TECH.,Local name is abbreviated; Twelve Data name includes 'Class H'. Low name similarity (0.465). No official evidence.,No official evidence to confirm match or mismatch.
HKEX::06929,06929,HKEX,twelvedata_name_mismatch,uncertain,needs_official_evidence,needs_official_evidence,0.3,Official issuer name and ISIN to confirm if OrbusNeich Medical Group Holdings Limited is the same as ORBUSNEICH.,Local name is abbreviated; Twelve Data name is full. Low name similarity (0.465). No official evidence.,No official evidence to confirm match or mismatch.
LSE::GVCT,GVCT,LSE,twelvedata_name_mismatch,uncertain,needs_official_evidence,needs_official_evidence,0.3,Official issuer name and ISIN to confirm if Guinness Asset Management Funds plc is the same as Guinness VCT PLC.,"Local name is 'Guinness VCT PLC', Twelve Data name is 'Guinness Asset Management Funds plc'. Low name similarity (0.465). No official evidence.",No official evidence to confirm match or mismatch.
B3::GAME11,GAME11,B3,twelvedata_name_mismatch,uncertain,needs_official_evidence,needs_official_evidence,0.3,Official issuer name and ISIN to confirm if FII Guard Mutual Fund is the same as FII GUARDIAN MULTIESTRATÉGIA I RESP LIM.,Local name and Twelve Data name differ. Low name similarity (0.467). No official evidence.,No official evidence to confirm match or mismatch.
BSE_IN::KASTURI,KASTURI,BSE_IN,twelvedata_name_mismatch,uncertain,needs_official_evidence,needs_official_evidence,0.3,Official issuer name and ISIN to confirm if KASTURI (Twelve Data) is the same as Kasturi Metal Composite Ltd.,"Local name is 'Kasturi Metal Composite Ltd', Twelve Data name is 'KASTURI'. Low name similarity (0.467). No official evidence.",No official evidence to confirm match or mismatch.
HKEX::02528,02528,HKEX,twelvedata_name_mismatch,uncertain,needs_official_evidence,needs_official_evidence,0.3,Official issuer name and ISIN to confirm if Forward Fashion International Holdings Company Limited is the same as FW FASHION INT.,Local name is abbreviated; Twelve Data name is full. Low name similarity (0.467). No official evidence.,No official evidence to confirm match or mismatch.
HKEX::08162,08162,HKEX,twelvedata_name_mismatch,uncertain,needs_official_evidence,needs_official_evidence,0.3,Official issuer name and ISIN to confirm if Loco Hong Kong Holdings Ltd. is the same as LOCO HK.,Local name is abbreviated; Twelve Data name is full. Low name similarity (0.467). No official evidence.,No official evidence to confirm match or mismatch.
B3::ESTR4,ESTR4,B3,twelvedata_name_mismatch,uncertain,needs_official_evidence,needs_official_evidence,0.3,Official issuer name and ISIN to confirm if Estrela S.A. is the same as MANUFATURA DE BRINQUEDOS ESTRELA S.A.,Local name is full; Twelve Data name is shorter. Low name similarity (0.468). No official evidence.,No official evidence to confirm match or mismatch.
B3::RCRB11,RCRB11,B3,twelvedata_name_mismatch,uncertain,needs_official_evidence,needs_official_evidence,0.3,Official issuer name and security type for ticker RCRB11 on B3; confirm if Twelve Data name refers to same entity or different security.,"Local name suggests a real estate fund, Twelve Data name suggests a distributor; low name similarity and no official evidence to confirm identity.",No official evidence to confirm match or rename.
B3::TSNC11,TSNC11,B3,twelvedata_name_mismatch,uncertain,needs_official_evidence,needs_official_evidence,0.3,Official issuer name and security type for ticker TSNC11 on B3; verify if 'Transinc FII Fund' is the same entity.,Local name 'TRANSINC FDO INV IMOB RESP LIM' and Twelve Data name 'Transinc FII Fund' may refer to same fund but lack official evidence.,No official evidence to confirm match.
HKEX::01274,01274,HKEX,twelvedata_name_mismatch,uncertain,needs_official_evidence,needs_official_evidence,0.3,"Official company name for ticker 01274 on HKEX; confirm if 'iMotion Automotive Technology (Suzhou) Co., Ltd.' is correct.","Local name 'IMOTIONTECH' is abbreviated; Twelve Data name is full name; low similarity but likely same issuer, but no official evidence.",No official evidence to confirm match.
HKEX::01938,01938,HKEX,twelvedata_name_mismatch,uncertain,needs_official_evidence,needs_official_evidence,0.3,Official company name for ticker 01938 on HKEX; verify if 'Chu Kong Petroleum & Natural Gas Co. Ltd.' is correct.,Local name 'CHU KONG PIPE' is abbreviated; Twelve Data name is full name; likely same issuer but no official evidence.,No official evidence to confirm match.
HKEX::01563,01563,HKEX,twelvedata_name_mismatch,uncertain,needs_official_evidence,needs_official_evidence,0.3,Official company name for ticker 01563 on HKEX; confirm if 'Alliance International Education Leasing Holdings Ltd.' is correct.,Local name 'ALLI INTL ED LE' is abbreviated; Twelve Data name is full name; likely same issuer but no official evidence.,No official evidence to confirm match.
B3::OFSA3,OFSA3,B3,twelvedata_name_mismatch,uncertain,needs_official_evidence,needs_official_evidence,0.3,Official issuer name for ticker OFSA3 on B3; verify if 'Ouro Fino Saúde Animal Participações S.A.' is correct.,Local name 'OUROFINO S.A.' is abbreviated; Twelve Data name is full name; likely same issuer but no official evidence.,No official evidence to confirm match.
B3::VVCR11,VVCR11,B3,twelvedata_name_mismatch,uncertain,needs_official_evidence,needs_official_evidence,0.3,Official issuer name for ticker VVCR11 on B3; confirm if Twelve Data name 'FII BB Renda de Papéis Imobiliários' is correct or if it's a different fund.,Local name 'V2 RECEBÍVEIS IMOBILIÁRIOS FUNDO DE INVESTIMENTO I' differs significantly from Twelve Data name; possible different security.,No official evidence to confirm match or rename.
HKEX::02080,02080,HKEX,twelvedata_name_mismatch,uncertain,needs_official_evidence,needs_official_evidence,0.3,Official company name for ticker 02080 on HKEX; verify if 'Aux International Holdings Ltd.' is correct.,Local name 'AUX INTL' is abbreviated; Twelve Data name is full name; likely same issuer but no official evidence.,No official evidence to confirm match.
HKEX::02222,02222,HKEX,twelvedata_name_mismatch,uncertain,needs_official_evidence,needs_official_evidence,0.3,Official company name for ticker 02222 on HKEX; verify if 'NVC International Holdings Limited' is correct.,Local name 'NVC INTL' is abbreviated; Twelve Data name is full name; likely same issuer but no official evidence.,No official evidence to confirm match.
HKEX::02239,02239,HKEX,twelvedata_name_mismatch,uncertain,needs_official_evidence,needs_official_evidence,0.3,Official company name for ticker 02239 on HKEX; verify if 'Smit Holdings Ltd.' is correct.,Local name 'SMIT' is abbreviated; Twelve Data name is full name; likely same issuer but no official evidence.,No official evidence to confirm match.
HKEX::03399,03399,HKEX,twelvedata_name_mismatch,uncertain,needs_official_evidence,needs_official_evidence,0.3,Official company name for ticker 03399 on HKEX; verify if 'Guangdong Yueyun Transportation Company Limited' is correct.,Local name 'YUEYUN TRANS' is abbreviated; Twelve Data name is full name; likely same issuer but no official evidence.,No official evidence to confirm match.
HKEX::08042,08042,HKEX,twelvedata_name_mismatch,uncertain,needs_official_evidence,needs_official_evidence,0.3,Official company name for ticker 08042 on HKEX; verify if 'Kos International Holdings Limited' is correct.,Local name 'KOS INTL' is abbreviated; Twelve Data name is full name; likely same issuer but no official evidence.,No official evidence to confirm match.
HKEX::08267,08267,HKEX,twelvedata_name_mismatch,uncertain,needs_official_evidence,needs_official_evidence,0.3,Official company name for ticker 08267 on HKEX; verify if 'Linekong Interactive Group Co. Ltd.' is correct.,Local name 'LINEKONG' is abbreviated; Twelve Data name is full name; likely same issuer but no official evidence.,No official evidence to confirm match.
HKEX::09689,09689,HKEX,twelvedata_name_mismatch,uncertain,needs_official_evidence,needs_official_evidence,0.3,Official company name for ticker 09689 on HKEX; verify if 'JTF International Holdings Ltd.' is correct.,Local name 'JTF INTL' is abbreviated; Twelve Data name is full name; likely same issuer but no official evidence.,No official evidence to confirm match.
LSE::0Q6M,0Q6M,LSE,twelvedata_name_mismatch,uncertain,needs_official_evidence,needs_official_evidence,0.3,Official issuer name for ticker 0Q6M on LSE; verify if 'Unipol Assicurazioni S.p.A.' is correct or if it's a different entity.,Local name 'Unipol Gruppo Finanziario Spa' differs from Twelve Data name 'Unipol Assicurazioni S.p.A.'; possible different group vs insurance entity.,No official evidence to confirm match or rename.
LSE::INVR,INVR,LSE,twelvedata_name_mismatch,uncertain,needs_official_evidence,needs_official_evidence,0.3,Official security type for ticker INVR on LSE; confirm if it is common stock or preferred stock.,"Local name 'Investec plc' suggests common stock, Twelve Data type is 'Preferred Stock'; possible different share class.",No official evidence to confirm security type.
TSE::2685,2685,TSE,twelvedata_name_mismatch,uncertain,needs_official_evidence,needs_official_evidence,0.3,"Official company name for ticker 2685 on TSE; verify if 'Adastria Co., Ltd.' is correct.","Local name 'and ST HD Co.,Ltd.' is unusual; Twelve Data name 'Adastria Co., Ltd.' may be correct but no official evidence.",No official evidence to confirm match.
TSE::4922,4922,TSE,twelvedata_name_mismatch,uncertain,needs_official_evidence,needs_official_evidence,0.3,Official company name for ticker 4922 on TSE; verify if 'Kose Corporation' is correct or if 'KOSE Holdings Corporation' is the official name.,Local name 'KOSE Holdings Corporation' differs from Twelve Data name 'Kose Corporation'; possible name change or different entity.,No official evidence to confirm match.
TSE::6287,6287,TSE,twelvedata_name_mismatch,uncertain,needs_official_evidence,needs_official_evidence,0.3,Official company name for ticker 6287 on TSE; verify if 'Sato Holdings Corporation' is correct.,Local name 'SATO CORPORATION' is similar but not identical to Twelve Data name 'Sato Holdings Corporation'; possible name change.,No official evidence to confirm match.
LSE::0JUJ,0JUJ,LSE,twelvedata_name_mismatch,uncertain,needs_official_evidence,needs_official_evidence,0.3,Official company name and share class for ticker 0JUJ on LSE; confirm if 'Liberty Media Corporation' is correct or if it's a specific series.,"Local name specifies 'Series A Liberty Formula One', Twelve Data name is generic 'Liberty Media Corporation'; possible different share class.",No official evidence to confirm match.
BSE_IN::WORKMATES,WORKMATES,BSE_IN,twelvedata_name_mismatch,uncertain,needs_official_evidence,needs_official_evidence,0.3,Official company name from issuer or regulatory filing to confirm if 'Workmates Core2Cloud Solution Ltd' is the current legal name and matches the ticker.,Low name similarity score (0.474) between local name and Twelve Data name. No official evidence provided to determine if this is a rename or different security.,Insufficient evidence to confirm identity; official documentation required.
HKEX::01119,01119,HKEX,twelvedata_name_mismatch,uncertain,needs_official_evidence,needs_official_evidence,0.3,Official company name from HKEX filings or issuer to confirm if 'IDREAMSKY' is a valid abbreviation for 'IdreamSky Technology Holdings Ltd.',Low name similarity score (0.474). Local name is an abbreviation; Twelve Data name is full. No official evidence to confirm they refer to the same entity.,Insufficient evidence; official documentation required.
HKEX::02212,02212,HKEX,twelvedata_name_mismatch,uncertain,needs_official_evidence,needs_official_evidence,0.3,Official company name from HKEX filings to confirm if 'FB MINING' corresponds to 'Future Bright Mining Holdings Ltd.',Low name similarity score (0.474). Local name is an abbreviation; Twelve Data name is full. No official evidence provided.,Insufficient evidence; official documentation required.
HKEX::02481,02481,HKEX,twelvedata_name_mismatch,uncertain,needs_official_evidence,needs_official_evidence,0.3,"Official company name from HKEX filings to confirm if 'SL Gemini Energy' is the same as 'Wise Living Technology Co., Ltd.'",Low name similarity score (0.474). Names appear completely different. No official evidence to link them.,Insufficient evidence; official documentation required.
HKEX::09611,09611,HKEX,twelvedata_name_mismatch,uncertain,needs_official_evidence,needs_official_evidence,0.3,"Official company name from HKEX filings to confirm if 'LONGCHEER' is an abbreviation for 'Shanghai Longcheer Technology Co., Ltd.'",Low name similarity score (0.474). Local name is an abbreviation; Twelve Data name is full. No official evidence provided.,Insufficient evidence; official documentation required.
HKEX::09863,09863,HKEX,twelvedata_name_mismatch,uncertain,needs_official_evidence,needs_official_evidence,0.3,"Official company name from HKEX filings to confirm if 'LEAPMOTOR' corresponds to 'Zhejiang Leapmotor Technology Co., Ltd.'",Low name similarity score (0.474). Local name is an abbreviation; Twelve Data name is full. No official evidence provided.,Insufficient evidence; official documentation required.
HKEX::01385,01385,HKEX,twelvedata_name_mismatch,uncertain,needs_official_evidence,needs_official_evidence,0.3,Official company name from HKEX filings to confirm if 'SHANGHAI FUDAN' is an abbreviation for 'Shanghai Fudan Microelectronics Group Company Limited',Low name similarity score (0.475). Local name is an abbreviation; Twelve Data name is full. No official evidence provided.,Insufficient evidence; official documentation required.
HKEX::01396,01396,HKEX,twelvedata_name_mismatch,uncertain,needs_official_evidence,needs_official_evidence,0.3,Official company name from HKEX filings to confirm if 'GD-HKGBA HLDGS' corresponds to 'Guangdong Hong Kong Greater Bay Area Holdings Limited',Low name similarity score (0.475). Local name is an abbreviation; Twelve Data name is full. No official evidence provided.,Insufficient evidence; official documentation required.
LSE::0FMO,0FMO,LSE,twelvedata_name_mismatch,uncertain,needs_official_evidence,needs_official_evidence,0.3,Official company name from LSE filings or issuer to confirm if 'Powszechna Kasa Oszczednosci Bank Polski SA' is the same as 'PKO Bank Polski S.A.',"Low name similarity score (0.475). Names differ; one is full Polish name, other is abbreviated. No official evidence provided.",Insufficient evidence; official documentation required.
B3::AJFI11,AJFI11,B3,twelvedata_name_mismatch,uncertain,needs_official_evidence,needs_official_evidence,0.3,Official fund name from B3 filings or issuer to confirm if 'AJ MALLS FII RESP LIM' is the same as 'AJ Malls Fundo de Investimento Imobiliário',Low name similarity score (0.476). Names are similar but not identical; no official evidence provided.,Insufficient evidence; official documentation required.
HKEX::02715,02715,HKEX,twelvedata_name_mismatch,uncertain,needs_official_evidence,needs_official_evidence,0.3,"Official company name from HKEX filings to confirm if 'ESTUN' corresponds to 'Estun Automation Co., Ltd.'",Low name similarity score (0.476). Local name is an abbreviation; Twelve Data name is full. No official evidence provided.,Insufficient evidence; official documentation required.
HKEX::08070,08070,HKEX,twelvedata_name_mismatch,uncertain,needs_official_evidence,needs_official_evidence,0.3,Official company name from HKEX filings to confirm if 'KEEN OCEAN' is an abbreviation for 'Keen Ocean International Holding Limited',Low name similarity score (0.476). Local name is an abbreviation; Twelve Data name is full. No official evidence provided.,Insufficient evidence; official documentation required.
HKEX::09930,09930,HKEX,twelvedata_name_mismatch,uncertain,needs_official_evidence,needs_official_evidence,0.3,Official company name from HKEX filings to confirm if 'HORIZON CD' corresponds to 'Horizon Construction Development Limited',Low name similarity score (0.476). Local name is an abbreviation; Twelve Data name is full. No official evidence provided.,Insufficient evidence; official documentation required.
NSE_IN::MOIPO,MOIPO,NSE_IN,twelvedata_name_mismatch,uncertain,needs_official_evidence,needs_official_evidence,0.3,Official company name from NSE filings to confirm if 'MOTILALAMC - MOIPO' is the same as 'MOIPO',Low name similarity score (0.476). Local name includes a prefix; Twelve Data name is just the ticker. No official evidence provided.,Insufficient evidence; official documentation required.
NSE_IN::MOMNC,MOMNC,NSE_IN,twelvedata_name_mismatch,uncertain,needs_official_evidence,needs_official_evidence,0.3,Official company name from NSE filings to confirm if 'MOTILALAMC - MOMNC' is the same as 'MOMNC',Low name similarity score (0.476). Local name includes a prefix; Twelve Data name is just the ticker. No official evidence provided.,Insufficient evidence; official documentation required.
B3::HGRE11,HGRE11,B3,twelvedata_name_mismatch,uncertain,needs_official_evidence,needs_official_evidence,0.3,Official fund name from B3 filings to confirm if 'PATRIA ESCRITÓRIOS – FDO INV IMOB - RESPONSAB LTDA' is the same as 'Patria Offices Real Estate Investment Fund',Low name similarity score (0.477). Names are similar but not identical; no official evidence provided.,Insufficient evidence; official documentation required.
B3::FVPQ11,FVPQ11,B3,twelvedata_name_mismatch,uncertain,needs_official_evidence,needs_official_evidence,0.3,Official fund name from B3 filings to confirm if 'VIA PARQUE SHOPPING - FII RESP LIM' is the same as 'Fundo De Investimento Imobiliário Via Parque Shopping - FVPQ11',Low name similarity score (0.478). Names are similar but not identical; no official evidence provided.,Insufficient evidence; official documentation required.
HKEX::01426,01426,HKEX,twelvedata_name_mismatch,uncertain,needs_official_evidence,needs_official_evidence,0.3,Official trust name from HKEX filings to confirm if 'SPRING REIT' corresponds to 'Spring Real Estate Investment Trust',Low name similarity score (0.478). Local name is an abbreviation; Twelve Data name is full. No official evidence provided.,Insufficient evidence; official documentation required.
HKEX::08060,08060,HKEX,twelvedata_name_mismatch,uncertain,needs_official_evidence,needs_official_evidence,0.3,Official company name from HKEX filings to confirm if 'GLOBAL LINK' is an abbreviation for 'Global Link Communications Holdings Limited',Low name similarity score (0.478). Local name is an abbreviation; Twelve Data name is full. No official evidence provided.,Insufficient evidence; official documentation required.
HKEX::08348,08348,HKEX,twelvedata_name_mismatch,uncertain,needs_official_evidence,needs_official_evidence,0.3,Official company name from HKEX filings to confirm if 'BINHAI TEDA' corresponds to 'Tianjin Binhai Teda Logistics (Group) Corp. Ltd.',Low name similarity score (0.478). Local name is an abbreviation; Twelve Data name is full. No official evidence provided.,Insufficient evidence; official documentation required.
LSE::0VBE,0VBE,LSE,twelvedata_name_mismatch,uncertain,needs_official_evidence,needs_official_evidence,0.3,Official issuer name and security type from LSE or company filings to confirm if Osisko Gold Royalties Ltd. and OR ROYALTIES INC COMMON STOCK are the same entity.,"Name similarity is low (0.478). Local name is 'Osisko Gold Royalties Ltd.' while TwelveData name is 'OR ROYALTIES INC COMMON STOCK'. Without official evidence, cannot confirm same issuer.",No official evidence to confirm identity.
ASX::GQG,GQG,ASX,twelvedata_name_mismatch,uncertain,needs_official_evidence,needs_official_evidence,0.3,Official ASX listing details or company filings to confirm if GQG PARTNERS INC. and GQG Partners Inc. - CHESS Depositary Interest refer to the same issuer.,"Name similarity is low (0.48). Local name is 'GQG PARTNERS INC.' while TwelveData name includes 'CHESS Depositary Interest', indicating a different security type. Official evidence needed.",No official evidence to confirm same issuer.
B3::TRAD3,TRAD3,B3,twelvedata_name_mismatch,uncertain,needs_official_evidence,needs_official_evidence,0.3,Official B3 listing or company filings to confirm if TC S.A. and TC Traders Club S.A. are the same entity.,"Name similarity is low (0.48). Local name is 'TC S.A.' while TwelveData name is 'TC Traders Club S.A.'. Without official evidence, cannot confirm identity.",No official evidence to confirm same issuer.
HKEX::01583,01583,HKEX,twelvedata_name_mismatch,uncertain,needs_official_evidence,needs_official_evidence,0.3,Official HKEX listing or company filings to confirm if QINQIN FOODS and QinQin Foodstuffs Group (Cayman) Company Limited are the same issuer.,Name similarity is low (0.48). Local name is abbreviated 'QINQIN FOODS' while TwelveData name is full legal name. Official evidence needed to confirm.,No official evidence to confirm same issuer.
HKEX::02016,02016,HKEX,twelvedata_name_mismatch,uncertain,needs_official_evidence,needs_official_evidence,0.3,"Official HKEX listing or company filings to confirm if CZBANK and China Zheshang Bank Co., Ltd. are the same entity.",Name similarity is low (0.48). Local name is 'CZBANK' while TwelveData name is full legal name. Official evidence needed.,No official evidence to confirm same issuer.
HKEX::02487,02487,HKEX,twelvedata_name_mismatch,uncertain,needs_official_evidence,needs_official_evidence,0.3,Official HKEX listing or company filings to confirm if CUTIA-B and Cutia Therapeutics Limited are the same entity.,"Name similarity is low (0.48). Local name includes '-B' suffix, possibly indicating a different share class. Official evidence needed.",No official evidence to confirm same issuer.
HKEX::02509,02509,HKEX,twelvedata_name_mismatch,uncertain,needs_official_evidence,needs_official_evidence,0.3,Official HKEX listing or company filings to confirm if QYUNS-B and Qyuns Therapeutics Co. Ltd. are the same entity.,"Name similarity is low (0.48). Local name includes '-B' suffix, possibly indicating a different share class. Official evidence needed.",No official evidence to confirm same issuer.
HKEX::02687,02687,HKEX,twelvedata_name_mismatch,uncertain,needs_official_evidence,needs_official_evidence,0.3,"Official HKEX listing or company filings to confirm if ABLE DIGITAL and Shanghai Able Digital Science & Tech Co., Ltd. are the same entity.",Name similarity is low (0.48). Local name is abbreviated 'ABLE DIGITAL' while TwelveData name is full legal name. Official evidence needed.,No official evidence to confirm same issuer.
HKEX::06118,06118,HKEX,twelvedata_name_mismatch,uncertain,needs_official_evidence,needs_official_evidence,0.3,Official HKEX listing or company filings to confirm if AUSTAR and Austar Lifesciences Ltd. are the same entity.,Name similarity is low (0.48). Local name is 'AUSTAR' while TwelveData name is 'Austar Lifesciences Ltd.'. Official evidence needed.,No official evidence to confirm same issuer.
LSE::0JEV,0JEV,LSE,twelvedata_name_mismatch,uncertain,needs_official_evidence,needs_official_evidence,0.3,"Official LSE listing or company filings to confirm if Option NV and Optec International, Inc. are the same entity.","Name similarity is low (0.48). Local name is 'Option NV' while TwelveData name is 'Optec International, Inc.'. These appear to be different companies. Official evidence needed.",No official evidence to confirm same issuer.
LSE::0NES,0NES,LSE,twelvedata_name_mismatch,uncertain,needs_official_evidence,needs_official_evidence,0.3,Official LSE listing or company filings to confirm if Oriola Oyj Series B and Oriola Corporation are the same entity.,"Name similarity is low (0.48). Local name includes 'Series B' indicating a specific share class, while TwelveData name is generic. Official evidence needed.",No official evidence to confirm same issuer.
LSE::ACG,ACG,LSE,twelvedata_name_mismatch,uncertain,needs_official_evidence,needs_official_evidence,0.3,Official LSE listing or company filings to confirm if ACG Acquisition Co. Ltd. and ACG Metals Limited are the same entity.,Name similarity is low (0.48). Local name is 'ACG Acquisition Co. Ltd.' while TwelveData name is 'ACG Metals Limited'. These may be different entities. Official evidence needed.,No official evidence to confirm same issuer.
B3::ASRF11,ASRF11,B3,twelvedata_name_mismatch,uncertain,needs_official_evidence,needs_official_evidence,0.3,Official B3 listing or fund documents to confirm if DAYCOVAL RETROFITS I FII RESP LIM and ASA Retrofit Fundo de Investimento Imobiliário are the same fund.,Name similarity is low (0.481). Local name is 'DAYCOVAL RETROFITS I FII RESP LIM' while TwelveData name is 'ASA Retrofit Fundo de Investimento Imobiliário'. Official evidence needed.,No official evidence to confirm same issuer.
HKEX::08366,08366,HKEX,twelvedata_name_mismatch,uncertain,needs_official_evidence,needs_official_evidence,0.3,Official HKEX listing or company filings to confirm if ZJ UNITED INV and Zhejiang United Investment Holdings Group Ltd. are the same entity.,Name similarity is low (0.481). Local name is abbreviated 'ZJ UNITED INV' while TwelveData name is full legal name. Official evidence needed.,No official evidence to confirm same issuer.
HKEX::08128,08128,HKEX,twelvedata_name_mismatch,uncertain,needs_official_evidence,needs_official_evidence,0.3,Official HKEX listing or company filings to confirm if CHYY GP and Chyy Development Group Ltd are the same entity.,Name similarity is low (0.483). Local name is 'CHYY GP' while TwelveData name is 'Chyy Development Group Ltd'. Official evidence needed.,No official evidence to confirm same issuer.
HKEX::09980,09980,HKEX,twelvedata_name_mismatch,uncertain,needs_official_evidence,needs_official_evidence,0.3,"Official HKEX listing or company filings to confirm if EASTROC and Eastroc Beverage (Group) Co., Ltd. are the same entity.",Name similarity is low (0.483). Local name is 'EASTROC' while TwelveData name is full legal name. Official evidence needed.,No official evidence to confirm same issuer.
LSE::0ET5,0ET5,LSE,twelvedata_name_mismatch,uncertain,needs_official_evidence,needs_official_evidence,0.3,Official LSE listing or company filings to confirm if Vastned Retail Belgium and Vastned NV are the same entity.,Name similarity is low (0.483). Local name is 'Vastned Retail Belgium' while TwelveData name is 'Vastned NV'. These may be different entities. Official evidence needed.,No official evidence to confirm same issuer.
LSE::0FIZ,0FIZ,LSE,twelvedata_name_mismatch,uncertain,needs_official_evidence,needs_official_evidence,0.3,Official LSE listing or company filings to confirm if Hellenic Telec and Hellenic Telecommunications Organization S.A. are the same entity.,Name similarity is low (0.483). Local name is abbreviated 'Hellenic Telec' while TwelveData name is full legal name. Official evidence needed.,No official evidence to confirm same issuer.
HKEX::03311,03311,HKEX,twelvedata_name_mismatch,uncertain,needs_official_evidence,needs_official_evidence,0.3,Official HKEX listing or company filings to confirm if CHINA STATE CON and China State Construction International Holdings Ltd. are the same entity.,Name similarity is low (0.484). Local name is abbreviated 'CHINA STATE CON' while TwelveData name is full legal name. Official evidence needed.,No official evidence to confirm same issuer.
HKEX::06068,06068,HKEX,twelvedata_name_mismatch,uncertain,needs_official_evidence,needs_official_evidence,0.3,Official HKEX listing or company filings to confirm if WISDOM EDU INTL and Wisdom Education International Holdings Company Limited are the same entity.,Name similarity is low (0.484). Local name is abbreviated 'WISDOM EDU INTL' while TwelveData name is full legal name. Official evidence needed.,No official evidence to confirm same issuer.
HKEX::08249,08249,HKEX,twelvedata_name_mismatch,uncertain,needs_official_evidence,needs_official_evidence,0.3,"Official corporate name from issuer filings or exchange listing to confirm if 'Ruiyuan IC Tech' is a former name or alias of Zhejiang Ruiyuan Intelligent Control Technology Co., Ltd.","Local name 'RUIYUAN IC TECH' differs from Twelve Data name 'Zhejiang Ruiyuan Intelligent Control Technology Co., Ltd.' with low name score 0.484. No official evidence provided to confirm they are the same entity.",No official evidence to confirm identity; possible rename or different security.
HKEX::01749,01749,HKEX,twelvedata_name_mismatch,uncertain,needs_official_evidence,needs_official_evidence,0.3,"Official corporate name from issuer filings or exchange listing to confirm if 'Shanshan' is a short name for Shanshan Brand Management Co., Ltd.","Local name 'SHANSHAN' differs from Twelve Data name 'Shanshan Brand Management Co., Ltd.' with low name score 0.485. No official evidence provided to confirm they are the same entity.",No official evidence to confirm identity; possible rename or different security.
HKEX::02018,02018,HKEX,twelvedata_name_mismatch,uncertain,needs_official_evidence,needs_official_evidence,0.3,Official corporate name from issuer filings or exchange listing to confirm if 'AAC TECH' is a short name for AAC Technologies Holdings Inc.,Local name 'AAC TECH' differs from Twelve Data name 'AAC Technologies Holdings Inc.' with low name score 0.485. No official evidence provided to confirm they are the same entity.,No official evidence to confirm identity; possible rename or different security.
LSE::0K7X,0K7X,LSE,twelvedata_name_mismatch,uncertain,needs_official_evidence,needs_official_evidence,0.3,Official corporate name from issuer filings or exchange listing to confirm if Newtek Business Services Corp. renamed to NewtekOne Inc. or if they are different entities.,Local name 'Newtek Business Services Corp.' differs from Twelve Data name 'NewtekOne Inc.' with low name score 0.485. No official evidence provided to confirm they are the same entity.,No official evidence to confirm identity; possible rename or different security.
HKEX::01232,01232,HKEX,twelvedata_name_mismatch,uncertain,needs_official_evidence,needs_official_evidence,0.3,Official corporate name from issuer filings or exchange listing to confirm if 'GW TIANDI' is a short name for Golden Wheel Tiandi Holdings Limited.,Local name 'GW TIANDI' differs from Twelve Data name 'Golden Wheel Tiandi Holdings Limited' with low name score 0.486. No official evidence provided to confirm they are the same entity.,No official evidence to confirm identity; possible rename or different security.
HKEX::02590,02590,HKEX,twelvedata_name_mismatch,uncertain,needs_official_evidence,needs_official_evidence,0.3,Official corporate name from issuer filings or exchange listing to confirm if 'GEEKPLUS-W' is a short name for Beijing Geekplus Technology Co. Ltd.,Local name 'GEEKPLUS-W' differs from Twelve Data name 'Beijing Geekplus Technology Co. Ltd.' with low name score 0.486. No official evidence provided to confirm they are the same entity.,No official evidence to confirm identity; possible rename or different security.
LSE::0NIQ,0NIQ,LSE,twelvedata_name_mismatch,uncertain,needs_official_evidence,needs_official_evidence,0.3,Official corporate name from issuer filings or exchange listing to confirm if Sartorius Aktiengesellschaft is the same as Sartorius AG.,Local name 'Sartorius Aktiengesellschaft' differs from Twelve Data name 'Sartorius AG' with low name score 0.486. No official evidence provided to confirm they are the same entity.,No official evidence to confirm identity; possible rename or different security.
LSE::0NYZ,0NYZ,LSE,twelvedata_name_mismatch,uncertain,needs_official_evidence,needs_official_evidence,0.3,Official corporate name from issuer filings or exchange listing to confirm if Bertrandt AG is the same as Bertrandt Aktiengesellschaft.,Local name 'Bertrandt AG' differs from Twelve Data name 'Bertrandt Aktiengesellschaft' with low name score 0.486. No official evidence provided to confirm they are the same entity.,No official evidence to confirm identity; possible rename or different security.
NSE_IN::CAPILLARY,CAPILLARY,NSE_IN,twelvedata_name_mismatch,uncertain,needs_official_evidence,needs_official_evidence,0.3,Official corporate name from issuer filings or exchange listing to confirm if Capillary Technologies India Limited is the same as the entity listed as 'CAPILLARY' on NSE.,Local name 'Capillary Technologies India Limited' differs from Twelve Data name 'CAPILLARY' with low name score 0.486. No official evidence provided to confirm they are the same entity.,No official evidence to confirm identity; possible rename or different security.
B3::DOHL3,DOHL3,B3,twelvedata_name_mismatch,uncertain,needs_official_evidence,needs_official_evidence,0.3,Official corporate name from issuer filings or exchange listing to confirm if 'DOHLER S.A.' is the same as 'Dohler S.A. Comércio e Indústria'.,Local name 'DOHLER S.A.' differs from Twelve Data name 'Dohler S.A. Comércio e Indústria' with low name score 0.488. No official evidence provided to confirm they are the same entity.,No official evidence to confirm identity; possible rename or different security.
HKEX::03686,03686,HKEX,twelvedata_name_mismatch,uncertain,needs_official_evidence,needs_official_evidence,0.3,Official corporate name from issuer filings or exchange listing to confirm if 'CLIFFORDML' is a short name for Clifford Modern Living Holdings Ltd.,Local name 'CLIFFORDML' differs from Twelve Data name 'Clifford Modern Living Holdings Ltd.' with low name score 0.488. No official evidence provided to confirm they are the same entity.,No official evidence to confirm identity; possible rename or different security.
HKEX::06681,06681,HKEX,twelvedata_name_mismatch,uncertain,needs_official_evidence,needs_official_evidence,0.3,Official corporate name from issuer filings or exchange listing to confirm if 'BRAINAURORA-B' is a short name for Brainaura Medical Technology.,Local name 'BRAINAURORA-B' differs from Twelve Data name 'Brainaura Medical Technology' with low name score 0.488. No official evidence provided to confirm they are the same entity.,No official evidence to confirm identity; possible rename or different security.
LSE::0P6M,0P6M,LSE,twelvedata_name_mismatch,uncertain,needs_official_evidence,needs_official_evidence,0.3,Official corporate name from issuer filings or exchange listing to confirm if Siemens AG Class N is the same as Siemens Aktiengesellschaft.,Local name 'Siemens AG Class N' differs from Twelve Data name 'Siemens Aktiengesellschaft' with low name score 0.488. No official evidence provided to confirm they are the same entity.,No official evidence to confirm identity; possible rename or different security.
ASX::TKM,TKM,ASX,twelvedata_name_mismatch,uncertain,needs_official_evidence,needs_official_evidence,0.3,Official corporate name from issuer filings or exchange listing to confirm if Trek Metals Limited is the same as Trek Metals Ltd Depositary Receipt (RV5).,Local name 'TREK METALS LIMITED' differs from Twelve Data name 'Trek Metals Ltd Depositary Receipt (RV5)' with low name score 0.489. No official evidence provided to confirm they are the same entity.,No official evidence to confirm identity; possible different security type.
HKEX::01470,01470,HKEX,twelvedata_name_mismatch,uncertain,needs_official_evidence,needs_official_evidence,0.3,Official corporate name from issuer filings or exchange listing to confirm if 'PROSPER ONE' is a short name for Prosper One International Holdings Ltd.,Local name 'PROSPER ONE' differs from Twelve Data name 'Prosper One International Holdings Ltd.' with low name score 0.489. No official evidence provided to confirm they are the same entity.,No official evidence to confirm identity; possible rename or different security.
HKEX::02250,02250,HKEX,twelvedata_name_mismatch,uncertain,needs_official_evidence,needs_official_evidence,0.3,Official corporate name from issuer filings or exchange listing to confirm if 'B.DUCK SEMK' is a short name for B.Duck Semk Holdings International Ltd.,Local name 'B.DUCK SEMK' differs from Twelve Data name 'B.Duck Semk Holdings International Ltd.' with low name score 0.489. No official evidence provided to confirm they are the same entity.,No official evidence to confirm identity; possible rename or different security.
HKEX::02265,02265,HKEX,twelvedata_name_mismatch,uncertain,needs_official_evidence,needs_official_evidence,0.3,Official corporate name from issuer filings or exchange listing to confirm if 'HC ENV TECH' is a short name for Hongcheng Environmental Technology.,Local name 'HC ENV TECH' differs from Twelve Data name 'Hongcheng Environmental Technology' with low name score 0.489. No official evidence provided to confirm they are the same entity.,No official evidence to confirm identity; possible rename or different security.
HKEX::02576,02576,HKEX,twelvedata_name_mismatch,uncertain,needs_official_evidence,needs_official_evidence,0.3,"Official corporate name from issuer filings or exchange listing to confirm if 'TAIMEI TECH' is a short name for Zhejiang Taimei Medical Technology Co., Ltd.","Local name 'TAIMEI TECH' differs from Twelve Data name 'Zhejiang Taimei Medical Technology Co., Ltd.' with low name score 0.489. No official evidence provided to confirm they are the same entity.",No official evidence to confirm identity; possible rename or different security.
HKEX::08509,08509,HKEX,twelvedata_name_mismatch,uncertain,needs_official_evidence,needs_official_evidence,0.3,Official corporate name from issuer filings or exchange listing to confirm if 'WINE'S LINK' is a short name for Wine's Link International Holdings Ltd.,Local name 'WINE'S LINK' differs from Twelve Data name 'Wine's Link International Holdings Ltd.' with low name score 0.489. No official evidence provided to confirm they are the same entity.,No official evidence to confirm identity; possible rename or different security.
B3::RBRL11,RBRL11,B3,twelvedata_name_mismatch,uncertain,needs_official_evidence,needs_official_evidence,0.3,Official corporate name from issuer filings or exchange listing to confirm if 'PATRIA LOGISTICA II' is the same as RBR Logistics Real Estate Fund.,Local name 'PATRIA LOGISTICA II' differs from Twelve Data name 'RBR Logistics Real Estate Fund' with low name score 0.49. No official evidence provided to confirm they are the same entity.,No official evidence to confirm identity; possible rename or different security.
HKEX::01066,01066,HKEX,twelvedata_name_mismatch,uncertain,needs_official_evidence,needs_official_evidence,0.3,Official issuer name and any name change history for ticker 01066 on HKEX.,Local name 'WEIGAO GROUP' vs Twelve Data 'Shandong Weigao Group Medical Polymer Co. Ltd.' Low name score (0.49) suggests possible rename or different entity. No official evidence provided.,No official evidence to confirm whether it's a rename or different security.
HKEX::02657,02657,HKEX,twelvedata_name_mismatch,uncertain,needs_official_evidence,needs_official_evidence,0.3,Official issuer name and any name change history for ticker 02657 on HKEX.,"Local name 'FOREST CABIN' vs Twelve Data 'Shanghai Forest Cabin Cosmetics Group Co., Ltd.' Low name score (0.49) suggests possible rename or different entity. No official evidence provided.",No official evidence to confirm whether it's a rename or different security.
HKEX::08052,08052,HKEX,twelvedata_name_mismatch,uncertain,needs_official_evidence,needs_official_evidence,0.3,Official issuer name and any name change history for ticker 08052 on HKEX.,Local name 'LUK HING ENT' vs Twelve Data 'Luk Hing Entertainment Group Holdings Limited'. Low name score (0.49) suggests possible rename or different entity. No official evidence provided.,No official evidence to confirm whether it's a rename or different security.
HKEX::08067,08067,HKEX,twelvedata_name_mismatch,uncertain,needs_official_evidence,needs_official_evidence,0.3,Official issuer name and any name change history for ticker 08067 on HKEX.,Local name 'OUC HOLDINGS' vs Twelve Data 'Oriental University City Holdings (H.K.) Ltd.' Low name score (0.49) suggests possible rename or different entity. No official evidence provided.,No official evidence to confirm whether it's a rename or different security.
TSE::9763,9763,TSE,twelvedata_name_mismatch,uncertain,needs_official_evidence,needs_official_evidence,0.3,Official issuer name and any name change history for ticker 9763 on TSE.,"Local name 'Maruken Lease Co.,Ltd.' vs Twelve Data 'Marubeni Construction Material Lease Co. Ltd.' Low name score (0.49) suggests possible rename or different entity. No official evidence provided.",No official evidence to confirm whether it's a rename or different security.
B3::RBHG11,RBHG11,B3,twelvedata_name_mismatch,uncertain,needs_official_evidence,needs_official_evidence,0.3,Official issuer name and any name change history for ticker RBHG11 on B3.,Local name 'RIO BRAVO CRED IMOB HIGH GRADE FII RESP LIM' vs Twelve Data 'Rio Bravo Crédito Imobiliário Fundo de Investimento Imobiliário - FII'. Low name score (0.491) suggests possible rename or different entity. No official evidence provided.,No official evidence to confirm whether it's a rename or different security.
HKEX::01330,01330,HKEX,twelvedata_name_mismatch,uncertain,needs_official_evidence,needs_official_evidence,0.3,Official issuer name and any name change history for ticker 01330 on HKEX.,Local name 'DYNAGREEN ENV' vs Twelve Data 'Dynagreen Environmental Protection Group Co. Ltd.' Low name score (0.491) suggests possible rename or different entity. No official evidence provided.,No official evidence to confirm whether it's a rename or different security.
B3::HAAA11,HAAA11,B3,twelvedata_name_mismatch,uncertain,needs_official_evidence,needs_official_evidence,0.3,Official issuer name and any name change history for ticker HAAA11 on B3.,Local name 'HEDGE AAA FII RESP LIM' vs Twelve Data 'Hedge AAA Fundo de Investimento Imobiliário'. Low name score (0.492) suggests possible rename or different entity. No official evidence provided.,No official evidence to confirm whether it's a rename or different security.
HKEX::01065,01065,HKEX,twelvedata_name_mismatch,uncertain,needs_official_evidence,needs_official_evidence,0.3,Official issuer name and any name change history for ticker 01065 on HKEX.,"Local name 'TIANJIN CAPITAL' vs Twelve Data 'Tianjin Capital Environmental Protection Group Co., Ltd.' Low name score (0.492) suggests possible rename or different entity. No official evidence provided.",No official evidence to confirm whether it's a rename or different security.
HKEX::02513,02513,HKEX,twelvedata_name_mismatch,uncertain,needs_official_evidence,needs_official_evidence,0.3,Official issuer name and any name change history for ticker 02513 on HKEX.,Local name 'KNOWLEDGE ATLAS' vs Twelve Data 'Knowledge Atlas Technology Joint Stock Company Limited'. Low name score (0.492) suggests possible rename or different entity. No official evidence provided.,No official evidence to confirm whether it's a rename or different security.
LSE::SANB,SANB,LSE,twelvedata_name_mismatch,uncertain,needs_official_evidence,needs_official_evidence,0.3,Official issuer name and any name change history for ticker SANB on LSE.,Local name 'SANTANDER UK 8 5/8% NON-CUM STLG PRF' vs Twelve Data 'Santander UK Plc Preferred Stock 8.625%'. Low name score (0.493) suggests possible rename or different entity. No official evidence provided.,No official evidence to confirm whether it's a rename or different security.
B3::DVFF11,DVFF11,B3,twelvedata_name_mismatch,uncertain,needs_official_evidence,needs_official_evidence,0.3,Official issuer name and any name change history for ticker DVFF11 on B3.,Local name 'FII DEVANT FOF IMOBILIÁRIOS RESP LIM' vs Twelve Data 'FII Deva FoF'. Low name score (0.5) suggests possible rename or different entity. No official evidence provided.,No official evidence to confirm whether it's a rename or different security.
B3::RANI3,RANI3,B3,twelvedata_name_mismatch,uncertain,needs_official_evidence,needs_official_evidence,0.3,Official issuer name and any name change history for ticker RANI3 on B3.,Local name 'IRANI PAPEL E EMBALAGEM S.A.' vs Twelve Data 'Irani S.A.' Low name score (0.5) suggests possible rename or different entity. No official evidence provided.,No official evidence to confirm whether it's a rename or different security.
BSE_IN::DARJEELING,DARJEELING,BSE_IN,twelvedata_name_mismatch,uncertain,needs_official_evidence,needs_official_evidence,0.3,Official issuer name and any name change history for ticker DARJEELING on BSE_IN.,Local name 'Darjeeling Industriies Ltd' vs Twelve Data 'Darjeeling Ropeway Company Ltd.' Low name score (0.5) suggests possible rename or different entity. No official evidence provided.,No official evidence to confirm whether it's a rename or different security.
BSE_IN::GAMCO,GAMCO,BSE_IN,twelvedata_name_mismatch,uncertain,needs_official_evidence,needs_official_evidence,0.3,Official issuer name and any name change history for ticker GAMCO on BSE_IN.,"Local name 'Gamco Ltd' vs Twelve Data 'Gamco Investors, Inc.' Low name score (0.5) suggests possible rename or different entity. No official evidence provided.",No official evidence to confirm whether it's a rename or different security.
BSE_IN::JAYSYNTH,JAYSYNTH,BSE_IN,twelvedata_name_mismatch,uncertain,needs_official_evidence,needs_official_evidence,0.3,Official issuer name and any name change history for ticker JAYSYNTH on BSE_IN.,Local name 'Jaysynth Orgochem Ltd' vs Twelve Data 'Jaysynth Dyestuff (India) Ltd.' Low name score (0.5) suggests possible rename or different entity. No official evidence provided.,No official evidence to confirm whether it's a rename or different security.
BSE_IN::MAGNUS,MAGNUS,BSE_IN,twelvedata_name_mismatch,uncertain,needs_official_evidence,needs_official_evidence,0.3,Official issuer name and any name change history for ticker MAGNUS on BSE_IN.,Local name 'Magnus Steel and Infra Ltd' vs Twelve Data 'Magnus Food Retail Ltd.' Low name score (0.5) suggests possible rename or different entity. No official evidence provided.,No official evidence to confirm whether it's a rename or different security.
HKEX::01082,01082,HKEX,twelvedata_name_mismatch,uncertain,needs_official_evidence,needs_official_evidence,0.3,Official issuer name and any name change history for ticker 01082 on HKEX.,Local name 'BDV EDU INTL' vs Twelve Data 'Bradaverse Education Investments Ltd.' Low name score (0.5) suggests possible rename or different entity. No official evidence provided.,No official evidence to confirm whether it's a rename or different security.
HKEX::01112,01112,HKEX,twelvedata_name_mismatch,uncertain,needs_official_evidence,needs_official_evidence,0.3,Official issuer name and any name change history for ticker 01112 on HKEX.,Local name 'H&H INTL HLDG' vs Twelve Data 'Health and Happiness (H&H) International Holdings Ltd.' Low name score (0.5) suggests possible rename or different entity. No official evidence provided.,No official evidence to confirm whether it's a rename or different security.
HKEX::01170,01170,HKEX,twelvedata_name_mismatch,uncertain,needs_official_evidence,needs_official_evidence,0.3,Official issuer name and any name change history for ticker 01170 on HKEX.,Local name 'KINGMAKER' vs Twelve Data 'Kingmaker Footwear Holdings Limited'. Low name score (0.5) suggests possible rename or different entity. No official evidence provided.,No official evidence to confirm whether it's a rename or different security.
HKEX::01225,01225,HKEX,twelvedata_name_mismatch,uncertain,needs_official_evidence,needs_official_evidence,0.3,Official issuer name from HKEX filings or corporate registry to confirm if 'Lerado Financial Group Company Limited' is the same as 'LERADO FIN'.,Low name similarity (0.5) and no official evidence provided. Cannot determine if it's a rename or different security.,No official evidence to confirm identity.
HKEX::01245,01245,HKEX,twelvedata_name_mismatch,uncertain,needs_official_evidence,needs_official_evidence,0.3,Official issuer name from HKEX filings or corporate registry to confirm if 'Niraku GC Holdings Inc.' is the same as 'NIRAKU'.,Low name similarity (0.5) and no official evidence provided. Cannot determine if it's a rename or different security.,No official evidence to confirm identity.
HKEX::01247,01247,HKEX,twelvedata_name_mismatch,uncertain,needs_official_evidence,needs_official_evidence,0.3,Official issuer name from HKEX filings or corporate registry to confirm if 'Miko International Holdings Limited' is the same as 'MIKO INTL'.,Low name similarity (0.5) and no official evidence provided. Cannot determine if it's a rename or different security.,No official evidence to confirm identity.
HKEX::01265,01265,HKEX,twelvedata_name_mismatch,uncertain,needs_official_evidence,needs_official_evidence,0.3,Official issuer name from HKEX filings or corporate registry to confirm if 'Tianjin Jinran Public Utilities Company Limited' is the same as 'TIANJINJINRAN'.,Low name similarity (0.5) and no official evidence provided. Cannot determine if it's a rename or different security.,No official evidence to confirm identity.
HKEX::01299,01299,HKEX,twelvedata_name_mismatch,uncertain,needs_official_evidence,needs_official_evidence,0.3,Official issuer name from HKEX filings or corporate registry to confirm if 'AIA Group Limited' is the same as 'AIA'.,Low name similarity (0.5) and no official evidence provided. Cannot determine if it's a rename or different security.,No official evidence to confirm identity.
HKEX::01427,01427,HKEX,twelvedata_name_mismatch,uncertain,needs_official_evidence,needs_official_evidence,0.3,Official issuer name from HKEX filings or corporate registry to confirm if 'China Tianbao Group Development Company Limited' is the same as 'CH TIANBAO GP'.,Low name similarity (0.5) and no official evidence provided. Cannot determine if it's a rename or different security.,No official evidence to confirm identity.
HKEX::01478,01478,HKEX,twelvedata_name_mismatch,uncertain,needs_official_evidence,needs_official_evidence,0.3,"Official issuer name from HKEX filings or corporate registry to confirm if 'Q Technology Group Co., Ltd.' is the same as 'Q TECH'.",Low name similarity (0.5) and no official evidence provided. Cannot determine if it's a rename or different security.,No official evidence to confirm identity.
HKEX::01711,01711,HKEX,twelvedata_name_mismatch,uncertain,needs_official_evidence,needs_official_evidence,0.3,Official issuer name from HKEX filings or corporate registry to confirm if 'Ulferts International Ltd.' is the same as 'ULFERTS'.,Low name similarity (0.5) and no official evidence provided. Cannot determine if it's a rename or different security.,No official evidence to confirm identity.
HKEX::01855,01855,HKEX,twelvedata_name_mismatch,uncertain,needs_official_evidence,needs_official_evidence,0.3,Official issuer name from HKEX filings or corporate registry to confirm if 'Zonqing Environmental Ltd.' is the same as 'ZONQING LTD'.,Low name similarity (0.5) and no official evidence provided. Cannot determine if it's a rename or different security.,No official evidence to confirm identity.
HKEX::01905,01905,HKEX,twelvedata_name_mismatch,uncertain,needs_official_evidence,needs_official_evidence,0.3,"Official issuer name from HKEX filings or corporate registry to confirm if 'Haitong Unitrust International Co., Ltd.' is the same as 'HAITONG UT'.",Low name similarity (0.5) and no official evidence provided. Cannot determine if it's a rename or different security.,No official evidence to confirm identity.
HKEX::01910,01910,HKEX,twelvedata_name_mismatch,uncertain,needs_official_evidence,needs_official_evidence,0.3,Official issuer name from HKEX filings or corporate registry to confirm if 'Samsonite International S.A.' is the same as 'SAMSONITE'.,Low name similarity (0.5) and no official evidence provided. Cannot determine if it's a rename or different security.,No official evidence to confirm identity.
HKEX::02048,02048,HKEX,twelvedata_name_mismatch,uncertain,needs_official_evidence,needs_official_evidence,0.3,Official issuer name from HKEX filings or corporate registry to confirm if 'E-House (China) Enterprise Holdings Ltd.' is the same as 'E-HOUSE ENT'.,Low name similarity (0.5) and no official evidence provided. Cannot determine if it's a rename or different security.,No official evidence to confirm identity.
HKEX::02159,02159,HKEX,twelvedata_name_mismatch,uncertain,needs_official_evidence,needs_official_evidence,0.3,Official issuer name from HKEX filings or corporate registry to confirm if 'Mediwelcome Healthcare Management Ltd.' is the same as 'MEDIWELCOME'.,Low name similarity (0.5) and no official evidence provided. Cannot determine if it's a rename or different security.,No official evidence to confirm identity.
HKEX::02327,02327,HKEX,twelvedata_name_mismatch,uncertain,needs_official_evidence,needs_official_evidence,0.3,Official issuer name from HKEX filings or corporate registry to confirm if 'Meilleure Health International Industry Group Ltd.' is the same as 'MEILLEUREHEALTH'.,Low name similarity (0.5) and no official evidence provided. Cannot determine if it's a rename or different security.,No official evidence to confirm identity.
HKEX::02517,02517,HKEX,twelvedata_name_mismatch,uncertain,needs_official_evidence,needs_official_evidence,0.3,"Official issuer name from HKEX filings or corporate registry to confirm if 'Guoquan Food Shanghai Co., Ltd.' is the same as 'GUOQUAN'.",Low name similarity (0.5) and no official evidence provided. Cannot determine if it's a rename or different security.,No official evidence to confirm identity.
HKEX::02659,02659,HKEX,twelvedata_name_mismatch,uncertain,needs_official_evidence,needs_official_evidence,0.3,"Official issuer name from HKEX filings or corporate registry to confirm if 'Shanghai Bao Pharmaceuticals Co., Ltd.' is the same as 'BAO PHARMA-B'.",Low name similarity (0.5) and no official evidence provided. Cannot determine if it's a rename or different security.,No official evidence to confirm identity.
HKEX::03321,03321,HKEX,twelvedata_name_mismatch,uncertain,needs_official_evidence,needs_official_evidence,0.3,Official issuer name from HKEX filings or corporate registry to confirm if 'Wai Hung Group Holdings Ltd.' is the same as 'ZHONGKE GROUP'.,Low name similarity (0.5) and no official evidence provided. Cannot determine if it's a rename or different security.,No official evidence to confirm identity.
HKEX::03680,03680,HKEX,twelvedata_name_mismatch,uncertain,needs_official_evidence,needs_official_evidence,0.3,Official issuer name from HKEX filings or corporate registry to confirm if 'Ruihe Data Technology Holdings Limited' is the same as 'RUIHE DATA'.,Low name similarity (0.5) and no official evidence provided. Cannot determine if it's a rename or different security.,No official evidence to confirm identity.
HKEX::03889,03889,HKEX,twelvedata_name_mismatch,uncertain,needs_official_evidence,needs_official_evidence,0.3,Official issuer name from HKEX filings or corporate registry to confirm if 'Global Sweeteners Holdings Ltd.' is the same as 'GLOBAL CORN GP'.,Low name similarity (0.5) and no official evidence provided. Cannot determine if it's a rename or different security.,No official evidence to confirm identity.
HKEX::06616,06616,HKEX,twelvedata_name_mismatch,uncertain,needs_official_evidence,needs_official_evidence,0.3,Official issuer name from HKEX filings or corporate registry to confirm if 'Global New Material International Holdings Ltd.' is the same as 'GLOBAL NEW MAT'.,Low name similarity (0.5) and no official evidence provided. Cannot determine if it's a rename or different security.,No official evidence to confirm identity.
HKEX::08140,08140,HKEX,twelvedata_name_mismatch,uncertain,needs_official_evidence,needs_official_evidence,0.3,Official corporate name or ISIN to confirm if BOSATECH is the same as Bosa Technology Holdings Ltd.,Local name 'BOSATECH' is abbreviated; TwelveData name is full. Low name similarity score (0.5) but no official evidence to confirm identity.,No official evidence to confirm if this is a rename or different security.
HKEX::08172,08172,HKEX,twelvedata_name_mismatch,uncertain,needs_official_evidence,needs_official_evidence,0.3,Official corporate name or ISIN to confirm if LAJIN ENT is the same as Lajin Entertainment Network Limited.,Local name 'LAJIN ENT' is abbreviated; TwelveData name is full. Low name similarity score (0.5) but no official evidence to confirm identity.,No official evidence to confirm if this is a rename or different security.
HKEX::08619,08619,HKEX,twelvedata_name_mismatch,uncertain,needs_official_evidence,needs_official_evidence,0.3,Official corporate name or ISIN to confirm if NIU HOLDINGS is the same as King of Catering (Global) Holdings Ltd.,Local name 'NIU HOLDINGS' does not match TwelveData name 'King of Catering (Global) Holdings Ltd.' Low name similarity score (0.5) but no official evidence to confirm identity.,No official evidence to confirm if this is a rename or different security.
HKEX::08623,08623,HKEX,twelvedata_name_mismatch,uncertain,needs_official_evidence,needs_official_evidence,0.3,Official corporate name or ISIN to confirm if CHINA SAFTOWER is the same as China Saftower International Holding Group Ltd.,Local name 'CHINA SAFTOWER' is abbreviated; TwelveData name is full. Low name similarity score (0.5) but no official evidence to confirm identity.,No official evidence to confirm if this is a rename or different security.
HKEX::08637,08637,HKEX,twelvedata_name_mismatch,uncertain,needs_official_evidence,needs_official_evidence,0.3,Official corporate name or ISIN to confirm if METASURFACE is the same as Metasurface Technologies Holdings Inc.,Local name 'METASURFACE' is abbreviated; TwelveData name is full. Low name similarity score (0.5) but no official evidence to confirm identity.,No official evidence to confirm if this is a rename or different security.
HKEX::89618,89618,HKEX,twelvedata_name_mismatch,uncertain,needs_official_evidence,needs_official_evidence,0.3,"Official corporate name or ISIN to confirm if JD-SWR is the same as JD.com, Inc.","Local name 'JD-SWR' is a derivative; TwelveData name is 'JD.com, Inc.' Low name similarity score (0.5) but no official evidence to confirm identity.",No official evidence to confirm if this is a rename or different security.
LSE::0A0E,0A0E,LSE,twelvedata_name_mismatch,uncertain,needs_official_evidence,needs_official_evidence,0.3,Official corporate name or ISIN to confirm if Kojamo Oyj is the same as Lumo Kodit Oyj.,Local name 'Kojamo Oyj' differs from TwelveData name 'Lumo Kodit Oyj'. Low name similarity score (0.5) but no official evidence to confirm identity.,No official evidence to confirm if this is a rename or different security.
LSE::0GEA,0GEA,LSE,twelvedata_name_mismatch,uncertain,needs_official_evidence,needs_official_evidence,0.3,Official corporate name or ISIN to confirm if Maha Energy AB A is the same as Maha Capital AB (publ).,Local name 'Maha Energy AB A' differs from TwelveData name 'Maha Capital AB (publ)'. Low name similarity score (0.5) but no official evidence to confirm identity.,No official evidence to confirm if this is a rename or different security.
LSE::0HQ8,0HQ8,LSE,twelvedata_name_mismatch,uncertain,needs_official_evidence,needs_official_evidence,0.3,Official corporate name or ISIN to confirm if Arjo AB is the same as Arjo AB (publ) - B shares.,Local name 'Arjo AB' is similar but TwelveData name includes share class. Low name similarity score (0.5) but no official evidence to confirm identity.,No official evidence to confirm if this is a rename or different security.
LSE::0K45,0K45,LSE,twelvedata_name_mismatch,uncertain,needs_official_evidence,needs_official_evidence,0.3,Official corporate name or ISIN to confirm if NCR Corp. is the same as NCR Voyix Corp.,Local name 'NCR Corp.' differs from TwelveData name 'NCR Voyix Corp'. Low name similarity score (0.5) but no official evidence to confirm identity.,No official evidence to confirm if this is a rename or different security.
LSE::0K8D,0K8D,LSE,twelvedata_name_mismatch,uncertain,needs_official_evidence,needs_official_evidence,0.3,Official corporate name or ISIN to confirm if Nokia Oyj is the same as Nokia Corporation Sponsored ADR.,Local name 'Nokia Oyj' is the ordinary share; TwelveData name is ADR. Low name similarity score (0.5) but no official evidence to confirm identity.,No official evidence to confirm if this is a rename or different security.
LSE::0M6I,0M6I,LSE,twelvedata_name_mismatch,uncertain,needs_official_evidence,needs_official_evidence,0.3,Official corporate name or ISIN to confirm if Heijmans NV is the same as Koninklijke Heijmans N.V.,Local name 'Heijmans NV' is abbreviated; TwelveData name is full. Low name similarity score (0.5) but no official evidence to confirm identity.,No official evidence to confirm if this is a rename or different security.
LSE::0MJX,0MJX,LSE,twelvedata_name_mismatch,uncertain,needs_official_evidence,needs_official_evidence,0.3,Official corporate name or ISIN to confirm if Aker ASA is the same as Aker ASA Series A Shares.,Local name 'Aker ASA' is similar but TwelveData name includes share class. Low name similarity score (0.5) but no official evidence to confirm identity.,No official evidence to confirm if this is a rename or different security.
LSE::0N54,0N54,LSE,twelvedata_name_mismatch,uncertain,needs_official_evidence,needs_official_evidence,0.3,Official corporate name or ISIN to confirm if A2A SpA is the same as A2A S.p.A.,Local name 'A2A SpA' is similar to TwelveData name 'A2A S.p.A.' Low name similarity score (0.5) but no official evidence to confirm identity.,No official evidence to confirm if this is a rename or different security.
LSE::0QWC,0QWC,LSE,twelvedata_name_mismatch,uncertain,needs_official_evidence,needs_official_evidence,0.3,Official corporate name or ISIN to confirm if Ams AG is the same as ams OSRAM AG.,Local name 'Ams AG' differs from TwelveData name 'ams OSRAM AG'. Low name similarity score (0.5) but no official evidence to confirm identity.,No official evidence to confirm if this is a rename or different security.
LSE::0QZ6,0QZ6,LSE,twelvedata_name_mismatch,uncertain,needs_official_evidence,needs_official_evidence,0.3,"Official corporate name or ISIN to confirm if NIKE, Inc. is the same as Nike, Inc. - Class B.","Local name 'NIKE, Inc.' is similar but TwelveData name includes share class. Low name similarity score (0.5) but no official evidence to confirm identity.",No official evidence to confirm if this is a rename or different security.
LSE::JLP,JLP,LSE,twelvedata_name_mismatch,uncertain,needs_official_evidence,needs_official_evidence,0.3,Official corporate name or ISIN to confirm if Jubilee Platinum is the same as Jubilee Metals Group PLC.,Local name 'Jubilee Platinum' differs from TwelveData name 'Jubilee Metals Group PLC'. Low name similarity score (0.5) but no official evidence to confirm identity.,No official evidence to confirm if this is a rename or different security.
TSE::3639,3639,TSE,twelvedata_name_mismatch,uncertain,needs_official_evidence,needs_official_evidence,0.3,Official corporate name or ISIN to confirm if Voltage Incorporation is the same as Voltage Inc.,Local name 'Voltage Incorporation' is similar to TwelveData name 'Voltage Inc.' Low name similarity score (0.5) but no official evidence to confirm identity.,No official evidence to confirm if this is a rename or different security.
TSE::3854,3854,TSE,twelvedata_name_mismatch,uncertain,needs_official_evidence,needs_official_evidence,0.3,Official corporate name or ISIN to confirm if I'LL INC is the same as Illumina Inc.,Local name 'I'LL INC' does not match TwelveData name 'Illumina Inc.' Low name similarity score (0.5) but no official evidence to confirm identity.,No official evidence to confirm if this is a rename or different security.
TSE::3878,3878,TSE,twelvedata_name_mismatch,uncertain,needs_official_evidence,needs_official_evidence,0.3,Official corporate name or ISIN to confirm if TOMOEGAWA CORPORATION is the same as Tomoe River Corporation.,Local name 'TOMOEGAWA CORPORATION' differs from TwelveData name 'Tomoe River Corporation'. Low name similarity score (0.5) but no official evidence to confirm identity.,No official evidence to confirm if this is a rename or different security.
TSE::5721,5721,TSE,twelvedata_name_mismatch,uncertain,needs_official_evidence,needs_official_evidence,0.3,"Official corporate name from issuer or regulator to confirm if S Crypto Energy Inc. renamed to S Science Co., Ltd. or if they are distinct securities.","Name similarity low (0.5). Local name 'S Crypto Energy Inc.' vs TwelveData 'S Science Co., Ltd.' Could be a rename or different entity. No official evidence provided.",No official evidence to confirm identity.
TSE::5956,5956,TSE,twelvedata_name_mismatch,uncertain,needs_official_evidence,needs_official_evidence,0.3,"Official corporate name from issuer or regulator to confirm if TOSO CO.,LTD. is the same as Toso Company, Limited.","Name similarity low (0.5). Local name 'TOSO CO.,LTD.' vs TwelveData 'Toso Company, Limited'. Likely same entity but naming convention differs. No official evidence.",No official evidence to confirm identity.
TSE::7807,7807,TSE,twelvedata_name_mismatch,uncertain,needs_official_evidence,needs_official_evidence,0.3,"Official corporate name from issuer or regulator to confirm if KOWA CO.,LTD. is the same as Kowa Company, Ltd.","Name similarity low (0.5). Local name 'KOWA CO.,LTD.' vs TwelveData 'Kowa Company, Ltd.' Likely same entity but naming convention differs. No official evidence.",No official evidence to confirm identity.
TSE::9605,9605,TSE,twelvedata_name_mismatch,uncertain,needs_official_evidence,needs_official_evidence,0.3,"Official corporate name from issuer or regulator to confirm if TOEI COMPANY,LTD. is the same as Toei Co., Ltd.","Name similarity low (0.5). Local name 'TOEI COMPANY,LTD.' vs TwelveData 'Toei Co., Ltd.' Likely same entity but naming convention differs. No official evidence.",No official evidence to confirm identity.
TSE::9948,9948,TSE,twelvedata_name_mismatch,uncertain,needs_official_evidence,needs_official_evidence,0.3,"Official corporate name from issuer or regulator to confirm if ARCS COMPANY,LIMITED is the same as Arcs Co., Ltd.","Name similarity low (0.5). Local name 'ARCS COMPANY,LIMITED' vs TwelveData 'Arcs Co., Ltd.' Likely same entity but naming convention differs. No official evidence.",No official evidence to confirm identity.
B3::GGRC11,GGRC11,B3,twelvedata_name_mismatch,uncertain,needs_official_evidence,needs_official_evidence,0.3,Official fund name from B3 or fund administrator to confirm if ZAGROS RENDA IMOBILIRIA FII RESP LTDA is the same as GGR Covepi Renda Fundo de Investimento Imobiliário - FII.,Name similarity low (0.505). Local name differs significantly from TwelveData name. Could be a rename or different fund. No official evidence.,No official evidence to confirm identity.
B3::HBCR11,HBCR11,B3,twelvedata_name_mismatch,uncertain,needs_official_evidence,needs_official_evidence,0.3,Official fund name from B3 or fund administrator to confirm if FUNDO DE INVEST IMOB HBC RENDA URBANA RESP LIM is the same as FII HBC Renda Imobiliária.,Name similarity low (0.507). Local name differs from TwelveData name. Could be a rename or different fund. No official evidence.,No official evidence to confirm identity.
LSE::0RTJ,0RTJ,LSE,twelvedata_name_mismatch,uncertain,needs_official_evidence,needs_official_evidence,0.3,"Official corporate name from issuer or regulator to confirm if General de Alquiler de Maquinaria S.A. is the same as General American Investors Company, Inc.","Name similarity low (0.507). Local name is Spanish company, TwelveData name is US company. Likely different securities. No official evidence.",No official evidence to confirm identity.
HKEX::01349,01349,HKEX,twelvedata_name_mismatch,uncertain,needs_official_evidence,needs_official_evidence,0.3,"Official corporate name from HKEX or issuer to confirm if FUDANZHANGJIANG is the same as Shanghai Fudan-Zhangjiang Bio-Pharmaceutical Co., Ltd.","Name similarity low (0.508). Local name is abbreviation, TwelveData name is full. Likely same entity but no official evidence.",No official evidence to confirm identity.
ASX::SLD,SLD,ASX,twelvedata_name_mismatch,uncertain,needs_official_evidence,needs_official_evidence,0.3,"Official corporate name from ASX or issuer to confirm if SALUDA MEDICAL, INC. is the same as Saluda Medical, Inc. CHESS Depositary Interests.","Name similarity low (0.509). Local name is 'SALUDA MEDICAL, INC.', TwelveData includes 'CHESS Depositary Interests'. Could be same entity but different instrument type. No official evidence.",No official evidence to confirm identity.
HKEX::01858,01858,HKEX,twelvedata_name_mismatch,uncertain,needs_official_evidence,needs_official_evidence,0.3,"Official corporate name from HKEX or issuer to confirm if CHUNLI MEDICAL is the same as Beijing Chunlizhengda Medical Instruments Co., Ltd.","Name similarity low (0.509). Local name is abbreviation, TwelveData name is full. Likely same entity but no official evidence.",No official evidence to confirm identity.
B3::KNUQ11,KNUQ11,B3,twelvedata_name_mismatch,uncertain,needs_official_evidence,needs_official_evidence,0.3,Official fund name from B3 or fund administrator to confirm if KINEA UNIQUE HY CDI FII RESP LIM is the same as Kinea Unique Hybrid Fixed-Income CDI Fundo de Investimento Imobiliário.,"Name similarity low (0.51). Local name is abbreviated, TwelveData name is full. Likely same fund but no official evidence.",No official evidence to confirm identity.
HKEX::01260,01260,HKEX,twelvedata_name_mismatch,uncertain,needs_official_evidence,needs_official_evidence,0.3,Official corporate name from HKEX or issuer to confirm if WONDERFUL SKY is the same as Wonderful Sky Financial Group Holdings Limited.,"Name similarity low (0.51). Local name is abbreviation, TwelveData name is full. Likely same entity but no official evidence.",No official evidence to confirm identity.
HKEX::01728,01728,HKEX,twelvedata_name_mismatch,uncertain,needs_official_evidence,needs_official_evidence,0.3,Official corporate name from HKEX or issuer to confirm if ZHENGTONGAUTO is the same as China Zhengtong Auto Services Holdings Ltd.,"Name similarity low (0.51). Local name is abbreviation, TwelveData name is full. Likely same entity but no official evidence.",No official evidence to confirm identity.
HKEX::02362,02362,HKEX,twelvedata_name_mismatch,uncertain,needs_official_evidence,needs_official_evidence,0.3,Official corporate name from HKEX or issuer to confirm if JINCHUAN INTL is the same as Jinchuan Group International Resources Co. Ltd.,"Name similarity low (0.51). Local name is abbreviation, TwelveData name is full. Likely same entity but no official evidence.",No official evidence to confirm identity.
HKEX::06108,06108,HKEX,twelvedata_name_mismatch,uncertain,needs_official_evidence,needs_official_evidence,0.3,Official corporate name from HKEX or issuer to confirm if NEW RAY MEDIC is the same as New Ray Medicine International Holding Ltd.,"Name similarity low (0.51). Local name is abbreviation, TwelveData name is full. Likely same entity but no official evidence.",No official evidence to confirm identity.
HKEX::01120,01120,HKEX,twelvedata_name_mismatch,uncertain,needs_official_evidence,needs_official_evidence,0.3,Official corporate name from HKEX or issuer to confirm if ARTS OPTICAL is the same as Arts Optical International Holdings Ltd.,"Name similarity low (0.511). Local name is abbreviation, TwelveData name is full. Likely same entity but no official evidence.",No official evidence to confirm identity.
HKEX::01608,01608,HKEX,twelvedata_name_mismatch,uncertain,needs_official_evidence,needs_official_evidence,0.3,Official corporate name from HKEX or issuer to confirm if VPOWER GROUP is the same as VPower Group International Holdings Ltd.,"Name similarity low (0.511). Local name is abbreviation, TwelveData name is full. Likely same entity but no official evidence.",No official evidence to confirm identity.
HKEX::02111,02111,HKEX,twelvedata_name_mismatch,uncertain,needs_official_evidence,needs_official_evidence,0.3,Official corporate name from HKEX or issuer to confirm if BEST PACIFIC is the same as Best Pacific International Holdings Limited.,"Name similarity low (0.511). Local name is abbreviation, TwelveData name is full. Likely same entity but no official evidence.",No official evidence to confirm identity.
HKEX::02130,02130,HKEX,twelvedata_name_mismatch,uncertain,needs_official_evidence,needs_official_evidence,0.3,Official corporate name from HKEX or issuer to confirm if CN LOGISTICS is the same as CN Logistics International Holdings Ltd.,"Name similarity low (0.511). Local name is abbreviation, TwelveData name is full. Likely same entity but no official evidence.",No official evidence to confirm identity.
HKEX::02196,02196,HKEX,twelvedata_name_mismatch,uncertain,needs_official_evidence,needs_official_evidence,0.3,"Official issuer name from HKEX filings or prospectus to confirm if 'FOSUN PHARMA' is a valid abbreviation for 'Shanghai Fosun Pharmaceutical Group Co., Ltd.'","Low name similarity (0.511) between local name 'FOSUN PHARMA' and Twelve Data name 'Shanghai Fosun Pharmaceutical Group Co., Ltd.' No official evidence provided to confirm they refer to the same entity.",No official evidence confirming the relationship between the local name and Twelve Data name.
HKEX::02326,02326,HKEX,twelvedata_name_mismatch,uncertain,needs_official_evidence,needs_official_evidence,0.3,Official issuer name from HKEX filings or prospectus to confirm if 'NPE HOLDINGS' is a valid abbreviation for 'New Provenance Everlasting Holdings Limited'.,Low name similarity (0.511) between local name 'NPE HOLDINGS' and Twelve Data name 'New Provenance Everlasting Holdings Limited'. No official evidence provided.,No official evidence confirming the relationship between the local name and Twelve Data name.
HKEX::06822,06822,HKEX,twelvedata_name_mismatch,uncertain,needs_official_evidence,needs_official_evidence,0.3,Official issuer name from HKEX filings or prospectus to confirm if 'KING'S FLAIR' is a valid abbreviation for 'King's Flair International Holdings Limited'.,Low name similarity (0.511) between local name 'KING'S FLAIR' and Twelve Data name 'King's Flair International Holdings Limited'. No official evidence provided.,No official evidence confirming the relationship between the local name and Twelve Data name.
HKEX::08400,08400,HKEX,twelvedata_name_mismatch,uncertain,needs_official_evidence,needs_official_evidence,0.3,Official issuer name from HKEX filings or prospectus to confirm if 'ASIA PIONEER' is a valid abbreviation for 'Asia Pioneer Entertainment Holdings Limited'.,Low name similarity (0.511) between local name 'ASIA PIONEER' and Twelve Data name 'Asia Pioneer Entertainment Holdings Limited'. No official evidence provided.,No official evidence confirming the relationship between the local name and Twelve Data name.
LSE::0M09,0M09,LSE,twelvedata_name_mismatch,uncertain,needs_official_evidence,needs_official_evidence,0.3,Official issuer name from LSE filings or prospectus to confirm if 'Rockwool International A/S Series A' is the same as 'Rockwool A/S'.,Low name similarity (0.511) between local name 'Rockwool International A/S Series A' and Twelve Data name 'Rockwool A/S'. No official evidence provided.,No official evidence confirming the relationship between the local name and Twelve Data name.
LSE::0M0A,0M0A,LSE,twelvedata_name_mismatch,uncertain,needs_official_evidence,needs_official_evidence,0.3,Official issuer name from LSE filings or prospectus to confirm if 'Rockwool International A/S Series B' is the same as 'Rockwool A/S'.,Low name similarity (0.511) between local name 'Rockwool International A/S Series B' and Twelve Data name 'Rockwool A/S'. No official evidence provided.,No official evidence confirming the relationship between the local name and Twelve Data name.
B3::FISC11,FISC11,B3,twelvedata_name_mismatch,uncertain,needs_official_evidence,needs_official_evidence,0.3,Official issuer name from B3 filings or prospectus to confirm if 'FDO INV IMOB SC 401 RESP LIM' is the same as 'FII SC 401 Fund'.,Low name similarity (0.512) between local name 'FDO INV IMOB SC 401 RESP LIM' and Twelve Data name 'FII SC 401 Fund'. No official evidence provided.,No official evidence confirming the relationship between the local name and Twelve Data name.
BSE_IN::BHARATROHAN,BHARATROHAN,BSE_IN,twelvedata_name_mismatch,uncertain,needs_official_evidence,needs_official_evidence,0.3,Official issuer name from BSE filings or prospectus to confirm if 'Bharatrohan Airborne Innovations Ltd' is the same as 'BHARATROHAN'.,Low name similarity (0.512) between local name 'Bharatrohan Airborne Innovations Ltd' and Twelve Data name 'BHARATROHAN'. No official evidence provided.,No official evidence confirming the relationship between the local name and Twelve Data name.
HKEX::01845,01845,HKEX,twelvedata_name_mismatch,uncertain,needs_official_evidence,needs_official_evidence,0.3,Official issuer name from HKEX filings or prospectus to confirm if 'WG ENV TECH' is a valid abbreviation for 'Weigang Environmental Technology Inc.'.,Low name similarity (0.512) between local name 'WG ENV TECH' and Twelve Data name 'Weigang Environmental Technology Inc.'. No official evidence provided.,No official evidence confirming the relationship between the local name and Twelve Data name.
HKEX::02666,02666,HKEX,twelvedata_name_mismatch,uncertain,needs_official_evidence,needs_official_evidence,0.3,"Official issuer name from HKEX filings or prospectus to confirm if 'UNI MEDICAL' is a valid abbreviation for 'Genertec Universal Medical Group Co., Ltd.'.","Low name similarity (0.512) between local name 'UNI MEDICAL' and Twelve Data name 'Genertec Universal Medical Group Co., Ltd.'. No official evidence provided.",No official evidence confirming the relationship between the local name and Twelve Data name.
HKEX::06098,06098,HKEX,twelvedata_name_mismatch,uncertain,needs_official_evidence,needs_official_evidence,0.3,Official issuer name from HKEX filings or prospectus to confirm if 'CG SERVICES' is a valid abbreviation for 'Country Garden Services Holdings Co. Ltd.'.,Low name similarity (0.512) between local name 'CG SERVICES' and Twelve Data name 'Country Garden Services Holdings Co. Ltd.'. No official evidence provided.,No official evidence confirming the relationship between the local name and Twelve Data name.
HKEX::08418,08418,HKEX,twelvedata_name_mismatch,uncertain,needs_official_evidence,needs_official_evidence,0.3,Official issuer name from HKEX filings or prospectus to confirm if 'OPTIMA AUTO' is a valid abbreviation for 'Optima Automobile Group Holdings Limited'.,Low name similarity (0.512) between local name 'OPTIMA AUTO' and Twelve Data name 'Optima Automobile Group Holdings Limited'. No official evidence provided.,No official evidence confirming the relationship between the local name and Twelve Data name.
LSE::GROC,GROC,LSE,twelvedata_name_mismatch,uncertain,needs_official_evidence,needs_official_evidence,0.3,Official issuer name from LSE filings or prospectus to confirm if 'Greenroc Mining PLC' is the same as 'Greenroc Strategic Materials plc'.,Low name similarity (0.512) between local name 'Greenroc Mining PLC' and Twelve Data name 'Greenroc Strategic Materials plc'. No official evidence provided.,No official evidence confirming the relationship between the local name and Twelve Data name.
B3::DAMT11,DAMT11,B3,twelvedata_name_mismatch,uncertain,needs_official_evidence,needs_official_evidence,0.3,Official issuer name from B3 filings or prospectus to confirm if 'DIAMANTE FII RESP LIM' is the same as 'FII DIAMANTECI  ATZ'.,Low name similarity (0.513) between local name 'DIAMANTE FII RESP LIM' and Twelve Data name 'FII DIAMANTECI  ATZ'. No official evidence provided.,No official evidence confirming the relationship between the local name and Twelve Data name.
HKEX::01596,01596,HKEX,twelvedata_name_mismatch,uncertain,needs_official_evidence,needs_official_evidence,0.3,"Official issuer name from HKEX filings or prospectus to confirm if 'YICHEN IND' is a valid abbreviation for 'Hebei Yichen Industrial Group Co., Ltd.'.","Low name similarity (0.513) between local name 'YICHEN IND' and Twelve Data name 'Hebei Yichen Industrial Group Co., Ltd.'. No official evidence provided.",No official evidence confirming the relationship between the local name and Twelve Data name.
HKEX::01927,01927,HKEX,twelvedata_name_mismatch,uncertain,needs_official_evidence,needs_official_evidence,0.3,Official issuer name from HKEX filings or prospectus to confirm if 'JIUJIUWANG' is a valid abbreviation for 'Jiujiuwang Food International Limited'.,Low name similarity (0.513) between local name 'JIUJIUWANG' and Twelve Data name 'Jiujiuwang Food International Limited'. No official evidence provided.,No official evidence confirming the relationship between the local name and Twelve Data name.
HKEX::02502,02502,HKEX,twelvedata_name_mismatch,uncertain,needs_official_evidence,needs_official_evidence,0.3,"Official issuer name from HKEX filings or prospectus to confirm if 'JINYUAN HCHEM' is a valid abbreviation for 'Henan Jinyuan Hydrogenated Co., Ltd.'.","Low name similarity (0.513) between local name 'JINYUAN HCHEM' and Twelve Data name 'Henan Jinyuan Hydrogenated Co., Ltd.'. No official evidence provided.",No official evidence confirming the relationship between the local name and Twelve Data name.
TSE::3627,3627,TSE,twelvedata_name_mismatch,uncertain,needs_official_evidence,needs_official_evidence,0.3,Official issuer name from TSE filings or prospectus to confirm if 'TECMIRA HOLDINGS INC.' is the same as 'Tekmira Pharmaceuticals Corporation'.,Low name similarity (0.513) between local name 'TECMIRA HOLDINGS INC.' and Twelve Data name 'Tekmira Pharmaceuticals Corporation'. No official evidence provided.,No official evidence confirming the relationship between the local name and Twelve Data name.
TSE::5923,5923,TSE,twelvedata_name_mismatch,uncertain,needs_official_evidence,needs_official_evidence,0.3,"Official issuer name from TSE filings or prospectus to confirm if 'TAKADAKIKO(Steel Construction)CO.,LTD.' is the same as 'Takadakiko Co., Ltd.'.","Low name similarity (0.513) between local name 'TAKADAKIKO(Steel Construction)CO.,LTD.' and Twelve Data name 'Takadakiko Co., Ltd.'. No official evidence provided.",No official evidence confirming the relationship between the local name and Twelve Data name.
B3::EPAR3,EPAR3,B3,twelvedata_name_mismatch,uncertain,needs_official_evidence,needs_official_evidence,0.3,Official issuer name from B3 filings or prospectus to confirm if 'EMBPAR PARTICIPACOES S.A.' is the same as 'Embraer S.A.'.,Low name similarity (0.514) between local name 'EMBPAR PARTICIPACOES S.A.' and Twelve Data name 'Embraer S.A.'. No official evidence provided.,No official evidence confirming the relationship between the local name and Twelve Data name.
B3::WLMM3,WLMM3,B3,twelvedata_name_mismatch,uncertain,needs_official_evidence,needs_official_evidence,0.3,Official corporate name or legal entity identifier (LEI) to confirm if 'WLM PART. E COMÉRCIO DE MÁQUINAS E VEÍCULOS S.A.' and 'WLM Industria e Comercio S.A.' are the same entity or different.,Name similarity is low (0.514) and local name differs significantly from Twelve Data name. No official evidence provided to determine if it's a rename or different security.,Insufficient evidence to confirm identity; applying either name could introduce error.
B3::WLMM4,WLMM4,B3,twelvedata_name_mismatch,uncertain,needs_official_evidence,needs_official_evidence,0.3,Official corporate name or LEI to confirm if 'WLM PART. E COMÉRCIO DE MÁQUINAS E VEÍCULOS S.A.' and 'WLM Industria e Comercio S.A.' are the same entity.,Same name mismatch as WLMM3 but preferred stock. Low name similarity (0.514) and no official evidence.,Insufficient evidence to confirm identity.
HKEX::01471,01471,HKEX,twelvedata_name_mismatch,uncertain,needs_official_evidence,needs_official_evidence,0.3,Official company name or LEI to confirm if 'ZHONGMIAO' is the same as 'Zhongmiao Holdings Qingdao Ltd.'.,Local name is abbreviated 'ZHONGMIAO' while Twelve Data has full name. Low similarity (0.514) and no official evidence.,Insufficient evidence to confirm identity.
HKEX::02495,02495,HKEX,twelvedata_name_mismatch,uncertain,needs_official_evidence,needs_official_evidence,0.3,Official company name or LEI to confirm if 'VOICECOMM' is the same as 'Hubei VoiceComm Technology Co. Ltd.'.,Local name is abbreviated 'VOICECOMM' while Twelve Data has full name. Low similarity (0.514) and no official evidence.,Insufficient evidence to confirm identity.
HKEX::08201,08201,HKEX,twelvedata_name_mismatch,uncertain,needs_official_evidence,needs_official_evidence,0.3,Official company name or LEI to confirm if 'PPS INT'L' is the same as 'PPS International Holdings Ltd.'.,Local name is abbreviated 'PPS INT'L' while Twelve Data has full name. Low similarity (0.514) and no official evidence.,Insufficient evidence to confirm identity.
LSE::0E1Y,0E1Y,LSE,twelvedata_name_mismatch,uncertain,needs_official_evidence,needs_official_evidence,0.3,Official company name or LEI to confirm if 'Chargeurs' is the same as 'Compagnie Chargeurs Invest'.,Local name 'Chargeurs' differs from Twelve Data 'Compagnie Chargeurs Invest'. Low similarity (0.514) and no official evidence.,Insufficient evidence to confirm identity.
LSE::PXC,PXC,LSE,twelvedata_name_mismatch,uncertain,needs_official_evidence,needs_official_evidence,0.3,Official company name or LEI to confirm if 'Phoenix Global Mining Ltd' is the same as 'Phoenix Copper Ltd.'.,Local name 'Phoenix Global Mining Ltd' differs from Twelve Data 'Phoenix Copper Ltd.'. Low similarity (0.514) and no official evidence.,Insufficient evidence to confirm identity.
B3::VGIP11,VGIP11,B3,twelvedata_name_mismatch,uncertain,needs_official_evidence,needs_official_evidence,0.3,Official fund name or CNPJ to confirm if 'VALORA CRI ÍNDICE DE PREÇO FII RESP LIM' is the same as 'Valora Credit Index Fund'.,Local name is a long Portuguese description while Twelve Data has a shorter English name. Low similarity (0.516) and no official evidence.,Insufficient evidence to confirm identity.
HKEX::01499,01499,HKEX,twelvedata_name_mismatch,uncertain,needs_official_evidence,needs_official_evidence,0.3,Official company name or LEI to confirm if 'OKG TECH' is the same as 'Okg Technology Holdings Ltd'.,Local name is abbreviated 'OKG TECH' while Twelve Data has full name. Low similarity (0.516) and no official evidence.,Insufficient evidence to confirm identity.
HKEX::01508,01508,HKEX,twelvedata_name_mismatch,uncertain,needs_official_evidence,needs_official_evidence,0.3,Official company name or LEI to confirm if 'CHINA RE' is the same as 'China Reinsurance Group Corporation'.,Local name is abbreviated 'CHINA RE' while Twelve Data has full name. Low similarity (0.516) and no official evidence.,Insufficient evidence to confirm identity.
HKEX::01777,01777,HKEX,twelvedata_name_mismatch,uncertain,needs_official_evidence,needs_official_evidence,0.3,"Official company name or LEI to confirm if 'FANTASIA' is the same as 'Fantasia Holdings Group Co., Ltd.'.",Local name is abbreviated 'FANTASIA' while Twelve Data has full name. Low similarity (0.516) and no official evidence.,Insufficient evidence to confirm identity.
HKEX::01996,01996,HKEX,twelvedata_name_mismatch,uncertain,needs_official_evidence,needs_official_evidence,0.3,Official company name or LEI to confirm if 'RSUN PPT' is the same as 'Redsun Properties Group Ltd.'.,Local name is abbreviated 'RSUN PPT' while Twelve Data has full name. Low similarity (0.516) and no official evidence.,Insufficient evidence to confirm identity.
HKEX::03800,03800,HKEX,twelvedata_name_mismatch,uncertain,needs_official_evidence,needs_official_evidence,0.3,Official company name or LEI to confirm if 'GCL TECH' is the same as 'GCL Technology Holdings Ltd.'.,Local name is abbreviated 'GCL TECH' while Twelve Data has full name. Low similarity (0.516) and no official evidence.,Insufficient evidence to confirm identity.
HKEX::03893,03893,HKEX,twelvedata_name_mismatch,uncertain,needs_official_evidence,needs_official_evidence,0.3,Official company name or LEI to confirm if 'CROSSTEC' is the same as 'Crosstec Group Holdings Ltd.'.,Local name is abbreviated 'CROSSTEC' while Twelve Data has full name. Low similarity (0.516) and no official evidence.,Insufficient evidence to confirm identity.
HKEX::08076,08076,HKEX,twelvedata_name_mismatch,uncertain,needs_official_evidence,needs_official_evidence,0.3,Official company name or LEI to confirm if 'SING LEE' is the same as 'Sing Lee Software Group Ltd.'.,Local name is abbreviated 'SING LEE' while Twelve Data has full name. Low similarity (0.516) and no official evidence.,Insufficient evidence to confirm identity.
HKEX::08417,08417,HKEX,twelvedata_name_mismatch,uncertain,needs_official_evidence,needs_official_evidence,0.3,Official company name or LEI to confirm if 'DADI EDU' is the same as 'Dadi Education Holdings Ltd.'.,Local name is abbreviated 'DADI EDU' while Twelve Data has full name. Low similarity (0.516) and no official evidence.,Insufficient evidence to confirm identity.
LSE::0R9T,0R9T,LSE,twelvedata_name_mismatch,uncertain,needs_official_evidence,needs_official_evidence,0.3,Official company name or LEI to confirm if 'Equasens' is the same as 'Equasens Société anonyme'.,Local name 'Equasens' differs from Twelve Data 'Equasens Société anonyme'. Low similarity (0.516) and no official evidence.,Insufficient evidence to confirm identity.
LSE::0RQ2,0RQ2,LSE,twelvedata_name_mismatch,uncertain,needs_official_evidence,needs_official_evidence,0.3,Official company name or LEI to confirm if 'Bilia AB' is the same as 'Bilia AB Class A Shares'.,Local name 'Bilia AB' differs from Twelve Data 'Bilia AB Class A Shares'. Low similarity (0.516) and no official evidence.,Insufficient evidence to confirm identity.
TSE::8023,8023,TSE,twelvedata_name_mismatch,uncertain,needs_official_evidence,needs_official_evidence,0.3,"Official company name or LEI to confirm if 'DAIKO XTECH,LTD.' is the same as 'Daiko Denshi Tsushin Ltd.'.","Local name 'DAIKO XTECH,LTD.' differs from Twelve Data 'Daiko Denshi Tsushin Ltd.'. Low similarity (0.516) and no official evidence.",Insufficient evidence to confirm identity.
HKEX::08100,08100,HKEX,twelvedata_name_mismatch,uncertain,needs_official_evidence,needs_official_evidence,0.3,Official company name or LEI to confirm if 'FAMOUS TECH INT' is the same as 'Famous Technological International Holdings Ltd.'.,Local name is abbreviated 'FAMOUS TECH INT' while Twelve Data has full name. Low similarity (0.517) and no official evidence.,Insufficient evidence to confirm identity.
HKEX::01912,01912,HKEX,twelvedata_name_mismatch,uncertain,needs_official_evidence,needs_official_evidence,0.3,"Official issuer name or prospectus to confirm whether 'Contel Technology Co., Ltd.' is the same as 'CONTEL'.",Low name similarity (0.522) but both names plausibly refer to same entity. No official evidence provided.,No official evidence to confirm identity.
HKEX::02328,02328,HKEX,twelvedata_name_mismatch,uncertain,needs_official_evidence,needs_official_evidence,0.3,Official issuer name or prospectus to confirm whether 'PICC Property and Casualty Company Limited' is the same as 'PICC P&C'.,Low name similarity (0.522) but both names plausibly refer to same entity. No official evidence provided.,No official evidence to confirm identity.
HKEX::02533,02533,HKEX,twelvedata_name_mismatch,uncertain,needs_official_evidence,needs_official_evidence,0.3,Official issuer name or prospectus to confirm whether 'Black Sesame International Holding Ltd.' is the same as 'BLACK SESAME'.,Low name similarity (0.522) but both names plausibly refer to same entity. No official evidence provided.,No official evidence to confirm identity.
HKEX::03288,03288,HKEX,twelvedata_name_mismatch,uncertain,needs_official_evidence,needs_official_evidence,0.3,Official issuer name or prospectus to confirm whether 'Foshan Haitian Flavouring & Food Co. Ltd.' is the same as 'HAITIAN FLAV'.,Low name similarity (0.522) but both names plausibly refer to same entity. No official evidence provided.,No official evidence to confirm identity.
HKEX::08083,08083,HKEX,twelvedata_name_mismatch,uncertain,needs_official_evidence,needs_official_evidence,0.3,Official issuer name or prospectus to confirm whether 'Youzan Technology Limited' is the same as 'YOUZAN'.,Low name similarity (0.522) but both names plausibly refer to same entity. No official evidence provided.,No official evidence to confirm identity.
LSE::0NQH,0NQH,LSE,twelvedata_name_mismatch,uncertain,needs_official_evidence,needs_official_evidence,0.3,Official issuer name or prospectus to confirm whether 'RHÖN-KLINIKUM Aktiengesellschaft' is the same as 'Rhoen Klinikum AG'.,Low name similarity (0.522) but both names plausibly refer to same entity. No official evidence provided.,No official evidence to confirm identity.
LSE::0NVQ,0NVQ,LSE,twelvedata_name_mismatch,uncertain,needs_official_evidence,needs_official_evidence,0.3,Official issuer name or prospectus to confirm whether 'Buzzi S.p.A.' is the same as 'Buzzi Unicem'.,Low name similarity (0.522) but both names plausibly refer to same entity. No official evidence provided.,No official evidence to confirm identity.
TSE::9067,9067,TSE,twelvedata_name_mismatch,uncertain,needs_official_evidence,needs_official_evidence,0.3,Official issuer name or prospectus to confirm whether 'Maruwa Unyu Kikan Co. Ltd.' is the same as 'MARUWN CORPORATION'.,Low name similarity (0.522) but both names plausibly refer to same entity. No official evidence provided.,No official evidence to confirm identity.
B3::EMAE4,EMAE4,B3,twelvedata_name_mismatch,uncertain,needs_official_evidence,needs_official_evidence,0.3,Official issuer name or prospectus to confirm whether 'Empresa Metropolitana Eletricidade de São Paulo S.A.' is the same as 'EMAE - EMPRESA METROP.AGUAS ENERGIA S.A.'.,Low name similarity (0.523) but both names plausibly refer to same entity. No official evidence provided.,No official evidence to confirm identity.
B3::HUSC11,HUSC11,B3,twelvedata_name_mismatch,uncertain,needs_official_evidence,needs_official_evidence,0.3,Official issuer name or prospectus to confirm whether 'Hospital Unimed Sul Capixaba Fundo de Investimento Imobiliário - FII' is the same as 'FDO INV IMOB HOSPITAL UNIMED SUL CAPIXABA'.,Low name similarity (0.523) but both names plausibly refer to same entity. No official evidence provided.,No official evidence to confirm identity.
B3::KIVO11,KIVO11,B3,twelvedata_name_mismatch,uncertain,needs_official_evidence,needs_official_evidence,0.3,Official issuer name or prospectus to confirm whether 'Kilima Vulcano Real Estate Investment Fund' is the same as 'KILIMA VOLKANO RECEBÍVEIS IMOB FDO DE INV IMOB'.,Low name similarity (0.523) but both names plausibly refer to same entity. No official evidence provided.,No official evidence to confirm identity.
HKEX::02593,02593,HKEX,twelvedata_name_mismatch,uncertain,needs_official_evidence,needs_official_evidence,0.3,Official issuer name or prospectus to confirm whether 'Herbs Generation Group Holdings Limited' is the same as 'HERBS GROUP'.,Low name similarity (0.524) but both names plausibly refer to same entity. No official evidence provided.,No official evidence to confirm identity.
BSE_IN::SURAJINDPP,SURAJINDPP,BSE_IN,twelvedata_name_mismatch,uncertain,needs_official_evidence,needs_official_evidence,0.3,Official issuer name or prospectus to confirm whether 'Suraj Industries Ltd Partly Paid-up Equity Shares' is the same as 'Suraj Industries Ltd'.,Low name similarity (0.525) but both names plausibly refer to same entity. No official evidence provided.,No official evidence to confirm identity.
HKEX::01497,01497,HKEX,twelvedata_name_mismatch,uncertain,needs_official_evidence,needs_official_evidence,0.3,"Official issuer name or prospectus to confirm whether 'Xiamen Yan Palace Birds Nest Co., Ltd.' is the same as 'YAN PALACE'.",Low name similarity (0.526) but both names plausibly refer to same entity. No official evidence provided.,No official evidence to confirm identity.
HKEX::01553,01553,HKEX,twelvedata_name_mismatch,uncertain,needs_official_evidence,needs_official_evidence,0.3,Official issuer name or prospectus to confirm whether 'Maike Tube Industry Holdings Limited' is the same as 'MAIKE TUBE'.,Low name similarity (0.526) but both names plausibly refer to same entity. No official evidence provided.,No official evidence to confirm identity.
HKEX::01851,01851,HKEX,twelvedata_name_mismatch,uncertain,needs_official_evidence,needs_official_evidence,0.3,Official issuer name or prospectus to confirm whether 'China Gingko Education Group Ltd.' is the same as 'GINGKO EDU'.,Low name similarity (0.526) but both names plausibly refer to same entity. No official evidence provided.,No official evidence to confirm identity.
HKEX::02178,02178,HKEX,twelvedata_name_mismatch,uncertain,needs_official_evidence,needs_official_evidence,0.3,Official issuer name or prospectus to confirm whether 'Petro-King Oilfield Services Ltd.' is the same as 'PETRO-KING'.,Low name similarity (0.526) but both names plausibly refer to same entity. No official evidence provided.,No official evidence to confirm identity.
HKEX::02246,02246,HKEX,twelvedata_name_mismatch,uncertain,needs_official_evidence,needs_official_evidence,0.3,Official issuer name or prospectus to confirm whether 'Gogox Holdings Limited' is the same as 'GOGOX'.,Low name similarity (0.526) but both names plausibly refer to same entity. No official evidence provided.,No official evidence to confirm identity.
HKEX::02432,02432,HKEX,twelvedata_name_mismatch,uncertain,needs_official_evidence,needs_official_evidence,0.3,Official issuer name or prospectus to confirm whether 'Shenzhen Dobot Corporation Ltd.' is the same as 'DOBOT'.,Low name similarity (0.526) but both names plausibly refer to same entity. No official evidence provided.,No official evidence to confirm identity.
HKEX::02628,02628,HKEX,twelvedata_name_mismatch,uncertain,needs_official_evidence,needs_official_evidence,0.3,Official issuer name or prospectus to confirm whether 'China Life Insurance Company Limited' is the same as 'CHINA LIFE'.,Low name similarity (0.526) but both names plausibly refer to same entity. No official evidence provided.,No official evidence to confirm identity.
HKEX::06838,06838,HKEX,twelvedata_name_mismatch,uncertain,needs_official_evidence,needs_official_evidence,0.3,Official issuer name from HKEX filings or prospectus to confirm if 'Winox Holdings Ltd.' is the same as 'WINOX'.,Low name similarity (0.526) between local name 'WINOX' and Twelve Data name 'Winox Holdings Ltd.'. No official evidence provided to confirm identity.,No official evidence to confirm match or rename.
TSE::4651,4651,TSE,twelvedata_name_mismatch,uncertain,needs_official_evidence,needs_official_evidence,0.3,Official issuer name from TSE filings to confirm if 'Sanix Inc.' is the same as 'SANIX HOLDINGS INCORPORATED'.,Low name similarity (0.526) between local name 'SANIX HOLDINGS INCORPORATED' and Twelve Data name 'Sanix Inc.'. No official evidence provided.,No official evidence to confirm match or rename.
B3::PDGR3,PDGR3,B3,twelvedata_name_mismatch,uncertain,needs_official_evidence,needs_official_evidence,0.3,Official issuer name from B3 filings to confirm if 'PDG Realty S.A.' is the same as 'PDG REALTY S.A. EMPREEND E PARTICIPACOES'.,Low name similarity (0.528) between local name 'PDG REALTY S.A. EMPREEND E PARTICIPACOES' and Twelve Data name 'PDG Realty S.A.'. No official evidence provided.,No official evidence to confirm match or rename.
HKEX::01123,01123,HKEX,twelvedata_name_mismatch,uncertain,needs_official_evidence,needs_official_evidence,0.3,Official issuer name from HKEX filings to confirm if 'China Hong Kong Photo Products Holdings Limited' is the same as 'CHINA-HK PHOTO'.,Low name similarity (0.528) between local name 'CHINA-HK PHOTO' and Twelve Data name 'China Hong Kong Photo Products Holdings Limited'. No official evidence provided.,No official evidence to confirm match or rename.
HKEX::01209,01209,HKEX,twelvedata_name_mismatch,uncertain,needs_official_evidence,needs_official_evidence,0.3,Official issuer name from HKEX filings to confirm if 'China Resources Mixc Lifestyle Services Ltd.' is the same as 'CHINA RES MIXC'.,Low name similarity (0.528) between local name 'CHINA RES MIXC' and Twelve Data name 'China Resources Mixc Lifestyle Services Ltd.'. No official evidence provided.,No official evidence to confirm match or rename.
HKEX::02373,02373,HKEX,twelvedata_name_mismatch,uncertain,needs_official_evidence,needs_official_evidence,0.3,Official issuer name from HKEX filings to confirm if 'Beauty Farm Medical and Health Industry Inc.' is the same as 'BEAUTYFARM MED'.,Low name similarity (0.528) between local name 'BEAUTYFARM MED' and Twelve Data name 'Beauty Farm Medical and Health Industry Inc.'. No official evidence provided.,No official evidence to confirm match or rename.
HKEX::02560,02560,HKEX,twelvedata_name_mismatch,uncertain,needs_official_evidence,needs_official_evidence,0.3,Official issuer name from HKEX filings to confirm if 'Anhui Conch Material Technology Company Limited' is the same as 'CONCH MAT TECH'.,Low name similarity (0.528) between local name 'CONCH MAT TECH' and Twelve Data name 'Anhui Conch Material Technology Company Limited'. No official evidence provided.,No official evidence to confirm match or rename.
HKEX::06117,06117,HKEX,twelvedata_name_mismatch,uncertain,needs_official_evidence,needs_official_evidence,0.3,"Official issuer name from HKEX filings to confirm if 'Rizhao Port Jurong Co., Ltd. Class H Common Stock' is the same as 'RIZHAO PORT JR'.","Low name similarity (0.528) between local name 'RIZHAO PORT JR' and Twelve Data name 'Rizhao Port Jurong Co., Ltd. Class H Common Stock'. No official evidence provided.",No official evidence to confirm match or rename.
HKEX::01110,01110,HKEX,twelvedata_name_mismatch,uncertain,needs_official_evidence,needs_official_evidence,0.3,Official issuer name from HKEX filings to confirm if 'Kingworld Medicines Group Limited' is the same as 'KINGWORLD'.,Low name similarity (0.529) between local name 'KINGWORLD' and Twelve Data name 'Kingworld Medicines Group Limited'. No official evidence provided.,No official evidence to confirm match or rename.
HKEX::02195,02195,HKEX,twelvedata_name_mismatch,uncertain,needs_official_evidence,needs_official_evidence,0.3,Official issuer name from HKEX filings to confirm if 'Unity Enterprise Holdings Ltd.' is the same as 'UNITY ENT'.,Low name similarity (0.529) between local name 'UNITY ENT' and Twelve Data name 'Unity Enterprise Holdings Ltd.'. No official evidence provided.,No official evidence to confirm match or rename.
HKEX::02585,02585,HKEX,twelvedata_name_mismatch,uncertain,needs_official_evidence,needs_official_evidence,0.3,Official issuer name from HKEX filings to confirm if 'Mokingran Jewellery Group Co. Ltd.' is the same as 'MOKINGRAN'.,Low name similarity (0.529) between local name 'MOKINGRAN' and Twelve Data name 'Mokingran Jewellery Group Co. Ltd.'. No official evidence provided.,No official evidence to confirm match or rename.
HKEX::06938,06938,HKEX,twelvedata_name_mismatch,uncertain,needs_official_evidence,needs_official_evidence,0.3,"Official issuer name from HKEX filings to confirm if 'Suzhou Ribo Life Science Co., Ltd.' is the same as 'RIBOLIFE-B'.","Low name similarity (0.529) between local name 'RIBOLIFE-B' and Twelve Data name 'Suzhou Ribo Life Science Co., Ltd.'. No official evidence provided.",No official evidence to confirm match or rename.
LSE::09II,09II,LSE,twelvedata_name_mismatch,uncertain,needs_official_evidence,needs_official_evidence,0.3,Official issuer name from LSE filings to confirm if 'Dr. Ing. h.c. F. Porsche Aktiengesellschaft Preference' is the same as 'DR ING HC F PORSCHE AG DR. ING. H.C. F. PORSCHE AG INHABER-VOR'.,Low name similarity (0.529) between local name 'DR ING HC F PORSCHE AG DR. ING. H.C. F. PORSCHE AG INHABER-VOR' and Twelve Data name 'Dr. Ing. h.c. F. Porsche Aktiengesellschaft Preference'. No official evidence provided.,No official evidence to confirm match or rename.
LSE::0K7V,0K7V,LSE,twelvedata_name_mismatch,uncertain,needs_official_evidence,needs_official_evidence,0.3,Official issuer name from LSE filings to confirm if 'News Corporation Class B Common Stock' is the same as 'News Corp Cl B'.,Low name similarity (0.529) between local name 'News Corp Cl B' and Twelve Data name 'News Corporation Class B Common Stock'. No official evidence provided.,No official evidence to confirm match or rename.
LSE::TFW,TFW,LSE,twelvedata_name_mismatch,uncertain,needs_official_evidence,needs_official_evidence,0.3,Official issuer name from LSE filings to confirm if 'F.W. Thorpe Public Limited Company' is the same as 'FW Thorpe PLC'.,Low name similarity (0.529) between local name 'FW Thorpe PLC' and Twelve Data name 'F.W. Thorpe Public Limited Company'. No official evidence provided.,No official evidence to confirm match or rename.
B3::KFOF11,KFOF11,B3,twelvedata_name_mismatch,uncertain,needs_official_evidence,needs_official_evidence,0.3,Official issuer name from B3 filings to confirm if 'Kinea Fundo de Investimento Imobiliário FOF' is the same as 'FUNDO DE FDO INV IMOB KINEA FII RESP LIM'.,Low name similarity (0.53) between local name 'FUNDO DE FDO INV IMOB KINEA FII RESP LIM' and Twelve Data name 'Kinea Fundo de Investimento Imobiliário FOF'. No official evidence provided.,No official evidence to confirm match or rename.
B3::SNCI11,SNCI11,B3,twelvedata_name_mismatch,uncertain,needs_official_evidence,needs_official_evidence,0.3,Official issuer name from B3 filings to confirm if 'FII Suno Fundo de Investimento Imobiliário' is the same as 'SUNO RECEBÍVEIS IMOBILIÁRIOS FII RESP LIM'.,Low name similarity (0.53) between local name 'SUNO RECEBÍVEIS IMOBILIÁRIOS FII RESP LIM' and Twelve Data name 'FII Suno Fundo de Investimento Imobiliário'. No official evidence provided.,No official evidence to confirm match or rename.
B3::VTRU3,VTRU3,B3,twelvedata_name_mismatch,uncertain,needs_official_evidence,needs_official_evidence,0.3,Official issuer name from B3 filings to confirm if 'Vitru Brasil Empreendimentos S.A.' is the same as 'VITRU EDUCAÇÃO S.A'.,Low name similarity (0.531) between local name 'VITRU EDUCAÇÃO S.A' and Twelve Data name 'Vitru Brasil Empreendimentos S.A.'. No official evidence provided.,No official evidence to confirm match or rename.
HKEX::01102,01102,HKEX,twelvedata_name_mismatch,uncertain,needs_official_evidence,needs_official_evidence,0.3,Official issuer name from HKEX filings to confirm if 'Enviro Energy International Holdings Limited' is the same as 'ENVIRO ENERGY'.,Low name similarity (0.531) between local name 'ENVIRO ENERGY' and Twelve Data name 'Enviro Energy International Holdings Limited'. No official evidence provided.,No official evidence to confirm match or rename.
HKEX::01317,01317,HKEX,twelvedata_name_mismatch,uncertain,needs_official_evidence,needs_official_evidence,0.3,Official issuer name from HKEX filings to confirm if 'China Maple Leaf Educational Systems Ltd.' is the same as 'MAPLELEAF EDU'.,Low name similarity (0.531) between local name 'MAPLELEAF EDU' and Twelve Data name 'China Maple Leaf Educational Systems Ltd.'. No official evidence provided.,No official evidence to confirm match or rename.
HKEX::01803,01803,HKEX,twelvedata_name_mismatch,uncertain,needs_official_evidence,needs_official_evidence,0.3,Official issuer name from HKEX filings or company registry to confirm if 'Beijing Sports and Entertainment Industry Group Limited' is the same as 'BJ SPORTS & ENT'.,Low name similarity (0.531) but both names suggest same entity. No official evidence provided to confirm or deny.,No official evidence to confirm match.
HKEX::01883,01883,HKEX,twelvedata_name_mismatch,uncertain,needs_official_evidence,needs_official_evidence,0.3,Official issuer name from HKEX filings or company registry to confirm if 'Citic Telecom International Holdings Ltd.' is the same as 'CITIC TELECOM'.,Low name similarity (0.531) but both names suggest same entity. No official evidence provided to confirm or deny.,No official evidence to confirm match.
HKEX::01901,01901,HKEX,twelvedata_name_mismatch,uncertain,needs_official_evidence,needs_official_evidence,0.3,Official issuer name from HKEX filings or company registry to confirm if 'Feiyang International Holdings Group Ltd.' is the same as 'FEIYANG GROUP'.,Low name similarity (0.531) but both names suggest same entity. No official evidence provided to confirm or deny.,No official evidence to confirm match.
HKEX::02188,02188,HKEX,twelvedata_name_mismatch,uncertain,needs_official_evidence,needs_official_evidence,0.3,"Official issuer name from HKEX filings or company registry to confirm if 'China Titans Energy Technology Group Co., Ltd.' is the same as 'TITANS ENERGY'.",Low name similarity (0.531) but both names suggest same entity. No official evidence provided to confirm or deny.,No official evidence to confirm match.
HKEX::03623,03623,HKEX,twelvedata_name_mismatch,uncertain,needs_official_evidence,needs_official_evidence,0.3,Official issuer name from HKEX filings or company registry to confirm if 'China Success Finance Group Holdings Ltd.' is the same as 'C SUCCESS FIN'.,Low name similarity (0.531) but both names suggest same entity. No official evidence provided to confirm or deny.,No official evidence to confirm match.
HKEX::06893,06893,HKEX,twelvedata_name_mismatch,uncertain,needs_official_evidence,needs_official_evidence,0.3,Official issuer name from HKEX filings or company registry to confirm if 'Hin Sang Group International Holding Co. Ltd.' is the same as 'HINSANG GROUP'.,Low name similarity (0.531) but both names suggest same entity. No official evidence provided to confirm or deny.,No official evidence to confirm match.
HKEX::01080,01080,HKEX,twelvedata_name_mismatch,uncertain,needs_official_evidence,needs_official_evidence,0.3,Official issuer name from HKEX filings or company registry to confirm if 'Shengli Oil & Gas Pipe Holdings Ltd.' is the same as 'SHENGLI PIPE'.,Low name similarity (0.533) but both names suggest same entity. No official evidence provided to confirm or deny.,No official evidence to confirm match.
HKEX::01593,01593,HKEX,twelvedata_name_mismatch,uncertain,needs_official_evidence,needs_official_evidence,0.3,Official issuer name from HKEX filings or company registry to confirm if 'Chen Lin Education Group Holdings Ltd.' is the same as 'CHEN LIN EDU'.,Low name similarity (0.533) but both names suggest same entity. No official evidence provided to confirm or deny.,No official evidence to confirm match.
HKEX::02392,02392,HKEX,twelvedata_name_mismatch,uncertain,needs_official_evidence,needs_official_evidence,0.3,Official issuer name from HKEX filings or company registry to confirm if 'Xuan Wu Cloud Technology Holdings Limited' is the same as 'XUANWU CLOUD'.,Low name similarity (0.533) but both names suggest same entity. No official evidence provided to confirm or deny.,No official evidence to confirm match.
HKEX::02566,02566,HKEX,twelvedata_name_mismatch,uncertain,needs_official_evidence,needs_official_evidence,0.3,"Official issuer name from HKEX filings or company registry to confirm if 'Hangzhou Jiuyuan Gene Engineering Co., Ltd.' is the same as 'JIUYUAN GENE'.",Low name similarity (0.533) but both names suggest same entity. No official evidence provided to confirm or deny.,No official evidence to confirm match.
HKEX::02726,02726,HKEX,twelvedata_name_mismatch,uncertain,needs_official_evidence,needs_official_evidence,0.3,"Official issuer name from HKEX filings or company registry to confirm if 'Epiworld International Co., Ltd.' is the same as 'EPIWORLD'.",Low name similarity (0.533) but both names suggest same entity. No official evidence provided to confirm or deny.,No official evidence to confirm match.
HKEX::02729,02729,HKEX,twelvedata_name_mismatch,uncertain,needs_official_evidence,needs_official_evidence,0.3,"Official issuer name from HKEX filings or company registry to confirm if 'Zhejiang Galaxis Technology Group Co., Ltd.' is the same as 'GALAXIS TECH'.",Low name similarity (0.533) but both names suggest same entity. No official evidence provided to confirm or deny.,No official evidence to confirm match.
HKEX::03306,03306,HKEX,twelvedata_name_mismatch,uncertain,needs_official_evidence,needs_official_evidence,0.3,Official issuer name from HKEX filings or company registry to confirm if 'Jnby Design Ltd.' is the same as 'JNBY'.,Low name similarity (0.533) but both names suggest same entity. No official evidence provided to confirm or deny.,No official evidence to confirm match.
HKEX::03328,03328,HKEX,twelvedata_name_mismatch,uncertain,needs_official_evidence,needs_official_evidence,0.3,"Official issuer name from HKEX filings or company registry to confirm if 'Bank of Communications Co., Ltd.' is the same as 'BANKCOMM'.",Low name similarity (0.533) but both names suggest same entity. No official evidence provided to confirm or deny.,No official evidence to confirm match.
HKEX::09639,09639,HKEX,twelvedata_name_mismatch,uncertain,needs_official_evidence,needs_official_evidence,0.3,Official issuer name from HKEX filings or company registry to confirm if 'Wing Lee Development Construction Ltd.' is the same as 'WING LEE DEV'.,Low name similarity (0.533) but both names suggest same entity. No official evidence provided to confirm or deny.,No official evidence to confirm match.
HKEX::09678,09678,HKEX,twelvedata_name_mismatch,uncertain,needs_official_evidence,needs_official_evidence,0.3,"Official issuer name from HKEX filings or company registry to confirm if 'Unisound AI Technology Co., Ltd.' is the same as 'UNISOUND'.",Low name similarity (0.533) but both names suggest same entity. No official evidence provided to confirm or deny.,No official evidence to confirm match.
HKEX::09985,09985,HKEX,twelvedata_name_mismatch,uncertain,needs_official_evidence,needs_official_evidence,0.3,Official issuer name from HKEX filings or company registry to confirm if 'Weilong Delicious Global Holdings Ltd' is the same as 'WL DELICIOUS'.,Low name similarity (0.533) but both names suggest same entity. No official evidence provided to confirm or deny.,No official evidence to confirm match.
LSE::0K9E,0K9E,LSE,twelvedata_name_mismatch,uncertain,needs_official_evidence,needs_official_evidence,0.3,Official issuer name from LSE filings or company registry to confirm if 'Novartis AG Sponsored ADR' is the same as 'Novartis AG'.,Low name similarity (0.533) but both names suggest same entity. No official evidence provided to confirm or deny.,No official evidence to confirm match.
B3::TGAR11,TGAR11,B3,twelvedata_name_mismatch,uncertain,needs_official_evidence,needs_official_evidence,0.3,Official issuer name from B3 filings or Brazilian regulator to confirm if 'FII TG Ativo Real Fundo de Investimento Imobiliário' is the same as 'FDO INV IMOB TG ATIVO REAL RESP LIM'.,Low name similarity (0.535) but both names suggest same entity. No official evidence provided to confirm or deny.,No official evidence to confirm match.
B3::ZIFI11,ZIFI11,B3,twelvedata_name_mismatch,uncertain,needs_official_evidence,needs_official_evidence,0.3,Official issuer name from B3 filings or Brazilian regulator to confirm if 'Zion Capital Fundo de Investimento Imobiliário' is the same as 'ZION CAPITAL FII RESP LIM'.,Low name similarity (0.535) but both names suggest same entity. No official evidence provided to confirm or deny.,No official evidence to confirm match.
ASX::MC2,MC2,ASX,twelvedata_name_mismatch,uncertain,needs_official_evidence,needs_official_evidence,0.3,Official issuer documents or prospectus to confirm whether 'Marimaca Copper Corp. CHESS Depositary Interest' is the same security as 'MARIMACA COPPER CORP.' or a different depositary interest line.,"Name similarity is low (0.536) and twelvedata type is Depositary Receipt, while local name does not indicate depositary. No official evidence provided to confirm identity.",No official evidence to confirm whether this is a rename or a different security.
B3::RZTR11,RZTR11,B3,twelvedata_name_mismatch,uncertain,needs_official_evidence,needs_official_evidence,0.3,Official fund documentation to confirm whether 'FII Riza Terrax' is the same as 'FUNDO DE INVEST IMOB RIZA TERRAX RESP LIM'.,"Name similarity is low (0.536). Local name is a full legal name, twelvedata name is abbreviated. No official evidence to confirm identity.",No official evidence to confirm whether this is a rename or a different security.
HKEX::01393,01393,HKEX,twelvedata_name_mismatch,uncertain,needs_official_evidence,needs_official_evidence,0.3,Official company filings to confirm whether 'Hidili Industry International Development Limited' is the same as 'HIDILI INDUSTRY'.,"Name similarity is low (0.536). Local name is abbreviated, twelvedata name is full. No official evidence to confirm identity.",No official evidence to confirm whether this is a rename or a different security.
HKEX::03858,03858,HKEX,twelvedata_name_mismatch,uncertain,needs_official_evidence,needs_official_evidence,0.3,Official company filings to confirm whether 'Jiaxin International Resources Investment Limited' is the same as 'JIAXIN INTL RES'.,"Name similarity is low (0.536). Local name is abbreviated, twelvedata name is full. No official evidence to confirm identity.",No official evidence to confirm whether this is a rename or a different security.
HKEX::01094,01094,HKEX,twelvedata_name_mismatch,uncertain,needs_official_evidence,needs_official_evidence,0.3,Official company filings to confirm whether 'Cherish Sunshine International Ltd.' is the same as 'CHERISH SUN'.,"Name similarity is low (0.537). Local name is abbreviated, twelvedata name is full. No official evidence to confirm identity.",No official evidence to confirm whether this is a rename or a different security.
HKEX::02429,02429,HKEX,twelvedata_name_mismatch,uncertain,needs_official_evidence,needs_official_evidence,0.3,Official company filings to confirm whether 'Beijing Ubox Online Technology Corp.' is the same as 'UBOX ONLINE'.,"Name similarity is low (0.537). Local name is abbreviated, twelvedata name is full. No official evidence to confirm identity.",No official evidence to confirm whether this is a rename or a different security.
HKEX::08206,08206,HKEX,twelvedata_name_mismatch,uncertain,needs_official_evidence,needs_official_evidence,0.3,Official company filings to confirm whether 'Shentong Robot Education Group Limited' is the same as 'S ROBOT EDU'.,"Name similarity is low (0.537). Local name is abbreviated, twelvedata name is full. No official evidence to confirm identity.",No official evidence to confirm whether this is a rename or a different security.
HKEX::09881,09881,HKEX,twelvedata_name_mismatch,uncertain,needs_official_evidence,needs_official_evidence,0.3,Official company filings to confirm whether 'Rongta Technology Xiamen Group Co. Ltd.' is the same as 'RONGTA TECH'.,"Name similarity is low (0.537). Local name is abbreviated, twelvedata name is full. No official evidence to confirm identity.",No official evidence to confirm whether this is a rename or a different security.
LSE::0MKO,0MKO,LSE,twelvedata_name_mismatch,uncertain,needs_official_evidence,needs_official_evidence,0.3,"Official company filings to confirm whether 'Meliá Hotels International, S.A.' is the same as 'Melia Hotels'.","Name similarity is low (0.537). Local name is abbreviated, twelvedata name includes full legal name. No official evidence to confirm identity.",No official evidence to confirm whether this is a rename or a different security.
LSE::ETL,ETL,LSE,twelvedata_name_mismatch,uncertain,needs_official_evidence,needs_official_evidence,0.3,Official company filings to confirm whether 'Eutelsat Communications S.A.' is the same as 'Eutelsat Group'.,"Name similarity is low (0.537). Local name is 'Eutelsat Group', twelvedata name is 'Eutelsat Communications S.A.'. No official evidence to confirm identity.",No official evidence to confirm whether this is a rename or a different security.
HKEX::01993,01993,HKEX,twelvedata_name_mismatch,uncertain,needs_official_evidence,needs_official_evidence,0.3,Official company filings to confirm whether 'Asiaray Media Group Limited' is the same as 'ASIARAY'.,"Name similarity is low (0.538). Local name is abbreviated, twelvedata name is full. No official evidence to confirm identity.",No official evidence to confirm whether this is a rename or a different security.
HKEX::80291,80291,HKEX,twelvedata_name_mismatch,uncertain,needs_official_evidence,needs_official_evidence,0.3,Official company filings to confirm whether 'China Resources Beer Holdings Company Limited' is the same as 'CHINARES BEER-R'.,"Name similarity is low (0.538). Local name includes '-R' suffix, twelvedata name does not. No official evidence to confirm identity.",No official evidence to confirm whether this is a rename or a different security.
B3::FLRP11,FLRP11,B3,twelvedata_name_mismatch,uncertain,needs_official_evidence,needs_official_evidence,0.3,Official fund documentation to confirm whether 'Floripa Shopping Fundo de Investimento Imobiliário FII' is the same as 'HEDGE FLORIPA SHOPPING FII RESP LIM'.,"Name similarity is low (0.539). Local name includes 'HEDGE', twelvedata name does not. No official evidence to confirm identity.",No official evidence to confirm whether this is a rename or a different security.
B3::MIDW11,MIDW11,B3,twelvedata_name_mismatch,uncertain,needs_official_evidence,needs_official_evidence,0.3,Official fund documentation to confirm whether 'Midway Mall FII RL' is the same as 'MIDWAY MALL FUNDO DE INVESTIMENTO IMOBILIÁRIO'.,"Name similarity is low (0.54). Local name is full, twelvedata name is abbreviated. No official evidence to confirm identity.",No official evidence to confirm whether this is a rename or a different security.
B3::APXM11,APXM11,B3,twelvedata_name_mismatch,uncertain,needs_official_evidence,needs_official_evidence,0.3,Official fund documentation to confirm whether 'FII Apex Malls' is the same as 'APEX MALLS - FII RESP LIM'.,"Name similarity is low (0.541). Local name includes 'RESP LIM', twelvedata name does not. No official evidence to confirm identity.",No official evidence to confirm whether this is a rename or a different security.
HKEX::01240,01240,HKEX,twelvedata_name_mismatch,uncertain,needs_official_evidence,needs_official_evidence,0.3,Official company filings to confirm whether 'Cnqc International Holdings Limited' is the same as 'CNQC INT'L'.,"Name similarity is low (0.541). Local name is abbreviated, twelvedata name is full. No official evidence to confirm identity.",No official evidence to confirm whether this is a rename or a different security.
HKEX::01368,01368,HKEX,twelvedata_name_mismatch,uncertain,needs_official_evidence,needs_official_evidence,0.3,Official company filings to confirm whether 'Xtep International Holdings Limited' is the same as 'XTEP INT'L'.,"Name similarity is low (0.541). Local name is abbreviated, twelvedata name is full. No official evidence to confirm identity.",No official evidence to confirm whether this is a rename or a different security.
HKEX::01579,01579,HKEX,twelvedata_name_mismatch,uncertain,needs_official_evidence,needs_official_evidence,0.3,Official company filings to confirm whether 'Yihai International Holding Ltd.' is the same as 'YIHAI INTL'.,"Name similarity is low (0.541). Local name is abbreviated, twelvedata name is full. No official evidence to confirm identity.",No official evidence to confirm whether this is a rename or a different security.
HKEX::01877,01877,HKEX,twelvedata_name_mismatch,uncertain,needs_official_evidence,needs_official_evidence,0.3,"Official company filings to confirm whether 'Shanghai Junshi Biosciences Co., Ltd.' is the same as 'JUNSHI BIO'.","Name similarity is low (0.541). Local name is abbreviated, twelvedata name is full. No official evidence to confirm identity.",No official evidence to confirm whether this is a rename or a different security.
HKEX::01906,01906,HKEX,twelvedata_name_mismatch,uncertain,needs_official_evidence,needs_official_evidence,0.3,Official company filings to confirm whether 'Bonny International Holding Ltd.' is the same as 'BONNY HLDG'.,"Name similarity is low (0.541). Local name is abbreviated, twelvedata name is full. No official evidence to confirm identity.",No official evidence to confirm whether this is a rename or a different security.
HKEX::02197,02197,HKEX,twelvedata_name_mismatch,uncertain,needs_official_evidence,needs_official_evidence,0.3,Official issuer name and security type from HKEX filings or prospectus to confirm if Clover Biopharmaceuticals Ltd. is the same as CLOVER BIO-B.,Local name 'CLOVER BIO-B' and Twelve Data name 'Clover Biopharmaceuticals Ltd.' have low similarity (0.541). No official evidence provided to confirm they refer to the same security.,No official evidence to confirm identity.
HKEX::02575,02575,HKEX,twelvedata_name_mismatch,uncertain,needs_official_evidence,needs_official_evidence,0.3,"Official issuer name and security type from HKEX filings or prospectus to confirm if Xuanzhu Biopharmaceutical Co., Ltd. is the same as XUANZHUBIO-B.","Local name 'XUANZHUBIO-B' and Twelve Data name 'Xuanzhu Biopharmaceutical Co., Ltd.' have low similarity (0.541). No official evidence provided.",No official evidence to confirm identity.
HKEX::02613,02613,HKEX,twelvedata_name_mismatch,uncertain,needs_official_evidence,needs_official_evidence,0.3,"Official issuer name and security type from HKEX filings or prospectus to confirm if ContiOcean Environment Tech. Co., Ltd. is the same as CONTIOCEAN.","Local name 'CONTIOCEAN' and Twelve Data name 'ContiOcean Environment Tech. Co., Ltd.' have low similarity (0.541). No official evidence provided.",No official evidence to confirm identity.
HKEX::06922,06922,HKEX,twelvedata_name_mismatch,uncertain,needs_official_evidence,needs_official_evidence,0.3,"Official issuer name and security type from HKEX filings or prospectus to confirm if Cryofocus Medtech (Shanghai) Co., Ltd. is the same as CRYOFOCUS-B.","Local name 'CRYOFOCUS-B' and Twelve Data name 'Cryofocus Medtech (Shanghai) Co., Ltd.' have low similarity (0.541). No official evidence provided.",No official evidence to confirm identity.
HKEX::08423,08423,HKEX,twelvedata_name_mismatch,uncertain,needs_official_evidence,needs_official_evidence,0.3,Official issuer name and security type from HKEX filings or prospectus to confirm if Chi Ho Development Holdings Limited is the same as CHI HO DEV.,Local name 'CHI HO DEV' and Twelve Data name 'Chi Ho Development Holdings Limited' have low similarity (0.541). No official evidence provided.,No official evidence to confirm identity.
LSE::0CIH,0CIH,LSE,twelvedata_name_mismatch,uncertain,needs_official_evidence,needs_official_evidence,0.3,Official issuer name and security type from LSE filings or prospectus to confirm if Raisio Oyj is the same as RAISIO OYJ RAISIO K ORD SHS.,Local name 'RAISIO OYJ RAISIO K ORD SHS' and Twelve Data name 'Raisio Oyj' have low similarity (0.541). No official evidence provided.,No official evidence to confirm identity.
LSE::0R6Y,0R6Y,LSE,twelvedata_name_mismatch,uncertain,needs_official_evidence,needs_official_evidence,0.3,Official issuer name and security type from LSE filings or prospectus to confirm if Thor Medical ASA is the same as Nordic Nanovector ASA (possible name change).,Local name 'Nordic Nanovector ASA' and Twelve Data name 'Thor Medical ASA' have low similarity (0.541). Possible name change but no official evidence provided.,No official evidence to confirm identity or name change.
B3::FIVN11,FIVN11,B3,twelvedata_name_mismatch,uncertain,needs_official_evidence,needs_official_evidence,0.3,Official issuer name and security type from B3 filings or prospectus to confirm if FII Vida Nova is the same as FDO INV IMOB VIDA NOVA - FII RESP LIM.,Local name 'FDO INV IMOB VIDA NOVA - FII RESP LIM' and Twelve Data name 'FII Vida Nova' have low similarity (0.542). No official evidence provided.,No official evidence to confirm identity.
HKEX::01130,01130,HKEX,twelvedata_name_mismatch,uncertain,needs_official_evidence,needs_official_evidence,0.3,Official issuer name and security type from HKEX filings or prospectus to confirm if China Environmental Resources Group Limited is the same as CHINA ENV RES.,Local name 'CHINA ENV RES' and Twelve Data name 'China Environmental Resources Group Limited' have low similarity (0.542). No official evidence provided.,No official evidence to confirm identity.
LSE::0RQC,0RQC,LSE,twelvedata_name_mismatch,uncertain,needs_official_evidence,needs_official_evidence,0.3,Official issuer name and security type from LSE filings or prospectus to confirm if Essity Aktiebolag (publ) Class A is the same as Essity AB Series A.,Local name 'Essity AB Series A' and Twelve Data name 'Essity Aktiebolag (publ) Class A' have low similarity (0.542). No official evidence provided.,No official evidence to confirm identity.
B3::SPXS11,SPXS11,B3,twelvedata_name_mismatch,uncertain,needs_official_evidence,needs_official_evidence,0.3,Official issuer name and security type from B3 filings or prospectus to confirm if FII SPX Synthetic Multi Market Fund is the same as FII – SPX REAL ESTATE MULTIESTRATÉGIA.,Local name 'FII – SPX REAL ESTATE MULTIESTRATÉGIA' and Twelve Data name 'FII SPX Synthetic Multi Market Fund' have low similarity (0.543). No official evidence provided.,No official evidence to confirm identity.
LSE::BWRA,BWRA,LSE,twelvedata_name_mismatch,uncertain,needs_official_evidence,needs_official_evidence,0.3,Official issuer name and security type from LSE filings or prospectus to confirm if Bristol Water Plc 8.75% Perpetual Preferred Stock is the same as Bristol Water Holdings UK Limited 8.75% CUM IRRD PRF GBP1.,Local name 'Bristol Water Holdings UK Limited 8.75% CUM IRRD PRF GBP1' and Twelve Data name 'Bristol Water Plc 8.75% Perpetual Preferred Stock' have low similarity (0.543). No official evidence provided.,No official evidence to confirm identity.
B3::BPML11,BPML11,B3,twelvedata_name_mismatch,uncertain,needs_official_evidence,needs_official_evidence,0.3,Official issuer name and security type from B3 filings or prospectus to confirm if BTG Pactual Shopping Fundo de Investimento Imobiliário is the same as FII BTG PACTUAL SHOPPINGS RESP LIM.,Local name 'FII BTG PACTUAL SHOPPINGS RESP LIM' and Twelve Data name 'BTG Pactual Shopping Fundo de Investimento Imobiliário' have low similarity (0.545). No official evidence provided.,No official evidence to confirm identity.
B3::BVAR11,BVAR11,B3,twelvedata_name_mismatch,uncertain,needs_official_evidence,needs_official_evidence,0.3,Official issuer name and security type from B3 filings or prospectus to confirm if Brasil Varejo Fundo de Investimento Imobiliário - FII is the same as BRASIL VAREJO - FII RESP LIM.,Local name 'BRASIL VAREJO - FII RESP LIM' and Twelve Data name 'Brasil Varejo Fundo de Investimento Imobiliário - FII' have low similarity (0.545). No official evidence provided.,No official evidence to confirm identity.
B3::HETA4,HETA4,B3,twelvedata_name_mismatch,uncertain,needs_official_evidence,needs_official_evidence,0.3,Official issuer name and security type from B3 filings or prospectus to confirm if Hercules S.A. is the same as HERCULES S.A. FABRICA DE TALHERES.,Local name 'HERCULES S.A. FABRICA DE TALHERES' and Twelve Data name 'Hercules S.A.' have low similarity (0.545). No official evidence provided.,No official evidence to confirm identity.
B3::INLG11,INLG11,B3,twelvedata_name_mismatch,uncertain,needs_official_evidence,needs_official_evidence,0.3,Official issuer name and security type from B3 filings or prospectus to confirm if Inter Logistico Fundo de Investimento Imobiliário is the same as INTER LOGÍSTICO FII RESP LIM.,Local name 'INTER LOGÍSTICO FII RESP LIM' and Twelve Data name 'Inter Logistico Fundo de Investimento Imobiliário' have low similarity (0.545). No official evidence provided.,No official evidence to confirm identity.
B3::MAXR11,MAXR11,B3,twelvedata_name_mismatch,uncertain,needs_official_evidence,needs_official_evidence,0.3,Official issuer name and security type from B3 filings or prospectus to confirm if FII Max Retail Fund is the same as FDO INV IMOB - FII MAX RETAIL RESP LIM.,Local name 'FDO INV IMOB - FII MAX RETAIL RESP LIM' and Twelve Data name 'FII Max Retail Fund' have low similarity (0.545). No official evidence provided.,No official evidence to confirm identity.
B3::VINO11,VINO11,B3,twelvedata_name_mismatch,uncertain,needs_official_evidence,needs_official_evidence,0.3,Official issuer name and security type from B3 filings or prospectus to confirm if Vinci Offices Fundo de Investimento Imobiliário - FII is the same as VINCI OFFICES FII RESP LIM.,Local name 'VINCI OFFICES FII RESP LIM' and Twelve Data name 'Vinci Offices Fundo de Investimento Imobiliário - FII' have low similarity (0.545). No official evidence provided.,No official evidence to confirm identity.
HKEX::01073,01073,HKEX,twelvedata_name_mismatch,uncertain,needs_official_evidence,needs_official_evidence,0.3,Official issuer name and security type from HKEX filings or prospectus to confirm if Da Yu Financial Holdings Ltd. is the same as DA YU FIN.,Local name 'DA YU FIN' and Twelve Data name 'Da Yu Financial Holdings Ltd.' have low similarity (0.545). No official evidence provided.,No official evidence to confirm identity.
HKEX::01079,01079,HKEX,twelvedata_name_mismatch,uncertain,needs_official_evidence,needs_official_evidence,0.3,Official issuer name and security type from HKEX filings or prospectus to confirm if Pine Technology Holdings Ltd. is the same as PINE TECH.,Local name 'PINE TECH' and Twelve Data name 'Pine Technology Holdings Ltd.' have low similarity (0.545). No official evidence provided.,No official evidence to confirm identity.
HKEX::01335,01335,HKEX,twelvedata_name_mismatch,uncertain,needs_official_evidence,needs_official_evidence,0.3,"Official issuer name from HKEX filings or corporate registry to confirm if 'Sheen Tai Holdings Group Co., Ltd.' is the same as 'SHEEN TAI'.",Low name similarity (0.545) but both names share 'Sheen Tai'. No official evidence provided to confirm identity.,No official evidence to confirm match or mismatch.
HKEX::01448,01448,HKEX,twelvedata_name_mismatch,uncertain,needs_official_evidence,needs_official_evidence,0.3,Official issuer name from HKEX filings or corporate registry to confirm if 'Fu Shou Yuan International Group Ltd.' is the same as 'FU SHOU YUAN'.,Low name similarity (0.545) but both names share 'Fu Shou Yuan'. No official evidence provided.,No official evidence to confirm match or mismatch.
HKEX::01629,01629,HKEX,twelvedata_name_mismatch,uncertain,needs_official_evidence,needs_official_evidence,0.3,Official issuer name from HKEX filings or corporate registry to confirm if 'Champion Alliance International Holdings Ltd.' is the same as 'CHAMP ALLI INTL'.,Low name similarity (0.545) but 'CHAMP ALLI INTL' is a plausible abbreviation. No official evidence provided.,No official evidence to confirm match or mismatch.
HKEX::01745,01745,HKEX,twelvedata_name_mismatch,uncertain,needs_official_evidence,needs_official_evidence,0.3,Official issuer name from HKEX filings or corporate registry to confirm if 'Lvji Technology Holdings Inc.' is the same as 'LVJI TECH'.,Low name similarity (0.545) but 'LVJI TECH' is a plausible abbreviation. No official evidence provided.,No official evidence to confirm match or mismatch.
HKEX::02126,02126,HKEX,twelvedata_name_mismatch,uncertain,needs_official_evidence,needs_official_evidence,0.3,Official issuer name from HKEX filings or corporate registry to confirm if 'JW (Cayman) Therapeutics Co. Ltd.' is the same as 'JW THERAP-B'.,Low name similarity (0.545) but 'JW THERAP-B' likely refers to JW Therapeutics. No official evidence provided.,No official evidence to confirm match or mismatch.
HKEX::02137,02137,HKEX,twelvedata_name_mismatch,uncertain,needs_official_evidence,needs_official_evidence,0.3,Official issuer name from HKEX filings or corporate registry to confirm if 'Brii Biosciences Ltd.' is the same as 'BRII-B'.,Low name similarity (0.545) but 'BRII-B' likely refers to Brii Biosciences. No official evidence provided.,No official evidence to confirm match or mismatch.
HKEX::02170,02170,HKEX,twelvedata_name_mismatch,uncertain,needs_official_evidence,needs_official_evidence,0.3,Official issuer name from HKEX filings or corporate registry to confirm if 'Suzhou Basecare Medical Corp. Ltd.' is the same as 'BASECARE-B'.,Low name similarity (0.545) but 'BASECARE-B' likely refers to Basecare Medical. No official evidence provided.,No official evidence to confirm match or mismatch.
HKEX::02262,02262,HKEX,twelvedata_name_mismatch,uncertain,needs_official_evidence,needs_official_evidence,0.3,Official issuer name from HKEX filings or corporate registry to confirm if 'Steve Leung Design Group Ltd.' is the same as 'SLD GROUP'.,Low name similarity (0.545) but 'SLD GROUP' is a plausible abbreviation. No official evidence provided.,No official evidence to confirm match or mismatch.
HKEX::02569,02569,HKEX,twelvedata_name_mismatch,uncertain,needs_official_evidence,needs_official_evidence,0.3,Official issuer name from HKEX filings or corporate registry to confirm if 'Soft International Group Ltd.' is the same as 'SOFT INTL'.,Low name similarity (0.545) but 'SOFT INTL' is a plausible abbreviation. No official evidence provided.,No official evidence to confirm match or mismatch.
HKEX::02589,02589,HKEX,twelvedata_name_mismatch,uncertain,needs_official_evidence,needs_official_evidence,0.3,"Official issuer name from HKEX filings or corporate registry to confirm if 'Auntea Jenny (Shanghai) Industrial Co., Ltd.' is the same as 'AUNTEA JENNY'.",Low name similarity (0.545) but 'AUNTEA JENNY' is a plausible abbreviation. No official evidence provided.,No official evidence to confirm match or mismatch.
HKEX::02610,02610,HKEX,twelvedata_name_mismatch,uncertain,needs_official_evidence,needs_official_evidence,0.3,Official issuer name from HKEX filings or corporate registry to confirm if 'Nanshan Aluminium International Holdings Limited' is the same as 'NANSHAN AL INTL'.,Low name similarity (0.545) but 'NANSHAN AL INTL' is a plausible abbreviation. No official evidence provided.,No official evidence to confirm match or mismatch.
HKEX::08178,08178,HKEX,twelvedata_name_mismatch,uncertain,needs_official_evidence,needs_official_evidence,0.3,Official issuer name from HKEX filings or corporate registry to confirm if 'China Information Technology Development Ltd.' is the same as 'CHINA INFO TECH'.,Low name similarity (0.545) but 'CHINA INFO TECH' is a plausible abbreviation. No official evidence provided.,No official evidence to confirm match or mismatch.
HKEX::08445,08445,HKEX,twelvedata_name_mismatch,uncertain,needs_official_evidence,needs_official_evidence,0.3,Official issuer name from HKEX filings or corporate registry to confirm if 'Noble Engineering Group Holdings Ltd.' is the same as 'NOBLE ENG GP'.,Low name similarity (0.545) but 'NOBLE ENG GP' is a plausible abbreviation. No official evidence provided.,No official evidence to confirm match or mismatch.
HKEX::09618,09618,HKEX,twelvedata_name_mismatch,uncertain,needs_official_evidence,needs_official_evidence,0.3,"Official issuer name from HKEX filings or corporate registry to confirm if 'JD.com, Inc.' is the same as 'JD-SW'.",Low name similarity (0.545) but 'JD-SW' likely refers to JD.com secondary listing. No official evidence provided.,No official evidence to confirm match or mismatch.
LSE::54GW,54GW,LSE,twelvedata_name_mismatch,uncertain,needs_official_evidence,needs_official_evidence,0.3,"Official issuer name from LSE filings or corporate registry to confirm if 'Fuller Smith & Turner Preferred Stock Series A 8% Perpetual' is the same as 'FULLER,SMITH & TURNER PLC 8% 2ND CUM PRF #1'.",Low name similarity (0.545) but both refer to preferred stock of Fuller Smith & Turner. No official evidence provided.,No official evidence to confirm match or mismatch.
B3::FAMB11,FAMB11,B3,twelvedata_name_mismatch,uncertain,needs_official_evidence,needs_official_evidence,0.3,Official issuer name from B3 filings or corporate registry to confirm if 'Fundo de Investimento Imobiliário Edifício Almirante Barroso' is the same as 'FII EDIF. ALMIRANTE BARROSO RESP LIM'.,Low name similarity (0.547) but both refer to same real estate fund. No official evidence provided.,No official evidence to confirm match or mismatch.
B3::XPCI11,XPCI11,B3,twelvedata_name_mismatch,uncertain,needs_official_evidence,needs_official_evidence,0.3,Official issuer name from B3 filings or corporate registry to confirm if 'XP Credito Imobiliario Fundo de Investimento Imobiliario - FII' is the same as 'XP CREDITO IMOBILIÁRIO - FII RESP LIM'.,Low name similarity (0.547) but both refer to same real estate fund. No official evidence provided.,No official evidence to confirm match or mismatch.
HKEX::01182,01182,HKEX,twelvedata_name_mismatch,uncertain,needs_official_evidence,needs_official_evidence,0.3,Official issuer name from HKEX filings or corporate registry to confirm if 'Success Dragon International Holdings Ltd.' is the same as 'SUCCESS DRAGON'.,Low name similarity (0.549) but 'SUCCESS DRAGON' is a plausible abbreviation. No official evidence provided.,No official evidence to confirm match or mismatch.
HKEX::01522,01522,HKEX,twelvedata_name_mismatch,uncertain,needs_official_evidence,needs_official_evidence,0.3,Official issuer name from HKEX filings or corporate registry to confirm if 'BII Railway Transportation Technology Inc.' is the same as 'BII TRANS TECH'.,Low name similarity (0.549) but 'BII TRANS TECH' is a plausible abbreviation. No official evidence provided.,No official evidence to confirm match or mismatch.
HKEX::01871,01871,HKEX,twelvedata_name_mismatch,uncertain,needs_official_evidence,needs_official_evidence,0.3,Official issuer name from HKEX filings or corporate registry to confirm if 'China Oriented International Holdings Ltd.' is the same as 'CHINA ORIENTED'.,Low name similarity (0.549) but 'CHINA ORIENTED' is a plausible abbreviation. No official evidence provided.,No official evidence to confirm match or mismatch.
HKEX::02199,02199,HKEX,twelvedata_name_mismatch,uncertain,needs_official_evidence,needs_official_evidence,0.3,Official corporate filings or exchange listing documents confirming whether 'Regina Miracle International Holdings Ltd.' is the same entity as 'REGINA MIRACLE'.,Low name similarity (0.549) and no official evidence provided. The local name is an abbreviation; the full name may match but cannot be confirmed without official sources.,No official evidence to confirm identity.
HKEX::09903,09903,HKEX,twelvedata_name_mismatch,uncertain,needs_official_evidence,needs_official_evidence,0.3,"Official corporate filings or exchange listing documents confirming whether 'Shanghai Iluvatar CoreX Semiconductor Co., Ltd.' is the same entity as 'ILUVATAR COREX'.",Low name similarity (0.549) and no official evidence provided. The local name is an abbreviation; the full name may match but cannot be confirmed without official sources.,No official evidence to confirm identity.
HKEX::09979,09979,HKEX,twelvedata_name_mismatch,uncertain,needs_official_evidence,needs_official_evidence,0.3,Official corporate filings or exchange listing documents confirming whether 'Greentown Management Holdings Company Limited' is the same entity as 'GREENTOWN MGMT'.,Low name similarity (0.549) and no official evidence provided. The local name is an abbreviation; the full name may match but cannot be confirmed without official sources.,No official evidence to confirm identity.
TSE::50765,50765,TSE,twelvedata_name_mismatch,uncertain,needs_official_evidence,needs_official_evidence,0.3,Official exchange or regulatory filings confirming whether 'Infroneer Holdings Inc. Series 1 Bond-Type Class Preferred Shares' is the same security as 'Series 1 Bond-Type Class Shares of INFRONEER Holdings Inc.'.,Low name similarity (0.549) and no official evidence provided. The names appear to describe the same security but official confirmation is needed.,No official evidence to confirm identity.
BSE_IN::MPFSL,MPFSL,BSE_IN,twelvedata_name_mismatch,uncertain,needs_official_evidence,needs_official_evidence,0.3,Official corporate filings or exchange listing documents confirming whether 'Mather & Platt Fire Systems Limited' is the same entity as 'MPF Systems Ltd'.,Low name similarity (0.55) and no official evidence provided. The names differ significantly; possible name change or different entity.,No official evidence to confirm identity.
HKEX::02577,02577,HKEX,twelvedata_name_mismatch,uncertain,needs_official_evidence,needs_official_evidence,0.3,"Official corporate filings or exchange listing documents confirming whether 'InnoScience Suzhou Technology Co., Ltd.' is the same entity as 'INNOSCIENCE'.",Low name similarity (0.55) and no official evidence provided. The local name is an abbreviation; the full name may match but cannot be confirmed without official sources.,No official evidence to confirm identity.
HKEX::02738,02738,HKEX,twelvedata_name_mismatch,uncertain,needs_official_evidence,needs_official_evidence,0.3,Official corporate filings or exchange listing documents confirming whether 'Huajin International Holdings Ltd.' is the same entity as 'HUAJIN INTL'.,Low name similarity (0.55) and no official evidence provided. The local name is an abbreviation; the full name may match but cannot be confirmed without official sources.,No official evidence to confirm identity.
HKEX::06828,06828,HKEX,twelvedata_name_mismatch,uncertain,needs_official_evidence,needs_official_evidence,0.3,Official corporate filings or exchange listing documents confirming whether 'Beijing Gas Blue Sky Holdings Limited' is the same entity as 'BG BLUE SKY'.,Low name similarity (0.55) and no official evidence provided. The local name is an abbreviation; the full name may match but cannot be confirmed without official sources.,No official evidence to confirm identity.
HKEX::06969,06969,HKEX,twelvedata_name_mismatch,uncertain,needs_official_evidence,needs_official_evidence,0.3,Official corporate filings or exchange listing documents confirming whether 'Smoore International Holdings Limited' is the same entity as 'SMOORE INTL'.,Low name similarity (0.55) and no official evidence provided. The local name is an abbreviation; the full name may match but cannot be confirmed without official sources.,No official evidence to confirm identity.
HKEX::08629,08629,HKEX,twelvedata_name_mismatch,uncertain,needs_official_evidence,needs_official_evidence,0.3,"Official corporate filings or exchange listing documents confirming whether 'Guangdong Syntrust Gk Testing Co., Ltd.' is the same entity as 'SYNTRUST GK'.",Low name similarity (0.55) and no official evidence provided. The local name is an abbreviation; the full name may match but cannot be confirmed without official sources.,No official evidence to confirm identity.
LSE::0MG2,0MG2,LSE,twelvedata_name_mismatch,uncertain,needs_official_evidence,needs_official_evidence,0.3,Official corporate filings or exchange listing documents confirming whether 'Heidelberg Materials AG' is the same entity as 'Heidelbergcement AG O.N.'.,"Low name similarity (0.55) and no official evidence provided. The names suggest a possible name change, but official confirmation is needed.",No official evidence to confirm identity.
LSE::0MHZ,0MHZ,LSE,twelvedata_name_mismatch,uncertain,needs_official_evidence,needs_official_evidence,0.3,Official corporate filings or exchange listing documents confirming whether 'SSAB AB (publ) Class B shares' is the same security as 'SSAB AB ser. B'.,Low name similarity (0.55) and no official evidence provided. The names appear to describe the same security but official confirmation is needed.,No official evidence to confirm identity.
B3::BRCO11,BRCO11,B3,twelvedata_name_mismatch,uncertain,needs_official_evidence,needs_official_evidence,0.3,Official exchange or regulatory filings confirming whether 'Bresco Fundo de Investimento Imobiliário' is the same entity as 'BRESCO LOGÍSTICA - FDO INV IMOB'.,Low name similarity (0.551) and no official evidence provided. The names differ; possible abbreviation or different fund.,No official evidence to confirm identity.
ASX::LNW,LNW,ASX,twelvedata_name_mismatch,uncertain,needs_official_evidence,needs_official_evidence,0.3,"Official exchange or corporate filings confirming whether 'Light & Wonder, Inc. Chess Depositary Interest' is the same security as 'LIGHT & WONDER INC.'.",Low name similarity (0.552) and no official evidence provided. The names appear to refer to the same company but with different security descriptions; official confirmation needed.,No official evidence to confirm identity.
B3::XPIN11,XPIN11,B3,twelvedata_name_mismatch,uncertain,needs_official_evidence,needs_official_evidence,0.3,Official exchange or regulatory filings confirming whether 'XP Industria FII Mutual Fund' is the same entity as 'XP INDUSTRIAL FDO INV IMOB - FII'.,Low name similarity (0.552) and no official evidence provided. The names differ; possible abbreviation or different fund.,No official evidence to confirm identity.
BSE_IN::VIRAT,VIRAT,BSE_IN,twelvedata_name_mismatch,uncertain,needs_official_evidence,needs_official_evidence,0.3,Official corporate filings or exchange listing documents confirming whether 'Virat Leasing Ltd.' is the same entity as 'Virat Industries Ltd'.,Low name similarity (0.552) and no official evidence provided. The names differ significantly; possible name change or different entity.,No official evidence to confirm identity.
HKEX::01971,01971,HKEX,twelvedata_name_mismatch,uncertain,needs_official_evidence,needs_official_evidence,0.3,Official corporate filings or exchange listing documents confirming whether 'Redsun Services Group Ltd.' is the same entity as 'RSUN SER'.,Low name similarity (0.552) and no official evidence provided. The local name is an abbreviation; the full name may match but cannot be confirmed without official sources.,No official evidence to confirm identity.
HKEX::02269,02269,HKEX,twelvedata_name_mismatch,uncertain,needs_official_evidence,needs_official_evidence,0.3,Official corporate filings or exchange listing documents confirming whether 'Wuxi Biologics (Cayman) Inc.' is the same entity as 'WUXI BIO'.,Low name similarity (0.552) and no official evidence provided. The local name is an abbreviation; the full name may match but cannot be confirmed without official sources.,No official evidence to confirm identity.
HKEX::06818,06818,HKEX,twelvedata_name_mismatch,uncertain,needs_official_evidence,needs_official_evidence,0.3,"Official corporate filings or exchange listing documents confirming whether 'China Everbright Bank Co., Ltd.' is the same entity as 'CEB BANK'.",Low name similarity (0.552) and no official evidence provided. The local name is an abbreviation; the full name may match but cannot be confirmed without official sources.,No official evidence to confirm identity.
LSE::0RHM,0RHM,LSE,twelvedata_name_mismatch,uncertain,needs_official_evidence,needs_official_evidence,0.3,Official corporate filings or exchange listing documents confirming whether 'Avarda Bank AB (publ)' is the same entity as 'TF Bank AB'.,Low name similarity (0.552) and no official evidence provided. The names differ significantly; possible name change or different entity.,No official evidence to confirm identity.
LSE::76ID,76ID,LSE,twelvedata_name_mismatch,uncertain,needs_official_evidence,needs_official_evidence,0.3,"Official documents (e.g., prospectus, regulatory filing) to confirm whether the 9.5% Perpetual Preferred Stock is the same security as the 9 1/2% Cum Prf #1.","Name similarity is low (0.552). Local name mentions '9 1/2% CUM PRF #1' while Twelve Data uses '9.5% Perpetual Preferred Stock'. Both refer to preferred stock, but the exact terms may differ. No official evidence provided to confirm identity.",Insufficient evidence to confirm same security; potential difference in coupon rate or terms.
TSE::7928,7928,TSE,twelvedata_name_mismatch,uncertain,needs_official_evidence,needs_official_evidence,0.3,"Official corporate registry or listing documents to confirm if 'Asahi Kagaku Kogyo Co., Ltd.' is the former name of 'Asahi Kasei Corp.' or a different entity.","Name similarity is low (0.552). Local name is 'ASAHI KAGAKU KOGYO CO.,LTD.' while Twelve Data uses 'Asahi Kasei Corp.'. Asahi Kasei is a known company, but the local name suggests a different legal entity. No official evidence of name change or equivalence.",Potential different entity; no evidence of name change.
B3::CEGR3,CEGR3,B3,twelvedata_name_mismatch,uncertain,needs_official_evidence,needs_official_evidence,0.3,Official B3 listing documents or corporate filings to confirm if 'CIA DISTRIB DE GAS DO RIO DE JANEIRO-CEG' is the same as 'CIA Distribuidora de Gás Natural S.A.'.,"Name similarity is low (0.553). Local name includes 'CEG' and 'Rio de Janeiro', while Twelve Data uses a broader name. Could be a subsidiary or different entity. No official evidence provided.",Potential different legal entity; insufficient evidence.
HKEX::01226,01226,HKEX,twelvedata_name_mismatch,uncertain,needs_official_evidence,needs_official_evidence,0.3,Official HKEX listing documents or corporate registry to confirm if 'CH INV FIN GP' is the abbreviated name for 'China Investment & Finance Group Ltd.'.,"Name similarity is low (0.553). Local name is an abbreviation, while Twelve Data provides full name. Likely the same entity, but no official evidence to confirm the abbreviation mapping.",Abbreviation not officially verified.
HKEX::01598,01598,HKEX,twelvedata_name_mismatch,uncertain,needs_official_evidence,needs_official_evidence,0.3,Official HKEX listing documents to confirm if '21CENTURY EDU' is the short name for 'China 21st Century Education Group Limited'.,"Name similarity is low (0.553). Local name is abbreviated, Twelve Data provides full name. Likely same entity, but no official evidence.",Abbreviation not officially confirmed.
HKEX::02099,02099,HKEX,twelvedata_name_mismatch,uncertain,needs_official_evidence,needs_official_evidence,0.3,Official HKEX listing documents to confirm if 'CHINAGOLDINTL' is the short name for 'China Gold International Resources Corp. Ltd.'.,"Name similarity is low (0.553). Local name is an abbreviation, Twelve Data provides full name. Likely same entity, but no official evidence.",Abbreviation not officially verified.
HKEX::02393,02393,HKEX,twelvedata_name_mismatch,uncertain,needs_official_evidence,needs_official_evidence,0.3,Official HKEX listing documents to confirm if 'YESTAR HEALTH' is the short name for 'Yestar Healthcare Holdings Company Limited'.,"Name similarity is low (0.553). Local name is abbreviated, Twelve Data provides full name. Likely same entity, but no official evidence.",Abbreviation not officially confirmed.
HKEX::03839,03839,HKEX,twelvedata_name_mismatch,uncertain,needs_official_evidence,needs_official_evidence,0.3,Official HKEX listing documents to confirm if 'CT ENTERPRISE' is the short name for 'Chia Tai Enterprises International Ltd.'.,"Name similarity is low (0.553). Local name is abbreviated, Twelve Data provides full name. Likely same entity, but no official evidence.",Abbreviation not officially verified.
HKEX::03963,03963,HKEX,twelvedata_name_mismatch,uncertain,needs_official_evidence,needs_official_evidence,0.3,Official HKEX listing documents to confirm if 'RONGZHONG FIN' is the short name for 'China Rongzhong Financial Holdings Ltd.'.,"Name similarity is low (0.553). Local name is abbreviated, Twelve Data provides full name. Likely same entity, but no official evidence.",Abbreviation not officially confirmed.
HKEX::08426,08426,HKEX,twelvedata_name_mismatch,uncertain,needs_official_evidence,needs_official_evidence,0.3,Official HKEX listing documents to confirm if 'MODERN LIVING' is the short name for 'Modern Living Investments Holdings Ltd.'.,"Name similarity is low (0.553). Local name is abbreviated, Twelve Data provides full name. Likely same entity, but no official evidence.",Abbreviation not officially verified.
B3::EDFO11,EDFO11,B3,twelvedata_name_mismatch,uncertain,needs_official_evidence,needs_official_evidence,0.3,Official B3 fund documents to confirm if 'FII EDIFÍCIO OURINVEST RESP LIM' is the same as 'Edificio Ourinvest Fundo de Investimento Imobiliário'.,"Name similarity is low (0.554). Local name includes 'FII' and 'RESP LIM', while Twelve Data uses a different structure. Could be the same fund, but no official evidence.",Potential different fund structure; insufficient evidence.
B3::DOHL4,DOHL4,B3,twelvedata_name_mismatch,uncertain,needs_official_evidence,needs_official_evidence,0.3,Official B3 listing documents to confirm if 'DOHLER S.A.' is the same as 'Dohler S.A. Preferred Stock'.,"Name similarity is low (0.556). Local name does not specify 'Preferred Stock', while Twelve Data does. Could be the same company but different share class. No official evidence.",Potential different share class; insufficient evidence.
BSE_IN::DMR,DMR,BSE_IN,twelvedata_name_mismatch,uncertain,needs_official_evidence,needs_official_evidence,0.3,Official BSE listing documents or corporate registry to confirm if 'DMR Engineering Ltd' is the same as 'DMR Hydroengineering & Infrastructure Ltd.'.,"Name similarity is low (0.556). Local name is 'DMR Engineering Ltd', Twelve Data uses 'DMR Hydroengineering & Infrastructure Ltd.'. Could be a name change or different entity. No official evidence.",Potential different entity or name change; no evidence.
HKEX::01228,01228,HKEX,twelvedata_name_mismatch,uncertain,needs_official_evidence,needs_official_evidence,0.3,Official HKEX listing documents to confirm if 'CANBRIDGE-B' is the short name for 'Canbridge Pharmaceuticals Inc.'.,"Name similarity is low (0.556). Local name includes '-B' suffix, Twelve Data does not. Could be a different share class. No official evidence.",Potential different share class; insufficient evidence.
HKEX::01597,01597,HKEX,twelvedata_name_mismatch,uncertain,needs_official_evidence,needs_official_evidence,0.3,Official HKEX listing documents to confirm if 'NATURE ENERGY T' is the short name for 'China Nature Energy Technology Holdings Limited'.,"Name similarity is low (0.556). Local name is abbreviated, Twelve Data provides full name. Likely same entity, but no official evidence.",Abbreviation not officially confirmed.
HKEX::02386,02386,HKEX,twelvedata_name_mismatch,uncertain,needs_official_evidence,needs_official_evidence,0.3,Official HKEX listing documents to confirm if 'SINOPEC SEG' is the short name for 'Sinopec Engineering Group Co. Ltd.'.,"Name similarity is low (0.556). Local name is abbreviated, Twelve Data provides full name. Likely same entity, but no official evidence.",Abbreviation not officially verified.
HKEX::02450,02450,HKEX,twelvedata_name_mismatch,uncertain,needs_official_evidence,needs_official_evidence,0.3,"Official HKEX listing documents to confirm if 'HUAIBEI GD CO' is the short name for 'Huaibei Greengold Industry Co., Ltd.'.","Name similarity is low (0.556). Local name is abbreviated, Twelve Data provides full name. Likely same entity, but no official evidence.",Abbreviation not officially confirmed.
HKEX::02596,02596,HKEX,twelvedata_name_mismatch,uncertain,needs_official_evidence,needs_official_evidence,0.3,"Official HKEX listing documents to confirm if 'YIBIN BANK' is the short name for 'Yibin City Commercial Bank Co., Ltd.'.","Name similarity is low (0.556). Local name is abbreviated, Twelve Data provides full name. Likely same entity, but no official evidence.",Abbreviation not officially verified.
HKEX::02683,02683,HKEX,twelvedata_name_mismatch,uncertain,needs_official_evidence,needs_official_evidence,0.3,Official HKEX listing documents to confirm if 'WAHSUN HANDBAGS' is the short name for 'Wah Sun Handbags International Holdings Limited'.,"Name similarity is low (0.556). Local name is abbreviated, Twelve Data provides full name. Likely same entity, but no official evidence.",Abbreviation not officially confirmed.
HKEX::06133,06133,HKEX,twelvedata_name_mismatch,uncertain,needs_official_evidence,needs_official_evidence,0.3,Official HKEX listing documents to confirm if 'VITAL INNO' is the short name for 'Vital Innovations Holdings Ltd.'.,"Name similarity is low (0.556). Local name is abbreviated, Twelve Data provides full name. Likely same entity, but no official evidence.",Abbreviation not officially verified.
HKEX::06623,06623,HKEX,twelvedata_name_mismatch,uncertain,needs_official_evidence,needs_official_evidence,0.3,Official issuer name from HKEX filings or prospectus to confirm if 'Lufax Holding Ltd.' is the same as 'LUFAX'.,Name similarity is low (0.556). Local name 'LUFAX' is an abbreviation; TwelveData name is full legal name. No official evidence provided to confirm they refer to the same security.,No official evidence to confirm identity.
HKEX::09698,09698,HKEX,twelvedata_name_mismatch,uncertain,needs_official_evidence,needs_official_evidence,0.3,Official issuer name from HKEX filings or prospectus to confirm if 'GDS Holdings Ltd.' is the same as 'GDS-SW'.,Name similarity is low (0.556). Local name 'GDS-SW' includes suffix '-SW' possibly indicating secondary listing; TwelveData name is full legal name. No official evidence provided.,No official evidence to confirm identity.
LSE::RICO,RICO,LSE,twelvedata_name_mismatch,uncertain,needs_official_evidence,needs_official_evidence,0.3,"Official issuer name from LSE filings or company registry to confirm if 'Ricoh Company, Ltd.' is the same as 'Ricoh Co. Ltd.'.","Name similarity is low (0.556). Local name 'Ricoh Co. Ltd.' and TwelveData name 'Ricoh Company, Ltd.' are minor variations but no official evidence provided.",No official evidence to confirm identity.
TSE::220A,220A,TSE,twelvedata_name_mismatch,uncertain,needs_official_evidence,needs_official_evidence,0.3,Official issuer name from TSE filings or Japanese company registry to confirm if 'Faber Co Inc.' is the same as 'Faber Company Inc.'.,Name similarity is low (0.556). Local name 'Faber Company Inc.' and TwelveData name 'Faber Co Inc.' are minor variations but no official evidence provided.,No official evidence to confirm identity.
TSE::2435,2435,TSE,twelvedata_name_mismatch,uncertain,needs_official_evidence,needs_official_evidence,0.3,"Official issuer name from TSE filings or Japanese company registry to confirm if 'Cedar Company Ltd.' is the same as 'CEDAR.Co.,Ltd'.","Name similarity is low (0.556). Local name 'CEDAR.Co.,Ltd' and TwelveData name 'Cedar Company Ltd.' are minor variations but no official evidence provided.",No official evidence to confirm identity.
TSE::3452,3452,TSE,twelvedata_name_mismatch,uncertain,needs_official_evidence,needs_official_evidence,0.3,"Official issuer name from TSE filings or Japanese company registry to confirm if 'B-Lot Co., Ltd.' is the same as 'B-Lot Company Limited'.","Name similarity is low (0.556). Local name 'B-Lot Company Limited' and TwelveData name 'B-Lot Co., Ltd.' are minor variations but no official evidence provided.",No official evidence to confirm identity.
TSE::4061,4061,TSE,twelvedata_name_mismatch,uncertain,needs_official_evidence,needs_official_evidence,0.3,"Official issuer name from TSE filings or Japanese company registry to confirm if 'Denka Co., Ltd.' is the same as 'Denka Company Limited'.","Name similarity is low (0.556). Local name 'Denka Company Limited' and TwelveData name 'Denka Co., Ltd.' are minor variations but no official evidence provided.",No official evidence to confirm identity.
TSE::6837,6837,TSE,twelvedata_name_mismatch,uncertain,needs_official_evidence,needs_official_evidence,0.3,"Official issuer name from TSE filings or Japanese company registry to confirm if 'Kyoei Sangyo Co., Ltd.' is the same as 'KYOSHA CO.,LTD.'.","Name similarity is low (0.556). Local name 'KYOSHA CO.,LTD.' and TwelveData name 'Kyoei Sangyo Co., Ltd.' appear to be different companies; no official evidence provided.",No official evidence to confirm identity.
B3::PATL11,PATL11,B3,twelvedata_name_mismatch,uncertain,needs_official_evidence,needs_official_evidence,0.3,Official issuer name from B3 filings or Brazilian CVM to confirm if 'Patria Logística Fundo de Investimento Imobiliário' is the same as 'PÁTRIA LOGÍSTICA FII RESP LIM'.,Name similarity is low (0.557). Local name is abbreviated; TwelveData name is full legal name. No official evidence provided.,No official evidence to confirm identity.
B3::VIUR11,VIUR11,B3,twelvedata_name_mismatch,uncertain,needs_official_evidence,needs_official_evidence,0.3,Official issuer name from B3 filings or Brazilian CVM to confirm if 'Vinci Infraestrutura FIA-IE' is the same as 'VINCI IMÓVEIS URBANOS FII RESP LIM'.,Name similarity is low (0.557). Local name and TwelveData name appear to refer to different funds; no official evidence provided.,No official evidence to confirm identity.
B3::PINE4,PINE4,B3,twelvedata_name_mismatch,uncertain,needs_official_evidence,needs_official_evidence,0.3,Official issuer name from B3 filings or Brazilian CVM to confirm if 'Banco Pine S.A. Preferred Shares' is the same as 'BCO PINE S.A.'.,Name similarity is low (0.558). Local name 'BCO PINE S.A.' is an abbreviation; TwelveData name includes 'Preferred Shares'. No official evidence provided.,No official evidence to confirm identity.
HKEX::03798,03798,HKEX,twelvedata_name_mismatch,uncertain,needs_official_evidence,needs_official_evidence,0.3,Official issuer name from HKEX filings or prospectus to confirm if 'Homeland Interactive Technology Ltd.' is the same as 'HOMELAND ITL'.,Name similarity is low (0.558). Local name 'HOMELAND ITL' is an abbreviation; TwelveData name is full legal name. No official evidence provided.,No official evidence to confirm identity.
HKEX::08111,08111,HKEX,twelvedata_name_mismatch,uncertain,needs_official_evidence,needs_official_evidence,0.3,Official issuer name from HKEX filings or prospectus to confirm if 'China Technology Industry Group Ltd.' is the same as 'CT IND GROUP'.,Name similarity is low (0.558). Local name 'CT IND GROUP' is an abbreviation; TwelveData name is full legal name. No official evidence provided.,No official evidence to confirm identity.
HKEX::08372,08372,HKEX,twelvedata_name_mismatch,uncertain,needs_official_evidence,needs_official_evidence,0.3,Official issuer name from HKEX filings or prospectus to confirm if 'Grand Brilliance Group Holdings Limited' is the same as 'GBG HOLDINGS'.,Name similarity is low (0.558). Local name 'GBG HOLDINGS' is an abbreviation; TwelveData name is full legal name. No official evidence provided.,No official evidence to confirm identity.
HKEX::08613,08613,HKEX,twelvedata_name_mismatch,uncertain,needs_official_evidence,needs_official_evidence,0.3,Official issuer name from HKEX filings or prospectus to confirm if 'Oriental Payment Group Holdings Limited' is the same as 'ORIENTAL PAY'.,Name similarity is low (0.558). Local name 'ORIENTAL PAY' is an abbreviation; TwelveData name is full legal name. No official evidence provided.,No official evidence to confirm identity.
HKEX::08620,08620,HKEX,twelvedata_name_mismatch,uncertain,needs_official_evidence,needs_official_evidence,0.3,Official issuer name from HKEX filings or prospectus to confirm if 'Asia-Express Logistics Holdings Ltd.' is the same as 'AE LOGISTICS'.,Name similarity is low (0.558). Local name 'AE LOGISTICS' is an abbreviation; TwelveData name is full legal name. No official evidence provided.,No official evidence to confirm identity.
LSE::79GL,79GL,LSE,twelvedata_name_mismatch,uncertain,needs_official_evidence,needs_official_evidence,0.3,Official issuer name from LSE filings or company registry to confirm if 'Caffyns plc Preferred Stock' is the same as 'CAFFYNS PLC 11% CUM PRF #1'.,Name similarity is low (0.558). Local name includes specific series details; TwelveData name is generic. No official evidence provided.,No official evidence to confirm identity.
LSE::ROQ,ROQ,LSE,twelvedata_name_mismatch,uncertain,needs_official_evidence,needs_official_evidence,0.3,Official issuer name from LSE filings or company registry to confirm if 'Roquefort Therapeutics plc' is the same as 'Roquefort Investments PLC'.,Name similarity is low (0.558). Local name 'Roquefort Investments PLC' and TwelveData name 'Roquefort Therapeutics plc' appear to be different companies; no official evidence provided.,No official evidence to confirm identity.
B3::NAVT11,NAVT11,B3,twelvedata_name_mismatch,uncertain,needs_official_evidence,needs_official_evidence,0.3,Official issuer name from B3 filings or Brazilian CVM to confirm if 'FII Navi Total Return Fund' is the same as 'NAVI IMOBILIÁRIO TOTAL RETURN FII RESP LIM'.,Name similarity is low (0.559). Local name is in Portuguese; TwelveData name is in English. No official evidence provided.,No official evidence to confirm identity.
B3::TORD11,TORD11,B3,twelvedata_name_mismatch,uncertain,needs_official_evidence,needs_official_evidence,0.3,Official issuer name from B3 filings or Brazilian CVM to confirm if 'Tordesilhas EI Fundo de Investimento Imobiliário' is the same as 'TORDESILHAS EI FII RESP LIM'.,Name similarity is low (0.56). Local name is abbreviated; TwelveData name is full legal name. No official evidence provided.,No official evidence to confirm identity.
HKEX::01001,01001,HKEX,twelvedata_name_mismatch,uncertain,needs_official_evidence,needs_official_evidence,0.3,Official issuer name from HKEX filings or company registry to confirm whether 'HK SH ALLIANCE' is a valid abbreviation for 'Hong Kong Shanghai Alliance Holdings Limited'.,Name similarity is low (0.56). Local name is an abbreviation; TwelveData name is full. No official evidence provided to confirm they refer to the same entity.,No official evidence to confirm match.
HKEX::01114,01114,HKEX,twelvedata_name_mismatch,uncertain,needs_official_evidence,needs_official_evidence,0.3,Official issuer name from HKEX filings or company registry to confirm whether 'BRILLIANCE CHI' is a valid abbreviation for 'Brilliance China Automotive Holdings Limited'.,Name similarity is low (0.56). Local name is an abbreviation; TwelveData name is full. No official evidence provided to confirm they refer to the same entity.,No official evidence to confirm match.
HKEX::02192,02192,HKEX,twelvedata_name_mismatch,uncertain,needs_official_evidence,needs_official_evidence,0.3,Official issuer name from HKEX filings or company registry to confirm whether 'MEDLIVE' is a valid abbreviation for 'Medlive Technology Co. Ltd.'.,Name similarity is low (0.56). Local name is an abbreviation; TwelveData name is full. No official evidence provided to confirm they refer to the same entity.,No official evidence to confirm match.
HKEX::02322,02322,HKEX,twelvedata_name_mismatch,uncertain,needs_official_evidence,needs_official_evidence,0.3,Official issuer name from HKEX filings or company registry to confirm whether 'MODERN INNO DT' is a valid abbreviation for 'Modern Innovative Digital Technology Inc.'.,Name similarity is low (0.56). Local name is an abbreviation; TwelveData name is full. No official evidence provided to confirm they refer to the same entity.,No official evidence to confirm match.
HKEX::02431,02431,HKEX,twelvedata_name_mismatch,uncertain,needs_official_evidence,needs_official_evidence,0.3,"Official issuer name from HKEX filings or company registry to confirm whether 'MINIEYE' is a valid abbreviation for 'Minieye Technology Co., Ltd.'.",Name similarity is low (0.56). Local name is an abbreviation; TwelveData name is full. No official evidence provided to confirm they refer to the same entity.,No official evidence to confirm match.
HKEX::02455,02455,HKEX,twelvedata_name_mismatch,uncertain,needs_official_evidence,needs_official_evidence,0.3,Official issuer name from HKEX filings or company registry to confirm whether 'RUNHUA SERVICE' is a valid abbreviation for 'Runhua Living Service Group Holdings Ltd.'.,Name similarity is low (0.56). Local name is an abbreviation; TwelveData name is full. No official evidence provided to confirm they refer to the same entity.,No official evidence to confirm match.
HKEX::03928,03928,HKEX,twelvedata_name_mismatch,uncertain,needs_official_evidence,needs_official_evidence,0.3,Official issuer name from HKEX filings or company registry to confirm whether 'CHINA NEXT-GEN' is a valid abbreviation for 'China Next-Gen Commerce and Holdings Ltd.'.,Name similarity is low (0.56). Local name is an abbreviation; TwelveData name is full. No official evidence provided to confirm they refer to the same entity.,No official evidence to confirm match.
HKEX::82333,82333,HKEX,twelvedata_name_mismatch,uncertain,needs_official_evidence,needs_official_evidence,0.3,"Official issuer name from HKEX filings or company registry to confirm whether 'GWMOTOR-R' is a valid abbreviation for 'Great Wall Motor Co., Ltd.' and whether the '-R' suffix indicates a different share class.",Name similarity is low (0.56). Local name includes '-R' suffix not in TwelveData name. No official evidence provided to confirm they refer to the same entity or share class.,No official evidence to confirm match.
LSE::0HA9,0HA9,LSE,twelvedata_name_mismatch,uncertain,needs_official_evidence,needs_official_evidence,0.3,"Official issuer name from LSE filings or company registry to confirm whether 'Indra A' is a valid abbreviation for 'Indra Sistemas, S.A.' and whether the 'A' suffix indicates a different share class.",Name similarity is low (0.56). Local name includes 'A' suffix not in TwelveData name. No official evidence provided to confirm they refer to the same entity or share class.,No official evidence to confirm match.
NSE_IN::GOLDBND,GOLDBND,NSE_IN,twelvedata_name_mismatch,uncertain,needs_official_evidence,needs_official_evidence,0.3,Official issuer name from NSE filings or company registry to confirm whether 'BANDHANAMC - GOLDBND' is a valid abbreviation for 'GOLDBND' and whether the local name includes a fund manager prefix.,Name similarity is low (0.56). Local name includes 'BANDHANAMC -' prefix not in TwelveData name. No official evidence provided to confirm they refer to the same security.,No official evidence to confirm match.
B3::AXIA6,AXIA6,B3,twelvedata_name_mismatch,uncertain,needs_official_evidence,needs_official_evidence,0.3,Official issuer name from B3 filings or company registry to confirm whether 'AXIA ENERGIA S.A.' is the same as 'Axia Energia S.A. Preferred Shares Class B' and whether the ticker AXIA6 corresponds to the preferred class.,Name similarity is low (0.561). TwelveData name includes 'Preferred Shares Class B' not in local name. No official evidence provided to confirm they refer to the same security.,No official evidence to confirm match.
HKEX::01442,01442,HKEX,twelvedata_name_mismatch,uncertain,needs_official_evidence,needs_official_evidence,0.3,Official issuer name from HKEX filings or company registry to confirm whether 'INFINITY L&T' is a valid abbreviation for 'Infinity Logistics & Transport Ventures Limited'.,Name similarity is low (0.561). Local name is an abbreviation; TwelveData name is full. No official evidence provided to confirm they refer to the same entity.,No official evidence to confirm match.
LSE::0M42,0M42,LSE,twelvedata_name_mismatch,uncertain,needs_official_evidence,needs_official_evidence,0.3,Official issuer name from LSE filings or company registry to confirm whether 'ASML Holding N.V.' is the same as 'ASML Holding N.V. New York Registry Shares' and whether the ticker 0M42 corresponds to the NYRS depositary receipt.,Name similarity is low (0.561). TwelveData name includes 'New York Registry Shares' not in local name. No official evidence provided to confirm they refer to the same security.,No official evidence to confirm match.
B3::FPAB11,FPAB11,B3,twelvedata_name_mismatch,uncertain,needs_official_evidence,needs_official_evidence,0.3,Official issuer name from B3 filings or company registry to confirm whether 'PROJETO ÁGUA BRANCA FII RESP LIM' is the same as 'Fi Imobiliário Projeto Água Branca' and whether the ticker FPAB11 corresponds to the REIT.,Name similarity is low (0.562). Local name includes 'FII RESP LIM' not in TwelveData name. No official evidence provided to confirm they refer to the same security.,No official evidence to confirm match.
HKEX::01431,01431,HKEX,twelvedata_name_mismatch,uncertain,needs_official_evidence,needs_official_evidence,0.3,Official issuer name from HKEX filings or company registry to confirm whether 'YST DAIRY' is a valid abbreviation for 'Yuanshengtai Dairy Farm Ltd.'.,Name similarity is low (0.562). Local name is an abbreviation; TwelveData name is full. No official evidence provided to confirm they refer to the same entity.,No official evidence to confirm match.
HKEX::01613,01613,HKEX,twelvedata_name_mismatch,uncertain,needs_official_evidence,needs_official_evidence,0.3,Official issuer name from HKEX filings or company registry to confirm whether 'SYNERTONE' is a valid abbreviation for 'Synertone Communication Corporation'.,Name similarity is low (0.562). Local name is an abbreviation; TwelveData name is full. No official evidence provided to confirm they refer to the same entity.,No official evidence to confirm match.
HKEX::02389,02389,HKEX,twelvedata_name_mismatch,uncertain,needs_official_evidence,needs_official_evidence,0.3,Official issuer name from HKEX filings or company registry to confirm whether 'BJ HEALTH' is a valid abbreviation for 'Beijing Health Holdings Ltd.'.,Name similarity is low (0.562). Local name is an abbreviation; TwelveData name is full. No official evidence provided to confirm they refer to the same entity.,No official evidence to confirm match.
HKEX::06618,06618,HKEX,twelvedata_name_mismatch,uncertain,needs_official_evidence,needs_official_evidence,0.3,Official issuer name from HKEX filings or company registry to confirm whether 'JD HEALTH' is a valid abbreviation for 'Jd Health International Inc.'.,Name similarity is low (0.562). Local name is an abbreviation; TwelveData name is full. No official evidence provided to confirm they refer to the same entity.,No official evidence to confirm match.
HKEX::08645,08645,HKEX,twelvedata_name_mismatch,uncertain,needs_official_evidence,needs_official_evidence,0.3,Official issuer name from HKEX filings or company registry to confirm whether 'BYTE META' is a valid abbreviation for 'Byte Metaverse Holdings Ltd.'.,Name similarity is low (0.562). Local name is an abbreviation; TwelveData name is full. No official evidence provided to confirm they refer to the same entity.,No official evidence to confirm match.
HKEX::82318,82318,HKEX,twelvedata_name_mismatch,uncertain,needs_official_evidence,needs_official_evidence,0.3,Official issuer name from HKEX filings or company registry to confirm whether 'PING AN-R' is a valid abbreviation for 'Ping An Insurance Group Co. Ltd.' and whether the '-R' suffix indicates a different share class.,Name similarity is low (0.562). Local name includes '-R' suffix not in TwelveData name. No official evidence provided to confirm they refer to the same entity or share class.,No official evidence to confirm match.
LSE::0NZY,0NZY,LSE,twelvedata_name_mismatch,uncertain,needs_official_evidence,needs_official_evidence,0.3,Official corporate action record confirming name change from 'Eckert & Ziegler Strahlen- und Medizintechnik AG' to 'Eckert & Ziegler SE' or evidence that these are distinct securities.,"Name similarity is low (0.562). The local name and Twelve Data name differ significantly. Without official evidence of a rename or a different security, cannot classify.",No official evidence of name change or security distinction.
LSE::0TD2,0TD2,LSE,twelvedata_name_mismatch,uncertain,needs_official_evidence,needs_official_evidence,0.3,Official documentation confirming that 'Eni S.p.A. Sponsored ADR' is the same security as 'Eni S.p.A.' or that they are distinct instruments.,Local name is 'Eni S.p.A.' while Twelve Data lists 'Eni S.p.A. Sponsored ADR' with type 'American Depositary Receipt'. This suggests a different security type. Need official evidence to confirm relationship.,No official evidence of equivalence or distinction.
LSE::AVON,AVON,LSE,twelvedata_name_mismatch,uncertain,needs_official_evidence,needs_official_evidence,0.3,Official corporate action record confirming name change from 'Avon Protection PLC' to 'Avon Technologies plc' or evidence that these are distinct securities.,"Name similarity is low (0.562). The local name and Twelve Data name differ. Without official evidence of a rename, cannot classify.",No official evidence of name change or security distinction.
B3::KISU11,KISU11,B3,twelvedata_name_mismatch,uncertain,needs_official_evidence,needs_official_evidence,0.3,Official documentation confirming that 'KILIMA FIC FDO. IMOB. SUNO 30' and 'Kilima Fundo de Investimento Imobiliário - FII Suno30' refer to the same REIT fund.,Name similarity is low (0.564). The local name is abbreviated while Twelve Data provides a fuller name. Need official evidence to confirm they are the same security.,No official evidence of equivalence.
HKEX::01173,01173,HKEX,twelvedata_name_mismatch,uncertain,needs_official_evidence,needs_official_evidence,0.3,Official corporate action record confirming that 'VEEKO INT'L' is the same as 'Veeko International Holdings Limited' or evidence of a name change.,"Name similarity is low (0.564). Local name is abbreviated, Twelve Data provides full name. Need official evidence to confirm they are the same entity.",No official evidence of equivalence.
HKEX::01183,01183,HKEX,twelvedata_name_mismatch,uncertain,needs_official_evidence,needs_official_evidence,0.3,Official corporate action record confirming that 'MECOM POWER' is the same as 'Mecom Power and Construction Ltd.' or evidence of a name change.,"Name similarity is low (0.564). Local name is abbreviated, Twelve Data provides full name. Need official evidence to confirm they are the same entity.",No official evidence of equivalence.
HKEX::01229,01229,HKEX,twelvedata_name_mismatch,uncertain,needs_official_evidence,needs_official_evidence,0.3,Official corporate action record confirming that 'NAN NAN RES' is the same as 'Nan Nan Resources Enterprise Limited' or evidence of a name change.,"Name similarity is low (0.564). Local name is abbreviated, Twelve Data provides full name. Need official evidence to confirm they are the same entity.",No official evidence of equivalence.
HKEX::01359,01359,HKEX,twelvedata_name_mismatch,uncertain,needs_official_evidence,needs_official_evidence,0.3,Official corporate action record confirming that 'CHINA CINDA' is the same as 'China Cinda Asset Management Co. Ltd.' or evidence of a name change.,"Name similarity is low (0.564). Local name is abbreviated, Twelve Data provides full name. Need official evidence to confirm they are the same entity.",No official evidence of equivalence.
HKEX::01566,01566,HKEX,twelvedata_name_mismatch,uncertain,needs_official_evidence,needs_official_evidence,0.3,Official corporate action record confirming that 'CA CULTURAL' is the same as 'Ca Cultural Technology Group Ltd.' or evidence of a name change.,"Name similarity is low (0.564). Local name is abbreviated, Twelve Data provides full name. Need official evidence to confirm they are the same entity.",No official evidence of equivalence.
HKEX::01647,01647,HKEX,twelvedata_name_mismatch,uncertain,needs_official_evidence,needs_official_evidence,0.3,Official corporate action record confirming that 'GRANDSHORES' is the same as 'Grandshores Technology Group Limited' or evidence of a name change.,"Name similarity is low (0.564). Local name is abbreviated, Twelve Data provides full name. Need official evidence to confirm they are the same entity.",No official evidence of equivalence.
HKEX::01995,01995,HKEX,twelvedata_name_mismatch,uncertain,needs_official_evidence,needs_official_evidence,0.3,Official corporate action record confirming that 'ES SERVICES' is the same as 'Ever Sunshine Services Group Ltd.' or evidence of a name change.,"Name similarity is low (0.564). Local name is abbreviated, Twelve Data provides full name. Need official evidence to confirm they are the same entity.",No official evidence of equivalence.
HKEX::02121,02121,HKEX,twelvedata_name_mismatch,uncertain,needs_official_evidence,needs_official_evidence,0.3,"Official corporate action record confirming that 'AINNOVATION' is the same as 'AInnovation Technology Group Co., Ltd' or evidence of a name change.","Name similarity is low (0.564). Local name is abbreviated, Twelve Data provides full name. Need official evidence to confirm they are the same entity.",No official evidence of equivalence.
HKEX::02317,02317,HKEX,twelvedata_name_mismatch,uncertain,needs_official_evidence,needs_official_evidence,0.3,Official corporate action record confirming that 'VEDAN INT'L' is the same as 'Vedan International Holdings Limited' or evidence of a name change.,"Name similarity is low (0.564). Local name is abbreviated, Twelve Data provides full name. Need official evidence to confirm they are the same entity.",No official evidence of equivalence.
HKEX::02336,02336,HKEX,twelvedata_name_mismatch,uncertain,needs_official_evidence,needs_official_evidence,0.3,Official corporate action record confirming that 'SHUOAO INTL' is the same as 'ShuoAo International Holding Corp.' or evidence of a name change.,"Name similarity is low (0.564). Local name is abbreviated, Twelve Data provides full name. Need official evidence to confirm they are the same entity.",No official evidence of equivalence.
HKEX::02457,02457,HKEX,twelvedata_name_mismatch,uncertain,needs_official_evidence,needs_official_evidence,0.3,Official corporate action record confirming that 'BUYANG INTL' is the same as 'Buyang International Holding Inc.' or evidence of a name change.,"Name similarity is low (0.564). Local name is abbreviated, Twelve Data provides full name. Need official evidence to confirm they are the same entity.",No official evidence of equivalence.
HKEX::02617,02617,HKEX,twelvedata_name_mismatch,uncertain,needs_official_evidence,needs_official_evidence,0.3,"Official corporate action record confirming that 'TRANSTHERA-B' is the same as 'TransThera Sciences (Nanjing), Inc.' or evidence of a name change.","Name similarity is low (0.564). Local name is abbreviated, Twelve Data provides full name. Need official evidence to confirm they are the same entity.",No official evidence of equivalence.
HKEX::03989,03989,HKEX,twelvedata_name_mismatch,uncertain,needs_official_evidence,needs_official_evidence,0.3,Official corporate action record confirming that 'CAPITAL ENV' is the same as 'Capital Environment Holdings Limited' or evidence of a name change.,"Name similarity is low (0.564). Local name is abbreviated, Twelve Data provides full name. Need official evidence to confirm they are the same entity.",No official evidence of equivalence.
HKEX::06866,06866,HKEX,twelvedata_name_mismatch,uncertain,needs_official_evidence,needs_official_evidence,0.3,Official corporate action record confirming that 'ZUOLI M-FIN' is the same as 'Zuoli Kechuang Micro-Finance Co. Ltd.' or evidence of a name change.,"Name similarity is low (0.564). Local name is abbreviated, Twelve Data provides full name. Need official evidence to confirm they are the same entity.",No official evidence of equivalence.
HKEX::08003,08003,HKEX,twelvedata_name_mismatch,uncertain,needs_official_evidence,needs_official_evidence,0.3,Official corporate action record confirming that 'GREAT WORLD' is the same as 'Great World Company Holdings Ltd.' or evidence of a name change.,"Name similarity is low (0.564). Local name is abbreviated, Twelve Data provides full name. Need official evidence to confirm they are the same entity.",No official evidence of equivalence.
HKEX::08018,08018,HKEX,twelvedata_name_mismatch,uncertain,needs_official_evidence,needs_official_evidence,0.3,Official corporate action record confirming that 'FINSOFT FIN' is the same as 'Finsoft Financial Investment Ltd.' or evidence of a name change.,"Name similarity is low (0.564). Local name is abbreviated, Twelve Data provides full name. Need official evidence to confirm they are the same entity.",No official evidence of equivalence.
HKEX::08379,08379,HKEX,twelvedata_name_mismatch,uncertain,needs_official_evidence,needs_official_evidence,0.3,Official issuer name from HKEX filings or company registry to confirm if 'Prime Intelligence Solutions Inc.' is the same as 'PRIME INTEL'.,Low name similarity (0.564) between local name 'PRIME INTEL' and Twelve Data name 'Prime Intelligence Solutions Inc.'. No official evidence provided to confirm they refer to the same entity.,No official evidence to confirm identity; possible different security or name change.
HKEX::08511,08511,HKEX,twelvedata_name_mismatch,uncertain,needs_official_evidence,needs_official_evidence,0.3,"Official issuer name from HKEX filings or company registry to confirm if 'Min Fu International Holding Co., Ltd.' is the same as 'MIN FU INTL'.","Low name similarity (0.564) between local name 'MIN FU INTL' and Twelve Data name 'Min Fu International Holding Co., Ltd.'. No official evidence provided.",No official evidence to confirm identity; possible different security or name change.
HKEX::08627,08627,HKEX,twelvedata_name_mismatch,uncertain,needs_official_evidence,needs_official_evidence,0.3,"Official issuer name from HKEX filings or company registry to confirm if 'Orange Tour Cultural Holding Co., Ltd.' is the same as 'ORANGE TOUR'.","Low name similarity (0.564) between local name 'ORANGE TOUR' and Twelve Data name 'Orange Tour Cultural Holding Co., Ltd.'. No official evidence provided.",No official evidence to confirm identity; possible different security or name change.
HKEX::08659,08659,HKEX,twelvedata_name_mismatch,uncertain,needs_official_evidence,needs_official_evidence,0.3,Official issuer name from HKEX filings or company registry to confirm if 'Yik Wo International Holding Limited' is the same as 'YIK WO INTL'.,Low name similarity (0.564) between local name 'YIK WO INTL' and Twelve Data name 'Yik Wo International Holding Limited'. No official evidence provided.,No official evidence to confirm identity; possible different security or name change.
HKEX::09663,09663,HKEX,twelvedata_name_mismatch,uncertain,needs_official_evidence,needs_official_evidence,0.3,Official issuer name from HKEX filings or company registry to confirm if 'Sino-Synergy Hydrogen Energy Ltd.' is the same as 'SINOSYNERGY'.,Low name similarity (0.564) between local name 'SINOSYNERGY' and Twelve Data name 'Sino-Synergy Hydrogen Energy Ltd.'. No official evidence provided.,No official evidence to confirm identity; possible different security or name change.
B3::HGLG11,HGLG11,B3,twelvedata_name_mismatch,uncertain,needs_official_evidence,needs_official_evidence,0.3,Official issuer name from B3 filings or Brazilian securities registry to confirm if 'Patria Logistics Institutional Real Estate Ltda.' is the same as 'PATRIA LOG - FDO INV IMOB - RESPONSABILIDADE LTDA.'.,Low name similarity (0.565) between local name and Twelve Data name. No official evidence provided.,No official evidence to confirm identity; possible different security or name change.
HKEX::01272,01272,HKEX,twelvedata_name_mismatch,uncertain,needs_official_evidence,needs_official_evidence,0.3,"Official issuer name from HKEX filings or company registry to confirm if 'Datang Environment Industry Group Co., Ltd.' is the same as 'DATANG ENVIRO'.","Low name similarity (0.565) between local name 'DATANG ENVIRO' and Twelve Data name 'Datang Environment Industry Group Co., Ltd.'. No official evidence provided.",No official evidence to confirm identity; possible different security or name change.
HKEX::01351,01351,HKEX,twelvedata_name_mismatch,uncertain,needs_official_evidence,needs_official_evidence,0.3,Official issuer name from HKEX filings or company registry to confirm if 'Bright Future Technology Holdings Ltd.' is the same as 'BRIGHT FUTURE'.,Low name similarity (0.565) between local name 'BRIGHT FUTURE' and Twelve Data name 'Bright Future Technology Holdings Ltd.'. No official evidence provided.,No official evidence to confirm identity; possible different security or name change.
HKEX::01710,01710,HKEX,twelvedata_name_mismatch,uncertain,needs_official_evidence,needs_official_evidence,0.3,Official issuer name from HKEX filings or company registry to confirm if 'Trio Industrial Electronics Group Limited' is the same as 'TRIO IND ELEC'.,Low name similarity (0.565) between local name 'TRIO IND ELEC' and Twelve Data name 'Trio Industrial Electronics Group Limited'. No official evidence provided.,No official evidence to confirm identity; possible different security or name change.
HKEX::02453,02453,HKEX,twelvedata_name_mismatch,uncertain,needs_official_evidence,needs_official_evidence,0.3,Official issuer name from HKEX filings or company registry to confirm if 'Concord Healthcare Group Holdings Ltd.' is the same as 'CONCORD HC GP'.,Low name similarity (0.565) between local name 'CONCORD HC GP' and Twelve Data name 'Concord Healthcare Group Holdings Ltd.'. No official evidence provided.,No official evidence to confirm identity; possible different security or name change.
HKEX::02512,02512,HKEX,twelvedata_name_mismatch,uncertain,needs_official_evidence,needs_official_evidence,0.3,Official issuer name from HKEX filings or company registry to confirm if 'Cloud Factory Technology Holdings Ltd.' is the same as 'CLOUD FACTORY'.,Low name similarity (0.565) between local name 'CLOUD FACTORY' and Twelve Data name 'Cloud Factory Technology Holdings Ltd.'. No official evidence provided.,No official evidence to confirm identity; possible different security or name change.
HKEX::02563,02563,HKEX,twelvedata_name_mismatch,uncertain,needs_official_evidence,needs_official_evidence,0.3,"Official issuer name from HKEX filings or company registry to confirm if 'Beijing Biostar Pharmaceuticals, Co., Ltd.' is the same as 'BIOSTAR PHARM-B'.","Low name similarity (0.565) between local name 'BIOSTAR PHARM-B' and Twelve Data name 'Beijing Biostar Pharmaceuticals, Co., Ltd.'. No official evidence provided.",No official evidence to confirm identity; possible different security or name change.
HKEX::02693,02693,HKEX,twelvedata_name_mismatch,uncertain,needs_official_evidence,needs_official_evidence,0.3,"Official issuer name from HKEX filings or company registry to confirm if 'Anhui Jinyan Kaolin New Materials Co., Ltd.' is the same as 'JINYAN KAOLIN'.","Low name similarity (0.565) between local name 'JINYAN KAOLIN' and Twelve Data name 'Anhui Jinyan Kaolin New Materials Co., Ltd.'. No official evidence provided.",No official evidence to confirm identity; possible different security or name change.
HKEX::08147,08147,HKEX,twelvedata_name_mismatch,uncertain,needs_official_evidence,needs_official_evidence,0.3,Official issuer name from HKEX filings or company registry to confirm if 'Millennium Pacific Group Holdings Limited' is the same as 'MILLENNIUM PG'.,Low name similarity (0.565) between local name 'MILLENNIUM PG' and Twelve Data name 'Millennium Pacific Group Holdings Limited'. No official evidence provided.,No official evidence to confirm identity; possible different security or name change.
HKEX::08218,08218,HKEX,twelvedata_name_mismatch,uncertain,needs_official_evidence,needs_official_evidence,0.3,Official issuer name from HKEX filings or company registry to confirm if 'Echo International Holdings Group Ltd.' is the same as 'ECHO INT HOLD'.,Low name similarity (0.565) between local name 'ECHO INT HOLD' and Twelve Data name 'Echo International Holdings Group Ltd.'. No official evidence provided.,No official evidence to confirm identity; possible different security or name change.
HKEX::08326,08326,HKEX,twelvedata_name_mismatch,uncertain,needs_official_evidence,needs_official_evidence,0.3,Official issuer name from HKEX filings or company registry to confirm if 'Tonking New Energy Group Holdings Ltd.' is the same as 'TK NEW ENERGY'.,Low name similarity (0.565) between local name 'TK NEW ENERGY' and Twelve Data name 'Tonking New Energy Group Holdings Ltd.'. No official evidence provided.,No official evidence to confirm identity; possible different security or name change.
HKEX::09699,09699,HKEX,twelvedata_name_mismatch,uncertain,needs_official_evidence,needs_official_evidence,0.3,"Official issuer name from HKEX filings or company registry to confirm if 'Hangzhou SF Intra-city Industrial Co., Ltd.' is the same as 'SF INTRA-CITY'.","Low name similarity (0.565) between local name 'SF INTRA-CITY' and Twelve Data name 'Hangzhou SF Intra-city Industrial Co., Ltd.'. No official evidence provided.",No official evidence to confirm identity; possible different security or name change.
LSE::0ABP,0ABP,LSE,twelvedata_name_mismatch,uncertain,needs_official_evidence,needs_official_evidence,0.3,Official issuer name from LSE filings or company registry to confirm if 'Novem Group S.A.' is the same as 'NOVEM GROUP SA NOVEM GROUP ORD SHS'.,Low name similarity (0.565) between local name and Twelve Data name. No official evidence provided.,No official evidence to confirm identity; possible different security or name change.
B3::HGBL11,HGBL11,B3,twelvedata_name_mismatch,uncertain,needs_official_evidence,needs_official_evidence,0.3,Official issuer name from B3 filings or Brazilian securities registry to confirm if 'Hedge Brasil Logistics Real Estate Investment Fund' is the same as 'HEDGE BRASIL LOGÍSTICO IND FUND INV IMOB RESP LIM'.,Low name similarity (0.566) between local name and Twelve Data name. No official evidence provided.,No official evidence to confirm identity; possible different security or name change.
HKEX::01372,01372,HKEX,twelvedata_name_mismatch,uncertain,needs_official_evidence,needs_official_evidence,0.3,Official issuer name from HKEX filings or company registry to confirm if 'China Carbon Neutral Development Group Ltd.' is the same as 'C CARBONNEUTRAL'.,Low name similarity (0.566) between local name 'C CARBONNEUTRAL' and Twelve Data name 'China Carbon Neutral Development Group Ltd.'. No official evidence provided.,No official evidence to confirm identity; possible different security or name change.
B3::HLOG11,HLOG11,B3,twelvedata_name_mismatch,uncertain,needs_official_evidence,needs_official_evidence,0.3,Official issuer documents or regulatory filings confirming whether 'HEDGE LOGÍSTICA FII RESP LIM' and 'Hedge Logística Fundo de Investimento Imobiliário FII' refer to the same entity. No ISIN or official name change evidence provided.,"Name similarity is low (0.568). Local name is abbreviated, Twelve Data name is full. Without official evidence, cannot confirm same security.",No official evidence of name equivalence or corporate action.
B3::PTBL3,PTBL3,B3,twelvedata_name_mismatch,uncertain,needs_official_evidence,needs_official_evidence,0.3,Official documents confirming whether 'PBG S/A' changed name to 'Portobello S.A.' or if these are different entities. No ISIN or corporate action data provided.,"Name similarity is low (0.571). Local name 'PBG S/A' differs significantly from 'Portobello S.A.'. Without official evidence, cannot confirm same issuer.",No official evidence of name change or equivalence.
B3::WHGR11,WHGR11,B3,twelvedata_name_mismatch,uncertain,needs_official_evidence,needs_official_evidence,0.3,Official fund documents confirming whether 'WHG REAL ESTATE FII RESP LIM' and 'WHG Real Estate Fundo de Investimento Imobiliário' are the same fund. No ISIN or official name evidence.,"Name similarity is low (0.571). Local name is abbreviated, Twelve Data name is full. Without official evidence, cannot confirm same security.",No official evidence of name equivalence.
HKEX::01007,01007,HKEX,twelvedata_name_mismatch,uncertain,needs_official_evidence,needs_official_evidence,0.3,Official HKEX filings or corporate registry confirming whether 'LONGHUI INTL' is the same as 'Longhui International Holdings Limited'. No ISIN or official name change evidence.,"Name similarity is low (0.571). Local name is abbreviated, Twelve Data name is full. Without official evidence, cannot confirm same issuer.",No official evidence of name equivalence.
HKEX::01033,01033,HKEX,twelvedata_name_mismatch,uncertain,needs_official_evidence,needs_official_evidence,0.3,Official HKEX filings confirming whether 'SINOPEC SSC' is the same as 'Sinopec Oilfield Service Corp.'. No ISIN or official name change evidence.,"Name similarity is low (0.571). Local name is abbreviated, Twelve Data name is full. Without official evidence, cannot confirm same issuer.",No official evidence of name equivalence.
HKEX::01271,01271,HKEX,twelvedata_name_mismatch,uncertain,needs_official_evidence,needs_official_evidence,0.3,Official HKEX filings confirming whether 'GRAND MING' is the same as 'Grand Ming Group Holdings Limited'. No ISIN or official name change evidence.,"Name similarity is low (0.571). Local name is abbreviated, Twelve Data name is full. Without official evidence, cannot confirm same issuer.",No official evidence of name equivalence.
HKEX::01364,01364,HKEX,twelvedata_name_mismatch,uncertain,needs_official_evidence,needs_official_evidence,0.3,Official HKEX filings confirming whether 'GUMING' is the same as 'Guming Holdings Limited'. No ISIN or official name change evidence.,"Name similarity is low (0.571). Local name is abbreviated, Twelve Data name is full. Without official evidence, cannot confirm same issuer.",No official evidence of name equivalence.
HKEX::01410,01410,HKEX,twelvedata_name_mismatch,uncertain,needs_official_evidence,needs_official_evidence,0.3,Official HKEX filings confirming whether 'EDVANCE INTL' is the same as 'Edvance International Holdings Limited'. No ISIN or official name change evidence.,"Name similarity is low (0.571). Local name is abbreviated, Twelve Data name is full. Without official evidence, cannot confirm same issuer.",No official evidence of name equivalence.
HKEX::01556,01556,HKEX,twelvedata_name_mismatch,uncertain,needs_official_evidence,needs_official_evidence,0.3,Official HKEX filings confirming whether 'CHINNEY KW' is the same as 'Chinney Kin Wing Holdings Limited'. No ISIN or official name change evidence.,"Name similarity is low (0.571). Local name is abbreviated, Twelve Data name is full. Without official evidence, cannot confirm same issuer.",No official evidence of name equivalence.
HKEX::01617,01617,HKEX,twelvedata_name_mismatch,uncertain,needs_official_evidence,needs_official_evidence,0.3,Official HKEX filings confirming whether 'NANFANG COMM' is the same as 'Nanfang Communication Holdings Limited'. No ISIN or official name change evidence.,"Name similarity is low (0.571). Local name is abbreviated, Twelve Data name is full. Without official evidence, cannot confirm same issuer.",No official evidence of name equivalence.
HKEX::01788,01788,HKEX,twelvedata_name_mismatch,uncertain,needs_official_evidence,needs_official_evidence,0.3,Official HKEX filings confirming whether 'GUOTAI JUNAN I' is the same as 'Guotai Junan International Holdings Limited'. No ISIN or official name change evidence.,"Name similarity is low (0.571). Local name is abbreviated, Twelve Data name is full. Without official evidence, cannot confirm same issuer.",No official evidence of name equivalence.
HKEX::01842,01842,HKEX,twelvedata_name_mismatch,uncertain,needs_official_evidence,needs_official_evidence,0.3,Official HKEX filings confirming whether 'GROWN UP GROUP' is the same as 'Grown Up Group Investments Holdings Ltd.'. No ISIN or official name change evidence.,"Name similarity is low (0.571). Local name is abbreviated, Twelve Data name is full. Without official evidence, cannot confirm same issuer.",No official evidence of name equivalence.
HKEX::02000,02000,HKEX,twelvedata_name_mismatch,uncertain,needs_official_evidence,needs_official_evidence,0.3,Official HKEX filings confirming whether 'SIM TECH' is the same as 'SIM Technology Group Ltd.'. No ISIN or official name change evidence.,"Name similarity is low (0.571). Local name is abbreviated, Twelve Data name is full. Without official evidence, cannot confirm same issuer.",No official evidence of name equivalence.
HKEX::02078,02078,HKEX,twelvedata_name_mismatch,uncertain,needs_official_evidence,needs_official_evidence,0.3,Official HKEX filings confirming whether 'PANASIALUM' is the same as 'Panasia Aluminum Holdings Co. Ltd.'. No ISIN or official name change evidence.,"Name similarity is low (0.571). Local name is abbreviated, Twelve Data name is full. Without official evidence, cannot confirm same issuer.",No official evidence of name equivalence.
HKEX::02131,02131,HKEX,twelvedata_name_mismatch,uncertain,needs_official_evidence,needs_official_evidence,0.3,Official HKEX filings confirming whether 'NETJOY' is the same as 'Netjoy Holdings Ltd.'. No ISIN or official name change evidence.,"Name similarity is low (0.571). Local name is abbreviated, Twelve Data name is full. Without official evidence, cannot confirm same issuer.",No official evidence of name equivalence.
HKEX::02150,02150,HKEX,twelvedata_name_mismatch,uncertain,needs_official_evidence,needs_official_evidence,0.3,Official HKEX filings confirming whether 'NAYUKI' is the same as 'Nayuki Holdings Ltd.'. No ISIN or official name change evidence.,"Name similarity is low (0.571). Local name is abbreviated, Twelve Data name is full. Without official evidence, cannot confirm same issuer.",No official evidence of name equivalence.
HKEX::02228,02228,HKEX,twelvedata_name_mismatch,uncertain,needs_official_evidence,needs_official_evidence,0.3,Official HKEX filings confirming whether 'XTALPI' is the same as 'XtalPi Holdings Limited'. No ISIN or official name change evidence.,"Name similarity is low (0.571). Local name is abbreviated, Twelve Data name is full. Without official evidence, cannot confirm same issuer.",No official evidence of name equivalence.
HKEX::02266,02266,HKEX,twelvedata_name_mismatch,uncertain,needs_official_evidence,needs_official_evidence,0.3,Official HKEX filings confirming whether 'LAI SI ENT' is the same as 'Lai Si Enterprise Holding Limited'. No ISIN or official name change evidence.,"Name similarity is low (0.571). Local name is abbreviated, Twelve Data name is full. Without official evidence, cannot confirm same issuer.",No official evidence of name equivalence.
HKEX::02310,02310,HKEX,twelvedata_name_mismatch,uncertain,needs_official_evidence,needs_official_evidence,0.3,Official HKEX filings confirming whether 'TIMES UNI GP' is the same as 'Times Universal Group Holdings Inc.'. No ISIN or official name change evidence.,"Name similarity is low (0.571). Local name is abbreviated, Twelve Data name is full. Without official evidence, cannot confirm same issuer.",No official evidence of name equivalence.
HKEX::02427,02427,HKEX,twelvedata_name_mismatch,uncertain,needs_official_evidence,needs_official_evidence,0.3,"Official HKEX filings confirming whether 'GUANZE MEDICAL' is the same as 'Guanze Medical Information Industry Co., Ltd.'. No ISIN or official name change evidence.","Name similarity is low (0.571). Local name is abbreviated, Twelve Data name is full. Without official evidence, cannot confirm same issuer.",No official evidence of name equivalence.
HKEX::02507,02507,HKEX,twelvedata_name_mismatch,uncertain,needs_official_evidence,needs_official_evidence,0.3,Official issuer name or ISIN to confirm whether 'Cirrus Aircraft Ltd.' is the same as 'CIRRUS'.,Low name similarity (0.571) but both appear to refer to the same entity. No official evidence provided to confirm.,No official evidence to confirm identity.
HKEX::02550,02550,HKEX,twelvedata_name_mismatch,uncertain,needs_official_evidence,needs_official_evidence,0.3,Official issuer name or ISIN to confirm whether 'Easou Technology Holdings Ltd.' is the same as 'EASOU TECH'.,Low name similarity (0.571) but both appear to refer to the same entity. No official evidence provided to confirm.,No official evidence to confirm identity.
HKEX::02665,02665,HKEX,twelvedata_name_mismatch,uncertain,needs_official_evidence,needs_official_evidence,0.3,Official issuer name or ISIN to confirm whether 'Seyond Holdings Ltd.' is the same as 'SEYOND'.,Low name similarity (0.571) but both appear to refer to the same entity. No official evidence provided to confirm.,No official evidence to confirm identity.
HKEX::02798,02798,HKEX,twelvedata_name_mismatch,uncertain,needs_official_evidence,needs_official_evidence,0.3,Official issuer name or ISIN to confirm whether 'Perennial Energy Holdings Limited' is the same as 'PER ENERGY'.,Low name similarity (0.571) but both appear to refer to the same entity. No official evidence provided to confirm.,No official evidence to confirm identity.
HKEX::02877,02877,HKEX,twelvedata_name_mismatch,uncertain,needs_official_evidence,needs_official_evidence,0.3,Official issuer name or ISIN to confirm whether 'China Shineway Pharmaceutical Group Limited' is the same as 'SHINEWAY PHARM'.,Low name similarity (0.571) but both appear to refer to the same entity. No official evidence provided to confirm.,No official evidence to confirm identity.
HKEX::02886,02886,HKEX,twelvedata_name_mismatch,uncertain,needs_official_evidence,needs_official_evidence,0.3,Official issuer name or ISIN to confirm whether 'Binhai Investment Company Ltd.' is the same as 'BINHAI INV'.,Low name similarity (0.571) but both appear to refer to the same entity. No official evidence provided to confirm.,No official evidence to confirm identity.
HKEX::03336,03336,HKEX,twelvedata_name_mismatch,uncertain,needs_official_evidence,needs_official_evidence,0.3,Official issuer name or ISIN to confirm whether 'Ju Teng International Holdings Limited' is the same as 'JU TENG INTL'.,Low name similarity (0.571) but both appear to refer to the same entity. No official evidence provided to confirm.,No official evidence to confirm identity.
HKEX::03398,03398,HKEX,twelvedata_name_mismatch,uncertain,needs_official_evidence,needs_official_evidence,0.3,Official issuer name or ISIN to confirm whether 'China Ting Group Holdings Ltd.' is the same as 'CHINA TING'.,Low name similarity (0.571) but both appear to refer to the same entity. No official evidence provided to confirm.,No official evidence to confirm identity.
HKEX::03913,03913,HKEX,twelvedata_name_mismatch,uncertain,needs_official_evidence,needs_official_evidence,0.3,Official issuer name or ISIN to confirm whether 'KWG Living Group Holdings Limited' is the same as 'KWG LIVING'.,Low name similarity (0.571) but both appear to refer to the same entity. No official evidence provided to confirm.,No official evidence to confirm identity.
HKEX::03931,03931,HKEX,twelvedata_name_mismatch,uncertain,needs_official_evidence,needs_official_evidence,0.3,Official issuer name or ISIN to confirm whether 'Calb Group Co. Ltd.' is the same as 'CALB'.,Low name similarity (0.571) but both appear to refer to the same entity. No official evidence provided to confirm.,No official evidence to confirm identity.
HKEX::03993,03993,HKEX,twelvedata_name_mismatch,uncertain,needs_official_evidence,needs_official_evidence,0.3,Official issuer name or ISIN to confirm whether 'Cmoc Group Ltd.' is the same as 'CMOC'.,Low name similarity (0.571) but both appear to refer to the same entity. No official evidence provided to confirm.,No official evidence to confirm identity.
HKEX::06833,06833,HKEX,twelvedata_name_mismatch,uncertain,needs_official_evidence,needs_official_evidence,0.3,Official issuer name or ISIN to confirm whether 'Sinco Pharmaceuticals Holdings Limited' is the same as 'SINCO PHARMA'.,Low name similarity (0.571) but both appear to refer to the same entity. No official evidence provided to confirm.,No official evidence to confirm identity.
HKEX::06979,06979,HKEX,twelvedata_name_mismatch,uncertain,needs_official_evidence,needs_official_evidence,0.3,Official issuer name or ISIN to confirm whether 'ZJLD Group Inc.' is the same as 'ZJLD'.,Low name similarity (0.571) but both appear to refer to the same entity. No official evidence provided to confirm.,No official evidence to confirm identity.
HKEX::08065,08065,HKEX,twelvedata_name_mismatch,uncertain,needs_official_evidence,needs_official_evidence,0.3,Official issuer name or ISIN to confirm whether 'KML Technology Group Ltd.' is the same as 'KML TECH'.,Low name similarity (0.571) but both appear to refer to the same entity. No official evidence provided to confirm.,No official evidence to confirm identity.
HKEX::08107,08107,HKEX,twelvedata_name_mismatch,uncertain,needs_official_evidence,needs_official_evidence,0.3,Official issuer name or ISIN to confirm whether 'Ficus Technology Holdings Ltd.' is the same as 'FICUS TECH'.,Low name similarity (0.571) but both appear to refer to the same entity. No official evidence provided to confirm.,No official evidence to confirm identity.
HKEX::08120,08120,HKEX,twelvedata_name_mismatch,uncertain,needs_official_evidence,needs_official_evidence,0.3,Official issuer name or ISIN to confirm whether 'China Demeter Financial Investments Limited' is the same as 'CH DEMETER FIN'.,Low name similarity (0.571) but both appear to refer to the same entity. No official evidence provided to confirm.,No official evidence to confirm identity.
HKEX::08222,08222,HKEX,twelvedata_name_mismatch,uncertain,needs_official_evidence,needs_official_evidence,0.3,Official issuer name or ISIN to confirm whether 'E Lighting Group Holdings Limited' is the same as 'E LIGHTING'.,Low name similarity (0.571) but both appear to refer to the same entity. No official evidence provided to confirm.,No official evidence to confirm identity.
HKEX::08313,08313,HKEX,twelvedata_name_mismatch,uncertain,needs_official_evidence,needs_official_evidence,0.3,Official issuer name or ISIN to confirm whether 'ZACD Group Ltd.' is the same as 'ZACD'.,Low name similarity (0.571) but both appear to refer to the same entity. No official evidence provided to confirm.,No official evidence to confirm identity.
HKEX::08333,08333,HKEX,twelvedata_name_mismatch,uncertain,needs_official_evidence,needs_official_evidence,0.3,Official issuer name or ISIN to confirm whether 'Astrum Financial Holdings Ltd.' is the same as 'ASTRUM FIN'.,Low name similarity (0.571) but both appear to refer to the same entity. No official evidence provided to confirm.,No official evidence to confirm identity.
HKEX::08456,08456,HKEX,twelvedata_name_mismatch,uncertain,needs_official_evidence,needs_official_evidence,0.3,Official issuer name or ISIN to confirm whether 'Mansion International Holdings Ltd.' is the same as 'MANSION INTL'.,Low name similarity (0.571) but both appear to refer to the same entity. No official evidence provided to confirm.,No official evidence to confirm identity.
HKEX::08495,08495,HKEX,twelvedata_name_mismatch,uncertain,needs_official_evidence,needs_official_evidence,0.3,Official issuer name from HKEX filings or company registry to confirm if '1957 & Co. Hospitality Ltd.' is the same entity as '1957 & CO.',Name similarity is low (0.571). Local name is abbreviated; TwelveData name is more complete. No official evidence provided to confirm identity.,No official evidence to confirm same issuer.
HKEX::08601,08601,HKEX,twelvedata_name_mismatch,uncertain,needs_official_evidence,needs_official_evidence,0.3,Official issuer name from HKEX filings or company registry to confirm if 'Boltek Holdings Ltd.' is the same entity as 'BOLTEK',Name similarity is low (0.571). Local name is abbreviated; TwelveData name is more complete. No official evidence provided to confirm identity.,No official evidence to confirm same issuer.
HKEX::09606,09606,HKEX,twelvedata_name_mismatch,uncertain,needs_official_evidence,needs_official_evidence,0.3,"Official issuer name from HKEX filings or company registry to confirm if 'Duality Biotherapeutics, Inc.' is the same entity as 'DUALITYBIO-B'",Name similarity is low (0.571). Local name includes '-B' suffix possibly indicating share class; TwelveData name lacks suffix. No official evidence provided.,No official evidence to confirm same issuer.
HKEX::09686,09686,HKEX,twelvedata_name_mismatch,uncertain,needs_official_evidence,needs_official_evidence,0.3,Official issuer name from HKEX filings or company registry to confirm if 'Xikang Cloud Hospital Holdings Ltd.' is the same entity as 'XIKANG CLOUD',Name similarity is low (0.571). Local name is abbreviated; TwelveData name is more complete. No official evidence provided.,No official evidence to confirm same issuer.
HKEX::09986,09986,HKEX,twelvedata_name_mismatch,uncertain,needs_official_evidence,needs_official_evidence,0.3,Official issuer name from HKEX filings or company registry to confirm if 'Dashan Education Holdings Limited' is the same entity as 'DASHAN EDU',Name similarity is low (0.571). Local name is abbreviated; TwelveData name is more complete. No official evidence provided.,No official evidence to confirm same issuer.
LSE::0DT1,0DT1,LSE,twelvedata_name_mismatch,uncertain,needs_official_evidence,needs_official_evidence,0.3,Official issuer name from LSE filings or company registry to confirm if 'National Bank of Belgium' is the same entity as 'Banque Nationale de Belgique S.A.',Name similarity is low (0.571). Local name is in French; TwelveData name is in English. No official evidence provided.,No official evidence to confirm same issuer.
LSE::0J78,0J78,LSE,twelvedata_name_mismatch,uncertain,needs_official_evidence,needs_official_evidence,0.3,Official issuer name from LSE filings or company registry to confirm if 'Odfjell SE Class B Shares' is the same entity as 'Odfjell S.E. Series B',Name similarity is low (0.571). Local name includes 'Series B'; TwelveData name includes 'Class B Shares'. No official evidence provided.,No official evidence to confirm same issuer.
LSE::0KBQ,0KBQ,LSE,twelvedata_name_mismatch,uncertain,needs_official_evidence,needs_official_evidence,0.3,Official issuer name from LSE filings or company registry to confirm if 'Ratos AB (publ) Class B Shares' is the same entity as 'Ratos AB ser. B',Name similarity is low (0.571). Local name uses 'ser. B'; TwelveData name uses 'Class B Shares'. No official evidence provided.,No official evidence to confirm same issuer.
LSE::0MGR,0MGR,LSE,twelvedata_name_mismatch,uncertain,needs_official_evidence,needs_official_evidence,0.3,Official issuer name from LSE filings or company registry to confirm if 'Forvia SE' is the same entity as 'Faurecia' (possible name change),Name similarity is low (0.571). Local name 'Faurecia' may be former name; TwelveData name 'Forvia SE' may be current. No official evidence of name change provided.,No official evidence to confirm same issuer or name change.
LSE::0N4I,0N4I,LSE,twelvedata_name_mismatch,uncertain,needs_official_evidence,needs_official_evidence,0.3,Official issuer name from LSE filings or company registry to confirm if 'Danieli & C. Officine Meccaniche S.p.A.' is the same entity as 'Danieli & C RSP',Name similarity is low (0.571). Local name includes 'RSP' possibly indicating share class; TwelveData name is full legal name. No official evidence provided.,No official evidence to confirm same issuer.
LSE::0NQP,0NQP,LSE,twelvedata_name_mismatch,uncertain,needs_official_evidence,needs_official_evidence,0.3,Official issuer name from LSE filings or company registry to confirm if 'Snam S.p.A.' is the same entity as 'Snam SpA',Name similarity is low (0.571). Local name uses 'SpA'; TwelveData name uses 'S.p.A.' Minor difference but no official evidence provided.,No official evidence to confirm same issuer.
LSE::0NRE,0NRE,LSE,twelvedata_name_mismatch,uncertain,needs_official_evidence,needs_official_evidence,0.3,Official issuer name from LSE filings or company registry to confirm if 'Enel S.p.A.' is the same entity as 'Enel SpA',Name similarity is low (0.571). Local name uses 'SpA'; TwelveData name uses 'S.p.A.' Minor difference but no official evidence provided.,No official evidence to confirm same issuer.
LSE::0O0N,0O0N,LSE,twelvedata_name_mismatch,uncertain,needs_official_evidence,needs_official_evidence,0.3,Official issuer name from LSE filings or company registry to confirm if 'Aktieselskabet Schouw & Co.' is the same entity as 'Schouw & Co.',Name similarity is low (0.571). Local name is abbreviated; TwelveData name includes full legal form. No official evidence provided.,No official evidence to confirm same issuer.
LSE::0QMW,0QMW,LSE,twelvedata_name_mismatch,uncertain,needs_official_evidence,needs_official_evidence,0.3,Official issuer name from LSE filings or company registry to confirm if 'Kuehne + Nagel International AG' is the same entity as 'Kuehne & Nagel',Name similarity is low (0.571). Local name uses '&'; TwelveData name uses '+'. No official evidence provided.,No official evidence to confirm same issuer.
LSE::0RIE,0RIE,LSE,twelvedata_name_mismatch,uncertain,needs_official_evidence,needs_official_evidence,0.3,Official issuer name from LSE filings or company registry to confirm if 'ENAV S.p.A.' is the same entity as 'Enav SpA',Name similarity is low (0.571). Local name uses 'SpA'; TwelveData name uses 'S.p.A.' and uppercase. No official evidence provided.,No official evidence to confirm same issuer.
LSE::0RQ6,0RQ6,LSE,twelvedata_name_mismatch,uncertain,needs_official_evidence,needs_official_evidence,0.3,Official issuer name from LSE filings or company registry to confirm if 'Evolution AB (publ)' is the same entity as 'Evolution Gaming Group AB',Name similarity is low (0.571). Local name includes 'Gaming Group'; TwelveData name is shorter. Possible name change. No official evidence provided.,No official evidence to confirm same issuer or name change.
LSE::4BB,4BB,LSE,twelvedata_name_mismatch,uncertain,needs_official_evidence,needs_official_evidence,0.3,Official issuer name from LSE filings or company registry to confirm if '4basebio PLC' is the same entity as '4BASEBIO UK SOCIETAS',Name similarity is low (0.571). Local name includes 'UK SOCIETAS'; TwelveData name is 'PLC'. No official evidence provided.,No official evidence to confirm same issuer.
LSE::AMRQ,AMRQ,LSE,twelvedata_name_mismatch,uncertain,needs_official_evidence,needs_official_evidence,0.3,Official issuer name from LSE filings or company registry to confirm if 'Amaroq Ltd.' is the same entity as 'Amaroq Minerals Ltd.',Name similarity is low (0.571). Local name includes 'Minerals'; TwelveData name omits it. No official evidence provided.,No official evidence to confirm same issuer.
LSE::ENOG,ENOG,LSE,twelvedata_name_mismatch,uncertain,needs_official_evidence,needs_official_evidence,0.3,Official issuer name from LSE filings or company registry to confirm if 'Energean plc' is the same entity as 'Energean Oil & Gas PLC',Name similarity is low (0.571). Local name includes 'Oil & Gas'; TwelveData name is shorter. Possible name change. No official evidence provided.,No official evidence to confirm same issuer or name change.
LSE::KIST,KIST,LSE,twelvedata_name_mismatch,uncertain,needs_official_evidence,needs_official_evidence,0.3,Official issuer name from LSE filings or company registry to confirm if 'Kistos Holdings Plc' is the same entity as 'Kistos PLC',Name similarity is low (0.571). Local name is 'Kistos PLC'; TwelveData name includes 'Holdings'. No official evidence provided.,No official evidence to confirm same issuer.
TSE::4275,4275,TSE,twelvedata_name_mismatch,uncertain,needs_official_evidence,needs_official_evidence,0.3,"Official corporate filings or exchange announcements confirming whether Carlit Co.,Ltd. changed its name to Carlit Holdings Co., Ltd. or if these are distinct entities.",Name similarity score is low (0.571) and names differ significantly. No official evidence provided to confirm a rename or distinguish securities.,No official evidence of name change or entity relationship.
LSE::GSEO,GSEO,LSE,twelvedata_name_mismatch,uncertain,needs_official_evidence,needs_official_evidence,0.3,Official documents from VH Global Sustainable Energy Opportunities PLC or VH Global Energy Infrastructure PLC to confirm if they are the same entity after a rename or different securities.,Low name similarity (0.575) and different names. No evidence provided to resolve mismatch.,No official evidence of name change or entity relationship.
LSE::0F5A,0F5A,LSE,twelvedata_name_mismatch,uncertain,needs_official_evidence,needs_official_evidence,0.3,Official corporate registry or exchange filings confirming whether Linz Textil Holding AG is the same as LINZ TEXTIL HOLDING AG LINZ TEXTIL HOLDING ORD SHS.,Low name similarity (0.576) and local name includes extra text. No official evidence provided.,No official evidence of name change or entity relationship.
HKEX::01354,01354,HKEX,twelvedata_name_mismatch,uncertain,needs_official_evidence,needs_official_evidence,0.3,"Official HKEX filings or company announcements confirming whether KINGFARPROPERTY is Xi'an Kingfar Property Services Group Co., Ltd.",Low name similarity (0.577) and local name is abbreviated. No official evidence provided.,No official evidence of name change or entity relationship.
HKEX::08193,08193,HKEX,twelvedata_name_mismatch,uncertain,needs_official_evidence,needs_official_evidence,0.3,Official HKEX filings confirming whether ASIAPAC FIN INV is Asia-Pac Financial Investment Company Limited.,Low name similarity (0.577) and local name is abbreviated. No official evidence provided.,No official evidence of name change or entity relationship.
HKEX::01290,01290,HKEX,twelvedata_name_mismatch,uncertain,needs_official_evidence,needs_official_evidence,0.3,Official HKEX filings confirming whether CHINA HUIRONG is China Huirong Financial Holdings Ltd.,Low name similarity (0.578) and local name is abbreviated. No official evidence provided.,No official evidence of name change or entity relationship.
HKEX::01587,01587,HKEX,twelvedata_name_mismatch,uncertain,needs_official_evidence,needs_official_evidence,0.3,Official HKEX filings confirming whether SHINEROAD INTL is Shineroa International Holdings Limited.,Low name similarity (0.578) and local name is abbreviated. No official evidence provided.,No official evidence of name change or entity relationship.
HKEX::01683,01683,HKEX,twelvedata_name_mismatch,uncertain,needs_official_evidence,needs_official_evidence,0.3,Official HKEX filings confirming whether HOPE LIFE INT is Hope Life International Holdings Limited.,Low name similarity (0.578) and local name is abbreviated. No official evidence provided.,No official evidence of name change or entity relationship.
HKEX::01736,01736,HKEX,twelvedata_name_mismatch,uncertain,needs_official_evidence,needs_official_evidence,0.3,Official HKEX filings confirming whether PARENTING NET is China Parenting Network Holdings Ltd.,Low name similarity (0.578) and local name is abbreviated. No official evidence provided.,No official evidence of name change or entity relationship.
HKEX::01967,01967,HKEX,twelvedata_name_mismatch,uncertain,needs_official_evidence,needs_official_evidence,0.3,Official HKEX filings confirming whether CONFIDENCE IN is Confidence Intelligence Holdings Ltd.,Low name similarity (0.578) and local name is abbreviated. No official evidence provided.,No official evidence of name change or entity relationship.
HKEX::02529,02529,HKEX,twelvedata_name_mismatch,uncertain,needs_official_evidence,needs_official_evidence,0.3,"Official HKEX filings confirming whether HOLLWIN URBAN is Hollwin Urban Operation Services Co., Ltd.",Low name similarity (0.578) and local name is abbreviated. No official evidence provided.,No official evidence of name change or entity relationship.
HKEX::02669,02669,HKEX,twelvedata_name_mismatch,uncertain,needs_official_evidence,needs_official_evidence,0.3,Official HKEX filings confirming whether CHINA OVS PPT is China Overseas Property Holdings Limited.,Low name similarity (0.578) and local name is abbreviated. No official evidence provided.,No official evidence of name change or entity relationship.
HKEX::03737,03737,HKEX,twelvedata_name_mismatch,uncertain,needs_official_evidence,needs_official_evidence,0.3,Official HKEX filings confirming whether ZHONGZHIPHARM is Zhongzhi Pharmaceutical Holdings Limited.,Low name similarity (0.578) and local name is abbreviated. No official evidence provided.,No official evidence of name change or entity relationship.
HKEX::03778,03778,HKEX,twelvedata_name_mismatch,uncertain,needs_official_evidence,needs_official_evidence,0.3,Official HKEX filings confirming whether CHINA WEAVING is China Weaving Materials Holdings Limited.,Low name similarity (0.578) and local name is abbreviated. No official evidence provided.,No official evidence of name change or entity relationship.
HKEX::08071,08071,HKEX,twelvedata_name_mismatch,uncertain,needs_official_evidence,needs_official_evidence,0.3,Official HKEX filings confirming whether CH NETCOMTECH is China Netcom Technology Holdings Limited.,Low name similarity (0.578) and local name is abbreviated. No official evidence provided.,No official evidence of name change or entity relationship.
LSE::0R8F,0R8F,LSE,twelvedata_name_mismatch,uncertain,needs_official_evidence,needs_official_evidence,0.3,Official LSE filings or company announcements confirming whether Eolus Vind AB Series B is the same as Eolus AB Class B shares.,Low name similarity (0.578) and names differ. No official evidence provided.,No official evidence of name change or entity relationship.
BSE_IN::NEWLIGHT,NEWLIGHT,BSE_IN,twelvedata_name_mismatch,uncertain,needs_official_evidence,needs_official_evidence,0.3,Official BSE filings or corporate registry documents confirming whether New Light Industries Ltd is the same as New Light Apparels Ltd.,Low name similarity (0.579) and names differ. No official evidence provided.,No official evidence of name change or entity relationship.
HKEX::01044,01044,HKEX,twelvedata_name_mismatch,uncertain,needs_official_evidence,needs_official_evidence,0.3,Official HKEX filings confirming whether HENGAN INT'L is Hengan International Group Co. Ltd.,Low name similarity (0.579) and local name is abbreviated. No official evidence provided.,No official evidence of name change or entity relationship.
HKEX::01117,01117,HKEX,twelvedata_name_mismatch,uncertain,needs_official_evidence,needs_official_evidence,0.3,Official HKEX filings confirming whether CH MODERN D is China Modern Dairy Holdings Ltd.,Low name similarity (0.579) and local name is abbreviated. No official evidence provided.,No official evidence of name change or entity relationship.
HKEX::01890,01890,HKEX,twelvedata_name_mismatch,uncertain,needs_official_evidence,needs_official_evidence,0.3,Official HKEX filings confirming whether CHINA KEPEI is China Kepei Education Group Ltd.,Low name similarity (0.579) and local name is abbreviated. No official evidence provided.,No official evidence of name change or entity relationship.
HKEX::02299,02299,HKEX,twelvedata_name_mismatch,uncertain,needs_official_evidence,needs_official_evidence,0.3,Official issuer name or ISIN to confirm if 'Billion Industrial Holdings Ltd.' is the same as 'BILLION IND'.,Low name similarity (0.579) but both appear to refer to the same entity. No official evidence provided.,No official evidence to confirm identity.
HKEX::02315,02315,HKEX,twelvedata_name_mismatch,uncertain,needs_official_evidence,needs_official_evidence,0.3,Official issuer name or ISIN to confirm if 'Biocytogen Pharmaceuticals Co. Ltd.' is the same as 'BIOCYTOGEN-B'.,Low name similarity (0.579) but both appear to refer to the same entity. No official evidence provided.,No official evidence to confirm identity.
HKEX::03628,03628,HKEX,twelvedata_name_mismatch,uncertain,needs_official_evidence,needs_official_evidence,0.3,Official issuer name or ISIN to confirm if 'Renheng Enterprise Holdings Limited' is the same as 'RENHENG ENT'.,Low name similarity (0.579) but both appear to refer to the same entity. No official evidence provided.,No official evidence to confirm identity.
HKEX::03919,03919,HKEX,twelvedata_name_mismatch,uncertain,needs_official_evidence,needs_official_evidence,0.3,Official issuer name or ISIN to confirm if 'Golden Power Group Holdings Ltd.' is the same as 'GOLDENPOWER'.,Low name similarity (0.579) but both appear to refer to the same entity. No official evidence provided.,No official evidence to confirm identity.
HKEX::08540,08540,HKEX,twelvedata_name_mismatch,uncertain,needs_official_evidence,needs_official_evidence,0.3,Official issuer name or ISIN to confirm if 'Victory Securities Holdings Co. Ltd.' is the same as 'VICTORY SEC'.,Low name similarity (0.579) but both appear to refer to the same entity. No official evidence provided.,No official evidence to confirm identity.
HKEX::09677,09677,HKEX,twelvedata_name_mismatch,uncertain,needs_official_evidence,needs_official_evidence,0.3,Official issuer name or ISIN to confirm if 'Weihai City Commercial Bank Co. Ltd.' is the same as 'WEIHAI BANK'.,Low name similarity (0.579) but both appear to refer to the same entity. No official evidence provided.,No official evidence to confirm identity.
LSE::0KWZ,0KWZ,LSE,twelvedata_name_mismatch,uncertain,needs_official_evidence,needs_official_evidence,0.3,Official issuer name or ISIN to confirm if 'Rio Tinto Plc Sponsored ADR' is the same as 'Rio Tinto Group'.,Low name similarity (0.579) and different security type (ADR vs common stock). No official evidence provided.,No official evidence to confirm identity.
LSE::72HN,72HN,LSE,twelvedata_name_mismatch,uncertain,needs_official_evidence,needs_official_evidence,0.3,Official issuer name or ISIN to confirm if 'Merchants Trust PLC Preferred Stock 3.65% Perpetual' is the same as 'MERCHANTS TRUST PLC 3.65% CUM PRF #1'.,Low name similarity (0.579) but both appear to refer to the same preferred stock. No official evidence provided.,No official evidence to confirm identity.
B3::NEXP3,NEXP3,B3,twelvedata_name_mismatch,uncertain,needs_official_evidence,needs_official_evidence,0.3,Official issuer name or ISIN to confirm if 'Nexpe S.A.' is the same as 'NEXPE PARTICIPAÇÕES S.A'.,Low name similarity (0.581) but both appear to refer to the same entity. No official evidence provided.,No official evidence to confirm identity.
HKEX::01857,01857,HKEX,twelvedata_name_mismatch,uncertain,needs_official_evidence,needs_official_evidence,0.3,Official issuer name or ISIN to confirm if 'China Everbright Water Limited' is the same as 'CEB WATER'.,Low name similarity (0.581) but both appear to refer to the same entity. No official evidence provided.,No official evidence to confirm identity.
HKEX::01986,01986,HKEX,twelvedata_name_mismatch,uncertain,needs_official_evidence,needs_official_evidence,0.3,"Official issuer name or ISIN to confirm if 'Tsaker New Energy Tech Co., Limited' is the same as 'TSAKER NE'.",Low name similarity (0.581) but both appear to refer to the same entity. No official evidence provided.,No official evidence to confirm identity.
HKEX::02511,02511,HKEX,twelvedata_name_mismatch,uncertain,needs_official_evidence,needs_official_evidence,0.3,Official issuer name or ISIN to confirm if 'Hightide Therapeutics Inc.' is the same as 'HIGHTIDE-B'.,Low name similarity (0.581) but both appear to refer to the same entity. No official evidence provided.,No official evidence to confirm identity.
HKEX::08026,08026,HKEX,twelvedata_name_mismatch,uncertain,needs_official_evidence,needs_official_evidence,0.3,Official issuer name or ISIN to confirm if 'China Brilliant Global Ltd.' is the same as 'CB GLOBAL'.,Low name similarity (0.581) but both appear to refer to the same entity. No official evidence provided.,No official evidence to confirm identity.
LSE::NTEA,NTEA,LSE,twelvedata_name_mismatch,uncertain,needs_official_evidence,needs_official_evidence,0.3,Official issuer name or ISIN to confirm if 'Northern Electric Plc Preferred Stock 8.061% Perpetual' is the same as 'Northern Electric plc 8.061P(NET)CUM IRRD PRF 1P'.,Low name similarity (0.581) but both appear to refer to the same preferred stock. No official evidence provided.,No official evidence to confirm identity.
B3::VHFA11,VHFA11,B3,twelvedata_name_mismatch,uncertain,needs_official_evidence,needs_official_evidence,0.3,Official issuer name or ISIN to confirm if 'Valora Securitizadora Agro FIAGRO Imobiliário Fundo de Investimento' is the same as 'VALORA HEDGE FUND AGRO – FIAGRO – IMOB RESP LIM'.,Low name similarity (0.582) but both appear to refer to the same fund. No official evidence provided.,No official evidence to confirm identity.
ASX::CC9,CC9,ASX,twelvedata_name_mismatch,uncertain,needs_official_evidence,needs_official_evidence,0.3,Official issuer name or ISIN to confirm if 'Chariot Corporation Limited' is the same as 'CHARIOT RESOURCES LTD'.,Low name similarity (0.583) but both appear to refer to the same entity. No official evidence provided.,No official evidence to confirm identity.
HKEX::01049,01049,HKEX,twelvedata_name_mismatch,uncertain,needs_official_evidence,needs_official_evidence,0.3,Official issuer name or ISIN to confirm if 'Celestial Asia Securities Holdings Ltd.' is the same as 'CELESTIAL ASIA'.,Low name similarity (0.583) but both appear to refer to the same entity. No official evidence provided.,No official evidence to confirm identity.
HKEX::01539,01539,HKEX,twelvedata_name_mismatch,uncertain,needs_official_evidence,needs_official_evidence,0.3,Official issuer name or ISIN to confirm if 'Unity Group Holdings International Ltd.' is the same as 'UNITY GP HLDGS'.,Low name similarity (0.583) but both appear to refer to the same entity. No official evidence provided.,No official evidence to confirm identity.
HKEX::06636,06636,HKEX,twelvedata_name_mismatch,uncertain,needs_official_evidence,needs_official_evidence,0.3,"Official issuer name or ISIN to confirm if 'Shandong Extreme Vision Technology Co., Ltd.' is the same as 'EXTREME VISION'.",Low name similarity (0.583) but both appear to refer to the same entity. No official evidence provided.,No official evidence to confirm identity.
HKEX::06666,06666,HKEX,twelvedata_name_mismatch,uncertain,needs_official_evidence,needs_official_evidence,0.3,Official issuer name or ISIN to confirm if 'Evergrande Property Services Group Ltd.' is the same as 'EVERG SERVICES'.,Low name similarity (0.583) but both appear to refer to the same entity. No official evidence provided.,No official evidence to confirm identity.
HKEX::08406,08406,HKEX,twelvedata_name_mismatch,uncertain,needs_official_evidence,needs_official_evidence,0.3,Official corporate filings or exchange listing data to confirm whether 'China Oral Industry Group Holdings Limited' is the same entity as 'CHINA ORAL IND'.,Name similarity is low (0.583). The local name is abbreviated; the Twelve Data name is full. No official evidence provided to confirm identity.,No official evidence to confirm same issuer.
HKEX::08481,08481,HKEX,twelvedata_name_mismatch,uncertain,needs_official_evidence,needs_official_evidence,0.3,Official corporate filings or exchange listing data to confirm whether 'Shenglong Splendecor International Ltd.' is the same entity as 'SHENGLONG INTL'.,Name similarity is low (0.583). The local name is abbreviated; the Twelve Data name is full. No official evidence provided to confirm identity.,No official evidence to confirm same issuer.
LSE::0JN9,0JN9,LSE,twelvedata_name_mismatch,uncertain,needs_official_evidence,needs_official_evidence,0.3,Official corporate filings or exchange listing data to confirm whether 'DSV A/S' is the same entity as 'DSV Panalpina A/S' (possibly a name change).,Name similarity is low (0.583). The local name includes 'Panalpina' which may indicate a merger or name change. No official evidence provided.,No official evidence to confirm same issuer or name change.
LSE::DUKE,DUKE,LSE,twelvedata_name_mismatch,uncertain,needs_official_evidence,needs_official_evidence,0.3,Official corporate filings or exchange listing data to confirm whether 'Duke Capital Ltd.' is the same entity as 'Duke Royalty Ltd' (possibly a name change).,Name similarity is low (0.583). The local name is 'Duke Royalty Ltd' while Twelve Data has 'Duke Capital Ltd.'. No official evidence provided.,No official evidence to confirm same issuer or name change.
LSE::HAMA,HAMA,LSE,twelvedata_name_mismatch,uncertain,needs_official_evidence,needs_official_evidence,0.3,Official corporate filings or exchange listing data to confirm whether 'Hamak Strategy Limited' is the same entity as 'Hamak Gold Ltd'.,Name similarity is low (0.583). The local name is 'Hamak Gold Ltd' while Twelve Data has 'Hamak Strategy Limited'. No official evidence provided.,No official evidence to confirm same issuer.
TSE::6420,6420,TSE,twelvedata_name_mismatch,uncertain,needs_official_evidence,needs_official_evidence,0.3,"Official corporate filings or exchange listing data to confirm whether 'Fukushima Galilei Co., Ltd.' is the same entity as 'GALILEI CO.LTD.' (possibly a name change or subsidiary).","Name similarity is low (0.583). The local name is 'GALILEI CO.LTD.' while Twelve Data has 'Fukushima Galilei Co., Ltd.'. No official evidence provided.",No official evidence to confirm same issuer.
B3::CEBR6,CEBR6,B3,twelvedata_name_mismatch,uncertain,needs_official_evidence,needs_official_evidence,0.3,Official corporate filings or exchange listing data to confirm whether 'Companhia Energética de Brasília Preferred Stock Class B' is the same security as 'CIA ENERGETICA DE BRASILIA'.,Name similarity is low (0.585). The local name is abbreviated and does not specify share class; Twelve Data includes 'Preferred Stock Class B'. No official evidence provided.,No official evidence to confirm same security and share class.
B3::EDGA11,EDGA11,B3,twelvedata_name_mismatch,uncertain,needs_official_evidence,needs_official_evidence,0.3,Official fund documents or exchange listing data to confirm whether 'FII BM Edificio Galeria' is the same fund as 'FDO INV IMOB - FII EDIFÍCIO GALERIA RESP LIM'.,Name similarity is low (0.585). The local name is a long Portuguese description; Twelve Data name is shorter. No official evidence provided.,No official evidence to confirm same fund.
HKEX::01050,01050,HKEX,twelvedata_name_mismatch,uncertain,needs_official_evidence,needs_official_evidence,0.3,Official corporate filings or exchange listing data to confirm whether 'Karrie International Holdings Ltd.' is the same entity as 'KARRIE INT'L'.,Name similarity is low (0.585). The local name is abbreviated; the Twelve Data name is full. No official evidence provided.,No official evidence to confirm same issuer.
HKEX::01446,01446,HKEX,twelvedata_name_mismatch,uncertain,needs_official_evidence,needs_official_evidence,0.3,Official corporate filings or exchange listing data to confirm whether 'Hung Fook Tong Group Holdings Limited' is the same entity as 'HUNGFOOKTONG'.,Name similarity is low (0.585). The local name is abbreviated; the Twelve Data name is full. No official evidence provided.,No official evidence to confirm same issuer.
HKEX::01899,01899,HKEX,twelvedata_name_mismatch,uncertain,needs_official_evidence,needs_official_evidence,0.3,Official corporate filings or exchange listing data to confirm whether 'Xingda International Holdings Limited' is the same entity as 'XINGDA INT'L'.,Name similarity is low (0.585). The local name is abbreviated; the Twelve Data name is full. No official evidence provided.,No official evidence to confirm same issuer.
HKEX::02086,02086,HKEX,twelvedata_name_mismatch,uncertain,needs_official_evidence,needs_official_evidence,0.3,Official corporate filings or exchange listing data to confirm whether 'Leadway Technology Investment Ltd.' is the same entity as 'LEADWAY TECH'.,Name similarity is low (0.585). The local name is abbreviated; the Twelve Data name is full. No official evidence provided.,No official evidence to confirm same issuer.
HKEX::02531,02531,HKEX,twelvedata_name_mismatch,uncertain,needs_official_evidence,needs_official_evidence,0.3,Official corporate filings or exchange listing data to confirm whether 'GL-Carlink Technology Holding Limited' is the same entity as 'CARLINK TECH'.,Name similarity is low (0.585). The local name is abbreviated; the Twelve Data name includes 'GL-'. No official evidence provided.,No official evidence to confirm same issuer.
HKEX::06816,06816,HKEX,twelvedata_name_mismatch,uncertain,needs_official_evidence,needs_official_evidence,0.3,Official corporate filings or exchange listing data to confirm whether 'Prosper Construction Holdings Ltd.' is the same entity as 'PROSPER CONS'.,Name similarity is low (0.585). The local name is abbreviated; the Twelve Data name is full. No official evidence provided.,No official evidence to confirm same issuer.
HKEX::08048,08048,HKEX,twelvedata_name_mismatch,uncertain,needs_official_evidence,needs_official_evidence,0.3,Official corporate filings or exchange listing data to confirm whether 'Yu Tak International Holdings Ltd.' is the same entity as 'YU TAK INT'L'.,Name similarity is low (0.585). The local name is abbreviated; the Twelve Data name is full. No official evidence provided.,No official evidence to confirm same issuer.
HKEX::08080,08080,HKEX,twelvedata_name_mismatch,uncertain,needs_official_evidence,needs_official_evidence,0.3,Official corporate filings or exchange listing data to confirm whether 'North Asia Strategic Holdings Limited' is the same entity as 'NAS HOLDINGS'.,Name similarity is low (0.585). The local name is abbreviated; the Twelve Data name is full. No official evidence provided.,No official evidence to confirm same issuer.
HKEX::08117,08117,HKEX,twelvedata_name_mismatch,uncertain,needs_official_evidence,needs_official_evidence,0.3,Official corporate filings or exchange listing data to confirm whether 'China Primary Energy Holdings Ltd.' is the same entity as 'CHI P ENERGY'.,Name similarity is low (0.585). The local name is abbreviated; the Twelve Data name is full. No official evidence provided.,No official evidence to confirm same issuer.
LSE::0KEP,0KEP,LSE,twelvedata_name_mismatch,uncertain,needs_official_evidence,needs_official_evidence,0.3,Official corporate filings or exchange listing data to confirm whether 'Kempower Oyj' is the same entity as 'KEMPOWER OYJ KEMPOWER ORD SHS'.,Name similarity is low (0.585). The local name includes 'KEMPOWER ORD SHS' while Twelve Data is shorter. No official evidence provided.,No official evidence to confirm same issuer.
TSE::3547,3547,TSE,twelvedata_name_mismatch,uncertain,needs_official_evidence,needs_official_evidence,0.3,Official corporate filings or exchange listing data to confirm whether 'Kushikatsu Tanaka Holdings Co. Ltd.' is the same entity as 'UNISIA HOLDINGS CO.' (possibly a name change).,Name similarity is low (0.585). The local name is 'UNISIA HOLDINGS CO.' while Twelve Data has 'Kushikatsu Tanaka Holdings Co. Ltd.'. No official evidence provided.,No official evidence to confirm same issuer or name change.
LSE::0M3L,0M3L,LSE,twelvedata_name_mismatch,uncertain,needs_official_evidence,needs_official_evidence,0.3,"Official corporate filings or exchange listing data to confirm whether 'Zions Bancorporation, National Association' is the same entity as 'Zions Bancorp N.A.'.","Name similarity is low (0.586). The local name is 'Zions Bancorp N.A.' while Twelve Data has 'Zions Bancorporation, National Association'. No official evidence provided.",No official evidence to confirm same issuer.
B3::BTLG11,BTLG11,B3,twelvedata_name_mismatch,uncertain,needs_official_evidence,needs_official_evidence,0.3,"Official documents (e.g., prospectus, regulatory filings) confirming the full legal name of the issuer and whether 'FII BTG Pactual Logística' is the same entity as 'BTG PACTUAL LOGISTICA FDO INV IMOB RESP LIM'.","Name similarity is low (0.588). Both appear to refer to a Brazilian real estate investment fund, but the local name is in Portuguese and the Twelve Data name is in Spanish/Portuguese mix. Without official evidence, cannot confirm they are the same security.",No official evidence provided to confirm identity.
B3::HFOF11,HFOF11,B3,twelvedata_name_mismatch,uncertain,needs_official_evidence,needs_official_evidence,0.3,Official documents confirming the full legal name of the issuer and whether 'Hedge Top FoFII 3 Fundo de Investimento Imobiliário – FII' is the same as 'HEDGE TOP FOFII 3 FII RESP LIM'.,"Name similarity is low (0.588). Both appear to refer to the same Brazilian FII, but the local name is abbreviated. Without official evidence, cannot confirm.",No official evidence provided to confirm identity.
B3::XPCM11,XPCM11,B3,twelvedata_name_mismatch,uncertain,needs_official_evidence,needs_official_evidence,0.3,Official documents confirming the full legal name of the issuer and whether 'XP Corporate Macaé Fundo de Investimento Imobiliário - FII' is the same as 'XP CORPORATE MACAÉ FII RESP LIM'.,"Name similarity is low (0.588). Both appear to refer to the same Brazilian FII, but the local name is abbreviated. Without official evidence, cannot confirm.",No official evidence provided to confirm identity.
BSE_IN::SYLPH,SYLPH,BSE_IN,twelvedata_name_mismatch,uncertain,needs_official_evidence,needs_official_evidence,0.3,"Official documents (e.g., company filings, exchange listings) confirming whether 'Sylph Industries Ltd' and 'Sylph Technologies Ltd.' are the same entity or if a name change occurred.","Name similarity is low (0.588). The local name is 'Sylph Industries Ltd' while Twelve Data has 'Sylph Technologies Ltd.'. These could be different companies or a name change. Without official evidence, cannot confirm.",No official evidence provided to confirm identity or name change.
HKEX::01137,01137,HKEX,twelvedata_name_mismatch,uncertain,needs_official_evidence,needs_official_evidence,0.3,"Official documents (e.g., HKEX filings, company announcements) confirming whether 'HK TECH VENTURE' is the same as 'Hong Kong Technology Venture Company Limited'.","Name similarity is low (0.588). The local name is an abbreviation; Twelve Data provides the full name. Likely the same company, but without official evidence, cannot confirm.",No official evidence provided to confirm identity.
HKEX::01138,01138,HKEX,twelvedata_name_mismatch,uncertain,needs_official_evidence,needs_official_evidence,0.3,"Official documents confirming whether 'COSCO SHIP ENGY' is the same as 'COSCO Shipping Energy Transportation Co., Ltd.'.","Name similarity is low (0.588). The local name is an abbreviation; Twelve Data provides the full name. Likely the same company, but without official evidence, cannot confirm.",No official evidence provided to confirm identity.
HKEX::01239,01239,HKEX,twelvedata_name_mismatch,uncertain,needs_official_evidence,needs_official_evidence,0.3,Official documents confirming whether 'TEAMWAY INTL GP' is the same as 'Teamway International Group Holdings Ltd.'.,"Name similarity is low (0.588). The local name is an abbreviation; Twelve Data provides the full name. Likely the same company, but without official evidence, cannot confirm.",No official evidence provided to confirm identity.
HKEX::01727,01727,HKEX,twelvedata_name_mismatch,uncertain,needs_official_evidence,needs_official_evidence,0.3,Official documents confirming whether 'HEBEI CONS' is the same as 'Hebei Construction Group Corporation Limited'.,"Name similarity is low (0.588). The local name is an abbreviation; Twelve Data provides the full name. Likely the same company, but without official evidence, cannot confirm.",No official evidence provided to confirm identity.
HKEX::01949,01949,HKEX,twelvedata_name_mismatch,uncertain,needs_official_evidence,needs_official_evidence,0.3,Official documents confirming whether 'PLATT NERA' is the same as 'Platt Nera International Ltd.'.,"Name similarity is low (0.588). The local name is an abbreviation; Twelve Data provides the full name. Likely the same company, but without official evidence, cannot confirm.",No official evidence provided to confirm identity.
HKEX::02630,02630,HKEX,twelvedata_name_mismatch,uncertain,needs_official_evidence,needs_official_evidence,0.3,"Official documents confirming whether 'VIGONVITA-B' is the same as 'Vigonvita Life Sciences Co., Ltd.'.","Name similarity is low (0.588). The local name includes '-B' suffix; Twelve Data name does not. Could be different share classes or a name change. Without official evidence, cannot confirm.",No official evidence provided to confirm identity or share class.
HKEX::02656,02656,HKEX,twelvedata_name_mismatch,uncertain,needs_official_evidence,needs_official_evidence,0.3,Official documents confirming whether '160 HEALTH' is the same as '160 Health International Limited'.,"Name similarity is low (0.588). The local name is an abbreviation; Twelve Data provides the full name. Likely the same company, but without official evidence, cannot confirm.",No official evidence provided to confirm identity.
HKEX::03320,03320,HKEX,twelvedata_name_mismatch,uncertain,needs_official_evidence,needs_official_evidence,0.3,Official documents confirming whether 'CHINARES PHARMA' is the same as 'China Resources Pharmaceutical Group Limited'.,"Name similarity is low (0.588). The local name is an abbreviation; Twelve Data provides the full name. Likely the same company, but without official evidence, cannot confirm.",No official evidence provided to confirm identity.
HKEX::03830,03830,HKEX,twelvedata_name_mismatch,uncertain,needs_official_evidence,needs_official_evidence,0.3,Official documents confirming whether 'KIDDIELAND' is the same as 'Kiddieland International Ltd.'.,"Name similarity is low (0.588). The local name is an abbreviation; Twelve Data provides the full name. Likely the same company, but without official evidence, cannot confirm.",No official evidence provided to confirm identity.
HKEX::03903,03903,HKEX,twelvedata_name_mismatch,uncertain,needs_official_evidence,needs_official_evidence,0.3,"Official documents confirming whether 'HANHUA FIN' is the same as 'Hanhua Financial Holding Co., Ltd.'.","Name similarity is low (0.588). The local name is an abbreviation; Twelve Data provides the full name. Likely the same company, but without official evidence, cannot confirm.",No official evidence provided to confirm identity.
HKEX::03986,03986,HKEX,twelvedata_name_mismatch,uncertain,needs_official_evidence,needs_official_evidence,0.3,Official documents confirming whether 'GIGADEVICE' is the same as 'GigaDevice Semiconductor Inc.'.,"Name similarity is low (0.588). The local name is an abbreviation; Twelve Data provides the full name. Likely the same company, but without official evidence, cannot confirm.",No official evidence provided to confirm identity.
HKEX::08106,08106,HKEX,twelvedata_name_mismatch,uncertain,needs_official_evidence,needs_official_evidence,0.3,Official documents confirming whether 'XINHUA LANDE' is the same as 'Shenghua Lande Scitech Ltd.'.,"Name similarity is low (0.588). The local name and Twelve Data name are quite different; could be a different company or a name change. Without official evidence, cannot confirm.",No official evidence provided to confirm identity or name change.
HKEX::08482,08482,HKEX,twelvedata_name_mismatch,uncertain,needs_official_evidence,needs_official_evidence,0.3,Official documents confirming whether 'WAN LEADER' is the same as 'Wan Leader International Ltd.'.,"Name similarity is low (0.588). The local name is an abbreviation; Twelve Data provides the full name. Likely the same company, but without official evidence, cannot confirm.",No official evidence provided to confirm identity.
LSE::0A7M,0A7M,LSE,twelvedata_name_mismatch,uncertain,needs_official_evidence,needs_official_evidence,0.3,"Official documents (e.g., LSE listing particulars, SEC filings) confirming whether 'ICICI Bank Limited' and 'ICICI Bank Limited Sponsored ADR' refer to the same security (the ADR vs. ordinary shares).","Name similarity is low (0.588). The local name does not specify ADR, while Twelve Data explicitly states 'Sponsored ADR'. These could be different securities (ordinary shares vs. ADRs). Without official evidence, cannot confirm they are the same.",No official evidence provided to confirm security type equivalence.
TSE::9029,9029,TSE,twelvedata_name_mismatch,uncertain,needs_official_evidence,needs_official_evidence,0.3,"Official documents (e.g., TSE filings, company registration) confirming whether 'HIGASHI HOLDINGS CO.,LTD.' and 'Higashi Twenty One Co., Ltd.' are the same entity or if a name change occurred.","Name similarity is low (0.588). The local name is 'HIGASHI HOLDINGS CO.,LTD.' while Twelve Data has 'Higashi Twenty One Co., Ltd.'. These could be different companies or a name change. Without official evidence, cannot confirm.",No official evidence provided to confirm identity or name change.
B3::KNSC11,KNSC11,B3,twelvedata_name_mismatch,uncertain,needs_official_evidence,needs_official_evidence,0.3,Official documents confirming the full legal name of the issuer and whether 'Kinea Securities Real Estate Investment Fund' is the same as 'KINEA SECURITIES FII RESP LIMITADA'.,"Name similarity is low (0.59). Both appear to refer to the same Brazilian FII, but the local name is in Portuguese and includes 'RESP LIMITADA'. Without official evidence, cannot confirm.",No official evidence provided to confirm identity.
B3::HSML11,HSML11,B3,twelvedata_name_mismatch,uncertain,needs_official_evidence,needs_official_evidence,0.3,Official issuer name and security type from B3 or regulatory filings to confirm if 'HSI Malls FII' is the same as 'HSI MALLS FDO INV IMOB RESP LIM'.,"Name similarity is low (0.591). Both appear to be REITs on B3, but local name is abbreviated. No official evidence provided to confirm identity.",No official evidence to confirm match or rename.
B3::KEVE11,KEVE11,B3,twelvedata_name_mismatch,uncertain,needs_official_evidence,needs_official_evidence,0.3,Official issuer name and security type from B3 or regulatory filings to confirm if 'FII Even II Kinea' is the same as 'EVEN II KINEA FUII RESP LIM'.,"Name similarity is low (0.591). Both appear to be REITs on B3, but local name is abbreviated. No official evidence provided to confirm identity.",No official evidence to confirm match or rename.
HKEX::01086,01086,HKEX,twelvedata_name_mismatch,uncertain,needs_official_evidence,needs_official_evidence,0.3,Official company name from HKEX filings to confirm if 'Goodbaby International Holdings Limited' is the full name of 'GOODBABY INTL'.,Name similarity is low (0.591). Local name is abbreviated; twelvedata name is full. Likely same issuer but no official evidence provided.,No official evidence to confirm match or rename.
HKEX::01292,01292,HKEX,twelvedata_name_mismatch,uncertain,needs_official_evidence,needs_official_evidence,0.3,"Official company name from HKEX filings to confirm if 'Changan Minsheng APLL Logistics Co., Ltd.' is the full name of 'CMA LOGISTICS'.",Name similarity is low (0.591). Local name is abbreviated; twelvedata name is full. Likely same issuer but no official evidence provided.,No official evidence to confirm match or rename.
HKEX::01323,01323,HKEX,twelvedata_name_mismatch,uncertain,needs_official_evidence,needs_official_evidence,0.3,Official company name from HKEX filings to confirm if 'Huasheng International Holdings Limited' is the full name of 'HUASHENG INTL'.,Name similarity is low (0.591). Local name is abbreviated; twelvedata name is full. Likely same issuer but no official evidence provided.,No official evidence to confirm match or rename.
HKEX::01334,01334,HKEX,twelvedata_name_mismatch,uncertain,needs_official_evidence,needs_official_evidence,0.3,Official company name from HKEX filings to confirm if 'Ruichang International Holdings Ltd.' is the full name of 'RUICHANG INTL'.,Name similarity is low (0.591). Local name is abbreviated; twelvedata name is full. Likely same issuer but no official evidence provided.,No official evidence to confirm match or rename.
HKEX::01340,01340,HKEX,twelvedata_name_mismatch,uncertain,needs_official_evidence,needs_official_evidence,0.3,Official company name from HKEX filings to confirm if 'Huisheng International Holdings Limited' is the full name of 'HUISHENG INTL'.,Name similarity is low (0.591). Local name is abbreviated; twelvedata name is full. Likely same issuer but no official evidence provided.,No official evidence to confirm match or rename.
HKEX::01380,01380,HKEX,twelvedata_name_mismatch,uncertain,needs_official_evidence,needs_official_evidence,0.3,Official company name from HKEX filings to confirm if 'China Kingstone Mining Holdings Limited' is the full name of 'CHI KINGSTONE'.,Name similarity is low (0.591). Local name is abbreviated; twelvedata name is full. Likely same issuer but no official evidence provided.,No official evidence to confirm match or rename.
HKEX::01518,01518,HKEX,twelvedata_name_mismatch,uncertain,needs_official_evidence,needs_official_evidence,0.3,Official company name from HKEX filings to confirm if 'New Century Healthcare Holdings Co. Ltd.' is the full name of 'NC HEALTHCARE'.,Name similarity is low (0.591). Local name is abbreviated; twelvedata name is full. Likely same issuer but no official evidence provided.,No official evidence to confirm match or rename.
HKEX::01581,01581,HKEX,twelvedata_name_mismatch,uncertain,needs_official_evidence,needs_official_evidence,0.3,Official company name from HKEX filings to confirm if 'Progressive Path Group Holdings Limited' is the full name of 'PROGRESSIVE P'.,Name similarity is low (0.591). Local name is abbreviated; twelvedata name is full. Likely same issuer but no official evidence provided.,No official evidence to confirm match or rename.
HKEX::01732,01732,HKEX,twelvedata_name_mismatch,uncertain,needs_official_evidence,needs_official_evidence,0.3,Official company name from HKEX filings to confirm if 'Xiangxing International Holding Ltd.' is the full name of 'XIANGXING INT'.,Name similarity is low (0.591). Local name is abbreviated; twelvedata name is full. Likely same issuer but no official evidence provided.,No official evidence to confirm match or rename.
HKEX::02122,02122,HKEX,twelvedata_name_mismatch,uncertain,needs_official_evidence,needs_official_evidence,0.3,Official company name from HKEX filings to confirm if 'Kidsland International Holdings Limited' is the full name of 'KIDSLAND INTL'.,Name similarity is low (0.591). Local name is abbreviated; twelvedata name is full. Likely same issuer but no official evidence provided.,No official evidence to confirm match or rename.
HKEX::02349,02349,HKEX,twelvedata_name_mismatch,uncertain,needs_official_evidence,needs_official_evidence,0.3,Official company name from HKEX filings to confirm if 'China City Infrastructure Group Limited' is the full name of 'CH CITY INFRA'.,Name similarity is low (0.591). Local name is abbreviated; twelvedata name is full. Likely same issuer but no official evidence provided.,No official evidence to confirm match or rename.
HKEX::03833,03833,HKEX,twelvedata_name_mismatch,uncertain,needs_official_evidence,needs_official_evidence,0.3,Official company name from HKEX filings to confirm if 'Xinjiang Xinxin Mining Industry Co. Ltd.' is the full name of 'XINXIN MINING'.,Name similarity is low (0.591). Local name is abbreviated; twelvedata name is full. Likely same issuer but no official evidence provided.,No official evidence to confirm match or rename.
HKEX::03978,03978,HKEX,twelvedata_name_mismatch,uncertain,needs_official_evidence,needs_official_evidence,0.3,Official company name from HKEX filings to confirm if 'China Beststudy Education Group' is the full name of 'BESTSTUDY EDU'.,Name similarity is low (0.591). Local name is abbreviated; twelvedata name is full. Likely same issuer but no official evidence provided.,No official evidence to confirm match or rename.
HKEX::08143,08143,HKEX,twelvedata_name_mismatch,uncertain,needs_official_evidence,needs_official_evidence,0.3,Official company name from HKEX filings to confirm if 'Good Fellow Healthcare Holdings Ltd.' is the full name of 'GF HEALTHCARE'.,Name similarity is low (0.591). Local name is abbreviated; twelvedata name is full. Likely same issuer but no official evidence provided.,No official evidence to confirm match or rename.
HKEX::08277,08277,HKEX,twelvedata_name_mismatch,uncertain,needs_official_evidence,needs_official_evidence,0.3,Official company name from HKEX filings to confirm if 'Steed Oriental Holdings Company Limited' is the full name of 'STEEDORIENTAL'.,Name similarity is low (0.591). Local name is abbreviated; twelvedata name is full. Likely same issuer but no official evidence provided.,No official evidence to confirm match or rename.
ASX::OCN,OCN,ASX,twelvedata_name_mismatch,uncertain,needs_official_evidence,needs_official_evidence,0.3,Official company name from ASX filings to confirm if 'Oceana Lithium Limited' is the same as 'OCEANA METALS LIMITED' or if a name change occurred.,"Name similarity is low (0.593). Local name mentions 'Metals', twelvedata name mentions 'Lithium'. Could be a rename or different entity. No official evidence provided.",No official evidence to confirm match or rename.
B3::PQAG11,PQAG11,B3,twelvedata_name_mismatch,uncertain,needs_official_evidence,needs_official_evidence,0.3,Official issuer name and security type from B3 or regulatory filings to confirm if 'Parque Anhanguera Fundo de Investimento Imobiliário' is the same as 'PARQUE ANHANGUERA FII RESP LIM'.,"Name similarity is low (0.593). Both appear to be REITs on B3, but local name is abbreviated. No official evidence provided to confirm identity.",No official evidence to confirm match or rename.
LSE::KNM,KNM,LSE,twelvedata_name_mismatch,uncertain,needs_official_evidence,needs_official_evidence,0.3,Official company name from LSE filings to confirm if 'Konami Group Corporation' is the same as 'Konami Holdings Corp' or if a name change occurred.,"Name similarity is low (0.593). Local name says 'Holdings Corp', twelvedata says 'Group Corporation'. Could be a rename. No official evidence provided.",No official evidence to confirm match or rename.
B3::CEBR5,CEBR5,B3,twelvedata_name_mismatch,uncertain,needs_official_evidence,needs_official_evidence,0.3,Official issuer name and security type for ticker CEBR5 on B3 to confirm if it is the same as Companhia Energetica de Minas Gerais Preferred A or a different entity.,"Local name 'CIA ENERGETICA DE BRASILIA' differs from Twelve Data name 'Companhia Energetica de Minas Gerais Preferred A'. Low name similarity (0.595) and different cities suggest possible different securities, but no official evidence is provided.",No official evidence to confirm identity or rename.
B3::HREC11,HREC11,B3,twelvedata_name_mismatch,uncertain,needs_official_evidence,needs_official_evidence,0.3,Official issuer name and security type for ticker HREC11 on B3 to confirm if it matches 'Hedge Recebíveis Fundo de Investimento Imobiliário'.,"Local name 'HEDGE RECEBIVEIS IMOB. FII RESP LIM' is an abbreviation of the Twelve Data name. Low name similarity (0.595) due to abbreviation, but likely the same security. However, no official evidence is provided.",No official evidence to confirm identity.
B3::KNHF11,KNHF11,B3,twelvedata_name_mismatch,uncertain,needs_official_evidence,needs_official_evidence,0.3,Official issuer name and security type for ticker KNHF11 on B3 to confirm if it matches 'Kinea Hedge Fundo de Investimento Imobiliário'.,"Local name 'KINEA HEDGE FUND FII RESP LIM' is an abbreviation of the Twelve Data name. Low name similarity (0.595) due to abbreviation, but likely the same security. However, no official evidence is provided.",No official evidence to confirm identity.
HKEX::01181,01181,HKEX,twelvedata_name_mismatch,uncertain,needs_official_evidence,needs_official_evidence,0.3,Official issuer name for ticker 01181 on HKEX to confirm if it is 'Tang Palace (China) Holdings Limited' or a different entity.,"Local name 'TANG PALACE' is an abbreviation of the Twelve Data name. Low name similarity (0.595) due to abbreviation, but likely the same security. However, no official evidence is provided.",No official evidence to confirm identity.
HKEX::01720,01720,HKEX,twelvedata_name_mismatch,uncertain,needs_official_evidence,needs_official_evidence,0.3,Official issuer name for ticker 01720 on HKEX to confirm if it is 'Putian Communication Group Limited' or a different entity.,"Local name 'PUTIAN COMM' is an abbreviation of the Twelve Data name. Low name similarity (0.595) due to abbreviation, but likely the same security. However, no official evidence is provided.",No official evidence to confirm identity.
HKEX::01760,01760,HKEX,twelvedata_name_mismatch,uncertain,needs_official_evidence,needs_official_evidence,0.3,Official issuer name for ticker 01760 on HKEX to confirm if it is 'Intron Technology Holdings Limited' or a different entity.,"Local name 'INTRON TECH' is an abbreviation of the Twelve Data name. Low name similarity (0.595) due to abbreviation, but likely the same security. However, no official evidence is provided.",No official evidence to confirm identity.
HKEX::01778,01778,HKEX,twelvedata_name_mismatch,uncertain,needs_official_evidence,needs_official_evidence,0.3,"Official issuer name for ticker 01778 on HKEX to confirm if it is 'Colour Life Services Group Co., Ltd.' or a different entity.","Local name 'COLOUR LIFE' is an abbreviation of the Twelve Data name. Low name similarity (0.595) due to abbreviation, but likely the same security. However, no official evidence is provided.",No official evidence to confirm identity.
HKEX::01911,01911,HKEX,twelvedata_name_mismatch,uncertain,needs_official_evidence,needs_official_evidence,0.3,Official issuer name for ticker 01911 on HKEX to confirm if it is 'China Renaissance Holdings Limited' or a different entity.,"Local name 'CR HOLDINGS' is an abbreviation of the Twelve Data name. Low name similarity (0.595) due to abbreviation, but likely the same security. However, no official evidence is provided.",No official evidence to confirm identity.
HKEX::02128,02128,HKEX,twelvedata_name_mismatch,uncertain,needs_official_evidence,needs_official_evidence,0.3,Official issuer name for ticker 02128 on HKEX to confirm if it is 'China Lesso Group Holdings Limited' or a different entity.,"Local name 'CHINA LESSO' is an abbreviation of the Twelve Data name. Low name similarity (0.595) due to abbreviation, but likely the same security. However, no official evidence is provided.",No official evidence to confirm identity.
HKEX::02236,02236,HKEX,twelvedata_name_mismatch,uncertain,needs_official_evidence,needs_official_evidence,0.3,Official issuer name for ticker 02236 on HKEX to confirm if it is 'Wison Engineering Services Co. Ltd.' or a different entity.,"Local name 'WISON ENGRG' is an abbreviation of the Twelve Data name. Low name similarity (0.595) due to abbreviation, but likely the same security. However, no official evidence is provided.",No official evidence to confirm identity.
HKEX::02263,02263,HKEX,twelvedata_name_mismatch,uncertain,needs_official_evidence,needs_official_evidence,0.3,Official issuer name for ticker 02263 on HKEX to confirm if it is 'Fu Shek Financial Holdings Limited' or a different entity.,"Local name 'FU SHEK FIN' is an abbreviation of the Twelve Data name. Low name similarity (0.595) due to abbreviation, but likely the same security. However, no official evidence is provided.",No official evidence to confirm identity.
HKEX::03606,03606,HKEX,twelvedata_name_mismatch,uncertain,needs_official_evidence,needs_official_evidence,0.3,Official issuer name for ticker 03606 on HKEX to confirm if it is 'Fuyao Glass Industry Group Co. Ltd.' or a different entity.,"Local name 'FUYAO GLASS' is an abbreviation of the Twelve Data name. Low name similarity (0.595) due to abbreviation, but likely the same security. However, no official evidence is provided.",No official evidence to confirm identity.
HKEX::08432,08432,HKEX,twelvedata_name_mismatch,uncertain,needs_official_evidence,needs_official_evidence,0.3,Official issuer name for ticker 08432 on HKEX to confirm if it is 'Bar Pacific Group Holdings Limited' or a different entity.,"Local name 'BAR PACIFIC' is an abbreviation of the Twelve Data name. Low name similarity (0.595) due to abbreviation, but likely the same security. However, no official evidence is provided.",No official evidence to confirm identity.
HKEX::80175,80175,HKEX,twelvedata_name_mismatch,uncertain,needs_official_evidence,needs_official_evidence,0.3,Official issuer name for ticker 80175 on HKEX to confirm if it is 'Geely Automobile Holdings Ltd' or a different entity.,"Local name 'GEELY AUTO-R' is an abbreviation of the Twelve Data name. Low name similarity (0.595) due to abbreviation, but likely the same security. However, no official evidence is provided.",No official evidence to confirm identity.
LSE::0IUV,0IUV,LSE,twelvedata_name_mismatch,uncertain,needs_official_evidence,needs_official_evidence,0.3,Official issuer name for ticker 0IUV on LSE to confirm if it is 'TotalEnergies EP Gabon' or 'Total Gabon S.A.'.,Local name 'Total Gabon S.A.' differs from Twelve Data name 'TotalEnergies EP Gabon'. Low name similarity (0.595) suggests possible rename or different entity. No official evidence provided.,No official evidence to confirm identity or rename.
B3::HSRE11,HSRE11,B3,twelvedata_name_mismatch,uncertain,needs_official_evidence,needs_official_evidence,0.3,Official issuer name and security type for ticker HSRE11 on B3 to confirm if it matches 'HSI Renda Imobiliária Fundo de Investimento Imobiliário'.,"Local name 'HSI RENDA IMOB FDO INV IMOB RESPONSABILIDADE LTDA' is an abbreviation of the Twelve Data name. Low name similarity (0.596) due to abbreviation, but likely the same security. However, no official evidence is provided.",No official evidence to confirm identity.
HKEX::01455,01455,HKEX,twelvedata_name_mismatch,uncertain,needs_official_evidence,needs_official_evidence,0.3,Official issuer name for ticker 01455 on HKEX to confirm if it is 'Fourace Industries Group Holdings Limited' or a different entity.,"Local name 'FOURACE IND GP' is an abbreviation of the Twelve Data name. Low name similarity (0.596) due to abbreviation, but likely the same security. However, no official evidence is provided.",No official evidence to confirm identity.
HKEX::01822,01822,HKEX,twelvedata_name_mismatch,uncertain,needs_official_evidence,needs_official_evidence,0.3,Official issuer name for ticker 01822 on HKEX to confirm if it is 'China Wood International Holdings Limited' or a different entity.,"Local name 'CHINA WOOD INT' is an abbreviation of the Twelve Data name. Low name similarity (0.596) due to abbreviation, but likely the same security. However, no official evidence is provided.",No official evidence to confirm identity.
HKEX::02521,02521,HKEX,twelvedata_name_mismatch,uncertain,needs_official_evidence,needs_official_evidence,0.3,Official issuer name for ticker 02521 on HKEX to confirm if it is 'Shenghui Cleanness Group Holdings Limited' or a different entity.,"Local name 'SHENGHUI CLEAN' is an abbreviation of the Twelve Data name. Low name similarity (0.596) due to abbreviation, but likely the same security. However, no official evidence is provided.",No official evidence to confirm identity.
HKEX::06083,06083,HKEX,twelvedata_name_mismatch,uncertain,needs_official_evidence,needs_official_evidence,0.3,Official issuer name for ticker 06083 on HKEX to confirm if it is 'World-Link Logistics Asia Holding Ltd.' or a different entity.,"Local name 'WORLD-LINK LOG' is an abbreviation of the Twelve Data name. Low name similarity (0.596) due to abbreviation, but likely the same security. However, no official evidence is provided.",No official evidence to confirm identity.
HKEX::06193,06193,HKEX,twelvedata_name_mismatch,uncertain,needs_official_evidence,needs_official_evidence,0.3,Official issuer name and any name change history for Tailam Tech Construction Holdings Limited on HKEX.,Local name 'TAILAM TECHCON' is an abbreviation; Twelve Data name is full legal name. Low name score (0.596) but likely same entity. No official evidence provided to confirm.,No official evidence of name equivalence or change.
LSE::0GWB,0GWB,LSE,twelvedata_name_mismatch,uncertain,needs_official_evidence,needs_official_evidence,0.3,Official issuer name for Lundbergforetagen AB on LSE and any name change or share class details.,Local name includes 'L E ser. B' indicating share class; Twelve Data name is 'Lundbergs AB Class B shares'. Likely same entity but missing official evidence.,No official evidence confirming share class mapping.
LSE::0RHU,0RHU,LSE,twelvedata_name_mismatch,uncertain,needs_official_evidence,needs_official_evidence,0.3,Official issuer name for Flughafen Wien AG on LSE.,Local name 'Flughafen Wien AG' vs Twelve Data 'Flughafen Wien Aktiengesellschaft' (AG = Aktiengesellschaft). Likely same entity but no official evidence.,No official evidence of name equivalence.
ASX::AZ9,AZ9,ASX,twelvedata_name_mismatch,uncertain,needs_official_evidence,needs_official_evidence,0.3,Official issuer name for Asian Battery Metals PLC on ASX and whether CDIs are the same security.,Local name 'ASIAN BATTERY METALS PLC' vs Twelve Data 'Asian Battery Metals PLC Chess Depository Interests'. Type mismatch (Common Stock vs Depositary Receipt). Needs official evidence to confirm if CDI represents the same economic interest.,No official evidence confirming CDI equivalence.
B3::VPPR11,VPPR11,B3,twelvedata_name_mismatch,uncertain,needs_official_evidence,needs_official_evidence,0.3,Official issuer name for V2 Prime Properties FII on B3.,Local name 'V2 PRIME PROPERTIES FII RESP LIM' vs Twelve Data 'V2 Prime Property Real Estate Investment Fund'. Likely same entity but no official evidence.,No official evidence of name equivalence.
LSE::0HV2,0HV2,LSE,twelvedata_name_mismatch,uncertain,needs_official_evidence,needs_official_evidence,0.3,Official issuer name for Hermes International SCA on LSE.,Local name 'Hermes International SCA' vs Twelve Data 'Hermès International Société en commandite par actions'. SCA is same legal form. Likely same entity but no official evidence.,No official evidence of name equivalence.
B3::BLMO11,BLMO11,B3,twelvedata_name_mismatch,uncertain,needs_official_evidence,needs_official_evidence,0.3,Official issuer name for VBI Office Fund II on B3.,Local name 'VBI OFFICE FUND II - FII RESP LIM' vs Twelve Data 'VBI Office Fund II Fundo de Investimento Imobiliário – FII'. Likely same entity but no official evidence.,No official evidence of name equivalence.
B3::FIIP11,FIIP11,B3,twelvedata_name_mismatch,uncertain,needs_official_evidence,needs_official_evidence,0.3,Official issuer name for RB Capital Renda I on B3.,Local name 'RB CAPITAL RENDA I - FII - RESP LIM' vs Twelve Data 'RB Capital Renda I Fundo de Investimento Imobiliário FII'. Likely same entity but no official evidence.,No official evidence of name equivalence.
B3::TRXB11,TRXB11,B3,twelvedata_name_mismatch,uncertain,needs_official_evidence,needs_official_evidence,0.3,Official issuer name for TRX Real Estate II on B3.,Local name 'TRX REAL ESTATE II FII RESP LIM' vs Twelve Data 'TRX Real Estate II Fundo de Investimento Imobiliário - FII'. Likely same entity but no official evidence.,No official evidence of name equivalence.
B3::IGTI4,IGTI4,B3,twelvedata_name_mismatch,uncertain,needs_official_evidence,needs_official_evidence,0.3,Official issuer name for Iguatemi S.A. on B3 and share class details.,Local name 'IGUATEMI S.A.' vs Twelve Data 'Iguatemi S.A. Preferred Stock'. Type mismatch (Common Stock vs Preferred Stock). Needs official evidence to confirm if ticker IGTI4 corresponds to preferred shares.,No official evidence of share class mapping.
B3::RCSL4,RCSL4,B3,twelvedata_name_mismatch,uncertain,needs_official_evidence,needs_official_evidence,0.3,Official issuer name for Recrusul S.A. on B3 and share class details.,Local name 'RECRUSUL S.A.' vs Twelve Data 'Recrusul S.A. Preferred Stock'. Type mismatch (Common Stock vs Preferred Stock). Needs official evidence to confirm if ticker RCSL4 corresponds to preferred shares.,No official evidence of share class mapping.
BSE_IN::EMBDL,EMBDL,BSE_IN,twelvedata_name_mismatch,uncertain,needs_official_evidence,needs_official_evidence,0.3,Official issuer name for Embassy Developments Ltd on BSE and any name change to Equinox India Developments.,Local name 'Embassy Developments Ltd' vs Twelve Data 'Equinox India Developments L.P.'. Different names; could be a name change or different entity. No official evidence provided.,No official evidence of name change or equivalence.
BSE_IN::KEYCORP,KEYCORP,BSE_IN,twelvedata_name_mismatch,uncertain,needs_official_evidence,needs_official_evidence,0.3,Official issuer name for Key Corporation Ltd on BSE and any name change to KeyCorp Ltd.,Local name 'Key Corporation Ltd' vs Twelve Data 'KeyCorp Ltd.'. Similar but not identical; could be a name change. No official evidence.,No official evidence of name change.
BSE_IN::SHARP,SHARP,BSE_IN,twelvedata_name_mismatch,uncertain,needs_official_evidence,needs_official_evidence,0.3,Official issuer name for Sharp India Ltd on BSE and whether Sharpline Broadcast Ltd is a different entity.,Local name 'Sharp India Ltd' vs Twelve Data 'Sharpline Broadcast Ltd'. Completely different names; likely different entities. No official evidence to confirm.,No official evidence to confirm if same or different security.
HKEX::01004,01004,HKEX,twelvedata_name_mismatch,uncertain,needs_official_evidence,needs_official_evidence,0.3,Official issuer name for C SmarterEnergy on HKEX and any name change to China Smarter Energy Group Holdings.,Local name 'C SMARTERENERGY' vs Twelve Data 'China Smarter Energy Group Holdings Ltd.'. Abbreviation vs full name; likely same entity but no official evidence.,No official evidence of name equivalence.
HKEX::01011,01011,HKEX,twelvedata_name_mismatch,uncertain,needs_official_evidence,needs_official_evidence,0.3,Official issuer name for NT Pharma on HKEX and any name change to China NT Pharma Group.,"Local name 'NT PHARMA' vs Twelve Data 'China NT Pharma Group Co., Ltd.'. Abbreviation vs full name; likely same entity but no official evidence.",No official evidence of name equivalence.
HKEX::01216,01216,HKEX,twelvedata_name_mismatch,uncertain,needs_official_evidence,needs_official_evidence,0.3,Official issuer name for ZYBANK on HKEX and any name change to Zhongyuan Bank.,"Local name 'ZYBANK' vs Twelve Data 'Zhongyuan Bank Co., Ltd.'. Abbreviation vs full name; likely same entity but no official evidence.",No official evidence of name equivalence.
HKEX::01220,01220,HKEX,twelvedata_name_mismatch,uncertain,needs_official_evidence,needs_official_evidence,0.3,Official issuer name for Zhidao Int'l on HKEX and any name change to Zhidao International Holding Corp.,Local name 'ZHIDAO INT'L' vs Twelve Data 'Zhidao International Holding Corp.'. Abbreviation vs full name; likely same entity but no official evidence.,No official evidence of name equivalence.
HKEX::01303,01303,HKEX,twelvedata_name_mismatch,uncertain,needs_official_evidence,needs_official_evidence,0.3,Official issuer name for Huili Res on HKEX and any name change to Huili Resources Group.,Local name 'HUILI RES' vs Twelve Data 'Huili Resources Group Ltd.'. Abbreviation vs full name; likely same entity but no official evidence.,No official evidence of name equivalence.
HKEX::01541,01541,HKEX,twelvedata_name_mismatch,uncertain,needs_official_evidence,needs_official_evidence,0.3,Official issuer name for Immuneonco-B on HKEX and any name change to Immuneonco Biopharmaceutical Inc.,Local name 'IMMUNEONCO-B' vs Twelve Data 'Immuneonco Biopharmaceutical Inc.'. Abbreviation vs full name; likely same entity but no official evidence.,No official evidence of name equivalence.
HKEX::01623,01623,HKEX,twelvedata_name_mismatch,uncertain,needs_official_evidence,needs_official_evidence,0.3,Official issuer name from HKEX filings or prospectus to confirm if 'Hilong Holding Ltd.' matches 'HILONG'.,Local name 'HILONG' is abbreviated; Twelve Data name 'Hilong Holding Ltd.' appears plausible but no official evidence provided.,No official evidence to confirm match.
HKEX::01798,01798,HKEX,twelvedata_name_mismatch,uncertain,needs_official_evidence,needs_official_evidence,0.3,"Official issuer name from HKEX filings or prospectus to confirm if 'China Datang Corporation Renewable Power Co., Ltd.' matches 'DATANG RENEW'.",Local name 'DATANG RENEW' is abbreviated; Twelve Data name is full legal name but no official evidence provided.,No official evidence to confirm match.
HKEX::01861,01861,HKEX,twelvedata_name_mismatch,uncertain,needs_official_evidence,needs_official_evidence,0.3,Official issuer name from HKEX filings or prospectus to confirm if 'Precious Dragon Technology Holdings Limited' matches 'PRECIOUS DRAGON'.,Local name 'PRECIOUS DRAGON' is abbreviated; Twelve Data name is full legal name but no official evidence provided.,No official evidence to confirm match.
HKEX::01888,01888,HKEX,twelvedata_name_mismatch,uncertain,needs_official_evidence,needs_official_evidence,0.3,Official issuer name from HKEX filings or prospectus to confirm if 'Kingboard Laminates Holdings Ltd.' matches 'KB LAMINATES'.,Local name 'KB LAMINATES' is abbreviated; Twelve Data name is full legal name but no official evidence provided.,No official evidence to confirm match.
HKEX::01889,01889,HKEX,twelvedata_name_mismatch,uncertain,needs_official_evidence,needs_official_evidence,0.3,Official issuer name from HKEX filings or prospectus to confirm if 'Sanai Health Industry Group Company Limited' matches 'SANAI HEALTH GP'.,Local name 'SANAI HEALTH GP' is abbreviated; Twelve Data name is full legal name but no official evidence provided.,No official evidence to confirm match.
HKEX::01961,01961,HKEX,twelvedata_name_mismatch,uncertain,needs_official_evidence,needs_official_evidence,0.3,Official issuer name from HKEX filings or prospectus to confirm if 'Infinities Technology International Inc.' matches 'INFINITIES TECH'.,Local name 'INFINITIES TECH' is abbreviated; Twelve Data name is full legal name but no official evidence provided.,No official evidence to confirm match.
HKEX::02271,02271,HKEX,twelvedata_name_mismatch,uncertain,needs_official_evidence,needs_official_evidence,0.3,Official issuer name from HKEX filings or prospectus to confirm if 'Zhong An Intelligent Living Service Ltd.' matches 'ZHONGAN SERVICE'.,Local name 'ZHONGAN SERVICE' is abbreviated; Twelve Data name is full legal name but no official evidence provided.,No official evidence to confirm match.
HKEX::02418,02418,HKEX,twelvedata_name_mismatch,uncertain,needs_official_evidence,needs_official_evidence,0.3,"Official issuer name from HKEX filings or prospectus to confirm if 'Deewin Tianxia Co., Ltd.' matches 'DEEWIN'.",Local name 'DEEWIN' is abbreviated; Twelve Data name is full legal name but no official evidence provided.,No official evidence to confirm match.
HKEX::02439,02439,HKEX,twelvedata_name_mismatch,uncertain,needs_official_evidence,needs_official_evidence,0.3,Official issuer name from HKEX filings or prospectus to confirm if 'China Treasures New Materials Group Ltd' matches 'CH TREASURES NM'.,Local name 'CH TREASURES NM' is abbreviated; Twelve Data name is full legal name but no official evidence provided.,No official evidence to confirm match.
HKEX::02506,02506,HKEX,twelvedata_name_mismatch,uncertain,needs_official_evidence,needs_official_evidence,0.3,"Official issuer name from HKEX filings or prospectus to confirm if 'Xunfei Healthcare Technology Co., Ltd.' matches 'XUNFEIHEALTH'.",Local name 'XUNFEIHEALTH' is abbreviated; Twelve Data name is full legal name but no official evidence provided.,No official evidence to confirm match.
HKEX::02637,02637,HKEX,twelvedata_name_mismatch,uncertain,needs_official_evidence,needs_official_evidence,0.3,"Official issuer name from HKEX filings or prospectus to confirm if 'Fujian Haixi Pharmaceuticals Co., Ltd.' matches 'HAIXI PHARMA'.",Local name 'HAIXI PHARMA' is abbreviated; Twelve Data name is full legal name but no official evidence provided.,No official evidence to confirm match.
HKEX::06169,06169,HKEX,twelvedata_name_mismatch,uncertain,needs_official_evidence,needs_official_evidence,0.3,Official issuer name from HKEX filings or prospectus to confirm if 'China YuHua Education Corporation Limited' matches 'YUHUA EDU'.,Local name 'YUHUA EDU' is abbreviated; Twelve Data name is full legal name but no official evidence provided.,No official evidence to confirm match.
HKEX::08005,08005,HKEX,twelvedata_name_mismatch,uncertain,needs_official_evidence,needs_official_evidence,0.3,Official issuer name from HKEX filings or prospectus to confirm if 'Yuxing InfoTech Investment Holdings Limited' matches 'YUXING INFOTECH'.,Local name 'YUXING INFOTECH' is abbreviated; Twelve Data name is full legal name but no official evidence provided.,No official evidence to confirm match.
HKEX::08189,08189,HKEX,twelvedata_name_mismatch,uncertain,needs_official_evidence,needs_official_evidence,0.3,"Official issuer name from HKEX filings or prospectus to confirm if 'Tianjin Teda Biomedical Engineering Co., Ltd.' matches 'TEDA BIOMEDICAL'.",Local name 'TEDA BIOMEDICAL' is abbreviated; Twelve Data name is full legal name but no official evidence provided.,No official evidence to confirm match.
HKEX::08280,08280,HKEX,twelvedata_name_mismatch,uncertain,needs_official_evidence,needs_official_evidence,0.3,Official issuer name from HKEX filings or prospectus to confirm if 'China Digital Video Holdings Ltd.' matches 'CDV HOLDINGS'.,Local name 'CDV HOLDINGS' is abbreviated; Twelve Data name is full legal name but no official evidence provided.,No official evidence to confirm match.
HKEX::08349,08349,HKEX,twelvedata_name_mismatch,uncertain,needs_official_evidence,needs_official_evidence,0.3,"Official issuer name from HKEX filings or prospectus to confirm if 'Yunhong Guixin Group Holding Co., Ltd.' matches 'GUIXIN GROUP'.",Local name 'GUIXIN GROUP' is abbreviated; Twelve Data name is full legal name but no official evidence provided.,No official evidence to confirm match.
HKEX::08431,08431,HKEX,twelvedata_name_mismatch,uncertain,needs_official_evidence,needs_official_evidence,0.3,Official issuer name from HKEX filings or prospectus to confirm if 'Hao Bai International Cayman Limited' matches 'HAO BAI INTL'.,Local name 'HAO BAI INTL' is abbreviated; Twelve Data name is full legal name but no official evidence provided.,No official evidence to confirm match.
HKEX::08657,08657,HKEX,twelvedata_name_mismatch,uncertain,needs_official_evidence,needs_official_evidence,0.3,Official issuer name from HKEX filings or prospectus to confirm if 'True Partner Capital Holding Limited' matches 'TRUE PARTNER'.,Local name 'TRUE PARTNER' is abbreviated; Twelve Data name is full legal name but no official evidence provided.,No official evidence to confirm match.
HKEX::81024,81024,HKEX,twelvedata_name_mismatch,uncertain,needs_official_evidence,needs_official_evidence,0.3,Official issuer name from HKEX filings or prospectus to confirm if 'Kuaishou Technology' matches 'KUAISHOU-WR' (WR suffix indicates warrant/rights).,Local name includes '-WR' suffix suggesting a different security type; Twelve Data name is 'Kuaishou Technology' without suffix. No official evidence provided.,No official evidence to confirm match or differentiate security type.
LSE::0BOE,0BOE,LSE,twelvedata_name_mismatch,uncertain,needs_official_evidence,needs_official_evidence,0.3,Official issuer name from LSE filings or prospectus to confirm if 'Boeing Company' matches 'Boeing Co.'.,Local name 'Boeing Co.' and Twelve Data name 'Boeing Company' are very similar but no official evidence provided.,No official evidence to confirm match.
LSE::0HM0,0HM0,LSE,twelvedata_name_mismatch,uncertain,needs_official_evidence,needs_official_evidence,0.3,Official issuer name from regulatory filing or company website to confirm whether 'VGP N.V.' or 'VGP NV' is correct.,Name similarity score 0.6 indicates possible same entity but minor abbreviation difference. No official evidence provided to confirm.,No official evidence to confirm correct name.
LSE::0I0J,0I0J,LSE,twelvedata_name_mismatch,uncertain,needs_official_evidence,needs_official_evidence,0.3,Official issuer name from regulatory filing or company website to confirm whether 'Clorox Co.' or 'The Clorox Company' is correct.,Name similarity score 0.6 indicates possible same entity but minor difference in legal name. No official evidence provided.,No official evidence to confirm correct name.
LSE::0K3B,0K3B,LSE,twelvedata_name_mismatch,uncertain,needs_official_evidence,needs_official_evidence,0.3,Official issuer name from regulatory filing or company website to confirm whether 'Mosaic Co.' or 'Mosaic Company' is correct.,Name similarity score 0.6 indicates possible same entity but minor abbreviation difference. No official evidence provided.,No official evidence to confirm correct name.
LSE::0K8N,0K8N,LSE,twelvedata_name_mismatch,uncertain,needs_official_evidence,needs_official_evidence,0.3,Official issuer name from regulatory filing or company website to confirm whether 'Beneteau SA' or 'Bénéteau S.A.' is correct.,Name similarity score 0.6 indicates possible same entity but minor difference in punctuation and accent. No official evidence provided.,No official evidence to confirm correct name.
LSE::0NWK,0NWK,LSE,twelvedata_name_mismatch,uncertain,needs_official_evidence,needs_official_evidence,0.3,Official issuer name from regulatory filing or company website to confirm whether 'Valerio Therapeutics' or 'Valerio Tx Corp.' is correct.,Name similarity score 0.6 indicates possible same entity but significant abbreviation difference. No official evidence provided.,No official evidence to confirm correct name.
LSE::0OQ2,0OQ2,LSE,twelvedata_name_mismatch,uncertain,needs_official_evidence,needs_official_evidence,0.3,Official issuer name from regulatory filing or company website to confirm whether 'SOGECLAIR SA SOGECLAIR ORD SHS' or 'Sogeclair S.A.' is correct.,Name similarity score 0.6 indicates possible same entity but local name includes extra text. No official evidence provided.,No official evidence to confirm correct name.
LSE::0QGH,0QGH,LSE,twelvedata_name_mismatch,uncertain,needs_official_evidence,needs_official_evidence,0.3,Official issuer name from regulatory filing or company website to confirm whether 'OCI NV' or 'OCI N.V.' is correct.,Name similarity score 0.6 indicates possible same entity but minor punctuation difference. No official evidence provided.,No official evidence to confirm correct name.
LSE::0QMI,0QMI,LSE,twelvedata_name_mismatch,uncertain,needs_official_evidence,needs_official_evidence,0.3,Official issuer name from regulatory filing or company website to confirm whether 'SGS S.A.' or 'SGS SA' is correct.,Name similarity score 0.6 indicates possible same entity but minor punctuation difference. No official evidence provided.,No official evidence to confirm correct name.
NSE_IN::ENIFTY,ENIFTY,NSE_IN,twelvedata_name_mismatch,uncertain,needs_official_evidence,needs_official_evidence,0.3,Official issuer name from regulatory filing or company website to confirm whether 'EDELAMC - ENIFTY' or 'ENIFTY' is correct.,Name similarity score 0.6 indicates possible same entity but local name includes fund manager prefix. No official evidence provided.,No official evidence to confirm correct name.
TSE::4592,4592,TSE,twelvedata_name_mismatch,uncertain,needs_official_evidence,needs_official_evidence,0.3,"Official issuer name from regulatory filing or company website to confirm whether 'SanBio Company Limited' or 'SanBio Co., Ltd.' is correct.",Name similarity score 0.6 indicates possible same entity but minor difference in legal suffix. No official evidence provided.,No official evidence to confirm correct name.
TSE::4881,4881,TSE,twelvedata_name_mismatch,uncertain,needs_official_evidence,needs_official_evidence,0.3,"Official issuer name from regulatory filing or company website to confirm whether 'FunPep Company Limited' or 'Funpep Co., Ltd.' is correct.",Name similarity score 0.6 indicates possible same entity but minor difference in capitalization and suffix. No official evidence provided.,No official evidence to confirm correct name.
TSE::5380,5380,TSE,twelvedata_name_mismatch,uncertain,needs_official_evidence,needs_official_evidence,0.3,Official issuer name from regulatory filing or company website to confirm whether 'SHINTO COMPANY LIMITED' or 'Shinto Co. Ltd.' is correct.,Name similarity score 0.6 indicates possible same entity but minor difference in capitalization and suffix. No official evidence provided.,No official evidence to confirm correct name.
TSE::6513,6513,TSE,twelvedata_name_mismatch,uncertain,needs_official_evidence,needs_official_evidence,0.3,"Official issuer name from regulatory filing or company website to confirm whether 'Origin Company,Limited' or 'Origin Co., Ltd.' is correct.",Name similarity score 0.6 indicates possible same entity but minor difference in punctuation and suffix. No official evidence provided.,No official evidence to confirm correct name.
TSE::7447,7447,TSE,twelvedata_name_mismatch,uncertain,needs_official_evidence,needs_official_evidence,0.3,"Official issuer name from regulatory filing or company website to confirm whether 'NAGAILEBEN Co.,Ltd.' or 'Nagase & Co., Ltd.' is correct.",Name similarity score 0.6 indicates possible different entities (Nagai Leben vs Nagase). No official evidence provided.,No official evidence to confirm correct name.
TSE::8136,8136,TSE,twelvedata_name_mismatch,uncertain,needs_official_evidence,needs_official_evidence,0.3,"Official issuer name from regulatory filing or company website to confirm whether 'Sanrio Company,Ltd.' or 'Sanrio Co., Ltd.' is correct.",Name similarity score 0.6 indicates possible same entity but minor difference in punctuation and suffix. No official evidence provided.,No official evidence to confirm correct name.
B3::BBFO11,BBFO11,B3,twelvedata_name_mismatch,uncertain,needs_official_evidence,needs_official_evidence,0.3,Official issuer name from regulatory filing or fund prospectus to confirm whether 'BB FUNDO DE FUNDOS - FII RESP LIM' or 'BB Fundo De Fundos Fundo De Investimento Imobiliário' is correct.,Name similarity score 0.602 indicates possible same entity but local name is abbreviated. No official evidence provided.,No official evidence to confirm correct name.
B3::OUJP11,OUJP11,B3,twelvedata_name_mismatch,uncertain,needs_official_evidence,needs_official_evidence,0.3,Official issuer name from regulatory filing or fund prospectus to confirm whether 'OURINVEST JPP FII RESP LIM' or 'FII Ourinvest JPP' is correct.,Name similarity score 0.605 indicates possible same entity but local name is abbreviated. No official evidence provided.,No official evidence to confirm correct name.
HKEX::01090,01090,HKEX,twelvedata_name_mismatch,uncertain,needs_official_evidence,needs_official_evidence,0.3,Official issuer name from regulatory filing or company website to confirm whether 'DA MING INT'L' or 'Da Ming International Holdings Limited' is correct.,Name similarity score 0.605 indicates possible same entity but local name is abbreviated. No official evidence provided.,No official evidence to confirm correct name.
HKEX::01235,01235,HKEX,twelvedata_name_mismatch,uncertain,needs_official_evidence,needs_official_evidence,0.3,Official issuer name from regulatory filing or company website to confirm whether 'TRAVEL EXPERT' or 'Travel Expert Asia Enterprises Limited' is correct.,Name similarity score 0.605 indicates possible same entity but local name is abbreviated. No official evidence provided.,No official evidence to confirm correct name.
HKEX::01882,01882,HKEX,twelvedata_name_mismatch,uncertain,needs_official_evidence,needs_official_evidence,0.3,Official issuer name from regulatory filing or company website to confirm whether 'HAITIAN INT'L' or 'Haitian International Holdings Ltd.' is correct.,Name similarity score 0.605 indicates possible same entity but local name is abbreviated. No official evidence provided.,No official evidence to confirm correct name.
HKEX::02210,02210,HKEX,twelvedata_name_mismatch,uncertain,needs_official_evidence,needs_official_evidence,0.3,"Official issuer name and any name change history for ticker 02210 on HKEX. Verify if Beijing Capital Jiaye Property Co., Ltd. is the same entity as BEIJING JIAYE.","Low name similarity (0.605) between local name 'BEIJING JIAYE' and Twelve Data name 'Beijing Capital Jiaye Property Co., Ltd.'. No official evidence provided to confirm identity or rename.",No official evidence to confirm whether this is a rename or different security.
HKEX::02382,02382,HKEX,twelvedata_name_mismatch,uncertain,needs_official_evidence,needs_official_evidence,0.3,"Official issuer name and any name change history for ticker 02382 on HKEX. Verify if Sunny Optical Technology Group Co., Ltd. is the same entity as SUNNY OPTICAL.","Low name similarity (0.605) between local name 'SUNNY OPTICAL' and Twelve Data name 'Sunny Optical Technology Group Co., Ltd.'. No official evidence provided.",No official evidence to confirm whether this is a rename or different security.
HKEX::02668,02668,HKEX,twelvedata_name_mismatch,uncertain,needs_official_evidence,needs_official_evidence,0.3,Official issuer name and any name change history for ticker 02668 on HKEX. Verify if Pak Tak International Holdings Limited is the same entity as PAK TAK INT'L.,Low name similarity (0.605) between local name 'PAK TAK INT'L' and Twelve Data name 'Pak Tak International Holdings Limited'. No official evidence provided.,No official evidence to confirm whether this is a rename or different security.
HKEX::03363,03363,HKEX,twelvedata_name_mismatch,uncertain,needs_official_evidence,needs_official_evidence,0.3,"Official issuer name and any name change history for ticker 03363 on HKEX. Verify if Zhengye International Holdings Co., Ltd. is the same entity as ZHENGYE INT'L.","Low name similarity (0.605) between local name 'ZHENGYE INT'L' and Twelve Data name 'Zhengye International Holdings Co., Ltd.'. No official evidence provided.",No official evidence to confirm whether this is a rename or different security.
LSE::TRAF,TRAF,LSE,twelvedata_name_mismatch,uncertain,needs_official_evidence,needs_official_evidence,0.3,Official issuer name and any name change history for ticker TRAF on LSE. Verify if Trafalgar Property Group Plc is the same entity as Trafalgar New Homes Plc.,Low name similarity (0.605) between local name 'Trafalgar New Homes Plc' and Twelve Data name 'Trafalgar Property Group Plc'. No official evidence provided.,No official evidence to confirm whether this is a rename or different security.
B3::HGIC11,HGIC11,B3,twelvedata_name_mismatch,uncertain,needs_official_evidence,needs_official_evidence,0.3,Official issuer name and any name change history for ticker HGIC11 on B3. Verify if FII HGI Crédito Imobiliário - Fundo de Investimento Imobiliário is the same entity as HGI CRÉDITOS IMOBILIÁRIOS FII RESP LIM.,Low name similarity (0.606) between local name and Twelve Data name. No official evidence provided.,No official evidence to confirm whether this is a rename or different security.
HKEX::02479,02479,HKEX,twelvedata_name_mismatch,uncertain,needs_official_evidence,needs_official_evidence,0.3,"Official issuer name and any name change history for ticker 02479 on HKEX. Verify if Tianju Dihe Suzhou Data Co., Ltd. is the same entity as TIANJUDIHE.","Low name similarity (0.606) between local name 'TIANJUDIHE' and Twelve Data name 'Tianju Dihe Suzhou Data Co., Ltd.'. No official evidence provided.",No official evidence to confirm whether this is a rename or different security.
HKEX::06158,06158,HKEX,twelvedata_name_mismatch,uncertain,needs_official_evidence,needs_official_evidence,0.3,Official issuer name and any name change history for ticker 06158 on HKEX. Verify if Zhenro Properties Group Ltd. is the same entity as ZHENRO PPT.,Low name similarity (0.606) between local name 'ZHENRO PPT' and Twelve Data name 'Zhenro Properties Group Ltd.'. No official evidence provided.,No official evidence to confirm whether this is a rename or different security.
HKEX::06188,06188,HKEX,twelvedata_name_mismatch,uncertain,needs_official_evidence,needs_official_evidence,0.3,Official issuer name and any name change history for ticker 06188 on HKEX. Verify if Beijing Digital Telecom Co. is the same entity as BJ DIGITAL.,Low name similarity (0.606) between local name 'BJ DIGITAL' and Twelve Data name 'Beijing Digital Telecom Co.'. No official evidence provided.,No official evidence to confirm whether this is a rename or different security.
HKEX::08319,08319,HKEX,twelvedata_name_mismatch,uncertain,needs_official_evidence,needs_official_evidence,0.3,Official issuer name and any name change history for ticker 08319 on HKEX. Verify if Expert Systems Holdings Ltd. is the same entity as EXPERT SYS.,Low name similarity (0.606) between local name 'EXPERT SYS' and Twelve Data name 'Expert Systems Holdings Ltd.'. No official evidence provided.,No official evidence to confirm whether this is a rename or different security.
LSE::0REZ,0REZ,LSE,twelvedata_name_mismatch,uncertain,needs_official_evidence,needs_official_evidence,0.3,Official issuer name and any name change history for ticker 0REZ on LSE. Verify if AddLife AB (publ) Class B is the same entity as AddLife AB.,Low name similarity (0.606) between local name 'AddLife AB' and Twelve Data name 'AddLife AB (publ) Class B'. No official evidence provided.,No official evidence to confirm whether this is a rename or different security.
B3::ITIT11,ITIT11,B3,twelvedata_name_mismatch,uncertain,needs_official_evidence,needs_official_evidence,0.3,"Official documents (e.g., fund prospectus, regulatory filings) to confirm whether the local name 'INTER TEVA INDICE DE TIJOLO FI RESP LIM' and the twelvedata name 'FII Inter IT Qualidade Imobiliária FII' refer to the same REIT or are different securities.","Low name similarity (0.519) and different naming conventions suggest possible rename or different security, but no official evidence is provided to decide.",No official evidence to confirm identity or rename.
BSE_IN::MACH,MACH,BSE_IN,twelvedata_name_mismatch,uncertain,needs_official_evidence,needs_official_evidence,0.3,Official corporate filings or exchange records to verify whether 'Mac Hotels Ltd' changed its name to 'McDowell Holdings Ltd.' or if these are distinct entities.,"Low name similarity (0.519) and different company names indicate possible rename or different security, but no official evidence is provided.",No official evidence to confirm rename or distinct issuer.
HKEX::01756,01756,HKEX,twelvedata_name_mismatch,uncertain,needs_official_evidence,needs_official_evidence,0.3,Official HKEX filings or company announcements to confirm whether 'CHI SCI&EDU IND' is the same as 'China Vocational Education Holdings Limited' or a different entity.,"Low name similarity (0.519) and abbreviated local name vs full twelvedata name suggest possible rename or different security, but no official evidence is provided.",No official evidence to confirm identity or rename.
HKEX::01787,01787,HKEX,twelvedata_name_mismatch,uncertain,needs_official_evidence,needs_official_evidence,0.3,"Official HKEX filings or company announcements to confirm whether 'SD GOLD' is the same as 'Shandong Gold Mining Co., Ltd.' or a different entity.","Low name similarity (0.519) and abbreviated local name vs full twelvedata name suggest possible rename or different security, but no official evidence is provided.",No official evidence to confirm identity or rename.
HKEX::01853,01853,HKEX,twelvedata_name_mismatch,uncertain,needs_official_evidence,needs_official_evidence,0.3,Official HKEX filings or company announcements to confirm whether 'CHUNCHENG HEAT' is the same as 'Jilin Province Chuncheng Heating Company Limited' or a different entity.,"Low name similarity (0.519) and abbreviated local name vs full twelvedata name suggest possible rename or different security, but no official evidence is provided.",No official evidence to confirm identity or rename.
HKEX::01953,01953,HKEX,twelvedata_name_mismatch,uncertain,needs_official_evidence,needs_official_evidence,0.3,Official issuer name from HKEX filings or listing documents to confirm whether 'RIMBACO' corresponds to 'Rimbaco Group Global Ltd.',Low name similarity (0.519) between local name 'RIMBACO' and Twelve Data name 'Rimbaco Group Global Ltd.'; no official evidence provided to confirm identity.,Insufficient evidence to determine if names refer to same security.
HKEX::03601,03601,HKEX,twelvedata_name_mismatch,uncertain,needs_official_evidence,needs_official_evidence,0.3,Official issuer name from HKEX filings or listing documents to confirm whether 'LUDASHI' corresponds to '360 Ludashi Holdings Ltd.',Low name similarity (0.519) between local name 'LUDASHI' and Twelve Data name '360 Ludashi Holdings Ltd.'; no official evidence provided to confirm identity.,Insufficient evidence to determine if names refer to same security.
HKEX::03968,03968,HKEX,twelvedata_name_mismatch,uncertain,needs_official_evidence,needs_official_evidence,0.3,"Official issuer name from HKEX filings or listing documents to confirm whether 'CM BANK' corresponds to 'China Merchants Bank Co., Ltd.'","Low name similarity (0.519) between local name 'CM BANK' and Twelve Data name 'China Merchants Bank Co., Ltd.'; no official evidence provided to confirm identity.",Insufficient evidence to determine if names refer to same security.
LSE::0QWA,0QWA,LSE,twelvedata_name_mismatch,uncertain,needs_official_evidence,needs_official_evidence,0.3,"Official issuer name from LSE filings or listing documents to confirm whether 'Logista' corresponds to 'Logista Integral, S.A.'","Low name similarity (0.519) between local name 'Logista' and Twelve Data name 'Logista Integral, S.A.'; no official evidence provided to confirm identity.",Insufficient evidence to determine if names refer to same security.
HKEX::01321,01321,HKEX,twelvedata_name_mismatch,uncertain,needs_official_evidence,needs_official_evidence,0.3,Official issuer name from HKEX filings or listing documents to confirm whether 'CHINA NEWCITY' corresponds to 'China New City Commercial Development Ltd.',Low name similarity (0.52) between local name 'CHINA NEWCITY' and Twelve Data name 'China New City Commercial Development Ltd.'; no official evidence provided to confirm identity.,Insufficient evidence to determine if names refer to same security.
HKEX::02313,02313,HKEX,twelvedata_name_mismatch,uncertain,needs_official_evidence,needs_official_evidence,0.3,Official issuer name from HKEX filings or prospectus to confirm whether 'Shenzhou International Group Holdings Ltd.' is the same entity as 'SHENZHOU INTL'.,Name similarity is low (0.52). Local name is abbreviated; TwelveData name is full. No official evidence provided to confirm identity.,No official evidence to confirm match or mismatch.
HKEX::02778,02778,HKEX,twelvedata_name_mismatch,uncertain,needs_official_evidence,needs_official_evidence,0.3,Official issuer name from HKEX filings or REIT documentation to confirm whether 'Champion Real Estate Investment Trust' is the same entity as 'CHAMPION REIT'.,Name similarity is low (0.52). Local name is abbreviated; TwelveData name is full. No official evidence provided to confirm identity.,No official evidence to confirm match or mismatch.
HKEX::06826,06826,HKEX,twelvedata_name_mismatch,uncertain,needs_official_evidence,needs_official_evidence,0.3,Official issuer name from HKEX filings or prospectus to confirm whether 'Shanghai Haohai Biological Technology Co. Ltd.' is the same entity as 'HAOHAI BIOTEC'.,Name similarity is low (0.52). Local name is abbreviated; TwelveData name is full. No official evidence provided to confirm identity.,No official evidence to confirm match or mismatch.
HKEX::87001,87001,HKEX,twelvedata_name_mismatch,uncertain,needs_official_evidence,needs_official_evidence,0.3,Official issuer name from HKEX filings or REIT documentation to confirm whether 'Hui Xian Real Estate Investment Trust' is the same entity as 'HUI XIAN REIT'.,Name similarity is low (0.52). Local name is abbreviated; TwelveData name is full. No official evidence provided to confirm identity.,No official evidence to confirm match or mismatch.
BSE_IN::PURPLE,PURPLE,BSE_IN,twelvedata_name_mismatch,uncertain,needs_official_evidence,needs_official_evidence,0.3,Official issuer name from BSE filings or corporate registry to confirm whether 'Purple Agrotech Industries Ltd' and 'Purple Entertainment Ltd.' are the same entity or different.,Name similarity is low (0.522). Local name and TwelveData name differ significantly. No official evidence provided to confirm identity or rename history.,No official evidence to confirm match or mismatch.
BSE_IN::RIDDHI,RIDDHI,BSE_IN,twelvedata_name_mismatch,uncertain,needs_official_evidence,needs_official_evidence,0.3,Official company filings or exchange data to confirm whether Riddhi Siddhi Gluco Biols Ltd. renamed to Riddhi Steel and Tube Ltd. or if these are distinct entities.,Local name 'Riddhi Siddhi Gluco Biols Ltd-$' differs from Twelve Data name 'Riddhi Steel and Tube Ltd.' with low name similarity score. No official evidence of a name change or relationship is provided.,No official evidence to confirm rename or different security.
HKEX::01278,01278,HKEX,twelvedata_name_mismatch,uncertain,needs_official_evidence,needs_official_evidence,0.3,Official HKEX filings or company announcements to verify if 'CHINANEWTOWN' is the same as 'China New Town Development Company Limited'.,Local name 'CHINANEWTOWN' is abbreviated; Twelve Data name is full. Low name similarity score. No official evidence linking the two.,No official evidence to confirm identity.
HKEX::01333,01333,HKEX,twelvedata_name_mismatch,uncertain,needs_official_evidence,needs_official_evidence,0.3,Official HKEX filings or company announcements to verify if 'BRETON' corresponds to 'Breton Technology Co. Ltd.'.,Local name 'BRETON' is abbreviated; Twelve Data name is full. Low name similarity score. No official evidence provided.,No official evidence to confirm identity.
HKEX::01415,01415,HKEX,twelvedata_name_mismatch,uncertain,needs_official_evidence,needs_official_evidence,0.3,Official HKEX filings or company announcements to verify if 'COWELL' is the same as 'Cowell e Holdings Inc.'.,Local name 'COWELL' is abbreviated; Twelve Data name is full. Low name similarity score. No official evidence provided.,No official evidence to confirm identity.
HKEX::01820,01820,HKEX,twelvedata_name_mismatch,uncertain,needs_official_evidence,needs_official_evidence,0.3,Official HKEX filings or company announcements to verify if 'PM PACKAGING' is the same as 'Pacific Millennium Packaging Group Corporation'.,Local name 'PM PACKAGING' is abbreviated; Twelve Data name is full. Low name similarity score. No official evidence provided.,No official evidence to confirm identity.
