reason_code,priority,ticker,exchange,mic_code,local_name,twelvedata_name,twelvedata_type,name_score,candidate_action,validation_status,listing_key,twelvedata_exchange,review_batch
low_name_similarity|severe_name_mismatch,P2,AYUHD,ASX,XASX,Australian Unity Limited,,Common Stock,0.0,deepseek_classify_rename_vs_different_security,pending_deepseek_review,ASX::AYUHD,ASX,batch_c_high_value_international
low_name_similarity|severe_name_mismatch,P2,PASUFIN,BSE_IN,XBOM,Pasupati Fincap Ltd,,Common Stock,0.0,deepseek_classify_rename_vs_different_security,pending_deepseek_review,BSE_IN::PASUFIN,BSE,batch_c_high_value_international
low_name_similarity|severe_name_mismatch,P2,03958,HKEX,XHKG,DFZQ,"Orient Securities Co., Ltd.",Common Stock,0.0,deepseek_classify_rename_vs_different_security,pending_deepseek_review,HKEX::03958,HKEX,batch_c_high_value_international
low_name_similarity|severe_name_mismatch,P2,09890,HKEX,XHKG,TANWAN,ZX Inc.,Common Stock,0.0,deepseek_classify_rename_vs_different_security,pending_deepseek_review,HKEX::09890,HKEX,batch_c_high_value_international
low_name_similarity|severe_name_mismatch,P2,0QK3,LSE,XLON,Dufry AG,Avolta AG,Common Stock,0.0,deepseek_classify_rename_vs_different_security,pending_deepseek_review,LSE::0QK3,LSE,batch_c_high_value_international
low_name_similarity|severe_name_mismatch,P2,299A,TSE,XJPX,"Kurashiru,Inc.",Dely Inc,Common Stock,0.0,deepseek_classify_rename_vs_different_security,pending_deepseek_review,TSE::299A,JPX,batch_c_high_value_international
low_name_similarity|severe_name_mismatch,P2,3423,TSE,XJPX,S E Corporation,Se Corp,Common Stock,0.0,deepseek_classify_rename_vs_different_security,pending_deepseek_review,TSE::3423,JPX,batch_c_high_value_international
low_name_similarity|severe_name_mismatch,P2,01757,HKEX,XHKG,GLOBAL CHI-1K,Affluent Foundation Holdings,Common Stock,0.049,deepseek_classify_rename_vs_different_security,pending_deepseek_review,HKEX::01757,HKEX,batch_c_high_value_international
low_name_similarity|severe_name_mismatch,P2,67GX,LSE,XLON,ZIGUP PLC 5% CUM PRF 50P,Redde Northgate PLC,Common Stock,0.059,deepseek_classify_rename_vs_different_security,pending_deepseek_review,LSE::67GX,LSE,batch_c_high_value_international
low_name_similarity|severe_name_mismatch,P2,3358,TSE,XJPX,"Trailhead Global Holdings,Inc.","Y.S. Food Co., Ltd.",Common Stock,0.061,deepseek_classify_rename_vs_different_security,pending_deepseek_review,TSE::3358,JPX,batch_c_high_value_international
low_name_similarity|severe_name_mismatch,P2,01833,HKEX,XHKG,PA GOODDOCTOR,Ping An Healthcare and Technology Company Limited,Common Stock,0.074,deepseek_classify_rename_vs_different_security,pending_deepseek_review,HKEX::01833,HKEX,batch_c_high_value_international
low_name_similarity|severe_name_mismatch,P2,0N9V,LSE,XLON,Esso Societe Anonyme Francaise SA,North Atlantic Energies,Common Stock,0.075,deepseek_classify_rename_vs_different_security,pending_deepseek_review,LSE::0N9V,LSE,batch_c_high_value_international
low_name_similarity|severe_name_mismatch,P2,7686,TSE,XJPX,"HitoMile Co.,Ltd.","Kakuyasu Group Co., Ltd.",Common Stock,0.091,deepseek_classify_rename_vs_different_security,pending_deepseek_review,TSE::7686,JPX,batch_c_high_value_international
low_name_similarity|severe_name_mismatch,P2,4594,TSE,XJPX,"BrightPath Biotherapeutics Co.,Ltd.",California Municipal Finance Authority,Common Stock,0.094,deepseek_classify_rename_vs_different_security,pending_deepseek_review,TSE::4594,JPX,batch_c_high_value_international
low_name_similarity|severe_name_mismatch,P2,08250,HKEX,XHKG,DU DU HLDGS,Silk Road Energy Services Group Limited,Common Stock,0.095,deepseek_classify_rename_vs_different_security,pending_deepseek_review,HKEX::08250,HKEX,batch_c_high_value_international
low_name_similarity|severe_name_mismatch,P2,2334,TSE,XJPX,eole Inc.,Federal National Mortgage Association (FNCL) Floating Rate Note 1995 Series,Common Stock,0.104,deepseek_classify_rename_vs_different_security,pending_deepseek_review,TSE::2334,JPX,batch_c_high_value_international
low_name_similarity|severe_name_mismatch,P2,TAB,LSE,XLON,Becket Invest Plc,Miotal PLC,Common Stock,0.105,deepseek_classify_rename_vs_different_security,pending_deepseek_review,LSE::TAB,LSE,batch_c_high_value_international
low_name_similarity|severe_name_mismatch,P2,8887,TSE,XJPX,"SYLA Holdings Co.,Ltd.",Cumica Corp,Common Stock,0.105,deepseek_classify_rename_vs_different_security,pending_deepseek_review,TSE::8887,JPX,batch_c_high_value_international
low_name_similarity|severe_name_mismatch,P2,01599,HKEX,XHKG,UCD,"Beijing Urban Construction Investment & Development Co., Ltd.",Common Stock,0.107,deepseek_classify_rename_vs_different_security,pending_deepseek_review,HKEX::01599,HKEX,batch_c_high_value_international
low_name_similarity|severe_name_mismatch,P2,02051,HKEX,XHKG,VALA,51 Credit Card Inc.,Common Stock,0.111,deepseek_classify_rename_vs_different_security,pending_deepseek_review,HKEX::02051,HKEX,batch_c_high_value_international
low_name_similarity|severe_name_mismatch,P2,0IL8,LSE,XLON,Kyntra Bio,"FibroGen, Inc.",Common Stock,0.111,deepseek_classify_rename_vs_different_security,pending_deepseek_review,LSE::0IL8,LSE,batch_c_high_value_international
low_name_similarity|severe_name_mismatch,P2,01355,HKEX,XHKG,Biosysen Limited,"Legend Strategy International Holdings Group Co., Ltd.",Common Stock,0.115,deepseek_classify_rename_vs_different_security,pending_deepseek_review,HKEX::01355,HKEX,batch_c_high_value_international
low_name_similarity|severe_name_mismatch,P2,0QIQ,LSE,XLON,Fila SpA,F.I.L.A. - Fabbrica Italiana Lapis ed Affini S.p.A.,Common Stock,0.118,deepseek_classify_rename_vs_different_security,pending_deepseek_review,LSE::0QIQ,LSE,batch_c_high_value_international
low_name_similarity|severe_name_mismatch,P2,LKPFIN,BSE_IN,XBOM,LKP Finance Ltd,Gyftr Limited,Common Stock,0.125,deepseek_classify_rename_vs_different_security,pending_deepseek_review,BSE_IN::LKPFIN,BSE,batch_c_high_value_international
low_name_similarity|severe_name_mismatch,P2,01115,HKEX,XHKG,5100 XIZANG,Tibet Water Resources Ltd.,Common Stock,0.125,deepseek_classify_rename_vs_different_security,pending_deepseek_review,HKEX::01115,HKEX,batch_c_high_value_international
low_name_similarity|severe_name_mismatch,P2,01168,HKEX,XHKG,Z FIN,Sinolink Worldwide Holdings Ltd.,Common Stock,0.125,deepseek_classify_rename_vs_different_security,pending_deepseek_review,HKEX::01168,HKEX,batch_c_high_value_international
low_name_similarity|severe_name_mismatch,P2,WIZC3,B3,BVMF,WIZ CO PARTICIPAÇÕES E CORRETAGEM DE SEGUROS S.A.,Wiz Co.,Common Stock,0.128,deepseek_classify_rename_vs_different_security,pending_deepseek_review,B3::WIZC3,Bovespa,batch_c_high_value_international
low_name_similarity|severe_name_mismatch,P2,ALBA,LSE,AIMX,Alba Mineral Resources,Arkadian Strategic Metals Plc,Common Stock,0.128,deepseek_classify_rename_vs_different_security,pending_deepseek_review,LSE::ALBA,LSE,batch_c_high_value_international
low_name_similarity|severe_name_mismatch,P2,08292,HKEX,XHKG,VSING,Worldgate Global Logistics Ltd.,Common Stock,0.129,deepseek_classify_rename_vs_different_security,pending_deepseek_review,HKEX::08292,HKEX,batch_c_high_value_international
low_name_similarity|severe_name_mismatch,P2,0NQT,LSE,XLON,Television Francaise 1 SA,TF1 Group,Common Stock,0.129,deepseek_classify_rename_vs_different_security,pending_deepseek_review,LSE::0NQT,LSE,batch_c_high_value_international
low_name_similarity|severe_name_mismatch,P2,0NLV,LSE,XLON,VITA 34 AG,FamiCord AG,Common Stock,0.133,deepseek_classify_rename_vs_different_security,pending_deepseek_review,LSE::0NLV,LSE,batch_c_high_value_international
low_name_similarity|severe_name_mismatch,P2,1959,TSE,XJPX,KRAFTIA CORPORATION,Kyudenko Corporation,Common Stock,0.133,deepseek_classify_rename_vs_different_security,pending_deepseek_review,TSE::1959,JPX,batch_c_high_value_international
low_name_similarity|severe_name_mismatch,P2,SOFTBPO,BSE_IN,XBOM,Softbpo Global Services Ltd,Idream Film Infrastructure Company Ltd.,Common Stock,0.14,deepseek_classify_rename_vs_different_security,pending_deepseek_review,BSE_IN::SOFTBPO,BSE,batch_c_high_value_international
low_name_similarity|severe_name_mismatch,P2,MFII11,B3,BVMF,MÉRITO DESENVOLVIMENTO IMOBILIÁRIO I FII RESP LIM,Fiip11b,REIT,0.143,deepseek_classify_rename_vs_different_security,pending_deepseek_review,B3::MFII11,Bovespa,batch_c_high_value_international
low_name_similarity|severe_name_mismatch,P2,01848,HKEX,XHKG,CALC,China Aircraft Leasing Group Holdings Ltd.,Common Stock,0.146,deepseek_classify_rename_vs_different_security,pending_deepseek_review,HKEX::01848,HKEX,batch_c_high_value_international
low_name_similarity|severe_name_mismatch,P2,01336,HKEX,XHKG,NCI,New China Life Insurance Co. Ltd.,Common Stock,0.148,deepseek_classify_rename_vs_different_security,pending_deepseek_review,HKEX::01336,HKEX,batch_c_high_value_international
low_name_similarity|severe_name_mismatch,P2,TCIN11,B3,BVMF,G5 CIDADE NOVA FDO. INVEST. IMOB.,FII Tourmalet V EDF CDD NV,REIT,0.151,deepseek_classify_rename_vs_different_security,pending_deepseek_review,B3::TCIN11,Bovespa,batch_c_high_value_international
low_name_similarity|severe_name_mismatch,P2,0HRB,LSE,XLON,Centrale d&#39;Achat Francaise pour l&#39; Outre Mer,Cafom S.A.,Common Stock,0.152,deepseek_classify_rename_vs_different_security,pending_deepseek_review,LSE::0HRB,LSE,batch_c_high_value_international
low_name_similarity|severe_name_mismatch,P2,SCPF11,B3,BVMF,SCP FII RESP LIMITADA,FI Imobiliário SCP,REIT,0.154,deepseek_classify_rename_vs_different_security,pending_deepseek_review,B3::SCPF11,Bovespa,batch_c_high_value_international
low_name_similarity|severe_name_mismatch,P2,5858,TSE,XJPX,"STG CO.,LTD.",Sunac Services Holdings Ltd.,Common Stock,0.154,deepseek_classify_rename_vs_different_security,pending_deepseek_review,TSE::5858,JPX,batch_c_high_value_international
low_name_similarity|severe_name_mismatch,P2,7603,TSE,XJPX,"Gyet Co.,Ltd.","Mac House Co., Ltd.",Common Stock,0.154,deepseek_classify_rename_vs_different_security,pending_deepseek_review,TSE::7603,JPX,batch_c_high_value_international
low_name_similarity|severe_name_mismatch,P2,08635,HKEX,XHKG,ELEPHANT HLDGS,Novacon Technology Group Ltd.,Common Stock,0.158,deepseek_classify_rename_vs_different_security,pending_deepseek_review,HKEX::08635,HKEX,batch_c_high_value_international
low_name_similarity|severe_name_mismatch,P2,6364,TSE,XJPX,AIRMAN CORPORATION,"Hokuetsu Industries Co., Ltd.",Common Stock,0.16,deepseek_classify_rename_vs_different_security,pending_deepseek_review,TSE::6364,JPX,batch_c_high_value_international
low_name_similarity|severe_name_mismatch,P2,3750,TSE,XJPX,"ADR120S,Inc.","Cytori Cell Research Institute Co., Ltd.",Common Stock,0.162,deepseek_classify_rename_vs_different_security,pending_deepseek_review,TSE::3750,JPX,batch_c_high_value_international
low_name_similarity|severe_name_mismatch,P2,MPDL,BSE_IN,XBOM,MPDL Ltd,Macrotech Developers Ltd.,Common Stock,0.167,deepseek_classify_rename_vs_different_security,pending_deepseek_review,BSE_IN::MPDL,BSE,batch_c_high_value_international
low_name_similarity|severe_name_mismatch,P2,01116,HKEX,XHKG,HC TECH GP,Mayer Holdings Ltd.,Common Stock,0.167,deepseek_classify_rename_vs_different_security,pending_deepseek_review,HKEX::01116,HKEX,batch_c_high_value_international
low_name_similarity|severe_name_mismatch,P2,01751,HKEX,XHKG,AI ENERGY ENG,Kingland Group Holdings Ltd.,Common Stock,0.167,deepseek_classify_rename_vs_different_security,pending_deepseek_review,HKEX::01751,HKEX,batch_c_high_value_international
low_name_similarity|severe_name_mismatch,P2,08271,HKEX,XHKG,GDC,Global Digital Creations Holdings Limited,Common Stock,0.167,deepseek_classify_rename_vs_different_security,pending_deepseek_review,HKEX::08271,HKEX,batch_c_high_value_international
low_name_similarity|severe_name_mismatch,P2,0FI1,LSE,XLON,Greek Organisation of Football Prognostics SA,Allwyn AG,Common Stock,0.167,deepseek_classify_rename_vs_different_security,pending_deepseek_review,LSE::0FI1,LSE,batch_c_high_value_international
low_name_similarity|severe_name_mismatch,P2,0HN5,LSE,XLON,"Former BL Stores, Inc.",Big Lots Inc.,Common Stock,0.167,deepseek_classify_rename_vs_different_security,pending_deepseek_review,LSE::0HN5,LSE,batch_c_high_value_international
low_name_similarity|severe_name_mismatch,P2,06869,HKEX,XHKG,YOFC,Yangtze Optical Fibre and Cable Joint Stock Ltd.,Common Stock,0.17,deepseek_classify_rename_vs_different_security,pending_deepseek_review,HKEX::06869,HKEX,batch_c_high_value_international
low_name_similarity|severe_name_mismatch,P2,08516,HKEX,XHKG,ZY INTL,Grand Talents Group Holdings Limited,Common Stock,0.171,deepseek_classify_rename_vs_different_security,pending_deepseek_review,HKEX::08516,HKEX,batch_c_high_value_international
low_name_similarity|severe_name_mismatch,P2,01523,HKEX,XHKG,PLOVER BAY TECH,PNC Financial Services Group Inc. 5.75% Subordinated Floating Rate Note,Common Stock,0.175,deepseek_classify_rename_vs_different_security,pending_deepseek_review,HKEX::01523,HKEX,batch_c_high_value_international
low_name_similarity|severe_name_mismatch,P2,08158,HKEX,XHKG,CRMI,China Regenerative Medicine International Ltd.,Common Stock,0.178,deepseek_classify_rename_vs_different_security,pending_deepseek_review,HKEX::08158,HKEX,batch_c_high_value_international
low_name_similarity|severe_name_mismatch,P2,HGPO11,B3,BVMF,PATRIA PRIME OFFICES - FII - RESPONSABILIDADE LTDA,HedgePort Mutual Fund,REIT,0.179,deepseek_classify_rename_vs_different_security,pending_deepseek_review,B3::HGPO11,Bovespa,batch_c_high_value_international
low_name_similarity|severe_name_mismatch,P2,RLFL,BSE_IN,XBOM,Ramchandra Leasing & Finance Ltd,RLF Ltd.,Common Stock,0.182,deepseek_classify_rename_vs_different_security,pending_deepseek_review,BSE_IN::RLFL,BSE,batch_c_high_value_international
low_name_similarity|severe_name_mismatch,P2,9432,TSE,XJPX,"NTT,Inc.",Nippon Telegraph and Telephone Corporation,Common Stock,0.182,deepseek_classify_rename_vs_different_security,pending_deepseek_review,TSE::9432,JPX,batch_c_high_value_international
low_name_similarity|severe_name_mismatch,P2,01468,HKEX,XHKG,JAKOTA CAPITAL,Kingkey Financial International Holdings Ltd.,Common Stock,0.185,deepseek_classify_rename_vs_different_security,pending_deepseek_review,HKEX::01468,HKEX,batch_c_high_value_international
low_name_similarity|severe_name_mismatch,P2,01398,HKEX,XHKG,ICBC,Industrial & Commercial Bank of China Ltd.,Common Stock,0.186,deepseek_classify_rename_vs_different_security,pending_deepseek_review,HKEX::01398,HKEX,batch_c_high_value_international
low_name_similarity|severe_name_mismatch,P2,01635,HKEX,XHKG,DZUG,"Shanghai Dazhong Public Utilities Group Co., Ltd.",Common Stock,0.186,deepseek_classify_rename_vs_different_security,pending_deepseek_review,HKEX::01635,HKEX,batch_c_high_value_international
low_name_similarity|severe_name_mismatch,P2,01401,HKEX,XHKG,FUTURE MACH LTD,Sprocomm Intelligence Ltd.,Common Stock,0.188,deepseek_classify_rename_vs_different_security,pending_deepseek_review,HKEX::01401,HKEX,batch_c_high_value_international
low_name_similarity|severe_name_mismatch,P2,08286,HKEX,XHKG,CCOE,"Shanxi Changcheng Microlight Co., Ltd.",Common Stock,0.188,deepseek_classify_rename_vs_different_security,pending_deepseek_review,HKEX::08286,HKEX,batch_c_high_value_international
low_name_similarity|severe_name_mismatch,P2,09981,HKEX,XHKG,WOER,"Shenzhen Woer Heat-Shrinkable Material Co., Ltd.",Common Stock,0.19,deepseek_classify_rename_vs_different_security,pending_deepseek_review,HKEX::09981,HKEX,batch_c_high_value_international
low_name_similarity|severe_name_mismatch,P2,80737,HKEX,XHKG,BAY AREA DEV-R,"Shenzhen Investment Holdings Co., Ltd.",Common Stock,0.19,deepseek_classify_rename_vs_different_security,pending_deepseek_review,HKEX::80737,HKEX,batch_c_high_value_international
low_name_similarity|severe_name_mismatch,P2,195A,TSE,XJPX,MUSCAT GROUP Inc.,Ricecurry Inc.,Common Stock,0.19,deepseek_classify_rename_vs_different_security,pending_deepseek_review,TSE::195A,JPX,batch_c_high_value_international
low_name_similarity|severe_name_mismatch,P2,01763,HKEX,XHKG,CIRC,China Isotope & Radiation Corporation,Common Stock,0.194,deepseek_classify_rename_vs_different_security,pending_deepseek_review,HKEX::01763,HKEX,batch_c_high_value_international
low_name_similarity|severe_name_mismatch,P2,03908,HKEX,XHKG,CICC,China International Capital Corporation Limited,Common Stock,0.194,deepseek_classify_rename_vs_different_security,pending_deepseek_review,HKEX::03908,HKEX,batch_c_high_value_international
low_name_similarity|severe_name_mismatch,P2,03997,HKEX,XHKG,TSO,Telecom Service One Holdings Ltd.,Common Stock,0.194,deepseek_classify_rename_vs_different_security,pending_deepseek_review,HKEX::03997,HKEX,batch_c_high_value_international
low_name_similarity|severe_name_mismatch,P2,02039,HKEX,XHKG,CIMC,China International Marine Containers Co. Ltd.,Common Stock,0.195,deepseek_classify_rename_vs_different_security,pending_deepseek_review,HKEX::02039,HKEX,batch_c_high_value_international
low_name_similarity|severe_name_mismatch,P2,EV8,ASX,XASX,EVERLAST MINERALS LTD.,EV8,Common Stock,0.2,deepseek_classify_rename_vs_different_security,pending_deepseek_review,ASX::EV8,ASX,batch_c_high_value_international
low_name_similarity|severe_name_mismatch,P2,HIIL,BSE_IN,XBOM,Hindusthan Insulators & Industries Ltd,HIIL,Common Stock,0.2,deepseek_classify_rename_vs_different_security,pending_deepseek_review,BSE_IN::HIIL,BSE,batch_c_high_value_international
low_name_similarity|severe_name_mismatch,P2,01915,HKEX,XHKG,TAIHE M-FIN,Yangzhou Guangling District Development Co. Ltd.,Common Stock,0.2,deepseek_classify_rename_vs_different_security,pending_deepseek_review,HKEX::01915,HKEX,batch_c_high_value_international
low_name_similarity|severe_name_mismatch,P2,06682,HKEX,XHKG,PHANCY,"Beijing Fourth Paradigm Technology Co., Ltd.",Common Stock,0.2,deepseek_classify_rename_vs_different_security,pending_deepseek_review,HKEX::06682,HKEX,batch_c_high_value_international
low_name_similarity|severe_name_mismatch,P2,0NEX,LSE,XLON,Orpea SA,Emeis SA,Common Stock,0.2,deepseek_classify_rename_vs_different_security,pending_deepseek_review,LSE::0NEX,LSE,batch_c_high_value_international
low_name_similarity|severe_name_mismatch,P2,0QQI,LSE,XLON,HT5 AG,Centiel AG,Common Stock,0.2,deepseek_classify_rename_vs_different_security,pending_deepseek_review,LSE::0QQI,LSE,batch_c_high_value_international
low_name_similarity|severe_name_mismatch,P2,01165,HKEX,XHKG,SFCE,Shunfeng International Clean Energy Ltd.,Common Stock,0.205,deepseek_classify_rename_vs_different_security,pending_deepseek_review,HKEX::01165,HKEX,batch_c_high_value_international
low_name_similarity|severe_name_mismatch,P2,01640,HKEX,XHKG,QIAN XUN TECH,Ruicheng China Media Group Ltd.,Common Stock,0.205,deepseek_classify_rename_vs_different_security,pending_deepseek_review,HKEX::01640,HKEX,batch_c_high_value_international
low_name_similarity|severe_name_mismatch,P2,01698,HKEX,XHKG,TME-SW,Tencent Music Entertainment Group,Common Stock,0.205,deepseek_classify_rename_vs_different_security,pending_deepseek_review,HKEX::01698,HKEX,batch_c_high_value_international
low_name_similarity|severe_name_mismatch,P2,TGP,LSE,AIMX,Tekmar Group plc,Orange County Revenue Bonds,Common Stock,0.205,deepseek_classify_rename_vs_different_security,pending_deepseek_review,LSE::TGP,LSE,batch_c_high_value_international
low_name_similarity|severe_name_mismatch,P2,RAGHUTOB,BSE_IN,XBOM,Raghunath Tobacco Company Ltd,RTCL Ltd.,Common Stock,0.207,deepseek_classify_rename_vs_different_security,pending_deepseek_review,BSE_IN::RAGHUTOB,BSE,batch_c_high_value_international
low_name_similarity|severe_name_mismatch,P2,01288,HKEX,XHKG,ABC,Agricultural Bank of China Ltd.,Common Stock,0.207,deepseek_classify_rename_vs_different_security,pending_deepseek_review,HKEX::01288,HKEX,batch_c_high_value_international
low_name_similarity|severe_name_mismatch,P2,08050,HKEX,XHKG,CITY COOLXUAN,Quantum Thinking Ltd.,Common Stock,0.207,deepseek_classify_rename_vs_different_security,pending_deepseek_review,HKEX::08050,HKEX,batch_c_high_value_international
low_name_similarity|severe_name_mismatch,P2,0H3Q,LSE,XLON,Deutsche Post AG NA O.N.,DHL Group AG,Common Stock,0.207,deepseek_classify_rename_vs_different_security,pending_deepseek_review,LSE::0H3Q,LSE,batch_c_high_value_international
low_name_similarity|severe_name_mismatch,P2,1887,TSE,XJPX,JDC CORPORATION,Jardine Strategic Holdings Limited,Common Stock,0.207,deepseek_classify_rename_vs_different_security,pending_deepseek_review,TSE::1887,JPX,batch_c_high_value_international
low_name_similarity|severe_name_mismatch,P2,VXXV11,B3,BVMF,GENESIS MULTIESTRATÉGIA FII,VX XVI Fundo de Investimento Imobiliário,REIT,0.209,deepseek_classify_rename_vs_different_security,pending_deepseek_review,B3::VXXV11,Bovespa,batch_c_high_value_international
low_name_similarity|severe_name_mismatch,P2,CLFL,BSE_IN,XBOM,Classic Leasing & Finance Ltd,Ruchi Infrastructure Ltd.,Common Stock,0.213,deepseek_classify_rename_vs_different_security,pending_deepseek_review,BSE_IN::CLFL,BSE,batch_c_high_value_international
low_name_similarity|severe_name_mismatch,P2,01447,HKEX,XHKG,SFK,SFK Construction Holdings Limited,Common Stock,0.214,deepseek_classify_rename_vs_different_security,pending_deepseek_review,HKEX::01447,HKEX,batch_c_high_value_international
low_name_similarity|severe_name_mismatch,P2,01931,HKEX,XHKG,ETHK LABS INC.,Ivd Medical Holding Ltd.,Common Stock,0.214,deepseek_classify_rename_vs_different_security,pending_deepseek_review,HKEX::01931,HKEX,batch_c_high_value_international
low_name_similarity|severe_name_mismatch,P2,08217,HKEX,XHKG,JU FU TANG BIOT,Wmhw Holdings Ltd.,Common Stock,0.214,deepseek_classify_rename_vs_different_security,pending_deepseek_review,HKEX::08217,HKEX,batch_c_high_value_international
low_name_similarity|severe_name_mismatch,P2,08223,HKEX,XHKG,ZYY,Ziyuanyuan Holdings Group Ltd.,Common Stock,0.214,deepseek_classify_rename_vs_different_security,pending_deepseek_review,HKEX::08223,HKEX,batch_c_high_value_international
low_name_similarity|severe_name_mismatch,P2,0IE9,LSE,XLON,Semapa,"Semapa - Sociedade de Investimento e Gestão, SGPS, S.A.",Common Stock,0.214,deepseek_classify_rename_vs_different_security,pending_deepseek_review,LSE::0IE9,LSE,batch_c_high_value_international
low_name_similarity|severe_name_mismatch,P2,0J9C,LSE,XLON,Duerr AG,Dürr Aktiengesellschaft,Common Stock,0.214,deepseek_classify_rename_vs_different_security,pending_deepseek_review,LSE::0J9C,LSE,batch_c_high_value_international
low_name_similarity|severe_name_mismatch,P2,JSTL,BSE_IN,XBOM,Jeevan Scientific Technology Ltd,JSW Steel Ltd.,Common Stock,0.216,deepseek_classify_rename_vs_different_security,pending_deepseek_review,BSE_IN::JSTL,BSE,batch_c_high_value_international
low_name_similarity|severe_name_mismatch,P2,01636,HKEX,XHKG,CMRU,China Metal Resources Utilization Limited,Common Stock,0.216,deepseek_classify_rename_vs_different_security,pending_deepseek_review,HKEX::01636,HKEX,batch_c_high_value_international
low_name_similarity|severe_name_mismatch,P2,02312,HKEX,XHKG,LONG INV CORP,China Financial Leasing Group Limited,Common Stock,0.216,deepseek_classify_rename_vs_different_security,pending_deepseek_review,HKEX::02312,HKEX,batch_c_high_value_international
low_name_similarity|severe_name_mismatch,P2,CXCO11,B3,BVMF,CAIXA IMÓVEIS CORPORATIVOS FII RESP LIM,FII CEF Corp,REIT,0.217,deepseek_classify_rename_vs_different_security,pending_deepseek_review,B3::CXCO11,Bovespa,batch_c_high_value_international
low_name_similarity|severe_name_mismatch,P2,02515,HKEX,XHKG,TJCD,"Tianjin Construction Development Co., Ltd.",Common Stock,0.222,deepseek_classify_rename_vs_different_security,pending_deepseek_review,HKEX::02515,HKEX,batch_c_high_value_international
low_name_similarity|severe_name_mismatch,P2,02611,HKEX,XHKG,GTHT,"Guotai Junan Securities Co., Ltd.",Common Stock,0.222,deepseek_classify_rename_vs_different_security,pending_deepseek_review,HKEX::02611,HKEX,batch_c_high_value_international
low_name_similarity|severe_name_mismatch,P2,03323,HKEX,XHKG,CNBM,China National Building Material Co. Ltd.,Common Stock,0.222,deepseek_classify_rename_vs_different_security,pending_deepseek_review,HKEX::03323,HKEX,batch_c_high_value_international
low_name_similarity|severe_name_mismatch,P2,08118,HKEX,XHKG,ZHONGZI INTL H,Bortex Global Ltd.,Common Stock,0.222,deepseek_classify_rename_vs_different_security,pending_deepseek_review,HKEX::08118,HKEX,batch_c_high_value_international
low_name_similarity|severe_name_mismatch,P2,0NNU,LSE,XLON,NV Nederlandsche Apparatenfabriek Nedap,Nedap N.V.,Common Stock,0.222,deepseek_classify_rename_vs_different_security,pending_deepseek_review,LSE::0NNU,LSE,batch_c_high_value_international
low_name_similarity|severe_name_mismatch,P2,2970,TSE,XJPX,"GLC GROUP,INC.","Good Life Co., Inc.",Common Stock,0.222,deepseek_classify_rename_vs_different_security,pending_deepseek_review,TSE::2970,JPX,batch_c_high_value_international
low_name_similarity|severe_name_mismatch,P2,FATN11,B3,BVMF,BRC RENDA CORPORATIVA FII RESP LIM,FII Athena I Fundo de Investimento Imobiliário,REIT,0.225,deepseek_classify_rename_vs_different_security,pending_deepseek_review,B3::FATN11,Bovespa,batch_c_high_value_international
low_name_similarity|severe_name_mismatch,P2,01551,HKEX,XHKG,GRCB,Guangzhou Rural Commercial Bank Co. Ltd.,Common Stock,0.229,deepseek_classify_rename_vs_different_security,pending_deepseek_review,HKEX::01551,HKEX,batch_c_high_value_international
low_name_similarity|severe_name_mismatch,P2,03750,HKEX,XHKG,CATL,"Contemporary Amperex Technology Co., Limited",Common Stock,0.229,deepseek_classify_rename_vs_different_security,pending_deepseek_review,HKEX::03750,HKEX,batch_c_high_value_international
low_name_similarity|severe_name_mismatch,P2,03768,HKEX,XHKG,DCWT,"Kunming Dianchi Water Treatment Co., Ltd.",Common Stock,0.229,deepseek_classify_rename_vs_different_security,pending_deepseek_review,HKEX::03768,HKEX,batch_c_high_value_international
low_name_similarity|severe_name_mismatch,P2,08269,HKEX,XHKG,GO UP EDU TECH,Wealth Glory Holdings Ltd.,Common Stock,0.229,deepseek_classify_rename_vs_different_security,pending_deepseek_review,HKEX::08269,HKEX,batch_c_high_value_international
low_name_similarity|severe_name_mismatch,P2,7381,TSE,XJPX,"CCI Group,Inc.",Hokkoku Financial Holdings Inc.,Common Stock,0.229,deepseek_classify_rename_vs_different_security,pending_deepseek_review,TSE::7381,JPX,batch_c_high_value_international
low_name_similarity|severe_name_mismatch,P2,ADG,ASX,XASX,ADELONG GOLD LIMITED,Amara Minerals Limited,Common Stock,0.231,deepseek_classify_rename_vs_different_security,pending_deepseek_review,ASX::ADG,ASX,batch_c_high_value_international
low_name_similarity|severe_name_mismatch,P2,01421,HKEX,XHKG,PROSP GP INTL,Kingbo Strike Limited,Common Stock,0.231,deepseek_classify_rename_vs_different_security,pending_deepseek_review,HKEX::01421,HKEX,batch_c_high_value_international
low_name_similarity|severe_name_mismatch,P2,06881,HKEX,XHKG,CGS,"China Galaxy Securities Co., Ltd.",Common Stock,0.231,deepseek_classify_rename_vs_different_security,pending_deepseek_review,HKEX::06881,HKEX,batch_c_high_value_international
low_name_similarity|severe_name_mismatch,P2,0KAS,LSE,XLON,Ocwen Financial Corp.,Onity Group Inc.,Common Stock,0.231,deepseek_classify_rename_vs_different_security,pending_deepseek_review,LSE::0KAS,LSE,batch_c_high_value_international
low_name_similarity|severe_name_mismatch,P2,01660,HKEX,XHKG,SEVEN ELEMENTS,Zhaobangji Lifestyle Holdings Limited,Common Stock,0.233,deepseek_classify_rename_vs_different_security,pending_deepseek_review,HKEX::01660,HKEX,batch_c_high_value_international
low_name_similarity|severe_name_mismatch,P2,0NP8,LSE,XLON,Aeroports de Paris SA,"Automatic Data Processing, Inc.",Common Stock,0.233,deepseek_classify_rename_vs_different_security,pending_deepseek_review,LSE::0NP8,LSE,batch_c_high_value_international
low_name_similarity|severe_name_mismatch,P2,09889,HKEX,XHKG,DRCB,"Dongguan Rural Commercial Bank Co., Ltd.",Common Stock,0.235,deepseek_classify_rename_vs_different_security,pending_deepseek_review,HKEX::09889,HKEX,batch_c_high_value_international
low_name_similarity|severe_name_mismatch,P2,HDD,LSE,AIMX,Hardide PLC,Heidelberger Druckmaschinen AG,Common Stock,0.235,deepseek_classify_rename_vs_different_security,pending_deepseek_review,LSE::HDD,LSE,batch_c_high_value_international
low_name_similarity|severe_name_mismatch,P2,03708,HKEX,XHKG,WORLD DIGI ECON,China Supply Chain Holdings Ltd.,Common Stock,0.238,deepseek_classify_rename_vs_different_security,pending_deepseek_review,HKEX::03708,HKEX,batch_c_high_value_international
low_name_similarity|severe_name_mismatch,P2,06189,HKEX,XHKG,ADWAY,Guangdong Adway Construction Holdings Ltd.,Common Stock,0.238,deepseek_classify_rename_vs_different_security,pending_deepseek_review,HKEX::06189,HKEX,batch_c_high_value_international
low_name_similarity|severe_name_mismatch,P2,GPE,LSE,XLON,GREAT PORTLAND ESTATES PLC,ICG Enterprise Trust Plc,REIT,0.238,deepseek_classify_rename_vs_different_security,pending_deepseek_review,LSE::GPE,LSE,batch_c_high_value_international
low_name_similarity|severe_name_mismatch,P2,VOTS11,B3,BVMF,TIVIO SECURITIES FUNDO DE INVESTIMENTO IMOBILIÁRIO,FII V Master Fund,REIT,0.239,deepseek_classify_rename_vs_different_security,pending_deepseek_review,B3::VOTS11,Bovespa,batch_c_high_value_international
low_name_similarity|severe_name_mismatch,P2,PLC,ASX,XASX,PLC Resources Limited,Premier1 Lithium Limited,Common Stock,0.24,deepseek_classify_rename_vs_different_security,pending_deepseek_review,ASX::PLC,ASX,batch_c_high_value_international
low_name_similarity|severe_name_mismatch,P2,PLS,ASX,XASX,PLS GROUP LIMITED,Pilbara Minerals Ltd.,Common Stock,0.24,deepseek_classify_rename_vs_different_security,pending_deepseek_review,ASX::PLS,ASX,batch_c_high_value_international
low_name_similarity|severe_name_mismatch,P2,01618,HKEX,XHKG,MCC,Metallurgical Corporation of China Ltd.,Common Stock,0.24,deepseek_classify_rename_vs_different_security,pending_deepseek_review,HKEX::01618,HKEX,batch_c_high_value_international
low_name_similarity|severe_name_mismatch,P2,01951,HKEX,XHKG,JXR,Jinxin Fertility Group Ltd.,Common Stock,0.24,deepseek_classify_rename_vs_different_security,pending_deepseek_review,HKEX::01951,HKEX,batch_c_high_value_international
low_name_similarity|severe_name_mismatch,P2,06162,HKEX,XHKG,TR INTERIORS,"China Tianrui Automotive Systems Group Co., Ltd.",Common Stock,0.24,deepseek_classify_rename_vs_different_security,pending_deepseek_review,HKEX::06162,HKEX,batch_c_high_value_international
low_name_similarity|severe_name_mismatch,P2,06877,HKEX,XHKG,TE HEALTHCARE,CLSA Premium Ltd.,Common Stock,0.24,deepseek_classify_rename_vs_different_security,pending_deepseek_review,HKEX::06877,HKEX,batch_c_high_value_international
low_name_similarity|severe_name_mismatch,P2,0MKH,LSE,XLON,OMV Aktiengesellschaft,OMV AG,Common Stock,0.24,deepseek_classify_rename_vs_different_security,pending_deepseek_review,LSE::0MKH,LSE,batch_c_high_value_international
low_name_similarity|severe_name_mismatch,P2,01697,HKEX,XHKG,SDITC,Shandong International Trust Co. Ltd.,Common Stock,0.242,deepseek_classify_rename_vs_different_security,pending_deepseek_review,HKEX::01697,HKEX,batch_c_high_value_international
low_name_similarity|severe_name_mismatch,P2,02601,HKEX,XHKG,CPIC,"China Pacific Insurance Group Co., Ltd.",Common Stock,0.242,deepseek_classify_rename_vs_different_security,pending_deepseek_review,HKEX::02601,HKEX,batch_c_high_value_international
low_name_similarity|severe_name_mismatch,P2,09900,HKEX,XHKG,ZCLOUD TECH CON,Gain Plus Holdings Ltd.,Common Stock,0.242,deepseek_classify_rename_vs_different_security,pending_deepseek_review,HKEX::09900,HKEX,batch_c_high_value_international
low_name_similarity|severe_name_mismatch,P2,01939,HKEX,XHKG,SHANGSHAN GOLD,Tokyo Chuo Auction Holdings Ltd.,Common Stock,0.244,deepseek_classify_rename_vs_different_security,pending_deepseek_review,HKEX::01939,HKEX,batch_c_high_value_international
low_name_similarity|severe_name_mismatch,P2,CTBA11B,B3,BVMF,PREFEITURA MUNICIPAL DE CURITIBA,Cepac - Linha Verde,Common Stock,0.245,deepseek_classify_rename_vs_different_security,pending_deepseek_review,B3::CTBA11B,Bovespa,batch_c_high_value_international
low_name_similarity|severe_name_mismatch,P2,06058,HKEX,XHKG,CISI FIN,China Industrial Securities International Financial Group Limited,Common Stock,0.246,deepseek_classify_rename_vs_different_security,pending_deepseek_review,HKEX::06058,HKEX,batch_c_high_value_international
low_name_similarity|severe_name_mismatch,P2,FLMA11,B3,BVMF,FII CONTINENTAL SQUARE FARIA LIMA RESP LIM,Fundo de Investimento Imobiliário Floripa Mall,REIT,0.25,deepseek_classify_rename_vs_different_security,pending_deepseek_review,B3::FLMA11,Bovespa,batch_c_high_value_international
low_name_similarity|severe_name_mismatch,P2,01658,HKEX,XHKG,PSBC,"Postal Savings Bank of China Co., Ltd.",Common Stock,0.25,deepseek_classify_rename_vs_different_security,pending_deepseek_review,HKEX::01658,HKEX,batch_c_high_value_international
low_name_similarity|severe_name_mismatch,P2,01959,HKEX,XHKG,ZHONG JU INVEST,Centenary United Holdings Limited,Common Stock,0.25,deepseek_classify_rename_vs_different_security,pending_deepseek_review,HKEX::01959,HKEX,batch_c_high_value_international
low_name_similarity|severe_name_mismatch,P2,08622,HKEX,XHKG,JOYZYME GROUP,Huakang Biomedical Holdings Ltd.,Common Stock,0.25,deepseek_classify_rename_vs_different_security,pending_deepseek_review,HKEX::08622,HKEX,batch_c_high_value_international
low_name_similarity|severe_name_mismatch,P2,01503,HKEX,XHKG,CMC REIT,China Merchants Commercial Real Estate Investment Trust,REIT,0.254,deepseek_classify_rename_vs_different_security,pending_deepseek_review,HKEX::01503,HKEX,batch_c_high_value_international
low_name_similarity|severe_name_mismatch,P2,02519,HKEX,XHKG,AUGROUP,Augroup Shenzhen Cross-border E-commerce Company Limited,Common Stock,0.255,deepseek_classify_rename_vs_different_security,pending_deepseek_review,HKEX::02519,HKEX,batch_c_high_value_international
low_name_similarity|severe_name_mismatch,P2,08125,HKEX,XHKG,CHINA NEW HLDGS,Royal Century Resources Holdings Ltd.,Common Stock,0.255,deepseek_classify_rename_vs_different_security,pending_deepseek_review,HKEX::08125,HKEX,batch_c_high_value_international
low_name_similarity|severe_name_mismatch,P2,02433,HKEX,XHKG,ZT HN GROUP,"Zhongtian Construction Hunan Co., Ltd.",Common Stock,0.256,deepseek_classify_rename_vs_different_security,pending_deepseek_review,HKEX::02433,HKEX,batch_c_high_value_international
low_name_similarity|severe_name_mismatch,P2,0K76,LSE,XLON,New Residential Investment Corp.,Rithm Capital Corp.,REIT,0.256,deepseek_classify_rename_vs_different_security,pending_deepseek_review,LSE::0K76,LSE,batch_c_high_value_international
low_name_similarity|severe_name_mismatch,P2,01060,HKEX,XHKG,DAMAI ENT,Alibaba Pictures Group Ltd.,Common Stock,0.258,deepseek_classify_rename_vs_different_security,pending_deepseek_review,HKEX::01060,HKEX,batch_c_high_value_international
low_name_similarity|severe_name_mismatch,P2,01308,HKEX,XHKG,SITC,"SITC International Holdings Co., Ltd.",Common Stock,0.258,deepseek_classify_rename_vs_different_security,pending_deepseek_review,HKEX::01308,HKEX,batch_c_high_value_international
low_name_similarity|severe_name_mismatch,P2,01847,HKEX,XHKG,GHPC,YCIH Green High-Performance Co. Ltd.,Common Stock,0.258,deepseek_classify_rename_vs_different_security,pending_deepseek_review,HKEX::01847,HKEX,batch_c_high_value_international
low_name_similarity|severe_name_mismatch,P2,AFHI11,B3,BVMF,AF INVEST CRI FII - RECEBÍVEIS IMOB RESP LIM,FII AFHI CRI,REIT,0.259,deepseek_classify_rename_vs_different_security,pending_deepseek_review,B3::AFHI11,Bovespa,batch_c_high_value_international
low_name_similarity|severe_name_mismatch,P2,75505,TSE,XJPX,"Series 1 Bond-Type Class Shares of ZENSHO HOLDINGS CO.,LTD.","Zensho Holdings Co., Ltd. Bond-Type Cumulative Preferred Registered Series 1",Preferred Stock,0.259,deepseek_classify_rename_vs_different_security,pending_deepseek_review,TSE::75505,JPX,batch_c_high_value_international
low_name_similarity|severe_name_mismatch,P2,02600,HKEX,XHKG,CHALCO,Aluminum Corporation of China Ltd.,Common Stock,0.261,deepseek_classify_rename_vs_different_security,pending_deepseek_review,HKEX::02600,HKEX,batch_c_high_value_international
low_name_similarity|severe_name_mismatch,P2,06990,HKEX,XHKG,SKB BIO,"Sichuan Kelun-Biotech Biopharmaceutical Co., Ltd.",Common Stock,0.261,deepseek_classify_rename_vs_different_security,pending_deepseek_review,HKEX::06990,HKEX,batch_c_high_value_international
low_name_similarity|severe_name_mismatch,P2,0QGG,LSE,XLON,DIC Asset AG,Branicks Group AG,Common Stock,0.261,deepseek_classify_rename_vs_different_security,pending_deepseek_review,LSE::0QGG,LSE,batch_c_high_value_international
low_name_similarity|severe_name_mismatch,P2,RE,LSE,XLON,R.E.A. Holdings plc,Colas S.A.,Common Stock,0.261,deepseek_classify_rename_vs_different_security,pending_deepseek_review,LSE::RE,LSE,batch_c_high_value_international
low_name_similarity|severe_name_mismatch,P2,3647,TSE,XJPX,"ASULINA Co.,Ltd.",G Three Holdings Corp.,Common Stock,0.261,deepseek_classify_rename_vs_different_security,pending_deepseek_review,TSE::3647,JPX,batch_c_high_value_international
low_name_similarity|severe_name_mismatch,P2,02889,HKEX,XHKG,PATEO,Pateo Connect Technology (Shanghai) Corporation,Common Stock,0.263,deepseek_classify_rename_vs_different_security,pending_deepseek_review,HKEX::02889,HKEX,batch_c_high_value_international
low_name_similarity|severe_name_mismatch,P2,0LUG,LSE,XLON,Weibo Corporation,Weibo Corporation American Depositary Receipt,American Depositary Receipt,0.263,deepseek_classify_rename_vs_different_security,pending_deepseek_review,LSE::0LUG,LSE,batch_c_high_value_international
low_name_similarity|severe_name_mismatch,P2,0MW2,LSE,XLON,Stockmann Oyj Series B,Lindex Group Oyj,Common Stock,0.263,deepseek_classify_rename_vs_different_security,pending_deepseek_review,LSE::0MW2,LSE,batch_c_high_value_international
low_name_similarity|severe_name_mismatch,P2,BGIL,BSE_IN,XBOM,BGIL Films & Technologies Ltd,Bharatiya Global Infomedia Limited,Common Stock,0.264,deepseek_classify_rename_vs_different_security,pending_deepseek_review,BSE_IN::BGIL,BSE,batch_c_high_value_international
low_name_similarity|severe_name_mismatch,P2,RNGO11,B3,BVMF,RIO NEGRO - FII RESP LIM,Rio Bravo Fundo de Investimento Imobiliário Renda de Escritórios - FII,REIT,0.267,deepseek_classify_rename_vs_different_security,pending_deepseek_review,B3::RNGO11,Bovespa,batch_c_high_value_international
low_name_similarity|severe_name_mismatch,P2,06099,HKEX,XHKG,CMSC,China Merchants Securities Co. Ltd.,Common Stock,0.267,deepseek_classify_rename_vs_different_security,pending_deepseek_review,HKEX::06099,HKEX,batch_c_high_value_international
low_name_similarity|severe_name_mismatch,P2,08375,HKEX,XHKG,DATA UNION CAP,Vertical International Holdings Ltd.,Common Stock,0.267,deepseek_classify_rename_vs_different_security,pending_deepseek_review,HKEX::08375,HKEX,batch_c_high_value_international
low_name_similarity|severe_name_mismatch,P2,CXAG11,B3,BVMF,FII CAIXA AGÊNCIAS RESP LIM,Caixa Econômica Federal Asset Management,REIT,0.269,deepseek_classify_rename_vs_different_security,pending_deepseek_review,B3::CXAG11,Bovespa,batch_c_high_value_international
low_name_similarity|severe_name_mismatch,P2,CGAS3,B3,BVMF,CIA GAS DE SAO PAULO - COMGAS,Comgás S.A.,Common Stock,0.27,deepseek_classify_rename_vs_different_security,pending_deepseek_review,B3::CGAS3,Bovespa,batch_c_high_value_international
low_name_similarity|severe_name_mismatch,P2,01027,HKEX,XHKG,ASIA STRAT TECH,China Jicheng Holdings Ltd.,Common Stock,0.27,deepseek_classify_rename_vs_different_security,pending_deepseek_review,HKEX::01027,HKEX,batch_c_high_value_international
low_name_similarity|severe_name_mismatch,P2,0A2T,LSE,XLON,High Templar Tech Limited,Qudian Inc. Sponsored ADR,American Depositary Receipt,0.27,deepseek_classify_rename_vs_different_security,pending_deepseek_review,LSE::0A2T,LSE,batch_c_high_value_international
low_name_similarity|severe_name_mismatch,P2,0FMN,LSE,XLON,Polski Koncern Naftowy ORLEN SA,ORLEN S.A.,Common Stock,0.27,deepseek_classify_rename_vs_different_security,pending_deepseek_review,LSE::0FMN,LSE,batch_c_high_value_international
low_name_similarity|severe_name_mismatch,P2,NAS,LSE,XLON,North Atlantic Smaller Companies Investment Trust PLC,Norwegian Air Shuttle ASA,Common Stock,0.27,deepseek_classify_rename_vs_different_security,pending_deepseek_review,LSE::NAS,LSE,batch_c_high_value_international
low_name_similarity|severe_name_mismatch,P2,LPLP11,B3,BVMF,LAGO DA PEDRA - FUNDO DE INVESTIMENTO IMOBILIÁRIO,FII Lago PDR,REIT,0.271,deepseek_classify_rename_vs_different_security,pending_deepseek_review,B3::LPLP11,Bovespa,batch_c_high_value_international
low_name_similarity|severe_name_mismatch,P2,RCCL,BSE_IN,XBOM,Rajasthan Cylinders & Containers Ltd,RCC Cement Ltd.,Common Stock,0.273,deepseek_classify_rename_vs_different_security,pending_deepseek_review,BSE_IN::RCCL,BSE,batch_c_high_value_international
low_name_similarity|severe_name_mismatch,P2,08320,HKEX,XHKG,AEC GROUP,Allied Sustainability and Environmental Consultants Group Limited,Common Stock,0.273,deepseek_classify_rename_vs_different_security,pending_deepseek_review,HKEX::08320,HKEX,batch_c_high_value_international
low_name_similarity|severe_name_mismatch,P2,0O1R,LSE,XLON,Fraport AG,Fraport AG Frankfurt Airport Services Worldwide,Common Stock,0.275,deepseek_classify_rename_vs_different_security,pending_deepseek_review,LSE::0O1R,LSE,batch_c_high_value_international
low_name_similarity|severe_name_mismatch,P2,08181,HKEX,XHKG,KS SMART MGMT,Shi Shi Services Ltd.,Common Stock,0.276,deepseek_classify_rename_vs_different_security,pending_deepseek_review,HKEX::08181,HKEX,batch_c_high_value_international
low_name_similarity|severe_name_mismatch,P2,VCL,NSE_IN,XNSE,Vaxtex Cotfab Limited,Vishnu Chemicals Ltd.,Common Stock,0.276,deepseek_classify_rename_vs_different_security,pending_deepseek_review,NSE_IN::VCL,NSE,batch_c_high_value_international
low_name_similarity|severe_name_mismatch,P2,6694,TSE,XJPX,ZOOM CORPORATION,"Zoom Video Communications, Inc.",Common Stock,0.276,deepseek_classify_rename_vs_different_security,pending_deepseek_review,TSE::6694,JPX,batch_c_high_value_international
low_name_similarity|severe_name_mismatch,P2,01875,HKEX,XHKG,BIODLINK-B,"Tot Biopharm International Co., Ltd.",Common Stock,0.278,deepseek_classify_rename_vs_different_security,pending_deepseek_review,HKEX::01875,HKEX,batch_c_high_value_international
low_name_similarity|severe_name_mismatch,P2,0R9I,LSE,XLON,Schibsted ASA B,Vend Marketplaces ASA,Common Stock,0.278,deepseek_classify_rename_vs_different_security,pending_deepseek_review,LSE::0R9I,LSE,batch_c_high_value_international
low_name_similarity|severe_name_mismatch,P2,01020,HKEX,XHKG,CIPRUN TECH,Cybernaut International Holdings Ltd.,Common Stock,0.279,deepseek_classify_rename_vs_different_security,pending_deepseek_review,HKEX::01020,HKEX,batch_c_high_value_international
low_name_similarity|severe_name_mismatch,P2,IBCR11,B3,BVMF,FII DE CRI INTEGRAL BREI RESP LIM,BREI Fundo de Investimento Imobiliário,REIT,0.282,deepseek_classify_rename_vs_different_security,pending_deepseek_review,B3::IBCR11,Bovespa,batch_c_high_value_international
low_name_similarity|severe_name_mismatch,P2,AAI,ASX,XASX,ALCOA CORPORATION,Alcoa Corp CHESS Depositary Receipt,Depositary Receipt,0.286,deepseek_classify_rename_vs_different_security,pending_deepseek_review,ASX::AAI,ASX,batch_c_high_value_international
low_name_similarity|severe_name_mismatch,P2,WOMENNET,BSE_IN,XBOM,Women Networks Ltd,Pagaria Energy Limited,Common Stock,0.286,deepseek_classify_rename_vs_different_security,pending_deepseek_review,BSE_IN::WOMENNET,BSE,batch_c_high_value_international
low_name_similarity|severe_name_mismatch,P2,01022,HKEX,XHKG,FEIYU,"Feiyu Technology International Co., Ltd.",Common Stock,0.286,deepseek_classify_rename_vs_different_security,pending_deepseek_review,HKEX::01022,HKEX,batch_c_high_value_international
low_name_similarity|severe_name_mismatch,P2,01715,HKEX,XHKG,AI HEALTH TECH,Volcano Spring International Ltd.,Common Stock,0.286,deepseek_classify_rename_vs_different_security,pending_deepseek_review,HKEX::01715,HKEX,batch_c_high_value_international
low_name_similarity|severe_name_mismatch,P2,01828,HKEX,XHKG,FWD,FWD Group Holdings Limited,Common Stock,0.286,deepseek_classify_rename_vs_different_security,pending_deepseek_review,HKEX::01828,HKEX,batch_c_high_value_international
low_name_similarity|severe_name_mismatch,P2,02050,HKEX,XHKG,SANHUA,"Zhejiang Sanhua Intelligent Controls Co., Ltd.",Common Stock,0.286,deepseek_classify_rename_vs_different_security,pending_deepseek_review,HKEX::02050,HKEX,batch_c_high_value_international
low_name_similarity|severe_name_mismatch,P2,02342,HKEX,XHKG,COMBA,Comba Telecom Systems Holdings Limited,Common Stock,0.286,deepseek_classify_rename_vs_different_security,pending_deepseek_review,HKEX::02342,HKEX,batch_c_high_value_international
low_name_similarity|severe_name_mismatch,P2,02473,HKEX,XHKG,XXF,XXF Group Holdings Ltd.,Common Stock,0.286,deepseek_classify_rename_vs_different_security,pending_deepseek_review,HKEX::02473,HKEX,batch_c_high_value_international
low_name_similarity|severe_name_mismatch,P2,02582,HKEX,XHKG,GUOFUHEE,"Jiangsu Guofu Hydrogen Energy Equipment Co., Ltd. H Shares",Common Stock,0.286,deepseek_classify_rename_vs_different_security,pending_deepseek_review,HKEX::02582,HKEX,batch_c_high_value_international
low_name_similarity|severe_name_mismatch,P2,02583,HKEX,XHKG,HIPINE,"Shenzhen Hipine Precision Technology Co., Ltd.",Common Stock,0.286,deepseek_classify_rename_vs_different_security,pending_deepseek_review,HKEX::02583,HKEX,batch_c_high_value_international
low_name_similarity|severe_name_mismatch,P2,02692,HKEX,XHKG,ZHAOWEI,"Shenzhen Zhaowei Machinery & Electronics Co., Ltd.",Common Stock,0.286,deepseek_classify_rename_vs_different_security,pending_deepseek_review,HKEX::02692,HKEX,batch_c_high_value_international
low_name_similarity|severe_name_mismatch,P2,06055,HKEX,XHKG,CTIHK,China Tobacco International (HK) Co. Ltd.,Common Stock,0.286,deepseek_classify_rename_vs_different_security,pending_deepseek_review,HKEX::06055,HKEX,batch_c_high_value_international
low_name_similarity|severe_name_mismatch,P2,08403,HKEX,XHKG,DEFENG SOLIFE,Dowway Holdings Ltd.,Common Stock,0.286,deepseek_classify_rename_vs_different_security,pending_deepseek_review,HKEX::08403,HKEX,batch_c_high_value_international
low_name_similarity|severe_name_mismatch,P2,VUSD,LSE,XLON,Vanguard S&P 500 UCITS ETF,Visa Inc. Class A,Common Stock,0.286,deepseek_classify_rename_vs_different_security,pending_deepseek_review,LSE::VUSD,LSE,batch_c_high_value_international
low_name_similarity|severe_name_mismatch,P2,THELEELA,NSE_IN,XNSE,Leela Palaces Hotels & Resorts Limited,Schloss Bangalore Ltd,Common Stock,0.286,deepseek_classify_rename_vs_different_security,pending_deepseek_review,NSE_IN::THELEELA,NSE,batch_c_high_value_international
low_name_similarity|severe_name_mismatch,P2,02068,HKEX,XHKG,CHALIECO,China Aluminum International Engineering Corporation Limited,Common Stock,0.292,deepseek_classify_rename_vs_different_security,pending_deepseek_review,HKEX::02068,HKEX,batch_c_high_value_international
low_name_similarity|severe_name_mismatch,P2,02865,HKEX,XHKG,DRINDA,Hainan Drinda New Energy Technology Co. Ltd.,Common Stock,0.293,deepseek_classify_rename_vs_different_security,pending_deepseek_review,HKEX::02865,HKEX,batch_c_high_value_international
low_name_similarity|severe_name_mismatch,P2,0NW1,LSE,XLON,Compagnie Plastic Omnium SE,OPmobility SE,Common Stock,0.294,deepseek_classify_rename_vs_different_security,pending_deepseek_review,LSE::0NW1,LSE,batch_c_high_value_international
low_name_similarity|severe_name_mismatch,P2,0QNZ,LSE,XLON,CPH Chemie + Papier Holding AG,CPH Group AG,Common Stock,0.294,deepseek_classify_rename_vs_different_security,pending_deepseek_review,LSE::0QNZ,LSE,batch_c_high_value_international
low_name_similarity|severe_name_mismatch,P2,PATC11,B3,BVMF,PÁTRIA EDIFÍCIOS CORPORATIVOS FII RESP LIM,Patria VBI Asset Management Mutual Fund,REIT,0.296,deepseek_classify_rename_vs_different_security,pending_deepseek_review,B3::PATC11,Bovespa,batch_c_high_value_international
low_name_similarity|severe_name_mismatch,P2,PEIL,BSE_IN,XBOM,Premier Energy and Infrastructure Ltd,Pan Electronics (India) Limited,Common Stock,0.296,deepseek_classify_rename_vs_different_security,pending_deepseek_review,BSE_IN::PEIL,BSE,batch_c_high_value_international
low_name_similarity|severe_name_mismatch,P2,01157,HKEX,XHKG,ZOOMLION,"Zoomlion Heavy Industry Science & Technology Co., Ltd.",Common Stock,0.296,deepseek_classify_rename_vs_different_security,pending_deepseek_review,HKEX::01157,HKEX,batch_c_high_value_international
low_name_similarity|severe_name_mismatch,P2,01963,HKEX,XHKG,BCQ,"Bank of Chongqing Co., Ltd.",Common Stock,0.3,deepseek_classify_rename_vs_different_security,pending_deepseek_review,HKEX::01963,HKEX,batch_c_high_value_international
low_name_similarity|severe_name_mismatch,P2,02076,HKEX,XHKG,BOSS ZHIPIN-W,Kanzhun Ltd.,Common Stock,0.3,deepseek_classify_rename_vs_different_security,pending_deepseek_review,HKEX::02076,HKEX,batch_c_high_value_international
low_name_similarity|severe_name_mismatch,P2,08072,HKEX,XHKG,LANGU CO,Roma Meta Group Ltd,Common Stock,0.3,deepseek_classify_rename_vs_different_security,pending_deepseek_review,HKEX::08072,HKEX,batch_c_high_value_international
low_name_similarity|severe_name_mismatch,P2,0A2V,LSE,XLON,Sanofi,Sanofi American Depositary Receipt,American Depositary Receipt,0.3,deepseek_classify_rename_vs_different_security,pending_deepseek_review,LSE::0A2V,LSE,batch_c_high_value_international
low_name_similarity|severe_name_mismatch,P2,0A2W,LSE,XLON,SAP SE,SAP SE Sponsored ADR,American Depositary Receipt,0.3,deepseek_classify_rename_vs_different_security,pending_deepseek_review,LSE::0A2W,LSE,batch_c_high_value_international
low_name_similarity|severe_name_mismatch,P2,0A6W,LSE,XLON,ABB Ltd,ABB Ltd Sponsored ADR,American Depositary Receipt,0.3,deepseek_classify_rename_vs_different_security,pending_deepseek_review,LSE::0A6W,LSE,batch_c_high_value_international
low_name_similarity|severe_name_mismatch,P2,0KHP,LSE,XLON,Petróleo Brasileiro S.A. - Petrobras,Petrobras S.A. Sponsored ADR,American Depositary Receipt,0.3,deepseek_classify_rename_vs_different_security,pending_deepseek_review,LSE::0KHP,LSE,batch_c_high_value_international
low_name_similarity|severe_name_mismatch,P2,06651,HKEX,XHKG,51WORLD,"Beijing 51World Digital Twin Technology Co., Ltd.",Common Stock,0.304,deepseek_classify_rename_vs_different_security,pending_deepseek_review,HKEX::06651,HKEX,batch_c_high_value_international
low_name_similarity|severe_name_mismatch,P2,0N4Y,LSE,XLON,Etablissementen Franz Colruyt NV,Colruyt Group N.V.,Common Stock,0.304,deepseek_classify_rename_vs_different_security,pending_deepseek_review,LSE::0N4Y,LSE,batch_c_high_value_international
low_name_similarity|severe_name_mismatch,P2,02579,HKEX,XHKG,CNGR,"CNGR Advanced Material Co., Ltd.",Common Stock,0.308,deepseek_classify_rename_vs_different_security,pending_deepseek_review,HKEX::02579,HKEX,batch_c_high_value_international
low_name_similarity|severe_name_mismatch,P2,06806,HKEX,XHKG,SWHY,"Shenwan Hongyuan Group Co., Ltd.",Common Stock,0.308,deepseek_classify_rename_vs_different_security,pending_deepseek_review,HKEX::06806,HKEX,batch_c_high_value_international
low_name_similarity|severe_name_mismatch,P2,01588,HKEX,XHKG,CHANJET,Chanjet Information Technology Company Limited,Common Stock,0.311,deepseek_classify_rename_vs_different_security,pending_deepseek_review,HKEX::01588,HKEX,batch_c_high_value_international
low_name_similarity|severe_name_mismatch,P2,BLCA11,B3,BVMF,CATUAÍ VBI TRIPLE A FII RESP LIM,Patria VBI Asset Management Fundo de Investimento Imobiliário - FII,REIT,0.312,deepseek_classify_rename_vs_different_security,pending_deepseek_review,B3::BLCA11,Bovespa,batch_c_high_value_international
low_name_similarity|severe_name_mismatch,P2,CYLD11,B3,BVMF,CYRELA DESENVOLVIMENTO LOGÍSTICO FII RESP LIM,Cyrela Commercial Properties S.A.,REIT,0.312,deepseek_classify_rename_vs_different_security,pending_deepseek_review,B3::CYLD11,Bovespa,batch_c_high_value_international
low_name_similarity|severe_name_mismatch,P2,RELG11,B3,BVMF,FDO INV. IMOB. REC LOGISTICA,REC Logística Fundo de Investimento Imobiliário - FII,REIT,0.312,deepseek_classify_rename_vs_different_security,pending_deepseek_review,B3::RELG11,Bovespa,batch_c_high_value_international
low_name_similarity|severe_name_mismatch,P2,01476,HKEX,XHKG,FIN STREET SEC,"Hengtai Securities Co., Ltd.",Common Stock,0.312,deepseek_classify_rename_vs_different_security,pending_deepseek_review,HKEX::01476,HKEX,batch_c_high_value_international
low_name_similarity|severe_name_mismatch,P2,IGR,LSE,AIMX,IG Design Group plc,Baltic Bridge S.A.,Common Stock,0.312,deepseek_classify_rename_vs_different_security,pending_deepseek_review,LSE::IGR,LSE,batch_c_high_value_international
low_name_similarity|severe_name_mismatch,P2,HSAF11,B3,BVMF,HSI ATIVOS FINANCEIROS FII RESP LIM,FII HSI CRI Fund,REIT,0.314,deepseek_classify_rename_vs_different_security,pending_deepseek_review,B3::HSAF11,Bovespa,batch_c_high_value_international
low_name_similarity|severe_name_mismatch,P2,06888,HKEX,XHKG,FREETECH,Freetech Road Recycling Technology (Holdings) Ltd.,Common Stock,0.314,deepseek_classify_rename_vs_different_security,pending_deepseek_review,HKEX::06888,HKEX,batch_c_high_value_international
low_name_similarity|severe_name_mismatch,P2,94346,TSE,XJPX,Series 2 Bond-Type Class Shares of SoftBank Corp,SoftBank Corp.,Preferred Stock,0.314,deepseek_classify_rename_vs_different_security,pending_deepseek_review,TSE::94346,JPX,batch_c_high_value_international
low_name_similarity|severe_name_mismatch,P2,MEP,BSE_IN,XBOM,MEP Infrastructure Developers Ltd,Mideast Portfolio Management Ltd.,Common Stock,0.316,deepseek_classify_rename_vs_different_security,pending_deepseek_review,BSE_IN::MEP,BSE,batch_c_high_value_international
low_name_similarity|severe_name_mismatch,P2,01725,HKEX,XHKG,C STRATEGIC TEC,Uspace Technology Group Ltd.,Common Stock,0.316,deepseek_classify_rename_vs_different_security,pending_deepseek_review,HKEX::01725,HKEX,batch_c_high_value_international
low_name_similarity|severe_name_mismatch,P2,80388,HKEX,XHKG,HKEX-R,Hong Kong Exchanges and Clearing Limited,Common Stock,0.316,deepseek_classify_rename_vs_different_security,pending_deepseek_review,HKEX::80388,HKEX,batch_c_high_value_international
low_name_similarity|severe_name_mismatch,P2,0KBS,LSE,XLON,Recordati,Recordati Industria Chimica e Farmaceutica S.p.A.,Common Stock,0.316,deepseek_classify_rename_vs_different_security,pending_deepseek_review,LSE::0KBS,LSE,batch_c_high_value_international
low_name_similarity|severe_name_mismatch,P2,0SCL,LSE,XLON,SLB N.V.,Schlumberger Limited,Common Stock,0.316,deepseek_classify_rename_vs_different_security,pending_deepseek_review,LSE::0SCL,LSE,batch_c_high_value_international
low_name_similarity|severe_name_mismatch,P2,1333,TSE,XJPX,Umios Corporation,Maruha Nichiro Corporation,Common Stock,0.316,deepseek_classify_rename_vs_different_security,pending_deepseek_review,TSE::1333,JPX,batch_c_high_value_international
low_name_similarity|severe_name_mismatch,P2,0LY1,LSE,XLON,WISDOMTREE INVESTMENTS INC WISDOMTREE INVESTMENTS ORD SHS,"WisdomTree, Inc.",Common Stock,0.317,deepseek_classify_rename_vs_different_security,pending_deepseek_review,LSE::0LY1,LSE,batch_c_high_value_international
low_name_similarity|severe_name_mismatch,P2,0OFM,LSE,XLON,Compagnie Generale des Etablissements Michelin SCA,Michelin (CGDE),Common Stock,0.317,deepseek_classify_rename_vs_different_security,pending_deepseek_review,LSE::0OFM,LSE,batch_c_high_value_international
low_name_similarity|severe_name_mismatch,P2,01632,HKEX,XHKG,MSCTECH,Minshang Creative Technology Holdings Limited,Common Stock,0.318,deepseek_classify_rename_vs_different_security,pending_deepseek_review,HKEX::01632,HKEX,batch_c_high_value_international
low_name_similarity|severe_name_mismatch,P2,TI1,ASX,XASX,Tombador Iron Ltd,Atomic Eagle Ltd,Common Stock,0.32,deepseek_classify_rename_vs_different_security,pending_deepseek_review,ASX::TI1,ASX,batch_c_high_value_international
low_name_similarity|severe_name_mismatch,P2,03268,HKEX,XHKG,MEIG,"MeiG Smart Technology Co., Ltd.",Common Stock,0.32,deepseek_classify_rename_vs_different_security,pending_deepseek_review,HKEX::03268,HKEX,batch_c_high_value_international
low_name_similarity|severe_name_mismatch,P2,01177,HKEX,XHKG,SBP GROUP,Sino Biopharmaceutical Ltd.,Common Stock,0.323,deepseek_classify_rename_vs_different_security,pending_deepseek_review,HKEX::01177,HKEX,batch_c_high_value_international
low_name_similarity|severe_name_mismatch,P2,01703,HKEX,XHKG,EASYHOLD GROUP,Welife Technology Ltd.,Common Stock,0.323,deepseek_classify_rename_vs_different_security,pending_deepseek_review,HKEX::01703,HKEX,batch_c_high_value_international
low_name_similarity|severe_name_mismatch,P2,0MJT,LSE,XLON,Atresmedia,"Atresmedia Corporación de Medios de Comunicación, S.A.",Common Stock,0.323,deepseek_classify_rename_vs_different_security,pending_deepseek_review,LSE::0MJT,LSE,batch_c_high_value_international
low_name_similarity|severe_name_mismatch,P2,RSTL,BSE_IN,XBOM,Riddhi Steel and Tube Ltd,Restile Ceramics Ltd,Common Stock,0.324,deepseek_classify_rename_vs_different_security,pending_deepseek_review,BSE_IN::RSTL,BSE,batch_c_high_value_international
low_name_similarity|severe_name_mismatch,P2,0ICU,LSE,XLON,DRDGOLD Limited,DRDGOLD Limited American Depositary Receipts,American Depositary Receipt,0.326,deepseek_classify_rename_vs_different_security,pending_deepseek_review,LSE::0ICU,LSE,batch_c_high_value_international
low_name_similarity|severe_name_mismatch,P2,0M6P,LSE,XLON,SES S.A,SES S.A. Fiduciary Depositary Receipt,Depositary Receipt,0.326,deepseek_classify_rename_vs_different_security,pending_deepseek_review,LSE::0M6P,LSE,batch_c_high_value_international
low_name_similarity|severe_name_mismatch,P2,CJCT11,B3,BVMF,CIDADE JARDIM CONTINENAL TOWER FII RESP LIM,FII Cjctower,REIT,0.327,deepseek_classify_rename_vs_different_security,pending_deepseek_review,B3::CJCT11,Bovespa,batch_c_high_value_international
low_name_similarity|severe_name_mismatch,P2,02597,HKEX,XHKG,XUNZHONG,"Beijing Xunzhong Communication Technology Co., Ltd.",Common Stock,0.327,deepseek_classify_rename_vs_different_security,pending_deepseek_review,HKEX::02597,HKEX,batch_c_high_value_international
low_name_similarity|severe_name_mismatch,P2,01543,HKEX,XHKG,JOIN-SHARE,"Guangdong Join-Share Financing Guarantee Investment Co., Ltd.",Common Stock,0.328,deepseek_classify_rename_vs_different_security,pending_deepseek_review,HKEX::01543,HKEX,batch_c_high_value_international
low_name_similarity|severe_name_mismatch,P2,ISIFHLSG,BSE_IN,XBOM,iSIF Hybrid Long-Short Fund - Growth,ISIFHLSG,Common Stock,0.333,deepseek_classify_rename_vs_different_security,pending_deepseek_review,BSE_IN::ISIFHLSG,BSE,batch_c_high_value_international
low_name_similarity|severe_name_mismatch,P2,01815,HKEX,XHKG,EVEREST GOLD,Csmall Group Ltd.,Common Stock,0.333,deepseek_classify_rename_vs_different_security,pending_deepseek_review,HKEX::01815,HKEX,batch_c_high_value_international
low_name_similarity|severe_name_mismatch,P2,02409,HKEX,XHKG,SEACON,Seacon Shipping Group Holdings Ltd.,Common Stock,0.333,deepseek_classify_rename_vs_different_security,pending_deepseek_review,HKEX::02409,HKEX,batch_c_high_value_international
low_name_similarity|severe_name_mismatch,P2,03317,HKEX,XHKG,XUNCE,"Shenzhen Xunce Technology Co., Ltd.",Common Stock,0.333,deepseek_classify_rename_vs_different_security,pending_deepseek_review,HKEX::03317,HKEX,batch_c_high_value_international
low_name_similarity|severe_name_mismatch,P2,03866,HKEX,XHKG,BQD,"Bank of Qingdao Co., Ltd.",Common Stock,0.333,deepseek_classify_rename_vs_different_security,pending_deepseek_review,HKEX::03866,HKEX,batch_c_high_value_international
low_name_similarity|severe_name_mismatch,P2,03969,HKEX,XHKG,CHINA CRSC,China Railway Signal & Communication Corporation Limited,Common Stock,0.333,deepseek_classify_rename_vs_different_security,pending_deepseek_review,HKEX::03969,HKEX,batch_c_high_value_international
low_name_similarity|severe_name_mismatch,P2,08041,HKEX,XHKG,INTELLIMARK AI,Luxey International Holdings Limited,Common Stock,0.333,deepseek_classify_rename_vs_different_security,pending_deepseek_review,HKEX::08041,HKEX,batch_c_high_value_international
low_name_similarity|severe_name_mismatch,P2,08082,HKEX,XHKG,QINGHUA HOLD,Sunny Side Up Culture Holdings Ltd.,Common Stock,0.333,deepseek_classify_rename_vs_different_security,pending_deepseek_review,HKEX::08082,HKEX,batch_c_high_value_international
low_name_similarity|severe_name_mismatch,P2,08115,HKEX,XHKG,"Qingda Oriental Group Co., Ltd.","Shanghai Qingpu Fire-Fighting Equipment Co., Ltd.",Common Stock,0.333,deepseek_classify_rename_vs_different_security,pending_deepseek_review,HKEX::08115,HKEX,batch_c_high_value_international
low_name_similarity|severe_name_mismatch,P2,09896,HKEX,XHKG,MNSO,Miniso Group Holding Ltd.,Common Stock,0.333,deepseek_classify_rename_vs_different_security,pending_deepseek_review,HKEX::09896,HKEX,batch_c_high_value_international
low_name_similarity|severe_name_mismatch,P2,0DLI,LSE,XLON,Amsterdam Commodities NV,ACOMO N.V.,Common Stock,0.333,deepseek_classify_rename_vs_different_security,pending_deepseek_review,LSE::0DLI,LSE,batch_c_high_value_international
low_name_similarity|severe_name_mismatch,P2,0EOI,LSE,XLON,HF Co.,HF Company,Common Stock,0.333,deepseek_classify_rename_vs_different_security,pending_deepseek_review,LSE::0EOI,LSE,batch_c_high_value_international
low_name_similarity|severe_name_mismatch,P2,0K6G,LSE,XLON,"NetEase, Inc.","NetEase, Inc. American Depositary Receipt",American Depositary Receipt,0.333,deepseek_classify_rename_vs_different_security,pending_deepseek_review,LSE::0K6G,LSE,batch_c_high_value_international
low_name_similarity|severe_name_mismatch,P2,0QNY,LSE,XLON,3M Co.,3M Company,Common Stock,0.333,deepseek_classify_rename_vs_different_security,pending_deepseek_review,LSE::0QNY,LSE,batch_c_high_value_international
low_name_similarity|severe_name_mismatch,P2,SKA,LSE,AIMX,Shuka Minerals Plc,Śnieżka S.A.,Common Stock,0.333,deepseek_classify_rename_vs_different_security,pending_deepseek_review,LSE::SKA,LSE,batch_c_high_value_international
low_name_similarity|severe_name_mismatch,P2,6031,TSE,XJPX,ZETA INC.,Zeta Global Holdings Corp.,Common Stock,0.333,deepseek_classify_rename_vs_different_security,pending_deepseek_review,TSE::6031,JPX,batch_c_high_value_international
low_name_similarity|severe_name_mismatch,P2,8783,TSE,XJPX,"abc Co.,Ltd.","GFA Co., Ltd.",Common Stock,0.333,deepseek_classify_rename_vs_different_security,pending_deepseek_review,TSE::8783,JPX,batch_c_high_value_international
low_name_similarity|severe_name_mismatch,P2,JPPA11,B3,BVMF,JPP CAPITAL RECEBIVEIS IMOB. FII RESP LIM,Mogno Fundo de Investimento Imobiliário FII,REIT,0.337,deepseek_classify_rename_vs_different_security,pending_deepseek_review,B3::JPPA11,Bovespa,batch_c_high_value_international
low_name_similarity|severe_name_mismatch,P2,CEOC11,B3,BVMF,FDO INV IMOB - FII CEO CYRELA COMMERC. PROPERTIES,FII CEO Crédito Estruturado de Operações Corporativas - Fundo de Investimento Imobiliário FII,REIT,0.338,deepseek_classify_rename_vs_different_security,pending_deepseek_review,B3::CEOC11,Bovespa,batch_c_high_value_international
low_name_similarity|severe_name_mismatch,P2,02632,HKEX,XHKG,NEW VISION CO,Jiangsu New Vision Automotive Electronics Co. Ltd. Class H,Common Stock,0.339,deepseek_classify_rename_vs_different_security,pending_deepseek_review,HKEX::02632,HKEX,batch_c_high_value_international
low_name_similarity|severe_name_mismatch,P2,HAGA4,B3,BVMF,HAGA S.A. INDUSTRIA E COMERCIO,Ferragens Haga S.A.,Preferred Stock,0.34,deepseek_classify_rename_vs_different_security,pending_deepseek_review,B3::HAGA4,Bovespa,batch_c_high_value_international
low_name_similarity|severe_name_mismatch,P2,APIL,BSE_IN,XBOM,Avi Products India Ltd,Ansal Properties & Infrastructure Ltd.,Common Stock,0.34,deepseek_classify_rename_vs_different_security,pending_deepseek_review,BSE_IN::APIL,BSE,batch_c_high_value_international
low_name_similarity|severe_name_mismatch,P2,02591,HKEX,XHKG,INNOGEN-B,"Guangzhou Innogen Pharmaceutical Group Co., Ltd.",Common Stock,0.34,deepseek_classify_rename_vs_different_security,pending_deepseek_review,HKEX::02591,HKEX,batch_c_high_value_international
low_name_similarity|severe_name_mismatch,P2,360,ASX,XASX,LIFE360 INC.,"Life360, Inc. Chess Depositary Interests",Depositary Receipt,0.341,deepseek_classify_rename_vs_different_security,pending_deepseek_review,ASX::360,ASX,batch_c_high_value_international
low_name_similarity|severe_name_mismatch,P2,01148,HKEX,XHKG,POWER XINCHEN,Xinchen China Power Holdings Limited,Common Stock,0.341,deepseek_classify_rename_vs_different_security,pending_deepseek_review,HKEX::01148,HKEX,batch_c_high_value_international
low_name_similarity|severe_name_mismatch,P2,02190,HKEX,XHKG,ZYLOXTB,"Zylox-Tonbridge Medical Technology Co., Ltd.",Common Stock,0.341,deepseek_classify_rename_vs_different_security,pending_deepseek_review,HKEX::02190,HKEX,batch_c_high_value_international
low_name_similarity|severe_name_mismatch,P2,03677,HKEX,XHKG,ZENERGY,"Jiangsu Zenergy Battery Technology Co., Ltd.",Common Stock,0.341,deepseek_classify_rename_vs_different_security,pending_deepseek_review,HKEX::03677,HKEX,batch_c_high_value_international
low_name_similarity|severe_name_mismatch,P2,08245,HKEX,XHKG,CANOPY SKYFIRE,"Shanyu Group Holdings Co., Ltd.",Common Stock,0.343,deepseek_classify_rename_vs_different_security,pending_deepseek_review,HKEX::08245,HKEX,batch_c_high_value_international
low_name_similarity|severe_name_mismatch,P2,08347,HKEX,XHKG,F8 ENT,F8 Enterprises Holdings Group Limited,Common Stock,0.343,deepseek_classify_rename_vs_different_security,pending_deepseek_review,HKEX::08347,HKEX,batch_c_high_value_international
low_name_similarity|severe_name_mismatch,P2,09869,HKEX,XHKG,HELENS,Helens International Holdings Ltd.,Common Stock,0.343,deepseek_classify_rename_vs_different_security,pending_deepseek_review,HKEX::09869,HKEX,batch_c_high_value_international
low_name_similarity|severe_name_mismatch,P2,HABT11,B3,BVMF,HABITAT RECEBÍVEIS PULVERIZADOS - FII RESP LIM,FII Habitat II,REIT,0.345,deepseek_classify_rename_vs_different_security,pending_deepseek_review,B3::HABT11,Bovespa,batch_c_high_value_international
low_name_similarity|severe_name_mismatch,P2,APLABPP,BSE_IN,XBOM,Aplab Ltd,Aplab Limited Partly Paid Shares,Common Stock,0.345,deepseek_classify_rename_vs_different_security,pending_deepseek_review,BSE_IN::APLABPP,BSE,batch_c_high_value_international
low_name_similarity|severe_name_mismatch,P2,01500,HKEX,XHKG,INCON,In Construction Holdings Ltd.,Common Stock,0.345,deepseek_classify_rename_vs_different_security,pending_deepseek_review,HKEX::01500,HKEX,batch_c_high_value_international
low_name_similarity|severe_name_mismatch,P2,01786,HKEX,XHKG,CRCCE,CRCC High-Tech Equipment Corporation Limited,Common Stock,0.345,deepseek_classify_rename_vs_different_security,pending_deepseek_review,HKEX::01786,HKEX,batch_c_high_value_international
low_name_similarity|severe_name_mismatch,P2,02100,HKEX,XHKG,BAIOO,Baioo Family Interactive Ltd.,Common Stock,0.345,deepseek_classify_rename_vs_different_security,pending_deepseek_review,HKEX::02100,HKEX,batch_c_high_value_international
low_name_similarity|severe_name_mismatch,P2,02571,HKEX,XHKG,SAIMO,"Beijing Saimo Technology Co., Ltd.",Common Stock,0.345,deepseek_classify_rename_vs_different_security,pending_deepseek_review,HKEX::02571,HKEX,batch_c_high_value_international
low_name_similarity|severe_name_mismatch,P2,02670,HKEX,XHKG,YUNJI,"Beijing Yunji Technology Co., Ltd.",Common Stock,0.345,deepseek_classify_rename_vs_different_security,pending_deepseek_review,HKEX::02670,HKEX,batch_c_high_value_international
low_name_similarity|severe_name_mismatch,P2,06127,HKEX,XHKG,JOINN,Joinn Laboratories China Ltd.,Common Stock,0.345,deepseek_classify_rename_vs_different_security,pending_deepseek_review,HKEX::06127,HKEX,batch_c_high_value_international
low_name_similarity|severe_name_mismatch,P2,0AH6,LSE,XLON,BayWa Aktiengesellschaft,BayWa AG,Common Stock,0.345,deepseek_classify_rename_vs_different_security,pending_deepseek_review,LSE::0AH6,LSE,batch_c_high_value_international
low_name_similarity|severe_name_mismatch,P2,0AH7,LSE,XLON,BayWa Aktiengesellschaft,BayWa AG,Common Stock,0.345,deepseek_classify_rename_vs_different_security,pending_deepseek_review,LSE::0AH7,LSE,batch_c_high_value_international
low_name_similarity|severe_name_mismatch,P2,0E4K,LSE,XLON,Deutz AG,DEUTZ Aktiengesellschaft,Common Stock,0.345,deepseek_classify_rename_vs_different_security,pending_deepseek_review,LSE::0E4K,LSE,batch_c_high_value_international
low_name_similarity|severe_name_mismatch,P2,0L83,LSE,XLON,Sony Group Corporation,Sony Group Corporation - Sponsored American Depositary Receipt,American Depositary Receipt,0.345,deepseek_classify_rename_vs_different_security,pending_deepseek_review,LSE::0L83,LSE,batch_c_high_value_international
low_name_similarity|severe_name_mismatch,P2,0NWX,LSE,XLON,AB SKF B,SKF AB Class B shares,Common Stock,0.345,deepseek_classify_rename_vs_different_security,pending_deepseek_review,LSE::0NWX,LSE,batch_c_high_value_international
low_name_similarity|severe_name_mismatch,P2,0Q2N,LSE,XLON,K&S AG,K+S Aktiengesellschaft,Common Stock,0.345,deepseek_classify_rename_vs_different_security,pending_deepseek_review,LSE::0Q2N,LSE,batch_c_high_value_international
low_name_similarity|severe_name_mismatch,P2,ARS,LSE,AIMX,Asiamet Resources Limited,Aerostar S.A.,Common Stock,0.345,deepseek_classify_rename_vs_different_security,pending_deepseek_review,LSE::ARS,LSE,batch_c_high_value_international
low_name_similarity|severe_name_mismatch,P2,AWL,NSE_IN,XNSE,AWL Agri Business Limited,Ador Welding Ltd.,Common Stock,0.345,deepseek_classify_rename_vs_different_security,pending_deepseek_review,NSE_IN::AWL,NSE,batch_c_high_value_international
low_name_similarity|severe_name_mismatch,P2,SFSL,BSE_IN,XBOM,Shashwat Furnishing Solutions Ltd,Siel Financial Services Ltd.,Common Stock,0.346,deepseek_classify_rename_vs_different_security,pending_deepseek_review,BSE_IN::SFSL,BSE,batch_c_high_value_international
low_name_similarity|severe_name_mismatch,P2,01452,HKEX,XHKG,DENOX ENV,Denox Environmental & Technology Holdings Limited,Common Stock,0.346,deepseek_classify_rename_vs_different_security,pending_deepseek_review,HKEX::01452,HKEX,batch_c_high_value_international
low_name_similarity|severe_name_mismatch,P2,06989,HKEX,XHKG,EXCELLENCE CM,Excellence Commercial Property & Facilities Management Group Ltd.,Common Stock,0.347,deepseek_classify_rename_vs_different_security,pending_deepseek_review,HKEX::06989,HKEX,batch_c_high_value_international
low_name_similarity|severe_name_mismatch,P2,09989,HKEX,XHKG,HEPALINK,"Shenzhen Hepalink Pharmaceutical Group Co., Ltd.",Common Stock,0.348,deepseek_classify_rename_vs_different_security,pending_deepseek_review,HKEX::09989,HKEX,batch_c_high_value_international
low_name_similarity|severe_name_mismatch,P2,02635,HKEX,XHKG,NUOBIKAN-NEW,"Nuobikan Artificial Intelligence Technology (Chengdu) Co., Ltd.",Common Stock,0.349,deepseek_classify_rename_vs_different_security,pending_deepseek_review,HKEX::02635,HKEX,batch_c_high_value_international
low_name_similarity|severe_name_mismatch,P2,LWSA3,B3,BVMF,LWSA S.A.,Locaweb Serviços de Internet S.A.,Common Stock,0.35,deepseek_classify_rename_vs_different_security,pending_deepseek_review,B3::LWSA3,Bovespa,batch_c_high_value_international
low_name_similarity|severe_name_mismatch,P2,01601,HKEX,XHKG,ZGC TEC LEASING,"Zhongguancun Science-Tech Co., Ltd.",Common Stock,0.35,deepseek_classify_rename_vs_different_security,pending_deepseek_review,HKEX::01601,HKEX,batch_c_high_value_international
low_name_similarity|severe_name_mismatch,P2,0MSJ,LSE,XLON,TGS NOPEC Geophysical Company ASA,TGS ASA,Common Stock,0.35,deepseek_classify_rename_vs_different_security,pending_deepseek_review,LSE::0MSJ,LSE,batch_c_high_value_international
low_name_similarity,P2,PVBI11,B3,BVMF,FII VBI PRIME PROPERTIES RESP LIM,VBI Real Estate Fund P.P.,REIT,0.351,deepseek_classify_rename_vs_different_security,pending_deepseek_review,B3::PVBI11,Bovespa,batch_c_high_value_international
low_name_similarity,P2,01980,HKEX,XHKG,TIANGE,Tian Ge Interactive Holdings Limited,Common Stock,0.353,deepseek_classify_rename_vs_different_security,pending_deepseek_review,HKEX::01980,HKEX,batch_c_high_value_international
low_name_similarity,P2,02423,HKEX,XHKG,BEKE-W,Ke Holdings Inc.,Common Stock,0.353,deepseek_classify_rename_vs_different_security,pending_deepseek_review,HKEX::02423,HKEX,batch_c_high_value_international
low_name_similarity,P2,02676,HKEX,XHKG,NOVOSENSE,"Suzhou Novosense Microelectronics Co., Ltd. H Shares",Common Stock,0.353,deepseek_classify_rename_vs_different_security,pending_deepseek_review,HKEX::02676,HKEX,batch_c_high_value_international
low_name_similarity,P2,06919,HKEX,XHKG,RENRUI HR,Renrui Human Resources Technology Holdings Ltd,Common Stock,0.353,deepseek_classify_rename_vs_different_security,pending_deepseek_review,HKEX::06919,HKEX,batch_c_high_value_international
low_name_similarity,P2,08310,HKEX,XHKG,YANCHENG PORT,"Dafeng Port Heshun Technology Holdings Co., Ltd.",Common Stock,0.353,deepseek_classify_rename_vs_different_security,pending_deepseek_review,HKEX::08310,HKEX,batch_c_high_value_international
low_name_similarity,P2,0NLY,LSE,XLON,VERBIO Vereinigte BioEnergie AG,Verbio SE,Common Stock,0.353,deepseek_classify_rename_vs_different_security,pending_deepseek_review,LSE::0NLY,LSE,batch_c_high_value_international
low_name_similarity,P2,RTC,LSE,AIMX,RTC Group plc,RealTech AG,Common Stock,0.353,deepseek_classify_rename_vs_different_security,pending_deepseek_review,LSE::RTC,LSE,batch_c_high_value_international
low_name_similarity,P2,6736,TSE,XJPX,SUNCORPORATION,Sun Corp,Common Stock,0.353,deepseek_classify_rename_vs_different_security,pending_deepseek_review,TSE::6736,JPX,batch_c_high_value_international
low_name_similarity,P2,02339,HKEX,XHKG,BWI INT'L,BeijingWest Industries International Ltd.,Common Stock,0.356,deepseek_classify_rename_vs_different_security,pending_deepseek_review,HKEX::02339,HKEX,batch_c_high_value_international
low_name_similarity,P2,BPAR3,B3,BVMF,BCO ESTADO DO PARA S.A.,Banpará,Common Stock,0.357,deepseek_classify_rename_vs_different_security,pending_deepseek_review,B3::BPAR3,Bovespa,batch_c_high_value_international
low_name_similarity,P2,SBSA,LSE,XLON,Skipton Building Society 8.5% PIBS,Schlossgartenbau AG 8.5% NTS PERP GBP1,Common Stock,0.358,deepseek_classify_rename_vs_different_security,pending_deepseek_review,LSE::SBSA,LSE,batch_c_high_value_international
low_name_similarity,P2,DRA,BSE_IN,XBOM,DRA Consultants Ltd,Desh Rakshak Aushdhalaya Ltd.,Common Stock,0.359,deepseek_classify_rename_vs_different_security,pending_deepseek_review,BSE_IN::DRA,BSE,batch_c_high_value_international
low_name_similarity,P2,REXNORD,BSE_IN,XBOM,Rexnord Electronics & Controls Ltd,Rexnord Corporation,Common Stock,0.359,deepseek_classify_rename_vs_different_security,pending_deepseek_review,BSE_IN::REXNORD,BSE,batch_c_high_value_international
low_name_similarity,P2,02252,HKEX,XHKG,MEDBOT-B,"Shanghai Microport Medbot Group Co., Ltd.",Common Stock,0.359,deepseek_classify_rename_vs_different_security,pending_deepseek_review,HKEX::02252,HKEX,batch_c_high_value_international
low_name_similarity,P2,02318,HKEX,XHKG,PING AN,Ping An Insurance Group Co. of China Ltd.,Common Stock,0.359,deepseek_classify_rename_vs_different_security,pending_deepseek_review,HKEX::02318,HKEX,batch_c_high_value_international
low_name_similarity,P2,GLOG11,B3,BVMF,GENIAL LOGÍSTICA FII RESP LIM,Plural Logistica Fundo de Investimento Imobiliario - FII,REIT,0.361,deepseek_classify_rename_vs_different_security,pending_deepseek_review,B3::GLOG11,Bovespa,batch_c_high_value_international
low_name_similarity,P2,01645,HKEX,XHKG,HAINA INTEL,Haina Intelligent Equipment International Holdings Ltd.,Common Stock,0.361,deepseek_classify_rename_vs_different_security,pending_deepseek_review,HKEX::01645,HKEX,batch_c_high_value_international
low_name_similarity,P2,H2G,ASX,XASX,H2G Limited,Greenhy2 Limited,Common Stock,0.364,deepseek_classify_rename_vs_different_security,pending_deepseek_review,ASX::H2G,ASX,batch_c_high_value_international
low_name_similarity,P2,JCCJ11,B3,BVMF,JHSF CAPITAL MALLS – FII RESP LIM,JHSF CJ Real Estate Investment Fund,REIT,0.364,deepseek_classify_rename_vs_different_security,pending_deepseek_review,B3::JCCJ11,Bovespa,batch_c_high_value_international
low_name_similarity,P2,KACL,BSE_IN,XBOM,Kaiser Corporation Ltd,Kabra Commercial Ltd.,Common Stock,0.364,deepseek_classify_rename_vs_different_security,pending_deepseek_review,BSE_IN::KACL,BSE,batch_c_high_value_international
low_name_similarity,P2,01085,HKEX,XHKG,HXTL,Hengxin Technology Ltd.,Common Stock,0.364,deepseek_classify_rename_vs_different_security,pending_deepseek_review,HKEX::01085,HKEX,batch_c_high_value_international
low_name_similarity,P2,01693,HKEX,XHKG,BGMC,Bgmc International Ltd.,Common Stock,0.364,deepseek_classify_rename_vs_different_security,pending_deepseek_review,HKEX::01693,HKEX,batch_c_high_value_international
low_name_similarity,P2,01989,HKEX,XHKG,DELTON,Delton Technology (Guangzhou) Inc.,Common Stock,0.364,deepseek_classify_rename_vs_different_security,pending_deepseek_review,HKEX::01989,HKEX,batch_c_high_value_international
low_name_similarity,P2,02482,HKEX,XHKG,LOGORY,"Logory Logistics Technology Co., Ltd.",Common Stock,0.364,deepseek_classify_rename_vs_different_security,pending_deepseek_review,HKEX::02482,HKEX,batch_c_high_value_international
low_name_similarity,P2,02530,HKEX,XHKG,NUMANS,Numans Health Food Holdings Ltd.,Common Stock,0.364,deepseek_classify_rename_vs_different_security,pending_deepseek_review,HKEX::02530,HKEX,batch_c_high_value_international
low_name_similarity,P2,06160,HKEX,XHKG,BEONE MEDICINES,BeiGene Ltd.,Common Stock,0.364,deepseek_classify_rename_vs_different_security,pending_deepseek_review,HKEX::06160,HKEX,batch_c_high_value_international
low_name_similarity,P2,01084,HKEX,XHKG,GREEN FRESH BIO,"Green Future Food Hydrocolloid Marine Science Co., Ltd.",Common Stock,0.367,deepseek_classify_rename_vs_different_security,pending_deepseek_review,HKEX::01084,HKEX,batch_c_high_value_international
low_name_similarity,P2,01719,HKEX,XHKG,CIL GROUP,China Infrastructure & Logistics Group Ltd.,Common Stock,0.367,deepseek_classify_rename_vs_different_security,pending_deepseek_review,HKEX::01719,HKEX,batch_c_high_value_international
low_name_similarity,P2,01930,HKEX,XHKG,SHINELONG,"Shinelong Automotive Lighting Technology Co., Ltd.",Common Stock,0.367,deepseek_classify_rename_vs_different_security,pending_deepseek_review,HKEX::01930,HKEX,batch_c_high_value_international
low_name_similarity,P2,02191,HKEX,XHKG,SF REIT,SF Real Estate Investment Trust,REIT,0.368,deepseek_classify_rename_vs_different_security,pending_deepseek_review,HKEX::02191,HKEX,batch_c_high_value_international
low_name_similarity,P2,06123,HKEX,XHKG,YTO INTL EXP,YTO International Express and Supply Chain Technology Co. Ltd.,Common Stock,0.369,deepseek_classify_rename_vs_different_security,pending_deepseek_review,HKEX::06123,HKEX,batch_c_high_value_international
low_name_similarity,P2,AXIA7,B3,BVMF,AXIA ENERGIA S.A.,Centrais Elétricas Brasileiras S.A. AXIA Energia - Preferred Class C,Preferred Stock,0.37,deepseek_classify_rename_vs_different_security,pending_deepseek_review,B3::AXIA7,Bovespa,batch_c_high_value_international
low_name_similarity,P2,02211,HKEX,XHKG,UNI HEALTH,Universal Health International Group Holding Ltd.,Common Stock,0.37,deepseek_classify_rename_vs_different_security,pending_deepseek_review,HKEX::02211,HKEX,batch_c_high_value_international
low_name_similarity,P2,09988,HKEX,XHKG,BABA-W,Alibaba Group Holding Ltd.,Common Stock,0.37,deepseek_classify_rename_vs_different_security,pending_deepseek_review,HKEX::09988,HKEX,batch_c_high_value_international
low_name_similarity,P2,03366,HKEX,XHKG,OCT (ASIA),Overseas Chinese Town (Asia) Holdings Ltd.,Common Stock,0.372,deepseek_classify_rename_vs_different_security,pending_deepseek_review,HKEX::03366,HKEX,batch_c_high_value_international
low_name_similarity,P2,01373,HKEX,XHKG,IH RETAIL,International Housewares Retail Company Limited,Common Stock,0.375,deepseek_classify_rename_vs_different_security,pending_deepseek_review,HKEX::01373,HKEX,batch_c_high_value_international
low_name_similarity,P2,01527,HKEX,XHKG,TENGY ENV,"Zhejiang Tengy Environmental Technology Co., Ltd.",Common Stock,0.375,deepseek_classify_rename_vs_different_security,pending_deepseek_review,HKEX::01527,HKEX,batch_c_high_value_international
low_name_similarity,P2,02415,HKEX,XHKG,MEDSCI,Medsci Healthcare Holdings Limited,Common Stock,0.375,deepseek_classify_rename_vs_different_security,pending_deepseek_review,HKEX::02415,HKEX,batch_c_high_value_international
low_name_similarity,P2,06066,HKEX,XHKG,CSC,"CSC Financial Co., Ltd.",Common Stock,0.375,deepseek_classify_rename_vs_different_security,pending_deepseek_review,HKEX::06066,HKEX,batch_c_high_value_international
low_name_similarity,P2,81211,HKEX,XHKG,BYD COMPANY-R,BYD Co. Ltd.,Common Stock,0.375,deepseek_classify_rename_vs_different_security,pending_deepseek_review,HKEX::81211,HKEX,batch_c_high_value_international
low_name_similarity,P2,0O14,LSE,XLON,MERCK Kommanditgesellschaft auf Aktien,Merck KGaA,Common Stock,0.375,deepseek_classify_rename_vs_different_security,pending_deepseek_review,LSE::0O14,LSE,batch_c_high_value_international
low_name_similarity,P2,352A,TSE,XJPX,"LOIVE Co.,Ltd.",Life Create Co. Ltd,Common Stock,0.375,deepseek_classify_rename_vs_different_security,pending_deepseek_review,TSE::352A,JPX,batch_c_high_value_international
low_name_similarity,P2,02623,HKEX,XHKG,Hong Kong Gold Industry Group Limited,Add New Energy Investment Holdings Group Limited,Common Stock,0.377,deepseek_classify_rename_vs_different_security,pending_deepseek_review,HKEX::02623,HKEX,batch_c_high_value_international
low_name_similarity,P2,06899,HKEX,XHKG,OURGAME,Ourgame International Holdings Ltd.,Common Stock,0.378,deepseek_classify_rename_vs_different_security,pending_deepseek_review,HKEX::06899,HKEX,batch_c_high_value_international
low_name_similarity,P2,0QI7,LSE,XLON,Addtech,Addtech AB (publ.) Class B shares,Common Stock,0.378,deepseek_classify_rename_vs_different_security,pending_deepseek_review,LSE::0QI7,LSE,batch_c_high_value_international
low_name_similarity,P2,47IE,LSE,XLON,S&U plc,S & U Stores Plc Preferred Stock,Preferred Stock,0.378,deepseek_classify_rename_vs_different_security,pending_deepseek_review,LSE::47IE,LSE,batch_c_high_value_international
low_name_similarity,P2,09609,HKEX,XHKG,HAIWEI ELEC,"Hebei Haiwei Electronic New Material Technology Co., Ltd.",Common Stock,0.379,deepseek_classify_rename_vs_different_security,pending_deepseek_review,HKEX::09609,HKEX,batch_c_high_value_international
low_name_similarity,P2,EQPA7,B3,BVMF,EQUATORIAL PARA DISTRIBUIDORA DE ENERGIA S.A.,Centrais Elétricas do Pará Preferred,Preferred Stock,0.38,deepseek_classify_rename_vs_different_security,pending_deepseek_review,B3::EQPA7,Bovespa,batch_c_high_value_international
low_name_similarity,P2,AXI,ASX,XASX,AXTEC LIMITED,Axiom Properties Limited,Common Stock,0.381,deepseek_classify_rename_vs_different_security,pending_deepseek_review,ASX::AXI,ASX,batch_c_high_value_international
low_name_similarity,P2,02408,HKEX,XHKG,XIAO NOODLES,"Guangzhou Xiao Noodles Catering Management Co., Ltd. H Shares",Common Stock,0.381,deepseek_classify_rename_vs_different_security,pending_deepseek_review,HKEX::02408,HKEX,batch_c_high_value_international
low_name_similarity,P2,06886,HKEX,XHKG,HTSC,"Huatai Securities Co., Ltd.",Common Stock,0.381,deepseek_classify_rename_vs_different_security,pending_deepseek_review,HKEX::06886,HKEX,batch_c_high_value_international
low_name_similarity,P2,GOLDADD,NSE_IN,XNSE,DSPAMC - DSPGOLD,GOLDADD,Common Stock,0.381,deepseek_classify_rename_vs_different_security,pending_deepseek_review,NSE_IN::GOLDADD,NSE,batch_c_high_value_international
low_name_similarity,P2,3409,TSE,XJPX,"KITABO CO.,LTD",Kitani Spinning Co. Ltd.,Common Stock,0.381,deepseek_classify_rename_vs_different_security,pending_deepseek_review,TSE::3409,JPX,batch_c_high_value_international
low_name_similarity,P2,7388,TSE,XJPX,FP Partner Inc.,"FP Holdings, Inc.",Common Stock,0.381,deepseek_classify_rename_vs_different_security,pending_deepseek_review,TSE::7388,JPX,batch_c_high_value_international
low_name_similarity,P2,0KFE,LSE,XLON,Muench. Rueckvers. VNA O.N.,Münchener Rückversicherungs-Gesellschaft Aktiengesellschaft in München,Common Stock,0.383,deepseek_classify_rename_vs_different_security,pending_deepseek_review,LSE::0KFE,LSE,batch_c_high_value_international
low_name_similarity,P2,EQPA6,B3,BVMF,EQUATORIAL PARA DISTRIBUIDORA DE ENERGIA S.A.,Centrais Elétricas do Pará S.A.,Preferred Stock,0.384,deepseek_classify_rename_vs_different_security,pending_deepseek_review,B3::EQPA6,Bovespa,batch_c_high_value_international
low_name_similarity,P2,01895,HKEX,XHKG,XINYUAN PM,Xinyuan Property Management Service (Cayman) Ltd.,Common Stock,0.385,deepseek_classify_rename_vs_different_security,pending_deepseek_review,HKEX::01895,HKEX,batch_c_high_value_international
low_name_similarity,P2,03933,HKEX,XHKG,UNITED LAB,The United Laboratories International Holdings Limited,Common Stock,0.385,deepseek_classify_rename_vs_different_security,pending_deepseek_review,HKEX::03933,HKEX,batch_c_high_value_international
low_name_similarity,P2,06136,HKEX,XHKG,KANGDA ENV,Kangda International Environmental Company Limited,Common Stock,0.385,deepseek_classify_rename_vs_different_security,pending_deepseek_review,HKEX::06136,HKEX,batch_c_high_value_international
low_name_similarity,P2,06868,HKEX,XHKG,TENFU,Tenfu (Cayman) Holdings Co. Ltd.,Common Stock,0.385,deepseek_classify_rename_vs_different_security,pending_deepseek_review,HKEX::06868,HKEX,batch_c_high_value_international
low_name_similarity,P2,0NWW,LSE,XLON,SKF AB Series A,AB SKF (publ),Common Stock,0.385,deepseek_classify_rename_vs_different_security,pending_deepseek_review,LSE::0NWW,LSE,batch_c_high_value_international
low_name_similarity,P2,5451,TSE,XJPX,"YODOKO,Ltd.",Yodogawa Steel Works Ltd.,Common Stock,0.385,deepseek_classify_rename_vs_different_security,pending_deepseek_review,TSE::5451,JPX,batch_c_high_value_international
low_name_similarity,P2,VGIR11,B3,BVMF,VALORA CRI CDI FII RESP LIMITADA,Valora Real Estate III Fundo de Investimento Imobiliário,REIT,0.386,deepseek_classify_rename_vs_different_security,pending_deepseek_review,B3::VGIR11,Bovespa,batch_c_high_value_international
low_name_similarity,P2,01253,HKEX,XHKG,GREEN BROAD,China Greenland Broad Greenstate Group Company Limited,Common Stock,0.386,deepseek_classify_rename_vs_different_security,pending_deepseek_review,HKEX::01253,HKEX,batch_c_high_value_international
low_name_similarity,P2,HPBL,BSE_IN,XBOM,HCP Plastene Bulkpack Ltd,HPC Biosciences Ltd.,Common Stock,0.389,deepseek_classify_rename_vs_different_security,pending_deepseek_review,BSE_IN::HPBL,BSE,batch_c_high_value_international
low_name_similarity,P2,01846,HKEX,XHKG,EUROEYES,EuroEyes International Eye Clinic Ltd.,Common Stock,0.39,deepseek_classify_rename_vs_different_security,pending_deepseek_review,HKEX::01846,HKEX,batch_c_high_value_international
low_name_similarity,P2,0Q8P,LSE,XLON,Prosegur,"Prosegur Compañía de Seguridad, S.A.",Common Stock,0.39,deepseek_classify_rename_vs_different_security,pending_deepseek_review,LSE::0Q8P,LSE,batch_c_high_value_international
low_name_similarity,P2,02799,HKEX,XHKG,CITIC FAMC,China CITIC Financial Asset Holdings Co. Ltd.,Common Stock,0.391,deepseek_classify_rename_vs_different_security,pending_deepseek_review,HKEX::02799,HKEX,batch_c_high_value_international
low_name_similarity,P2,CXCI11,B3,BVMF,FII CAIXA CARTEIRA IMOBILIÁRIA RESP LIM,Caixa FII CI.,REIT,0.392,deepseek_classify_rename_vs_different_security,pending_deepseek_review,B3::CXCI11,Bovespa,batch_c_high_value_international
low_name_similarity,P2,RAPT3,B3,BVMF,RANDONCORP S.A.,Randon S.A. Implementos e Participações,Common Stock,0.392,deepseek_classify_rename_vs_different_security,pending_deepseek_review,B3::RAPT3,Bovespa,batch_c_high_value_international
low_name_similarity,P2,KAVDEFENCE,BSE_IN,XBOM,Kavveri Defence & Wireless Technologies Ltd-$,KAVDEFENCE,Common Stock,0.392,deepseek_classify_rename_vs_different_security,pending_deepseek_review,BSE_IN::KAVDEFENCE,BSE,batch_c_high_value_international
low_name_similarity,P2,01339,HKEX,XHKG,PICC GROUP,People's Insurance Company (Group) of China Limited,Common Stock,0.392,deepseek_classify_rename_vs_different_security,pending_deepseek_review,HKEX::01339,HKEX,batch_c_high_value_international
low_name_similarity,P2,BD82,LSE,XLON,Henry Boot PLC,Henry Boot PLC 5.25% Perpetual Preferred Stock,Preferred Stock,0.392,deepseek_classify_rename_vs_different_security,pending_deepseek_review,LSE::BD82,LSE,batch_c_high_value_international
low_name_similarity,P2,LASC11,B3,BVMF,LEGATUS FII RESP LIM,Legatus Shoppings Fundo de Investimento Imobiliário,REIT,0.394,deepseek_classify_rename_vs_different_security,pending_deepseek_review,B3::LASC11,Bovespa,batch_c_high_value_international
low_name_similarity,P2,08205,HKEX,XHKG,JIAODA WITHUB,Shanghai Jiaoda Withub Information Industrial Company Limited,Common Stock,0.394,deepseek_classify_rename_vs_different_security,pending_deepseek_review,HKEX::08205,HKEX,batch_c_high_value_international
low_name_similarity,P2,ARXD11,B3,BVMF,ARX DOVER RECEBÍVEIS FII RESP LIM,ARX D11 Fundo de Investimento em Ações,REIT,0.4,deepseek_classify_rename_vs_different_security,pending_deepseek_review,B3::ARXD11,Bovespa,batch_c_high_value_international
low_name_similarity,P2,EURO11,B3,BVMF,FII EUROPAR RESP LIM,Europar Fundo De Investimento Imobiliário FII,REIT,0.4,deepseek_classify_rename_vs_different_security,pending_deepseek_review,B3::EURO11,Bovespa,batch_c_high_value_international
low_name_similarity,P2,RZAK11,B3,BVMF,RIZA AKIN FII RESP LIM,Riza Arik Florestal Fundo de Investimento Imobiliario,REIT,0.4,deepseek_classify_rename_vs_different_security,pending_deepseek_review,B3::RZAK11,Bovespa,batch_c_high_value_international
low_name_similarity,P2,ARCL,BSE_IN,XBOM,ARCL Organics Ltd,Arco Leasing Ltd.,Common Stock,0.4,deepseek_classify_rename_vs_different_security,pending_deepseek_review,BSE_IN::ARCL,BSE,batch_c_high_value_international
low_name_similarity,P2,SEIL,BSE_IN,XBOM,Shanti Educational Initiatives Ltd,Steel Exchange India Ltd.,Common Stock,0.4,deepseek_classify_rename_vs_different_security,pending_deepseek_review,BSE_IN::SEIL,BSE,batch_c_high_value_international
low_name_similarity,P2,01046,HKEX,XHKG,UNIVERSE ENT,Universe Entertainment & Culture Group Company Limited,Common Stock,0.4,deepseek_classify_rename_vs_different_security,pending_deepseek_review,HKEX::01046,HKEX,batch_c_high_value_international
low_name_similarity,P2,01062,HKEX,XHKG,CDB INT'L INV,China Development Bank International Investment Ltd.,Common Stock,0.4,deepseek_classify_rename_vs_different_security,pending_deepseek_review,HKEX::01062,HKEX,batch_c_high_value_international
low_name_similarity,P2,01341,HKEX,XHKG,HAO TIAN INTL,Hao Tian International Construction Investment Group Ltd.,Common Stock,0.4,deepseek_classify_rename_vs_different_security,pending_deepseek_review,HKEX::01341,HKEX,batch_c_high_value_international
low_name_similarity,P2,01515,HKEX,XHKG,CR MEDICAL,China Resources Medical Holdings Company Limited,Common Stock,0.4,deepseek_classify_rename_vs_different_security,pending_deepseek_review,HKEX::01515,HKEX,batch_c_high_value_international
low_name_similarity,P2,01585,HKEX,XHKG,YADEA,Yadea Group Holdings Ltd.,Common Stock,0.4,deepseek_classify_rename_vs_different_security,pending_deepseek_review,HKEX::01585,HKEX,batch_c_high_value_international
low_name_similarity,P2,01827,HKEX,XHKG,MIRICOR,Miricor Enterprises Holdings Ltd.,Common Stock,0.4,deepseek_classify_rename_vs_different_security,pending_deepseek_review,HKEX::01827,HKEX,batch_c_high_value_international
low_name_similarity,P2,01918,HKEX,XHKG,SUNAC,Sunac China Holdings Ltd.,Common Stock,0.4,deepseek_classify_rename_vs_different_security,pending_deepseek_review,HKEX::01918,HKEX,batch_c_high_value_international
low_name_similarity,P2,02185,HKEX,XHKG,BIOHEART-B,"Shanghai Bio-heart Biological Technology Co., Ltd.",Common Stock,0.4,deepseek_classify_rename_vs_different_security,pending_deepseek_review,HKEX::02185,HKEX,batch_c_high_value_international
low_name_similarity,P2,02357,HKEX,XHKG,AVICHINA,"AviChina Industry & Technology Co., Ltd.",Common Stock,0.4,deepseek_classify_rename_vs_different_security,pending_deepseek_review,HKEX::02357,HKEX,batch_c_high_value_international
low_name_similarity,P2,02377,HKEX,XHKG,BOQI ENV,"China Boqi Environmental Holding Co., Ltd.",Common Stock,0.4,deepseek_classify_rename_vs_different_security,pending_deepseek_review,HKEX::02377,HKEX,batch_c_high_value_international
low_name_similarity,P2,02516,HKEX,XHKG,FAR INTL,Far International Holdings Group,Common Stock,0.4,deepseek_classify_rename_vs_different_security,pending_deepseek_review,HKEX::02516,HKEX,batch_c_high_value_international
low_name_similarity,P2,02603,HKEX,XHKG,JIHONG CO,"Xiamen Jihong Technology Co., Ltd.",Common Stock,0.4,deepseek_classify_rename_vs_different_security,pending_deepseek_review,HKEX::02603,HKEX,batch_c_high_value_international
low_name_similarity,P2,06166,HKEX,XHKG,CIG,"CIG Shanghai Co., Ltd.",Common Stock,0.4,deepseek_classify_rename_vs_different_security,pending_deepseek_review,HKEX::06166,HKEX,batch_c_high_value_international
low_name_similarity,P2,06668,HKEX,XHKG,E-STAR CM,E-Star Commercial Management Company Limited,Common Stock,0.4,deepseek_classify_rename_vs_different_security,pending_deepseek_review,HKEX::06668,HKEX,batch_c_high_value_international
low_name_similarity,P2,08305,HKEX,XHKG,ST HLDGS,Allurefem Holding Ltd.,Common Stock,0.4,deepseek_classify_rename_vs_different_security,pending_deepseek_review,HKEX::08305,HKEX,batch_c_high_value_international
low_name_similarity,P2,09668,HKEX,XHKG,CBHB,"China Bohai Bank Co., Ltd.",Common Stock,0.4,deepseek_classify_rename_vs_different_security,pending_deepseek_review,HKEX::09668,HKEX,batch_c_high_value_international
low_name_similarity,P2,09898,HKEX,XHKG,WB-SW,Weibo Corporation,Common Stock,0.4,deepseek_classify_rename_vs_different_security,pending_deepseek_review,HKEX::09898,HKEX,batch_c_high_value_international
low_name_similarity,P2,09963,HKEX,XHKG,TRANSTECH,Transtech Optelecom Science Holdings Limited,Common Stock,0.4,deepseek_classify_rename_vs_different_security,pending_deepseek_review,HKEX::09963,HKEX,batch_c_high_value_international
low_name_similarity,P2,0A3O,LSE,XLON,"Datadog, Inc.","Datadog, Inc. Class A Common Stock",Common Stock,0.4,deepseek_classify_rename_vs_different_security,pending_deepseek_review,LSE::0A3O,LSE,batch_c_high_value_international
low_name_similarity,P2,0JOI,LSE,XLON,Jacobs Engineering Group Inc.,Jacobs Solutions Inc.,Common Stock,0.4,deepseek_classify_rename_vs_different_security,pending_deepseek_review,LSE::0JOI,LSE,batch_c_high_value_international
low_name_similarity,P2,0QO1,LSE,XLON,Schindler Ps,Schindler Holding AG Participation Certificate,Common Stock,0.4,deepseek_classify_rename_vs_different_security,pending_deepseek_review,LSE::0QO1,LSE,batch_c_high_value_international
low_name_similarity,P2,OTPD,LSE,XLON,OTP Bank Plc,OTP Bank Nyrt. Depositary Receipt,Depositary Receipt,0.4,deepseek_classify_rename_vs_different_security,pending_deepseek_review,LSE::OTPD,LSE,batch_c_high_value_international
low_name_similarity,P2,VID,LSE,XLON,Videndum Plc,Vidrala SA,Common Stock,0.4,deepseek_classify_rename_vs_different_security,pending_deepseek_review,LSE::VID,LSE,batch_c_high_value_international
low_name_similarity,P2,4335,TSE,XJPX,"IPS HOLDINGS CO.,LTD.",IPS Co. Ltd.,Common Stock,0.4,deepseek_classify_rename_vs_different_security,pending_deepseek_review,TSE::4335,JPX,batch_c_high_value_international
low_name_similarity,P2,4849,TSE,XJPX,en Inc.,En Japan Inc.,Common Stock,0.4,deepseek_classify_rename_vs_different_security,pending_deepseek_review,TSE::4849,JPX,batch_c_high_value_international
low_name_similarity,P2,7236,TSE,XJPX,"T.RAD Co., Ltd.","T. Hasegawa Co., Ltd.",Common Stock,0.4,deepseek_classify_rename_vs_different_security,pending_deepseek_review,TSE::7236,JPX,batch_c_high_value_international
low_name_similarity,P2,9160,TSE,XJPX,"On the Page, Inc.",Novarese Inc.,Common Stock,0.4,deepseek_classify_rename_vs_different_security,pending_deepseek_review,TSE::9160,JPX,batch_c_high_value_international
low_name_similarity,P2,46IE,LSE,XLON,S & U PLC 6% CUM PRF #1,S & U Stores plc Preferred Stock 6.00% Perpetual,Preferred Stock,0.406,deepseek_classify_rename_vs_different_security,pending_deepseek_review,LSE::46IE,LSE,batch_c_high_value_international
low_name_similarity,P2,LTHP,LSE,AIMX,LATHAM(JAMES) PLC 8% CUM PRF #1,James Latham Plc Preferred Stock 8% Perpetual,Preferred Stock,0.406,deepseek_classify_rename_vs_different_security,pending_deepseek_review,LSE::LTHP,LSE,batch_c_high_value_international
low_name_similarity,P2,01121,HKEX,XHKG,GOLDENSOLAR,Golden Solar New Energy Technology Holdings Limited,Common Stock,0.407,deepseek_classify_rename_vs_different_security,pending_deepseek_review,HKEX::01121,HKEX,batch_c_high_value_international
low_name_similarity,P2,02135,HKEX,XHKG,RAILY AESMED,Raily Aesthetic Medicine International Holdings Limited,Common Stock,0.407,deepseek_classify_rename_vs_different_security,pending_deepseek_review,HKEX::02135,HKEX,batch_c_high_value_international
low_name_similarity,P2,03626,HKEX,XHKG,EAST NOVA HLDGS,Hang Sang Siu Po International Holdings Ltd.,Common Stock,0.407,deepseek_classify_rename_vs_different_security,pending_deepseek_review,HKEX::03626,HKEX,batch_c_high_value_international
low_name_similarity,P2,SEPL,LSE,XLON,Seplat Petroleum Development Company PLC,Seplat Energy Plc,Common Stock,0.408,deepseek_classify_rename_vs_different_security,pending_deepseek_review,LSE::SEPL,LSE,batch_c_high_value_international
low_name_similarity,P2,01028,HKEX,XHKG,C.BANNER,C.banner International Holdings Limited,Common Stock,0.41,deepseek_classify_rename_vs_different_security,pending_deepseek_review,HKEX::01028,HKEX,batch_c_high_value_international
low_name_similarity,P2,02208,HKEX,XHKG,GOLDWIND,"Goldwind Science & Technology Co., Ltd.",Common Stock,0.41,deepseek_classify_rename_vs_different_security,pending_deepseek_review,HKEX::02208,HKEX,batch_c_high_value_international
low_name_similarity,P2,03625,HKEX,XHKG,FOURSEMI,"Shanghai FourSemi Semiconductor Co., Ltd.",Common Stock,0.41,deepseek_classify_rename_vs_different_security,pending_deepseek_review,HKEX::03625,HKEX,batch_c_high_value_international
low_name_similarity,P2,03998,HKEX,XHKG,BOSIDENG,Bosideng International Holdings Limited,Common Stock,0.41,deepseek_classify_rename_vs_different_security,pending_deepseek_review,HKEX::03998,HKEX,batch_c_high_value_international
low_name_similarity,P2,08081,HKEX,XHKG,BAIJUYI HOLD,Hang Tai Yue Group Holdings Limited,Common Stock,0.41,deepseek_classify_rename_vs_different_security,pending_deepseek_review,HKEX::08081,HKEX,batch_c_high_value_international
low_name_similarity,P2,09658,HKEX,XHKG,SUPER HI,Super Hi International Holdings Ltd.,Common Stock,0.41,deepseek_classify_rename_vs_different_security,pending_deepseek_review,HKEX::09658,HKEX,batch_c_high_value_international
low_name_similarity,P2,3695,TSE,XJPX,"GMO Product Platform,Inc.",GMO Research & AI Inc.,Common Stock,0.41,deepseek_classify_rename_vs_different_security,pending_deepseek_review,TSE::3695,JPX,batch_c_high_value_international
low_name_similarity,P2,EG1,ASX,XASX,EVERGOLD MINERALS LIMITED,Evergreen Lithium Limited,Common Stock,0.412,deepseek_classify_rename_vs_different_security,pending_deepseek_review,ASX::EG1,ASX,batch_c_high_value_international
low_name_similarity,P2,VTPL11,B3,BVMF,FDO INV. IMOB. PLUS RESP LIM,FII Plus Fundo de Investimento Imobiliário,REIT,0.412,deepseek_classify_rename_vs_different_security,pending_deepseek_review,B3::VTPL11,Bovespa,batch_c_high_value_international
low_name_similarity,P2,01304,HKEX,XHKG,FORTIOR,"Fortior Technology (Shenzhen) Co., Ltd.",Common Stock,0.412,deepseek_classify_rename_vs_different_security,pending_deepseek_review,HKEX::01304,HKEX,batch_c_high_value_international
low_name_similarity,P2,06182,HKEX,XHKG,TWINTEK,Twintek Investment Holdings Limited,Common Stock,0.412,deepseek_classify_rename_vs_different_security,pending_deepseek_review,HKEX::06182,HKEX,batch_c_high_value_international
low_name_similarity,P2,06669,HKEX,XHKG,ACOTEC-B,Acotec Scientific Holdings Limited,Common Stock,0.412,deepseek_classify_rename_vs_different_security,pending_deepseek_review,HKEX::06669,HKEX,batch_c_high_value_international
low_name_similarity,P2,0LO9,LSE,XLON,AMG Advanced Metallurgical Group NV,AMG Critical Materials N.V.,Common Stock,0.414,deepseek_classify_rename_vs_different_security,pending_deepseek_review,LSE::0LO9,LSE,batch_c_high_value_international
low_name_similarity,P2,TRUE11,B3,BVMF,FDO INV IMOB TRUE MULTIESTRATEGIA RESP LIM,Fundo de Investimento Imobiliário TRUE11,REIT,0.415,deepseek_classify_rename_vs_different_security,pending_deepseek_review,B3::TRUE11,Bovespa,batch_c_high_value_international
low_name_similarity,P2,01458,HKEX,XHKG,ZHOU HEI YA,Zhou Hei Ya International Holdings Company Limited,Common Stock,0.415,deepseek_classify_rename_vs_different_security,pending_deepseek_review,HKEX::01458,HKEX,batch_c_high_value_international
low_name_similarity,P2,01501,HKEX,XHKG,INT MEDICAL,"Shanghai International Medical Instruments Co., Ltd.",Common Stock,0.415,deepseek_classify_rename_vs_different_security,pending_deepseek_review,HKEX::01501,HKEX,batch_c_high_value_international
low_name_similarity,P2,03669,HKEX,XHKG,YONGDA AUTO,China Yongda Automobiles Services Holdings Limited,Common Stock,0.415,deepseek_classify_rename_vs_different_security,pending_deepseek_review,HKEX::03669,HKEX,batch_c_high_value_international
low_name_similarity,P2,ZAPPFRESH,BSE_IN,XBOM,DSM Fresh Foods Ltd,ZAPPFRESH,Common Stock,0.417,deepseek_classify_rename_vs_different_security,pending_deepseek_review,BSE_IN::ZAPPFRESH,BSE,batch_c_high_value_international
low_name_similarity,P2,01940,HKEX,XHKG,CGII HLDGS,"China Gas Industry Investment Holdings Co., Ltd.",Common Stock,0.417,deepseek_classify_rename_vs_different_security,pending_deepseek_review,HKEX::01940,HKEX,batch_c_high_value_international
low_name_similarity,P2,06609,HKEX,XHKG,HEARTCARE-B,"Shanghai HeartCare Medical Technology Co., Ltd.",Common Stock,0.417,deepseek_classify_rename_vs_different_security,pending_deepseek_review,HKEX::06609,HKEX,batch_c_high_value_international
low_name_similarity,P2,06655,HKEX,XHKG,HX BLDG MAT,Huaxin Cement Co. Ltd.,Common Stock,0.417,deepseek_classify_rename_vs_different_security,pending_deepseek_review,HKEX::06655,HKEX,batch_c_high_value_international
low_name_similarity,P2,06913,HKEX,XHKG,SCVE GROUP,"South China Vocational Education Group Co., Ltd.",Common Stock,0.417,deepseek_classify_rename_vs_different_security,pending_deepseek_review,HKEX::06913,HKEX,batch_c_high_value_international
low_name_similarity,P2,0I4T,LSE,XLON,Criteo S.A.,Criteo S.A. American Depositary Receipt,American Depositary Receipt,0.417,deepseek_classify_rename_vs_different_security,pending_deepseek_review,LSE::0I4T,LSE,batch_c_high_value_international
low_name_similarity,P2,01920,HKEX,XHKG,Junwea Group (China) Company Limited,"China Wacan Group Co., Ltd.",Common Stock,0.419,deepseek_classify_rename_vs_different_security,pending_deepseek_review,HKEX::01920,HKEX,batch_c_high_value_international
low_name_similarity,P2,02008,HKEX,XHKG,PHOENIX TV,Phoenix Media Investment (Holdings) Limited,Common Stock,0.419,deepseek_classify_rename_vs_different_security,pending_deepseek_review,HKEX::02008,HKEX,batch_c_high_value_international
low_name_similarity,P2,EKTR4,B3,BVMF,ELEKTRO REDES S.A.,Electricidade e Serviços Preferred Stock,Preferred Stock,0.421,deepseek_classify_rename_vs_different_security,pending_deepseek_review,B3::EKTR4,Bovespa,batch_c_high_value_international
low_name_similarity,P2,01167,HKEX,XHKG,JACOBIO-B,"Jacobio Pharmaceuticals Group Co., Ltd.",Common Stock,0.421,deepseek_classify_rename_vs_different_security,pending_deepseek_review,HKEX::01167,HKEX,batch_c_high_value_international
low_name_similarity,P2,01428,HKEX,XHKG,BRIGHT SMART,Bright Smart Securities & Commodities Group Limited,Common Stock,0.421,deepseek_classify_rename_vs_different_security,pending_deepseek_review,HKEX::01428,HKEX,batch_c_high_value_international
low_name_similarity,P2,01876,HKEX,XHKG,BUD APAC,Budweiser Brewing Company APAC Limited,Common Stock,0.421,deepseek_classify_rename_vs_different_security,pending_deepseek_review,HKEX::01876,HKEX,batch_c_high_value_international
low_name_similarity,P2,02171,HKEX,XHKG,CARSGEN-B,Carsgen Therapeutics Holdings Limited,Common Stock,0.421,deepseek_classify_rename_vs_different_security,pending_deepseek_review,HKEX::02171,HKEX,batch_c_high_value_international
low_name_similarity,P2,03378,HKEX,XHKG,HANXBIO-B,"Hanx Biopharmaceuticals (Wuhan) Co., Ltd.",Common Stock,0.421,deepseek_classify_rename_vs_different_security,pending_deepseek_review,HKEX::03378,HKEX,batch_c_high_value_international
low_name_similarity,P2,03696,HKEX,XHKG,INSILICO,InSilico Medicine Cayman TopCo,Common Stock,0.421,deepseek_classify_rename_vs_different_security,pending_deepseek_review,HKEX::03696,HKEX,batch_c_high_value_international
low_name_similarity,P2,06613,HKEX,XHKG,LENS,"Lens Technology Co., Ltd.",Common Stock,0.421,deepseek_classify_rename_vs_different_security,pending_deepseek_review,HKEX::06613,HKEX,batch_c_high_value_international
low_name_similarity,P2,06862,HKEX,XHKG,HAIDILAO,Haidilao International Holding Ltd.,Common Stock,0.421,deepseek_classify_rename_vs_different_security,pending_deepseek_review,HKEX::06862,HKEX,batch_c_high_value_international
low_name_similarity,P2,0MAN,LSE,XLON,MANDATUM HOLDING OYJ MANTADUM HOLDING ORD SHS,Mandatum Oyj,Common Stock,0.421,deepseek_classify_rename_vs_different_security,pending_deepseek_review,LSE::0MAN,LSE,batch_c_high_value_international
low_name_similarity,P2,8053,TSE,XJPX,"SUMITOMO CORPORATION (SUMITOMO SHOJI KAISHA,LTD.)",Sumitomo Corporation,Common Stock,0.421,deepseek_classify_rename_vs_different_security,pending_deepseek_review,TSE::8053,JPX,batch_c_high_value_international
low_name_similarity,P2,01395,HKEX,XHKG,ELL ENV,Ell Environmental Holdings Ltd.,Common Stock,0.424,deepseek_classify_rename_vs_different_security,pending_deepseek_review,HKEX::01395,HKEX,batch_c_high_value_international
low_name_similarity,P2,02146,HKEX,XHKG,ROISERV,"Roiserv Lifestyle Services Co., Ltd.",Common Stock,0.424,deepseek_classify_rename_vs_different_security,pending_deepseek_review,HKEX::02146,HKEX,batch_c_high_value_international
low_name_similarity,P2,02179,HKEX,XHKG,RECBIO-B,"Jiangsu Recbio Technology Co., Ltd.",Common Stock,0.424,deepseek_classify_rename_vs_different_security,pending_deepseek_review,HKEX::02179,HKEX,batch_c_high_value_international
low_name_similarity,P2,02251,HKEX,XHKG,AIRDOC-B,"Beijing Airdoc Technology Co., Ltd.",Common Stock,0.424,deepseek_classify_rename_vs_different_security,pending_deepseek_review,HKEX::02251,HKEX,batch_c_high_value_international
low_name_similarity,P2,02660,HKEX,XHKG,ZENGAME,Zengame Technology Holding Limited,Common Stock,0.424,deepseek_classify_rename_vs_different_security,pending_deepseek_review,HKEX::02660,HKEX,batch_c_high_value_international
low_name_similarity,P2,BEZ,ASX,XASX,BESRA GOLD INC.,Besra Gold Inc. Chess Depositary Interests,Depositary Receipt,0.426,deepseek_classify_rename_vs_different_security,pending_deepseek_review,ASX::BEZ,ASX,batch_c_high_value_international
low_name_similarity,P2,VITT3,B3,BVMF,VITTIA S.A.,Vittia Fertilizantes e Biológicos S.A.,Common Stock,0.426,deepseek_classify_rename_vs_different_security,pending_deepseek_review,B3::VITT3,Bovespa,batch_c_high_value_international
low_name_similarity,P2,02650,HKEX,XHKG,ZHIDA TECH,"Shanghai Zhida Technology Development Co., Ltd.",Common Stock,0.426,deepseek_classify_rename_vs_different_security,pending_deepseek_review,HKEX::02650,HKEX,batch_c_high_value_international
low_name_similarity,P2,06855,HKEX,XHKG,ASCENTAGE-B,Ascentage Pharma Group International,Common Stock,0.426,deepseek_classify_rename_vs_different_security,pending_deepseek_review,HKEX::06855,HKEX,batch_c_high_value_international
low_name_similarity,P2,08411,HKEX,XHKG,K W NELSON GP,K W Nelson Interior Design & Contracting Group Co. Ltd.,Common Stock,0.426,deepseek_classify_rename_vs_different_security,pending_deepseek_review,HKEX::08411,HKEX,batch_c_high_value_international
low_name_similarity,P2,BLMG11,B3,BVMF,BLUEMACAW FII RESP LIM,Bluemacaw Logistica Fundo de Investimento Imobiliário,REIT,0.427,deepseek_classify_rename_vs_different_security,pending_deepseek_review,B3::BLMG11,Bovespa,batch_c_high_value_international
low_name_similarity,P2,01669,HKEX,XHKG,GIC GROUP,Global International Credit Group Ltd.,Common Stock,0.429,deepseek_classify_rename_vs_different_security,pending_deepseek_review,HKEX::01669,HKEX,batch_c_high_value_international
low_name_similarity,P2,02270,HKEX,XHKG,DESUN SERVICES,"Desun Real Estate Investment Co., Ltd.",Common Stock,0.429,deepseek_classify_rename_vs_different_security,pending_deepseek_review,HKEX::02270,HKEX,batch_c_high_value_international
low_name_similarity,P2,02291,HKEX,XHKG,SCIENTECH,"Lepu Scientech Medical Technology Co., Ltd.",Common Stock,0.429,deepseek_classify_rename_vs_different_security,pending_deepseek_review,HKEX::02291,HKEX,batch_c_high_value_international
low_name_similarity,P2,02306,HKEX,XHKG,YH ENT,YH Entertainment Group,Common Stock,0.429,deepseek_classify_rename_vs_different_security,pending_deepseek_review,HKEX::02306,HKEX,batch_c_high_value_international
low_name_similarity,P2,89988,HKEX,XHKG,BABA-WR,Alibaba Group Holding Ltd,Common Stock,0.429,deepseek_classify_rename_vs_different_security,pending_deepseek_review,HKEX::89988,HKEX,batch_c_high_value_international
low_name_similarity,P2,0HKY,LSE,XLON,BYD Company Limited,BYD Co. Ltd.,American Depositary Receipt,0.429,deepseek_classify_rename_vs_different_security,pending_deepseek_review,LSE::0HKY,LSE,batch_c_high_value_international
low_name_similarity,P2,0JQ2,LSE,XLON,"KALA BIO, Inc.","Kala Pharmaceuticals, Inc.",Common Stock,0.429,deepseek_classify_rename_vs_different_security,pending_deepseek_review,LSE::0JQ2,LSE,batch_c_high_value_international
low_name_similarity,P2,0VSO,LSE,XLON,BYD Co. Ltd.,BYD Company Limited,Common Stock,0.429,deepseek_classify_rename_vs_different_security,pending_deepseek_review,LSE::0VSO,LSE,batch_c_high_value_international
low_name_similarity,P2,CCPA,LSE,AIMX,Celtic plc,Celtic Plc Preferred Stock,Preferred Stock,0.429,deepseek_classify_rename_vs_different_security,pending_deepseek_review,LSE::CCPA,LSE,batch_c_high_value_international
low_name_similarity,P2,CCPC,LSE,AIMX,Celtic plc,Celtic Plc Preferred Stock,Preferred Stock,0.429,deepseek_classify_rename_vs_different_security,pending_deepseek_review,LSE::CCPC,LSE,batch_c_high_value_international
low_name_similarity,P2,1382,TSE,XJPX,"HOB Co.,Ltd.",Hob Company Ltd.,Common Stock,0.429,deepseek_classify_rename_vs_different_security,pending_deepseek_review,TSE::1382,JPX,batch_c_high_value_international
low_name_similarity,P2,4971,TSE,XJPX,MEC COMPANY LTD.,MEC Co. Ltd.,Common Stock,0.429,deepseek_classify_rename_vs_different_security,pending_deepseek_review,TSE::4971,JPX,batch_c_high_value_international
low_name_similarity,P2,CYCR11,B3,BVMF,CYRELA CRÉDITO - FII RESP LIMITADA,Cyrela Commercial Properties Fund,REIT,0.431,deepseek_classify_rename_vs_different_security,pending_deepseek_review,B3::CYCR11,Bovespa,batch_c_high_value_international
low_name_similarity,P2,01606,HKEX,XHKG,CDB LEASING,"China Development Bank Financial Leasing Co., Ltd.",Common Stock,0.431,deepseek_classify_rename_vs_different_security,pending_deepseek_review,HKEX::01606,HKEX,batch_c_high_value_international
low_name_similarity,P2,MRI,ASX,XASX,My Rewards International Ltd,Klevo Rewards Ltd,Common Stock,0.432,deepseek_classify_rename_vs_different_security,pending_deepseek_review,ASX::MRI,ASX,batch_c_high_value_international
low_name_similarity,P2,HIRE11,B3,BVMF,HIRE FDO DE INV IMOB – RESP LIM,HIRE FII,REIT,0.432,deepseek_classify_rename_vs_different_security,pending_deepseek_review,B3::HIRE11,Bovespa,batch_c_high_value_international
low_name_similarity,P2,SOLR11,B3,BVMF,SOLARIUM FII - FDO INV. IMOB.,FII Solarium,REIT,0.432,deepseek_classify_rename_vs_different_security,pending_deepseek_review,B3::SOLR11,Bovespa,batch_c_high_value_international
low_name_similarity,P2,YOGISUNG,BSE_IN,XBOM,Yogi Sungwon (India) Ltd,Yogi Infra Projects Ltd.,Common Stock,0.432,deepseek_classify_rename_vs_different_security,pending_deepseek_review,BSE_IN::YOGISUNG,BSE,batch_c_high_value_international
low_name_similarity,P2,02116,HKEX,XHKG,JS INNOV,"Jiangsu Innovative Ecological Co., Ltd.",Common Stock,0.432,deepseek_classify_rename_vs_different_security,pending_deepseek_review,HKEX::02116,HKEX,batch_c_high_value_international
low_name_similarity,P2,03200,HKEX,XHKG,HANS CNC,"Shenzhen Han's CNC Technology Co., Ltd.",Common Stock,0.432,deepseek_classify_rename_vs_different_security,pending_deepseek_review,HKEX::03200,HKEX,batch_c_high_value_international
low_name_similarity,P2,06821,HKEX,XHKG,ASYMCHEM,"Asymchem Laboratories (Tianjin) Co., Ltd.",Common Stock,0.432,deepseek_classify_rename_vs_different_security,pending_deepseek_review,HKEX::06821,HKEX,batch_c_high_value_international
low_name_similarity,P2,01313,HKEX,XHKG,CR BLDG MAT TEC,China Resources Building Materials Technology Holdings Limited,Common Stock,0.435,deepseek_classify_rename_vs_different_security,pending_deepseek_review,HKEX::01313,HKEX,batch_c_high_value_international
low_name_similarity,P2,01997,HKEX,XHKG,WHARF REIC,Wharf Real Estate Investment Company Limited,Common Stock,0.435,deepseek_classify_rename_vs_different_security,pending_deepseek_review,HKEX::01997,HKEX,batch_c_high_value_international
low_name_similarity,P2,03329,HKEX,XHKG,BOCOM INTL,Bocom International Holdings Company Limited,Common Stock,0.435,deepseek_classify_rename_vs_different_security,pending_deepseek_review,HKEX::03329,HKEX,batch_c_high_value_international
low_name_similarity,P2,06113,HKEX,XHKG,BITSTRAT HLDGS,UTS Marketing Solutions Holdings Limited,Common Stock,0.435,deepseek_classify_rename_vs_different_security,pending_deepseek_review,HKEX::06113,HKEX,batch_c_high_value_international
low_name_similarity,P2,BBRC11,B3,BVMF,TIVIO RENDA URBANA FII RESP LIM,FII BB Renda Corporativa,REIT,0.436,deepseek_classify_rename_vs_different_security,pending_deepseek_review,B3::BBRC11,Bovespa,batch_c_high_value_international
low_name_similarity,P2,08073,HKEX,XHKG,SFSY NEW MAT,China Shuifa Singyes New Materials Holdings Limited,Common Stock,0.436,deepseek_classify_rename_vs_different_security,pending_deepseek_review,HKEX::08073,HKEX,batch_c_high_value_international
low_name_similarity,P2,02145,HKEX,XHKG,CHICMAX,"Shanghai Chicmax Cosmetic Co., Ltd.",Common Stock,0.438,deepseek_classify_rename_vs_different_security,pending_deepseek_review,HKEX::02145,HKEX,batch_c_high_value_international
low_name_similarity,P2,02385,HKEX,XHKG,READBOY,Readboy Education Holding Co. Ltd.,Common Stock,0.438,deepseek_classify_rename_vs_different_security,pending_deepseek_review,HKEX::02385,HKEX,batch_c_high_value_international
low_name_similarity,P2,80016,HKEX,XHKG,SHK PPT-R,Sun Hung Kai Properties Limited,Common Stock,0.438,deepseek_classify_rename_vs_different_security,pending_deepseek_review,HKEX::80016,HKEX,batch_c_high_value_international
low_name_similarity,P2,0HTF,LSE,XLON,Norwegian Energy Co. ASA,BlueNord ASA,Common Stock,0.438,deepseek_classify_rename_vs_different_security,pending_deepseek_review,LSE::0HTF,LSE,batch_c_high_value_international
low_name_similarity,P2,02031,HKEX,XHKG,AUSUPREME,Ausupreme International Holdings Limited,Common Stock,0.439,deepseek_classify_rename_vs_different_security,pending_deepseek_review,HKEX::02031,HKEX,batch_c_high_value_international
low_name_similarity,P2,02411,HKEX,XHKG,PAGODA GP,"Shenzhen Pagoda Industrial Group Co., Ltd.",Common Stock,0.439,deepseek_classify_rename_vs_different_security,pending_deepseek_review,HKEX::02411,HKEX,batch_c_high_value_international
low_name_similarity,P2,02419,HKEX,XHKG,DEKON AGR,Dekon Food and Agriculture Group,Common Stock,0.439,deepseek_classify_rename_vs_different_security,pending_deepseek_review,HKEX::02419,HKEX,batch_c_high_value_international
low_name_similarity,P2,02555,HKEX,XHKG,CHABAIDAO,"Sichuan Baicha Baidao Industrial Co., Ltd.",Common Stock,0.439,deepseek_classify_rename_vs_different_security,pending_deepseek_review,HKEX::02555,HKEX,batch_c_high_value_international
low_name_similarity,P2,02607,HKEX,XHKG,SH PHARMA,Shanghai Pharmaceuticals Holding Co. Ltd.,Common Stock,0.439,deepseek_classify_rename_vs_different_security,pending_deepseek_review,HKEX::02607,HKEX,batch_c_high_value_international
low_name_similarity,P2,06060,HKEX,XHKG,ZA ONLINE,"ZhongAn Online P&C Insurance Co., Ltd.",Common Stock,0.439,deepseek_classify_rename_vs_different_security,pending_deepseek_review,HKEX::06060,HKEX,batch_c_high_value_international
low_name_similarity,P2,06110,HKEX,XHKG,TOPSPORTS,Topsports International Holdings Limited,Common Stock,0.439,deepseek_classify_rename_vs_different_security,pending_deepseek_review,HKEX::06110,HKEX,batch_c_high_value_international
low_name_similarity,P2,08051,HKEX,XHKG,CIRCUTECH,Circutech International Holdings Ltd.,Common Stock,0.439,deepseek_classify_rename_vs_different_security,pending_deepseek_review,HKEX::08051,HKEX,batch_c_high_value_international
low_name_similarity,P2,08148,HKEX,XHKG,WUXI LIFE,Wuxi Life International Holdings Ltd.,Common Stock,0.439,deepseek_classify_rename_vs_different_security,pending_deepseek_review,HKEX::08148,HKEX,batch_c_high_value_international
low_name_similarity,P2,09922,HKEX,XHKG,JIUMAOJIU,Jiumaojiu International Holdings Limited,Common Stock,0.439,deepseek_classify_rename_vs_different_security,pending_deepseek_review,HKEX::09922,HKEX,batch_c_high_value_international
low_name_similarity,P2,ELSA,LSE,XLON,Electrica SA,Electrica S.A. Depositary Receipt,Depositary Receipt,0.439,deepseek_classify_rename_vs_different_security,pending_deepseek_review,LSE::ELSA,LSE,batch_c_high_value_international
low_name_similarity,P2,02658,HKEX,XHKG,TIANYU SEMI,"Guangdong Tianyu Semiconductor Co., Ltd. H Shares",Common Stock,0.44,deepseek_classify_rename_vs_different_security,pending_deepseek_review,HKEX::02658,HKEX,batch_c_high_value_international
low_name_similarity,P2,03886,HKEX,XHKG,TOWN HEALTH,Town Health International Medical Group Ltd.,Common Stock,0.44,deepseek_classify_rename_vs_different_security,pending_deepseek_review,HKEX::03886,HKEX,batch_c_high_value_international
low_name_similarity,P2,HCTR11,B3,BVMF,HECTARE CE - FII RESP LIM,FII Hectare Fundo de Investimento Imobiliário,REIT,0.441,deepseek_classify_rename_vs_different_security,pending_deepseek_review,B3::HCTR11,Bovespa,batch_c_high_value_international
low_name_similarity,P2,PLAG11,B3,BVMF,VBI AGRO – FII RESP LIMITADA,VBI Agro Fundo de Investimento Imobiliário,REIT,0.441,deepseek_classify_rename_vs_different_security,pending_deepseek_review,B3::PLAG11,Bovespa,batch_c_high_value_international
low_name_similarity,P2,03613,HKEX,XHKG,TONGRENTANGCM,Beijing Tong Ren Tang Chinese Medicine Company Ltd.,Common Stock,0.441,deepseek_classify_rename_vs_different_security,pending_deepseek_review,HKEX::03613,HKEX,batch_c_high_value_international
low_name_similarity,P2,VJFD11,B3,BVMF,JFDCAM FII RESP LIM,JFDCAM Fundo de Investimento Imobiliário FII,REIT,0.444,deepseek_classify_rename_vs_different_security,pending_deepseek_review,B3::VJFD11,Bovespa,batch_c_high_value_international
low_name_similarity,P2,01009,HKEX,XHKG,INT'L ENT,International Entertainment Corporation,Common Stock,0.444,deepseek_classify_rename_vs_different_security,pending_deepseek_review,HKEX::01009,HKEX,batch_c_high_value_international
low_name_similarity,P2,01782,HKEX,XHKG,IB DIGITAL TECH,International Business Digital Corporation,Common Stock,0.444,deepseek_classify_rename_vs_different_security,pending_deepseek_review,HKEX::01782,HKEX,batch_c_high_value_international
low_name_similarity,P2,02496,HKEX,XHKG,YZYBIO-B,"Wuhan YZY Biopharma Co., Ltd.",Common Stock,0.444,deepseek_classify_rename_vs_different_security,pending_deepseek_review,HKEX::02496,HKEX,batch_c_high_value_international
low_name_similarity,P2,02570,HKEX,XHKG,REFIRE,Shanghai Refire Group Ltd.,Common Stock,0.444,deepseek_classify_rename_vs_different_security,pending_deepseek_review,HKEX::02570,HKEX,batch_c_high_value_international
low_name_similarity,P2,03319,HKEX,XHKG,A-LIVING,"A-Living Smart City Services Co., Ltd.",Common Stock,0.444,deepseek_classify_rename_vs_different_security,pending_deepseek_review,HKEX::03319,HKEX,batch_c_high_value_international
low_name_similarity,P2,03347,HKEX,XHKG,TIGERMED,"Hangzhou Tigermed Consulting Co., Ltd.",Common Stock,0.444,deepseek_classify_rename_vs_different_security,pending_deepseek_review,HKEX::03347,HKEX,batch_c_high_value_international
low_name_similarity,P2,06939,HKEX,XHKG,MEGAIN,"Megain Holding (Cayman) Co., Ltd.",Common Stock,0.444,deepseek_classify_rename_vs_different_security,pending_deepseek_review,HKEX::06939,HKEX,batch_c_high_value_international
low_name_similarity,P2,07489,HKEX,XHKG,VOYAH AUTO,VOYAH Automobile Technology Company Limited,Common Stock,0.444,deepseek_classify_rename_vs_different_security,pending_deepseek_review,HKEX::07489,HKEX,batch_c_high_value_international
low_name_similarity,P2,08139,HKEX,XHKG,CHANGAN RH,Zhejiang Changan Renheng Technology Co. Ltd.,Common Stock,0.444,deepseek_classify_rename_vs_different_security,pending_deepseek_review,HKEX::08139,HKEX,batch_c_high_value_international
low_name_similarity,P2,09992,HKEX,XHKG,POP MART,Pop Mart International Group Limited,Common Stock,0.444,deepseek_classify_rename_vs_different_security,pending_deepseek_review,HKEX::09992,HKEX,batch_c_high_value_international
low_name_similarity,P2,0MGC,LSE,XLON,NKT Holding,NKT A/S,Common Stock,0.444,deepseek_classify_rename_vs_different_security,pending_deepseek_review,LSE::0MGC,LSE,batch_c_high_value_international
low_name_similarity,P2,ITIP11,B3,BVMF,INTER TEVA INDICE DE PAPEL FII RESP LIM,FII Inter IP Fundo de Investimento Imobiliário,REIT,0.447,deepseek_classify_rename_vs_different_security,pending_deepseek_review,B3::ITIP11,Bovespa,batch_c_high_value_international
low_name_similarity,P2,CXRI11,B3,BVMF,CAIXA RIO BRAVO FUNDO DE FDO INV IMOB - FII RES LI,FII Caixa Rio Bravo,REIT,0.448,deepseek_classify_rename_vs_different_security,pending_deepseek_review,B3::CXRI11,Bovespa,batch_c_high_value_international
low_name_similarity,P2,01237,HKEX,XHKG,CH ENV TECH&BIO,China Environmental Technology Holdings Limited,Common Stock,0.448,deepseek_classify_rename_vs_different_security,pending_deepseek_review,HKEX::01237,HKEX,batch_c_high_value_international
low_name_similarity,P2,08049,HKEX,XHKG,JILIN CHANGLONG,Jilin Province Huinan Changlong Bio-pharmacy Company Limited,Common Stock,0.448,deepseek_classify_rename_vs_different_security,pending_deepseek_review,HKEX::08049,HKEX,batch_c_high_value_international
low_name_similarity,P2,0NO1,LSE,XLON,TKH Group N.V.,TKH Group N.V. - Depositary Receipt (Common Stock),Depositary Receipt,0.448,deepseek_classify_rename_vs_different_security,pending_deepseek_review,LSE::0NO1,LSE,batch_c_high_value_international
low_name_similarity,P2,MLAS3,B3,BVMF,GRUPO MULTI S.A.,Multilaser Industrial S.A.,Common Stock,0.45,deepseek_classify_rename_vs_different_security,pending_deepseek_review,B3::MLAS3,Bovespa,batch_c_high_value_international
low_name_similarity,P2,01319,HKEX,XHKG,OIWAHPAWN,Oi Wah Pawnshop Credit Holdings Limited,Common Stock,0.45,deepseek_classify_rename_vs_different_security,pending_deepseek_review,HKEX::01319,HKEX,batch_c_high_value_international
low_name_similarity,P2,02595,HKEX,XHKG,GENFLEET-B,GenFleet Therapeutics (Shanghai) Inc.,Common Stock,0.45,deepseek_classify_rename_vs_different_security,pending_deepseek_review,HKEX::02595,HKEX,batch_c_high_value_international
low_name_similarity,P2,03618,HKEX,XHKG,CQRC BANK,"Chongqing Rural Commercial Bank Co., Ltd.",Common Stock,0.45,deepseek_classify_rename_vs_different_security,pending_deepseek_review,HKEX::03618,HKEX,batch_c_high_value_international
low_name_similarity,P2,0RD0,LSE,XLON,SJF Bank A/S,Sparekassen Sjælland-Fyn A/S,Common Stock,0.45,deepseek_classify_rename_vs_different_security,pending_deepseek_review,LSE::0RD0,LSE,batch_c_high_value_international
low_name_similarity,P2,0RON,LSE,XLON,Banca Farmafactoring S.p.A.,BFF Bank S.p.A.,Common Stock,0.45,deepseek_classify_rename_vs_different_security,pending_deepseek_review,LSE::0RON,LSE,batch_c_high_value_international
low_name_similarity,P2,BKS,LSE,AIMX,Beeks Trading Corporation Ltd,Beeks Financial Cloud Group PLC,Common Stock,0.45,deepseek_classify_rename_vs_different_security,pending_deepseek_review,LSE::BKS,LSE,batch_c_high_value_international
low_name_similarity,P2,RBOP11,B3,BVMF,RIO BRAVO OPORTUNIDADES IMOBILIÁRIAS FII RESP LIM,Mercantil Do Brasil Fundo De Investimento Imobiliário,REIT,0.451,deepseek_classify_rename_vs_different_security,pending_deepseek_review,B3::RBOP11,Bovespa,batch_c_high_value_international
low_name_similarity,P2,AIEC11,B3,BVMF,ARCH EDIFÍCIOS CORPORATIVOS FII - RES LTDA.,Autonomy Edificios Corp FII,REIT,0.452,deepseek_classify_rename_vs_different_security,pending_deepseek_review,B3::AIEC11,Bovespa,batch_c_high_value_international
low_name_similarity,P2,01002,HKEX,XHKG,V.S. INT'L,VS International Group Ltd.,Common Stock,0.452,deepseek_classify_rename_vs_different_security,pending_deepseek_review,HKEX::01002,HKEX,batch_c_high_value_international
low_name_similarity,P2,01132,HKEX,XHKG,ORANGE SKY G H,Orange Sky Golden Harvest Entertainment (Holdings) Ltd.,Common Stock,0.452,deepseek_classify_rename_vs_different_security,pending_deepseek_review,HKEX::01132,HKEX,batch_c_high_value_international
low_name_similarity,P2,01316,HKEX,XHKG,NEXTEER,Nexteer Automotive Group Ltd.,Common Stock,0.452,deepseek_classify_rename_vs_different_security,pending_deepseek_review,HKEX::01316,HKEX,batch_c_high_value_international
low_name_similarity,P2,02696,HKEX,XHKG,HENLIUS,"Shanghai Henlius Biotech, Inc.",Common Stock,0.452,deepseek_classify_rename_vs_different_security,pending_deepseek_review,HKEX::02696,HKEX,batch_c_high_value_international
low_name_similarity,P2,0OF7,LSE,XLON,EDP Energias de Portugal SA,"EDP, S.A.",Common Stock,0.452,deepseek_classify_rename_vs_different_security,pending_deepseek_review,LSE::0OF7,LSE,batch_c_high_value_international
low_name_similarity,P2,7994,TSE,XJPX,OKAMURA CORPORATION,OKAMURA CORP (X4O) Common Stock,Common Stock,0.452,deepseek_classify_rename_vs_different_security,pending_deepseek_review,TSE::7994,JPX,batch_c_high_value_international
low_name_similarity,P2,03718,HKEX,XHKG,BJ ENT URBAN,Beijing Enterprises Urban Resources Group Ltd.,Common Stock,0.453,deepseek_classify_rename_vs_different_security,pending_deepseek_review,HKEX::03718,HKEX,batch_c_high_value_international
low_name_similarity,P2,08290,HKEX,XHKG,AHSAY BACKUP,Ahsay Backup Software Development Company Limited,Common Stock,0.453,deepseek_classify_rename_vs_different_security,pending_deepseek_review,HKEX::08290,HKEX,batch_c_high_value_international
low_name_similarity,P2,ACML,BSE_IN,XBOM,Aditya Consumer Marketing Ltd,Ambika Cotton Mills Ltd.,Common Stock,0.455,deepseek_classify_rename_vs_different_security,pending_deepseek_review,BSE_IN::ACML,BSE,batch_c_high_value_international
low_name_similarity,P2,01289,HKEX,XHKG,SUNLIT SCI,"Wuxi Sunlit Science and Technology Co., Ltd.",Common Stock,0.455,deepseek_classify_rename_vs_different_security,pending_deepseek_review,HKEX::01289,HKEX,batch_c_high_value_international
low_name_similarity,P2,01881,HKEX,XHKG,REGAL REIT,Regal Real Estate Investment Trust,REIT,0.455,deepseek_classify_rename_vs_different_security,pending_deepseek_review,HKEX::01881,HKEX,batch_c_high_value_international
low_name_similarity,P2,06680,HKEX,XHKG,JLMAG,"JL Mag Rare-Earth Co., Ltd.",Common Stock,0.455,deepseek_classify_rename_vs_different_security,pending_deepseek_review,HKEX::06680,HKEX,batch_c_high_value_international
low_name_similarity,P2,09901,HKEX,XHKG,NEW ORIENTAL-S,New Oriental Education & Technology Group Inc.,Common Stock,0.456,deepseek_classify_rename_vs_different_security,pending_deepseek_review,HKEX::09901,HKEX,batch_c_high_value_international
low_name_similarity,P2,VVMR11,B3,BVMF,V2 MULTI RENDA FUNDO INVEST IMOBILIÁRIO RES LTDA,FII Multi Renda Urbana,REIT,0.457,deepseek_classify_rename_vs_different_security,pending_deepseek_review,B3::VVMR11,Bovespa,batch_c_high_value_international
low_name_similarity,P2,02238,HKEX,XHKG,GAC GROUP,"Guangzhou Automobile Group Co., Ltd.",Common Stock,0.457,deepseek_classify_rename_vs_different_security,pending_deepseek_review,HKEX::02238,HKEX,batch_c_high_value_international
low_name_similarity,P2,02689,HKEX,XHKG,ND PAPER,Nine Dragons Paper Holdings Limited,Common Stock,0.457,deepseek_classify_rename_vs_different_security,pending_deepseek_review,HKEX::02689,HKEX,batch_c_high_value_international
low_name_similarity,P2,08028,HKEX,XHKG,TIMELESS,Timeless Resources Holdings Corp.,Common Stock,0.457,deepseek_classify_rename_vs_different_security,pending_deepseek_review,HKEX::08028,HKEX,batch_c_high_value_international
low_name_similarity,P2,0EPW,LSE,XLON,Hochtief AG,Hochtief Aktiengesellschaft,Common Stock,0.457,deepseek_classify_rename_vs_different_security,pending_deepseek_review,LSE::0EPW,LSE,batch_c_high_value_international
low_name_similarity,P2,0FRJ,LSE,XLON,Rational AG,RATIONAL Aktiengesellschaft,Common Stock,0.457,deepseek_classify_rename_vs_different_security,pending_deepseek_review,LSE::0FRJ,LSE,batch_c_high_value_international
low_name_similarity,P2,0OP0,LSE,XLON,DMG Mori AG,DMG MORI Aktiengesellschaft,Common Stock,0.457,deepseek_classify_rename_vs_different_security,pending_deepseek_review,LSE::0OP0,LSE,batch_c_high_value_international
low_name_similarity,P2,02163,HKEX,XHKG,BROAD HOMES,"Changsha Broad Homes Industrial Group Co., Ltd.",Common Stock,0.458,deepseek_classify_rename_vs_different_security,pending_deepseek_review,HKEX::02163,HKEX,batch_c_high_value_international
low_name_similarity,P2,02380,HKEX,XHKG,CHINA POWER,China Power International Development Ltd.,Common Stock,0.458,deepseek_classify_rename_vs_different_security,pending_deepseek_review,HKEX::02380,HKEX,batch_c_high_value_international
low_name_similarity,P2,08291,HKEX,XHKG,HK ENT INTL,Hong Kong Entertainment International Ltd.,Common Stock,0.458,deepseek_classify_rename_vs_different_security,pending_deepseek_review,HKEX::08291,HKEX,batch_c_high_value_international
low_name_similarity,P2,BTSI11,B3,BVMF,BTSP II FII RESP LIM,BTSP II Fundo de Investimento Imobiliário,REIT,0.459,deepseek_classify_rename_vs_different_security,pending_deepseek_review,B3::BTSI11,Bovespa,batch_c_high_value_international
low_name_similarity,P2,RSPD11,B3,BVMF,RB CAPITAL DESENV RESID III FII RESP LIM,RB Capital Desenvolvimento Fundo de Investimento Imobiliário - FII,REIT,0.462,deepseek_classify_rename_vs_different_security,pending_deepseek_review,B3::RSPD11,Bovespa,batch_c_high_value_international
low_name_similarity,P2,DEEPAI,BSE_IN,XBOM,Deep Health AI India Ltd,DEEPAI,Common Stock,0.462,deepseek_classify_rename_vs_different_security,pending_deepseek_review,BSE_IN::DEEPAI,BSE,batch_c_high_value_international
low_name_similarity,P2,01238,HKEX,XHKG,POWERLONG,Powerlong Real Estate Holdings Limited,Common Stock,0.462,deepseek_classify_rename_vs_different_security,pending_deepseek_review,HKEX::01238,HKEX,batch_c_high_value_international
low_name_similarity,P2,01456,HKEX,XHKG,GLMS SEC,Guolian Securities Co. Ltd.,Common Stock,0.462,deepseek_classify_rename_vs_different_security,pending_deepseek_review,HKEX::01456,HKEX,batch_c_high_value_international
low_name_similarity,P2,01490,HKEX,XHKG,AI X TECH,Cheshi Technology Inc.,Common Stock,0.462,deepseek_classify_rename_vs_different_security,pending_deepseek_review,HKEX::01490,HKEX,batch_c_high_value_international
low_name_similarity,P2,01525,HKEX,XHKG,GENCH EDU,Shanghai Gench Education Group Limited,Common Stock,0.462,deepseek_classify_rename_vs_different_security,pending_deepseek_review,HKEX::01525,HKEX,batch_c_high_value_international
low_name_similarity,P2,02038,HKEX,XHKG,FIH,FIH Mobile Limited,Common Stock,0.462,deepseek_classify_rename_vs_different_security,pending_deepseek_review,HKEX::02038,HKEX,batch_c_high_value_international
low_name_similarity,P2,02286,HKEX,XHKG,CHEN XING,Chen Xing Development Holdings Ltd.,Common Stock,0.462,deepseek_classify_rename_vs_different_security,pending_deepseek_review,HKEX::02286,HKEX,batch_c_high_value_international
low_name_similarity,P2,02378,HKEX,XHKG,PRU,Prudential plc,Common Stock,0.462,deepseek_classify_rename_vs_different_security,pending_deepseek_review,HKEX::02378,HKEX,batch_c_high_value_international
low_name_similarity,P2,02526,HKEX,XHKG,DIAGENS-B,"Hangzhou Diagens Biotechnology Co., Ltd.",Common Stock,0.462,deepseek_classify_rename_vs_different_security,pending_deepseek_review,HKEX::02526,HKEX,batch_c_high_value_international
low_name_similarity,P2,09909,HKEX,XHKG,POWERLONG CM,Powerlong Commercial Management Holdings Ltd.,Common Stock,0.462,deepseek_classify_rename_vs_different_security,pending_deepseek_review,HKEX::09909,HKEX,batch_c_high_value_international
low_name_similarity,P2,0ADF,LSE,XLON,ARM Holdings,Arm Holdings plc American Depositary Receipt,American Depositary Receipt,0.462,deepseek_classify_rename_vs_different_security,pending_deepseek_review,LSE::0ADF,LSE,batch_c_high_value_international
low_name_similarity,P2,0HA0,LSE,XLON,RWE AG ST O.N.,RWE AG,Common Stock,0.462,deepseek_classify_rename_vs_different_security,pending_deepseek_review,LSE::0HA0,LSE,batch_c_high_value_international
low_name_similarity,P2,0QEP,LSE,XLON,Maire Tecnimont SpA,MAIRE S.p.A.,Common Stock,0.462,deepseek_classify_rename_vs_different_security,pending_deepseek_review,LSE::0QEP,LSE,batch_c_high_value_international
low_name_similarity,P2,DGED,LSE,XLON,Diageo plc,Diageo plc Sponsored ADR,American Depositary Receipt,0.462,deepseek_classify_rename_vs_different_security,pending_deepseek_review,LSE::DGED,LSE,batch_c_high_value_international
low_name_similarity,P2,FEDS,LSE,XLON,FEDERAL BANK LD (THE) GDR (EACH REPR 1 ORD) (REGS),Federal Bank Ltd.,Depositary Receipt,0.462,deepseek_classify_rename_vs_different_security,pending_deepseek_review,LSE::FEDS,LSE,batch_c_high_value_international
low_name_similarity,P2,HCW,ASX,XASX,HEALTHCO HEALTHCARE AND WELLNESS REIT,Healthco Properties Inc.,REIT,0.464,deepseek_classify_rename_vs_different_security,pending_deepseek_review,ASX::HCW,ASX,batch_c_high_value_international
low_name_similarity,P2,HOFC11,B3,BVMF,HEDGE OFFICE INCOME FII RESP LIMITADA,RB Capital Office Income Fundo de Investimento Imobiliário – FII,REIT,0.465,deepseek_classify_rename_vs_different_security,pending_deepseek_review,B3::HOFC11,Bovespa,batch_c_high_value_international
low_name_similarity,P2,01379,HKEX,XHKG,WENLING MCT,"Wenling Zhejiang Measuring Tools Co., Ltd.",Common Stock,0.465,deepseek_classify_rename_vs_different_security,pending_deepseek_review,HKEX::01379,HKEX,batch_c_high_value_international
low_name_similarity,P2,02298,HKEX,XHKG,COSMO LADY,Cosmo Lady China Holdings Company Limited,Common Stock,0.465,deepseek_classify_rename_vs_different_security,pending_deepseek_review,HKEX::02298,HKEX,batch_c_high_value_international
low_name_similarity,P2,02368,HKEX,XHKG,EAGLE NICE,Eagle Nice International Holdings Limited,Common Stock,0.465,deepseek_classify_rename_vs_different_security,pending_deepseek_review,HKEX::02368,HKEX,batch_c_high_value_international
low_name_similarity,P2,03688,HKEX,XHKG,TOP SPRING,Top Spring International Holdings Limited,Common Stock,0.465,deepseek_classify_rename_vs_different_security,pending_deepseek_review,HKEX::03688,HKEX,batch_c_high_value_international
low_name_similarity,P2,06082,HKEX,XHKG,BIREN TECH,Shanghai Biren Technology Co Ltd - Class H,Common Stock,0.465,deepseek_classify_rename_vs_different_security,pending_deepseek_review,HKEX::06082,HKEX,batch_c_high_value_international
low_name_similarity,P2,06929,HKEX,XHKG,ORBUSNEICH,OrbusNeich Medical Group Holdings Limited,Common Stock,0.465,deepseek_classify_rename_vs_different_security,pending_deepseek_review,HKEX::06929,HKEX,batch_c_high_value_international
low_name_similarity,P2,GVCT,LSE,XLON,Guinness VCT PLC,Guinness Asset Management Funds plc,Common Stock,0.465,deepseek_classify_rename_vs_different_security,pending_deepseek_review,LSE::GVCT,LSE,batch_c_high_value_international
low_name_similarity,P2,GAME11,B3,BVMF,FII GUARDIAN MULTIESTRATÉGIA I RESP LIM,FII Guard Mutual Fund,REIT,0.467,deepseek_classify_rename_vs_different_security,pending_deepseek_review,B3::GAME11,Bovespa,batch_c_high_value_international
low_name_similarity,P2,KASTURI,BSE_IN,XBOM,Kasturi Metal Composite Ltd,KASTURI,Common Stock,0.467,deepseek_classify_rename_vs_different_security,pending_deepseek_review,BSE_IN::KASTURI,BSE,batch_c_high_value_international
low_name_similarity,P2,02528,HKEX,XHKG,FW FASHION INT,Forward Fashion International Holdings Company Limited,Common Stock,0.467,deepseek_classify_rename_vs_different_security,pending_deepseek_review,HKEX::02528,HKEX,batch_c_high_value_international
low_name_similarity,P2,08162,HKEX,XHKG,LOCO HK,Loco Hong Kong Holdings Ltd.,Common Stock,0.467,deepseek_classify_rename_vs_different_security,pending_deepseek_review,HKEX::08162,HKEX,batch_c_high_value_international
low_name_similarity,P2,ESTR4,B3,BVMF,MANUFATURA DE BRINQUEDOS ESTRELA S.A.,Estrela S.A.,Preferred Stock,0.468,deepseek_classify_rename_vs_different_security,pending_deepseek_review,B3::ESTR4,Bovespa,batch_c_high_value_international
low_name_similarity,P2,RCRB11,B3,BVMF,RIO BRAVO RENDA CORPORATIVA FDO INV IMOB -RESP LIM,Rio Bravo Investimentos Distribuidora De Titulos E Valores Mobiliarios Ltda.,REIT,0.468,deepseek_classify_rename_vs_different_security,pending_deepseek_review,B3::RCRB11,Bovespa,batch_c_high_value_international
low_name_similarity,P2,TSNC11,B3,BVMF,TRANSINC FDO INV IMOB RESP LIM,Transinc FII Fund,REIT,0.468,deepseek_classify_rename_vs_different_security,pending_deepseek_review,B3::TSNC11,Bovespa,batch_c_high_value_international
low_name_similarity,P2,01274,HKEX,XHKG,IMOTIONTECH,"iMotion Automotive Technology (Suzhou) Co., Ltd.",Common Stock,0.468,deepseek_classify_rename_vs_different_security,pending_deepseek_review,HKEX::01274,HKEX,batch_c_high_value_international
low_name_similarity,P2,01938,HKEX,XHKG,CHU KONG PIPE,Chu Kong Petroleum & Natural Gas Co. Ltd.,Common Stock,0.468,deepseek_classify_rename_vs_different_security,pending_deepseek_review,HKEX::01938,HKEX,batch_c_high_value_international
low_name_similarity,P2,01563,HKEX,XHKG,ALLI INTL ED LE,Alliance International Education Leasing Holdings Ltd.,Common Stock,0.469,deepseek_classify_rename_vs_different_security,pending_deepseek_review,HKEX::01563,HKEX,batch_c_high_value_international
low_name_similarity,P2,OFSA3,B3,BVMF,OUROFINO S.A.,Ouro Fino Saúde Animal Participações S.A.,Common Stock,0.471,deepseek_classify_rename_vs_different_security,pending_deepseek_review,B3::OFSA3,Bovespa,batch_c_high_value_international
low_name_similarity,P2,VVCR11,B3,BVMF,V2 RECEBÍVEIS IMOBILIÁRIOS FUNDO DE INVESTIMENTO I,FII BB Renda de Papéis Imobiliários,REIT,0.471,deepseek_classify_rename_vs_different_security,pending_deepseek_review,B3::VVCR11,Bovespa,batch_c_high_value_international
low_name_similarity,P2,02080,HKEX,XHKG,AUX INTL,Aux International Holdings Ltd.,Common Stock,0.471,deepseek_classify_rename_vs_different_security,pending_deepseek_review,HKEX::02080,HKEX,batch_c_high_value_international
low_name_similarity,P2,02222,HKEX,XHKG,NVC INTL,NVC International Holdings Limited,Common Stock,0.471,deepseek_classify_rename_vs_different_security,pending_deepseek_review,HKEX::02222,HKEX,batch_c_high_value_international
low_name_similarity,P2,02239,HKEX,XHKG,SMIT,Smit Holdings Ltd.,Common Stock,0.471,deepseek_classify_rename_vs_different_security,pending_deepseek_review,HKEX::02239,HKEX,batch_c_high_value_international
low_name_similarity,P2,03399,HKEX,XHKG,YUEYUN TRANS,Guangdong Yueyun Transportation Company Limited,Common Stock,0.471,deepseek_classify_rename_vs_different_security,pending_deepseek_review,HKEX::03399,HKEX,batch_c_high_value_international
low_name_similarity,P2,08042,HKEX,XHKG,KOS INTL,Kos International Holdings Limited,Common Stock,0.471,deepseek_classify_rename_vs_different_security,pending_deepseek_review,HKEX::08042,HKEX,batch_c_high_value_international
low_name_similarity,P2,08267,HKEX,XHKG,LINEKONG,Linekong Interactive Group Co. Ltd.,Common Stock,0.471,deepseek_classify_rename_vs_different_security,pending_deepseek_review,HKEX::08267,HKEX,batch_c_high_value_international
low_name_similarity,P2,09689,HKEX,XHKG,JTF INTL,JTF International Holdings Ltd.,Common Stock,0.471,deepseek_classify_rename_vs_different_security,pending_deepseek_review,HKEX::09689,HKEX,batch_c_high_value_international
low_name_similarity,P2,0Q6M,LSE,XLON,Unipol Gruppo Finanziario Spa,Unipol Assicurazioni S.p.A.,Common Stock,0.471,deepseek_classify_rename_vs_different_security,pending_deepseek_review,LSE::0Q6M,LSE,batch_c_high_value_international
low_name_similarity,P2,INVR,LSE,XLON,Investec plc,Investec plc Preference Shares,Preferred Stock,0.471,deepseek_classify_rename_vs_different_security,pending_deepseek_review,LSE::INVR,LSE,batch_c_high_value_international
low_name_similarity,P2,2685,TSE,XJPX,"and ST HD Co.,Ltd.","Adastria Co., Ltd.",Common Stock,0.471,deepseek_classify_rename_vs_different_security,pending_deepseek_review,TSE::2685,JPX,batch_c_high_value_international
low_name_similarity,P2,4922,TSE,XJPX,KOSE Holdings Corporation,Kose Corporation,Common Stock,0.471,deepseek_classify_rename_vs_different_security,pending_deepseek_review,TSE::4922,JPX,batch_c_high_value_international
low_name_similarity,P2,6287,TSE,XJPX,SATO CORPORATION,Sato Holdings Corporation,Common Stock,0.471,deepseek_classify_rename_vs_different_security,pending_deepseek_review,TSE::6287,JPX,batch_c_high_value_international
low_name_similarity,P2,0JUJ,LSE,XLON,Liberty Media Corp. Series A Liberty Formula One,Liberty Media Corporation,Common Stock,0.473,deepseek_classify_rename_vs_different_security,pending_deepseek_review,LSE::0JUJ,LSE,batch_c_high_value_international
low_name_similarity,P2,WORKMATES,BSE_IN,XBOM,Workmates Core2Cloud Solution Ltd,WORKMATES,Common Stock,0.474,deepseek_classify_rename_vs_different_security,pending_deepseek_review,BSE_IN::WORKMATES,BSE,batch_c_high_value_international
low_name_similarity,P2,01119,HKEX,XHKG,IDREAMSKY,IdreamSky Technology Holdings Ltd.,Common Stock,0.474,deepseek_classify_rename_vs_different_security,pending_deepseek_review,HKEX::01119,HKEX,batch_c_high_value_international
low_name_similarity,P2,02212,HKEX,XHKG,FB MINING,Future Bright Mining Holdings Ltd.,Common Stock,0.474,deepseek_classify_rename_vs_different_security,pending_deepseek_review,HKEX::02212,HKEX,batch_c_high_value_international
low_name_similarity,P2,02481,HKEX,XHKG,SL Gemini Energy,"Wise Living Technology Co., Ltd.",Common Stock,0.474,deepseek_classify_rename_vs_different_security,pending_deepseek_review,HKEX::02481,HKEX,batch_c_high_value_international
low_name_similarity,P2,09611,HKEX,XHKG,LONGCHEER,"Shanghai Longcheer Technology Co., Ltd.",Common Stock,0.474,deepseek_classify_rename_vs_different_security,pending_deepseek_review,HKEX::09611,HKEX,batch_c_high_value_international
low_name_similarity,P2,09863,HKEX,XHKG,LEAPMOTOR,"Zhejiang Leapmotor Technology Co., Ltd.",Common Stock,0.474,deepseek_classify_rename_vs_different_security,pending_deepseek_review,HKEX::09863,HKEX,batch_c_high_value_international
low_name_similarity,P2,01385,HKEX,XHKG,SHANGHAI FUDAN,Shanghai Fudan Microelectronics Group Company Limited,Common Stock,0.475,deepseek_classify_rename_vs_different_security,pending_deepseek_review,HKEX::01385,HKEX,batch_c_high_value_international
low_name_similarity,P2,01396,HKEX,XHKG,GD-HKGBA HLDGS,Guangdong Hong Kong Greater Bay Area Holdings Limited,Common Stock,0.475,deepseek_classify_rename_vs_different_security,pending_deepseek_review,HKEX::01396,HKEX,batch_c_high_value_international
low_name_similarity,P2,0FMO,LSE,XLON,Powszechna Kasa Oszczednosci Bank Polski SA,PKO Bank Polski S.A.,Common Stock,0.475,deepseek_classify_rename_vs_different_security,pending_deepseek_review,LSE::0FMO,LSE,batch_c_high_value_international
low_name_similarity,P2,AJFI11,B3,BVMF,AJ MALLS FII RESP LIM,AJ Malls Fundo de Investimento Imobiliário,REIT,0.476,deepseek_classify_rename_vs_different_security,pending_deepseek_review,B3::AJFI11,Bovespa,batch_c_high_value_international
low_name_similarity,P2,02715,HKEX,XHKG,ESTUN,"Estun Automation Co., Ltd.",Common Stock,0.476,deepseek_classify_rename_vs_different_security,pending_deepseek_review,HKEX::02715,HKEX,batch_c_high_value_international
low_name_similarity,P2,08070,HKEX,XHKG,KEEN OCEAN,Keen Ocean International Holding Limited,Common Stock,0.476,deepseek_classify_rename_vs_different_security,pending_deepseek_review,HKEX::08070,HKEX,batch_c_high_value_international
low_name_similarity,P2,09930,HKEX,XHKG,HORIZON CD,Horizon Construction Development Limited,Common Stock,0.476,deepseek_classify_rename_vs_different_security,pending_deepseek_review,HKEX::09930,HKEX,batch_c_high_value_international
low_name_similarity,P2,MOIPO,NSE_IN,XNSE,MOTILALAMC - MOIPO,MOIPO,Common Stock,0.476,deepseek_classify_rename_vs_different_security,pending_deepseek_review,NSE_IN::MOIPO,NSE,batch_c_high_value_international
low_name_similarity,P2,MOMNC,NSE_IN,XNSE,MOTILALAMC - MOMNC,MOMNC,Common Stock,0.476,deepseek_classify_rename_vs_different_security,pending_deepseek_review,NSE_IN::MOMNC,NSE,batch_c_high_value_international
low_name_similarity,P2,HGRE11,B3,BVMF,PATRIA ESCRITÓRIOS – FDO INV IMOB - RESPONSAB LTDA,Patria Offices Real Estate Investment Fund,REIT,0.477,deepseek_classify_rename_vs_different_security,pending_deepseek_review,B3::HGRE11,Bovespa,batch_c_high_value_international
low_name_similarity,P2,FVPQ11,B3,BVMF,VIA PARQUE SHOPPING - FII RESP LIM,Fundo De Investimento Imobiliário Via Parque Shopping - FVPQ11,REIT,0.478,deepseek_classify_rename_vs_different_security,pending_deepseek_review,B3::FVPQ11,Bovespa,batch_c_high_value_international
low_name_similarity,P2,01426,HKEX,XHKG,SPRING REIT,Spring Real Estate Investment Trust,REIT,0.478,deepseek_classify_rename_vs_different_security,pending_deepseek_review,HKEX::01426,HKEX,batch_c_high_value_international
low_name_similarity,P2,08060,HKEX,XHKG,GLOBAL LINK,Global Link Communications Holdings Limited,Common Stock,0.478,deepseek_classify_rename_vs_different_security,pending_deepseek_review,HKEX::08060,HKEX,batch_c_high_value_international
low_name_similarity,P2,08348,HKEX,XHKG,BINHAI TEDA,Tianjin Binhai Teda Logistics (Group) Corp. Ltd.,Common Stock,0.478,deepseek_classify_rename_vs_different_security,pending_deepseek_review,HKEX::08348,HKEX,batch_c_high_value_international
low_name_similarity,P2,0VBE,LSE,XLON,Osisko Gold Royalties Ltd.,OR ROYALTIES INC COMMON STOCK,Common Stock,0.478,deepseek_classify_rename_vs_different_security,pending_deepseek_review,LSE::0VBE,LSE,batch_c_high_value_international
low_name_similarity,P2,GQG,ASX,XASX,GQG PARTNERS INC.,GQG Partners Inc. - CHESS Depositary Interest,Depositary Receipt,0.48,deepseek_classify_rename_vs_different_security,pending_deepseek_review,ASX::GQG,ASX,batch_c_high_value_international
low_name_similarity,P2,TRAD3,B3,BVMF,TC S.A.,TC Traders Club S.A.,Common Stock,0.48,deepseek_classify_rename_vs_different_security,pending_deepseek_review,B3::TRAD3,Bovespa,batch_c_high_value_international
low_name_similarity,P2,01583,HKEX,XHKG,QINQIN FOODS,QinQin Foodstuffs Group (Cayman) Company Limited,Common Stock,0.48,deepseek_classify_rename_vs_different_security,pending_deepseek_review,HKEX::01583,HKEX,batch_c_high_value_international
low_name_similarity,P2,02016,HKEX,XHKG,CZBANK,"China Zheshang Bank Co., Ltd.",Common Stock,0.48,deepseek_classify_rename_vs_different_security,pending_deepseek_review,HKEX::02016,HKEX,batch_c_high_value_international
low_name_similarity,P2,02487,HKEX,XHKG,CUTIA-B,Cutia Therapeutics Limited,Common Stock,0.48,deepseek_classify_rename_vs_different_security,pending_deepseek_review,HKEX::02487,HKEX,batch_c_high_value_international
low_name_similarity,P2,02509,HKEX,XHKG,QYUNS-B,Qyuns Therapeutics Co. Ltd.,Common Stock,0.48,deepseek_classify_rename_vs_different_security,pending_deepseek_review,HKEX::02509,HKEX,batch_c_high_value_international
low_name_similarity,P2,02687,HKEX,XHKG,ABLE DIGITAL,"Shanghai Able Digital Science & Tech Co., Ltd.",Common Stock,0.48,deepseek_classify_rename_vs_different_security,pending_deepseek_review,HKEX::02687,HKEX,batch_c_high_value_international
low_name_similarity,P2,06118,HKEX,XHKG,AUSTAR,Austar Lifesciences Ltd.,Common Stock,0.48,deepseek_classify_rename_vs_different_security,pending_deepseek_review,HKEX::06118,HKEX,batch_c_high_value_international
low_name_similarity,P2,0JEV,LSE,XLON,Option NV,"Optec International, Inc.",Common Stock,0.48,deepseek_classify_rename_vs_different_security,pending_deepseek_review,LSE::0JEV,LSE,batch_c_high_value_international
low_name_similarity,P2,0NES,LSE,XLON,Oriola Oyj Series B,Oriola Corporation,Common Stock,0.48,deepseek_classify_rename_vs_different_security,pending_deepseek_review,LSE::0NES,LSE,batch_c_high_value_international
low_name_similarity,P2,ACG,LSE,XLON,ACG Acquisition Co. Ltd.,ACG Metals Limited,Common Stock,0.48,deepseek_classify_rename_vs_different_security,pending_deepseek_review,LSE::ACG,LSE,batch_c_high_value_international
low_name_similarity,P2,ASRF11,B3,BVMF,DAYCOVAL RETROFITS I FII RESP LIM,ASA Retrofit Fundo de Investimento Imobiliário,REIT,0.481,deepseek_classify_rename_vs_different_security,pending_deepseek_review,B3::ASRF11,Bovespa,batch_c_high_value_international
low_name_similarity,P2,08366,HKEX,XHKG,ZJ UNITED INV,Zhejiang United Investment Holdings Group Ltd.,Common Stock,0.481,deepseek_classify_rename_vs_different_security,pending_deepseek_review,HKEX::08366,HKEX,batch_c_high_value_international
low_name_similarity,P2,08128,HKEX,XHKG,CHYY GP,Chyy Development Group Ltd,Common Stock,0.483,deepseek_classify_rename_vs_different_security,pending_deepseek_review,HKEX::08128,HKEX,batch_c_high_value_international
low_name_similarity,P2,09980,HKEX,XHKG,EASTROC,"Eastroc Beverage (Group) Co., Ltd.",Common Stock,0.483,deepseek_classify_rename_vs_different_security,pending_deepseek_review,HKEX::09980,HKEX,batch_c_high_value_international
low_name_similarity,P2,0ET5,LSE,XLON,Vastned Retail Belgium,Vastned NV,REIT,0.483,deepseek_classify_rename_vs_different_security,pending_deepseek_review,LSE::0ET5,LSE,batch_c_high_value_international
low_name_similarity,P2,0FIZ,LSE,XLON,Hellenic Telec,Hellenic Telecommunications Organization S.A.,Common Stock,0.483,deepseek_classify_rename_vs_different_security,pending_deepseek_review,LSE::0FIZ,LSE,batch_c_high_value_international
low_name_similarity,P2,03311,HKEX,XHKG,CHINA STATE CON,China State Construction International Holdings Ltd.,Common Stock,0.484,deepseek_classify_rename_vs_different_security,pending_deepseek_review,HKEX::03311,HKEX,batch_c_high_value_international
low_name_similarity,P2,06068,HKEX,XHKG,WISDOM EDU INTL,Wisdom Education International Holdings Company Limited,Common Stock,0.484,deepseek_classify_rename_vs_different_security,pending_deepseek_review,HKEX::06068,HKEX,batch_c_high_value_international
low_name_similarity,P2,08249,HKEX,XHKG,RUIYUAN IC TECH,"Zhejiang Ruiyuan Intelligent Control Technology Co., Ltd.",Common Stock,0.484,deepseek_classify_rename_vs_different_security,pending_deepseek_review,HKEX::08249,HKEX,batch_c_high_value_international
low_name_similarity,P2,01749,HKEX,XHKG,SHANSHAN,"Shanshan Brand Management Co., Ltd.",Common Stock,0.485,deepseek_classify_rename_vs_different_security,pending_deepseek_review,HKEX::01749,HKEX,batch_c_high_value_international
low_name_similarity,P2,02018,HKEX,XHKG,AAC TECH,AAC Technologies Holdings Inc.,Common Stock,0.485,deepseek_classify_rename_vs_different_security,pending_deepseek_review,HKEX::02018,HKEX,batch_c_high_value_international
low_name_similarity,P2,0K7X,LSE,XLON,Newtek Business Services Corp.,NewtekOne Inc.,Common Stock,0.485,deepseek_classify_rename_vs_different_security,pending_deepseek_review,LSE::0K7X,LSE,batch_c_high_value_international
low_name_similarity,P2,01232,HKEX,XHKG,GW TIANDI,Golden Wheel Tiandi Holdings Limited,Common Stock,0.486,deepseek_classify_rename_vs_different_security,pending_deepseek_review,HKEX::01232,HKEX,batch_c_high_value_international
low_name_similarity,P2,02590,HKEX,XHKG,GEEKPLUS-W,Beijing Geekplus Technology Co. Ltd.,Common Stock,0.486,deepseek_classify_rename_vs_different_security,pending_deepseek_review,HKEX::02590,HKEX,batch_c_high_value_international
low_name_similarity,P2,0NIQ,LSE,XLON,Sartorius Aktiengesellschaft,Sartorius AG,Common Stock,0.486,deepseek_classify_rename_vs_different_security,pending_deepseek_review,LSE::0NIQ,LSE,batch_c_high_value_international
low_name_similarity,P2,0NYZ,LSE,XLON,Bertrandt AG,Bertrandt Aktiengesellschaft,Common Stock,0.486,deepseek_classify_rename_vs_different_security,pending_deepseek_review,LSE::0NYZ,LSE,batch_c_high_value_international
low_name_similarity,P2,CAPILLARY,NSE_IN,XNSE,Capillary Technologies India Limited,CAPILLARY,Common Stock,0.486,deepseek_classify_rename_vs_different_security,pending_deepseek_review,NSE_IN::CAPILLARY,NSE,batch_c_high_value_international
low_name_similarity,P2,DOHL3,B3,BVMF,DOHLER S.A.,Dohler S.A. Comércio e Indústria,Common Stock,0.488,deepseek_classify_rename_vs_different_security,pending_deepseek_review,B3::DOHL3,Bovespa,batch_c_high_value_international
low_name_similarity,P2,03686,HKEX,XHKG,CLIFFORDML,Clifford Modern Living Holdings Ltd.,Common Stock,0.488,deepseek_classify_rename_vs_different_security,pending_deepseek_review,HKEX::03686,HKEX,batch_c_high_value_international
low_name_similarity,P2,06681,HKEX,XHKG,BRAINAURORA-B,Brainaura Medical Technology,Common Stock,0.488,deepseek_classify_rename_vs_different_security,pending_deepseek_review,HKEX::06681,HKEX,batch_c_high_value_international
low_name_similarity,P2,0P6M,LSE,XLON,Siemens AG Class N,Siemens Aktiengesellschaft,Common Stock,0.488,deepseek_classify_rename_vs_different_security,pending_deepseek_review,LSE::0P6M,LSE,batch_c_high_value_international
low_name_similarity,P2,TKM,ASX,XASX,TREK METALS LIMITED,Trek Metals Ltd Depositary Receipt (RV5),Depositary Receipt,0.489,deepseek_classify_rename_vs_different_security,pending_deepseek_review,ASX::TKM,ASX,batch_c_high_value_international
low_name_similarity,P2,01470,HKEX,XHKG,PROSPER ONE,Prosper One International Holdings Ltd.,Common Stock,0.489,deepseek_classify_rename_vs_different_security,pending_deepseek_review,HKEX::01470,HKEX,batch_c_high_value_international
low_name_similarity,P2,02250,HKEX,XHKG,B.DUCK SEMK,B.Duck Semk Holdings International Ltd.,Common Stock,0.489,deepseek_classify_rename_vs_different_security,pending_deepseek_review,HKEX::02250,HKEX,batch_c_high_value_international
low_name_similarity,P2,02265,HKEX,XHKG,HC ENV TECH,Hongcheng Environmental Technology,Common Stock,0.489,deepseek_classify_rename_vs_different_security,pending_deepseek_review,HKEX::02265,HKEX,batch_c_high_value_international
low_name_similarity,P2,02576,HKEX,XHKG,TAIMEI TECH,"Zhejiang Taimei Medical Technology Co., Ltd.",Common Stock,0.489,deepseek_classify_rename_vs_different_security,pending_deepseek_review,HKEX::02576,HKEX,batch_c_high_value_international
low_name_similarity,P2,08509,HKEX,XHKG,WINE'S LINK,Wine's Link International Holdings Ltd.,Common Stock,0.489,deepseek_classify_rename_vs_different_security,pending_deepseek_review,HKEX::08509,HKEX,batch_c_high_value_international
low_name_similarity,P2,RBRL11,B3,BVMF,PATRIA LOGISTICA II,RBR Logistics Real Estate Fund,REIT,0.49,deepseek_classify_rename_vs_different_security,pending_deepseek_review,B3::RBRL11,Bovespa,batch_c_high_value_international
low_name_similarity,P2,01066,HKEX,XHKG,WEIGAO GROUP,Shandong Weigao Group Medical Polymer Co. Ltd.,Common Stock,0.49,deepseek_classify_rename_vs_different_security,pending_deepseek_review,HKEX::01066,HKEX,batch_c_high_value_international
low_name_similarity,P2,02657,HKEX,XHKG,FOREST CABIN,"Shanghai Forest Cabin Cosmetics Group Co., Ltd.",Common Stock,0.49,deepseek_classify_rename_vs_different_security,pending_deepseek_review,HKEX::02657,HKEX,batch_c_high_value_international
low_name_similarity,P2,08052,HKEX,XHKG,LUK HING ENT,Luk Hing Entertainment Group Holdings Limited,Common Stock,0.49,deepseek_classify_rename_vs_different_security,pending_deepseek_review,HKEX::08052,HKEX,batch_c_high_value_international
low_name_similarity,P2,08067,HKEX,XHKG,OUC HOLDINGS,Oriental University City Holdings (H.K.) Ltd.,Common Stock,0.49,deepseek_classify_rename_vs_different_security,pending_deepseek_review,HKEX::08067,HKEX,batch_c_high_value_international
low_name_similarity,P2,9763,TSE,XJPX,"Maruken Lease Co.,Ltd.",Marubeni Construction Material Lease Co. Ltd.,Common Stock,0.49,deepseek_classify_rename_vs_different_security,pending_deepseek_review,TSE::9763,JPX,batch_c_high_value_international
low_name_similarity,P2,RBHG11,B3,BVMF,RIO BRAVO CRED IMOB HIGH GRADE FII RESP LIM,Rio Bravo Crédito Imobiliário Fundo de Investimento Imobiliário - FII,REIT,0.491,deepseek_classify_rename_vs_different_security,pending_deepseek_review,B3::RBHG11,Bovespa,batch_c_high_value_international
low_name_similarity,P2,01330,HKEX,XHKG,DYNAGREEN ENV,Dynagreen Environmental Protection Group Co. Ltd.,Common Stock,0.491,deepseek_classify_rename_vs_different_security,pending_deepseek_review,HKEX::01330,HKEX,batch_c_high_value_international
low_name_similarity,P2,HAAA11,B3,BVMF,HEDGE AAA FII RESP LIM,Hedge AAA Fundo de Investimento Imobiliário,REIT,0.492,deepseek_classify_rename_vs_different_security,pending_deepseek_review,B3::HAAA11,Bovespa,batch_c_high_value_international
low_name_similarity,P2,01065,HKEX,XHKG,TIANJIN CAPITAL,"Tianjin Capital Environmental Protection Group Co., Ltd.",Common Stock,0.492,deepseek_classify_rename_vs_different_security,pending_deepseek_review,HKEX::01065,HKEX,batch_c_high_value_international
low_name_similarity,P2,02513,HKEX,XHKG,KNOWLEDGE ATLAS,Knowledge Atlas Technology Joint Stock Company Limited,Common Stock,0.492,deepseek_classify_rename_vs_different_security,pending_deepseek_review,HKEX::02513,HKEX,batch_c_high_value_international
low_name_similarity,P2,SANB,LSE,XLON,SANTANDER UK 8 5/8% NON-CUM STLG PRF,Santander UK Plc Preferred Stock 8.625%,Preferred Stock,0.493,deepseek_classify_rename_vs_different_security,pending_deepseek_review,LSE::SANB,LSE,batch_c_high_value_international
low_name_similarity,P2,DVFF11,B3,BVMF,FII DEVANT FOF IMOBILIÁRIOS RESP LIM,FII Deva FoF,REIT,0.5,deepseek_classify_rename_vs_different_security,pending_deepseek_review,B3::DVFF11,Bovespa,batch_c_high_value_international
low_name_similarity,P2,RANI3,B3,BVMF,IRANI PAPEL E EMBALAGEM S.A.,Irani S.A.,Common Stock,0.5,deepseek_classify_rename_vs_different_security,pending_deepseek_review,B3::RANI3,Bovespa,batch_c_high_value_international
low_name_similarity,P2,DARJEELING,BSE_IN,XBOM,Darjeeling Industriies Ltd,Darjeeling Ropeway Company Ltd.,Common Stock,0.5,deepseek_classify_rename_vs_different_security,pending_deepseek_review,BSE_IN::DARJEELING,BSE,batch_c_high_value_international
low_name_similarity,P2,GAMCO,BSE_IN,XBOM,Gamco Ltd,"Gamco Investors, Inc.",Common Stock,0.5,deepseek_classify_rename_vs_different_security,pending_deepseek_review,BSE_IN::GAMCO,BSE,batch_c_high_value_international
low_name_similarity,P2,JAYSYNTH,BSE_IN,XBOM,Jaysynth Orgochem Ltd,Jaysynth Dyestuff (India) Ltd.,Common Stock,0.5,deepseek_classify_rename_vs_different_security,pending_deepseek_review,BSE_IN::JAYSYNTH,BSE,batch_c_high_value_international
low_name_similarity,P2,MAGNUS,BSE_IN,XBOM,Magnus Steel and Infra Ltd,Magnus Food Retail Ltd.,Common Stock,0.5,deepseek_classify_rename_vs_different_security,pending_deepseek_review,BSE_IN::MAGNUS,BSE,batch_c_high_value_international
low_name_similarity,P2,01082,HKEX,XHKG,BDV EDU INTL,Bradaverse Education Investments Ltd.,Common Stock,0.5,deepseek_classify_rename_vs_different_security,pending_deepseek_review,HKEX::01082,HKEX,batch_c_high_value_international
low_name_similarity,P2,01112,HKEX,XHKG,H&H INTL HLDG,Health and Happiness (H&H) International Holdings Ltd.,Common Stock,0.5,deepseek_classify_rename_vs_different_security,pending_deepseek_review,HKEX::01112,HKEX,batch_c_high_value_international
low_name_similarity,P2,01170,HKEX,XHKG,KINGMAKER,Kingmaker Footwear Holdings Limited,Common Stock,0.5,deepseek_classify_rename_vs_different_security,pending_deepseek_review,HKEX::01170,HKEX,batch_c_high_value_international
low_name_similarity,P2,01225,HKEX,XHKG,LERADO FIN,Lerado Financial Group Company Limited,Common Stock,0.5,deepseek_classify_rename_vs_different_security,pending_deepseek_review,HKEX::01225,HKEX,batch_c_high_value_international
low_name_similarity,P2,01245,HKEX,XHKG,NIRAKU,Niraku GC Holdings Inc.,Common Stock,0.5,deepseek_classify_rename_vs_different_security,pending_deepseek_review,HKEX::01245,HKEX,batch_c_high_value_international
low_name_similarity,P2,01247,HKEX,XHKG,MIKO INTL,Miko International Holdings Limited,Common Stock,0.5,deepseek_classify_rename_vs_different_security,pending_deepseek_review,HKEX::01247,HKEX,batch_c_high_value_international
low_name_similarity,P2,01265,HKEX,XHKG,TIANJINJINRAN,Tianjin Jinran Public Utilities Company Limited,Common Stock,0.5,deepseek_classify_rename_vs_different_security,pending_deepseek_review,HKEX::01265,HKEX,batch_c_high_value_international
low_name_similarity,P2,01299,HKEX,XHKG,AIA,AIA Group Limited,Common Stock,0.5,deepseek_classify_rename_vs_different_security,pending_deepseek_review,HKEX::01299,HKEX,batch_c_high_value_international
low_name_similarity,P2,01427,HKEX,XHKG,CH TIANBAO GP,China Tianbao Group Development Company Limited,Common Stock,0.5,deepseek_classify_rename_vs_different_security,pending_deepseek_review,HKEX::01427,HKEX,batch_c_high_value_international
low_name_similarity,P2,01478,HKEX,XHKG,Q TECH,"Q Technology Group Co., Ltd.",Common Stock,0.5,deepseek_classify_rename_vs_different_security,pending_deepseek_review,HKEX::01478,HKEX,batch_c_high_value_international
low_name_similarity,P2,01711,HKEX,XHKG,ULFERTS,Ulferts International Ltd.,Common Stock,0.5,deepseek_classify_rename_vs_different_security,pending_deepseek_review,HKEX::01711,HKEX,batch_c_high_value_international
low_name_similarity,P2,01855,HKEX,XHKG,ZONQING LTD,Zonqing Environmental Ltd.,Common Stock,0.5,deepseek_classify_rename_vs_different_security,pending_deepseek_review,HKEX::01855,HKEX,batch_c_high_value_international
low_name_similarity,P2,01905,HKEX,XHKG,HAITONG UT,"Haitong Unitrust International Co., Ltd.",Common Stock,0.5,deepseek_classify_rename_vs_different_security,pending_deepseek_review,HKEX::01905,HKEX,batch_c_high_value_international
low_name_similarity,P2,01910,HKEX,XHKG,SAMSONITE,Samsonite International S.A.,Common Stock,0.5,deepseek_classify_rename_vs_different_security,pending_deepseek_review,HKEX::01910,HKEX,batch_c_high_value_international
low_name_similarity,P2,02048,HKEX,XHKG,E-HOUSE ENT,E-House (China) Enterprise Holdings Ltd.,Common Stock,0.5,deepseek_classify_rename_vs_different_security,pending_deepseek_review,HKEX::02048,HKEX,batch_c_high_value_international
low_name_similarity,P2,02159,HKEX,XHKG,MEDIWELCOME,Mediwelcome Healthcare Management Ltd.,Common Stock,0.5,deepseek_classify_rename_vs_different_security,pending_deepseek_review,HKEX::02159,HKEX,batch_c_high_value_international
low_name_similarity,P2,02327,HKEX,XHKG,MEILLEUREHEALTH,Meilleure Health International Industry Group Ltd.,Common Stock,0.5,deepseek_classify_rename_vs_different_security,pending_deepseek_review,HKEX::02327,HKEX,batch_c_high_value_international
low_name_similarity,P2,02517,HKEX,XHKG,GUOQUAN,"Guoquan Food Shanghai Co., Ltd.",Common Stock,0.5,deepseek_classify_rename_vs_different_security,pending_deepseek_review,HKEX::02517,HKEX,batch_c_high_value_international
low_name_similarity,P2,02659,HKEX,XHKG,BAO PHARMA-B,"Shanghai Bao Pharmaceuticals Co., Ltd.",Common Stock,0.5,deepseek_classify_rename_vs_different_security,pending_deepseek_review,HKEX::02659,HKEX,batch_c_high_value_international
low_name_similarity,P2,03321,HKEX,XHKG,ZHONGKE GROUP,Wai Hung Group Holdings Ltd.,Common Stock,0.5,deepseek_classify_rename_vs_different_security,pending_deepseek_review,HKEX::03321,HKEX,batch_c_high_value_international
low_name_similarity,P2,03680,HKEX,XHKG,RUIHE DATA,Ruihe Data Technology Holdings Limited,Common Stock,0.5,deepseek_classify_rename_vs_different_security,pending_deepseek_review,HKEX::03680,HKEX,batch_c_high_value_international
low_name_similarity,P2,03889,HKEX,XHKG,GLOBAL CORN GP,Global Sweeteners Holdings Ltd.,Common Stock,0.5,deepseek_classify_rename_vs_different_security,pending_deepseek_review,HKEX::03889,HKEX,batch_c_high_value_international
low_name_similarity,P2,06616,HKEX,XHKG,GLOBAL NEW MAT,Global New Material International Holdings Ltd.,Common Stock,0.5,deepseek_classify_rename_vs_different_security,pending_deepseek_review,HKEX::06616,HKEX,batch_c_high_value_international
low_name_similarity,P2,08140,HKEX,XHKG,BOSATECH,Bosa Technology Holdings Ltd.,Common Stock,0.5,deepseek_classify_rename_vs_different_security,pending_deepseek_review,HKEX::08140,HKEX,batch_c_high_value_international
low_name_similarity,P2,08172,HKEX,XHKG,LAJIN ENT,Lajin Entertainment Network Limited,Common Stock,0.5,deepseek_classify_rename_vs_different_security,pending_deepseek_review,HKEX::08172,HKEX,batch_c_high_value_international
low_name_similarity,P2,08619,HKEX,XHKG,NIU HOLDINGS,King of Catering (Global) Holdings Ltd.,Common Stock,0.5,deepseek_classify_rename_vs_different_security,pending_deepseek_review,HKEX::08619,HKEX,batch_c_high_value_international
low_name_similarity,P2,08623,HKEX,XHKG,CHINA SAFTOWER,China Saftower International Holding Group Ltd.,Common Stock,0.5,deepseek_classify_rename_vs_different_security,pending_deepseek_review,HKEX::08623,HKEX,batch_c_high_value_international
low_name_similarity,P2,08637,HKEX,XHKG,METASURFACE,Metasurface Technologies Holdings Inc.,Common Stock,0.5,deepseek_classify_rename_vs_different_security,pending_deepseek_review,HKEX::08637,HKEX,batch_c_high_value_international
low_name_similarity,P2,89618,HKEX,XHKG,JD-SWR,"JD.com, Inc.",Common Stock,0.5,deepseek_classify_rename_vs_different_security,pending_deepseek_review,HKEX::89618,HKEX,batch_c_high_value_international
low_name_similarity,P2,0A0E,LSE,XLON,Kojamo Oyj,Lumo Kodit Oyj,Common Stock,0.5,deepseek_classify_rename_vs_different_security,pending_deepseek_review,LSE::0A0E,LSE,batch_c_high_value_international
low_name_similarity,P2,0GEA,LSE,XLON,Maha Energy AB A,Maha Capital AB (publ),Common Stock,0.5,deepseek_classify_rename_vs_different_security,pending_deepseek_review,LSE::0GEA,LSE,batch_c_high_value_international
low_name_similarity,P2,0HQ8,LSE,XLON,Arjo AB,Arjo AB (publ) - B shares,Common Stock,0.5,deepseek_classify_rename_vs_different_security,pending_deepseek_review,LSE::0HQ8,LSE,batch_c_high_value_international
low_name_similarity,P2,0K45,LSE,XLON,NCR Corp.,NCR Voyix Corp,Common Stock,0.5,deepseek_classify_rename_vs_different_security,pending_deepseek_review,LSE::0K45,LSE,batch_c_high_value_international
low_name_similarity,P2,0K8D,LSE,XLON,Nokia Oyj,Nokia Corporation Sponsored ADR,American Depositary Receipt,0.5,deepseek_classify_rename_vs_different_security,pending_deepseek_review,LSE::0K8D,LSE,batch_c_high_value_international
low_name_similarity,P2,0M6I,LSE,XLON,Heijmans NV,Koninklijke Heijmans N.V.,Depositary Receipt,0.5,deepseek_classify_rename_vs_different_security,pending_deepseek_review,LSE::0M6I,LSE,batch_c_high_value_international
low_name_similarity,P2,0MJX,LSE,XLON,Aker ASA,Aker ASA Series A Shares,Common Stock,0.5,deepseek_classify_rename_vs_different_security,pending_deepseek_review,LSE::0MJX,LSE,batch_c_high_value_international
low_name_similarity,P2,0N54,LSE,XLON,A2A SpA,A2A S.p.A.,Common Stock,0.5,deepseek_classify_rename_vs_different_security,pending_deepseek_review,LSE::0N54,LSE,batch_c_high_value_international
low_name_similarity,P2,0QWC,LSE,XLON,Ams AG,ams OSRAM AG,Common Stock,0.5,deepseek_classify_rename_vs_different_security,pending_deepseek_review,LSE::0QWC,LSE,batch_c_high_value_international
low_name_similarity,P2,0QZ6,LSE,XLON,"NIKE, Inc.","Nike, Inc. - Class B",Common Stock,0.5,deepseek_classify_rename_vs_different_security,pending_deepseek_review,LSE::0QZ6,LSE,batch_c_high_value_international
low_name_similarity,P2,JLP,LSE,AIMX,Jubilee Platinum,Jubilee Metals Group PLC,Common Stock,0.5,deepseek_classify_rename_vs_different_security,pending_deepseek_review,LSE::JLP,LSE,batch_c_high_value_international
low_name_similarity,P2,3639,TSE,XJPX,Voltage Incorporation,Voltage Inc.,Common Stock,0.5,deepseek_classify_rename_vs_different_security,pending_deepseek_review,TSE::3639,JPX,batch_c_high_value_international
low_name_similarity,P2,3854,TSE,XJPX,I'LL INC,Illumina Inc.,Common Stock,0.5,deepseek_classify_rename_vs_different_security,pending_deepseek_review,TSE::3854,JPX,batch_c_high_value_international
low_name_similarity,P2,3878,TSE,XJPX,TOMOEGAWA CORPORATION,Tomoe River Corporation,Common Stock,0.5,deepseek_classify_rename_vs_different_security,pending_deepseek_review,TSE::3878,JPX,batch_c_high_value_international
low_name_similarity,P2,5721,TSE,XJPX,S Crypto Energy Inc.,"S Science Co., Ltd.",Common Stock,0.5,deepseek_classify_rename_vs_different_security,pending_deepseek_review,TSE::5721,JPX,batch_c_high_value_international
low_name_similarity,P2,5956,TSE,XJPX,"TOSO CO.,LTD.","Toso Company, Limited",Common Stock,0.5,deepseek_classify_rename_vs_different_security,pending_deepseek_review,TSE::5956,JPX,batch_c_high_value_international
low_name_similarity,P2,7807,TSE,XJPX,"KOWA CO.,LTD.","Kowa Company, Ltd.",Common Stock,0.5,deepseek_classify_rename_vs_different_security,pending_deepseek_review,TSE::7807,JPX,batch_c_high_value_international
low_name_similarity,P2,9605,TSE,XJPX,"TOEI COMPANY,LTD.","Toei Co., Ltd.",Common Stock,0.5,deepseek_classify_rename_vs_different_security,pending_deepseek_review,TSE::9605,JPX,batch_c_high_value_international
low_name_similarity,P2,9948,TSE,XJPX,"ARCS COMPANY,LIMITED","Arcs Co., Ltd.",Common Stock,0.5,deepseek_classify_rename_vs_different_security,pending_deepseek_review,TSE::9948,JPX,batch_c_high_value_international
low_name_similarity,P2,GGRC11,B3,BVMF,ZAGROS RENDA IMOBILIRIA FII RESP LTDA,GGR Covepi Renda Fundo de Investimento Imobiliário - FII,REIT,0.505,deepseek_classify_rename_vs_different_security,pending_deepseek_review,B3::GGRC11,Bovespa,batch_c_high_value_international
low_name_similarity,P2,HBCR11,B3,BVMF,FUNDO DE INVEST IMOB HBC RENDA URBANA RESP LIM,FII HBC Renda Imobiliária,REIT,0.507,deepseek_classify_rename_vs_different_security,pending_deepseek_review,B3::HBCR11,Bovespa,batch_c_high_value_international
low_name_similarity,P2,0RTJ,LSE,XLON,General de Alquiler de Maquinaria S.A.,"General American Investors Company, Inc.",Common Stock,0.507,deepseek_classify_rename_vs_different_security,pending_deepseek_review,LSE::0RTJ,LSE,batch_c_high_value_international
low_name_similarity,P2,01349,HKEX,XHKG,FUDANZHANGJIANG,"Shanghai Fudan-Zhangjiang Bio-Pharmaceutical Co., Ltd.",Common Stock,0.508,deepseek_classify_rename_vs_different_security,pending_deepseek_review,HKEX::01349,HKEX,batch_c_high_value_international
low_name_similarity,P2,SLD,ASX,XASX,"SALUDA MEDICAL, INC.","Saluda Medical, Inc. CHESS Depositary Interests",Depositary Receipt,0.509,deepseek_classify_rename_vs_different_security,pending_deepseek_review,ASX::SLD,ASX,batch_c_high_value_international
low_name_similarity,P2,01858,HKEX,XHKG,CHUNLI MEDICAL,"Beijing Chunlizhengda Medical Instruments Co., Ltd.",Common Stock,0.509,deepseek_classify_rename_vs_different_security,pending_deepseek_review,HKEX::01858,HKEX,batch_c_high_value_international
low_name_similarity,P2,KNUQ11,B3,BVMF,KINEA UNIQUE HY CDI FII RESP LIM,Kinea Unique Hybrid Fixed-Income CDI Fundo de Investimento Imobiliário,REIT,0.51,deepseek_classify_rename_vs_different_security,pending_deepseek_review,B3::KNUQ11,Bovespa,batch_c_high_value_international
low_name_similarity,P2,01260,HKEX,XHKG,WONDERFUL SKY,Wonderful Sky Financial Group Holdings Limited,Common Stock,0.51,deepseek_classify_rename_vs_different_security,pending_deepseek_review,HKEX::01260,HKEX,batch_c_high_value_international
low_name_similarity,P2,01728,HKEX,XHKG,ZHENGTONGAUTO,China Zhengtong Auto Services Holdings Ltd.,Common Stock,0.51,deepseek_classify_rename_vs_different_security,pending_deepseek_review,HKEX::01728,HKEX,batch_c_high_value_international
low_name_similarity,P2,02362,HKEX,XHKG,JINCHUAN INTL,Jinchuan Group International Resources Co. Ltd.,Common Stock,0.51,deepseek_classify_rename_vs_different_security,pending_deepseek_review,HKEX::02362,HKEX,batch_c_high_value_international
low_name_similarity,P2,06108,HKEX,XHKG,NEW RAY MEDIC,New Ray Medicine International Holding Ltd.,Common Stock,0.51,deepseek_classify_rename_vs_different_security,pending_deepseek_review,HKEX::06108,HKEX,batch_c_high_value_international
low_name_similarity,P2,01120,HKEX,XHKG,ARTS OPTICAL,Arts Optical International Holdings Ltd.,Common Stock,0.511,deepseek_classify_rename_vs_different_security,pending_deepseek_review,HKEX::01120,HKEX,batch_c_high_value_international
low_name_similarity,P2,01608,HKEX,XHKG,VPOWER GROUP,VPower Group International Holdings Ltd.,Common Stock,0.511,deepseek_classify_rename_vs_different_security,pending_deepseek_review,HKEX::01608,HKEX,batch_c_high_value_international
low_name_similarity,P2,02111,HKEX,XHKG,BEST PACIFIC,Best Pacific International Holdings Limited,Common Stock,0.511,deepseek_classify_rename_vs_different_security,pending_deepseek_review,HKEX::02111,HKEX,batch_c_high_value_international
low_name_similarity,P2,02130,HKEX,XHKG,CN LOGISTICS,CN Logistics International Holdings Ltd.,Common Stock,0.511,deepseek_classify_rename_vs_different_security,pending_deepseek_review,HKEX::02130,HKEX,batch_c_high_value_international
low_name_similarity,P2,02196,HKEX,XHKG,FOSUN PHARMA,"Shanghai Fosun Pharmaceutical Group Co., Ltd.",Common Stock,0.511,deepseek_classify_rename_vs_different_security,pending_deepseek_review,HKEX::02196,HKEX,batch_c_high_value_international
low_name_similarity,P2,02326,HKEX,XHKG,NPE HOLDINGS,New Provenance Everlasting Holdings Limited,Common Stock,0.511,deepseek_classify_rename_vs_different_security,pending_deepseek_review,HKEX::02326,HKEX,batch_c_high_value_international
low_name_similarity,P2,06822,HKEX,XHKG,KING'S FLAIR,King's Flair International Holdings Limited,Common Stock,0.511,deepseek_classify_rename_vs_different_security,pending_deepseek_review,HKEX::06822,HKEX,batch_c_high_value_international
low_name_similarity,P2,08400,HKEX,XHKG,ASIA PIONEER,Asia Pioneer Entertainment Holdings Limited,Common Stock,0.511,deepseek_classify_rename_vs_different_security,pending_deepseek_review,HKEX::08400,HKEX,batch_c_high_value_international
low_name_similarity,P2,0M09,LSE,XLON,Rockwool International A/S Series A,Rockwool A/S,Common Stock,0.511,deepseek_classify_rename_vs_different_security,pending_deepseek_review,LSE::0M09,LSE,batch_c_high_value_international
low_name_similarity,P2,0M0A,LSE,XLON,Rockwool International A/S Series B,Rockwool A/S,Common Stock,0.511,deepseek_classify_rename_vs_different_security,pending_deepseek_review,LSE::0M0A,LSE,batch_c_high_value_international
low_name_similarity,P2,FISC11,B3,BVMF,FDO INV IMOB SC 401 RESP LIM,FII SC 401 Fund,REIT,0.512,deepseek_classify_rename_vs_different_security,pending_deepseek_review,B3::FISC11,Bovespa,batch_c_high_value_international
low_name_similarity,P2,BHARATROHAN,BSE_IN,XBOM,Bharatrohan Airborne Innovations Ltd,BHARATROHAN,Common Stock,0.512,deepseek_classify_rename_vs_different_security,pending_deepseek_review,BSE_IN::BHARATROHAN,BSE,batch_c_high_value_international
low_name_similarity,P2,01845,HKEX,XHKG,WG ENV TECH,Weigang Environmental Technology Inc.,Common Stock,0.512,deepseek_classify_rename_vs_different_security,pending_deepseek_review,HKEX::01845,HKEX,batch_c_high_value_international
low_name_similarity,P2,02666,HKEX,XHKG,UNI MEDICAL,"Genertec Universal Medical Group Co., Ltd.",Common Stock,0.512,deepseek_classify_rename_vs_different_security,pending_deepseek_review,HKEX::02666,HKEX,batch_c_high_value_international
low_name_similarity,P2,06098,HKEX,XHKG,CG SERVICES,Country Garden Services Holdings Co. Ltd.,Common Stock,0.512,deepseek_classify_rename_vs_different_security,pending_deepseek_review,HKEX::06098,HKEX,batch_c_high_value_international
low_name_similarity,P2,08418,HKEX,XHKG,OPTIMA AUTO,Optima Automobile Group Holdings Limited,Common Stock,0.512,deepseek_classify_rename_vs_different_security,pending_deepseek_review,HKEX::08418,HKEX,batch_c_high_value_international
low_name_similarity,P2,GROC,LSE,AIMX,Greenroc Mining PLC,Greenroc Strategic Materials plc,Common Stock,0.512,deepseek_classify_rename_vs_different_security,pending_deepseek_review,LSE::GROC,LSE,batch_c_high_value_international
low_name_similarity,P2,DAMT11,B3,BVMF,DIAMANTE FII RESP LIM,FII DIAMANTECI  ATZ,Common Stock,0.513,deepseek_classify_rename_vs_different_security,pending_deepseek_review,B3::DAMT11,Bovespa,batch_c_high_value_international
low_name_similarity,P2,01596,HKEX,XHKG,YICHEN IND,"Hebei Yichen Industrial Group Co., Ltd.",Common Stock,0.513,deepseek_classify_rename_vs_different_security,pending_deepseek_review,HKEX::01596,HKEX,batch_c_high_value_international
low_name_similarity,P2,01927,HKEX,XHKG,JIUJIUWANG,Jiujiuwang Food International Limited,Common Stock,0.513,deepseek_classify_rename_vs_different_security,pending_deepseek_review,HKEX::01927,HKEX,batch_c_high_value_international
low_name_similarity,P2,02502,HKEX,XHKG,JINYUAN HCHEM,"Henan Jinyuan Hydrogenated Co., Ltd.",Common Stock,0.513,deepseek_classify_rename_vs_different_security,pending_deepseek_review,HKEX::02502,HKEX,batch_c_high_value_international
low_name_similarity,P2,3627,TSE,XJPX,TECMIRA HOLDINGS INC.,Tekmira Pharmaceuticals Corporation,Common Stock,0.513,deepseek_classify_rename_vs_different_security,pending_deepseek_review,TSE::3627,JPX,batch_c_high_value_international
low_name_similarity,P2,5923,TSE,XJPX,"TAKADAKIKO(Steel Construction)CO.,LTD.","Takadakiko Co., Ltd.",Common Stock,0.513,deepseek_classify_rename_vs_different_security,pending_deepseek_review,TSE::5923,JPX,batch_c_high_value_international
low_name_similarity,P2,EPAR3,B3,BVMF,EMBPAR PARTICIPACOES S.A.,Embraer S.A.,Common Stock,0.514,deepseek_classify_rename_vs_different_security,pending_deepseek_review,B3::EPAR3,Bovespa,batch_c_high_value_international
low_name_similarity,P2,WLMM3,B3,BVMF,WLM PART. E COMÉRCIO DE MÁQUINAS E VEÍCULOS S.A.,WLM Industria e Comercio S.A.,Common Stock,0.514,deepseek_classify_rename_vs_different_security,pending_deepseek_review,B3::WLMM3,Bovespa,batch_c_high_value_international
low_name_similarity,P2,WLMM4,B3,BVMF,WLM PART. E COMÉRCIO DE MÁQUINAS E VEÍCULOS S.A.,WLM Industria e Comercio S.A.,Preferred Stock,0.514,deepseek_classify_rename_vs_different_security,pending_deepseek_review,B3::WLMM4,Bovespa,batch_c_high_value_international
low_name_similarity,P2,01471,HKEX,XHKG,ZHONGMIAO,Zhongmiao Holdings Qingdao Ltd.,Common Stock,0.514,deepseek_classify_rename_vs_different_security,pending_deepseek_review,HKEX::01471,HKEX,batch_c_high_value_international
low_name_similarity,P2,02495,HKEX,XHKG,VOICECOMM,Hubei VoiceComm Technology Co. Ltd.,Common Stock,0.514,deepseek_classify_rename_vs_different_security,pending_deepseek_review,HKEX::02495,HKEX,batch_c_high_value_international
low_name_similarity,P2,08201,HKEX,XHKG,PPS INT'L,PPS International Holdings Ltd.,Common Stock,0.514,deepseek_classify_rename_vs_different_security,pending_deepseek_review,HKEX::08201,HKEX,batch_c_high_value_international
low_name_similarity,P2,0E1Y,LSE,XLON,Chargeurs,Compagnie Chargeurs Invest,Common Stock,0.514,deepseek_classify_rename_vs_different_security,pending_deepseek_review,LSE::0E1Y,LSE,batch_c_high_value_international
low_name_similarity,P2,PXC,LSE,AIMX,Phoenix Global Mining Ltd,Phoenix Copper Ltd.,Common Stock,0.514,deepseek_classify_rename_vs_different_security,pending_deepseek_review,LSE::PXC,LSE,batch_c_high_value_international
low_name_similarity,P2,VGIP11,B3,BVMF,VALORA CRI ÍNDICE DE PREÇO FII RESP LIM,Valora Credit Index Fund,REIT,0.516,deepseek_classify_rename_vs_different_security,pending_deepseek_review,B3::VGIP11,Bovespa,batch_c_high_value_international
low_name_similarity,P2,01499,HKEX,XHKG,OKG TECH,Okg Technology Holdings Ltd,Common Stock,0.516,deepseek_classify_rename_vs_different_security,pending_deepseek_review,HKEX::01499,HKEX,batch_c_high_value_international
low_name_similarity,P2,01508,HKEX,XHKG,CHINA RE,China Reinsurance Group Corporation,Common Stock,0.516,deepseek_classify_rename_vs_different_security,pending_deepseek_review,HKEX::01508,HKEX,batch_c_high_value_international
low_name_similarity,P2,01777,HKEX,XHKG,FANTASIA,"Fantasia Holdings Group Co., Ltd.",Common Stock,0.516,deepseek_classify_rename_vs_different_security,pending_deepseek_review,HKEX::01777,HKEX,batch_c_high_value_international
low_name_similarity,P2,01996,HKEX,XHKG,RSUN PPT,Redsun Properties Group Ltd.,Common Stock,0.516,deepseek_classify_rename_vs_different_security,pending_deepseek_review,HKEX::01996,HKEX,batch_c_high_value_international
low_name_similarity,P2,03800,HKEX,XHKG,GCL TECH,GCL Technology Holdings Ltd.,Common Stock,0.516,deepseek_classify_rename_vs_different_security,pending_deepseek_review,HKEX::03800,HKEX,batch_c_high_value_international
low_name_similarity,P2,03893,HKEX,XHKG,CROSSTEC,Crosstec Group Holdings Ltd.,Common Stock,0.516,deepseek_classify_rename_vs_different_security,pending_deepseek_review,HKEX::03893,HKEX,batch_c_high_value_international
low_name_similarity,P2,08076,HKEX,XHKG,SING LEE,Sing Lee Software Group Ltd.,Common Stock,0.516,deepseek_classify_rename_vs_different_security,pending_deepseek_review,HKEX::08076,HKEX,batch_c_high_value_international
low_name_similarity,P2,08417,HKEX,XHKG,DADI EDU,Dadi Education Holdings Ltd.,Common Stock,0.516,deepseek_classify_rename_vs_different_security,pending_deepseek_review,HKEX::08417,HKEX,batch_c_high_value_international
low_name_similarity,P2,0R9T,LSE,XLON,Equasens,Equasens Société anonyme,Common Stock,0.516,deepseek_classify_rename_vs_different_security,pending_deepseek_review,LSE::0R9T,LSE,batch_c_high_value_international
low_name_similarity,P2,0RQ2,LSE,XLON,Bilia AB,Bilia AB Class A Shares,Common Stock,0.516,deepseek_classify_rename_vs_different_security,pending_deepseek_review,LSE::0RQ2,LSE,batch_c_high_value_international
low_name_similarity,P2,8023,TSE,XJPX,"DAIKO XTECH,LTD.",Daiko Denshi Tsushin Ltd.,Common Stock,0.516,deepseek_classify_rename_vs_different_security,pending_deepseek_review,TSE::8023,JPX,batch_c_high_value_international
low_name_similarity,P2,08100,HKEX,XHKG,FAMOUS TECH INT,Famous Technological International Holdings Ltd.,Common Stock,0.517,deepseek_classify_rename_vs_different_security,pending_deepseek_review,HKEX::08100,HKEX,batch_c_high_value_international
low_name_similarity,P2,ITIT11,B3,BVMF,INTER TEVA INDICE DE TIJOLO FI RESP LIM,FII Inter IT Qualidade Imobiliária FII,REIT,0.519,deepseek_classify_rename_vs_different_security,pending_deepseek_review,B3::ITIT11,Bovespa,batch_c_high_value_international
low_name_similarity,P2,MACH,BSE_IN,XBOM,Mac Hotels Ltd,McDowell Holdings Ltd.,Common Stock,0.519,deepseek_classify_rename_vs_different_security,pending_deepseek_review,BSE_IN::MACH,BSE,batch_c_high_value_international
low_name_similarity,P2,01756,HKEX,XHKG,CHI SCI&EDU IND,China Vocational Education Holdings Limited,Common Stock,0.519,deepseek_classify_rename_vs_different_security,pending_deepseek_review,HKEX::01756,HKEX,batch_c_high_value_international
low_name_similarity,P2,01787,HKEX,XHKG,SD GOLD,"Shandong Gold Mining Co., Ltd.",Common Stock,0.519,deepseek_classify_rename_vs_different_security,pending_deepseek_review,HKEX::01787,HKEX,batch_c_high_value_international
low_name_similarity,P2,01853,HKEX,XHKG,CHUNCHENG HEAT,Jilin Province Chuncheng Heating Company Limited,Common Stock,0.519,deepseek_classify_rename_vs_different_security,pending_deepseek_review,HKEX::01853,HKEX,batch_c_high_value_international
low_name_similarity,P2,01953,HKEX,XHKG,RIMBACO,Rimbaco Group Global Ltd.,Common Stock,0.519,deepseek_classify_rename_vs_different_security,pending_deepseek_review,HKEX::01953,HKEX,batch_c_high_value_international
low_name_similarity,P2,03601,HKEX,XHKG,LUDASHI,360 Ludashi Holdings Ltd.,Common Stock,0.519,deepseek_classify_rename_vs_different_security,pending_deepseek_review,HKEX::03601,HKEX,batch_c_high_value_international
low_name_similarity,P2,03968,HKEX,XHKG,CM BANK,"China Merchants Bank Co., Ltd.",Common Stock,0.519,deepseek_classify_rename_vs_different_security,pending_deepseek_review,HKEX::03968,HKEX,batch_c_high_value_international
low_name_similarity,P2,0QWA,LSE,XLON,Logista,"Logista Integral, S.A.",Common Stock,0.519,deepseek_classify_rename_vs_different_security,pending_deepseek_review,LSE::0QWA,LSE,batch_c_high_value_international
low_name_similarity,P2,01321,HKEX,XHKG,CHINA NEWCITY,China New City Commercial Development Ltd.,Common Stock,0.52,deepseek_classify_rename_vs_different_security,pending_deepseek_review,HKEX::01321,HKEX,batch_c_high_value_international
low_name_similarity,P2,02313,HKEX,XHKG,SHENZHOU INTL,Shenzhou International Group Holdings Ltd.,Common Stock,0.52,deepseek_classify_rename_vs_different_security,pending_deepseek_review,HKEX::02313,HKEX,batch_c_high_value_international
low_name_similarity,P2,02778,HKEX,XHKG,CHAMPION REIT,Champion Real Estate Investment Trust,REIT,0.52,deepseek_classify_rename_vs_different_security,pending_deepseek_review,HKEX::02778,HKEX,batch_c_high_value_international
low_name_similarity,P2,06826,HKEX,XHKG,HAOHAI BIOTEC,Shanghai Haohai Biological Technology Co. Ltd.,Common Stock,0.52,deepseek_classify_rename_vs_different_security,pending_deepseek_review,HKEX::06826,HKEX,batch_c_high_value_international
low_name_similarity,P2,87001,HKEX,XHKG,HUI XIAN REIT,Hui Xian Real Estate Investment Trust,REIT,0.52,deepseek_classify_rename_vs_different_security,pending_deepseek_review,HKEX::87001,HKEX,batch_c_high_value_international
low_name_similarity,P2,PURPLE,BSE_IN,XBOM,Purple Agrotech Industries Ltd,Purple Entertainment Ltd.,Common Stock,0.522,deepseek_classify_rename_vs_different_security,pending_deepseek_review,BSE_IN::PURPLE,BSE,batch_c_high_value_international
low_name_similarity,P2,RIDDHI,BSE_IN,XBOM,Riddhi Siddhi Gluco Biols Ltd-$,Riddhi Steel and Tube Ltd.,Common Stock,0.522,deepseek_classify_rename_vs_different_security,pending_deepseek_review,BSE_IN::RIDDHI,BSE,batch_c_high_value_international
low_name_similarity,P2,01278,HKEX,XHKG,CHINANEWTOWN,China New Town Development Company Limited,Common Stock,0.522,deepseek_classify_rename_vs_different_security,pending_deepseek_review,HKEX::01278,HKEX,batch_c_high_value_international
low_name_similarity,P2,01333,HKEX,XHKG,BRETON,Breton Technology Co. Ltd.,Common Stock,0.522,deepseek_classify_rename_vs_different_security,pending_deepseek_review,HKEX::01333,HKEX,batch_c_high_value_international
low_name_similarity,P2,01415,HKEX,XHKG,COWELL,Cowell e Holdings Inc.,Common Stock,0.522,deepseek_classify_rename_vs_different_security,pending_deepseek_review,HKEX::01415,HKEX,batch_c_high_value_international
low_name_similarity,P2,01820,HKEX,XHKG,PM PACKAGING,Pacific Millennium Packaging Group Corporation,Common Stock,0.522,deepseek_classify_rename_vs_different_security,pending_deepseek_review,HKEX::01820,HKEX,batch_c_high_value_international
low_name_similarity,P2,01912,HKEX,XHKG,CONTEL,"Contel Technology Co., Ltd.",Common Stock,0.522,deepseek_classify_rename_vs_different_security,pending_deepseek_review,HKEX::01912,HKEX,batch_c_high_value_international
low_name_similarity,P2,02328,HKEX,XHKG,PICC P&C,PICC Property and Casualty Company Limited,Common Stock,0.522,deepseek_classify_rename_vs_different_security,pending_deepseek_review,HKEX::02328,HKEX,batch_c_high_value_international
low_name_similarity,P2,02533,HKEX,XHKG,BLACK SESAME,Black Sesame International Holding Ltd.,Common Stock,0.522,deepseek_classify_rename_vs_different_security,pending_deepseek_review,HKEX::02533,HKEX,batch_c_high_value_international
low_name_similarity,P2,03288,HKEX,XHKG,HAITIAN FLAV,Foshan Haitian Flavouring & Food Co. Ltd.,Common Stock,0.522,deepseek_classify_rename_vs_different_security,pending_deepseek_review,HKEX::03288,HKEX,batch_c_high_value_international
low_name_similarity,P2,08083,HKEX,XHKG,YOUZAN,Youzan Technology Limited,Common Stock,0.522,deepseek_classify_rename_vs_different_security,pending_deepseek_review,HKEX::08083,HKEX,batch_c_high_value_international
low_name_similarity,P2,0NQH,LSE,XLON,Rhoen Klinikum AG,RHÖN-KLINIKUM Aktiengesellschaft,Common Stock,0.522,deepseek_classify_rename_vs_different_security,pending_deepseek_review,LSE::0NQH,LSE,batch_c_high_value_international
low_name_similarity,P2,0NVQ,LSE,XLON,Buzzi Unicem,Buzzi S.p.A.,Common Stock,0.522,deepseek_classify_rename_vs_different_security,pending_deepseek_review,LSE::0NVQ,LSE,batch_c_high_value_international
low_name_similarity,P2,9067,TSE,XJPX,MARUWN CORPORATION,Maruwa Unyu Kikan Co. Ltd.,Common Stock,0.522,deepseek_classify_rename_vs_different_security,pending_deepseek_review,TSE::9067,JPX,batch_c_high_value_international
low_name_similarity,P2,EMAE4,B3,BVMF,EMAE - EMPRESA METROP.AGUAS ENERGIA S.A.,Empresa Metropolitana Eletricidade de São Paulo S.A.,Preferred Stock,0.523,deepseek_classify_rename_vs_different_security,pending_deepseek_review,B3::EMAE4,Bovespa,batch_c_high_value_international
low_name_similarity,P2,HUSC11,B3,BVMF,FDO INV IMOB HOSPITAL UNIMED SUL CAPIXABA,Hospital Unimed Sul Capixaba Fundo de Investimento Imobiliário - FII,REIT,0.523,deepseek_classify_rename_vs_different_security,pending_deepseek_review,B3::HUSC11,Bovespa,batch_c_high_value_international
low_name_similarity,P2,KIVO11,B3,BVMF,KILIMA VOLKANO RECEBÍVEIS IMOB FDO DE INV IMOB,Kilima Vulcano Real Estate Investment Fund,REIT,0.523,deepseek_classify_rename_vs_different_security,pending_deepseek_review,B3::KIVO11,Bovespa,batch_c_high_value_international
low_name_similarity,P2,02593,HKEX,XHKG,HERBS GROUP,Herbs Generation Group Holdings Limited,Common Stock,0.524,deepseek_classify_rename_vs_different_security,pending_deepseek_review,HKEX::02593,HKEX,batch_c_high_value_international
low_name_similarity,P2,SURAJINDPP,BSE_IN,XBOM,Suraj Industries Ltd,Suraj Industries Ltd Partly Paid-up Equity Shares,Common Stock,0.525,deepseek_classify_rename_vs_different_security,pending_deepseek_review,BSE_IN::SURAJINDPP,BSE,batch_c_high_value_international
low_name_similarity,P2,01497,HKEX,XHKG,YAN PALACE,"Xiamen Yan Palace Birds Nest Co., Ltd.",Common Stock,0.526,deepseek_classify_rename_vs_different_security,pending_deepseek_review,HKEX::01497,HKEX,batch_c_high_value_international
low_name_similarity,P2,01553,HKEX,XHKG,MAIKE TUBE,Maike Tube Industry Holdings Limited,Common Stock,0.526,deepseek_classify_rename_vs_different_security,pending_deepseek_review,HKEX::01553,HKEX,batch_c_high_value_international
low_name_similarity,P2,01851,HKEX,XHKG,GINGKO EDU,China Gingko Education Group Ltd.,Common Stock,0.526,deepseek_classify_rename_vs_different_security,pending_deepseek_review,HKEX::01851,HKEX,batch_c_high_value_international
low_name_similarity,P2,02178,HKEX,XHKG,PETRO-KING,Petro-King Oilfield Services Ltd.,Common Stock,0.526,deepseek_classify_rename_vs_different_security,pending_deepseek_review,HKEX::02178,HKEX,batch_c_high_value_international
low_name_similarity,P2,02246,HKEX,XHKG,GOGOX,Gogox Holdings Limited,Common Stock,0.526,deepseek_classify_rename_vs_different_security,pending_deepseek_review,HKEX::02246,HKEX,batch_c_high_value_international
low_name_similarity,P2,02432,HKEX,XHKG,DOBOT,Shenzhen Dobot Corporation Ltd.,Common Stock,0.526,deepseek_classify_rename_vs_different_security,pending_deepseek_review,HKEX::02432,HKEX,batch_c_high_value_international
low_name_similarity,P2,02628,HKEX,XHKG,CHINA LIFE,China Life Insurance Company Limited,Common Stock,0.526,deepseek_classify_rename_vs_different_security,pending_deepseek_review,HKEX::02628,HKEX,batch_c_high_value_international
low_name_similarity,P2,06838,HKEX,XHKG,WINOX,Winox Holdings Ltd.,Common Stock,0.526,deepseek_classify_rename_vs_different_security,pending_deepseek_review,HKEX::06838,HKEX,batch_c_high_value_international
low_name_similarity,P2,4651,TSE,XJPX,SANIX HOLDINGS INCORPORATED,Sanix Inc.,Common Stock,0.526,deepseek_classify_rename_vs_different_security,pending_deepseek_review,TSE::4651,JPX,batch_c_high_value_international
low_name_similarity,P2,PDGR3,B3,BVMF,PDG REALTY S.A. EMPREEND E PARTICIPACOES,PDG Realty S.A.,Common Stock,0.528,deepseek_classify_rename_vs_different_security,pending_deepseek_review,B3::PDGR3,Bovespa,batch_c_high_value_international
low_name_similarity,P2,01123,HKEX,XHKG,CHINA-HK PHOTO,China Hong Kong Photo Products Holdings Limited,Common Stock,0.528,deepseek_classify_rename_vs_different_security,pending_deepseek_review,HKEX::01123,HKEX,batch_c_high_value_international
low_name_similarity,P2,01209,HKEX,XHKG,CHINA RES MIXC,China Resources Mixc Lifestyle Services Ltd.,Common Stock,0.528,deepseek_classify_rename_vs_different_security,pending_deepseek_review,HKEX::01209,HKEX,batch_c_high_value_international
low_name_similarity,P2,02373,HKEX,XHKG,BEAUTYFARM MED,Beauty Farm Medical and Health Industry Inc.,Common Stock,0.528,deepseek_classify_rename_vs_different_security,pending_deepseek_review,HKEX::02373,HKEX,batch_c_high_value_international
low_name_similarity,P2,02560,HKEX,XHKG,CONCH MAT TECH,Anhui Conch Material Technology Company Limited,Common Stock,0.528,deepseek_classify_rename_vs_different_security,pending_deepseek_review,HKEX::02560,HKEX,batch_c_high_value_international
low_name_similarity,P2,06117,HKEX,XHKG,RIZHAO PORT JR,"Rizhao Port Jurong Co., Ltd. Class H Common Stock",Common Stock,0.528,deepseek_classify_rename_vs_different_security,pending_deepseek_review,HKEX::06117,HKEX,batch_c_high_value_international
low_name_similarity,P2,01110,HKEX,XHKG,KINGWORLD,Kingworld Medicines Group Limited,Common Stock,0.529,deepseek_classify_rename_vs_different_security,pending_deepseek_review,HKEX::01110,HKEX,batch_c_high_value_international
low_name_similarity,P2,02195,HKEX,XHKG,UNITY ENT,Unity Enterprise Holdings Ltd.,Common Stock,0.529,deepseek_classify_rename_vs_different_security,pending_deepseek_review,HKEX::02195,HKEX,batch_c_high_value_international
low_name_similarity,P2,02585,HKEX,XHKG,MOKINGRAN,Mokingran Jewellery Group Co. Ltd.,Common Stock,0.529,deepseek_classify_rename_vs_different_security,pending_deepseek_review,HKEX::02585,HKEX,batch_c_high_value_international
low_name_similarity,P2,06938,HKEX,XHKG,RIBOLIFE-B,"Suzhou Ribo Life Science Co., Ltd.",Common Stock,0.529,deepseek_classify_rename_vs_different_security,pending_deepseek_review,HKEX::06938,HKEX,batch_c_high_value_international
low_name_similarity,P2,09II,LSE,XLON,DR ING HC F PORSCHE AG DR. ING. H.C. F. PORSCHE AG INHABER-VOR,Dr. Ing. h.c. F. Porsche Aktiengesellschaft Preference,Preferred Stock,0.529,deepseek_classify_rename_vs_different_security,pending_deepseek_review,LSE::09II,LSE,batch_c_high_value_international
low_name_similarity,P2,0K7V,LSE,XLON,News Corp Cl B,News Corporation Class B Common Stock,Common Stock,0.529,deepseek_classify_rename_vs_different_security,pending_deepseek_review,LSE::0K7V,LSE,batch_c_high_value_international
low_name_similarity,P2,TFW,LSE,AIMX,FW Thorpe PLC,F.W. Thorpe Public Limited Company,Common Stock,0.529,deepseek_classify_rename_vs_different_security,pending_deepseek_review,LSE::TFW,LSE,batch_c_high_value_international
low_name_similarity,P2,KFOF11,B3,BVMF,FUNDO DE FDO INV IMOB KINEA FII RESP LIM,Kinea Fundo de Investimento Imobiliário FOF,REIT,0.53,deepseek_classify_rename_vs_different_security,pending_deepseek_review,B3::KFOF11,Bovespa,batch_c_high_value_international
low_name_similarity,P2,SNCI11,B3,BVMF,SUNO RECEBÍVEIS IMOBILIÁRIOS FII RESP LIM,FII Suno Fundo de Investimento Imobiliário,REIT,0.53,deepseek_classify_rename_vs_different_security,pending_deepseek_review,B3::SNCI11,Bovespa,batch_c_high_value_international
low_name_similarity,P2,VTRU3,B3,BVMF,VITRU EDUCAÇÃO S.A,Vitru Brasil Empreendimentos S.A.,Common Stock,0.531,deepseek_classify_rename_vs_different_security,pending_deepseek_review,B3::VTRU3,Bovespa,batch_c_high_value_international
low_name_similarity,P2,01102,HKEX,XHKG,ENVIRO ENERGY,Enviro Energy International Holdings Limited,Common Stock,0.531,deepseek_classify_rename_vs_different_security,pending_deepseek_review,HKEX::01102,HKEX,batch_c_high_value_international
low_name_similarity,P2,01317,HKEX,XHKG,MAPLELEAF EDU,China Maple Leaf Educational Systems Ltd.,Common Stock,0.531,deepseek_classify_rename_vs_different_security,pending_deepseek_review,HKEX::01317,HKEX,batch_c_high_value_international
low_name_similarity,P2,01803,HKEX,XHKG,BJ SPORTS & ENT,Beijing Sports and Entertainment Industry Group Limited,Common Stock,0.531,deepseek_classify_rename_vs_different_security,pending_deepseek_review,HKEX::01803,HKEX,batch_c_high_value_international
low_name_similarity,P2,01883,HKEX,XHKG,CITIC TELECOM,Citic Telecom International Holdings Ltd.,Common Stock,0.531,deepseek_classify_rename_vs_different_security,pending_deepseek_review,HKEX::01883,HKEX,batch_c_high_value_international
low_name_similarity,P2,01901,HKEX,XHKG,FEIYANG GROUP,Feiyang International Holdings Group Ltd.,Common Stock,0.531,deepseek_classify_rename_vs_different_security,pending_deepseek_review,HKEX::01901,HKEX,batch_c_high_value_international
low_name_similarity,P2,02188,HKEX,XHKG,TITANS ENERGY,"China Titans Energy Technology Group Co., Ltd.",Common Stock,0.531,deepseek_classify_rename_vs_different_security,pending_deepseek_review,HKEX::02188,HKEX,batch_c_high_value_international
low_name_similarity,P2,03623,HKEX,XHKG,C SUCCESS FIN,China Success Finance Group Holdings Ltd.,Common Stock,0.531,deepseek_classify_rename_vs_different_security,pending_deepseek_review,HKEX::03623,HKEX,batch_c_high_value_international
low_name_similarity,P2,06893,HKEX,XHKG,HINSANG GROUP,Hin Sang Group International Holding Co. Ltd.,Common Stock,0.531,deepseek_classify_rename_vs_different_security,pending_deepseek_review,HKEX::06893,HKEX,batch_c_high_value_international
low_name_similarity,P2,01080,HKEX,XHKG,SHENGLI PIPE,Shengli Oil & Gas Pipe Holdings Ltd.,Common Stock,0.533,deepseek_classify_rename_vs_different_security,pending_deepseek_review,HKEX::01080,HKEX,batch_c_high_value_international
low_name_similarity,P2,01593,HKEX,XHKG,CHEN LIN EDU,Chen Lin Education Group Holdings Ltd.,Common Stock,0.533,deepseek_classify_rename_vs_different_security,pending_deepseek_review,HKEX::01593,HKEX,batch_c_high_value_international
low_name_similarity,P2,02392,HKEX,XHKG,XUANWU CLOUD,Xuan Wu Cloud Technology Holdings Limited,Common Stock,0.533,deepseek_classify_rename_vs_different_security,pending_deepseek_review,HKEX::02392,HKEX,batch_c_high_value_international
low_name_similarity,P2,02566,HKEX,XHKG,JIUYUAN GENE,"Hangzhou Jiuyuan Gene Engineering Co., Ltd.",Common Stock,0.533,deepseek_classify_rename_vs_different_security,pending_deepseek_review,HKEX::02566,HKEX,batch_c_high_value_international
low_name_similarity,P2,02726,HKEX,XHKG,EPIWORLD,"Epiworld International Co., Ltd.",Common Stock,0.533,deepseek_classify_rename_vs_different_security,pending_deepseek_review,HKEX::02726,HKEX,batch_c_high_value_international
low_name_similarity,P2,02729,HKEX,XHKG,GALAXIS TECH,"Zhejiang Galaxis Technology Group Co., Ltd.",Common Stock,0.533,deepseek_classify_rename_vs_different_security,pending_deepseek_review,HKEX::02729,HKEX,batch_c_high_value_international
low_name_similarity,P2,03306,HKEX,XHKG,JNBY,Jnby Design Ltd.,Common Stock,0.533,deepseek_classify_rename_vs_different_security,pending_deepseek_review,HKEX::03306,HKEX,batch_c_high_value_international
low_name_similarity,P2,03328,HKEX,XHKG,BANKCOMM,"Bank of Communications Co., Ltd.",Common Stock,0.533,deepseek_classify_rename_vs_different_security,pending_deepseek_review,HKEX::03328,HKEX,batch_c_high_value_international
low_name_similarity,P2,09639,HKEX,XHKG,WING LEE DEV,Wing Lee Development Construction Ltd.,Common Stock,0.533,deepseek_classify_rename_vs_different_security,pending_deepseek_review,HKEX::09639,HKEX,batch_c_high_value_international
low_name_similarity,P2,09678,HKEX,XHKG,UNISOUND,"Unisound AI Technology Co., Ltd.",Common Stock,0.533,deepseek_classify_rename_vs_different_security,pending_deepseek_review,HKEX::09678,HKEX,batch_c_high_value_international
low_name_similarity,P2,09985,HKEX,XHKG,WL DELICIOUS,Weilong Delicious Global Holdings Ltd,Common Stock,0.533,deepseek_classify_rename_vs_different_security,pending_deepseek_review,HKEX::09985,HKEX,batch_c_high_value_international
low_name_similarity,P2,0K9E,LSE,XLON,Novartis AG,Novartis AG Sponsored ADR,American Depositary Receipt,0.533,deepseek_classify_rename_vs_different_security,pending_deepseek_review,LSE::0K9E,LSE,batch_c_high_value_international
low_name_similarity,P2,TGAR11,B3,BVMF,FDO INV IMOB TG ATIVO REAL RESP LIM,FII TG Ativo Real Fundo de Investimento Imobiliário,REIT,0.535,deepseek_classify_rename_vs_different_security,pending_deepseek_review,B3::TGAR11,Bovespa,batch_c_high_value_international
low_name_similarity,P2,ZIFI11,B3,BVMF,ZION CAPITAL FII RESP LIM,Zion Capital Fundo de Investimento Imobiliário,REIT,0.535,deepseek_classify_rename_vs_different_security,pending_deepseek_review,B3::ZIFI11,Bovespa,batch_c_high_value_international
low_name_similarity,P2,MC2,ASX,XASX,MARIMACA COPPER CORP.,Marimaca Copper Corp. CHESS Depositary Interest,Depositary Receipt,0.536,deepseek_classify_rename_vs_different_security,pending_deepseek_review,ASX::MC2,ASX,batch_c_high_value_international
low_name_similarity,P2,RZTR11,B3,BVMF,FUNDO DE INVEST IMOB RIZA TERRAX RESP LIM,FII Riza Terrax,REIT,0.536,deepseek_classify_rename_vs_different_security,pending_deepseek_review,B3::RZTR11,Bovespa,batch_c_high_value_international
low_name_similarity,P2,01393,HKEX,XHKG,HIDILI INDUSTRY,Hidili Industry International Development Limited,Common Stock,0.536,deepseek_classify_rename_vs_different_security,pending_deepseek_review,HKEX::01393,HKEX,batch_c_high_value_international
low_name_similarity,P2,03858,HKEX,XHKG,JIAXIN INTL RES,Jiaxin International Resources Investment Limited,Common Stock,0.536,deepseek_classify_rename_vs_different_security,pending_deepseek_review,HKEX::03858,HKEX,batch_c_high_value_international
low_name_similarity,P2,01094,HKEX,XHKG,CHERISH SUN,Cherish Sunshine International Ltd.,Common Stock,0.537,deepseek_classify_rename_vs_different_security,pending_deepseek_review,HKEX::01094,HKEX,batch_c_high_value_international
low_name_similarity,P2,02429,HKEX,XHKG,UBOX ONLINE,Beijing Ubox Online Technology Corp.,Common Stock,0.537,deepseek_classify_rename_vs_different_security,pending_deepseek_review,HKEX::02429,HKEX,batch_c_high_value_international
low_name_similarity,P2,08206,HKEX,XHKG,S ROBOT EDU,Shentong Robot Education Group Limited,Common Stock,0.537,deepseek_classify_rename_vs_different_security,pending_deepseek_review,HKEX::08206,HKEX,batch_c_high_value_international
low_name_similarity,P2,09881,HKEX,XHKG,RONGTA TECH,Rongta Technology Xiamen Group Co. Ltd.,Common Stock,0.537,deepseek_classify_rename_vs_different_security,pending_deepseek_review,HKEX::09881,HKEX,batch_c_high_value_international
low_name_similarity,P2,0MKO,LSE,XLON,Melia Hotels,"Meliá Hotels International, S.A.",Common Stock,0.537,deepseek_classify_rename_vs_different_security,pending_deepseek_review,LSE::0MKO,LSE,batch_c_high_value_international
low_name_similarity,P2,ETL,LSE,XLON,Eutelsat Group,Eutelsat Communications S.A.,Common Stock,0.537,deepseek_classify_rename_vs_different_security,pending_deepseek_review,LSE::ETL,LSE,batch_c_high_value_international
low_name_similarity,P2,01993,HKEX,XHKG,ASIARAY,Asiaray Media Group Limited,Common Stock,0.538,deepseek_classify_rename_vs_different_security,pending_deepseek_review,HKEX::01993,HKEX,batch_c_high_value_international
low_name_similarity,P2,80291,HKEX,XHKG,CHINARES BEER-R,China Resources Beer Holdings Company Limited,Common Stock,0.538,deepseek_classify_rename_vs_different_security,pending_deepseek_review,HKEX::80291,HKEX,batch_c_high_value_international
low_name_similarity,P2,FLRP11,B3,BVMF,HEDGE FLORIPA SHOPPING FII RESP LIM,Floripa Shopping Fundo de Investimento Imobiliário FII,REIT,0.539,deepseek_classify_rename_vs_different_security,pending_deepseek_review,B3::FLRP11,Bovespa,batch_c_high_value_international
low_name_similarity,P2,MIDW11,B3,BVMF,MIDWAY MALL FUNDO DE INVESTIMENTO IMOBILIÁRIO,Midway Mall FII RL,REIT,0.54,deepseek_classify_rename_vs_different_security,pending_deepseek_review,B3::MIDW11,Bovespa,batch_c_high_value_international
low_name_similarity,P2,APXM11,B3,BVMF,APEX MALLS - FII RESP LIM,FII Apex Malls,REIT,0.541,deepseek_classify_rename_vs_different_security,pending_deepseek_review,B3::APXM11,Bovespa,batch_c_high_value_international
low_name_similarity,P2,01240,HKEX,XHKG,CNQC INT'L,Cnqc International Holdings Limited,Common Stock,0.541,deepseek_classify_rename_vs_different_security,pending_deepseek_review,HKEX::01240,HKEX,batch_c_high_value_international
low_name_similarity,P2,01368,HKEX,XHKG,XTEP INT'L,Xtep International Holdings Limited,Common Stock,0.541,deepseek_classify_rename_vs_different_security,pending_deepseek_review,HKEX::01368,HKEX,batch_c_high_value_international
low_name_similarity,P2,01579,HKEX,XHKG,YIHAI INTL,Yihai International Holding Ltd.,Common Stock,0.541,deepseek_classify_rename_vs_different_security,pending_deepseek_review,HKEX::01579,HKEX,batch_c_high_value_international
low_name_similarity,P2,01877,HKEX,XHKG,JUNSHI BIO,"Shanghai Junshi Biosciences Co., Ltd.",Common Stock,0.541,deepseek_classify_rename_vs_different_security,pending_deepseek_review,HKEX::01877,HKEX,batch_c_high_value_international
low_name_similarity,P2,01906,HKEX,XHKG,BONNY HLDG,Bonny International Holding Ltd.,Common Stock,0.541,deepseek_classify_rename_vs_different_security,pending_deepseek_review,HKEX::01906,HKEX,batch_c_high_value_international
low_name_similarity,P2,02197,HKEX,XHKG,CLOVER BIO-B,Clover Biopharmaceuticals Ltd.,Common Stock,0.541,deepseek_classify_rename_vs_different_security,pending_deepseek_review,HKEX::02197,HKEX,batch_c_high_value_international
low_name_similarity,P2,02575,HKEX,XHKG,XUANZHUBIO-B,"Xuanzhu Biopharmaceutical Co., Ltd.",Common Stock,0.541,deepseek_classify_rename_vs_different_security,pending_deepseek_review,HKEX::02575,HKEX,batch_c_high_value_international
low_name_similarity,P2,02613,HKEX,XHKG,CONTIOCEAN,"ContiOcean Environment Tech. Co., Ltd.",Common Stock,0.541,deepseek_classify_rename_vs_different_security,pending_deepseek_review,HKEX::02613,HKEX,batch_c_high_value_international
low_name_similarity,P2,06922,HKEX,XHKG,CRYOFOCUS-B,"Cryofocus Medtech (Shanghai) Co., Ltd.",Common Stock,0.541,deepseek_classify_rename_vs_different_security,pending_deepseek_review,HKEX::06922,HKEX,batch_c_high_value_international
low_name_similarity,P2,08423,HKEX,XHKG,CHI HO DEV,Chi Ho Development Holdings Limited,Common Stock,0.541,deepseek_classify_rename_vs_different_security,pending_deepseek_review,HKEX::08423,HKEX,batch_c_high_value_international
low_name_similarity,P2,0CIH,LSE,XLON,RAISIO OYJ RAISIO K ORD SHS,Raisio Oyj,Common Stock,0.541,deepseek_classify_rename_vs_different_security,pending_deepseek_review,LSE::0CIH,LSE,batch_c_high_value_international
low_name_similarity,P2,0R6Y,LSE,XLON,Nordic Nanovector ASA,Thor Medical ASA,Common Stock,0.541,deepseek_classify_rename_vs_different_security,pending_deepseek_review,LSE::0R6Y,LSE,batch_c_high_value_international
low_name_similarity,P2,FIVN11,B3,BVMF,FDO INV IMOB VIDA NOVA - FII RESP LIM,FII Vida Nova,REIT,0.542,deepseek_classify_rename_vs_different_security,pending_deepseek_review,B3::FIVN11,Bovespa,batch_c_high_value_international
low_name_similarity,P2,01130,HKEX,XHKG,CHINA ENV RES,China Environmental Resources Group Limited,Common Stock,0.542,deepseek_classify_rename_vs_different_security,pending_deepseek_review,HKEX::01130,HKEX,batch_c_high_value_international
low_name_similarity,P2,0RQC,LSE,XLON,Essity AB Series A,Essity Aktiebolag (publ) Class A,Common Stock,0.542,deepseek_classify_rename_vs_different_security,pending_deepseek_review,LSE::0RQC,LSE,batch_c_high_value_international
low_name_similarity,P2,SPXS11,B3,BVMF,FII – SPX REAL ESTATE MULTIESTRATÉGIA,FII SPX Synthetic Multi Market Fund,REIT,0.543,deepseek_classify_rename_vs_different_security,pending_deepseek_review,B3::SPXS11,Bovespa,batch_c_high_value_international
low_name_similarity,P2,BWRA,LSE,XLON,Bristol Water Holdings UK Limited 8.75% CUM IRRD PRF GBP1,Bristol Water Plc 8.75% Perpetual Preferred Stock,Preferred Stock,0.543,deepseek_classify_rename_vs_different_security,pending_deepseek_review,LSE::BWRA,LSE,batch_c_high_value_international
low_name_similarity,P2,BPML11,B3,BVMF,FII BTG PACTUAL SHOPPINGS RESP LIM,BTG Pactual Shopping Fundo de Investimento Imobiliário,REIT,0.545,deepseek_classify_rename_vs_different_security,pending_deepseek_review,B3::BPML11,Bovespa,batch_c_high_value_international
low_name_similarity,P2,BVAR11,B3,BVMF,BRASIL VAREJO - FII RESP LIM,Brasil Varejo Fundo de Investimento Imobiliário - FII,REIT,0.545,deepseek_classify_rename_vs_different_security,pending_deepseek_review,B3::BVAR11,Bovespa,batch_c_high_value_international
low_name_similarity,P2,HETA4,B3,BVMF,HERCULES S.A. FABRICA DE TALHERES,Hercules S.A.,Preferred Stock,0.545,deepseek_classify_rename_vs_different_security,pending_deepseek_review,B3::HETA4,Bovespa,batch_c_high_value_international
low_name_similarity,P2,INLG11,B3,BVMF,INTER LOGÍSTICO FII RESP LIM,Inter Logistico Fundo de Investimento Imobiliário,REIT,0.545,deepseek_classify_rename_vs_different_security,pending_deepseek_review,B3::INLG11,Bovespa,batch_c_high_value_international
low_name_similarity,P2,MAXR11,B3,BVMF,FDO INV IMOB - FII MAX RETAIL RESP LIM,FII Max Retail Fund,REIT,0.545,deepseek_classify_rename_vs_different_security,pending_deepseek_review,B3::MAXR11,Bovespa,batch_c_high_value_international
low_name_similarity,P2,VINO11,B3,BVMF,VINCI OFFICES FII RESP LIM,Vinci Offices Fundo de Investimento Imobiliário - FII,REIT,0.545,deepseek_classify_rename_vs_different_security,pending_deepseek_review,B3::VINO11,Bovespa,batch_c_high_value_international
low_name_similarity,P2,01073,HKEX,XHKG,DA YU FIN,Da Yu Financial Holdings Ltd.,Common Stock,0.545,deepseek_classify_rename_vs_different_security,pending_deepseek_review,HKEX::01073,HKEX,batch_c_high_value_international
low_name_similarity,P2,01079,HKEX,XHKG,PINE TECH,Pine Technology Holdings Ltd.,Common Stock,0.545,deepseek_classify_rename_vs_different_security,pending_deepseek_review,HKEX::01079,HKEX,batch_c_high_value_international
low_name_similarity,P2,01335,HKEX,XHKG,SHEEN TAI,"Sheen Tai Holdings Group Co., Ltd.",Common Stock,0.545,deepseek_classify_rename_vs_different_security,pending_deepseek_review,HKEX::01335,HKEX,batch_c_high_value_international
low_name_similarity,P2,01448,HKEX,XHKG,FU SHOU YUAN,Fu Shou Yuan International Group Ltd.,Common Stock,0.545,deepseek_classify_rename_vs_different_security,pending_deepseek_review,HKEX::01448,HKEX,batch_c_high_value_international
low_name_similarity,P2,01629,HKEX,XHKG,CHAMP ALLI INTL,Champion Alliance International Holdings Ltd.,Common Stock,0.545,deepseek_classify_rename_vs_different_security,pending_deepseek_review,HKEX::01629,HKEX,batch_c_high_value_international
low_name_similarity,P2,01745,HKEX,XHKG,LVJI TECH,Lvji Technology Holdings Inc.,Common Stock,0.545,deepseek_classify_rename_vs_different_security,pending_deepseek_review,HKEX::01745,HKEX,batch_c_high_value_international
low_name_similarity,P2,02126,HKEX,XHKG,JW THERAP-B,JW (Cayman) Therapeutics Co. Ltd.,Common Stock,0.545,deepseek_classify_rename_vs_different_security,pending_deepseek_review,HKEX::02126,HKEX,batch_c_high_value_international
low_name_similarity,P2,02137,HKEX,XHKG,BRII-B,Brii Biosciences Ltd.,Common Stock,0.545,deepseek_classify_rename_vs_different_security,pending_deepseek_review,HKEX::02137,HKEX,batch_c_high_value_international
low_name_similarity,P2,02170,HKEX,XHKG,BASECARE-B,Suzhou Basecare Medical Corp. Ltd.,Common Stock,0.545,deepseek_classify_rename_vs_different_security,pending_deepseek_review,HKEX::02170,HKEX,batch_c_high_value_international
low_name_similarity,P2,02262,HKEX,XHKG,SLD GROUP,Steve Leung Design Group Ltd.,Common Stock,0.545,deepseek_classify_rename_vs_different_security,pending_deepseek_review,HKEX::02262,HKEX,batch_c_high_value_international
low_name_similarity,P2,02569,HKEX,XHKG,SOFT INTL,Soft International Group Ltd.,Common Stock,0.545,deepseek_classify_rename_vs_different_security,pending_deepseek_review,HKEX::02569,HKEX,batch_c_high_value_international
low_name_similarity,P2,02589,HKEX,XHKG,AUNTEA JENNY,"Auntea Jenny (Shanghai) Industrial Co., Ltd.",Common Stock,0.545,deepseek_classify_rename_vs_different_security,pending_deepseek_review,HKEX::02589,HKEX,batch_c_high_value_international
low_name_similarity,P2,02610,HKEX,XHKG,NANSHAN AL INTL,Nanshan Aluminium International Holdings Limited,Common Stock,0.545,deepseek_classify_rename_vs_different_security,pending_deepseek_review,HKEX::02610,HKEX,batch_c_high_value_international
low_name_similarity,P2,08178,HKEX,XHKG,CHINA INFO TECH,China Information Technology Development Ltd.,Common Stock,0.545,deepseek_classify_rename_vs_different_security,pending_deepseek_review,HKEX::08178,HKEX,batch_c_high_value_international
low_name_similarity,P2,08445,HKEX,XHKG,NOBLE ENG GP,Noble Engineering Group Holdings Ltd.,Common Stock,0.545,deepseek_classify_rename_vs_different_security,pending_deepseek_review,HKEX::08445,HKEX,batch_c_high_value_international
low_name_similarity,P2,09618,HKEX,XHKG,JD-SW,"JD.com, Inc.",Common Stock,0.545,deepseek_classify_rename_vs_different_security,pending_deepseek_review,HKEX::09618,HKEX,batch_c_high_value_international
low_name_similarity,P2,54GW,LSE,XLON,"FULLER,SMITH & TURNER PLC 8% 2ND CUM PRF #1",Fuller Smith & Turner Preferred Stock Series A 8% Perpetual,Preferred Stock,0.545,deepseek_classify_rename_vs_different_security,pending_deepseek_review,LSE::54GW,LSE,batch_c_high_value_international
low_name_similarity,P2,FAMB11,B3,BVMF,FII EDIF. ALMIRANTE BARROSO RESP LIM,Fundo de Investimento Imobiliário Edifício Almirante Barroso,REIT,0.547,deepseek_classify_rename_vs_different_security,pending_deepseek_review,B3::FAMB11,Bovespa,batch_c_high_value_international
low_name_similarity,P2,XPCI11,B3,BVMF,XP CREDITO IMOBILIÁRIO - FII RESP LIM,XP Credito Imobiliario Fundo de Investimento Imobiliario - FII,REIT,0.547,deepseek_classify_rename_vs_different_security,pending_deepseek_review,B3::XPCI11,Bovespa,batch_c_high_value_international
low_name_similarity,P2,01182,HKEX,XHKG,SUCCESS DRAGON,Success Dragon International Holdings Ltd.,Common Stock,0.549,deepseek_classify_rename_vs_different_security,pending_deepseek_review,HKEX::01182,HKEX,batch_c_high_value_international
low_name_similarity,P2,01522,HKEX,XHKG,BII TRANS TECH,BII Railway Transportation Technology Inc.,Common Stock,0.549,deepseek_classify_rename_vs_different_security,pending_deepseek_review,HKEX::01522,HKEX,batch_c_high_value_international
low_name_similarity,P2,01871,HKEX,XHKG,CHINA ORIENTED,China Oriented International Holdings Ltd.,Common Stock,0.549,deepseek_classify_rename_vs_different_security,pending_deepseek_review,HKEX::01871,HKEX,batch_c_high_value_international
low_name_similarity,P2,02199,HKEX,XHKG,REGINA MIRACLE,Regina Miracle International Holdings Ltd.,Common Stock,0.549,deepseek_classify_rename_vs_different_security,pending_deepseek_review,HKEX::02199,HKEX,batch_c_high_value_international
low_name_similarity,P2,09903,HKEX,XHKG,ILUVATAR COREX,"Shanghai Iluvatar CoreX Semiconductor Co., Ltd.",Common Stock,0.549,deepseek_classify_rename_vs_different_security,pending_deepseek_review,HKEX::09903,HKEX,batch_c_high_value_international
low_name_similarity,P2,09979,HKEX,XHKG,GREENTOWN MGMT,Greentown Management Holdings Company Limited,Common Stock,0.549,deepseek_classify_rename_vs_different_security,pending_deepseek_review,HKEX::09979,HKEX,batch_c_high_value_international
low_name_similarity,P2,50765,TSE,XJPX,Series 1 Bond-Type Class Shares of INFRONEER Holdings Inc.,Infroneer Holdings Inc. Series 1 Bond-Type Class Preferred Shares,Preferred Stock,0.549,deepseek_classify_rename_vs_different_security,pending_deepseek_review,TSE::50765,JPX,batch_c_high_value_international
low_name_similarity,P2,MPFSL,BSE_IN,XBOM,MPF Systems Ltd,Mather & Platt Fire Systems Limited,Common Stock,0.55,deepseek_classify_rename_vs_different_security,pending_deepseek_review,BSE_IN::MPFSL,BSE,batch_c_high_value_international
low_name_similarity,P2,02577,HKEX,XHKG,INNOSCIENCE,"InnoScience Suzhou Technology Co., Ltd.",Common Stock,0.55,deepseek_classify_rename_vs_different_security,pending_deepseek_review,HKEX::02577,HKEX,batch_c_high_value_international
low_name_similarity,P2,02738,HKEX,XHKG,HUAJIN INTL,Huajin International Holdings Ltd.,Common Stock,0.55,deepseek_classify_rename_vs_different_security,pending_deepseek_review,HKEX::02738,HKEX,batch_c_high_value_international
low_name_similarity,P2,06828,HKEX,XHKG,BG BLUE SKY,Beijing Gas Blue Sky Holdings Limited,Common Stock,0.55,deepseek_classify_rename_vs_different_security,pending_deepseek_review,HKEX::06828,HKEX,batch_c_high_value_international
low_name_similarity,P2,06969,HKEX,XHKG,SMOORE INTL,Smoore International Holdings Limited,Common Stock,0.55,deepseek_classify_rename_vs_different_security,pending_deepseek_review,HKEX::06969,HKEX,batch_c_high_value_international
low_name_similarity,P2,08629,HKEX,XHKG,SYNTRUST GK,"Guangdong Syntrust Gk Testing Co., Ltd.",Common Stock,0.55,deepseek_classify_rename_vs_different_security,pending_deepseek_review,HKEX::08629,HKEX,batch_c_high_value_international
low_name_similarity,P2,0MG2,LSE,XLON,Heidelbergcement AG O.N.,Heidelberg Materials AG,Common Stock,0.55,deepseek_classify_rename_vs_different_security,pending_deepseek_review,LSE::0MG2,LSE,batch_c_high_value_international
low_name_similarity,P2,0MHZ,LSE,XLON,SSAB AB ser. B,SSAB AB (publ) Class B shares,Common Stock,0.55,deepseek_classify_rename_vs_different_security,pending_deepseek_review,LSE::0MHZ,LSE,batch_c_high_value_international
low_name_similarity,P2,BRCO11,B3,BVMF,BRESCO LOGÍSTICA - FDO INV IMOB,Bresco Fundo de Investimento Imobiliário,REIT,0.551,deepseek_classify_rename_vs_different_security,pending_deepseek_review,B3::BRCO11,Bovespa,batch_c_high_value_international
low_name_similarity,P2,LNW,ASX,XASX,LIGHT & WONDER INC.,"Light & Wonder, Inc. Chess Depositary Interest",Depositary Receipt,0.552,deepseek_classify_rename_vs_different_security,pending_deepseek_review,ASX::LNW,ASX,batch_c_high_value_international
low_name_similarity,P2,XPIN11,B3,BVMF,XP INDUSTRIAL FDO INV IMOB - FII,XP Industria FII Mutual Fund,REIT,0.552,deepseek_classify_rename_vs_different_security,pending_deepseek_review,B3::XPIN11,Bovespa,batch_c_high_value_international
low_name_similarity,P2,VIRAT,BSE_IN,XBOM,Virat Industries Ltd,Virat Leasing Ltd.,Common Stock,0.552,deepseek_classify_rename_vs_different_security,pending_deepseek_review,BSE_IN::VIRAT,BSE,batch_c_high_value_international
low_name_similarity,P2,01971,HKEX,XHKG,RSUN SER,Redsun Services Group Ltd.,Common Stock,0.552,deepseek_classify_rename_vs_different_security,pending_deepseek_review,HKEX::01971,HKEX,batch_c_high_value_international
low_name_similarity,P2,02269,HKEX,XHKG,WUXI BIO,Wuxi Biologics (Cayman) Inc.,Common Stock,0.552,deepseek_classify_rename_vs_different_security,pending_deepseek_review,HKEX::02269,HKEX,batch_c_high_value_international
low_name_similarity,P2,06818,HKEX,XHKG,CEB BANK,"China Everbright Bank Co., Ltd.",Common Stock,0.552,deepseek_classify_rename_vs_different_security,pending_deepseek_review,HKEX::06818,HKEX,batch_c_high_value_international
low_name_similarity,P2,0RHM,LSE,XLON,TF Bank AB,Avarda Bank AB (publ),Common Stock,0.552,deepseek_classify_rename_vs_different_security,pending_deepseek_review,LSE::0RHM,LSE,batch_c_high_value_international
low_name_similarity,P2,76ID,LSE,XLON,ROTORK PLC 9 1/2% CUM PRF #1,Rotork PLC 9.5% Perpetual Preferred Stock,Preferred Stock,0.552,deepseek_classify_rename_vs_different_security,pending_deepseek_review,LSE::76ID,LSE,batch_c_high_value_international
low_name_similarity,P2,7928,TSE,XJPX,"ASAHI KAGAKU KOGYO CO.,LTD.",Asahi Kasei Corp.,Common Stock,0.552,deepseek_classify_rename_vs_different_security,pending_deepseek_review,TSE::7928,JPX,batch_c_high_value_international
low_name_similarity,P2,CEGR3,B3,BVMF,CIA DISTRIB DE GAS DO RIO DE JANEIRO-CEG,CIA Distribuidora de Gás Natural S.A.,Common Stock,0.553,deepseek_classify_rename_vs_different_security,pending_deepseek_review,B3::CEGR3,Bovespa,batch_c_high_value_international
low_name_similarity,P2,01226,HKEX,XHKG,CH INV FIN GP,China Investment & Finance Group Ltd.,Common Stock,0.553,deepseek_classify_rename_vs_different_security,pending_deepseek_review,HKEX::01226,HKEX,batch_c_high_value_international
low_name_similarity,P2,01598,HKEX,XHKG,21CENTURY EDU,China 21st Century Education Group Limited,Common Stock,0.553,deepseek_classify_rename_vs_different_security,pending_deepseek_review,HKEX::01598,HKEX,batch_c_high_value_international
low_name_similarity,P2,02099,HKEX,XHKG,CHINAGOLDINTL,China Gold International Resources Corp. Ltd.,Common Stock,0.553,deepseek_classify_rename_vs_different_security,pending_deepseek_review,HKEX::02099,HKEX,batch_c_high_value_international
low_name_similarity,P2,02393,HKEX,XHKG,YESTAR HEALTH,Yestar Healthcare Holdings Company Limited,Common Stock,0.553,deepseek_classify_rename_vs_different_security,pending_deepseek_review,HKEX::02393,HKEX,batch_c_high_value_international
low_name_similarity,P2,03839,HKEX,XHKG,CT ENTERPRISE,Chia Tai Enterprises International Ltd.,Common Stock,0.553,deepseek_classify_rename_vs_different_security,pending_deepseek_review,HKEX::03839,HKEX,batch_c_high_value_international
low_name_similarity,P2,03963,HKEX,XHKG,RONGZHONG FIN,China Rongzhong Financial Holdings Ltd.,Common Stock,0.553,deepseek_classify_rename_vs_different_security,pending_deepseek_review,HKEX::03963,HKEX,batch_c_high_value_international
low_name_similarity,P2,08426,HKEX,XHKG,MODERN LIVING,Modern Living Investments Holdings Ltd.,Common Stock,0.553,deepseek_classify_rename_vs_different_security,pending_deepseek_review,HKEX::08426,HKEX,batch_c_high_value_international
low_name_similarity,P2,EDFO11,B3,BVMF,FII EDIFÍCIO OURINVEST RESP LIM,Edificio Ourinvest Fundo de Investimento Imobiliário,REIT,0.554,deepseek_classify_rename_vs_different_security,pending_deepseek_review,B3::EDFO11,Bovespa,batch_c_high_value_international
low_name_similarity,P2,DOHL4,B3,BVMF,DOHLER S.A.,Dohler S.A. Preferred Stock,Preferred Stock,0.556,deepseek_classify_rename_vs_different_security,pending_deepseek_review,B3::DOHL4,Bovespa,batch_c_high_value_international
low_name_similarity,P2,DMR,BSE_IN,XBOM,DMR Engineering Ltd,DMR Hydroengineering & Infrastructure Ltd.,Common Stock,0.556,deepseek_classify_rename_vs_different_security,pending_deepseek_review,BSE_IN::DMR,BSE,batch_c_high_value_international
low_name_similarity,P2,01228,HKEX,XHKG,CANBRIDGE-B,Canbridge Pharmaceuticals Inc.,Common Stock,0.556,deepseek_classify_rename_vs_different_security,pending_deepseek_review,HKEX::01228,HKEX,batch_c_high_value_international
low_name_similarity,P2,01597,HKEX,XHKG,NATURE ENERGY T,China Nature Energy Technology Holdings Limited,Common Stock,0.556,deepseek_classify_rename_vs_different_security,pending_deepseek_review,HKEX::01597,HKEX,batch_c_high_value_international
low_name_similarity,P2,02386,HKEX,XHKG,SINOPEC SEG,Sinopec Engineering Group Co. Ltd.,Common Stock,0.556,deepseek_classify_rename_vs_different_security,pending_deepseek_review,HKEX::02386,HKEX,batch_c_high_value_international
low_name_similarity,P2,02450,HKEX,XHKG,HUAIBEI GD CO,"Huaibei Greengold Industry Co., Ltd.",Common Stock,0.556,deepseek_classify_rename_vs_different_security,pending_deepseek_review,HKEX::02450,HKEX,batch_c_high_value_international
low_name_similarity,P2,02596,HKEX,XHKG,YIBIN BANK,"Yibin City Commercial Bank Co., Ltd.",Common Stock,0.556,deepseek_classify_rename_vs_different_security,pending_deepseek_review,HKEX::02596,HKEX,batch_c_high_value_international
low_name_similarity,P2,02683,HKEX,XHKG,WAHSUN HANDBAGS,Wah Sun Handbags International Holdings Limited,Common Stock,0.556,deepseek_classify_rename_vs_different_security,pending_deepseek_review,HKEX::02683,HKEX,batch_c_high_value_international
low_name_similarity,P2,06133,HKEX,XHKG,VITAL INNO,Vital Innovations Holdings Ltd.,Common Stock,0.556,deepseek_classify_rename_vs_different_security,pending_deepseek_review,HKEX::06133,HKEX,batch_c_high_value_international
low_name_similarity,P2,06623,HKEX,XHKG,LUFAX,Lufax Holding Ltd.,Common Stock,0.556,deepseek_classify_rename_vs_different_security,pending_deepseek_review,HKEX::06623,HKEX,batch_c_high_value_international
low_name_similarity,P2,09698,HKEX,XHKG,GDS-SW,GDS Holdings Ltd.,Common Stock,0.556,deepseek_classify_rename_vs_different_security,pending_deepseek_review,HKEX::09698,HKEX,batch_c_high_value_international
low_name_similarity,P2,RICO,LSE,XLON,Ricoh Co. Ltd.,"Ricoh Company, Ltd.",Common Stock,0.556,deepseek_classify_rename_vs_different_security,pending_deepseek_review,LSE::RICO,LSE,batch_c_high_value_international
low_name_similarity,P2,220A,TSE,XJPX,Faber Company Inc.,Faber Co Inc.,Common Stock,0.556,deepseek_classify_rename_vs_different_security,pending_deepseek_review,TSE::220A,JPX,batch_c_high_value_international
low_name_similarity,P2,2435,TSE,XJPX,"CEDAR.Co.,Ltd",Cedar Company Ltd.,Common Stock,0.556,deepseek_classify_rename_vs_different_security,pending_deepseek_review,TSE::2435,JPX,batch_c_high_value_international
low_name_similarity,P2,3452,TSE,XJPX,B-Lot Company Limited,"B-Lot Co., Ltd.",Common Stock,0.556,deepseek_classify_rename_vs_different_security,pending_deepseek_review,TSE::3452,JPX,batch_c_high_value_international
low_name_similarity,P2,4061,TSE,XJPX,Denka Company Limited,"Denka Co., Ltd.",Common Stock,0.556,deepseek_classify_rename_vs_different_security,pending_deepseek_review,TSE::4061,JPX,batch_c_high_value_international
low_name_similarity,P2,6837,TSE,XJPX,"KYOSHA CO.,LTD.","Kyoei Sangyo Co., Ltd.",Common Stock,0.556,deepseek_classify_rename_vs_different_security,pending_deepseek_review,TSE::6837,JPX,batch_c_high_value_international
low_name_similarity,P2,PATL11,B3,BVMF,PÁTRIA LOGÍSTICA FII RESP LIM,Patria Logística Fundo de Investimento Imobiliário,REIT,0.557,deepseek_classify_rename_vs_different_security,pending_deepseek_review,B3::PATL11,Bovespa,batch_c_high_value_international
low_name_similarity,P2,VIUR11,B3,BVMF,VINCI IMÓVEIS URBANOS FII RESP LIM,Vinci Infraestrutura FIA-IE,REIT,0.557,deepseek_classify_rename_vs_different_security,pending_deepseek_review,B3::VIUR11,Bovespa,batch_c_high_value_international
low_name_similarity,P2,PINE4,B3,BVMF,BCO PINE S.A.,Banco Pine S.A. Preferred Shares,Preferred Stock,0.558,deepseek_classify_rename_vs_different_security,pending_deepseek_review,B3::PINE4,Bovespa,batch_c_high_value_international
low_name_similarity,P2,03798,HKEX,XHKG,HOMELAND ITL,Homeland Interactive Technology Ltd.,Common Stock,0.558,deepseek_classify_rename_vs_different_security,pending_deepseek_review,HKEX::03798,HKEX,batch_c_high_value_international
low_name_similarity,P2,08111,HKEX,XHKG,CT IND GROUP,China Technology Industry Group Ltd.,Common Stock,0.558,deepseek_classify_rename_vs_different_security,pending_deepseek_review,HKEX::08111,HKEX,batch_c_high_value_international
low_name_similarity,P2,08372,HKEX,XHKG,GBG HOLDINGS,Grand Brilliance Group Holdings Limited,Common Stock,0.558,deepseek_classify_rename_vs_different_security,pending_deepseek_review,HKEX::08372,HKEX,batch_c_high_value_international
low_name_similarity,P2,08613,HKEX,XHKG,ORIENTAL PAY,Oriental Payment Group Holdings Limited,Common Stock,0.558,deepseek_classify_rename_vs_different_security,pending_deepseek_review,HKEX::08613,HKEX,batch_c_high_value_international
low_name_similarity,P2,08620,HKEX,XHKG,AE LOGISTICS,Asia-Express Logistics Holdings Ltd.,Common Stock,0.558,deepseek_classify_rename_vs_different_security,pending_deepseek_review,HKEX::08620,HKEX,batch_c_high_value_international
low_name_similarity,P2,79GL,LSE,XLON,CAFFYNS PLC 11% CUM PRF #1,Caffyns plc Preferred Stock,Preferred Stock,0.558,deepseek_classify_rename_vs_different_security,pending_deepseek_review,LSE::79GL,LSE,batch_c_high_value_international
low_name_similarity,P2,ROQ,LSE,XLON,Roquefort Investments PLC,Roquefort Therapeutics plc,Common Stock,0.558,deepseek_classify_rename_vs_different_security,pending_deepseek_review,LSE::ROQ,LSE,batch_c_high_value_international
low_name_similarity,P2,NAVT11,B3,BVMF,NAVI IMOBILIÁRIO TOTAL RETURN FII RESP LIM,FII Navi Total Return Fund,REIT,0.559,deepseek_classify_rename_vs_different_security,pending_deepseek_review,B3::NAVT11,Bovespa,batch_c_high_value_international
low_name_similarity,P2,TORD11,B3,BVMF,TORDESILHAS EI FII RESP LIM,Tordesilhas EI Fundo de Investimento Imobiliário,REIT,0.56,deepseek_classify_rename_vs_different_security,pending_deepseek_review,B3::TORD11,Bovespa,batch_c_high_value_international
low_name_similarity,P2,01001,HKEX,XHKG,HK SH ALLIANCE,Hong Kong Shanghai Alliance Holdings Limited,Common Stock,0.56,deepseek_classify_rename_vs_different_security,pending_deepseek_review,HKEX::01001,HKEX,batch_c_high_value_international
low_name_similarity,P2,01114,HKEX,XHKG,BRILLIANCE CHI,Brilliance China Automotive Holdings Limited,Common Stock,0.56,deepseek_classify_rename_vs_different_security,pending_deepseek_review,HKEX::01114,HKEX,batch_c_high_value_international
low_name_similarity,P2,02192,HKEX,XHKG,MEDLIVE,Medlive Technology Co. Ltd.,Common Stock,0.56,deepseek_classify_rename_vs_different_security,pending_deepseek_review,HKEX::02192,HKEX,batch_c_high_value_international
low_name_similarity,P2,02322,HKEX,XHKG,MODERN INNO DT,Modern Innovative Digital Technology Inc.,Common Stock,0.56,deepseek_classify_rename_vs_different_security,pending_deepseek_review,HKEX::02322,HKEX,batch_c_high_value_international
low_name_similarity,P2,02431,HKEX,XHKG,MINIEYE,"Minieye Technology Co., Ltd.",Common Stock,0.56,deepseek_classify_rename_vs_different_security,pending_deepseek_review,HKEX::02431,HKEX,batch_c_high_value_international
low_name_similarity,P2,02455,HKEX,XHKG,RUNHUA SERVICE,Runhua Living Service Group Holdings Ltd.,Common Stock,0.56,deepseek_classify_rename_vs_different_security,pending_deepseek_review,HKEX::02455,HKEX,batch_c_high_value_international
low_name_similarity,P2,03928,HKEX,XHKG,CHINA NEXT-GEN,China Next-Gen Commerce and Holdings Ltd.,Common Stock,0.56,deepseek_classify_rename_vs_different_security,pending_deepseek_review,HKEX::03928,HKEX,batch_c_high_value_international
low_name_similarity,P2,82333,HKEX,XHKG,GWMOTOR-R,"Great Wall Motor Co., Ltd.",Common Stock,0.56,deepseek_classify_rename_vs_different_security,pending_deepseek_review,HKEX::82333,HKEX,batch_c_high_value_international
low_name_similarity,P2,0HA9,LSE,XLON,Indra A,"Indra Sistemas, S.A.",Common Stock,0.56,deepseek_classify_rename_vs_different_security,pending_deepseek_review,LSE::0HA9,LSE,batch_c_high_value_international
low_name_similarity,P2,GOLDBND,NSE_IN,XNSE,BANDHANAMC - GOLDBND,GOLDBND,Common Stock,0.56,deepseek_classify_rename_vs_different_security,pending_deepseek_review,NSE_IN::GOLDBND,NSE,batch_c_high_value_international
low_name_similarity,P2,AXIA6,B3,BVMF,AXIA ENERGIA S.A.,Axia Energia S.A. Preferred Shares Class B,Preferred Stock,0.561,deepseek_classify_rename_vs_different_security,pending_deepseek_review,B3::AXIA6,Bovespa,batch_c_high_value_international
low_name_similarity,P2,01442,HKEX,XHKG,INFINITY L&T,Infinity Logistics & Transport Ventures Limited,Common Stock,0.561,deepseek_classify_rename_vs_different_security,pending_deepseek_review,HKEX::01442,HKEX,batch_c_high_value_international
low_name_similarity,P2,0M42,LSE,XLON,ASML Holding N.V.,ASML Holding N.V. New York Registry Shares,Depositary Receipt,0.561,deepseek_classify_rename_vs_different_security,pending_deepseek_review,LSE::0M42,LSE,batch_c_high_value_international
low_name_similarity,P2,FPAB11,B3,BVMF,PROJETO ÁGUA BRANCA FII RESP LIM,Fi Imobiliário Projeto Água Branca,REIT,0.562,deepseek_classify_rename_vs_different_security,pending_deepseek_review,B3::FPAB11,Bovespa,batch_c_high_value_international
low_name_similarity,P2,01431,HKEX,XHKG,YST DAIRY,Yuanshengtai Dairy Farm Ltd.,Common Stock,0.562,deepseek_classify_rename_vs_different_security,pending_deepseek_review,HKEX::01431,HKEX,batch_c_high_value_international
low_name_similarity,P2,01613,HKEX,XHKG,SYNERTONE,Synertone Communication Corporation,Common Stock,0.562,deepseek_classify_rename_vs_different_security,pending_deepseek_review,HKEX::01613,HKEX,batch_c_high_value_international
low_name_similarity,P2,02389,HKEX,XHKG,BJ HEALTH,Beijing Health Holdings Ltd.,Common Stock,0.562,deepseek_classify_rename_vs_different_security,pending_deepseek_review,HKEX::02389,HKEX,batch_c_high_value_international
low_name_similarity,P2,06618,HKEX,XHKG,JD HEALTH,Jd Health International Inc.,Common Stock,0.562,deepseek_classify_rename_vs_different_security,pending_deepseek_review,HKEX::06618,HKEX,batch_c_high_value_international
low_name_similarity,P2,08645,HKEX,XHKG,BYTE META,Byte Metaverse Holdings Ltd.,Common Stock,0.562,deepseek_classify_rename_vs_different_security,pending_deepseek_review,HKEX::08645,HKEX,batch_c_high_value_international
low_name_similarity,P2,82318,HKEX,XHKG,PING AN-R,Ping An Insurance Group Co. Ltd.,Common Stock,0.562,deepseek_classify_rename_vs_different_security,pending_deepseek_review,HKEX::82318,HKEX,batch_c_high_value_international
low_name_similarity,P2,0NZY,LSE,XLON,Eckert & Ziegler Strahlen- und Medizintechnik AG,Eckert & Ziegler SE,Common Stock,0.562,deepseek_classify_rename_vs_different_security,pending_deepseek_review,LSE::0NZY,LSE,batch_c_high_value_international
low_name_similarity,P2,0TD2,LSE,XLON,Eni S.p.A.,Eni S.p.A. Sponsored ADR,American Depositary Receipt,0.562,deepseek_classify_rename_vs_different_security,pending_deepseek_review,LSE::0TD2,LSE,batch_c_high_value_international
low_name_similarity,P2,AVON,LSE,XLON,Avon Protection PLC,Avon Technologies plc,Common Stock,0.562,deepseek_classify_rename_vs_different_security,pending_deepseek_review,LSE::AVON,LSE,batch_c_high_value_international
low_name_similarity,P2,KISU11,B3,BVMF,KILIMA FIC FDO. IMOB. SUNO 30,Kilima Fundo de Investimento Imobiliário - FII Suno30,REIT,0.564,deepseek_classify_rename_vs_different_security,pending_deepseek_review,B3::KISU11,Bovespa,batch_c_high_value_international
low_name_similarity,P2,01173,HKEX,XHKG,VEEKO INT'L,Veeko International Holdings Limited,Common Stock,0.564,deepseek_classify_rename_vs_different_security,pending_deepseek_review,HKEX::01173,HKEX,batch_c_high_value_international
low_name_similarity,P2,01183,HKEX,XHKG,MECOM POWER,Mecom Power and Construction Ltd.,Common Stock,0.564,deepseek_classify_rename_vs_different_security,pending_deepseek_review,HKEX::01183,HKEX,batch_c_high_value_international
low_name_similarity,P2,01229,HKEX,XHKG,NAN NAN RES,Nan Nan Resources Enterprise Limited,Common Stock,0.564,deepseek_classify_rename_vs_different_security,pending_deepseek_review,HKEX::01229,HKEX,batch_c_high_value_international
low_name_similarity,P2,01359,HKEX,XHKG,CHINA CINDA,China Cinda Asset Management Co. Ltd.,Common Stock,0.564,deepseek_classify_rename_vs_different_security,pending_deepseek_review,HKEX::01359,HKEX,batch_c_high_value_international
low_name_similarity,P2,01566,HKEX,XHKG,CA CULTURAL,Ca Cultural Technology Group Ltd.,Common Stock,0.564,deepseek_classify_rename_vs_different_security,pending_deepseek_review,HKEX::01566,HKEX,batch_c_high_value_international
low_name_similarity,P2,01647,HKEX,XHKG,GRANDSHORES,Grandshores Technology Group Limited,Common Stock,0.564,deepseek_classify_rename_vs_different_security,pending_deepseek_review,HKEX::01647,HKEX,batch_c_high_value_international
low_name_similarity,P2,01995,HKEX,XHKG,ES SERVICES,Ever Sunshine Services Group Ltd.,Common Stock,0.564,deepseek_classify_rename_vs_different_security,pending_deepseek_review,HKEX::01995,HKEX,batch_c_high_value_international
low_name_similarity,P2,02121,HKEX,XHKG,AINNOVATION,"AInnovation Technology Group Co., Ltd",Common Stock,0.564,deepseek_classify_rename_vs_different_security,pending_deepseek_review,HKEX::02121,HKEX,batch_c_high_value_international
low_name_similarity,P2,02317,HKEX,XHKG,VEDAN INT'L,Vedan International Holdings Limited,Common Stock,0.564,deepseek_classify_rename_vs_different_security,pending_deepseek_review,HKEX::02317,HKEX,batch_c_high_value_international
low_name_similarity,P2,02336,HKEX,XHKG,SHUOAO INTL,ShuoAo International Holding Corp.,Common Stock,0.564,deepseek_classify_rename_vs_different_security,pending_deepseek_review,HKEX::02336,HKEX,batch_c_high_value_international
low_name_similarity,P2,02457,HKEX,XHKG,BUYANG INTL,Buyang International Holding Inc.,Common Stock,0.564,deepseek_classify_rename_vs_different_security,pending_deepseek_review,HKEX::02457,HKEX,batch_c_high_value_international
low_name_similarity,P2,02617,HKEX,XHKG,TRANSTHERA-B,"TransThera Sciences (Nanjing), Inc.",Common Stock,0.564,deepseek_classify_rename_vs_different_security,pending_deepseek_review,HKEX::02617,HKEX,batch_c_high_value_international
low_name_similarity,P2,03989,HKEX,XHKG,CAPITAL ENV,Capital Environment Holdings Limited,Common Stock,0.564,deepseek_classify_rename_vs_different_security,pending_deepseek_review,HKEX::03989,HKEX,batch_c_high_value_international
low_name_similarity,P2,06866,HKEX,XHKG,ZUOLI M-FIN,Zuoli Kechuang Micro-Finance Co. Ltd.,Common Stock,0.564,deepseek_classify_rename_vs_different_security,pending_deepseek_review,HKEX::06866,HKEX,batch_c_high_value_international
low_name_similarity,P2,08003,HKEX,XHKG,GREAT WORLD,Great World Company Holdings Ltd.,Common Stock,0.564,deepseek_classify_rename_vs_different_security,pending_deepseek_review,HKEX::08003,HKEX,batch_c_high_value_international
low_name_similarity,P2,08018,HKEX,XHKG,FINSOFT FIN,Finsoft Financial Investment Ltd.,Common Stock,0.564,deepseek_classify_rename_vs_different_security,pending_deepseek_review,HKEX::08018,HKEX,batch_c_high_value_international
low_name_similarity,P2,08379,HKEX,XHKG,PRIME INTEL,Prime Intelligence Solutions Inc.,Common Stock,0.564,deepseek_classify_rename_vs_different_security,pending_deepseek_review,HKEX::08379,HKEX,batch_c_high_value_international
low_name_similarity,P2,08511,HKEX,XHKG,MIN FU INTL,"Min Fu International Holding Co., Ltd.",Common Stock,0.564,deepseek_classify_rename_vs_different_security,pending_deepseek_review,HKEX::08511,HKEX,batch_c_high_value_international
low_name_similarity,P2,08627,HKEX,XHKG,ORANGE TOUR,"Orange Tour Cultural Holding Co., Ltd.",Common Stock,0.564,deepseek_classify_rename_vs_different_security,pending_deepseek_review,HKEX::08627,HKEX,batch_c_high_value_international
low_name_similarity,P2,08659,HKEX,XHKG,YIK WO INTL,Yik Wo International Holding Limited,Common Stock,0.564,deepseek_classify_rename_vs_different_security,pending_deepseek_review,HKEX::08659,HKEX,batch_c_high_value_international
low_name_similarity,P2,09663,HKEX,XHKG,SINOSYNERGY,Sino-Synergy Hydrogen Energy Ltd.,Common Stock,0.564,deepseek_classify_rename_vs_different_security,pending_deepseek_review,HKEX::09663,HKEX,batch_c_high_value_international
low_name_similarity,P2,HGLG11,B3,BVMF,PATRIA LOG - FDO INV IMOB - RESPONSABILIDADE LTDA.,Patria Logistics Institutional Real Estate Ltda.,REIT,0.565,deepseek_classify_rename_vs_different_security,pending_deepseek_review,B3::HGLG11,Bovespa,batch_c_high_value_international
low_name_similarity,P2,01272,HKEX,XHKG,DATANG ENVIRO,"Datang Environment Industry Group Co., Ltd.",Common Stock,0.565,deepseek_classify_rename_vs_different_security,pending_deepseek_review,HKEX::01272,HKEX,batch_c_high_value_international
low_name_similarity,P2,01351,HKEX,XHKG,BRIGHT FUTURE,Bright Future Technology Holdings Ltd.,Common Stock,0.565,deepseek_classify_rename_vs_different_security,pending_deepseek_review,HKEX::01351,HKEX,batch_c_high_value_international
low_name_similarity,P2,01710,HKEX,XHKG,TRIO IND ELEC,Trio Industrial Electronics Group Limited,Common Stock,0.565,deepseek_classify_rename_vs_different_security,pending_deepseek_review,HKEX::01710,HKEX,batch_c_high_value_international
low_name_similarity,P2,02453,HKEX,XHKG,CONCORD HC GP,Concord Healthcare Group Holdings Ltd.,Common Stock,0.565,deepseek_classify_rename_vs_different_security,pending_deepseek_review,HKEX::02453,HKEX,batch_c_high_value_international
low_name_similarity,P2,02512,HKEX,XHKG,CLOUD FACTORY,Cloud Factory Technology Holdings Ltd.,Common Stock,0.565,deepseek_classify_rename_vs_different_security,pending_deepseek_review,HKEX::02512,HKEX,batch_c_high_value_international
low_name_similarity,P2,02563,HKEX,XHKG,BIOSTAR PHARM-B,"Beijing Biostar Pharmaceuticals, Co., Ltd.",Common Stock,0.565,deepseek_classify_rename_vs_different_security,pending_deepseek_review,HKEX::02563,HKEX,batch_c_high_value_international
low_name_similarity,P2,02693,HKEX,XHKG,JINYAN KAOLIN,"Anhui Jinyan Kaolin New Materials Co., Ltd.",Common Stock,0.565,deepseek_classify_rename_vs_different_security,pending_deepseek_review,HKEX::02693,HKEX,batch_c_high_value_international
low_name_similarity,P2,08147,HKEX,XHKG,MILLENNIUM PG,Millennium Pacific Group Holdings Limited,Common Stock,0.565,deepseek_classify_rename_vs_different_security,pending_deepseek_review,HKEX::08147,HKEX,batch_c_high_value_international
low_name_similarity,P2,08218,HKEX,XHKG,ECHO INT HOLD,Echo International Holdings Group Ltd.,Common Stock,0.565,deepseek_classify_rename_vs_different_security,pending_deepseek_review,HKEX::08218,HKEX,batch_c_high_value_international
low_name_similarity,P2,08326,HKEX,XHKG,TK NEW ENERGY,Tonking New Energy Group Holdings Ltd.,Common Stock,0.565,deepseek_classify_rename_vs_different_security,pending_deepseek_review,HKEX::08326,HKEX,batch_c_high_value_international
low_name_similarity,P2,09699,HKEX,XHKG,SF INTRA-CITY,"Hangzhou SF Intra-city Industrial Co., Ltd.",Common Stock,0.565,deepseek_classify_rename_vs_different_security,pending_deepseek_review,HKEX::09699,HKEX,batch_c_high_value_international
low_name_similarity,P2,0ABP,LSE,XLON,NOVEM GROUP SA NOVEM GROUP ORD SHS,Novem Group S.A.,Common Stock,0.565,deepseek_classify_rename_vs_different_security,pending_deepseek_review,LSE::0ABP,LSE,batch_c_high_value_international
low_name_similarity,P2,HGBL11,B3,BVMF,HEDGE BRASIL LOGÍSTICO IND FUND INV IMOB RESP LIM,Hedge Brasil Logistics Real Estate Investment Fund,REIT,0.566,deepseek_classify_rename_vs_different_security,pending_deepseek_review,B3::HGBL11,Bovespa,batch_c_high_value_international
low_name_similarity,P2,01372,HKEX,XHKG,C CARBONNEUTRAL,China Carbon Neutral Development Group Ltd.,Common Stock,0.566,deepseek_classify_rename_vs_different_security,pending_deepseek_review,HKEX::01372,HKEX,batch_c_high_value_international
low_name_similarity,P2,HLOG11,B3,BVMF,HEDGE LOGÍSTICA FII RESP LIM,Hedge Logística Fundo de Investimento Imobiliário FII,REIT,0.568,deepseek_classify_rename_vs_different_security,pending_deepseek_review,B3::HLOG11,Bovespa,batch_c_high_value_international
low_name_similarity,P2,PTBL3,B3,BVMF,PBG S/A,Portobello S.A.,Common Stock,0.571,deepseek_classify_rename_vs_different_security,pending_deepseek_review,B3::PTBL3,Bovespa,batch_c_high_value_international
low_name_similarity,P2,WHGR11,B3,BVMF,WHG REAL ESTATE FII RESP LIM,WHG Real Estate Fundo de Investimento Imobiliário,REIT,0.571,deepseek_classify_rename_vs_different_security,pending_deepseek_review,B3::WHGR11,Bovespa,batch_c_high_value_international
low_name_similarity,P2,01007,HKEX,XHKG,LONGHUI INTL,Longhui International Holdings Limited,Common Stock,0.571,deepseek_classify_rename_vs_different_security,pending_deepseek_review,HKEX::01007,HKEX,batch_c_high_value_international
low_name_similarity,P2,01033,HKEX,XHKG,SINOPEC SSC,Sinopec Oilfield Service Corp.,Common Stock,0.571,deepseek_classify_rename_vs_different_security,pending_deepseek_review,HKEX::01033,HKEX,batch_c_high_value_international
low_name_similarity,P2,01271,HKEX,XHKG,GRAND MING,Grand Ming Group Holdings Limited,Common Stock,0.571,deepseek_classify_rename_vs_different_security,pending_deepseek_review,HKEX::01271,HKEX,batch_c_high_value_international
low_name_similarity,P2,01364,HKEX,XHKG,GUMING,Guming Holdings Limited,Common Stock,0.571,deepseek_classify_rename_vs_different_security,pending_deepseek_review,HKEX::01364,HKEX,batch_c_high_value_international
low_name_similarity,P2,01410,HKEX,XHKG,EDVANCE INTL,Edvance International Holdings Limited,Common Stock,0.571,deepseek_classify_rename_vs_different_security,pending_deepseek_review,HKEX::01410,HKEX,batch_c_high_value_international
low_name_similarity,P2,01556,HKEX,XHKG,CHINNEY KW,Chinney Kin Wing Holdings Limited,Common Stock,0.571,deepseek_classify_rename_vs_different_security,pending_deepseek_review,HKEX::01556,HKEX,batch_c_high_value_international
low_name_similarity,P2,01617,HKEX,XHKG,NANFANG COMM,Nanfang Communication Holdings Limited,Common Stock,0.571,deepseek_classify_rename_vs_different_security,pending_deepseek_review,HKEX::01617,HKEX,batch_c_high_value_international
low_name_similarity,P2,01788,HKEX,XHKG,GUOTAI JUNAN I,Guotai Junan International Holdings Limited,Common Stock,0.571,deepseek_classify_rename_vs_different_security,pending_deepseek_review,HKEX::01788,HKEX,batch_c_high_value_international
low_name_similarity,P2,01842,HKEX,XHKG,GROWN UP GROUP,Grown Up Group Investments Holdings Ltd.,Common Stock,0.571,deepseek_classify_rename_vs_different_security,pending_deepseek_review,HKEX::01842,HKEX,batch_c_high_value_international
low_name_similarity,P2,02000,HKEX,XHKG,SIM TECH,SIM Technology Group Ltd.,Common Stock,0.571,deepseek_classify_rename_vs_different_security,pending_deepseek_review,HKEX::02000,HKEX,batch_c_high_value_international
low_name_similarity,P2,02078,HKEX,XHKG,PANASIALUM,Panasia Aluminum Holdings Co. Ltd.,Common Stock,0.571,deepseek_classify_rename_vs_different_security,pending_deepseek_review,HKEX::02078,HKEX,batch_c_high_value_international
low_name_similarity,P2,02131,HKEX,XHKG,NETJOY,Netjoy Holdings Ltd.,Common Stock,0.571,deepseek_classify_rename_vs_different_security,pending_deepseek_review,HKEX::02131,HKEX,batch_c_high_value_international
low_name_similarity,P2,02150,HKEX,XHKG,NAYUKI,Nayuki Holdings Ltd.,Common Stock,0.571,deepseek_classify_rename_vs_different_security,pending_deepseek_review,HKEX::02150,HKEX,batch_c_high_value_international
low_name_similarity,P2,02228,HKEX,XHKG,XTALPI,XtalPi Holdings Limited,Common Stock,0.571,deepseek_classify_rename_vs_different_security,pending_deepseek_review,HKEX::02228,HKEX,batch_c_high_value_international
low_name_similarity,P2,02266,HKEX,XHKG,LAI SI ENT,Lai Si Enterprise Holding Limited,Common Stock,0.571,deepseek_classify_rename_vs_different_security,pending_deepseek_review,HKEX::02266,HKEX,batch_c_high_value_international
low_name_similarity,P2,02310,HKEX,XHKG,TIMES UNI GP,Times Universal Group Holdings Inc.,Common Stock,0.571,deepseek_classify_rename_vs_different_security,pending_deepseek_review,HKEX::02310,HKEX,batch_c_high_value_international
low_name_similarity,P2,02427,HKEX,XHKG,GUANZE MEDICAL,"Guanze Medical Information Industry Co., Ltd.",Common Stock,0.571,deepseek_classify_rename_vs_different_security,pending_deepseek_review,HKEX::02427,HKEX,batch_c_high_value_international
low_name_similarity,P2,02507,HKEX,XHKG,CIRRUS,Cirrus Aircraft Ltd.,Common Stock,0.571,deepseek_classify_rename_vs_different_security,pending_deepseek_review,HKEX::02507,HKEX,batch_c_high_value_international
low_name_similarity,P2,02550,HKEX,XHKG,EASOU TECH,Easou Technology Holdings Ltd.,Common Stock,0.571,deepseek_classify_rename_vs_different_security,pending_deepseek_review,HKEX::02550,HKEX,batch_c_high_value_international
low_name_similarity,P2,02665,HKEX,XHKG,SEYOND,Seyond Holdings Ltd.,Common Stock,0.571,deepseek_classify_rename_vs_different_security,pending_deepseek_review,HKEX::02665,HKEX,batch_c_high_value_international
low_name_similarity,P2,02798,HKEX,XHKG,PER ENERGY,Perennial Energy Holdings Limited,Common Stock,0.571,deepseek_classify_rename_vs_different_security,pending_deepseek_review,HKEX::02798,HKEX,batch_c_high_value_international
low_name_similarity,P2,02877,HKEX,XHKG,SHINEWAY PHARM,China Shineway Pharmaceutical Group Limited,Common Stock,0.571,deepseek_classify_rename_vs_different_security,pending_deepseek_review,HKEX::02877,HKEX,batch_c_high_value_international
low_name_similarity,P2,02886,HKEX,XHKG,BINHAI INV,Binhai Investment Company Ltd.,Common Stock,0.571,deepseek_classify_rename_vs_different_security,pending_deepseek_review,HKEX::02886,HKEX,batch_c_high_value_international
low_name_similarity,P2,03336,HKEX,XHKG,JU TENG INTL,Ju Teng International Holdings Limited,Common Stock,0.571,deepseek_classify_rename_vs_different_security,pending_deepseek_review,HKEX::03336,HKEX,batch_c_high_value_international
low_name_similarity,P2,03398,HKEX,XHKG,CHINA TING,China Ting Group Holdings Ltd.,Common Stock,0.571,deepseek_classify_rename_vs_different_security,pending_deepseek_review,HKEX::03398,HKEX,batch_c_high_value_international
low_name_similarity,P2,03913,HKEX,XHKG,KWG LIVING,KWG Living Group Holdings Limited,Common Stock,0.571,deepseek_classify_rename_vs_different_security,pending_deepseek_review,HKEX::03913,HKEX,batch_c_high_value_international
low_name_similarity,P2,03931,HKEX,XHKG,CALB,Calb Group Co. Ltd.,Common Stock,0.571,deepseek_classify_rename_vs_different_security,pending_deepseek_review,HKEX::03931,HKEX,batch_c_high_value_international
low_name_similarity,P2,03993,HKEX,XHKG,CMOC,Cmoc Group Ltd.,Common Stock,0.571,deepseek_classify_rename_vs_different_security,pending_deepseek_review,HKEX::03993,HKEX,batch_c_high_value_international
low_name_similarity,P2,06833,HKEX,XHKG,SINCO PHARMA,Sinco Pharmaceuticals Holdings Limited,Common Stock,0.571,deepseek_classify_rename_vs_different_security,pending_deepseek_review,HKEX::06833,HKEX,batch_c_high_value_international
low_name_similarity,P2,06979,HKEX,XHKG,ZJLD,ZJLD Group Inc.,Common Stock,0.571,deepseek_classify_rename_vs_different_security,pending_deepseek_review,HKEX::06979,HKEX,batch_c_high_value_international
low_name_similarity,P2,08065,HKEX,XHKG,KML TECH,KML Technology Group Ltd.,Common Stock,0.571,deepseek_classify_rename_vs_different_security,pending_deepseek_review,HKEX::08065,HKEX,batch_c_high_value_international
low_name_similarity,P2,08107,HKEX,XHKG,FICUS TECH,Ficus Technology Holdings Ltd.,Common Stock,0.571,deepseek_classify_rename_vs_different_security,pending_deepseek_review,HKEX::08107,HKEX,batch_c_high_value_international
low_name_similarity,P2,08120,HKEX,XHKG,CH DEMETER FIN,China Demeter Financial Investments Limited,Common Stock,0.571,deepseek_classify_rename_vs_different_security,pending_deepseek_review,HKEX::08120,HKEX,batch_c_high_value_international
low_name_similarity,P2,08222,HKEX,XHKG,E LIGHTING,E Lighting Group Holdings Limited,Common Stock,0.571,deepseek_classify_rename_vs_different_security,pending_deepseek_review,HKEX::08222,HKEX,batch_c_high_value_international
low_name_similarity,P2,08313,HKEX,XHKG,ZACD,ZACD Group Ltd.,Common Stock,0.571,deepseek_classify_rename_vs_different_security,pending_deepseek_review,HKEX::08313,HKEX,batch_c_high_value_international
low_name_similarity,P2,08333,HKEX,XHKG,ASTRUM FIN,Astrum Financial Holdings Ltd.,Common Stock,0.571,deepseek_classify_rename_vs_different_security,pending_deepseek_review,HKEX::08333,HKEX,batch_c_high_value_international
low_name_similarity,P2,08456,HKEX,XHKG,MANSION INTL,Mansion International Holdings Ltd.,Common Stock,0.571,deepseek_classify_rename_vs_different_security,pending_deepseek_review,HKEX::08456,HKEX,batch_c_high_value_international
low_name_similarity,P2,08495,HKEX,XHKG,1957 & CO.,1957 & Co. Hospitality Ltd.,Common Stock,0.571,deepseek_classify_rename_vs_different_security,pending_deepseek_review,HKEX::08495,HKEX,batch_c_high_value_international
low_name_similarity,P2,08601,HKEX,XHKG,BOLTEK,Boltek Holdings Ltd.,Common Stock,0.571,deepseek_classify_rename_vs_different_security,pending_deepseek_review,HKEX::08601,HKEX,batch_c_high_value_international
low_name_similarity,P2,09606,HKEX,XHKG,DUALITYBIO-B,"Duality Biotherapeutics, Inc.",Common Stock,0.571,deepseek_classify_rename_vs_different_security,pending_deepseek_review,HKEX::09606,HKEX,batch_c_high_value_international
low_name_similarity,P2,09686,HKEX,XHKG,XIKANG CLOUD,Xikang Cloud Hospital Holdings Ltd.,Common Stock,0.571,deepseek_classify_rename_vs_different_security,pending_deepseek_review,HKEX::09686,HKEX,batch_c_high_value_international
low_name_similarity,P2,09986,HKEX,XHKG,DASHAN EDU,Dashan Education Holdings Limited,Common Stock,0.571,deepseek_classify_rename_vs_different_security,pending_deepseek_review,HKEX::09986,HKEX,batch_c_high_value_international
low_name_similarity,P2,0DT1,LSE,XLON,Banque Nationale de Belgique S.A.,National Bank of Belgium,Common Stock,0.571,deepseek_classify_rename_vs_different_security,pending_deepseek_review,LSE::0DT1,LSE,batch_c_high_value_international
low_name_similarity,P2,0J78,LSE,XLON,Odfjell S.E. Series B,Odfjell SE Class B Shares,Common Stock,0.571,deepseek_classify_rename_vs_different_security,pending_deepseek_review,LSE::0J78,LSE,batch_c_high_value_international
low_name_similarity,P2,0KBQ,LSE,XLON,Ratos AB ser. B,Ratos AB (publ) Class B Shares,Common Stock,0.571,deepseek_classify_rename_vs_different_security,pending_deepseek_review,LSE::0KBQ,LSE,batch_c_high_value_international
low_name_similarity,P2,0MGR,LSE,XLON,Faurecia,Forvia SE,Common Stock,0.571,deepseek_classify_rename_vs_different_security,pending_deepseek_review,LSE::0MGR,LSE,batch_c_high_value_international
low_name_similarity,P2,0N4I,LSE,XLON,Danieli & C RSP,Danieli & C. Officine Meccaniche S.p.A.,Common Stock,0.571,deepseek_classify_rename_vs_different_security,pending_deepseek_review,LSE::0N4I,LSE,batch_c_high_value_international
low_name_similarity,P2,0NQP,LSE,XLON,Snam SpA,Snam S.p.A.,Common Stock,0.571,deepseek_classify_rename_vs_different_security,pending_deepseek_review,LSE::0NQP,LSE,batch_c_high_value_international
low_name_similarity,P2,0NRE,LSE,XLON,Enel SpA,Enel S.p.A.,Common Stock,0.571,deepseek_classify_rename_vs_different_security,pending_deepseek_review,LSE::0NRE,LSE,batch_c_high_value_international
low_name_similarity,P2,0O0N,LSE,XLON,Schouw & Co.,Aktieselskabet Schouw & Co.,Common Stock,0.571,deepseek_classify_rename_vs_different_security,pending_deepseek_review,LSE::0O0N,LSE,batch_c_high_value_international
low_name_similarity,P2,0QMW,LSE,XLON,Kuehne & Nagel,Kuehne + Nagel International AG,Common Stock,0.571,deepseek_classify_rename_vs_different_security,pending_deepseek_review,LSE::0QMW,LSE,batch_c_high_value_international
low_name_similarity,P2,0RIE,LSE,XLON,Enav SpA,ENAV S.p.A.,Common Stock,0.571,deepseek_classify_rename_vs_different_security,pending_deepseek_review,LSE::0RIE,LSE,batch_c_high_value_international
low_name_similarity,P2,0RQ6,LSE,XLON,Evolution Gaming Group AB,Evolution AB (publ),Common Stock,0.571,deepseek_classify_rename_vs_different_security,pending_deepseek_review,LSE::0RQ6,LSE,batch_c_high_value_international
low_name_similarity,P2,4BB,LSE,AIMX,4BASEBIO UK SOCIETAS,4basebio PLC,Common Stock,0.571,deepseek_classify_rename_vs_different_security,pending_deepseek_review,LSE::4BB,LSE,batch_c_high_value_international
low_name_similarity,P2,AMRQ,LSE,AIMX,Amaroq Minerals Ltd.,Amaroq Ltd.,Common Stock,0.571,deepseek_classify_rename_vs_different_security,pending_deepseek_review,LSE::AMRQ,LSE,batch_c_high_value_international
low_name_similarity,P2,ENOG,LSE,XLON,Energean Oil & Gas PLC,Energean plc,Common Stock,0.571,deepseek_classify_rename_vs_different_security,pending_deepseek_review,LSE::ENOG,LSE,batch_c_high_value_international
low_name_similarity,P2,KIST,LSE,AIMX,Kistos PLC,Kistos Holdings Plc,Common Stock,0.571,deepseek_classify_rename_vs_different_security,pending_deepseek_review,LSE::KIST,LSE,batch_c_high_value_international
low_name_similarity,P2,4275,TSE,XJPX,"Carlit Co.,Ltd.","Carlit Holdings Co., Ltd.",Common Stock,0.571,deepseek_classify_rename_vs_different_security,pending_deepseek_review,TSE::4275,JPX,batch_c_high_value_international
low_name_similarity,P2,GSEO,LSE,XLON,VH Global Sustainable Energy Opportunities PLC,VH Global Energy Infrastructure PLC,Common Stock,0.575,deepseek_classify_rename_vs_different_security,pending_deepseek_review,LSE::GSEO,LSE,batch_c_high_value_international
low_name_similarity,P2,0F5A,LSE,XLON,LINZ TEXTIL HOLDING AG LINZ TEXTIL HOLDING ORD SHS,Linz Textil Holding AG,Common Stock,0.576,deepseek_classify_rename_vs_different_security,pending_deepseek_review,LSE::0F5A,LSE,batch_c_high_value_international
low_name_similarity,P2,01354,HKEX,XHKG,KINGFARPROPERTY,"Xi'an Kingfar Property Services Group Co., Ltd.",Common Stock,0.577,deepseek_classify_rename_vs_different_security,pending_deepseek_review,HKEX::01354,HKEX,batch_c_high_value_international
low_name_similarity,P2,08193,HKEX,XHKG,ASIAPAC FIN INV,Asia-Pac Financial Investment Company Limited,Common Stock,0.577,deepseek_classify_rename_vs_different_security,pending_deepseek_review,HKEX::08193,HKEX,batch_c_high_value_international
low_name_similarity,P2,01290,HKEX,XHKG,CHINA HUIRONG,China Huirong Financial Holdings Ltd.,Common Stock,0.578,deepseek_classify_rename_vs_different_security,pending_deepseek_review,HKEX::01290,HKEX,batch_c_high_value_international
low_name_similarity,P2,01587,HKEX,XHKG,SHINEROAD INTL,Shineroa International Holdings Limited,Common Stock,0.578,deepseek_classify_rename_vs_different_security,pending_deepseek_review,HKEX::01587,HKEX,batch_c_high_value_international
low_name_similarity,P2,01683,HKEX,XHKG,HOPE LIFE INT,Hope Life International Holdings Limited,Common Stock,0.578,deepseek_classify_rename_vs_different_security,pending_deepseek_review,HKEX::01683,HKEX,batch_c_high_value_international
low_name_similarity,P2,01736,HKEX,XHKG,PARENTING NET,China Parenting Network Holdings Ltd.,Common Stock,0.578,deepseek_classify_rename_vs_different_security,pending_deepseek_review,HKEX::01736,HKEX,batch_c_high_value_international
low_name_similarity,P2,01967,HKEX,XHKG,CONFIDENCE IN,Confidence Intelligence Holdings Ltd.,Common Stock,0.578,deepseek_classify_rename_vs_different_security,pending_deepseek_review,HKEX::01967,HKEX,batch_c_high_value_international
low_name_similarity,P2,02529,HKEX,XHKG,HOLLWIN URBAN,"Hollwin Urban Operation Services Co., Ltd.",Common Stock,0.578,deepseek_classify_rename_vs_different_security,pending_deepseek_review,HKEX::02529,HKEX,batch_c_high_value_international
low_name_similarity,P2,02669,HKEX,XHKG,CHINA OVS PPT,China Overseas Property Holdings Limited,Common Stock,0.578,deepseek_classify_rename_vs_different_security,pending_deepseek_review,HKEX::02669,HKEX,batch_c_high_value_international
low_name_similarity,P2,03737,HKEX,XHKG,ZHONGZHIPHARM,Zhongzhi Pharmaceutical Holdings Limited,Common Stock,0.578,deepseek_classify_rename_vs_different_security,pending_deepseek_review,HKEX::03737,HKEX,batch_c_high_value_international
low_name_similarity,P2,03778,HKEX,XHKG,CHINA WEAVING,China Weaving Materials Holdings Limited,Common Stock,0.578,deepseek_classify_rename_vs_different_security,pending_deepseek_review,HKEX::03778,HKEX,batch_c_high_value_international
low_name_similarity,P2,08071,HKEX,XHKG,CH NETCOMTECH,China Netcom Technology Holdings Limited,Common Stock,0.578,deepseek_classify_rename_vs_different_security,pending_deepseek_review,HKEX::08071,HKEX,batch_c_high_value_international
low_name_similarity,P2,0R8F,LSE,XLON,Eolus Vind AB Series B,Eolus AB Class B shares,Common Stock,0.578,deepseek_classify_rename_vs_different_security,pending_deepseek_review,LSE::0R8F,LSE,batch_c_high_value_international
low_name_similarity,P2,NEWLIGHT,BSE_IN,XBOM,New Light Industries Ltd,New Light Apparels Ltd.,Common Stock,0.579,deepseek_classify_rename_vs_different_security,pending_deepseek_review,BSE_IN::NEWLIGHT,BSE,batch_c_high_value_international
low_name_similarity,P2,01044,HKEX,XHKG,HENGAN INT'L,Hengan International Group Co. Ltd.,Common Stock,0.579,deepseek_classify_rename_vs_different_security,pending_deepseek_review,HKEX::01044,HKEX,batch_c_high_value_international
low_name_similarity,P2,01117,HKEX,XHKG,CH MODERN D,China Modern Dairy Holdings Ltd.,Common Stock,0.579,deepseek_classify_rename_vs_different_security,pending_deepseek_review,HKEX::01117,HKEX,batch_c_high_value_international
low_name_similarity,P2,01890,HKEX,XHKG,CHINA KEPEI,China Kepei Education Group Ltd.,Common Stock,0.579,deepseek_classify_rename_vs_different_security,pending_deepseek_review,HKEX::01890,HKEX,batch_c_high_value_international
low_name_similarity,P2,02299,HKEX,XHKG,BILLION IND,Billion Industrial Holdings Ltd.,Common Stock,0.579,deepseek_classify_rename_vs_different_security,pending_deepseek_review,HKEX::02299,HKEX,batch_c_high_value_international
low_name_similarity,P2,02315,HKEX,XHKG,BIOCYTOGEN-B,Biocytogen Pharmaceuticals Co. Ltd.,Common Stock,0.579,deepseek_classify_rename_vs_different_security,pending_deepseek_review,HKEX::02315,HKEX,batch_c_high_value_international
low_name_similarity,P2,03628,HKEX,XHKG,RENHENG ENT,Renheng Enterprise Holdings Limited,Common Stock,0.579,deepseek_classify_rename_vs_different_security,pending_deepseek_review,HKEX::03628,HKEX,batch_c_high_value_international
low_name_similarity,P2,03919,HKEX,XHKG,GOLDENPOWER,Golden Power Group Holdings Ltd.,Common Stock,0.579,deepseek_classify_rename_vs_different_security,pending_deepseek_review,HKEX::03919,HKEX,batch_c_high_value_international
low_name_similarity,P2,08540,HKEX,XHKG,VICTORY SEC,Victory Securities Holdings Co. Ltd.,Common Stock,0.579,deepseek_classify_rename_vs_different_security,pending_deepseek_review,HKEX::08540,HKEX,batch_c_high_value_international
low_name_similarity,P2,09677,HKEX,XHKG,WEIHAI BANK,Weihai City Commercial Bank Co. Ltd.,Common Stock,0.579,deepseek_classify_rename_vs_different_security,pending_deepseek_review,HKEX::09677,HKEX,batch_c_high_value_international
low_name_similarity,P2,0KWZ,LSE,XLON,Rio Tinto Group,Rio Tinto Plc Sponsored ADR,American Depositary Receipt,0.579,deepseek_classify_rename_vs_different_security,pending_deepseek_review,LSE::0KWZ,LSE,batch_c_high_value_international
low_name_similarity,P2,72HN,LSE,XLON,MERCHANTS TRUST PLC 3.65% CUM PRF #1,Merchants Trust PLC Preferred Stock 3.65% Perpetual,Preferred Stock,0.579,deepseek_classify_rename_vs_different_security,pending_deepseek_review,LSE::72HN,LSE,batch_c_high_value_international
low_name_similarity,P2,NEXP3,B3,BVMF,NEXPE PARTICIPAÇÕES S.A,Nexpe S.A.,Common Stock,0.581,deepseek_classify_rename_vs_different_security,pending_deepseek_review,B3::NEXP3,Bovespa,batch_c_high_value_international
low_name_similarity,P2,01857,HKEX,XHKG,CEB WATER,China Everbright Water Limited,Common Stock,0.581,deepseek_classify_rename_vs_different_security,pending_deepseek_review,HKEX::01857,HKEX,batch_c_high_value_international
low_name_similarity,P2,01986,HKEX,XHKG,TSAKER NE,"Tsaker New Energy Tech Co., Limited",Common Stock,0.581,deepseek_classify_rename_vs_different_security,pending_deepseek_review,HKEX::01986,HKEX,batch_c_high_value_international
low_name_similarity,P2,02511,HKEX,XHKG,HIGHTIDE-B,Hightide Therapeutics Inc.,Common Stock,0.581,deepseek_classify_rename_vs_different_security,pending_deepseek_review,HKEX::02511,HKEX,batch_c_high_value_international
low_name_similarity,P2,08026,HKEX,XHKG,CB GLOBAL,China Brilliant Global Ltd.,Common Stock,0.581,deepseek_classify_rename_vs_different_security,pending_deepseek_review,HKEX::08026,HKEX,batch_c_high_value_international
low_name_similarity,P2,NTEA,LSE,XLON,Northern Electric plc 8.061P(NET)CUM IRRD PRF 1P,Northern Electric Plc Preferred Stock 8.061% Perpetual,Preferred Stock,0.581,deepseek_classify_rename_vs_different_security,pending_deepseek_review,LSE::NTEA,LSE,batch_c_high_value_international
low_name_similarity,P2,VHFA11,B3,BVMF,VALORA HEDGE FUND AGRO – FIAGRO – IMOB RESP LIM,Valora Securitizadora Agro FIAGRO Imobiliário Fundo de Investimento,REIT,0.582,deepseek_classify_rename_vs_different_security,pending_deepseek_review,B3::VHFA11,Bovespa,batch_c_high_value_international
low_name_similarity,P2,CC9,ASX,XASX,CHARIOT RESOURCES LTD,Chariot Corporation Limited,Common Stock,0.583,deepseek_classify_rename_vs_different_security,pending_deepseek_review,ASX::CC9,ASX,batch_c_high_value_international
low_name_similarity,P2,01049,HKEX,XHKG,CELESTIAL ASIA,Celestial Asia Securities Holdings Ltd.,Common Stock,0.583,deepseek_classify_rename_vs_different_security,pending_deepseek_review,HKEX::01049,HKEX,batch_c_high_value_international
low_name_similarity,P2,01539,HKEX,XHKG,UNITY GP HLDGS,Unity Group Holdings International Ltd.,Common Stock,0.583,deepseek_classify_rename_vs_different_security,pending_deepseek_review,HKEX::01539,HKEX,batch_c_high_value_international
low_name_similarity,P2,06636,HKEX,XHKG,EXTREME VISION,"Shandong Extreme Vision Technology Co., Ltd.",Common Stock,0.583,deepseek_classify_rename_vs_different_security,pending_deepseek_review,HKEX::06636,HKEX,batch_c_high_value_international
low_name_similarity,P2,06666,HKEX,XHKG,EVERG SERVICES,Evergrande Property Services Group Ltd.,Common Stock,0.583,deepseek_classify_rename_vs_different_security,pending_deepseek_review,HKEX::06666,HKEX,batch_c_high_value_international
low_name_similarity,P2,08406,HKEX,XHKG,CHINA ORAL IND,China Oral Industry Group Holdings Limited,Common Stock,0.583,deepseek_classify_rename_vs_different_security,pending_deepseek_review,HKEX::08406,HKEX,batch_c_high_value_international
low_name_similarity,P2,08481,HKEX,XHKG,SHENGLONG INTL,Shenglong Splendecor International Ltd.,Common Stock,0.583,deepseek_classify_rename_vs_different_security,pending_deepseek_review,HKEX::08481,HKEX,batch_c_high_value_international
low_name_similarity,P2,0JN9,LSE,XLON,DSV Panalpina A/S,DSV A/S,Common Stock,0.583,deepseek_classify_rename_vs_different_security,pending_deepseek_review,LSE::0JN9,LSE,batch_c_high_value_international
low_name_similarity,P2,DUKE,LSE,AIMX,Duke Royalty Ltd,Duke Capital Ltd.,Common Stock,0.583,deepseek_classify_rename_vs_different_security,pending_deepseek_review,LSE::DUKE,LSE,batch_c_high_value_international
low_name_similarity,P2,HAMA,LSE,XLON,Hamak Gold Ltd,Hamak Strategy Limited,Common Stock,0.583,deepseek_classify_rename_vs_different_security,pending_deepseek_review,LSE::HAMA,LSE,batch_c_high_value_international
low_name_similarity,P2,6420,TSE,XJPX,GALILEI CO.LTD.,"Fukushima Galilei Co., Ltd.",Common Stock,0.583,deepseek_classify_rename_vs_different_security,pending_deepseek_review,TSE::6420,JPX,batch_c_high_value_international
low_name_similarity,P2,CEBR6,B3,BVMF,CIA ENERGETICA DE BRASILIA,Companhia Energética de Brasília Preferred Stock Class B,Preferred Stock,0.585,deepseek_classify_rename_vs_different_security,pending_deepseek_review,B3::CEBR6,Bovespa,batch_c_high_value_international
low_name_similarity,P2,EDGA11,B3,BVMF,FDO INV IMOB - FII EDIFÍCIO GALERIA RESP LIM,FII BM Edificio Galeria,REIT,0.585,deepseek_classify_rename_vs_different_security,pending_deepseek_review,B3::EDGA11,Bovespa,batch_c_high_value_international
low_name_similarity,P2,01050,HKEX,XHKG,KARRIE INT'L,Karrie International Holdings Ltd.,Common Stock,0.585,deepseek_classify_rename_vs_different_security,pending_deepseek_review,HKEX::01050,HKEX,batch_c_high_value_international
low_name_similarity,P2,01446,HKEX,XHKG,HUNGFOOKTONG,Hung Fook Tong Group Holdings Limited,Common Stock,0.585,deepseek_classify_rename_vs_different_security,pending_deepseek_review,HKEX::01446,HKEX,batch_c_high_value_international
low_name_similarity,P2,01899,HKEX,XHKG,XINGDA INT'L,Xingda International Holdings Limited,Common Stock,0.585,deepseek_classify_rename_vs_different_security,pending_deepseek_review,HKEX::01899,HKEX,batch_c_high_value_international
low_name_similarity,P2,02086,HKEX,XHKG,LEADWAY TECH,Leadway Technology Investment Ltd.,Common Stock,0.585,deepseek_classify_rename_vs_different_security,pending_deepseek_review,HKEX::02086,HKEX,batch_c_high_value_international
low_name_similarity,P2,02531,HKEX,XHKG,CARLINK TECH,GL-Carlink Technology Holding Limited,Common Stock,0.585,deepseek_classify_rename_vs_different_security,pending_deepseek_review,HKEX::02531,HKEX,batch_c_high_value_international
low_name_similarity,P2,06816,HKEX,XHKG,PROSPER CONS,Prosper Construction Holdings Ltd.,Common Stock,0.585,deepseek_classify_rename_vs_different_security,pending_deepseek_review,HKEX::06816,HKEX,batch_c_high_value_international
low_name_similarity,P2,08048,HKEX,XHKG,YU TAK INT'L,Yu Tak International Holdings Ltd.,Common Stock,0.585,deepseek_classify_rename_vs_different_security,pending_deepseek_review,HKEX::08048,HKEX,batch_c_high_value_international
low_name_similarity,P2,08080,HKEX,XHKG,NAS HOLDINGS,North Asia Strategic Holdings Limited,Common Stock,0.585,deepseek_classify_rename_vs_different_security,pending_deepseek_review,HKEX::08080,HKEX,batch_c_high_value_international
low_name_similarity,P2,08117,HKEX,XHKG,CHI P ENERGY,China Primary Energy Holdings Ltd.,Common Stock,0.585,deepseek_classify_rename_vs_different_security,pending_deepseek_review,HKEX::08117,HKEX,batch_c_high_value_international
low_name_similarity,P2,0KEP,LSE,XLON,KEMPOWER OYJ KEMPOWER ORD SHS,Kempower Oyj,Common Stock,0.585,deepseek_classify_rename_vs_different_security,pending_deepseek_review,LSE::0KEP,LSE,batch_c_high_value_international
low_name_similarity,P2,3547,TSE,XJPX,UNISIA HOLDINGS CO.,Kushikatsu Tanaka Holdings Co. Ltd.,Common Stock,0.585,deepseek_classify_rename_vs_different_security,pending_deepseek_review,TSE::3547,JPX,batch_c_high_value_international
low_name_similarity,P2,0M3L,LSE,XLON,Zions Bancorp N.A.,"Zions Bancorporation, National Association",Common Stock,0.586,deepseek_classify_rename_vs_different_security,pending_deepseek_review,LSE::0M3L,LSE,batch_c_high_value_international
low_name_similarity,P2,BTLG11,B3,BVMF,BTG PACTUAL LOGISTICA FDO INV IMOB RESP LIM,FII BTG Pactual Logística,REIT,0.588,deepseek_classify_rename_vs_different_security,pending_deepseek_review,B3::BTLG11,Bovespa,batch_c_high_value_international
low_name_similarity,P2,HFOF11,B3,BVMF,HEDGE TOP FOFII 3 FII RESP LIM,Hedge Top FoFII 3 Fundo de Investimento Imobiliário – FII,REIT,0.588,deepseek_classify_rename_vs_different_security,pending_deepseek_review,B3::HFOF11,Bovespa,batch_c_high_value_international
low_name_similarity,P2,XPCM11,B3,BVMF,XP CORPORATE MACAÉ FII RESP LIM,XP Corporate Macaé Fundo de Investimento Imobiliário - FII,REIT,0.588,deepseek_classify_rename_vs_different_security,pending_deepseek_review,B3::XPCM11,Bovespa,batch_c_high_value_international
low_name_similarity,P2,SYLPH,BSE_IN,XBOM,Sylph Industries Ltd,Sylph Technologies Ltd.,Common Stock,0.588,deepseek_classify_rename_vs_different_security,pending_deepseek_review,BSE_IN::SYLPH,BSE,batch_c_high_value_international
low_name_similarity,P2,01137,HKEX,XHKG,HK TECH VENTURE,Hong Kong Technology Venture Company Limited,Common Stock,0.588,deepseek_classify_rename_vs_different_security,pending_deepseek_review,HKEX::01137,HKEX,batch_c_high_value_international
low_name_similarity,P2,01138,HKEX,XHKG,COSCO SHIP ENGY,"COSCO Shipping Energy Transportation Co., Ltd.",Common Stock,0.588,deepseek_classify_rename_vs_different_security,pending_deepseek_review,HKEX::01138,HKEX,batch_c_high_value_international
low_name_similarity,P2,01239,HKEX,XHKG,TEAMWAY INTL GP,Teamway International Group Holdings Ltd.,Common Stock,0.588,deepseek_classify_rename_vs_different_security,pending_deepseek_review,HKEX::01239,HKEX,batch_c_high_value_international
low_name_similarity,P2,01727,HKEX,XHKG,HEBEI CONS,Hebei Construction Group Corporation Limited,Common Stock,0.588,deepseek_classify_rename_vs_different_security,pending_deepseek_review,HKEX::01727,HKEX,batch_c_high_value_international
low_name_similarity,P2,01949,HKEX,XHKG,PLATT NERA,Platt Nera International Ltd.,Common Stock,0.588,deepseek_classify_rename_vs_different_security,pending_deepseek_review,HKEX::01949,HKEX,batch_c_high_value_international
low_name_similarity,P2,02630,HKEX,XHKG,VIGONVITA-B,"Vigonvita Life Sciences Co., Ltd.",Common Stock,0.588,deepseek_classify_rename_vs_different_security,pending_deepseek_review,HKEX::02630,HKEX,batch_c_high_value_international
low_name_similarity,P2,02656,HKEX,XHKG,160 HEALTH,160 Health International Limited,Common Stock,0.588,deepseek_classify_rename_vs_different_security,pending_deepseek_review,HKEX::02656,HKEX,batch_c_high_value_international
low_name_similarity,P2,03320,HKEX,XHKG,CHINARES PHARMA,China Resources Pharmaceutical Group Limited,Common Stock,0.588,deepseek_classify_rename_vs_different_security,pending_deepseek_review,HKEX::03320,HKEX,batch_c_high_value_international
low_name_similarity,P2,03830,HKEX,XHKG,KIDDIELAND,Kiddieland International Ltd.,Common Stock,0.588,deepseek_classify_rename_vs_different_security,pending_deepseek_review,HKEX::03830,HKEX,batch_c_high_value_international
low_name_similarity,P2,03903,HKEX,XHKG,HANHUA FIN,"Hanhua Financial Holding Co., Ltd.",Common Stock,0.588,deepseek_classify_rename_vs_different_security,pending_deepseek_review,HKEX::03903,HKEX,batch_c_high_value_international
low_name_similarity,P2,03986,HKEX,XHKG,GIGADEVICE,GigaDevice Semiconductor Inc.,Common Stock,0.588,deepseek_classify_rename_vs_different_security,pending_deepseek_review,HKEX::03986,HKEX,batch_c_high_value_international
low_name_similarity,P2,08106,HKEX,XHKG,XINHUA LANDE,Shenghua Lande Scitech Ltd.,Common Stock,0.588,deepseek_classify_rename_vs_different_security,pending_deepseek_review,HKEX::08106,HKEX,batch_c_high_value_international
low_name_similarity,P2,08482,HKEX,XHKG,WAN LEADER,Wan Leader International Ltd.,Common Stock,0.588,deepseek_classify_rename_vs_different_security,pending_deepseek_review,HKEX::08482,HKEX,batch_c_high_value_international
low_name_similarity,P2,0A7M,LSE,XLON,ICICI Bank Limited,ICICI Bank Limited Sponsored ADR,American Depositary Receipt,0.588,deepseek_classify_rename_vs_different_security,pending_deepseek_review,LSE::0A7M,LSE,batch_c_high_value_international
low_name_similarity,P2,9029,TSE,XJPX,"HIGASHI HOLDINGS CO.,LTD.","Higashi Twenty One Co., Ltd.",Common Stock,0.588,deepseek_classify_rename_vs_different_security,pending_deepseek_review,TSE::9029,JPX,batch_c_high_value_international
low_name_similarity,P2,KNSC11,B3,BVMF,KINEA SECURITIES FII RESP LIMITADA,Kinea Securities Real Estate Investment Fund,REIT,0.59,deepseek_classify_rename_vs_different_security,pending_deepseek_review,B3::KNSC11,Bovespa,batch_c_high_value_international
low_name_similarity,P2,HSML11,B3,BVMF,HSI MALLS FDO INV IMOB RESP LIM,HSI Malls FII,REIT,0.591,deepseek_classify_rename_vs_different_security,pending_deepseek_review,B3::HSML11,Bovespa,batch_c_high_value_international
low_name_similarity,P2,KEVE11,B3,BVMF,EVEN II KINEA FUII RESP LIM,FII Even II Kinea,REIT,0.591,deepseek_classify_rename_vs_different_security,pending_deepseek_review,B3::KEVE11,Bovespa,batch_c_high_value_international
low_name_similarity,P2,01086,HKEX,XHKG,GOODBABY INTL,Goodbaby International Holdings Limited,Common Stock,0.591,deepseek_classify_rename_vs_different_security,pending_deepseek_review,HKEX::01086,HKEX,batch_c_high_value_international
low_name_similarity,P2,01292,HKEX,XHKG,CMA LOGISTICS,"Changan Minsheng APLL Logistics Co., Ltd.",Common Stock,0.591,deepseek_classify_rename_vs_different_security,pending_deepseek_review,HKEX::01292,HKEX,batch_c_high_value_international
low_name_similarity,P2,01323,HKEX,XHKG,HUASHENG INTL,Huasheng International Holdings Limited,Common Stock,0.591,deepseek_classify_rename_vs_different_security,pending_deepseek_review,HKEX::01323,HKEX,batch_c_high_value_international
low_name_similarity,P2,01334,HKEX,XHKG,RUICHANG INTL,Ruichang International Holdings Ltd.,Common Stock,0.591,deepseek_classify_rename_vs_different_security,pending_deepseek_review,HKEX::01334,HKEX,batch_c_high_value_international
low_name_similarity,P2,01340,HKEX,XHKG,HUISHENG INTL,Huisheng International Holdings Limited,Common Stock,0.591,deepseek_classify_rename_vs_different_security,pending_deepseek_review,HKEX::01340,HKEX,batch_c_high_value_international
low_name_similarity,P2,01380,HKEX,XHKG,CHI KINGSTONE,China Kingstone Mining Holdings Limited,Common Stock,0.591,deepseek_classify_rename_vs_different_security,pending_deepseek_review,HKEX::01380,HKEX,batch_c_high_value_international
low_name_similarity,P2,01518,HKEX,XHKG,NC HEALTHCARE,New Century Healthcare Holdings Co. Ltd.,Common Stock,0.591,deepseek_classify_rename_vs_different_security,pending_deepseek_review,HKEX::01518,HKEX,batch_c_high_value_international
low_name_similarity,P2,01581,HKEX,XHKG,PROGRESSIVE P,Progressive Path Group Holdings Limited,Common Stock,0.591,deepseek_classify_rename_vs_different_security,pending_deepseek_review,HKEX::01581,HKEX,batch_c_high_value_international
low_name_similarity,P2,01732,HKEX,XHKG,XIANGXING INT,Xiangxing International Holding Ltd.,Common Stock,0.591,deepseek_classify_rename_vs_different_security,pending_deepseek_review,HKEX::01732,HKEX,batch_c_high_value_international
low_name_similarity,P2,02122,HKEX,XHKG,KIDSLAND INTL,Kidsland International Holdings Limited,Common Stock,0.591,deepseek_classify_rename_vs_different_security,pending_deepseek_review,HKEX::02122,HKEX,batch_c_high_value_international
low_name_similarity,P2,02349,HKEX,XHKG,CH CITY INFRA,China City Infrastructure Group Limited,Common Stock,0.591,deepseek_classify_rename_vs_different_security,pending_deepseek_review,HKEX::02349,HKEX,batch_c_high_value_international
low_name_similarity,P2,03833,HKEX,XHKG,XINXIN MINING,Xinjiang Xinxin Mining Industry Co. Ltd.,Common Stock,0.591,deepseek_classify_rename_vs_different_security,pending_deepseek_review,HKEX::03833,HKEX,batch_c_high_value_international
low_name_similarity,P2,03978,HKEX,XHKG,BESTSTUDY EDU,China Beststudy Education Group,Common Stock,0.591,deepseek_classify_rename_vs_different_security,pending_deepseek_review,HKEX::03978,HKEX,batch_c_high_value_international
low_name_similarity,P2,08143,HKEX,XHKG,GF HEALTHCARE,Good Fellow Healthcare Holdings Ltd.,Common Stock,0.591,deepseek_classify_rename_vs_different_security,pending_deepseek_review,HKEX::08143,HKEX,batch_c_high_value_international
low_name_similarity,P2,08277,HKEX,XHKG,STEEDORIENTAL,Steed Oriental Holdings Company Limited,Common Stock,0.591,deepseek_classify_rename_vs_different_security,pending_deepseek_review,HKEX::08277,HKEX,batch_c_high_value_international
low_name_similarity,P2,OCN,ASX,XASX,OCEANA METALS LIMITED,Oceana Lithium Limited,Common Stock,0.593,deepseek_classify_rename_vs_different_security,pending_deepseek_review,ASX::OCN,ASX,batch_c_high_value_international
low_name_similarity,P2,PQAG11,B3,BVMF,PARQUE ANHANGUERA FII RESP LIM,Parque Anhanguera Fundo de Investimento Imobiliário,REIT,0.593,deepseek_classify_rename_vs_different_security,pending_deepseek_review,B3::PQAG11,Bovespa,batch_c_high_value_international
low_name_similarity,P2,KNM,LSE,XLON,Konami Holdings Corp,Konami Group Corporation,Common Stock,0.593,deepseek_classify_rename_vs_different_security,pending_deepseek_review,LSE::KNM,LSE,batch_c_high_value_international
low_name_similarity,P2,CEBR5,B3,BVMF,CIA ENERGETICA DE BRASILIA,Companhia Energetica de Minas Gerais Preferred A,Preferred Stock,0.595,deepseek_classify_rename_vs_different_security,pending_deepseek_review,B3::CEBR5,Bovespa,batch_c_high_value_international
low_name_similarity,P2,HREC11,B3,BVMF,HEDGE RECEBIVEIS IMOB. FII RESP LIM,Hedge Recebíveis Fundo de Investimento Imobiliário,REIT,0.595,deepseek_classify_rename_vs_different_security,pending_deepseek_review,B3::HREC11,Bovespa,batch_c_high_value_international
low_name_similarity,P2,KNHF11,B3,BVMF,KINEA HEDGE FUND FII RESP LIM,Kinea Hedge Fundo de Investimento Imobiliário,REIT,0.595,deepseek_classify_rename_vs_different_security,pending_deepseek_review,B3::KNHF11,Bovespa,batch_c_high_value_international
low_name_similarity,P2,01181,HKEX,XHKG,TANG PALACE,Tang Palace (China) Holdings Limited,Common Stock,0.595,deepseek_classify_rename_vs_different_security,pending_deepseek_review,HKEX::01181,HKEX,batch_c_high_value_international
low_name_similarity,P2,01720,HKEX,XHKG,PUTIAN COMM,Putian Communication Group Limited,Common Stock,0.595,deepseek_classify_rename_vs_different_security,pending_deepseek_review,HKEX::01720,HKEX,batch_c_high_value_international
low_name_similarity,P2,01760,HKEX,XHKG,INTRON TECH,Intron Technology Holdings Limited,Common Stock,0.595,deepseek_classify_rename_vs_different_security,pending_deepseek_review,HKEX::01760,HKEX,batch_c_high_value_international
low_name_similarity,P2,01778,HKEX,XHKG,COLOUR LIFE,"Colour Life Services Group Co., Ltd.",Common Stock,0.595,deepseek_classify_rename_vs_different_security,pending_deepseek_review,HKEX::01778,HKEX,batch_c_high_value_international
low_name_similarity,P2,01911,HKEX,XHKG,CR HOLDINGS,China Renaissance Holdings Limited,Common Stock,0.595,deepseek_classify_rename_vs_different_security,pending_deepseek_review,HKEX::01911,HKEX,batch_c_high_value_international
low_name_similarity,P2,02128,HKEX,XHKG,CHINA LESSO,China Lesso Group Holdings Limited,Common Stock,0.595,deepseek_classify_rename_vs_different_security,pending_deepseek_review,HKEX::02128,HKEX,batch_c_high_value_international
low_name_similarity,P2,02236,HKEX,XHKG,WISON ENGRG,Wison Engineering Services Co. Ltd.,Common Stock,0.595,deepseek_classify_rename_vs_different_security,pending_deepseek_review,HKEX::02236,HKEX,batch_c_high_value_international
low_name_similarity,P2,02263,HKEX,XHKG,FU SHEK FIN,Fu Shek Financial Holdings Limited,Common Stock,0.595,deepseek_classify_rename_vs_different_security,pending_deepseek_review,HKEX::02263,HKEX,batch_c_high_value_international
low_name_similarity,P2,03606,HKEX,XHKG,FUYAO GLASS,Fuyao Glass Industry Group Co. Ltd.,Common Stock,0.595,deepseek_classify_rename_vs_different_security,pending_deepseek_review,HKEX::03606,HKEX,batch_c_high_value_international
low_name_similarity,P2,08432,HKEX,XHKG,BAR PACIFIC,Bar Pacific Group Holdings Limited,Common Stock,0.595,deepseek_classify_rename_vs_different_security,pending_deepseek_review,HKEX::08432,HKEX,batch_c_high_value_international
low_name_similarity,P2,80175,HKEX,XHKG,GEELY AUTO-R,Geely Automobile Holdings Ltd,Common Stock,0.595,deepseek_classify_rename_vs_different_security,pending_deepseek_review,HKEX::80175,HKEX,batch_c_high_value_international
low_name_similarity,P2,0IUV,LSE,XLON,Total Gabon S.A.,TotalEnergies EP Gabon,Common Stock,0.595,deepseek_classify_rename_vs_different_security,pending_deepseek_review,LSE::0IUV,LSE,batch_c_high_value_international
low_name_similarity,P2,HSRE11,B3,BVMF,HSI RENDA IMOB FDO INV IMOB RESPONSABILIDADE LTDA,HSI Renda Imobiliária Fundo de Investimento Imobiliário,REIT,0.596,deepseek_classify_rename_vs_different_security,pending_deepseek_review,B3::HSRE11,Bovespa,batch_c_high_value_international
low_name_similarity,P2,01455,HKEX,XHKG,FOURACE IND GP,Fourace Industries Group Holdings Limited,Common Stock,0.596,deepseek_classify_rename_vs_different_security,pending_deepseek_review,HKEX::01455,HKEX,batch_c_high_value_international
low_name_similarity,P2,01822,HKEX,XHKG,CHINA WOOD INT,China Wood International Holdings Limited,Common Stock,0.596,deepseek_classify_rename_vs_different_security,pending_deepseek_review,HKEX::01822,HKEX,batch_c_high_value_international
low_name_similarity,P2,02521,HKEX,XHKG,SHENGHUI CLEAN,Shenghui Cleanness Group Holdings Limited,Common Stock,0.596,deepseek_classify_rename_vs_different_security,pending_deepseek_review,HKEX::02521,HKEX,batch_c_high_value_international
low_name_similarity,P2,06083,HKEX,XHKG,WORLD-LINK LOG,World-Link Logistics Asia Holding Ltd.,Common Stock,0.596,deepseek_classify_rename_vs_different_security,pending_deepseek_review,HKEX::06083,HKEX,batch_c_high_value_international
low_name_similarity,P2,06193,HKEX,XHKG,TAILAM TECHCON,Tailam Tech Construction Holdings Limited,Common Stock,0.596,deepseek_classify_rename_vs_different_security,pending_deepseek_review,HKEX::06193,HKEX,batch_c_high_value_international
low_name_similarity,P2,0GWB,LSE,XLON,Lundbergforetagen AB L E ser. B,Lundbergs AB Class B shares,Common Stock,0.596,deepseek_classify_rename_vs_different_security,pending_deepseek_review,LSE::0GWB,LSE,batch_c_high_value_international
low_name_similarity,P2,0RHU,LSE,XLON,Flughafen Wien AG,Flughafen Wien Aktiengesellschaft,Common Stock,0.596,deepseek_classify_rename_vs_different_security,pending_deepseek_review,LSE::0RHU,LSE,batch_c_high_value_international
low_name_similarity,P2,AZ9,ASX,XASX,ASIAN BATTERY METALS PLC,Asian Battery Metals PLC Chess Depository Interests,Depositary Receipt,0.597,deepseek_classify_rename_vs_different_security,pending_deepseek_review,ASX::AZ9,ASX,batch_c_high_value_international
low_name_similarity,P2,VPPR11,B3,BVMF,V2 PRIME PROPERTIES FII RESP LIM,V2 Prime Property Real Estate Investment Fund,REIT,0.597,deepseek_classify_rename_vs_different_security,pending_deepseek_review,B3::VPPR11,Bovespa,batch_c_high_value_international
low_name_similarity,P2,0HV2,LSE,XLON,Hermes International SCA,Hermès International Société en commandite par actions,Common Stock,0.597,deepseek_classify_rename_vs_different_security,pending_deepseek_review,LSE::0HV2,LSE,batch_c_high_value_international
low_name_similarity,P2,BLMO11,B3,BVMF,VBI OFFICE FUND II - FII RESP LIM,VBI Office Fund II Fundo de Investimento Imobiliário – FII,REIT,0.598,deepseek_classify_rename_vs_different_security,pending_deepseek_review,B3::BLMO11,Bovespa,batch_c_high_value_international
low_name_similarity,P2,FIIP11,B3,BVMF,RB CAPITAL RENDA I - FII - RESP LIM,RB Capital Renda I Fundo de Investimento Imobiliário FII,REIT,0.598,deepseek_classify_rename_vs_different_security,pending_deepseek_review,B3::FIIP11,Bovespa,batch_c_high_value_international
low_name_similarity,P2,TRXB11,B3,BVMF,TRX REAL ESTATE II FII RESP LIM,TRX Real Estate II Fundo de Investimento Imobiliário - FII,REIT,0.598,deepseek_classify_rename_vs_different_security,pending_deepseek_review,B3::TRXB11,Bovespa,batch_c_high_value_international
low_name_similarity,P2,IGTI4,B3,BVMF,IGUATEMI S.A.,Iguatemi S.A. Preferred Stock,Preferred Stock,0.6,deepseek_classify_rename_vs_different_security,pending_deepseek_review,B3::IGTI4,Bovespa,batch_c_high_value_international
low_name_similarity,P2,RCSL4,B3,BVMF,RECRUSUL S.A.,Recrusul S.A. Preferred Stock,Preferred Stock,0.6,deepseek_classify_rename_vs_different_security,pending_deepseek_review,B3::RCSL4,Bovespa,batch_c_high_value_international
low_name_similarity,P2,EMBDL,BSE_IN,XBOM,Embassy Developments Ltd,Equinox India Developments L.P.,Common Stock,0.6,deepseek_classify_rename_vs_different_security,pending_deepseek_review,BSE_IN::EMBDL,BSE,batch_c_high_value_international
low_name_similarity,P2,KEYCORP,BSE_IN,XBOM,Key Corporation Ltd,KeyCorp Ltd.,Common Stock,0.6,deepseek_classify_rename_vs_different_security,pending_deepseek_review,BSE_IN::KEYCORP,BSE,batch_c_high_value_international
low_name_similarity,P2,SHARP,BSE_IN,XBOM,Sharp India Ltd,Sharpline Broadcast Ltd,Common Stock,0.6,deepseek_classify_rename_vs_different_security,pending_deepseek_review,BSE_IN::SHARP,BSE,batch_c_high_value_international
low_name_similarity,P2,01004,HKEX,XHKG,C SMARTERENERGY,China Smarter Energy Group Holdings Ltd.,Common Stock,0.6,deepseek_classify_rename_vs_different_security,pending_deepseek_review,HKEX::01004,HKEX,batch_c_high_value_international
low_name_similarity,P2,01011,HKEX,XHKG,NT PHARMA,"China NT Pharma Group Co., Ltd.",Common Stock,0.6,deepseek_classify_rename_vs_different_security,pending_deepseek_review,HKEX::01011,HKEX,batch_c_high_value_international
low_name_similarity,P2,01216,HKEX,XHKG,ZYBANK,"Zhongyuan Bank Co., Ltd.",Common Stock,0.6,deepseek_classify_rename_vs_different_security,pending_deepseek_review,HKEX::01216,HKEX,batch_c_high_value_international
low_name_similarity,P2,01220,HKEX,XHKG,ZHIDAO INT'L,Zhidao International Holding Corp.,Common Stock,0.6,deepseek_classify_rename_vs_different_security,pending_deepseek_review,HKEX::01220,HKEX,batch_c_high_value_international
low_name_similarity,P2,01303,HKEX,XHKG,HUILI RES,Huili Resources Group Ltd.,Common Stock,0.6,deepseek_classify_rename_vs_different_security,pending_deepseek_review,HKEX::01303,HKEX,batch_c_high_value_international
low_name_similarity,P2,01541,HKEX,XHKG,IMMUNEONCO-B,Immuneonco Biopharmaceutical Inc.,Common Stock,0.6,deepseek_classify_rename_vs_different_security,pending_deepseek_review,HKEX::01541,HKEX,batch_c_high_value_international
low_name_similarity,P2,01623,HKEX,XHKG,HILONG,Hilong Holding Ltd.,Common Stock,0.6,deepseek_classify_rename_vs_different_security,pending_deepseek_review,HKEX::01623,HKEX,batch_c_high_value_international
low_name_similarity,P2,01798,HKEX,XHKG,DATANG RENEW,"China Datang Corporation Renewable Power Co., Ltd.",Common Stock,0.6,deepseek_classify_rename_vs_different_security,pending_deepseek_review,HKEX::01798,HKEX,batch_c_high_value_international
low_name_similarity,P2,01861,HKEX,XHKG,PRECIOUS DRAGON,Precious Dragon Technology Holdings Limited,Common Stock,0.6,deepseek_classify_rename_vs_different_security,pending_deepseek_review,HKEX::01861,HKEX,batch_c_high_value_international
low_name_similarity,P2,01888,HKEX,XHKG,KB LAMINATES,Kingboard Laminates Holdings Ltd.,Common Stock,0.6,deepseek_classify_rename_vs_different_security,pending_deepseek_review,HKEX::01888,HKEX,batch_c_high_value_international
low_name_similarity,P2,01889,HKEX,XHKG,SANAI HEALTH GP,Sanai Health Industry Group Company Limited,Common Stock,0.6,deepseek_classify_rename_vs_different_security,pending_deepseek_review,HKEX::01889,HKEX,batch_c_high_value_international
low_name_similarity,P2,01961,HKEX,XHKG,INFINITIES TECH,Infinities Technology International Inc.,Common Stock,0.6,deepseek_classify_rename_vs_different_security,pending_deepseek_review,HKEX::01961,HKEX,batch_c_high_value_international
low_name_similarity,P2,02271,HKEX,XHKG,ZHONGAN SERVICE,Zhong An Intelligent Living Service Ltd.,Common Stock,0.6,deepseek_classify_rename_vs_different_security,pending_deepseek_review,HKEX::02271,HKEX,batch_c_high_value_international
low_name_similarity,P2,02418,HKEX,XHKG,DEEWIN,"Deewin Tianxia Co., Ltd.",Common Stock,0.6,deepseek_classify_rename_vs_different_security,pending_deepseek_review,HKEX::02418,HKEX,batch_c_high_value_international
low_name_similarity,P2,02439,HKEX,XHKG,CH TREASURES NM,China Treasures New Materials Group Ltd,Common Stock,0.6,deepseek_classify_rename_vs_different_security,pending_deepseek_review,HKEX::02439,HKEX,batch_c_high_value_international
low_name_similarity,P2,02506,HKEX,XHKG,XUNFEIHEALTH,"Xunfei Healthcare Technology Co., Ltd.",Common Stock,0.6,deepseek_classify_rename_vs_different_security,pending_deepseek_review,HKEX::02506,HKEX,batch_c_high_value_international
low_name_similarity,P2,02637,HKEX,XHKG,HAIXI PHARMA,"Fujian Haixi Pharmaceuticals Co., Ltd.",Common Stock,0.6,deepseek_classify_rename_vs_different_security,pending_deepseek_review,HKEX::02637,HKEX,batch_c_high_value_international
low_name_similarity,P2,06169,HKEX,XHKG,YUHUA EDU,China YuHua Education Corporation Limited,Common Stock,0.6,deepseek_classify_rename_vs_different_security,pending_deepseek_review,HKEX::06169,HKEX,batch_c_high_value_international
low_name_similarity,P2,08005,HKEX,XHKG,YUXING INFOTECH,Yuxing InfoTech Investment Holdings Limited,Common Stock,0.6,deepseek_classify_rename_vs_different_security,pending_deepseek_review,HKEX::08005,HKEX,batch_c_high_value_international
low_name_similarity,P2,08189,HKEX,XHKG,TEDA BIOMEDICAL,"Tianjin Teda Biomedical Engineering Co., Ltd.",Common Stock,0.6,deepseek_classify_rename_vs_different_security,pending_deepseek_review,HKEX::08189,HKEX,batch_c_high_value_international
low_name_similarity,P2,08280,HKEX,XHKG,CDV HOLDINGS,China Digital Video Holdings Ltd.,Common Stock,0.6,deepseek_classify_rename_vs_different_security,pending_deepseek_review,HKEX::08280,HKEX,batch_c_high_value_international
low_name_similarity,P2,08349,HKEX,XHKG,GUIXIN GROUP,"Yunhong Guixin Group Holding Co., Ltd.",Common Stock,0.6,deepseek_classify_rename_vs_different_security,pending_deepseek_review,HKEX::08349,HKEX,batch_c_high_value_international
low_name_similarity,P2,08431,HKEX,XHKG,HAO BAI INTL,Hao Bai International Cayman Limited,Common Stock,0.6,deepseek_classify_rename_vs_different_security,pending_deepseek_review,HKEX::08431,HKEX,batch_c_high_value_international
low_name_similarity,P2,08657,HKEX,XHKG,TRUE PARTNER,True Partner Capital Holding Limited,Common Stock,0.6,deepseek_classify_rename_vs_different_security,pending_deepseek_review,HKEX::08657,HKEX,batch_c_high_value_international
low_name_similarity,P2,81024,HKEX,XHKG,KUAISHOU-WR,Kuaishou Technology,Common Stock,0.6,deepseek_classify_rename_vs_different_security,pending_deepseek_review,HKEX::81024,HKEX,batch_c_high_value_international
low_name_similarity,P2,0BOE,LSE,XLON,Boeing Co.,Boeing Company,Common Stock,0.6,deepseek_classify_rename_vs_different_security,pending_deepseek_review,LSE::0BOE,LSE,batch_c_high_value_international
low_name_similarity,P2,0HM0,LSE,XLON,VGP N.V.,VGP NV,Common Stock,0.6,deepseek_classify_rename_vs_different_security,pending_deepseek_review,LSE::0HM0,LSE,batch_c_high_value_international
low_name_similarity,P2,0I0J,LSE,XLON,Clorox Co.,The Clorox Company,Common Stock,0.6,deepseek_classify_rename_vs_different_security,pending_deepseek_review,LSE::0I0J,LSE,batch_c_high_value_international
low_name_similarity,P2,0K3B,LSE,XLON,Mosaic Co.,Mosaic Company,Common Stock,0.6,deepseek_classify_rename_vs_different_security,pending_deepseek_review,LSE::0K3B,LSE,batch_c_high_value_international
low_name_similarity,P2,0K8N,LSE,XLON,Beneteau SA,Bénéteau S.A.,Common Stock,0.6,deepseek_classify_rename_vs_different_security,pending_deepseek_review,LSE::0K8N,LSE,batch_c_high_value_international
low_name_similarity,P2,0NWK,LSE,XLON,Valerio Therapeutics,Valerio Tx Corp.,Common Stock,0.6,deepseek_classify_rename_vs_different_security,pending_deepseek_review,LSE::0NWK,LSE,batch_c_high_value_international
low_name_similarity,P2,0OQ2,LSE,XLON,SOGECLAIR SA SOGECLAIR ORD SHS,Sogeclair S.A.,Common Stock,0.6,deepseek_classify_rename_vs_different_security,pending_deepseek_review,LSE::0OQ2,LSE,batch_c_high_value_international
low_name_similarity,P2,0QGH,LSE,XLON,OCI NV,OCI N.V.,Common Stock,0.6,deepseek_classify_rename_vs_different_security,pending_deepseek_review,LSE::0QGH,LSE,batch_c_high_value_international
low_name_similarity,P2,0QMI,LSE,XLON,SGS S.A.,SGS SA,Common Stock,0.6,deepseek_classify_rename_vs_different_security,pending_deepseek_review,LSE::0QMI,LSE,batch_c_high_value_international
low_name_similarity,P2,ENIFTY,NSE_IN,XNSE,EDELAMC - ENIFTY,ENIFTY,Common Stock,0.6,deepseek_classify_rename_vs_different_security,pending_deepseek_review,NSE_IN::ENIFTY,NSE,batch_c_high_value_international
low_name_similarity,P2,4592,TSE,XJPX,SanBio Company Limited,"SanBio Co., Ltd.",Common Stock,0.6,deepseek_classify_rename_vs_different_security,pending_deepseek_review,TSE::4592,JPX,batch_c_high_value_international
low_name_similarity,P2,4881,TSE,XJPX,FunPep Company Limited,"Funpep Co., Ltd.",Common Stock,0.6,deepseek_classify_rename_vs_different_security,pending_deepseek_review,TSE::4881,JPX,batch_c_high_value_international
low_name_similarity,P2,5380,TSE,XJPX,SHINTO COMPANY LIMITED,Shinto Co. Ltd.,Common Stock,0.6,deepseek_classify_rename_vs_different_security,pending_deepseek_review,TSE::5380,JPX,batch_c_high_value_international
low_name_similarity,P2,6513,TSE,XJPX,"Origin Company,Limited","Origin Co., Ltd.",Common Stock,0.6,deepseek_classify_rename_vs_different_security,pending_deepseek_review,TSE::6513,JPX,batch_c_high_value_international
low_name_similarity,P2,7447,TSE,XJPX,"NAGAILEBEN Co.,Ltd.","Nagase & Co., Ltd.",Common Stock,0.6,deepseek_classify_rename_vs_different_security,pending_deepseek_review,TSE::7447,JPX,batch_c_high_value_international
low_name_similarity,P2,8136,TSE,XJPX,"Sanrio Company,Ltd.","Sanrio Co., Ltd.",Common Stock,0.6,deepseek_classify_rename_vs_different_security,pending_deepseek_review,TSE::8136,JPX,batch_c_high_value_international
low_name_similarity,P2,BBFO11,B3,BVMF,BB FUNDO DE FUNDOS - FII RESP LIM,BB Fundo De Fundos Fundo De Investimento Imobiliário,REIT,0.602,deepseek_classify_rename_vs_different_security,pending_deepseek_review,B3::BBFO11,Bovespa,batch_c_high_value_international
low_name_similarity,P2,OUJP11,B3,BVMF,OURINVEST JPP FII RESP LIM,FII Ourinvest JPP,REIT,0.605,deepseek_classify_rename_vs_different_security,pending_deepseek_review,B3::OUJP11,Bovespa,batch_c_high_value_international
low_name_similarity,P2,01090,HKEX,XHKG,DA MING INT'L,Da Ming International Holdings Limited,Common Stock,0.605,deepseek_classify_rename_vs_different_security,pending_deepseek_review,HKEX::01090,HKEX,batch_c_high_value_international
low_name_similarity,P2,01235,HKEX,XHKG,TRAVEL EXPERT,Travel Expert Asia Enterprises Limited,Common Stock,0.605,deepseek_classify_rename_vs_different_security,pending_deepseek_review,HKEX::01235,HKEX,batch_c_high_value_international
low_name_similarity,P2,01882,HKEX,XHKG,HAITIAN INT'L,Haitian International Holdings Ltd.,Common Stock,0.605,deepseek_classify_rename_vs_different_security,pending_deepseek_review,HKEX::01882,HKEX,batch_c_high_value_international
low_name_similarity,P2,02210,HKEX,XHKG,BEIJING JIAYE,"Beijing Capital Jiaye Property Co., Ltd.",Common Stock,0.605,deepseek_classify_rename_vs_different_security,pending_deepseek_review,HKEX::02210,HKEX,batch_c_high_value_international
low_name_similarity,P2,02382,HKEX,XHKG,SUNNY OPTICAL,"Sunny Optical Technology Group Co., Ltd.",Common Stock,0.605,deepseek_classify_rename_vs_different_security,pending_deepseek_review,HKEX::02382,HKEX,batch_c_high_value_international
low_name_similarity,P2,02668,HKEX,XHKG,PAK TAK INT'L,Pak Tak International Holdings Limited,Common Stock,0.605,deepseek_classify_rename_vs_different_security,pending_deepseek_review,HKEX::02668,HKEX,batch_c_high_value_international
low_name_similarity,P2,03363,HKEX,XHKG,ZHENGYE INT'L,"Zhengye International Holdings Co., Ltd.",Common Stock,0.605,deepseek_classify_rename_vs_different_security,pending_deepseek_review,HKEX::03363,HKEX,batch_c_high_value_international
low_name_similarity,P2,TRAF,LSE,AIMX,Trafalgar New Homes Plc,Trafalgar Property Group Plc,Common Stock,0.605,deepseek_classify_rename_vs_different_security,pending_deepseek_review,LSE::TRAF,LSE,batch_c_high_value_international
low_name_similarity,P2,HGIC11,B3,BVMF,HGI CRÉDITOS IMOBILIÁRIOS FII RESP LIM,FII HGI Crédito Imobiliário - Fundo de Investimento Imobiliário,REIT,0.606,deepseek_classify_rename_vs_different_security,pending_deepseek_review,B3::HGIC11,Bovespa,batch_c_high_value_international
low_name_similarity,P2,02479,HKEX,XHKG,TIANJUDIHE,"Tianju Dihe Suzhou Data Co., Ltd.",Common Stock,0.606,deepseek_classify_rename_vs_different_security,pending_deepseek_review,HKEX::02479,HKEX,batch_c_high_value_international
low_name_similarity,P2,06158,HKEX,XHKG,ZHENRO PPT,Zhenro Properties Group Ltd.,Common Stock,0.606,deepseek_classify_rename_vs_different_security,pending_deepseek_review,HKEX::06158,HKEX,batch_c_high_value_international
low_name_similarity,P2,06188,HKEX,XHKG,BJ DIGITAL,Beijing Digital Telecom Co.,Common Stock,0.606,deepseek_classify_rename_vs_different_security,pending_deepseek_review,HKEX::06188,HKEX,batch_c_high_value_international
low_name_similarity,P2,08319,HKEX,XHKG,EXPERT SYS,Expert Systems Holdings Ltd.,Common Stock,0.606,deepseek_classify_rename_vs_different_security,pending_deepseek_review,HKEX::08319,HKEX,batch_c_high_value_international
low_name_similarity,P2,0REZ,LSE,XLON,AddLife AB,AddLife AB (publ) Class B,Common Stock,0.606,deepseek_classify_rename_vs_different_security,pending_deepseek_review,LSE::0REZ,LSE,batch_c_high_value_international
