ticker,exchange,asset_type,name,tv_symbol,tv_name,tv_exchange,tv_type,tv_subtype,tv_isin,tv_sector,tv_industry,tv_country,name_match,peer_name_match,decision
001366,SZSE,Stock,Boen Group Co. Ltd. Cl A,001366,"Boen Group Co., Ltd. Class A",SZSE,stock,common,CNE1000061K1,Process Industries,Agricultural Commodities/Milling,China,False,True,name_mismatch
159001,SZSE,ETF,货币ETF易方达,159001,E FUND MANAGEMENT CO LTD,SZSE,fund,etf,,Miscellaneous,Investment Trusts/Mutual Funds,China,False,False,missing_isin
159003,SZSE,ETF,招商快线ETF,159003,CHINA MERCHANTS FUND MANAGEMENT CO,SZSE,fund,etf,,Miscellaneous,Investment Trusts/Mutual Funds,China,False,False,missing_isin
159930,SZSE,ETF,China Universal Asset Management - CSI Energy Fund,159930,CHINA UNIVERSAL ASSET MANAGEMENT,SZSE,fund,etf,,Miscellaneous,Investment Trusts/Mutual Funds,China,True,False,missing_isin
159931,SZSE,ETF,金融地产ETF汇添富,159931,CHINA UNIVERSAL ASSET MANAGEMENT,SZSE,fund,etf,,Miscellaneous,Investment Trusts/Mutual Funds,China,False,False,missing_isin
159933,SZSE,ETF,金融地产ETF国投瑞银,159933,UBS SDIC FUND MANAGEMENT CO LTD,SZSE,fund,etf,,Miscellaneous,Investment Trusts/Mutual Funds,China,False,False,missing_isin
159934,SZSE,ETF,黄金ETF易方达,159934,E FUND MANAGEMENT CO LTD,SZSE,fund,etf,,Miscellaneous,Investment Trusts/Mutual Funds,China,False,False,missing_isin
159935,SZSE,ETF,中证500ETF景顺,159935,INVESCO GREAT WALL FUND MGMT CO LTD,SZSE,fund,etf,,Miscellaneous,Investment Trusts/Mutual Funds,China,False,False,missing_isin
159936,SZSE,ETF,可选消费ETF广发,159936,GF FUND MANAGEMENT CO LTD,SZSE,fund,etf,,Miscellaneous,Investment Trusts/Mutual Funds,China,False,False,missing_isin
301047,SZSE,Stock,Sino BiologicalInc.,301047,Sino Biological Inc. Class A,SZSE,stock,common,CNE100004Q23,Health Technology,Pharmaceuticals: Major,China,False,True,name_mismatch
301539,SZSE,Stock,Hongxin Tech Co Ltd,301539,"ZheJiang HongXin Technology Co., Ltd. Class A",SZSE,stock,common,CNE100006HP5,Process Industries,Industrial Specialties,China,False,True,name_mismatch
301589,SZSE,Stock,Novastar Co Ltd,301589,"Xi'an Novastar Tech Co., Ltd. Class A",SZSE,stock,common,CNE100006FM6,Distribution Services,Electronics Distributors,China,False,True,name_mismatch
511600,SSE,ETF,华安日日鑫ETF,511600,Currency ETF,SSE,fund,etf,,Miscellaneous,Investment Trusts/Mutual Funds,China,False,False,missing_isin
511650,SSE,ETF,货币ETF华夏,511650,ChinaAMC Kuaixian,SSE,fund,etf,,Miscellaneous,Investment Trusts/Mutual Funds,China,False,False,missing_isin
511690,SSE,ETF,交易货币ETF大成,511690,Trading Currency,SSE,fund,etf,,Miscellaneous,Investment Trusts/Mutual Funds,China,False,False,missing_isin
511700,SSE,ETF,货币ETF平安,511700,Onfloor Currency,SSE,fund,etf,,Miscellaneous,Investment Trusts/Mutual Funds,China,False,False,missing_isin
511770,SSE,ETF,金鹰增益货币ETF,511770,Golden Eagle Gain,SSE,fund,etf,,Miscellaneous,Investment Trusts/Mutual Funds,China,False,False,missing_isin
511820,SSE,ETF,鹏华添利ETF,511820,Penghua Tianli,SSE,fund,etf,,Miscellaneous,Investment Trusts/Mutual Funds,China,False,False,missing_isin
511830,SSE,ETF,货币ETF华泰柏瑞,511830,Huatai Currency,SSE,fund,etf,,,,,False,False,missing_isin
511850,SSE,ETF,招商财富宝ETF,511850,Caifubao E,SSE,fund,etf,,Miscellaneous,Investment Trusts/Mutual Funds,China,False,False,missing_isin
511860,SSE,ETF,货币ETF博时,511860,Bosera Currency,SSE,fund,etf,,Miscellaneous,Investment Trusts/Mutual Funds,China,False,False,missing_isin
511880,SSE,ETF,银华日利ETF,511880,XD Yinhua Rili,SSE,fund,etf,,Miscellaneous,Investment Trusts/Mutual Funds,China,False,False,missing_isin
511900,SSE,ETF,富国货币ETF,511900,Fullgoal Currency,SSE,fund,etf,,Miscellaneous,Investment Trusts/Mutual Funds,China,False,False,missing_isin
511930,SSE,ETF,货币ETF国联,511930,Zhongrong Riying,SSE,fund,etf,,Miscellaneous,Investment Trusts/Mutual Funds,China,False,False,missing_isin
511950,SSE,ETF,添利货币ETF广发,511950,GF Tianli,SSE,fund,etf,,Miscellaneous,Investment Trusts/Mutual Funds,China,False,False,missing_isin
511960,SSE,ETF,货币ETF嘉实,511960,Harvest Kuaixian,SSE,fund,etf,,Miscellaneous,Investment Trusts/Mutual Funds,China,False,False,missing_isin
512070,SSE,ETF,证券保险ETF易方达,512070,Non-bank ETF,SSE,fund,etf,,Miscellaneous,Investment Trusts/Mutual Funds,China,False,False,missing_isin
601956,SSE,Stock,Hubei Donper Electromechanical Group Co. Ltd.,601956,HUBEI DONPER ELECTROMECHANICAL GROU,SSE,stock,common,,Producer Manufacturing,Industrial Machinery,China,True,False,missing_isin
603091,SSE,Stock,ZX PACKING ORD A (SHH) EQSW Exp:,603091,"Zhejiang Zhongxin Environmental Protection Technology Group Co., Ltd. Class A",SSE,stock,common,CNE1000078K5,Process Industries,Containers/Packaging,China,False,True,name_mismatch
603150,SSE,Stock,Anhui Higasket Plastics Co.Ltd.,603150,"Higa Co., Ltd. Class A",SSE,stock,common,CNE100007812,Producer Manufacturing,Industrial Machinery,China,False,True,name_mismatch
603207,SSE,Stock,XIAO FANG ORD A (SHH) EQSW Exp:,603207,"Shanghai Xiao Fang Pharmaceutical Co., Ltd. Class A",SSE,stock,common,CNE1000078H1,Health Technology,Pharmaceuticals: Major,China,False,True,name_mismatch
603284,SSE,Stock,Anhui Linping Circular Dvlp Co,603284,Anhui Linping Circular Development Co Ltd. Class A,SSE,stock,common,CNE100007W71,Process Industries,Pulp & Paper,China,True,True,accept
605068,SSE,Stock,Mingxin Automotive Leather Co. Ltd.,605068,"Mingxin New Material Co., Ltd. Class A",SSE,stock,common,CNE1000077F7,Producer Manufacturing,Auto Parts: OEM,China,False,True,name_mismatch
688221,SSE,Stock,Frontier Biopharmaceuticals (Nanjing) Co. Ltd. A,688221,Frontier Biotechnologies Inc. Class A,SSE,stock,common,CNE100005XF5,Health Technology,Biotechnology,China,False,True,name_mismatch
688235,SSE,Stock,BeiGene Ltd.,688235,BeOne Medicines Ltd. Class A,SSE,stock,common,CNE100005XT6,Health Technology,Pharmaceuticals: Major,Switzerland,False,True,name_mismatch
688450,SSE,Stock,AGIOE ORD A (SHH) EQSW Exp:,688450,"Suzhou Agioe Technologies Co., Ltd. Class A",SSE,stock,common,CNE100007887,Electronic Technology,Electronic Equipment/Instruments,China,False,True,name_mismatch
688573,SSE,Stock,XINYUREN ORD A (SHH) EQSW Exp:,688573,"Shenzhen Xinyuren Technology Co., Ltd. Class A",SSE,stock,common,CNE1000078F5,Producer Manufacturing,Industrial Machinery,China,False,True,name_mismatch
688592,SSE,Stock,COMNAV ORD A (SHH) EQSW Exp:,688592,ComNav Technology Ltd. Class A,SSE,stock,common,CNE1000078D0,Electronic Technology,Electronic Components,China,False,True,name_mismatch
688602,SSE,Stock,CHEMSPEC ORD A (SHH) EQSW Exp:,688602,Shanghai Chemspec Corporation Class A,SSE,stock,common,CNE100007879,Process Industries,Chemicals: Major Diversified,China,False,True,name_mismatch
688603,SSE,Stock,Guangdong Skychem Technology Co. Ltd. A,688603,"Shanghai Skychem Technology Co., Ltd. Class A",SSE,stock,common,CNE100006ZL6,Process Industries,Chemicals: Specialty,China,False,True,name_mismatch
688610,SSE,Stock,I-TEK ORD A (SHH) EQSW Exp:,688610,"Hefei I-TEK OptoElectronics Co., Ltd. Class A",SSE,stock,common,CNE100007861,Consumer Durables,Electronics/Appliances,China,False,True,name_mismatch
688615,SSE,Stock,INTSIG ORD A (SHH) EQSW Exp:,688615,"Intsig Information Co., Ltd. Class A",SSE,stock,common,CNE1000078L3,Technology Services,Packaged Software,China,False,True,name_mismatch
688638,SSE,Stock,UTIMES ORD A (SHH) EQSW Exp:,688638,"Shenzhen UTIMES Intelligent Equipment Co., Ltd. Class A",SSE,stock,common,CNE100007853,Producer Manufacturing,Industrial Machinery,China,False,True,name_mismatch
688651,SSE,Stock,WEBRAY ORD A (SHH) EQSW Exp:,688651,WebRAY Tech Group Inc. Class A,SSE,stock,common,CNE100007895,Technology Services,Information Technology Services,China,False,True,name_mismatch
688671,SSE,Stock,BESCIENT ORD A (SHH) EQSW Exp:,688671,"Bescient Technologies Co.,Ltd. Class A",SSE,stock,common,CNE1000078C2,Electronic Technology,Electronic Equipment/Instruments,China,False,True,name_mismatch
688693,SSE,Stock,CONVERT ORD A (SHH) EQSW Exp:,688693,"Suzhou Convert Semiconductor Co., Ltd. Class A",SSE,stock,common,CNE1000078G3,Electronic Technology,Semiconductors,China,False,True,name_mismatch
688710,SSE,Stock,INNOSTAR ORD A (SHH) EQSW Exp:,688710,Shanghai InnoStar Bio-tech Co. Ltd. Class A,SSE,stock,common,CNE1000078J7,Health Technology,Pharmaceuticals: Major,China,False,True,name_mismatch
AAC,NYSE,Stock,Ares Acquisition Corporation III Class A Ordinary Shares,AAC,Ares Acquisition Corp. III Class A,NYSE,stock,common,KYG3303U1040,Finance,Financial Conglomerates,United States,True,True,accept
AB-H,TSXV,Stock,Asbestos Corporation Limited,,,,,,,,,,False,False,no_tradingview_match
ABND,NYSE ARCA,ETF,American Century Core Plus Income ETF,ABND,American Century Core Plus Income ETF,AMEX,fund,etf,US0250723980,Miscellaneous,Investment Trusts/Mutual Funds,United States,True,True,accept
AC2,ASX,ETF,ALLIED CREDIT ABS TRUST 2025-1P,,,,,,,,,,False,False,no_tradingview_match
AC3,ASX,ETF,ALLIED CREDIT ABS TRUST 2025-2,,,,,,,,,,False,False,no_tradingview_match
ACBE,NASDAQ,ETF,Pacer Metaurus Enhanced Core Income Autocallable ETF,ACBE,Pacer Metaurus Enhanced Core Income Autocallable ETF,NASDAQ,fund,etf,US69384J8852,Miscellaneous,Investment Trusts/Mutual Funds,United States,True,True,accept
ACBH,NASDAQ,ETF,Pacer Metaurus High Income Autocallable ETF,ACBH,Pacer Metaurus High Income Autocallable ETF,NASDAQ,fund,etf,US69384J8027,Miscellaneous,Investment Trusts/Mutual Funds,United States,True,True,accept
ACCL,NASDAQ,Stock,Acco Group Holdings Limited Ordinary Shares,ACCL,Acco Group Holdings Limited Class A,NASDAQ,stock,common,KYG0069D1108,Commercial Services,Miscellaneous Commercial Services,Hong Kong,False,True,name_mismatch
ACCV,NASDAQ,Stock,Accelevation Holdings Corp. - Class A ordinary shares,ACCV,Accelevation Holdings Corp. Class A,NASDAQ,stock,common,US0049661079,Producer Manufacturing,Electrical Products,United States,True,True,accept
ACIG,BATS,ETF,Hartford Alpha Capture International Growth ETF,ACIG,Hartford Alpha Capture International Growth ETF,CBOE,fund,etf,US41653L7846,Miscellaneous,Investment Trusts/Mutual Funds,United States,True,True,accept
ACL,TSXV,Stock,A.C.L. Construction Ltd.,ACL,A.C.L. Construction Ltd,TSXV,stock,common,CA00092W1086,Finance,Financial Conglomerates,Canada,True,True,accept
ACS,TSXV,Stock,Archon Minerals Limited,ACS,Archon Minerals Limited,TSXV,stock,common,CA03958A1030,Non-Energy Minerals,Other Metals/Minerals,Canada,True,True,accept
ACSM,BATS,ETF,Hartford Alpha Capture SMID Cap ETF,ACSM,Hartford Alpha Capture SMID Cap ETF,CBOE,fund,etf,US41653L7929,Miscellaneous,Investment Trusts/Mutual Funds,United States,True,True,accept
ADBT,NASDAQ,Stock,"Advasa Holdings, Inc. - Common stock",ADBT,"Advasa Holdings, Inc.",NASDAQ,stock,common,US00783R1032,Technology Services,Packaged Software,Japan,True,True,accept
ADRX,NASDAQ,Stock,"ADARx Pharmaceuticals, Inc. - Common stock",ADRX,"ADARx Pharmaceuticals, Inc.",NASDAQ,stock,common,US00654F1057,Health Technology,Biotechnology,United States,True,True,accept
AEMC,NYSE ARCA,ETF,Harbor AlphaEdge Mid Cap Core ETF,AEMC,Harbor AlphaEdge Mid Cap Core ETF,AMEX,fund,etf,US41151J5627,Miscellaneous,Investment Trusts/Mutual Funds,United States,True,True,accept
AEMG,NYSE ARCA,ETF,Harbor AlphaEdge Mid Cap Growth ETF,AEMG,Harbor AlphaEdge Mid Cap Growth ETF,AMEX,fund,etf,US41151J5544,Miscellaneous,Investment Trusts/Mutual Funds,United States,True,True,accept
AEMV,NYSE ARCA,ETF,Harbor AlphaEdge Mid Cap Value ETF,AEMV,Harbor AlphaEdge Mid Cap Value ETF,AMEX,fund,etf,US41151J5478,Miscellaneous,Investment Trusts/Mutual Funds,United States,True,True,accept
AENP,TSX,ETF,AGF Enhanced U.S. Income Plus Fund,AENP,AGF Enhanced U.S. Income Plus Fund Trust Unit,TSX,fund,etf,CA00113F1009,Miscellaneous,Investment Trusts/Mutual Funds,Canada,True,True,accept
AER,NYSE,Stock,AerCap Holdings NV,AER,AerCap Holdings NV,NYSE,stock,common,NL0000687663,Finance,Finance/Rental/Leasing,Ireland,True,True,accept
AERO,NYSE,Stock,"Grupo Aeroméxico, S.A.B. de C.V.",AERO,"Grupo Aeromexico, S.A.B. de C.V. Unsponsored ADR",NYSE,dr,,US40054J1097,Transportation,Airlines,Mexico,True,True,accept
AESB,NYSE ARCA,ETF,Harbor AlphaEdge Small Cap Core ETF,AESB,Harbor AlphaEdge Small Cap Core ETF,AMEX,fund,etf,US41151J5395,Miscellaneous,Investment Trusts/Mutual Funds,United States,True,True,accept
AESG,NYSE ARCA,ETF,Harbor AlphaEdge Small Cap Growth ETF,AESG,Harbor AlphaEdge Small Cap Growth ETF,AMEX,fund,etf,US41151J5213,Miscellaneous,Investment Trusts/Mutual Funds,United States,True,True,accept
AESL,NYSE ARCA,ETF,Harbor AlphaEdge Small Cap Value ETF,AESL,Harbor AlphaEdge Small Cap Value ETF,AMEX,fund,etf,US41151J5130,Miscellaneous,Investment Trusts/Mutual Funds,United States,True,True,accept
AF2,ASX,ETF,ANGLE ASSET FINANCE - RADIAN TRUST 2025-1,,,,,,,,,,False,False,no_tradingview_match
AF4,ASX,ETF,AFG 2024-1 TRUST IN RESPECT OF SERIES 2024-1,,,,,,,,,,False,False,no_tradingview_match
AF5,ASX,ETF,AFG 2025-1NC TRUST IN RESPECT OF SERIES 2025-1NC,,,,,,,,,,False,False,no_tradingview_match
AF6,ASX,ETF,AFG 2025-1 TRUST IN RESPECT OF SERIES 2025-1,,,,,,,,,,False,False,no_tradingview_match
AF7,ASX,ETF,ANGLE ASSET FINANCE - RADIAN TRUST 2025-2,,,,,,,,,,False,False,no_tradingview_match
AFDM,NASDAQ,ETF,First Trust Active Factor International ETF,AFDM,First Trust Active Factor International ETF,NASDAQ,fund,etf,US33739P6088,Miscellaneous,Investment Trusts/Mutual Funds,United States,True,False,isin_peer_name_mismatch
AFEM,NASDAQ,ETF,First Trust Active Factor Emerging Markets ETF,AFEM,First Trust Active Factor Emerging Markets ETF,NASDAQ,fund,etf,US33739P7078,Miscellaneous,Investment Trusts/Mutual Funds,United States,True,False,isin_peer_name_mismatch
AFOF11,B3,ETF,Alianza Fofii Fundo De Investimento Imobiliario,,,,,,,,,,False,False,no_tradingview_match
AFR,TSXV,Stock,AFR NuVenture Resources Inc.,,,,,,,,,,False,False,no_tradingview_match
AFV.P,TSXV,Stock,Apolo V Acquisition Corp.,,,,,,,,,,False,False,no_tradingview_match
AGCX11,B3,ETF,FDO INV IMOB RIO BRAVO RENDA VAREJO - FII,,,,,,,,,,False,False,no_tradingview_match
AGGM,NYSE ARCA,ETF,iShares 1-10 Year U.S. Aggregate Bond ETF,AGGM,iShares 1-10 Year U.S. Aggregate Bond ETF,AMEX,fund,etf,US4642885960,Miscellaneous,Investment Trusts/Mutual Funds,United States,True,False,isin_peer_name_mismatch
AGIG,NYSE MKT,Stock,Abundia Global Impact Group Inc. Common stock,AGIG,Abundia Global Impact Group Inc.,AMEX,stock,common,US44183U3086,Energy Minerals,Oil & Gas Production,United States,True,True,accept
AGMR,TSXV,Stock,Silver Mountain Resources Inc.,,,,,,,,,,False,False,no_tradingview_match
AGRO,NYSE,Stock,Adecoagro SA,AGRO,Adecoagro S.A.,NYSE,stock,common,LU0584671464,Process Industries,Agricultural Commodities/Milling,Luxembourg,True,True,accept
AHBM,NYSE ARCA,ETF,Amplify Top 10 Asia Memory ETF,AHBM,Amplify Top 10 Asia Memory ETF,AMEX,fund,etf,US0321082762,Miscellaneous,Investment Trusts/Mutual Funds,United States,True,True,accept
AIBF,NYSE ARCA,ETF,iShares Future AI Beneficiaries ETF,AIBF,iShares Future AI Beneficiaries ETF,AMEX,fund,etf,US46438T4085,Miscellaneous,Investment Trusts/Mutual Funds,United States,True,True,accept
AICH,NASDAQ,ETF,China AI ETF,AICH,China AI ETF,NASDAQ,fund,etf,US88636N6351,Miscellaneous,Investment Trusts/Mutual Funds,United States,True,True,accept
AIFR,NASDAQ,ETF,Defiance Global Foundries ETF,AIFR,Defiance Global Foundries ETF,NASDAQ,fund,etf,US88637M6021,Miscellaneous,Investment Trusts/Mutual Funds,United States,True,True,accept
AIH,ASX,Stock,ADVANCED INNERGY HOLDINGS LIMITED,AIH,Advanced Innergy Holdings Ltd.,ASX,stock,common,AU0000423667,Process Industries,Industrial Specialties,Australia,True,True,accept
AIMG,NASDAQ,ETF,Defiance AI Magnificent 10 ETF,AIMG,Defiance AI Magnificent 10 ETF,NASDAQ,fund,etf,US88636V7367,Miscellaneous,Investment Trusts/Mutual Funds,United States,True,True,accept
AIXI,NASDAQ,Stock,Xiao-I Corporation,AIXI,Xiao-I Corp. ADR,NASDAQ,dr,,US98423X4079,Technology Services,Packaged Software,China,False,True,name_mismatch
AJA,TSXV,Stock,Aja Health and Wellness Inc.,,,,,,,,,,False,False,no_tradingview_match
ALAI,NYSE ARCA,ETF,The Alger ETF Trust,ALAI,Alger AI Enablers & Adopters ETF,AMEX,fund,etf,US0155645031,Miscellaneous,Investment Trusts/Mutual Funds,United States,False,True,name_mismatch
ALPS,NASDAQ,Stock,ALPS Group Inc,ALPS,ALPS Group Inc,NASDAQ,stock,common,KYG0231P1081,Miscellaneous,Miscellaneous,Malaysia,False,True,name_mismatch
ALTO,IDX,Stock,Tri Banyan Tirta Tbk,ALTO,PT Tri Banyan Tirta Tbk,IDX,stock,common,ID1000123805,Consumer Non-Durables,Beverages: Non-Alcoholic,Indonesia,True,True,accept
AMAC,NASDAQ,Stock,AMR Resources Acquisition Corp - Class A Ordinary Shares,AMAC,AMR Resources Acquisition Corp Class A,NASDAQ,stock,common,KYG034561038,Finance,Financial Conglomerates,Cayman Islands,True,True,accept
AMAG,IDX,Stock,Asuransi Multi Artha Guna Tbk,AMAG,PT Asuransi Multi Artha Guna Tbk,IDX,stock,common,ID1000102908,Finance,Property/Casualty Insurance,Indonesia,True,True,accept
AMDU,TSX,ETF,SavvyLong (2X) AMD ETF,AMDU,SavvyLong (2X) AMD ETF,TSX,fund,etf,CA54315B3911,Miscellaneous,Investment Trusts/Mutual Funds,Canada,True,True,accept
AN3,ASX,Stock,AUSTRALIA AND NEW ZEALAND BANKING GROUP LIMITED.,,,,,,,,,,False,False,no_tradingview_match
AO2,ASX,ETF,APOLLO SERIES 2017-2 TRUST,,,,,,,,,,False,False,no_tradingview_match
AO3,ASX,ETF,APOLLO SERIES 2018-1 TRUST,,,,,,,,,,False,False,no_tradingview_match
APL,TSXV,Stock,Appulse Corporation,APL,Appulse Corporation,TSXV,stock,common,CA03833A1049,Distribution Services,Wholesale Distributors,Canada,True,True,accept
AQLL11,B3,ETF,ÁQUILLA FDO INV IMOB - FII,,,,,,,,,,False,False,no_tradingview_match
AQR.P,TSXV,Stock,Anquiro Ventures Ltd.,,,,,,,,,,False,False,no_tradingview_match
ARGO,IDX,Stock,Argo Pantes Tbk,ARGO,PT Argo Pantes Tbk,IDX,stock,common,ID1000083702,Process Industries,Textiles,Indonesia,True,True,accept
ARIN,SET,Stock,Arinsiri Land Public Company Limited,ARIN,Arinsiri Land Public Company Ltd,SET,stock,common,TH9133010008,Finance,Real Estate Development,Thailand,True,True,accept
ARKA,IDX,Stock,PT Arkha Jayanti Persada Tbk.,ARKA,PT Arkha Jayanti Persada Tbk,IDX,stock,common,ID1000150501,Transportation,Trucking,Indonesia,True,True,accept
ARKG,BATS,ETF,ARK Genomic Revolution ETF,ARKG,ARK Genomic Revolution ETF,CBOE,fund,etf,US00214Q3020,Miscellaneous,Investment Trusts/Mutual Funds,United States,True,True,accept
ARKK,BATS,ETF,ARK Innovation ETF,ARKK,ARK Innovation ETF,CBOE,fund,etf,US00214Q1040,Miscellaneous,Investment Trusts/Mutual Funds,United States,True,True,accept
ARKT,BATS,ETF,ARK ETF Trust - Ark Q4 Defined Innovation Etf,ARKT,ARK DIET Q4 Buffer ETF,CBOE,fund,etf,US00214Q8722,Miscellaneous,Investment Trusts/Mutual Funds,United States,False,True,name_mismatch
ARKY,BATS,ETF,ARK Active Autocallable Income ETF,ARKY,ARK Active Autocallable Income ETF,CBOE,fund,etf,US00214Q7245,Miscellaneous,Investment Trusts/Mutual Funds,United States,True,True,accept
ARMU,NYSE MKT,ETF,T-Rex 2X Long ARM Daily Target ETF,,,,,,,,,,False,False,no_tradingview_match
ARWG,BATS,ETF,Archer Investment Series Trust - Archer Growth ETF,ARWG,Archer Growth ETF,CBOE,fund,etf,US0394916003,Miscellaneous,Investment Trusts/Mutual Funds,United States,False,True,name_mismatch
ASBH,NYSE,Stock,"American Savings Bank, N.A. Common Stock",ASBH,American Savings Bank N.A.,NYSE,stock,common,US02940M1009,Finance,Major Banks,United States,True,True,accept
ASPI,NASDAQ,Stock,ASP Isotopes Inc. Common Stock,ASPI,"ASP Isotopes, Inc.",NASDAQ,stock,common,US00218A1051,Industrial Services,Engineering & Construction,United States,True,True,accept
ASPI,IDX,Stock,PT Andalan Sakti Primaindo Tbk.,ASPI,PT Andalan Sakti Primaindo Tbk,IDX,stock,common,ID1000154602,Finance,Real Estate Development,Indonesia,True,True,accept
ASRI,IDX,Stock,ALAM SUTERA REALTY Tbk,ASRI,PT Alam Sutera Realty Tbk,IDX,stock,common,ID1000108400,Finance,Real Estate Development,Indonesia,True,True,accept
ASSX,BATS,ETF,T-REX 2X Long ASST Daily Target ETF,ASSX,T-REX 2X Long ASST Daily Target ETF,CBOE,fund,etf,US26923Y8646,Miscellaneous,Investment Trusts/Mutual Funds,United States,True,True,accept
AST,TSXV,Stock,Astron Connect Inc.,AST,"Astron Connect, Inc.",TSXV,stock,common,CA04640L2003,Finance,Financial Conglomerates,Canada,True,True,accept
ASX,NYSE,Stock,"ASE Technology Holding Co., Ltd.",ASX,"ASE Technology Holding Co., Ltd. Sponsored ADR",NYSE,dr,,US00215W1009,Electronic Technology,Semiconductors,Taiwan,True,True,accept
AT,BATS,ETF,Defiance Robotics Actuators ETF,AT,Defiance Robotics Actuators ETF,CBOE,fund,etf,US2689612990,Miscellaneous,Investment Trusts/Mutual Funds,United States,True,True,accept
ATCL,NYSE ARCA,ETF,REX ETF Trust,ATCL,REX Autocallable Income ETF,AMEX,fund,etf,US7615628598,Miscellaneous,Investment Trusts/Mutual Funds,United States,False,True,name_mismatch
ATI,NYSE,Stock,ATI Inc.,ATI,ATI Inc,NYSE,stock,common,US01741R1023,Non-Energy Minerals,Other Metals/Minerals,United States,False,True,name_mismatch
ATTT,NASDAQ,Stock,Atlas Trinity Tech Limited - Ordinary Shares,ATTT,Atlas Trinity Tech Limited,NASDAQ,stock,common,VGG7385S1193,Consumer Durables,Electronics/Appliances,Hong Kong,True,True,accept
AUC,NASDAQ,Stock,ATIF Holdings Limited,AUC,ATIF Holdings Ltd.,NASDAQ,stock,common,VGG0602B1186,Finance,Investment Managers,United States,False,True,name_mismatch
AUXX,NYSE MKT,Stock,Gold X2 Mining Inc. Common Shares,AUXX,Gold X2 Mining Inc.,AMEX,stock,common,CA38076G5095,Non-Energy Minerals,Precious Metals,Canada,True,True,accept
AVNC,NYSE ARCA,ETF,Avantis All International Core Equity ETF,AVNC,Avantis All International Core Equity ETF,AMEX,fund,etf,US02507A8870,Miscellaneous,Investment Trusts/Mutual Funds,United States,True,True,accept
AVX,TSXV,Stock,Altair Resources Inc.,AVX,"Altair Resources, Inc.",TSXV,stock,common,CA02137W2004,Non-Energy Minerals,Precious Metals,Canada,True,True,accept
AXTQ,BATS,ETF,Tradr 2X Short AXTI Daily ETF,AXTQ,Tradr 2X Short AXTI Daily ETF,CBOE,fund,etf,US46152N7104,Miscellaneous,Investment Trusts/Mutual Funds,United States,True,True,accept
BA2,ASX,ETF,SERIES 2019-1 REDS TRUST,,,,,,,,,,False,False,no_tradingview_match
BAFS,SET,Stock,Bangkok Aviation Fuel Services Public Company Limited,BAFS,"Bangkok Aviation Fuel Services Public Co., Ltd.",SET,stock,common,TH0669010Z02,Transportation,Other Transportation,Thailand,True,True,accept
BAL-H,TSXV,Stock,Balto Resources Ltd,,,,,,,,,,False,False,no_tradingview_match
BALI,IDX,Stock,PT Bali Towerindo Sentra Tbk.,BALI,PT Bali Towerindo Sentra Tbk,IDX,stock,common,ID1000135106,Industrial Services,Engineering & Construction,Indonesia,True,True,accept
BAQ.P,TSXV,Stock,Bluewater Acquisition Corp.,,,,,,,,,,False,False,no_tradingview_match
BBAR,NYSE,Stock,Banco BBVA Argentina S.A. ADS,BBAR,Banco BBVA Argentina SA Sponsored ADR,NYSE,dr,,US0589341009,Finance,Major Banks,Argentina,True,True,accept
BBD,TSX,Stock,Bombardier Inc.,,,,,,,,,,False,False,no_tradingview_match
BBLS,NYSE ARCA,ETF,Munificent Seven ETF,BBLS,Munificent Seven ETF,AMEX,fund,etf,US41151J4489,Miscellaneous,Investment Trusts/Mutual Funds,United States,True,True,accept
BCPL,NYSE ARCA,ETF,BNY Mellon ETF Trust II,BCPL,BNY Mellon Core Plus ETF,AMEX,fund,etf,US05613H4074,Miscellaneous,Investment Trusts/Mutual Funds,United States,False,True,name_mismatch
BEAR,TSXV,Stock,Big Bear Gold Corp.,BEAR,Big Bear Gold Corp.,TSXV,stock,common,CA0889361097,Non-Energy Minerals,Precious Metals,Canada,True,True,accept
BEBE,NYSE,Stock,TGE Value Creative Solutions Corp,BEBE,TGE Value Creative Solutions Corp. Class A,NYSE,stock,common,KYG8773E1008,Finance,Financial Conglomerates,France,True,True,accept
BEK,TSX,Stock,Becker Milk Company Ltd. (The),,,,,,,,,,False,False,no_tradingview_match
BELL,IDX,Stock,PT Trisula Textile Industries Tbk,BELL,PT Trisula Textile Industries Tbk,IDX,stock,common,ID1000140502,Consumer Non-Durables,Apparel/Footwear,Indonesia,True,True,accept
BESS,IDX,Stock,PT Batulicin Nusantara Maritim Tbk.,BESS,PT Batulicin Nusantara Maritim Tbk,IDX,stock,common,ID1000154701,Transportation,Marine Shipping,Indonesia,True,True,accept
BEST,IDX,Stock,Bekasi Fajar Industrial Estate Tbk,BEST,PT Bekasi Fajar Industrial Estate Tbk,IDX,stock,common,ID1000122609,Industrial Services,Engineering & Construction,Indonesia,True,True,accept
BFOC,NYSE ARCA,ETF,FT Vest Bitcoin Strat Floor15 ETF - Oct,BFOC,FT Vest Bitcoin Strategy Floor15 ETF - October,AMEX,fund,etf,US33733E6749,Miscellaneous,Investment Trusts/Mutual Funds,United States,False,True,name_mismatch
BGI,TSX,ETF,Brookfield Global Infrastructure Securities Income Fund,,,,,,,,,,False,False,no_tradingview_match
BHAT,IDX,Stock,PT Bhakti Multi Artha Tbk.,BHAT,PT Bhakti Multi Artha Tbk,IDX,stock,common,ID1000155807,Commercial Services,Miscellaneous Commercial Services,Indonesia,True,True,accept
BIO.B,NYSE,Stock,"Bio-Rad Laboratories, Inc. Class B  Common Stock",BIO.B,"Bio-Rad Laboratories, Inc. Class B",NYSE,stock,common,US0905721082,Health Technology,Medical Specialties,United States,True,True,accept
BIPI,IDX,Stock,PT Astrindo Nusantara Infrastruktur Tbk.,BIPI,PT Astrindo Nusantara Infrastruktur Tbk,IDX,stock,common,ID1000114101,Energy Minerals,Coal,Indonesia,True,True,accept
BITI,NYSE ARCA,ETF,ProShares Short Bitcoin ETF,BITI,ProShares Short Bitcoin ETF,AMEX,fund,etf,US74347G1849,Miscellaneous,Investment Trusts/Mutual Funds,United States,True,True,accept
BKFI,NYSE ARCA,ETF,BNY Mellon ETF Trust II,BKFI,BNY Mellon Active Core Bond ETF,AMEX,fund,etf,US05613H5063,Miscellaneous,Investment Trusts/Mutual Funds,United States,False,True,name_mismatch
BLX,NYSE,Stock,"Bladex, Inc.",BLX,"Bladex, Inc. Class E",NYSE,stock,common,PAP169941328,Finance,Major Banks,Panama,True,True,accept
BNXA,TSXV,Stock,Banxa Holdings Inc.,,,,,,,,,,False,False,no_tradingview_match
BOGO,TSXV,Stock,Borealis Mining Company Limited,BOGO,Borealis Mining Company Limited,TSXV,stock,common,CA09972D1069,Non-Energy Minerals,Precious Metals,Canada,True,False,isin_peer_name_mismatch
BP1,ASX,Stock,BP CAPITAL MARKETS P.L.C.,,,,,,,,,,False,False,no_tradingview_match
BPF,TSX,ETF,Boston Pizza Royalties Income Fund,,,,,,,,,,False,False,no_tradingview_match
BPO,TSX,Stock,Brookfield Office Properties Inc.,,,,,,,,,,False,False,no_tradingview_match
BPRE,NYSE,ETF,Bluerock Private Real Estate Fund,BPRE,Bluerock Private Real Estate Fund,NYSE,fund,closedend,US09631P1021,Miscellaneous,Investment Trusts/Mutual Funds,United States,True,True,asset_type_mismatch
BRHY,NASDAQ,ETF,BlackRock High Yield ETF,BRHY,iShares High Yield Active ETF,NASDAQ,fund,etf,US0925288682,Miscellaneous,Investment Trusts/Mutual Funds,United States,False,True,name_mismatch
BRKD,NASDAQ,ETF,Direxion Daily BRKB Bear 1X Shares,,,,,,,,,,False,False,no_tradingview_match
BRKRP,NASDAQ,Stock,Bruker Corporation 6.375% Mandatory Convertible Preferred Stock Series A,BRKRP,Bruker Corporation Cum Pfd Registered Shs Series A,NASDAQ,stock,preferred,US1167942077,Health Technology,Medical Specialties,United States,False,True,name_mismatch
BRNA,IDX,Stock,Berlina Tbk,BRNA,PT Berlina Tbk,IDX,stock,common,ID1000125602,Process Industries,Containers/Packaging,Indonesia,True,True,accept
BRTM,NASDAQ,Stock,B&R Technology Merger Corp. - Class A Ordinary Shares,BRTM,B&R Technology Merger Corp. Class A,NASDAQ,stock,common,KYG1535G1091,Finance,Financial Conglomerates,United States,True,True,accept
BRZD,BATS,ETF,MicroSectors -3x Short Brazil ETNs,BRZD,MicroSectors -3x Short Brazil ETNs,CBOE,fund,etf,US06367V7331,,,,True,True,accept
BRZL,BATS,ETF,MicroSectors 3x Long Brazil ETNs,BRZL,MicroSectors 3x Long Brazil ETNs,CBOE,fund,etf,US06367V7414,Miscellaneous,Investment Trusts/Mutual Funds,United States,True,True,accept
BS1,ASX,ETF,BLUESTONE PRIME 2024-1 TRUST,,,,,,,,,,False,False,no_tradingview_match
BSMA,NASDAQ,ETF,Invesco BulletShares 2036 Municipal Bond ETF,BSMA,Invesco BulletShares 2036 Municipal Bond ETF,NASDAQ,fund,etf,US46139W7341,Miscellaneous,Investment Trusts/Mutual Funds,United States,True,True,accept
BSOL,NYSE ARCA,ETF,Bitwise Solana Staking ETF,BSOL,Bitwise Solana Staking ETF,AMEX,fund,etf,US0919481095,Miscellaneous,Investment Trusts/Mutual Funds,United States,True,True,accept
BST,TSXV,Stock,Bessor Minerals Inc.,BST,Bessor Minerals Inc.,TSXV,stock,common,CA08650L1094,Non-Energy Minerals,Precious Metals,Canada,True,True,accept
BTA,NYSE ARCA,ETF,Beacon Tactical Alternatives Risk ETF,BTA,Beacon Tactical Alternatives Risk ETF,AMEX,fund,etf,US6649257655,Miscellaneous,Investment Trusts/Mutual Funds,United States,True,True,accept
BTB,TSX,ETF,BTB Real Estate Investment Trust,,,,,,,,,,False,False,no_tradingview_match
BTFD,NYSE,ETF,Valkyrie Bitcoin Strategy ETF,,,,,,,,,,False,False,no_tradingview_match
BUIL,BATS,ETF,Rebuild America ETF,BUIL,Rebuild America ETF,CBOE,fund,etf,US00777X3970,Miscellaneous,Investment Trusts/Mutual Funds,United States,True,True,accept
BULL,IDX,Stock,PT Buana Lintas Lautan Tbk.,BULL,PT Buana Lintas Lautan Tbk,IDX,stock,common,ID1000133705,Transportation,Marine Shipping,Indonesia,True,True,accept
BURU,NYSE MKT,Stock,"Nuburu, Inc. Common Stock",BURU,"Nuburu, Inc.",AMEX,stock,common,US67021W5094,Electronic Technology,Electronic Components,United States,True,True,accept
BW6,ASX,ETF,BLACKWATTLE SERIES RMBS TRUST NO.6,,,,,,,,,,False,False,no_tradingview_match
BYLD-B,NEO,ETF,MANULIFE SMART ENHANCED YIELD BOND ETF - UNHEDGED UNITS,,,,,,,,,,False,False,no_tradingview_match
C3RP3,B3,Stock,COTRASA PARTICIPACOES S.A.,,,,,,,,,,False,False,no_tradingview_match
CAG,TSXV,Stock,Composite Alliance Group Inc.,CAG,"Composite Alliance Group, Inc. Class A",TSXV,stock,common,CA20459W1032,Electronic Technology,Electronic Components,Canada,True,True,accept
CAMP,IDX,Stock,PT Campina Ice Cream Industry Tbk.,CAMP,PT Campina Ice Cream Industry Tbk,IDX,stock,common,ID1000141500,Consumer Non-Durables,Food: Meat/Fish/Dairy,Indonesia,True,True,accept
CAPA,BATS,ETF,Defiance AI Capacitors Leaders ETF,CAPA,Defiance AI Capacitors Leaders ETF,CBOE,fund,etf,US88636X1871,Miscellaneous,Investment Trusts/Mutual Funds,United States,True,True,accept
CAPQ,TSX,ETF,Capital Group Global Developed Equity Select ETF (Canada),CAPQ,Capital Group Global Developed Equity Select ETF Trust Units,TSX,fund,etf,CA14023G1081,Miscellaneous,Investment Trusts/Mutual Funds,Canada,True,True,accept
CARS,IDX,Stock,PT Industri dan Perdagangan Bintraco Dharma Tbk,CARS,PT Industri dan Perdagangan Bintraco Dharma Tbk,IDX,stock,common,ID1000138308,Retail Trade,Specialty Stores,Indonesia,True,True,accept
CASS,IDX,Stock,Cahaya Aero Services Tbk,CASS,PT Cahaya Aero Services Tbk,IDX,stock,common,ID1000121403,Transportation,Other Transportation,Indonesia,True,True,accept
CATL,NASDAQ,Stock,Catalyst Acquisition Corp. - Class A Ordinary Share,CATL,Catalyst Acquisition Corp. Class A,NASDAQ,stock,common,KYG1955J1040,Finance,Financial Conglomerates,United States,True,True,accept
CATR,TSX,Stock,Caterpillar CDR (CAD Hedged),CATR,Caterpillar Inc. DR,TSX,dr,,CA14913M1086,Producer Manufacturing,Trucks/Construction/Farm Machinery,United States,False,True,name_mismatch
CBXJ,BATS,ETF,Calamos Bitcoin 90% Protection Strategy ETF - Month TBD 1,CBXJ,Calamos Bitcoin 90 Series Structured Alt Protection ETF - January,CBOE,fund,etf,US12811T7129,Miscellaneous,Investment Trusts/Mutual Funds,United States,False,True,name_mismatch
CCGP,TSX,ETF,Counterpoint Global CIBC Global Permanence ETF,CCGP,Counterpoint Global CIBC Global Permanence ETF Trust Units,TSX,fund,etf,CA22228F1062,Miscellaneous,Investment Trusts/Mutual Funds,Canada,True,True,accept
CCIP,TSX,ETF,Counterpoint Global CIBC International Permanence ETF,CCIP,Counterpoint Global CIBC International Permanence ETF Trust Units,TSX,fund,etf,CA22228G1046,Miscellaneous,Investment Trusts/Mutual Funds,Canada,True,True,accept
CCML,NASDAQ,ETF,Roundhill MLCC & Electronic Components ETF,CCML,Roundhill MLCC & Electronic Components ETF,NASDAQ,fund,etf,US77926Y8315,Miscellaneous,Investment Trusts/Mutual Funds,United States,True,True,accept
CCOM.B,TSX,ETF,CI Auspice Broad Commodity ETF - Unhedged Common Units Acc,,,,,,,,,,False,False,no_tradingview_match
CCUL,TSX,ETF,Counterpoint Global CIBC U.S. Large Cap Growth ETF,CCUL,Counterpoint Global CIBC U.S. Large Cap Growth ETF Trust Units,TSX,fund,etf,CA22228E1097,Miscellaneous,Investment Trusts/Mutual Funds,Canada,True,True,accept
CCUS,TSX,ETF,Counterpoint Global CIBC U.S. Small Cap Growth ETF,CCUS,Counterpoint Global CIBC U.S. Small Cap Growth ETF Trust Units,TSX,fund,etf,CA22228C1032,Miscellaneous,Investment Trusts/Mutual Funds,Canada,True,True,accept
CEGS,TSX,Stock,Constellation Energy CDR (CAD Hedged),CEGS,Constellation Energy Corporation Shs Unsponsored Canadian Depository Receipt Hedged Reg S,TSX,dr,,CA2099571093,Utilities,Electric Utilities,United States,False,True,name_mismatch
CEPL,NASDAQ,Stock,"Capstone Energy Plus, Inc. - Common Stock",CEPL,"Capstone Energy+, Inc.",NASDAQ,stock,common,US14067D6076,Producer Manufacturing,Electrical Products,United States,True,False,isin_peer_name_mismatch
CESG-B,NEO,ETF,CI First Asset MSCI World ESG Impact ETF,,,,,,,,,,False,False,no_tradingview_match
CFND,NYSE,ETF,C1 Fund Inc.,CFND,"C1 Fund, Inc.",NYSE,stock,common,US12673Q1031,Miscellaneous,Investment Trusts/Mutual Funds,United States,True,True,asset_type_mismatch
CGCF,NASDAQ,Stock,Cartesian Growth Corporation IV - Class A Ordinary Shares,CGCF,Cartesian Growth Corporation IV Class A,NASDAQ,stock,common,KYG193161018,Finance,Financial Conglomerates,United States,True,True,accept
CGFS,BATS,ETF,CG Flagship Equity ETF,CGFS,CG Flagship Equity ETF,CBOE,fund,etf,US26824D7619,Miscellaneous,Investment Trusts/Mutual Funds,United States,True,True,accept
CHCL-B,NEO,ETF,CI Global Healthcare Leaders Index ETF,,,,,,,,,,False,False,no_tradingview_match
CHCL.B,TSX,ETF,CI Global Healthcare Leaders Index ETF,,,,,,,,,,False,False,no_tradingview_match
CHGA,NASDAQ,Stock,Change Agents Corporation  - Common Stock,CHGA,Change Agents Corporation,NASDAQ,stock,common,US05344R4011,Health Technology,Biotechnology,United States,True,True,accept
CHIP,NASDAQ,ETF,REX AI Chipmaking ETF,CHIP,REX AI Chipmaking ETF,NASDAQ,fund,etf,US7615628184,Miscellaneous,Investment Trusts/Mutual Funds,United States,True,True,accept
CIRC,NASDAQ,Stock,"Circle8 Group, Inc. - Common Stock",CIRC,"Circle8 Group, Inc.",NASDAQ,stock,common,US0485921094,Health Technology,Pharmaceuticals: Major,United States,True,True,accept
CIU,TSX,Stock,CU Inc.,,,,,,,,,,False,False,no_tradingview_match
CLCV,NYSE ARCA,ETF,Crossmark ETF Trust,CLCV,Crossmark Large Cap Value ETF,AMEX,fund,etf,US22767F2020,Miscellaneous,Investment Trusts/Mutual Funds,United States,False,True,name_mismatch
CLU,NEO,ETF,iShares US Fundamental Hedged Common Class,CLU,iShares US Fundamental Index ETF,NEO,fund,etf,CA46433B2049,Miscellaneous,Investment Trusts/Mutual Funds,Canada,True,True,accept
CLU-C,NEO,ETF,iSHARES US FUNDAMENTAL INDEX ETF,,,,,,,,,,False,False,no_tradingview_match
CLUP,TSX,ETF,SavvyLong Geared Crude Oil ETF,,,,,,,,,,False,False,no_tradingview_match
CMAX,TSX,ETF,Hamilton Canadian Equity YIELD MAXIMIZER TM ETF,CMAX,Hamilton Canadian Equity YIELD MAXIMIZERTM ETF Trust Units E,TSX,fund,etf,CA40704T1012,Miscellaneous,Investment Trusts/Mutual Funds,Canada,False,True,name_mismatch
CMCC,TSX,ETF,Global X All-In-One Commodity Producers Equity Covered Call ETF,CMCC,Global X All-In-One Commodity Producers Equity Covered Call ETF Trust Units A,TSX,fund,etf,CA37966H1064,Miscellaneous,Investment Trusts/Mutual Funds,Canada,True,True,accept
CMGS,TSX,Stock,Chipotle CDR (CAD Hedged),CMGS,"Chipotle Mexican Grill, Inc. Shs Sponsored Canadian Depository Receipt Hedged Reg S",TSX,dr,,CA16965M1005,Consumer Services,Restaurants,United States,False,True,name_mismatch
CMU,TSXV,Stock,Comet Industries Ltd.,CMU,Comet Industries Ltd.,TSXV,stock,common,CA2003481009,Finance,Real Estate Development,Canada,True,True,accept
CNCO,TSXV,Stock,Core Nickel Corp.,,,,,,,,,,False,False,no_tradingview_match
CNEQ,NYSE ARCA,ETF,The Alger ETF Trust,CNEQ,Alger Concentrated Equity ETF,AMEX,fund,etf,US0155644042,Miscellaneous,Investment Trusts/Mutual Funds,United States,False,True,name_mismatch
CNSY,NASDAQ,Stock,"Cerenome, Inc. - Common Stock",CNSY,"Cerenome, Inc.",NASDAQ,stock,common,US72941H8060,Health Technology,Pharmaceuticals: Major,United States,True,True,accept
CNYA,BATS,ETF,iShares MSCI China A ETF,CNYA,iShares MSCI China A ETF,CBOE,fund,etf,US46434V5140,Miscellaneous,Investment Trusts/Mutual Funds,United States,True,True,accept
COHQ,BATS,ETF,Tradr 2X Short COHR Daily ETF,COHQ,Tradr 2X Short COHR Daily ETF,CBOE,fund,etf,US46152N7369,Miscellaneous,Investment Trusts/Mutual Funds,United States,True,True,accept
COII,BATS,ETF,REX COIN Growth & Income ETF,,,,,,,,,,False,False,no_tradingview_match
COIW,BATS,ETF,COIN WeeklyPay™ ETF,COIW,Roundhill COIN WeeklyPay ETF,CBOE,fund,etf,US77926X7672,Miscellaneous,Investment Trusts/Mutual Funds,United States,False,True,name_mismatch
COP-U,TSX,Stock,Sprott Physical Copper Trust,COP.U,Sprott Physical Copper Trust Trust Units,TSX,fund,etf,CA85210C1005,Miscellaneous,Investment Trusts/Mutual Funds,Canada,True,True,asset_type_mismatch
COPA,BATS,ETF,Themes Copper Miners ETF,COPA,Themes Copper Miners ETF,CBOE,fund,etf,US8829277834,Miscellaneous,Investment Trusts/Mutual Funds,United States,True,True,accept
CORN,NYSE ARCA,ETF,Teucrium Corn Fund,CORN,Teucrium Corn Fund,AMEX,fund,etf,US88166A1025,Miscellaneous,Investment Trusts/Mutual Funds,United States,True,True,accept
CPRO,IDX,Stock,Central Proteina Prima Tbk,CPRO,PT Central Proteina Prima Tbk,IDX,stock,common,ID1000105000,Process Industries,Agricultural Commodities/Milling,Indonesia,True,True,accept
CPTS11B,B3,ETF,Capitania Securities II Fundo Investimento Imobiliario FII,,,,,,,,,,False,False,no_tradingview_match
CPW,SET,Stock,Copperwired Public Company Limited,CPW,Copperwired Public Co. Ltd.,SET,stock,common,TH9437010001,Distribution Services,Electronics Distributors,Thailand,True,True,accept
CRAM,NASDAQ,ETF,Defiance China Memory ETF,CRAM,Defiance China Memory ETF,NASDAQ,fund,etf,US88637M8001,Miscellaneous,Investment Trusts/Mutual Funds,United States,True,True,accept
CRD,TSXV,Stock,Copper Road Resources Inc.,CRD,Copper Road Resources Inc,TSXV,stock,common,CA2175731041,Non-Energy Minerals,Precious Metals,Canada,True,False,isin_peer_name_mismatch
CRH,NYSE,Stock,CRH PLC Ordinary Shares,CRH,CRH public limited company,NYSE,stock,common,IE0001827041,Non-Energy Minerals,Construction Materials,United States,False,False,name_mismatch
CROB,NASDAQ,ETF,Defiance China Robotics ETF,CROB,Defiance China Robotics ETF,NASDAQ,fund,etf,US26922B2951,Miscellaneous,Investment Trusts/Mutual Funds,United States,True,True,accept
CSEP,BATS,ETF,Corgi U.S. Equities 15% Structured Buffer ETF - September Series,CSEP,Corgi U.S. Equities 15% Structured Buffer ETF - September Series,CBOE,fund,etf,US21874N4549,Miscellaneous,Investment Trusts/Mutual Funds,United States,True,True,accept
CSQR,NYSE,Stock,"Csquare, Inc. Common Stock",CSQR,"Csquare, Inc.",NYSE,stock,common,US22946R1014,Technology Services,Data Processing Services,United States,True,True,accept
CTRA,IDX,Stock,Ciputra Development Tbk,CTRA,PT Ciputra Development Tbk,IDX,stock,common,ID1000115306,Finance,Real Estate Development,Indonesia,True,True,accept
CTSE,BATS,ETF,Corgi U.S. Equities 30% Structured Buffer ETF - September Series,CTSE,Corgi U.S. Equities 30% Structured Buffer ETF - September Series,CBOE,fund,etf,US21874N6783,Miscellaneous,Investment Trusts/Mutual Funds,United States,True,True,accept
CTTH,IDX,Stock,Citatah Tbk,CTTH,PT Citatah Tbk,IDX,stock,common,ID1000070105,Non-Energy Minerals,Construction Materials,Indonesia,True,True,accept
CTW,NASDAQ,Stock,CTW - Class A Ordinary Shares,CTW,CTW Class A,NASDAQ,stock,common,KYG2589A1058,Technology Services,Packaged Software,Japan,False,True,name_mismatch
CUTE,TSX,ETF,Evolve Canadian Utilities Yield Fund,CUTE,Evolve Canadian Utilities Yield Fund Unhedged ETF Trust Units,TSX,fund,etf,CA30055F1071,Miscellaneous,Investment Trusts/Mutual Funds,Canada,True,True,accept
CYG,TSXV,Stock,Cygnus Metals Limited,CYG,Cygnus Metals Limited,TSXV,stock,common,AU000000CY57,Non-Energy Minerals,Precious Metals,Australia,True,True,accept
D10,ASX,ETF,DRIVER AUSTRALIA TEN TRUST,,,,,,,,,,False,False,no_tradingview_match
DA8,ASX,ETF,DRIVER AUSTRALIA EIGHT TRUST,,,,,,,,,,False,False,no_tradingview_match
DA9,ASX,ETF,DRIVER AUSTRALIA NINE TRUST,,,,,,,,,,False,False,no_tradingview_match
DACU,TSX,ETF,Desjardins Active Canadian Bond Universe ETF,DACU,Desjardins Active Canadian Bond Universe ETF Trust Unit,TSX,fund,etf,CA25060X1015,Miscellaneous,Investment Trusts/Mutual Funds,Canada,True,True,accept
DAGL,TSX,ETF,Desjardins Global Opportunities ETF,DAGL,Desjardins Global Opportunities ETF Trust Units,TSX,fund,etf,CA25061C1068,Miscellaneous,Investment Trusts/Mutual Funds,Canada,True,True,accept
DAQ.P,TSXV,Stock,Dominus Acquisition Corp.,DAQ.P,Dominus Acquisitions Corp.,TSXV,stock,common,CA25756D1042,Finance,Financial Conglomerates,Canada,False,True,name_mismatch
DAVI,LSE,Stock,DAVION HEALTHCARE PLC,,,,,,,,,,False,False,no_tradingview_match
DAY,TSX,Stock,"Dayforce, Inc.",,,,,,,,,,False,False,no_tradingview_match
DBAR,NYSE ARCA,ETF,IMGP DBI Absolute Return ETF,DBAR,IMGP DBI Absolute Return ETF,AMEX,fund,etf,US53700T6608,Miscellaneous,Investment Trusts/Mutual Funds,United States,True,True,accept
DCAP,BATS,ETF,T-Strive Digital Credit Preferred Income ETF,DCAP,T-Strive Digital Credit Preferred Income ETF,CBOE,fund,etf,US26923V5223,Miscellaneous,Investment Trusts/Mutual Funds,United States,True,True,accept
DCPE,NYSE ARCA,ETF,DoubleLine Shiller CAPE US Equities ETF,,,,,,,,,,False,False,no_tradingview_match
DEAL,IDX,Stock,PT Dewata Freightinternational Tbk.,DEAL,PT Dewata Freight International,IDX,stock,common,ID1000146806,Transportation,Airlines,Indonesia,False,True,name_mismatch
DGAC,NYSE,Stock,Disciplined Growth Acquisition Corporation Class A Ordinary Shares,DGAC,Disciplined Growth Acquisition Corporation Class A,NYSE,stock,common,KYG2775W1015,Finance,Finance/Rental/Leasing,United States,True,True,accept
DGC,TSXV,Stock,Daura Gold Corp.,DGC,Daura Gold Corp.,TSXV,stock,common,CA23833F1018,Non-Energy Minerals,Precious Metals,Canada,True,False,isin_peer_name_mismatch
DGGB,TSX,ETF,Desjardins Global Government Bond Index ETF,DGGB,Desjardins Global Government Bond Index ETF Hedged Trust Unit,TSX,fund,etf,CA25059V1085,Miscellaneous,Investment Trusts/Mutual Funds,Canada,True,True,accept
DHLX,NYSE ARCA,ETF,Diamond Hill Funds,DHLX,Diamond Hill Large Cap Concentrated ETF,AMEX,fund,etf,US25264S3206,Miscellaneous,Investment Trusts/Mutual Funds,United States,False,True,name_mismatch
DHPL,PSX,Stock,DH Partners Ltd.,,,,,,,,,,False,False,no_tradingview_match
DICE,BATS,ETF,Tema Trading & Prediction Markets ETF,DICE,Tema Trading & Prediction Markets ETF,CBOE,fund,etf,US87975E7278,Miscellaneous,Investment Trusts/Mutual Funds,United States,True,True,accept
DIR,TSX,ETF,Dream Industrial Real Estate Investment Trust,,,,,,,,,,False,False,no_tradingview_match
DIVH,NYSE ARCA,ETF,Integrity Dividend Harvest ETF,DIVH,Integrity Dividend Harvest ETF,AMEX,fund,etf,US30151E4263,Miscellaneous,Investment Trusts/Mutual Funds,United States,True,True,accept
DIVY.U,TSX,ETF,Global X Active U.S. Dividend ETF,DIVY.U,Global X Active U.S. Dividend ETF Trust Units A,TSX,fund,etf,CA37966U1075,Miscellaneous,Investment Trusts/Mutual Funds,Canada,True,True,accept
DLA,NYSE MKT,Stock,"Delta Apparel, Inc.",,,,,,,,,,False,False,no_tradingview_match
DLC,TSXV,Stock,DLC Holdings Corp.,DLC,DLC Holdings Corp,TSXV,stock,common,CA2558841086,Distribution Services,Food Distributors,Canada,False,True,name_mismatch
DLR,NYSE,Stock,Digital Realty Trust Inc,DLR,"Digital Realty Trust, Inc.",NYSE,stock,common,US2538681030,Finance,Real Estate Investment Trusts,United States,True,True,accept
DLTA,IDX,Stock,Delta Djakarta Tbk,DLTA,PT Delta Djakarta Tbk,IDX,stock,common,ID1000136005,Consumer Non-Durables,Beverages: Alcoholic,Indonesia,True,True,accept
DMN,ASX,Stock,DOMINION INVESTMENT GROUP LIMITED,,,,,,,,,,False,False,no_tradingview_match
DMTX,PSX,Stock,D. M. Textile Mills Limited,,,,,,,,,,False,False,no_tradingview_match
DMXU,NYSE ARCA,ETF,Xtrackers Bloomberg Developed Markets ex US Equity ETF,DMXU,Xtrackers Bloomberg Developed Markets ex US Equity ETF,AMEX,fund,etf,US2330512185,Miscellaneous,Investment Trusts/Mutual Funds,United States,True,False,isin_peer_name_mismatch
DNTL,TSX,Stock,dentalcorp Holdings Ltd.,,,,,,,,,,False,False,no_tradingview_match
DOCT,BATS,ETF,FT Vest U.S. Equity Deep Buffer ETF - October,DOCT,FT Vest U.S. Equity Deep Buffer ETF - October,CBOE,fund,etf,US33740F6723,Miscellaneous,Investment Trusts/Mutual Funds,United States,True,True,accept
DOD,SET,Stock,DOD Biotech Public Company Limited,DOD,"DOD Biotech Public Co., Ltd.",SET,stock,common,TH8569010003,Health Technology,Pharmaceuticals: Other,Thailand,True,True,accept
DPC,NYSE,Stock,DPC Holdings PLC Ordinary Shares,DPC,DPC Holdings PLC,NYSE,stock,common,JE00BPK4NV88,Producer Manufacturing,Electrical Products,United Kingdom,False,True,name_mismatch
DPM,TSX,Stock,Dundee Precious Metals Inc,DPM,DPM Metals Inc.,TSX,stock,common,CA26139R1091,Non-Energy Minerals,Precious Metals,Canada,False,False,name_mismatch
DQSE,BATS,ETF,FT Vest Nasdaq-100 Dual Directional Buffer ETF - September,DQSE,FT Vest Nasdaq-100 Dual Directional Buffer ETF - September,CBOE,fund,etf,US33740U2244,Miscellaneous,Investment Trusts/Mutual Funds,United States,True,True,accept
DSPC,BATS,ETF,Leverage Shares 1X Short SPCX Daily ETF,DSPC,Leverage Shares 1X Short SPCX Daily ETF,CBOE,fund,etf,US88340F1599,Miscellaneous,Investment Trusts/Mutual Funds,United States,True,True,accept
DTEA,TSXV,Stock,DAVIDsTEA Inc.,DTEA,DAVIDsTEA Inc.,TSXV,stock,common,CA2386611024,Consumer Non-Durables,Food: Major Diversified,Canada,True,True,accept
DTG,NYSE,Stock,DTE Energy Company 2021 Series E,,,,,,,,,,False,False,no_tradingview_match
DUIG,TSX,ETF,Desjardins US Investment Grade Corporate Bond Index ETF,DUIG,Desjardins US Investment Grade Corporate Bond Index ETF Hedged Units Trust Units,TSX,fund,etf,CA25058U1012,Miscellaneous,Investment Trusts/Mutual Funds,Canada,True,True,accept
DUSIT,SET,Stock,Dusit Thani Public Company Limited,DUSIT,Dusit Thani Public Co. Ltd.,SET,stock,common,TH0007A10Z06,Consumer Services,Hotels/Resorts/Cruise lines,Thailand,True,True,accept
DXA,ASX,Stock,CAISSE FRANCAISE DE FINANCEMENT LOCAL,,,,,,,,,,False,False,no_tradingview_match
EAFH,BATS,ETF,Xtrackers MSCI EAFE 50% Hedged Equity ETF,EAFH,Xtrackers MSCI EAFE 50% Hedged Equity ETF,CBOE,fund,etf,US23306X7536,Miscellaneous,Investment Trusts/Mutual Funds,United States,True,True,accept
EDGE,IDX,Stock,PT Indointernet Tbk.,EDGE,PT Indointernet Tbk,IDX,stock,common,ID1000159403,Technology Services,Information Technology Services,Indonesia,True,True,accept
EIT,TSX,ETF,Canoe EIT Income Fund,,,,,,,,,,False,False,no_tradingview_match
ELL,TSXV,Stock,Everybody Loves Languages Corp.,,,,,,,,,,False,False,no_tradingview_match
ELM,TSXV,Stock,Element Lifestyle Retirement Inc.,ELM,Element Lifestyle Retirement Inc.,TSXV,stock,common,CA28619G1081,Non-Energy Minerals,Precious Metals,Canada,True,True,accept
ELY,TSXV,Stock,Electrum Discovery Corp.,,,,,,,,,,False,False,no_tradingview_match
EMDE,IDX,Stock,Megapolitan Developments Tbk,EMDE,PT Megapolitan Developments Tbk,IDX,stock,common,ID1000118003,Finance,Real Estate Development,Indonesia,True,True,accept
EMDV,BATS,ETF,ProShares MSCI Emerging Markets Dividend Growers ETF,EMDV,ProShares MSCI Emerging Markets Dividend Growers ETF,CBOE,fund,etf,US74347B8476,Miscellaneous,Investment Trusts/Mutual Funds,United States,True,True,accept
EMSE,BATS,ETF,Corgi Emerging Markets Equities 15% Structured Buffer ETF - September Series,EMSE,Corgi Emerging Markets Equities 15% Structured Buffer ETF - September Series,CBOE,fund,etf,US21874N7104,Miscellaneous,Investment Trusts/Mutual Funds,United States,True,True,accept
ENAV,BATS,ETF,Collaborative Investment Series Trust - Mohr Sector Navigator ETF,,,,,,,,,,False,False,no_tradingview_match
ENHE,NASDAQ,ETF,iShares Enhanced Emerging Markets Active ETF,ENHE,iShares Enhanced Emerging Markets Active ETF,NASDAQ,fund,etf,US09290C6324,Miscellaneous,Investment Trusts/Mutual Funds,United States,True,True,accept
ENRG,NYSE ARCA,ETF,Ninepoint North American Energy Independence ETF,ENRG,Ninepoint North American Energy Independence ETF,AMEX,fund,etf,US45259A8291,Miscellaneous,Investment Trusts/Mutual Funds,United States,True,True,accept
EOCN,NASDAQ,Stock,Eocene Ltd. - Ordinary Shares,EOCN,Eocene Ltd.,NASDAQ,stock,common,IL0011313900,Health Technology,Pharmaceuticals: Major,Israel,True,False,isin_peer_name_mismatch
EON,TSXV,Stock,EON Lithium Corp.,,,,,,,,,,False,False,no_tradingview_match
EPAC,IDX,Stock,PT Megalestari Epack Sentosaraya Tbk.,EPAC,PT Megalestari Epack Sentosaraya Tbk,IDX,stock,common,ID1000156102,Technology Services,Internet Software/Services,Indonesia,True,True,accept
ESEA,NASDAQ,Stock,Euroseas Ltd,ESEA,Euroseas Ltd.,NASDAQ,stock,common,MHY235921357,Transportation,Marine Shipping,Greece,True,True,accept
ESYN,NASDAQ,Stock,EnerSyn Global Inc. - Common Stock,ESYN,EnerSyn Global Inc.,NASDAQ,stock,common,US44852G3092,Finance,Financial Conglomerates,United States,True,True,accept
ETHA,NASDAQ,ETF,iShares Ethereum Trust ETF,ETHA,iShares Ethereum Trust ETF,NASDAQ,fund,etf,US46438R2040,Miscellaneous,Investment Trusts/Mutual Funds,United States,True,True,accept
ETHB,NASDAQ,ETF,iShares Staked Ethereum Trust ETF Shares of Fractional Undivided Beneficial Interest,ETHB,iShares Staked Ethereum Trust ETF,NASDAQ,fund,etf,US46438M1062,Miscellaneous,Investment Trusts/Mutual Funds,United States,False,True,name_mismatch
ETHE,NYSE,ETF,Grayscale Ethereum Trust (ETH),,,,,,,,,,False,False,no_tradingview_match
ETHW,NYSE ARCA,ETF,Bitwise Ethereum ETF,ETHW,Bitwise Ethereum ETF,AMEX,fund,etf,US0919551046,Miscellaneous,Investment Trusts/Mutual Funds,United States,True,True,accept
ETRA,NASDAQ,Stock,"Electra Therapeutics, Inc. - Common stock",ETRA,Electra Therapeutics Inc.,NASDAQ,stock,common,US2848251060,Health Technology,Pharmaceuticals: Major,United States,True,True,accept
EUDV,BATS,ETF,ProShares MSCI Europe Dividend Growers ETF,EUDV,ProShares MSCI Europe Dividend Growers ETF,CBOE,fund,etf,US74347B5407,Miscellaneous,Investment Trusts/Mutual Funds,United States,True,True,accept
EWG,NYSE ARCA,ETF,iShares MSCI Germany ETF,EWG,iShares MSCI Germany ETF,AMEX,fund,etf,US4642868065,Miscellaneous,Investment Trusts/Mutual Funds,United States,True,True,accept
FA,TSXV,Stock,Fountain Asset Corp.,FA,Fountain Asset Corp.,TSXV,stock,common,CA35063X1078,Finance,Investment Banks/Brokers,Canada,True,True,accept
FAP,TSX,ETF,abrdn Asia-Pacific Income Fund VCC,FAP,Abrdn Asia-Pacific Income Fund VCC,TSX,fund,closedend,SGXZ44536704,Miscellaneous,Investment Trusts/Mutual Funds,Singapore,True,True,asset_type_mismatch
FBDT,NASDAQ,Stock,First Breach Inc. - Common Stock,FBDT,"First Breach, Inc.",NASDAQ,stock,common,US31940A1051,Electronic Technology,Aerospace & Defense,United States,True,True,accept
FBT.F,TSX,ETF,First Trust NYSE Arca Biotechnology ETF - Hedged Units,,,,,,,,,,False,False,no_tradingview_match
FBTC,BATS,ETF,Fidelity Wise Origin Bitcoin Trust,FBTC,Fidelity Wise Origin Bitcoin Fund,CBOE,fund,etf,US3159481098,Miscellaneous,Investment Trusts/Mutual Funds,United States,True,True,accept
FCA-U,TSXV,Stock,Firm Capital Apartment Real Estate Investment Trust,FCA.U,Firm Capital Apartment Real Estate Investment Trust Trust Units,TSXV,fund,reit,CA31833L1013,Finance,Real Estate Investment Trusts,Canada,True,True,asset_type_mismatch
FCD,TSX,ETF,Firm Capital Property Trust,,,,,,,,,,False,False,no_tradingview_match
FCMO,NEO,ETF,Fidelity US Momentum ETF,FCMO,Fidelity U.S. Momentum ETF Series L Trust Units,NEO,fund,etf,CA31649P1062,Miscellaneous,Investment Trusts/Mutual Funds,Canada,False,True,name_mismatch
FCR,TSX,ETF,First Capital Real Estate Investment Trust,,,,,,,,,,False,False,no_tradingview_match
FEMD,NYSE ARCA,ETF,First Eagle ETF Trust,FEMD,First Eagle Mid Cap Equity ETF,AMEX,fund,etf,US32012B2034,Miscellaneous,Investment Trusts/Mutual Funds,United States,False,True,name_mismatch
FEMO,TSX,ETF,Fidelity Emerging Markets Opportunities Fund,FEMO,Fidelity Emerging Markets Opportunities Fund ETF Series units Trust Units,TSX,fund,etf,CA3159541075,Miscellaneous,Investment Trusts/Mutual Funds,Canada,True,True,accept
FFAB,TSX,ETF,Fidelity Alternative Bond Fund,FFAB,Fidelity Alternative Bond Fund ETF Series units Trust Units,TSX,fund,etf,CA31582Q1037,Miscellaneous,Investment Trusts/Mutual Funds,Canada,True,True,accept
FFI-UN,TSX,ETF,Flaherty & Crumrine Investment Grade Fixed Income Fund,,,,,,,,,,False,False,no_tradingview_match
FFR,NASDAQ,Stock,FF EAI Robotics Ecosystem Inc. - Common Stock,FFR,FF EAI Robotics Ecosystem Inc.,NASDAQ,stock,common,US74754R3012,Technology Services,Packaged Software,United States,True,False,isin_peer_name_mismatch
FGC,NASDAQ,Stock,FG Communities Holdings Inc. - Common Stock,FGC,FG Communities Holdings Inc.,NASDAQ,stock,common,US30329Y4035,Finance,Property/Casualty Insurance,United States,True,False,isin_peer_name_mismatch
FGCC.P,TSXV,Stock,First and Goal Capital Corp.,,,,,,,,,,False,False,no_tradingview_match
FGCV,TSX,ETF,Fidelity Global Concentrated Value Fund,FGCV,Fidelity Global Concentrated Value Fund ETF Trust Units,TSX,fund,etf,CA3161971021,Miscellaneous,Investment Trusts/Mutual Funds,Canada,True,True,accept
FGX,NEO,ETF,Faircourt Gold Income Corp,FGX,Faircourt Gold Income Corp. Class A,NEO,fund,closedend,CA30376T1093,Miscellaneous,Investment Trusts/Mutual Funds,Canada,True,True,asset_type_mismatch
FIRE,IDX,Stock,PT Alfa Energi Investama Tbk.,FIRE,PT Alfa Energi Investama Tbk,IDX,stock,common,ID1000139009,Energy Minerals,Coal,Indonesia,True,True,accept
FIXX,BATS,ETF,Leverage Shares 2X Long FIX Daily ETF,FIXX,Leverage Shares 2X Long FIX Daily ETF,CBOE,fund,etf,US88340G8015,Miscellaneous,Investment Trusts/Mutual Funds,United States,True,True,accept
FJDI,NASDAQ,Stock,ARC Group Securities Acquisition I - Class A Ordinary Shares,FJDI,ARC Group Securities Acquisition I Class A,NASDAQ,stock,common,KYG0511G1091,Finance,Financial Conglomerates,United States,True,True,accept
FLD,NASDAQ,Stock,"Fold Holdings, Inc. Class A Common Stock",FLD,"Fold Holdings, Inc. Class A",NASDAQ,stock,common,US29103K1007,Technology Services,Packaged Software,United States,False,True,name_mismatch
FLEL,BATS,ETF,Leverage Shares 2X Long FLEX Daily ETF,FLEL,Leverage Shares 2X Long FLEX Daily ETF,CBOE,fund,etf,US88340G8841,Miscellaneous,Investment Trusts/Mutual Funds,United States,True,True,accept
FLOT.B,TSX,ETF,Purpose Floating Rate Income Fund - ETF Non-currency hedged CAD,,,,,,,,,,False,False,no_tradingview_match
FM2,ASX,ETF,FIRSTMAC MORTGAGE FUNDING TRUST NO.4 SERIES 2-2019,,,,,,,,,,False,False,no_tradingview_match
FM3,ASX,ETF,FIRSTMAC MORTGAGE FUNDING TRUST NO. 4 SERIES 1-2020,,,,,,,,,,False,False,no_tradingview_match
FM5,ASX,ETF,FIRSTMAC MORTGAGE FUNDING TRUST NO.4 SERIES 2-2020,,,,,,,,,,False,False,no_tradingview_match
FMAB,TSX,ETF,Fidelity Multi-Alt Balanced Fund,FMAB,Fidelity Multi-Alt Balanced Fund Trust Unit,TSX,fund,etf,CA31625L1031,Miscellaneous,Investment Trusts/Mutual Funds,Canada,True,True,accept
FNGB,NYSE ARCA,ETF,MicroSectors™ FANG+™ 3x Leveraged ETNs,,,,,,,,,,False,False,no_tradingview_match
FOIL,NYSE,Stock,"Londian Wason New Energy Tech Inc. American Depositary Shares, each representing five Ordinary Shares",FOIL,"Londian Wason New Energy Tech, Inc. Unsponsored ADR",NYSE,dr,,US54179A1097,Non-Energy Minerals,Other Metals/Minerals,China,True,True,accept
FPWR,NYSE ARCA,ETF,First Trust EIP Power Solutions ETF,FPWR,First Trust EIP Power Solutions ETF,AMEX,fund,etf,US33738D7057,Miscellaneous,Investment Trusts/Mutual Funds,United States,True,False,isin_peer_name_mismatch
FRUT,NYSE ARCA,ETF,Yorkville America MANGOS Plus Index ETF,FRUT,Yorkville America MANGOS Plus Index ETF,AMEX,fund,etf,US89844T8449,Miscellaneous,Investment Trusts/Mutual Funds,United States,True,True,accept
FTRA,NYSE,Stock,FutureCorp Space Acquisition 1 Class A Ordinary Shares,FTRA,FutureCorp Space Acquisition 1 Class A,NYSE,stock,common,KYG373071086,Finance,Financial Conglomerates,United States,True,True,accept
GAID,NYSE ARCA,ETF,Guinness Atkinson Funds,,,,,,,,,,False,False,no_tradingview_match
GAUD,NYSE ARCA,ETF,Guinness Atkinson Funds,,,,,,,,,,False,False,no_tradingview_match
GAVA,NASDAQ,ETF,Grayscale Avalanche Trust ETF Common Units of Fractional Undivided Beneficial Interest,GAVA,Grayscale Avalanche Staking ETF,NASDAQ,fund,etf,US38963A1025,Miscellaneous,Investment Trusts/Mutual Funds,United States,False,True,name_mismatch
GBFC,NEO,ETF,GuardBondsTM 2026 Investment Grade Bond Fund ETF Units,GBFC,GuardBonds 2026 Investment Grade Bond Fund Trust Unit,NEO,fund,etf,CA40132H1091,,,,False,True,name_mismatch
GBFD,NEO,ETF,GuardBondsTM 2027 Investment Grade Bond Fund ETF Units,GBFD,GuardBonds 2027 Investment Grade Bond Fund Trust Unit,NEO,fund,etf,CA40132E1060,,,,False,True,name_mismatch
GBFE,NEO,ETF,GuardBonds 2028 Investment Grade Bd ETF,GBFE,GuardBonds 2028 Investment Grade Bond Fund Trust Unit,NEO,fund,etf,CA40130P1036,,,,False,True,name_mismatch
GBXA,BATS,ETF,Goldman Sachs ETF Trust Goldman,,,,,,,,,,False,False,no_tradingview_match
GCG,TSX,Stock,Guardian Capital Group Limited,,,,,,,,,,False,False,no_tradingview_match
GCLO,NYSE ARCA,ETF,Guggenheim Investment Grade CLO ETF,GCLO,Guggenheim Investment Grade CLO ETF,AMEX,fund,etf,US40169J4572,Miscellaneous,Investment Trusts/Mutual Funds,United States,True,True,accept
GCPU,NYSE ARCA,ETF,Grayscale AI Compute ETF,GCPU,Grayscale AI Compute ETF,AMEX,fund,etf,US38963H2067,Miscellaneous,Investment Trusts/Mutual Funds,United States,True,False,isin_peer_name_mismatch
GDST,IDX,Stock,Gunawan Dianjaya Steel Tbk,GDST,PT Gunawan Dianjaya Steel Tbk,IDX,stock,common,ID1000113806,Non-Energy Minerals,Steel,Indonesia,True,True,accept
GEEQ,NYSE ARCA,ETF,Guggenheim Enhanced Equity Income ETF,GEEQ,Guggenheim Enhanced Equity Income ETF,AMEX,fund,etf,US40169J4408,Miscellaneous,Investment Trusts/Mutual Funds,United States,True,True,accept
GEMQ,NASDAQ,ETF,Goldman Sachs Data Enhanced Emerging Markets Equity ETF,GEMQ,Goldman Sachs Data Enhanced Emerging Markets Equity ETF,NASDAQ,fund,etf,US38149W3907,Miscellaneous,Investment Trusts/Mutual Funds,United States,True,True,accept
GEMSPNL,PSX,Stock,Supernet Ltd.,,,,,,,,,,False,False,no_tradingview_match
GFL,NYSE,Stock,Gfl Environmental Holdings Inc,GFL,GFL Environmental Inc,NYSE,stock,common,CA36168Q1046,Industrial Services,Environmental Services,United States,True,True,accept
GGRP,IDX,Stock,PT Gunung Raja Paksi Tbk.,GGRP,PT Gunung Raja Paksi Tbk,IDX,stock,common,ID1000151202,Non-Energy Minerals,Steel,Indonesia,True,True,accept
GGTL,NYSE ARCA,ETF,Gabelli Global Technology Leaders ETF,GGTL,Gabelli Global Technology Leaders ETF,AMEX,fund,etf,US36261K3014,Miscellaneous,Investment Trusts/Mutual Funds,United States,True,False,isin_peer_name_mismatch
GIAI,TSX,ETF,Guardian i3 AI Technology and Innovation Fund,GIAI,Guardian i3 AI Technology and Innovation Fund Trust Unit,TSX,fund,etf,CA4009241064,Miscellaneous,Investment Trusts/Mutual Funds,Canada,True,True,accept
GICD,TSX,ETF,Guardian i3 Canadian Dividend Growth Fund,GICD,Guardian i3 Canadian Dividend Growth Fund ETF Trust Units,TSX,fund,etf,CA4009171006,Miscellaneous,Investment Trusts/Mutual Funds,Canada,True,True,accept
GIGD,TSX,ETF,Guardian i3 Global Dividend Growth Fund,GIGD,Guardian i3 Global Dividend Growth Fund Trust Units,TSX,fund,etf,CA4009191061,Miscellaneous,Investment Trusts/Mutual Funds,Canada,True,True,accept
GIGF,TSX,ETF,Guardian i3 Global Core Equity Fund,GIGF,Guardian i3 Global Core Equity Fund Trust Units -Unhedged ETF-,TSX,fund,etf,CA40136W2013,Miscellaneous,Investment Trusts/Mutual Funds,Canada,True,True,accept
GIGF.F,TSX,ETF,Guardian i3 Global Core Equity Fund,GIGF.F,Guardian i3 Global Core Equity Fund Trust Units -Hedged ETF-,TSX,fund,etf,CA40136W1023,Miscellaneous,Investment Trusts/Mutual Funds,Canada,True,False,isin_peer_name_mismatch
GIXI,NASDAQ,Stock,Gix Internet Ltd. - Ordinary Shares,GIXI,Gix Internet Ltd.,NASDAQ,stock,common,IL0007440113,Consumer Services,Publishing: Newspapers,Israel,True,True,accept
GLBL,BATS,ETF,Pacer Funds Trust Pacer MSCI Wo,GLBL,Pacer MSCI World Industry Advantage ETF,CBOE,fund,etf,US69374H2958,Miscellaneous,Investment Trusts/Mutual Funds,United States,False,True,name_mismatch
GLIN.P,TSXV,Stock,Global Investments Capital Corp.,,,,,,,,,,False,False,no_tradingview_match
GLIX,NYSE ARCA,ETF,Lazard Active ETF Trust,GLIX,Lazard Listed Infrastructure ETF,AMEX,fund,etf,US52110K6082,Miscellaneous,Investment Trusts/Mutual Funds,United States,False,True,name_mismatch
GMOC,NYSE ARCA,ETF,GMO ETF Trust (Name to be changed from The 2023 ETF Series Trust II),GMOC,GMO Ultra-Short Income ETF,AMEX,fund,etf,US90139K8861,Miscellaneous,Investment Trusts/Mutual Funds,United States,False,True,name_mismatch
GNS,NYSE MKT,Stock,Genius Group Ltd,GNS,Genius Group Limited,AMEX,stock,common,SGXZ81555062,Technology Services,Packaged Software,Singapore,True,False,isin_peer_name_mismatch
GOLD,IDX,Stock,PT Visi Telekomunikasi Infrastruktur Tbk.,GOLD,PT Visi Telekomunikasi Infrastruktur Tbk,IDX,stock,common,ID1000116205,Finance,Finance/Rental/Leasing,Indonesia,True,True,accept
GOOD,IDX,Stock,PT Garudafood Putra Putri Jaya Tbk.,GOOD,PT Garudafood Putra Putri Jaya Tbk,IDX,stock,common,ID1000145907,Consumer Non-Durables,Food: Specialty/Candy,Indonesia,True,True,accept
GOOW,BATS,ETF,Roundhill Etf Trust - Roundhill Google Weeklypay Etf,GOOW,Roundhill GOOGL WeeklyPay ETF,CBOE,fund,etf,US77926X7599,Miscellaneous,Investment Trusts/Mutual Funds,United States,False,True,name_mismatch
GOW,NASDAQ,Stock,GOWell Energy Technology - Ordinary shares,GOW,GOWell Energy Technology,NASDAQ,stock,common,KYG4067B1005,Finance,Financial Conglomerates,Singapore,True,True,accept
GOWC.P,TSXV,Stock,Can-Gow Capital Inc.,,,,,,,,,,False,False,no_tradingview_match
GPGI,NYSE,Stock,"GPGI, Inc.",GPGI,"GPGI, Inc. Class A",NYSE,stock,common,US20459V1052,Producer Manufacturing,Industrial Machinery,United States,False,True,name_mismatch
GQ,TSXV,Stock,Great Quest Gold Ltd.,,,,,,,,,,False,False,no_tradingview_match
GRSD,NASDAQ,Stock,Grandstand Limited - Ordinary Shares,GRSD,Grandstand Limited,NASDAQ,stock,common,JE00BL970N11,Commercial Services,Advertising/Marketing Services,United Kingdom,True,False,isin_peer_name_mismatch
GTM.P,TSXV,Stock,G2M Cap Corp.,,,,,,,,,,False,False,no_tradingview_match
HBIT,NYSE ARCA,ETF,Hedgeye Hedged Bitcoin ETF,HBIT,Hedgeye Hedged Bitcoin ETF,AMEX,fund,etf,US26923V3731,Miscellaneous,Investment Trusts/Mutual Funds,United States,True,True,accept
HC1,ASX,ETF,HOUSEHOLD CAPITAL 2025-1 RMBS TRUST,,,,,,,,,,False,False,no_tradingview_match
HEAL,IDX,Stock,PT Medikaloka Hermina Tbk.,HEAL,PT Medikaloka Hermina Tbk,IDX,stock,common,ID1000143100,Health Services,Hospital/Nursing Management,Indonesia,True,True,accept
HERZ,NASDAQ,ETF,"Herzfeld Credit Income Fund, Inc",HERZ,"Herzfeld Credit Income Fund, Inc.",NASDAQ,fund,closedend,US42804T2050,Miscellaneous,Investment Trusts/Mutual Funds,United States,True,True,asset_type_mismatch
HFSI,BATS,ETF,Hartford Strategic Income ETF,HFSI,Hartford Strategic Income ETF,CBOE,fund,etf,US41653L8752,Miscellaneous,Investment Trusts/Mutual Funds,United States,True,False,isin_peer_name_mismatch
HHII,TSX,ETF,Harvest International High Income Shares ETF,HHII,Harvest International High Income Shares ETF Trust Units A,TSX,fund,etf,CA41757X1069,Miscellaneous,Investment Trusts/Mutual Funds,Canada,True,True,accept
HIAI,BATS,ETF,Ai Funds High Conviction US Equity AI-Managed ETF,HIAI,Ai Funds High Conviction US Equity AI-Managed ETF,CBOE,fund,etf,US26923V6700,Miscellaneous,Investment Trusts/Mutual Funds,United States,True,True,accept
HIG,NYSE,Stock,"The Hartford Insurance Group, Inc.",HIG,"Hartford Insurance Group, Inc.",NYSE,stock,common,US4165151048,Finance,Property/Casualty Insurance,United States,True,True,accept
HISU,TSX,ETF,US High Interest Savings Account Fund Unhedged ETF,,,,,,,,,,False,False,no_tradingview_match
HNDA,NEO,Stock,HONDA MOTOR CO LTD CDR (CAD Hedged),HNDA,"Honda Motor Co., Ltd. Sponsored Canadian Depository Receipt Hedged Reg",NEO,dr,,CA4381261045,Consumer Durables,Motor Vehicles,Japan,False,True,name_mismatch
HOS,NYSE,Stock,"Hornbeck Offshore Services, Inc. Common Stock",HOS,"Hornbeck Offshore Services, Inc.",NYSE,stock,common,US42330P1075,Industrial Services,Oilfield Services/Equipment,United States,True,False,isin_peer_name_mismatch
HOST,NYSE MKT,Stock,Host Digital Inc. Class A Common Stock,HOST,Host Digital Inc. Class A,AMEX,stock,common,US42227T3032,Retail Trade,Food Retail,United States,True,True,accept
HPYG,TSX,ETF,Harvest Premium Yield Gold ETF,HPYG,Harvest Premium Yield Gold ETF Trust Units A,TSX,fund,etf,CA41757W1086,Miscellaneous,Investment Trusts/Mutual Funds,Canada,True,True,accept
HQDG,NASDAQ,ETF,Raub Brock Dividend Growth ETF,HQDG,Raub Brock Dividend Growth ETF,NASDAQ,fund,etf,US88636N7672,Miscellaneous,Investment Trusts/Mutual Funds,United States,True,True,accept
HSEP,BATS,ETF,Corgi U.S. Equities 100% Structured Buffer ETF - September Series,HSEP,Corgi U.S. Equities 100% Structured Buffer ETF - September Series,CBOE,fund,etf,US21874N6866,Miscellaneous,Investment Trusts/Mutual Funds,United States,True,True,accept
HTB,NYSE,Stock,"HomeTrust Bancshares, Inc.",HTB,"HomeTrust Bancshares, Inc.",NYSE,stock,common,US4378721041,Finance,Regional Banks,United States,True,True,accept
HTTD,TSX,ETF,BetaPro US 30-Year T-Bond -3x Daily Bear ETF,,,,,,,,,,False,False,no_tradingview_match
HTTU,TSX,ETF,BetaPro US 30-Year T-Bond 3x Daily Bull ETF,,,,,,,,,,False,False,no_tradingview_match
HUMM,NYSE ARCA,ETF,800VDC AI Datacenter Ecosystem ETF,HUMM,800VDC AI Datacenter Ecosystem ETF,AMEX,fund,etf,US41151J3986,Miscellaneous,Investment Trusts/Mutual Funds,United States,True,True,accept
HUS,TSX,ETF,Hamilton US Financials Dividend Index ETF - CDN$ Hedged Units,,,,,,,,,,False,False,no_tradingview_match
HVAC,NYSE ARCA,ETF,AdvisorShares Trust,HVAC,AdvisorShares HVAC and Industrials ETF,AMEX,fund,etf,US00768Y2717,Miscellaneous,Investment Trusts/Mutual Funds,United States,False,True,name_mismatch
HWGV,NASDAQ,ETF,Hotchkis & Wiley Global Value Fund,HWGV,Hotchkis & Wiley Global Value Fund ETF,NASDAQ,fund,etf,US44134R3966,Miscellaneous,Investment Trusts/Mutual Funds,United States,True,True,accept
HWMV,NASDAQ,ETF,Hotchkis & Wiley Mid-Cap Value Fund,HWMV,Hotchkis & Wiley Mid-Cap Value Fund ETF,NASDAQ,fund,etf,US44134R3883,Miscellaneous,Investment Trusts/Mutual Funds,United States,True,True,accept
HXA,NYSE ARCA,ETF,Mast HedgeIndex Corporate Arbitrage ETF,HXA,Mast HedgeIndex Corporate Arbitrage ETF,AMEX,fund,etf,US30254T4452,Miscellaneous,Investment Trusts/Mutual Funds,United States,True,True,accept
HXC,NYSE ARCA,ETF,Mast HedgeIndex Strategic Commodities ETF,HXC,Mast HedgeIndex Strategic Commodities ETF,AMEX,fund,etf,US30254T4114,Miscellaneous,Investment Trusts/Mutual Funds,United States,True,True,accept
HXE,NYSE ARCA,ETF,Mast HedgeIndex Adaptive Equities ETF,HXE,Mast HedgeIndex Adaptive Equities ETF,AMEX,fund,etf,US30254T4296,Miscellaneous,Investment Trusts/Mutual Funds,United States,True,True,accept
HXF,NYSE ARCA,ETF,Mast HedgeIndex Managed Futures Strategy ETF,HXF,Mast HedgeIndex Managed Futures Strategy ETF,AMEX,fund,etf,US30254T4379,Miscellaneous,Investment Trusts/Mutual Funds,United States,True,True,accept
IACL,BATS,ETF,GraniteShares US 100 Autocallable Income ETF,IACL,GraniteShares US 100 Autocallable Income ETF,CBOE,fund,etf,US38747T2942,Miscellaneous,Investment Trusts/Mutual Funds,United States,True,True,accept
IBC-H,TSXV,Stock,International Bethlehem Mining Corp,IBC.H,International Bethlehem Mining Corp.,TSXV,stock,common,CA4591233032,Non-Energy Minerals,Other Metals/Minerals,Canada,True,True,accept
IBIT-U,NEO,ETF,iShares Bitcoin ETF USD,,,,,,,,,,False,False,no_tradingview_match
IBQT,TSX,ETF,iShares Equity + Bitcoin ETF Portfolio,IBQT,iShares Equity + Bitcoin ETF Portfolio Canadian Dollar Denominated Units Trust Units,TSX,fund,etf,CA46438X1024,Miscellaneous,Investment Trusts/Mutual Funds,Canada,False,True,name_mismatch
IBST,IDX,Stock,Inti Bangun Sejahtera Tbk,IBST,PT Inti Bangun Sejahtera Tbk,IDX,stock,common,ID1000124506,Industrial Services,Engineering & Construction,Indonesia,True,True,accept
ICBB,TSX,ETF,Invesco Global Bond ETF,,,,,,,,,,False,False,no_tradingview_match
ICBR3,B3,Stock,INTERCEMENT BRASIL S.A.,,,,,,,,,,False,False,no_tradingview_match
ICGH,TSXV,Stock,IC Group Holdings Inc.,ICGH,IC Group Holdings Inc.,TSXV,stock,common,CA4492741091,Finance,Financial Conglomerates,Canada,False,True,name_mismatch
ICI.P,TSXV,Stock,Inceptus Capital Ltd.,,,,,,,,,,False,False,no_tradingview_match
ICMO,NASDAQ,ETF,Symmetry Panoramic International Country Momentum ETF,ICMO,Symmetry Panoramic International Country Momentum ETF,NASDAQ,fund,etf,US87190B8708,Miscellaneous,Investment Trusts/Mutual Funds,United States,True,True,accept
IDSE,BATS,ETF,Corgi International Developed Equities 15% Structured Buffer ETF - September Series,IDSE,Corgi International Developed Equities 15% Structured Buffer ETF - September Series,CBOE,fund,etf,US21874N6940,Miscellaneous,Investment Trusts/Mutual Funds,United States,True,True,accept
IEI,TSXV,Stock,Imperial Equities Inc.,IEI,Imperial Equities Inc.,TSXV,stock,common,CA4527371096,Finance,Real Estate Development,Canada,True,True,accept
IF1,ASX,Stock,"IBERDROLA FINANZAS, S.A.U.",,,,,,,,,,False,False,no_tradingview_match
IGBT,TSX,ETF,2028 Investment Grade Bond Trust,,,,,,,,,,False,False,no_tradingview_match
IIME,TSX,ETF,IA Clarington International Multifactor Equity Fund,IIME,IA Clarington International Multifactor Equity Fund Trust Unit,TSX,fund,etf,CA45075N1042,Miscellaneous,Investment Trusts/Mutual Funds,Canada,True,True,accept
IIP,TSX,ETF,InterRent Real Estate Investment Trust,,,,,,,,,,False,False,no_tradingview_match
INAI,IDX,Stock,Indal Aluminium Industry Tbk,INAI,PT Indal Aluminium Industry Tbk,IDX,stock,common,ID1000130800,Non-Energy Minerals,Aluminum,Indonesia,True,True,accept
INDO,IDX,Stock,PT Royalindo Investa Wijaya Tbk,INDO,PT Royalindo Investa Wijaya Tbk,IDX,stock,common,ID1000153505,Finance,Regional Banks,Indonesia,True,True,accept
INDS,IDX,Stock,Indospring Tbk,INDS,PT Indospring Tbk,IDX,stock,common,ID1000072002,Producer Manufacturing,Auto Parts: OEM,Indonesia,True,True,accept
INFU,NYSE MKT,Stock,InfuSystems Holdings Inc,INFU,"InfuSystem Holdings, Inc.",AMEX,stock,common,US45685K1025,Commercial Services,Miscellaneous Commercial Services,United States,False,True,name_mismatch
INGS,TSX,Stock,ING CDR (CAD Hedged),INGS,ING Groep N.V. CAD Hedged CIBC CDR,TSX,dr,,CA4569421015,Finance,Major Banks,Netherlands,False,True,name_mismatch
INIK,TSXV,Stock,Ionik Corporation,INIK,Ionik Corporation,TSXV,stock,common,CA4622211023,Technology Services,Packaged Software,Canada,True,True,accept
INOV,IDX,Stock,PT Inocycle Technology Group Tbk.,INOV,PT Inocycle Technology Group Tbk,IDX,stock,common,ID1000150105,Process Industries,Textiles,Indonesia,True,True,accept
INRO,NASDAQ,ETF,BlackRock U.S. Industry Rotation ETF,INRO,iShares U.S. Industry Rotation Active ETF,NASDAQ,fund,etf,US09290C8304,Miscellaneous,Investment Trusts/Mutual Funds,United States,False,True,name_mismatch
INTA,IDX,Stock,Intraco Penta Tbk,INTA,PT Intraco Penta Tbk,IDX,stock,common,ID1000119209,Distribution Services,Wholesale Distributors,Indonesia,True,True,accept
INTL,BATS,ETF,Main International ETF,INTL,Main International ETF,CBOE,fund,etf,US66538H2379,Miscellaneous,Investment Trusts/Mutual Funds,United States,True,True,accept
INVN,NYSE ARCA,ETF,The Alger ETF Trust,INVN,Alger Russell Innovation ETF,AMEX,fund,etf,US0155646021,Miscellaneous,Investment Trusts/Mutual Funds,United States,False,True,name_mismatch
IOT,TSXV,Stock,Innovotech Inc.,IOT,Innovotech Inc.,TSXV,stock,common,CA45772U1049,Health Services,Medical/Nursing Services,Canada,True,True,accept
IPOL,IDX,Stock,Indopoly Swakarsa Industry Tbk,IPOL,PT Indopoly Swakarsa Industry Tbk,IDX,stock,common,ID1000115900,Process Industries,Containers/Packaging,Indonesia,True,True,accept
IQGR,NASDAQ,ETF,Astoria International Quality Growth Kings ETF,IQGR,Astoria International Quality Growth Kings ETF,NASDAQ,fund,etf,US02072Q8794,Miscellaneous,Investment Trusts/Mutual Funds,United States,True,True,accept
IRBO,NYSE ARCA,ETF,iShares Robotics and Artificial Intelligence Multisector ETF,,,,,,,,,,False,False,no_tradingview_match
IROC,BATS,ETF,Invesco Rochester High Yield Municipal ETF,IROC,Invesco Rochester High Yield Municipal ETF,CBOE,fund,etf,US46090A7476,Miscellaneous,Investment Trusts/Mutual Funds,United States,True,False,isin_peer_name_mismatch
ITG,NASDAQ,Stock,"ITG, Inc. - Class A Common Stock",ITG,ITG Inc. Class A,NASDAQ,stock,common,US45047B1052,Industrial Services,Engineering & Construction,United States,False,True,name_mismatch
IVAI,NYSE,Stock,Ives Ultra AI Opportunities Inc. Common Stock,IVAI,Ives Ultra AI Opportunities Inc.,NYSE,stock,common,US90386L1089,Miscellaneous,Investment Trusts/Mutual Funds,United States,True,True,accept
IVX,TSXV,Stock,Inventronics Ltd,IVX,Inventronics Limited,TSXV,stock,common,CA4612082095,Producer Manufacturing,Building Products,Canada,True,True,accept
IZ,TSXV,Stock,International Zeolite Corp.,,,,,,,,,,False,False,no_tradingview_match
JABS,NYSE ARCA,ETF,Janus Detroit Street Trust,JABS,Janus Henderson Asset-Backed Securities ETF,AMEX,fund,etf,US47103U6881,Miscellaneous,Investment Trusts/Mutual Funds,United States,False,True,name_mismatch
JEMB,NYSE ARCA,ETF,Janus Detroit Street Trust,JEMB,Janus Henderson Emerging Markets Debt Hard Currency ETF,AMEX,fund,etf,US47103U7384,Miscellaneous,Investment Trusts/Mutual Funds,United States,False,True,name_mismatch
JEPH,TSX,ETF,JPMorgan US Equity Premium Income Active ETF - CAD Hedged,JEPH,JPMorgan US Equity Premium Income Active ETF Canadian dollar denominated hedged units Trust Units -Hedged-,TSX,fund,etf,CA46660K1093,Miscellaneous,Investment Trusts/Mutual Funds,Canada,True,True,accept
JFS,TSX,ETF,JFT Strategies Fund,,,,,,,,,,False,False,no_tradingview_match
JHC,TSXV,Stock,Jinhua Capital Corporation,,,,,,,,,,False,False,no_tradingview_match
JHCR,NYSE ARCA,ETF,JHancock Core Bond ETF,JHCR,John Hancock Core Bond ETF,AMEX,fund,etf,US47804J6938,Miscellaneous,Investment Trusts/Mutual Funds,United States,False,True,name_mismatch
JHX,NYSE,Stock,James Hardie Industries plc. Ordinary Shares,JHX,James Hardie Industries PLC,NYSE,stock,common,IE000R94NGM2,Non-Energy Minerals,Construction Materials,Ireland,True,True,accept
JINT,NASDAQ,ETF,Janus Henderson International Core Alpha ETF,JINT,Janus Henderson International Core Alpha ETF,NASDAQ,fund,etf,US47103U5974,Miscellaneous,Investment Trusts/Mutual Funds,United States,True,True,accept
JMKE,NYSE,Stock,Jersey Mike's Subs Inc. Class A Common Stock,JMKE,"Jersey Mike's Subs, Inc. Class A",NYSE,stock,common,US47668J1025,Consumer Services,Restaurants,United States,True,True,accept
JONE,NASDAQ,Stock,Jones Ventures INTL Acquisition1 Corp - Class A Ordinary Shares,JONE,Jones Ventures INTL Acquisition1 Corp Class A,NASDAQ,stock,common,KYG517761055,Finance,Financial Conglomerates,United States,True,True,accept
JPND,BATS,ETF,MicroSectors -3x Short Japan ETNs,JPND,MicroSectors -3x Short Japan ETNs,CBOE,fund,etf,US06367V7588,Miscellaneous,Investment Trusts/Mutual Funds,United States,True,True,accept
JPNU,BATS,ETF,MicroSectors 3x Long Japan ETNs,JPNU,MicroSectors 3x Long Japan ETNs,CBOE,fund,etf,US06367V7661,Miscellaneous,Investment Trusts/Mutual Funds,United States,True,True,accept
JPQH,TSX,ETF,JPMorgan Nasdaq Equity Premium Income Active ETF - CAD Hedged,JPQH,JPMorgan Nasdaq Equity Premium Income Active ETF Canadian dollar denominated Hedged Units Trust Unit -Hedged-,TSX,fund,etf,CA48134U1012,Miscellaneous,Investment Trusts/Mutual Funds,Canada,True,True,accept
JQTY,NYSE ARCA,ETF,Jensen U.S. Quality Index ETF,JQTY,Jensen U.S. Quality Index ETF,AMEX,fund,etf,US89834G5475,Miscellaneous,Investment Trusts/Mutual Funds,United States,True,True,accept
JTC,TSXV,Stock,Jemtec Inc.,JTC,JEMTEC Inc.,TSXV,stock,common,CA4759012038,Commercial Services,Miscellaneous Commercial Services,Canada,True,True,accept
JTTT,NASDAQ,Stock,JATT III Acquisition Corp - Ordinary Shares,JTTT,JATT III Acquisition Corp,NASDAQ,stock,common,KYG5080G1091,Finance,Financial Conglomerates,United States,True,True,accept
JULV,NYSE ARCA,ETF,VanEck U.S. Equity Buffer ETF - July,JULV,VanEck U.S. Equity Buffer ETF - July,AMEX,fund,etf,US92189H5651,Miscellaneous,Investment Trusts/Mutual Funds,United States,True,True,accept
KAC.P,TSXV,Stock,Kalon Acquisition Corp.,,,,,,,,,,False,False,no_tradingview_match
KATT,BATS,ETF,T-REX 2X Long PURR Daily Target ETF,KATT,T-REX 2X Long PURR Daily Target ETF,CBOE,fund,etf,US26923V2741,Miscellaneous,Investment Trusts/Mutual Funds,United States,True,True,accept
KCHP,NYSE ARCA,ETF,KICK Korea Semiconductor Index ETF,KCHP,KICK Korea Semiconductor Index ETF,AMEX,fund,etf,US30151E2366,Miscellaneous,Investment Trusts/Mutual Funds,United States,True,True,accept
KI1,ASX,ETF,KINGFISHER TRUST 2019-1,,,,,,,,,,False,False,no_tradingview_match
KIG,ASX,ETF,KINGFISHER TRUST 2016-1,,,,,,,,,,False,False,no_tradingview_match
KPO,BATS,ETF,Kensington Premium Opportunities ETF,KPO,Kensington Premium Opportunities ETF,CBOE,fund,etf,US56167R7961,Miscellaneous,Investment Trusts/Mutual Funds,United States,True,True,accept
KSMH,NASDAQ,ETF,xETFs Korea AI Semiconductor,KSMH,xETFs Korea AI Semiconductor ETF,NASDAQ,fund,etf,US53656H5798,Miscellaneous,Investment Trusts/Mutual Funds,United States,True,True,accept
LAYS,NASDAQ,ETF,STKd 100% NVDA & 100% AMD ETF,,,,,,,,,,False,False,no_tradingview_match
LBOX,BATS,ETF,GraniteShares Short Term Box ETF,LBOX,GraniteShares Short Term Box ETF,CBOE,fund,etf,US38747T2868,Miscellaneous,Investment Trusts/Mutual Funds,United States,True,True,accept
LCIV,NYSE,ETF,Logan Capital International ETF,LCIV,Logan Capital International ETF,NYSE,fund,etf,US00770X1708,Miscellaneous,Investment Trusts/Mutual Funds,United States,True,True,accept
LDDR,BATS,ETF,Stone Ridge 2035 Term Income ETF,LDDR,LifeX 2035 Income Bucket ETF,CBOE,fund,etf,US86172A2490,Miscellaneous,Investment Trusts/Mutual Funds,United States,False,True,name_mismatch
LEAD,IDX,Stock,PT Logindo Samudramakmur Tbk.,LEAD,PT Logindo Samudramakmur Tbk,IDX,stock,common,ID1000134000,Industrial Services,Oilfield Services/Equipment,Indonesia,True,True,accept
LEGO,NYSE MKT,Stock,Legato Merger Corp. IV Ordinary Shares,LEGO,Legato Merger Corp. IV,AMEX,stock,common,KYG7318R1056,Finance,Financial Conglomerates,United States,True,True,accept
LFDR,BATS,ETF,Stone Ridge Durable Income ETF,LFDR,LifeX Durable Income ETF,CBOE,fund,etf,US86172B6193,Miscellaneous,Investment Trusts/Mutual Funds,United States,False,True,name_mismatch
LI8,ASX,ETF,LION SERIES 2020-1 TRUST,,,,,,,,,,False,False,no_tradingview_match
LIRC,TSX,Stock,Lithium Royalty Corp.,,,,,,,,,,False,False,no_tradingview_match
LLG,TSXV,Stock,Mason Resources Inc.,,,,,,,,,,False,False,no_tradingview_match
LLMA,BATS,ETF,Global X LLM ETF,LLMA,Global X LLM ETF,CBOE,fund,etf,US37966B7459,Miscellaneous,Investment Trusts/Mutual Funds,United States,True,True,accept
LN,TSX,Stock,Loncor Gold Inc.,,,,,,,,,,False,False,no_tradingview_match
LN1,ASX,ETF,LION SERIES 2022-1 TRUST,,,,,,,,,,False,False,no_tradingview_match
LN2,ASX,ETF,LION SERIES 2023-1 TRUST,,,,,,,,,,False,False,no_tradingview_match
LN3,ASX,ETF,LION SERIES 2024-1 TRUST,,,,,,,,,,False,False,no_tradingview_match
LNGE,TSXV,Stock,LNG Energy Group Corp.,,,,,,,,,,False,False,no_tradingview_match
LO1,ASX,Stock,LLOYDS BANKING GROUP PLC,,,,,,,,,,False,False,no_tradingview_match
LOMA,NYSE,Stock,Loma Negra Compania Industrial Argentina Sociedad Anonima ADS,LOMA,Loma Negra Compania Industrial Argentina SA Sponsored ADR,NYSE,dr,,US54150E1047,Non-Energy Minerals,Construction Materials,Argentina,True,True,accept
LONG,TSX,ETF,CI Global Longevity Economy Fund,LONG,CI Global Longevity Economy Fund,TSX,fund,etf,CA12558X1087,Miscellaneous,Investment Trusts/Mutual Funds,Canada,True,True,accept
LP1,ASX,Stock,LIBERTY PRIME SERIES 2021-1,,,,,,,,,,False,False,no_tradingview_match
LPSV,NYSE ARCA,ETF,Lone Peak SMID Value ETF,LPSV,Lone Peak SMID Value ETF,AMEX,fund,etf,US3014718684,Miscellaneous,Investment Trusts/Mutual Funds,United States,True,True,accept
LR1,ASX,ETF,LA TROBE FINANCIAL CAPITAL MARKETS TRUST 2023-1,,,,,,,,,,False,False,no_tradingview_match
LR3,ASX,ETF,LA TROBE FINANCIAL CAPITAL MARKETS TRUST 2024-1,,,,,,,,,,False,False,no_tradingview_match
LR4,ASX,ETF,LA TROBE FINANCIAL CAPITAL MARKETS TRUST 2023-2,,,,,,,,,,False,False,no_tradingview_match
LR5,ASX,ETF,LA TROBE FINANCIAL CAPITAL MARKETS TRUST 2024-2,,,,,,,,,,False,False,no_tradingview_match
LR6,ASX,ETF,LA TROBE FINANCIAL CAPITAL MARKETS TRUST 2024-3,,,,,,,,,,False,False,no_tradingview_match
LRC-H,TSXV,Stock,Lovitt Resources Inc,,,,,,,,,,False,False,no_tradingview_match
LSC.P,TSXV,Stock,Lombard Street Capital Corp.,,,,,,,,,,False,False,no_tradingview_match
LT9,ASX,ETF,LA TROBE FINANCIAL CAPITAL MARKETS TRUST 2022-2,,,,,,,,,,False,False,no_tradingview_match
LTAX,NYSE ARCA,ETF,Nomura ETF Trust,LTAX,Nomura Tax-Free USA ETF,AMEX,fund,etf,US5559278883,Miscellaneous,Investment Trusts/Mutual Funds,United States,False,True,name_mismatch
LUNC,NYSE ARCA,ETF,Longnook Uncommon Compounders ETF,LUNC,Longnook Uncommon Compounders ETF,AMEX,fund,etf,US26824D6884,Miscellaneous,Investment Trusts/Mutual Funds,United States,True,True,accept
LWLX,BATS,ETF,Tradr 2X Long LWLG Daily ETF,LWLX,Tradr 2X Long LWLG Daily ETF,CBOE,fund,etf,US46152N6940,Miscellaneous,Investment Trusts/Mutual Funds,United States,True,True,accept
LYNX,NYSE,Stock,Lyntris Inc. Common Stock,LYNX,Lyntris Inc,NYSE,stock,common,US55173P1093,Technology Services,Packaged Software,United States,True,True,accept
M,SET,Stock,MK RESTAURANT GROUP PUBLIC COMPANY LIMITED,M,MK Restaurant Group PCL,SET,stock,common,TH4577010002,Consumer Services,Restaurants,Thailand,False,True,name_mismatch
MA1,ASX,ETF,MA CREDIT INCOME TRUST,MA1,MA Credit Income Trust,ASX,stock,common,AU0000380917,Miscellaneous,Investment Trusts/Mutual Funds,Australia,True,True,asset_type_mismatch
MA2,ASX,Stock,MA CREDIT PORTFOLIO HOLDINGS LIMITED,,,,,,,,,,False,False,no_tradingview_match
MAIN,IDX,Stock,Malindo Feedmill Tbk,MAIN,PT Malindo Feedmill Tbk,IDX,stock,common,ID1000119407,Process Industries,Agricultural Commodities/Milling,Indonesia,True,True,accept
MAP,TSXV,Stock,Maple Peak Investments Inc.,MAP,Maple Peak Investments Inc.,TSXV,stock,common,CA56531K1057,Finance,Financial Conglomerates,Canada,True,True,accept
MARI,IDX,Stock,PT Mahaka Radio Integra Tbk.,MARI,PT Mahaka Radio Integra Tbk,IDX,stock,common,ID1000136906,Consumer Services,Broadcasting,Indonesia,True,True,accept
MAST,LSE,Stock,MAST Energy Developments PLC,,,,,,,,,,False,False,no_tradingview_match
MBL,ASX,Stock,MACQUARIE BANK LIMITED,,,,,,,,,,False,False,no_tradingview_match
MBNK,TSX,ETF,Mulvihill Canadian Bank ETF,MBNK,Mulvihill Canadian Bank ETF,TSX,fund,etf,CA62580P1027,Miscellaneous,Investment Trusts/Mutual Funds,Canada,True,True,accept
MBO,TSXV,Stock,Mobio Technologies Inc.,MBO,"Mobio Technologies, Inc.",TSXV,stock,common,CA60743K4081,Technology Services,Packaged Software,Canada,True,True,accept
MBRF11,B3,ETF,Fundo De Investimento Imobiliário Mercantil Do Brasil-fii -Inicio,,,,,,,,,,False,False,no_tradingview_match
MDA,NYSE,Stock,MDA Space Ltd. Common Shares,MDA,MDA Space Ltd,NYSE,stock,common,CA55293N1096,Electronic Technology,Electronic Production Equipment,Canada,True,False,isin_peer_name_mismatch
MDPL,BATS,ETF,Northern Lights Fund Trust IV - Monarch Dividend Plus Index ETF,MDPL,Monarch Dividend Plus ETF,CBOE,fund,etf,US66537J8466,Miscellaneous,Investment Trusts/Mutual Funds,United States,False,True,name_mismatch
MDS,TSX,ETF,Healthcare Special Opportunities Fund,,,,,,,,,,False,False,no_tradingview_match
MEDG,XETRA,Stock,MEDI Group Ltd,,,,,,,,,,False,False,no_tradingview_match
MEDP,NASDAQ,Stock,Medpace Holdings Inc,MEDP,"Medpace Holdings, Inc.",NASDAQ,stock,common,US58506Q1094,Commercial Services,Miscellaneous Commercial Services,United States,True,True,accept
MEDS,NASDAQ,Stock,"DataMeds AI, Inc. - Common Stock",MEDS,"DataMeds AI, Inc.",NASDAQ,stock,common,US9495032057,Distribution Services,Medical Distributors,United States,True,True,accept
MEGX,BATS,ETF,Corgi U.S. Mega-Cap Growth 2x Daily ETF,MEGX,Corgi U.S. Mega-Cap Growth 2x Daily ETF,CBOE,fund,etf,US21874W4050,Miscellaneous,Investment Trusts/Mutual Funds,United States,True,True,accept
MEM,NYSE ARCA,ETF,MAYBANK EMERGING ETF,MEM,Matthews Emerging Markets Equity Active ETF,AMEX,fund,etf,US5771258184,Miscellaneous,Investment Trusts/Mutual Funds,United States,False,True,name_mismatch
METQ,BATS,ETF,Tradr 2X Short META Daily ETF,METQ,Tradr 2X Short META Daily ETF,CBOE,fund,etf,US46152N7286,Miscellaneous,Investment Trusts/Mutual Funds,United States,True,True,accept
METR,LSE,ETF,ETC Group Global Metaverse UCITS ETF USD Accumulation,,,,,,,,,,False,False,no_tradingview_match
MF,NASDAQ,Stock,MindForge Inc. - Class A Ordinary Shares,MF,MindForge Inc. Class A,NASDAQ,stock,common,KYG9161K1206,Commercial Services,Advertising/Marketing Services,China,True,True,accept
MF3,ASX,ETF,METRO FINANCE 2023-1 TRUST,,,,,,,,,,False,False,no_tradingview_match
MF4,ASX,ETF,METRO FINANCE 2024-1 TRUST,,,,,,,,,,False,False,no_tradingview_match
MF5,ASX,ETF,METRO FINANCE 2023-2 TRUST,,,,,,,,,,False,False,no_tradingview_match
MF6,ASX,ETF,METRO FINANCE 2025-1 TRUST,,,,,,,,,,False,False,no_tradingview_match
MFSD,NYSE ARCA,ETF,MFS Active Short Duration Income ETF,MFSD,MFS Active Short Duration Income ETF,AMEX,fund,etf,US55286W8689,Miscellaneous,Investment Trusts/Mutual Funds,United States,True,True,accept
MFSX,NYSE ARCA,ETF,MFS Active Short Muni Bond ETF,MFSX,MFS Active Short Muni Bond ETF,AMEX,fund,etf,US55286W8762,Miscellaneous,Investment Trusts/Mutual Funds,United States,True,True,accept
MGAP,TSX,ETF,Manulife Growth ETF Portfolio,MGAP,Manulife Growth ETF Portfolio Common Units Trust Units,TSX,fund,etf,CA6259601095,Miscellaneous,Investment Trusts/Mutual Funds,Canada,True,True,accept
MGIN,NYSE ARCA,ETF,Man Active Global Infrastructure ETF,MGIN,Man Active Global Infrastructure ETF,AMEX,fund,etf,US56164V5012,Miscellaneous,Investment Trusts/Mutual Funds,United States,True,True,accept
MGRO,IDX,Stock,PT Mahkota Group Tbk.,MGRO,PT Mahkota Group Tbk,IDX,stock,common,ID1000144603,Process Industries,Agricultural Commodities/Milling,Indonesia,True,True,accept
MIAC,NASDAQ,Stock,Meridian3 Industrials Acquisition Corp - Class A Ordinary Shares,MIAC,Meridian3 Industrials Acquisition Corp. Class A,NASDAQ,stock,common,KYG6029D1088,Finance,Financial Conglomerates,United States,True,True,accept
MIC,TSX,Stock,Sagen MI Canada Inc.,,,,,,,,,,False,False,no_tradingview_match
MINE,NYSE MKT,Stock,Mayfair Gold Corp. Common Shares,MINE,Mayfair Gold Corp.,AMEX,stock,common,CA57808L3056,Non-Energy Minerals,Precious Metals,Canada,True,True,accept
MIX,TSX,ETF,Hamilton Enhanced Mixed Asset Allocation ETF,MIX,Hamilton Enhanced Mixed Asset Allocation ETF Class E,TSX,fund,etf,CA4069111074,Miscellaneous,Investment Trusts/Mutual Funds,Canada,True,True,accept
ML2,ASX,ETF,MA MONEY RESIDENTIAL SECURITISATION TRUST 2025-1,,,,,,,,,,False,False,no_tradingview_match
MLAC,NASDAQ,Stock,Mountain Lake Acquisition Corp. Class A Ordinary Shares,,,,,,,,,,False,False,no_tradingview_match
MLCC,BATS,ETF,Global X MLCC & Electronic Components ETF,MLCC,Global X MLCC & Electronic Components ETF,CBOE,fund,etf,US37966B7525,Miscellaneous,Investment Trusts/Mutual Funds,United States,True,True,accept
MLO,TSXV,Stock,Metalero Mining Corp.,MLO,Metalero Mining Corp,TSXV,stock,common,CA59117L1094,Non-Energy Minerals,Other Metals/Minerals,Canada,True,True,accept
MLRG,TSX,ETF,Madison US Large Cap ETF,MLRG,Madison US Large Cap ETF Trust Unit -Unhedged-,TSX,fund,etf,CA5579192066,Miscellaneous,Investment Trusts/Mutual Funds,Canada,True,True,accept
MLY,TSXV,Stock,Multi-Metal Development Ltd.,,,,,,,,,,False,False,no_tradingview_match
MM2,ASX,ETF,MME AUTOPAY ABS 2024-1 TRUST,,,,,,,,,,False,False,no_tradingview_match
MM4,ASX,ETF,MME PL 2025-1 TRUST,,,,,,,,,,False,False,no_tradingview_match
MMHI,NYSE ARCA,ETF,NYLIM MacKay Muni High Income ETF,MMHI,NYLIM MacKay Muni High Income ETF,AMEX,fund,etf,US64953X5068,Miscellaneous,Investment Trusts/Mutual Funds,United States,True,True,accept
MMID,NYSE,ETF,MFS Active Exchange Traded Funds Trust,MMID,MFS Active Mid Cap ETF,NYSE,fund,etf,US55286W6030,Miscellaneous,Investment Trusts/Mutual Funds,United States,False,True,name_mismatch
MMLP,IDX,Stock,PT Mega Manunggal Property Tbk.,MMLP,PT Mega Manunggal Property Tbk,IDX,stock,common,ID1000134307,Finance,Real Estate Development,Indonesia,True,True,accept
MMX,TSXV,Stock,Mustang Minerals Limited,MMX,Mustang Minerals Limited,TSXV,stock,common,CA62819M1023,Non-Energy Minerals,Precious Metals,Canada,True,True,accept
MNGB,NYSE ARCA,ETF,Yorkville America 2X Inverse MANGOS Plus Daily Target ETF,MNGB,Yorkville America 2X Inverse MANGOS Plus Daily Target ETF,AMEX,fund,etf,US89844T8514,Miscellaneous,Investment Trusts/Mutual Funds,United States,True,True,accept
MNGU,NYSE ARCA,ETF,MicroSectors 3x Long MANGOS+ ex Private Companies ETNs,MNGU,MicroSectors 3x Long MANGOS+ ex Private Companies ETNs,AMEX,fund,etf,US06367V6911,Miscellaneous,Investment Trusts/Mutual Funds,United States,True,True,accept
MNGZ,NYSE ARCA,ETF,Yorkville America 2X Long MANGOS Plus Daily Target ETF,MNGZ,Yorkville America 2X Long MANGOS Plus Daily Target ETF,AMEX,fund,etf,US89844T8696,Miscellaneous,Investment Trusts/Mutual Funds,United States,True,True,accept
MNS.U,TSX,ETF,Royal Canadian Mint - Canadian Silver Reserves Exchange-Traded Receipts,MNS.U,Canadian Silver Reserves ETR,TSX,fund,etf,CA7799211130,Miscellaneous,Investment Trusts/Mutual Funds,Canada,False,True,accept
MOGO,TSX,Stock,Mogo Inc.,,,,,,,,,,False,False,no_tradingview_match
MOLI,IDX,Stock,Madusari Murni Indah Tbk PT,MOLI,PT Madusari Murni Indah Tbk,IDX,stock,common,ID1000145204,Process Industries,Chemicals: Specialty,Indonesia,True,True,accept
MPCT,TSX,ETF,Dream Impact Trust,,,,,,,,,,False,False,no_tradingview_match
MSFY,BATS,ETF,Kurv Yield Premium Strategy Microsoft ETF,MSFY,Kurv Yield Premium Strategy Microsoft (MSFT) ETF,CBOE,fund,etf,US5009487084,Miscellaneous,Investment Trusts/Mutual Funds,United States,True,True,accept
MSSS,BATS,ETF,Northern Lights Fund Trust IV - Monarch Select Subsector Index ETF,MSSS,Monarch Select Subsector ETF Fund,CBOE,fund,etf,US66537J8383,Miscellaneous,Investment Trusts/Mutual Funds,United States,False,True,name_mismatch
MTAK,NASDAQ,Stock,Market Technology Acquisition Corp - Class A Ordinary Shares,MTAK,Market Technology Acquisition Corporation Class A,NASDAQ,stock,common,KYG58A7W1045,Finance,Financial Conglomerates,United States,True,True,accept
MTB,NYSE,Stock,M&T Bank Corporation,MTB,M&T Bank Corporation,NYSE,stock,common,US55261F1049,Finance,Regional Banks,United States,False,False,name_mismatch
MTSU,NEO,Stock,MITSUBISHI CORP CDR (CAD Hedged),MTSU,Mitsubishi Corporation Sponsored Canadian Depository Receipt Hedged Reg S,NEO,dr,,CA6067671017,Distribution Services,Wholesale Distributors,Japan,False,True,name_mismatch
MUNF,NYSE ARCA,ETF,Northern Trust 2036 Tax-Exempt Distributing Ladder ETF,MUNF,Northern Trust 2036 Tax-Exempt Distributing Ladder ETF,AMEX,fund,etf,US66516K5092,Miscellaneous,Investment Trusts/Mutual Funds,United States,True,True,accept
MUNG,NYSE ARCA,ETF,Northern Trust 2046 Tax-Exempt Distributing Ladder ETF,MUNG,Northern Trust 2046 Tax-Exempt Distributing Ladder ETF,AMEX,fund,etf,US66516K6082,Miscellaneous,Investment Trusts/Mutual Funds,United States,True,True,accept
MUNH,NYSE ARCA,ETF,Northern Trust 2056 Tax-Exempt Distributing Ladder ETF,MUNH,Northern Trust 2056 Tax-Exempt Distributing Ladder ETF,AMEX,fund,etf,US66516K7072,Miscellaneous,Investment Trusts/Mutual Funds,United States,True,True,accept
MUNJ,NYSE ARCA,ETF,Northern Trust 2031 Tax-Exempt Distributing Ladder ETF,MUNJ,Northern Trust 2031 Tax-Exempt Distributing Ladder ETF,AMEX,fund,etf,US66516K4004,Miscellaneous,Investment Trusts/Mutual Funds,United States,True,True,accept
MUNX,NYSE ARCA,ETF,AMG ETF Trust,MUNX,AMG GW&K Muni Income ETF,AMEX,fund,etf,US03116L1089,Miscellaneous,Investment Trusts/Mutual Funds,United States,False,True,name_mismatch
MUY,NASDAQ,ETF,YieldMax MU Option Income Strategy ETF,MUY,YieldMax MU Option Income Strategy ETF,NASDAQ,fund,etf,US88636Y4668,Miscellaneous,Investment Trusts/Mutual Funds,United States,True,True,accept
MVPA,NYSE,ETF,Miller Value Partners Appreciation ETF,MVPA,Miller Value Partners Appreciation ETF,NYSE,fund,etf,US00777X5611,Miscellaneous,Investment Trusts/Mutual Funds,United States,True,True,accept
MYCO,NASDAQ,ETF,SPDR SSGA My2035 Corporate Bond ETF,MYCO,State Street My2035 Corporate Bond ETF,NASDAQ,fund,etf,US78470P6144,Miscellaneous,Investment Trusts/Mutual Funds,United States,False,True,name_mismatch
MYCP,NASDAQ,ETF,State Street My2036 Corporate Bond ETF,MYCP,State Street My2036 Corporate Bond ETF,NASDAQ,fund,etf,US78470P4990,Miscellaneous,Investment Trusts/Mutual Funds,United States,True,True,accept
MYHF,NASDAQ,ETF,State Street My2032 High Yield Corporate Bond ETF,MYHF,State Street My2032 High Yield Corporate Bond ETF,NASDAQ,fund,etf,US78470P4818,Miscellaneous,Investment Trusts/Mutual Funds,United States,True,True,accept
MYMK,NASDAQ,ETF,SPDR SSGA My2031 Municipal Bond ETF,MYMK,State Street My2031 Municipal Bond ETF,NASDAQ,fund,etf,US78470P5989,Miscellaneous,Investment Trusts/Mutual Funds,United States,False,True,name_mismatch
MYML,NASDAQ,ETF,State Street My2032 Municipal Bond ETF,MYML,State Street My2032 Municipal Bond ETF,NASDAQ,fund,etf,US78470P5153,Miscellaneous,Investment Trusts/Mutual Funds,United States,True,True,accept
MZ1,ASX,ETF,MEDALLION TRUST SERIES 2017-1,,,,,,,,,,False,False,no_tradingview_match
MZ2,ASX,ETF,MEDALLION TRUST SERIES 2017-2,,,,,,,,,,False,False,no_tradingview_match
MZF,ASX,ETF,MEDALLION TRUST SERIES 2016-1,,,,,,,,,,False,False,no_tradingview_match
MZT,ASX,ETF,MEDALLION TRUST SERIES 2016-2,,,,,,,,,,False,False,no_tradingview_match
NACO,NEO,ETF,Ninepoint Alt Credit Opportunities ETF,NACO,Ninepoint Alternative Credit Opportunities Fund Series ETF,NEO,fund,etf,CA65443Q1000,Miscellaneous,Investment Trusts/Mutual Funds,Canada,True,True,accept
NBBX,TSX,ETF,NBI Canadian Bond Index Fund,NBBX,NBI Canadian Bond Index Fund,TSX,fund,etf,CA62881B1094,Miscellaneous,Investment Trusts/Mutual Funds,Canada,True,True,accept
NBCG,TSX,ETF,NBI Canadian Equity Growth Fund,NBCG,NBI Canadian Equity Growth Fund,TSX,fund,etf,CA62881T1003,Miscellaneous,Investment Trusts/Mutual Funds,Canada,True,True,accept
NBCX,TSX,ETF,NBI Canadian Equity Index Fund,NBCX,NBI Canadian Equity Index Fund,TSX,fund,etf,CA62882H1055,Miscellaneous,Investment Trusts/Mutual Funds,Canada,True,True,accept
NBEM,TSX,ETF,NBI Diversified Emerging Markets Equity Fund,NBEM,NBI Diversified Emerging Markets Equity Fund,TSX,fund,etf,CA62880Q1072,Miscellaneous,Investment Trusts/Mutual Funds,Canada,True,True,accept
NBIE.F,TSX,ETF,NBI International Equity Fund,NBIE.F,NBI International Equity Fund ETFH Series Trust Units -Hedged-,TSX,fund,etf,CA62879U2002,Miscellaneous,Investment Trusts/Mutual Funds,Canada,False,True,name_mismatch
NBIV,TSX,ETF,NBI International Value Fund,NBIV,NBI International Value Fund,TSX,fund,etf,CA62881X1015,Miscellaneous,Investment Trusts/Mutual Funds,Canada,True,True,accept
NBLD,TSX,ETF,NBI Balanced ETF Portfolio,NBLD,NBI Balanced ETF Portfolio Trust Units,TSX,fund,etf,CA62880W1041,Miscellaneous,Investment Trusts/Mutual Funds,Canada,True,True,accept
NBUE,TSX,ETF,NBI U.S. Equity Fund,NBUE,NBI U.S. Equity Fund ETF Series Units Trust Unit,TSX,fund,etf,CA62879T1049,Miscellaneous,Investment Trusts/Mutual Funds,Canada,False,True,name_mismatch
NBUE.F,TSX,ETF,NBI U.S. Equity Fund,NBUE.F,NBI U.S. Equity Fund ETFH Series Units Trust Unit,TSX,fund,etf,CA62879T2039,Miscellaneous,Investment Trusts/Mutual Funds,Canada,False,True,name_mismatch
NBUX,TSX,ETF,NBI U.S. Equity Index Fund,NBUX,NBI U.S. Equity Index Fund,TSX,fund,etf,CA62881G1081,Miscellaneous,Investment Trusts/Mutual Funds,Canada,True,True,accept
NCNS,TSX,ETF,NBI Conservative ETF Portfolio,NCNS,NBI Conservative ETF Portfolio Trust Units,TSX,fund,etf,CA62880V1067,Miscellaneous,Investment Trusts/Mutual Funds,Canada,True,True,accept
NECK,NYSE ARCA,ETF,xETFs AI Bottlenecks ETF,NECK,xETFs AI Bottlenecks ETF,AMEX,fund,etf,US30191Y2000,Miscellaneous,Investment Trusts/Mutual Funds,United States,True,True,accept
NEQT,TSX,ETF,NBI Equity ETF Portfolio,NEQT,NBI Equity ETF Portfolio Trust Units,TSX,fund,etf,CA62881A1012,Miscellaneous,Investment Trusts/Mutual Funds,Canada,True,True,accept
NEST,NEO,Stock,NESTLE SA CDR (CAD Hedged),NEST,Nestle S.A. Shs Canadian Depositary Receipt Repr 1 Shs Reg S,NEO,dr,,CA6410701073,Consumer Non-Durables,Food: Major Diversified,Switzerland,False,True,name_mismatch
NESTLE,PSX,Stock,Nestle Pakistan Ltd,NESTLE,Nestle Pakistan Ltd.,PSX,stock,common,PK0025101012,Consumer Non-Durables,Food: Meat/Fish/Dairy,Pakistan,True,True,accept
NETX,BATS,ETF,Tradr 2X Long NET Daily ETF,,,,,,,,,,False,False,no_tradingview_match
NFLP,BATS,ETF,Kurv Yield Prm Stgy Netflix (NFLX) ETF,NFLP,Kurv Yield Prem Stratgey Netflix ETF,CBOE,fund,etf,US5009488074,Miscellaneous,Investment Trusts/Mutual Funds,United States,False,True,name_mismatch
NGRW,TSX,ETF,NBI Growth ETF Portfolio,NGRW,NBI Growth ETF Portfolio Trust Units,TSX,fund,etf,CA62881F1009,Miscellaneous,Investment Trusts/Mutual Funds,Canada,True,True,accept
NIKL,IDX,Stock,Pelat Timah Nusantara Tbk,NIKL,PT Pelat Timah Nusantara Tbk,IDX,stock,common,ID1000113608,Process Industries,Containers/Packaging,Indonesia,True,True,accept
NIPG,NASDAQ,Stock,NIP Group Inc.,NIPG,NIP Group Inc. Sponsored ADR,NASDAQ,dr,,US6545032004,Technology Services,Internet Software/Services,Sweden,False,True,name_mismatch
NMEQ,TSX,ETF,Meritage Tactical ETF Equity Portfolio,NMEQ,Meritage Tactical ETF Equity Portfolio,TSX,fund,etf,CA59002R1047,Miscellaneous,Investment Trusts/Mutual Funds,Canada,True,True,accept
NMG-H,TSXV,Stock,Noble Metal Group Incorporated,,,,,,,,,,False,False,no_tradingview_match
NMGR,TSX,ETF,Meritage Tactical ETF Growth Portfolio,NMGR,Meritage Tactical ETF Growth Portfolio,TSX,fund,etf,CA59002P1080,Miscellaneous,Investment Trusts/Mutual Funds,Canada,True,True,accept
NMMO,TSX,ETF,Meritage Tactical ETF Moderate Portfolio,NMMO,Meritage Tactical ETF Moderate Portfolio,TSX,fund,etf,CA59002T1003,Miscellaneous,Investment Trusts/Mutual Funds,Canada,True,True,accept
NOVO,TSX,Stock,Novo Nordisk CDR (CAD Hedged),NOVO,Novo Nordisk A/S Shs Unsponsored Canadian Depository Receipt Hedged,TSX,dr,,CA67010P1018,Health Technology,Pharmaceuticals: Major,Denmark,False,True,name_mismatch
NOWS,TSX,Stock,ServiceNow CDR (CAD Hedged),NOWS,"ServiceNow, Inc.",TSX,dr,,CA81762A1057,Technology Services,Packaged Software,United States,False,True,name_mismatch
NPTH,TSXV,Stock,NeuPath Health Inc.,NPTH,Neupath Health Inc.,TSXV,stock,common,CA64133P1009,Finance,Financial Conglomerates,Canada,True,True,accept
NRAM,NYSE ARCA,ETF,Yorkville America Next Generation Memory Index ETF,NRAM,Yorkville America Next Generation Memory Index ETF,AMEX,fund,etf,US89844T8779,Miscellaneous,Investment Trusts/Mutual Funds,United States,True,True,accept
NRL,PSX,Stock,National Refinery Ltd,NRL,National Refinery Limited,PSX,stock,common,PK0008201011,Energy Minerals,Oil Refining/Marketing,Pakistan,True,True,accept
NRR,NYSE ARCA,ETF,Common Shares of Beneficial Interest of Bitwise NEAR ETF,NRR,Bitwise NEAR ETF,AMEX,fund,etf,US0919521015,Miscellaneous,Investment Trusts/Mutual Funds,United States,False,True,name_mismatch
NRZ-H,TSXV,Stock,Norzan Enterprises Ltd.,,,,,,,,,,False,False,no_tradingview_match
NSAI,NASDAQ,Stock,NorthStrive Acquisition Corp I. - Class A Ordinary Shares,NSAI,NorthStrive Acquisition Corp I. Class A,NASDAQ,stock,common,KYG6659W1033,Finance,Financial Conglomerates,United States,True,True,accept
NSDC,TSX,ETF,NBI SmartData Canadian Equity Fund,NSDC,NBI SmartData Canadian Equity Fund,TSX,fund,etf,CA62880Y1007,Miscellaneous,Investment Trusts/Mutual Funds,Canada,True,True,accept
NSDG,TSX,ETF,NBI SmartData Global Equity Fund,NSDG,NBI SmartData Global Equity Fund ETF,TSX,fund,etf,CA62880X1024,Miscellaneous,Investment Trusts/Mutual Funds,Canada,True,True,accept
NSTL,TSX,Stock,Nestlé CDR (CAD Hedged),NSTL,Nestle S.A CAD Hedged CIBC CDR,TSX,dr,,CA64108U1003,Consumer Non-Durables,Food: Major Diversified,Switzerland,False,True,name_mismatch
NTDO,NEO,Stock,NINTENDO CO LTD CDR (CAD Hedged),NTDO,"Nintendo Co., Ltd. Sponsored Canadian Depository Receipt Hedged Reg",NEO,dr,,CA6539521014,Consumer Durables,Recreational Products,Japan,False,True,name_mismatch
NTHM,TSX,ETF,NBI Thematic Rotation ETF,NTHM,NBI Thematic Rotation ETF Trust Units,TSX,fund,etf,CA62881C1077,Miscellaneous,Investment Trusts/Mutual Funds,Canada,True,True,accept
NUIB,NASDAQ,ETF,Nuveen Impact Bond ETF,NUIB,Nuveen Impact Bond ETF,NASDAQ,fund,etf,US67092P6640,Miscellaneous,Investment Trusts/Mutual Funds,United States,True,True,accept
NVON,NEO,Stock,NOVO NORDISK A/S CDR (CAD Hedged),NVON,Novo Nordisk A/S Sponsored Canadian Depository Receipt Hedged Reg S,NEO,dr,,CA67010H1091,Health Technology,Pharmaceuticals: Major,Denmark,False,True,name_mismatch
NVS,TSX,Stock,Novartis CDR (CAD Hedged),NVS,Novartis AG CAD Hedged CIBC CDR,TSX,dr,,CA66989X1033,Health Technology,Pharmaceuticals: Major,Switzerland,False,True,name_mismatch
NW1,ASX,ETF,NOW TRUST 2024-1,,,,,,,,,,False,False,no_tradingview_match
NWCL,NASDAQ,Stock,newcleo plc - Ordinary Shares,NWCL,Newcleo plc,NASDAQ,stock,common,GB00BX835R35,Producer Manufacturing,Industrial Machinery,United Kingdom,True,True,accept
NXG,TSXV,Stock,NexgenRX Inc.,NXG,NexgenRx Inc.,TSXV,stock,common,CA65337X1042,Commercial Services,Miscellaneous Commercial Services,Canada,True,True,accept
OCAC,NYSE,Stock,Ocean Capital Acquisition Corporation Ordinary Shares,OCAC,Ocean Capital Acquisition Corp.,NYSE,stock,common,VGG669031087,Finance,Financial Conglomerates,United States,True,True,accept
OCLT,NASDAQ,Stock,OceanLight Acquisition Corporation - Ordinary Shares,OCLT,OceanLight Acquisition Corp.,NASDAQ,stock,common,KYG8280M1087,Finance,Financial Conglomerates,United States,True,True,accept
OCT,NYSE ARCA,ETF,VanEck U.S. Equity Buffer ETF - October,OCT,VanEck U.S. Equity Buffer ETF - October,AMEX,fund,etf,US92189Y8167,Miscellaneous,Investment Trusts/Mutual Funds,United States,True,True,accept
OCTI,BATS,ETF,AllianzIM International Equity Buffer15 Uncapped Oct ETF,OCTI,AllianzIM International Equity Buffer15 Uncapped Oct ETF,CBOE,fund,etf,US00888H3802,Miscellaneous,Investment Trusts/Mutual Funds,United States,True,True,accept
OFAL,NASDAQ,Stock,OFA Group,OFAL,OFA Group Class A,NASDAQ,stock,common,KYG6713S1140,Industrial Services,Engineering & Construction,Hong Kong,False,True,name_mismatch
OGC,NYSE,Stock,OceanaGold Corporation Common Shares,OGC,OceanaGold Corporation,NYSE,stock,common,CA6752224007,Non-Energy Minerals,Precious Metals,Canada,True,True,accept
OGG,NYSE,Stock,Osisko Gold Group Inc. Common Shares,OGG,Osisko Gold Group Inc.,NYSE,stock,common,CA68827X1050,Non-Energy Minerals,Precious Metals,Canada,True,True,accept
OIG,NASDAQ,Stock,Orion180 Insurance Group Inc. - Class A Common Stock,OIG,"Orion180 Insurance Group, Inc. Class A",NASDAQ,stock,common,US68629T1043,Finance,Property/Casualty Insurance,United States,True,True,accept
OIO,NASDAQ,Stock,OIO Group,OIO,OIO Group,NASDAQ,stock,common,KYG3R95P1244,Finance,Financial Conglomerates,Singapore,False,True,name_mismatch
OKAI,TSXV,Stock,EvokAI Creative Labs Inc.,,,,,,,,,,False,False,no_tradingview_match
ONEN,NASDAQ,Stock,ONE Nuclear Energy Inc. - Common Stock,ONEN,ONE Nuclear Energy Inc.,NASDAQ,stock,common,US68253E1001,Finance,Financial Conglomerates,United States,True,True,accept
OPEN.P,TSXV,Stock,OpenSesame Acquisition Corp.,,,,,,,,,,False,False,no_tradingview_match
OPNW,NASDAQ,Stock,"OpenWorld, Inc. - Common Stock",OPNW,"OpenWorld, Inc.",NASDAQ,stock,common,US92346X3052,Technology Services,Packaged Software,United States,True,True,accept
OR2,ASX,ETF,ORDE SERIES 2025-1 TRUST,,,,,,,,,,False,False,no_tradingview_match
ORAC,TSX,Stock,Oracle CDR (CAD Hedged),ORAC,Oracle Corporation Shs Sponsored Canadian Depoitary Receipt Hedged Reg S,TSX,dr,,CA68390F1018,Technology Services,Packaged Software,United States,False,True,name_mismatch
ORBU,TSX,ETF,SavvyLong (2X) SpaceX ETF,ORBU,SavvyLong (2X) SpaceX ETF,TSX,fund,etf,CA54315B3671,Miscellaneous,Investment Trusts/Mutual Funds,Canada,True,True,accept
ORDS,QSE,Stock,Ooredoo,ORDS,Ooredoo Q.P.S.C,QSE,stock,common,QA0007227737,Communications,Wireless Telecommunications,Qatar,True,True,accept
OSG,NYSE,Stock,"Octave Specialty Group, Inc.",OSG,"Octave Specialty Group, Inc.",NYSE,stock,common,US0231398845,Finance,Specialty Insurance,United States,True,True,accept
OSPR,NASDAQ,Stock,Osprey Acquisition Corp. III - Class A Ordinary Shares,OSPR,Osprey Acquisition Corp. III Class A,NASDAQ,stock,common,KYG6841G1073,Finance,Financial Conglomerates,United States,True,True,accept
OTAX,NYSE,ETF,Optimal Tax Managed Equity ETF,OTAX,Optimal Tax Managed Equity ETF,NYSE,fund,etf,US26824D7874,Miscellaneous,Investment Trusts/Mutual Funds,United States,True,True,accept
OULG11B,B3,ETF,Pedra Dourada Fundo De Investimento Imobiliário - FII,,,,,,,,,,False,False,no_tradingview_match
OY1,ASX,ETF,OLYMPUS 2025-1 TRUST,,,,,,,,,,False,False,no_tradingview_match
OYS,ASX,ETF,OLYMPUS 2024-2 TRUST,,,,,,,,,,False,False,no_tradingview_match
P5RD3,B3,Stock,MATRIZ COMPANHIA METALURGICA PRADA,,,,,,,,,,False,False,no_tradingview_match
PA1,ASX,ETF,PANORAMA AUTO TRUST 2023-1,,,,,,,,,,False,False,no_tradingview_match
PA2,ASX,ETF,PANORAMA AUTO TRUST 2024-1,,,,,,,,,,False,False,no_tradingview_match
PA3,ASX,ETF,PANORAMA AUTO TRUST 2023-3,,,,,,,,,,False,False,no_tradingview_match
PA4,ASX,ETF,PANORAMA AUTO TRUST 2024-3,,,,,,,,,,False,False,no_tradingview_match
PA5,ASX,ETF,PANORAMA AUTO TRUST 2025-1,,,,,,,,,,False,False,no_tradingview_match
PA6,ASX,ETF,PANORAMA AUTO TRUST 2025-3,,,,,,,,,,False,False,no_tradingview_match
PAAI,NYSE MKT,Stock,"Paradium.AI, Inc. Common Stock",PAAI,"Paradium.AI, Inc.",AMEX,stock,common,US0400441095,Technology Services,Internet Software/Services,United States,True,True,accept
PAIN,TSXV,Stock,Vector Science and Therapeutics Corp.,PAIN,Vector Science and Therapeutics Corp.,TSXV,stock,common,CA92244M1041,Health Technology,Medical Specialties,United States,True,True,accept
PANR,IDX,Stock,Panorama Sentrawisata Tbk,PANR,PT Panorama Sentrawisata Tbk,IDX,stock,common,ID1000109705,Consumer Services,Other Consumer Services,Indonesia,True,True,accept
PAVE,BATS,ETF,Global X U.S. Infrastructure Development ETF,PAVE,Global X U.S. Infrastructure Development ETF,CBOE,fund,etf,US37954Y6730,Miscellaneous,Investment Trusts/Mutual Funds,United States,True,True,accept
PAVE.U,TSX,ETF,Global X U.S. Infrastructure Development Index ETF,PAVE.U,Global X U.S. Infrastructure Development Index ETF Trust Units A,TSX,fund,etf,CA37966P1080,Miscellaneous,Investment Trusts/Mutual Funds,Canada,True,True,accept
PAYI,TSX,ETF,Brompton Utilities & Infrastructure HighPay ETF,PAYI,Brompton Utilities & Infrastructure HighPay ETF Trust Unit,TSX,fund,etf,CA11224A1049,Miscellaneous,Investment Trusts/Mutual Funds,Canada,True,True,accept
PAYU,TSX,ETF,Brompton U.S. Equity HighPay ETF,PAYU,Brompton U.S. Equity HighPay ETF CAD Units Trust Units,TSX,fund,etf,CA11223F1045,Miscellaneous,Investment Trusts/Mutual Funds,Canada,True,True,accept
PBCS,NASDAQ,ETF,Portfolio Building Block World Consumer Staples ETF,PBCS,Portfolio Building Block World Consumer Staples ETF,NASDAQ,fund,etf,US88636N7425,Miscellaneous,Investment Trusts/Mutual Funds,United States,True,True,accept
PBUB,NASDAQ,ETF,Portfolio Building Block US Banks ETF,PBUB,Portfolio Building Block US Banks ETF,NASDAQ,fund,etf,US88636N7268,Miscellaneous,Investment Trusts/Mutual Funds,United States,True,True,accept
PBWN,NASDAQ,ETF,Portfolio Building Block World Ex US Industrials ETF,PBWN,Portfolio Building Block World Ex US Industrials ETF,NASDAQ,fund,etf,US88636N7342,Miscellaneous,Investment Trusts/Mutual Funds,United States,True,True,accept
PBY,TSX,ETF,Canso Credit Income Fund,PBY,Lysander-Canso Credit Income ActivETF,TSX,fund,etf,CA55236J1084,Miscellaneous,Investment Trusts/Mutual Funds,Canada,True,True,accept
PCAA.P,TSXV,Stock,PC 1 Corp.,PCAA.P,PC 1 Corp,TSXV,stock,common,CA69323W1041,Finance,Financial Conglomerates,Canada,False,True,name_mismatch
PCEM,NYSE ARCA,ETF,Litman Gregory Funds Trust,,,,,,,,,,False,False,no_tradingview_match
PCOV,BATS,ETF,Principal Equity Premium Income ETF,PCOV,Principal Equity Premium Income ETF,CBOE,fund,etf,US74255Y6317,Miscellaneous,Investment Trusts/Mutual Funds,United States,True,True,accept
PCPC,BATS,ETF,Porter & Company Property & Casualty Index ETF,PCPC,Porter & Company Property & Casualty Index ETF,CBOE,fund,etf,US26923V5637,Miscellaneous,Investment Trusts/Mutual Funds,United States,True,True,accept
PFRD,TSX,ETF,Mulvihill Split Preferred Share ETF,PFRD,Mulvihill Split Preferred Share ETF,TSX,fund,etf,CA62579A1084,Miscellaneous,Investment Trusts/Mutual Funds,Canada,True,True,accept
PFRX,NYSE ARCA,ETF,Putnam Focused U.S. Research ETF,PFRX,Putnam Focused U.S. Research ETF,AMEX,fund,etf,US7467297229,Miscellaneous,Investment Trusts/Mutual Funds,United States,True,True,accept
PGRX,TSX,ETF,Purpose Global Resource Fund,PGRX,Purpose Global Resource Fund Trust Units,TSX,fund,etf,CA74644N1069,Miscellaneous,Investment Trusts/Mutual Funds,Canada,True,True,accept
PHXE-P,NYSE,Stock,"Phoenix Energy One, LLC",,,,,,,,,,False,False,no_tradingview_match
PHYS-U,TSX,ETF,Sprott Physical Gold Trust,PHYS.U,Sprott Physical Gold Trust Units,TSX,fund,closedend,CA85207H1047,Miscellaneous,Investment Trusts/Mutual Funds,Canada,True,True,asset_type_mismatch
PICO,IDX,Stock,Pelangi Indah Canindo Tbk,PICO,PT Pelangi Indah Canindo Tbk,IDX,stock,common,ID1000088404,Process Industries,Containers/Packaging,Indonesia,True,True,accept
PJIN,NYSE ARCA,ETF,PGIM Jennison International Core Equity ETF,PJIN,PGIM Jennison International Core Equity ETF,AMEX,fund,etf,US69344A6771,Miscellaneous,Investment Trusts/Mutual Funds,United States,True,True,accept
PJSM,NYSE ARCA,ETF,PGIM Jennison Small-Mid Cap Core Equity ETF,PJSM,PGIM Jennison Small-Mid Cap Core Equity ETF,AMEX,fund,etf,US69344A6854,Miscellaneous,Investment Trusts/Mutual Funds,United States,True,True,accept
PLAN,IDX,Stock,PT Planet Properindo Jaya Tbk,PLAN,PT Planet Properindo Jaya Tbk,IDX,stock,common,ID1000157407,Consumer Services,Hotels/Resorts/Cruise lines,Indonesia,True,True,accept
PLTW,BATS,ETF,PLTR WeeklyPay™ ETF,PLTW,Roundhill PLTR WeeklyPay ETF,CBOE,fund,etf,US77926X7268,Miscellaneous,Investment Trusts/Mutual Funds,United States,False,True,name_mismatch
PMEI,TSX,ETF,PIMCO Monthly Enhanced Income Fund,,,,,,,,,,False,False,no_tradingview_match
PMZ,TSX,ETF,Primaris Real Estate Investment Trust,,,,,,,,,,False,False,no_tradingview_match
PNAQ,NYSE,Stock,Pinnacle Acquisition Corporation Class A Ordinary Shares,PNAQ,Pinnacle Acquisition Corp. Class A,NYSE,stock,common,KYG7115W1096,Finance,Financial Conglomerates,United States,True,True,accept
POB,ASX,ETF,PROGRESS 2021-1 TRUST,,,,,,,,,,False,False,no_tradingview_match
POC,ASX,ETF,PROGRESS 2022-1 TRUST,,,,,,,,,,False,False,no_tradingview_match
POC.P,TSXV,Stock,POCML 7 Inc.,,,,,,,,,,False,False,no_tradingview_match
POE,ASX,ETF,PROGRESS 2023-1 TRUST,,,,,,,,,,False,False,no_tradingview_match
POF,ASX,ETF,PROGRESS 2022-2 TRUST,,,,,,,,,,False,False,no_tradingview_match
POG,ASX,ETF,PROGRESS 2024-1 TRUST,,,,,,,,,,False,False,no_tradingview_match
POH,ASX,ETF,PROGRESS 2023-2 TRUST,,,,,,,,,,False,False,no_tradingview_match
POI,ASX,ETF,PROGRESS 2025-1 TRUST,,,,,,,,,,False,False,no_tradingview_match
POLA,IDX,Stock,PT Pool Advista Finance Tbk.,POLA,PT Pool Advista Finance Tbk,IDX,stock,common,ID1000146905,Finance,Finance/Rental/Leasing,Indonesia,True,True,accept
POLL,IDX,Stock,Pollux Properti Indonesia Tbk PT,POLL,PT Pollux Properties Indonesia Tbk.,IDX,stock,common,ID1000144405,Finance,Real Estate Development,Indonesia,True,True,accept
PORT,SET,Stock,Sahathai Terminal Public Company Limited,PORT,Sahathai Terminal Public Company Limited,SET,stock,common,TH8306010001,Transportation,Other Transportation,Thailand,True,True,accept
PORT,IDX,Stock,PT Nusantara Pelabuhan Handal Tbk.,PORT,PT Nusantara Pelabuhan Handal Tbk,IDX,stock,common,ID1000138209,Transportation,Other Transportation,Indonesia,True,True,accept
PR4,ASX,ETF,PEPPER RESIDENTIAL SECURITIES TRUST NO. 40,,,,,,,,,,False,False,no_tradingview_match
PRAM,BATS,ETF,Defiance Memory & Photonics ETF,PRAM,Defiance Memory & Photonics ETF,CBOE,fund,etf,US26922B2795,Miscellaneous,Investment Trusts/Mutual Funds,United States,True,True,accept
PRB,TSX,Stock,Probe Gold Inc.,,,,,,,,,,False,False,no_tradingview_match
PRG,NYSE,Stock,PROG Holdings Inc,PRG,"PROG Holdings, Inc.",NYSE,stock,common,US74319R1014,Finance,Finance/Rental/Leasing,United States,False,True,name_mismatch
PRH,TSXV,Stock,Pearl River Holdings Limited,,,,,,,,,,False,False,no_tradingview_match
PRINC,SET,Stock,Principal Capital Public Company Limited,PRINC,Principal Capital Public Co. Ltd.,SET,stock,common,TH0862010Y04,Health Services,Hospital/Nursing Management,Thailand,True,True,accept
PRVS,NYSE,ETF,Parnassus Income Funds,PRVS,Parnassus Value Select ETF,NYSE,fund,etf,US7017696060,Miscellaneous,Investment Trusts/Mutual Funds,United States,False,True,name_mismatch
PS2,ASX,ETF,PUMA SERIES 2024-2 TRUST,,,,,,,,,,False,False,no_tradingview_match
PSOX,BATS,ETF,Tema MLCC & PowerSemi ETF,PSOX,Tema MLCC & PowerSemi ETF,CBOE,fund,etf,US87975E7351,Miscellaneous,Investment Trusts/Mutual Funds,United States,True,True,accept
PSQL,NASDAQ,Stock,Pasqal Holding SA - Ordinary Shares,PSQL,Pasqal Holding SA,NASDAQ,stock,common,FR0014019QW4,Electronic Technology,Computer Processing Hardware,France,True,True,accept
PSU,TSX,ETF,Purpose US Cash Fund ETF,,,,,,,,,,False,False,no_tradingview_match
PSY,TSX,ETF,Purpose Structured Equity Yield Fund,PSY,Purpose Structured Equity Yield Fund Trust Units,TSX,fund,etf,CA74643Y1034,Miscellaneous,Investment Trusts/Mutual Funds,Canada,True,True,accept
PTC,TSXV,Stock,Petrox Resources Corp.,PTC,Petrox Resources Corp.,TSXV,stock,common,CA7167663086,Energy Minerals,Oil & Gas Production,Canada,True,True,accept
PTP-H,TSXV,Stock,Petrichor Energy Inc,,,,,,,,,,False,False,no_tradingview_match
PU6,ASX,ETF,PEPPER SPARKZ TRUST NO.6,,,,,,,,,,False,False,no_tradingview_match
PU8,ASX,ETF,PEPPER SPARKZ TRUST NO.8,,,,,,,,,,False,False,no_tradingview_match
PU9,ASX,ETF,PEPPER SPARKZ TRUST NO.9,,,,,,,,,,False,False,no_tradingview_match
PURE,IDX,Stock,PT Trinitan Metals and Minerals Tbk,PURE,PT Trinitan Metals & Minerals Tbk,IDX,stock,common,ID1000151509,Producer Manufacturing,Metal Fabrication,Indonesia,True,True,accept
PUT,ASX,ETF,PUMA SERIES 2023-1 TRUST,,,,,,,,,,False,False,no_tradingview_match
PUU,ASX,ETF,PUMA SERIES 2024-1 TRUST,,,,,,,,,,False,False,no_tradingview_match
PUV,ASX,ETF,PUMA SERIES 2025-1 TRUST,,,,,,,,,,False,False,no_tradingview_match
PWF,TSX,Stock,Power Financial Corporation,,,,,,,,,,False,False,no_tradingview_match
QBR,TSX,Stock,Quebecor Inc.,,,,,,,,,,False,False,no_tradingview_match
QBTC,TSX,ETF,The Bitcoin Fund,QBTC,Bitcoin Fund Trust Units A,TSX,fund,closedend,CA09175G1046,Miscellaneous,Investment Trusts/Mutual Funds,Canada,True,True,asset_type_mismatch
QBTC-U,TSX,Stock,The Bitcoin Fund Class A,QBTC.U,Bitcoin Fund Trust Units A,TSX,fund,closedend,CA09175G1046,Miscellaneous,Investment Trusts/Mutual Funds,Canada,True,True,asset_type_mismatch
QDAY,NEO,ETF,Hamilton EnhancedTechnology DayMAX™ ETF,QDAY,Hamilton Enhanced Technology DayMAX ETF Trust Units,NEO,fund,etf,CA40736A1049,,,,False,True,name_mismatch
QNB,ASX,Stock,QNB FINANCE LTD,,,,,,,,,,False,False,no_tradingview_match
QNME,NASDAQ,Stock,"Quanome Technologies, Inc. - Common Stock",QNME,"Quanome Technologies, Inc.",NASDAQ,stock,common,US51216F1093,Transportation,Air Freight/Couriers,United States,True,True,accept
QQBF,BATS,ETF,FT Vest Nasdaq-100 Quarterly 15 Buffer ETF,QQBF,FT Vest Nasdaq-100 Quarterly 15 Buffer ETF,CBOE,fund,etf,US33740U2160,Miscellaneous,Investment Trusts/Mutual Funds,United States,True,True,accept
QQI,NASDAQ,ETF,Invesco Nasdaq International Innovators 100 ETF,QQI,Invesco Nasdaq International Innovators 100 ETF,NASDAQ,fund,etf,US46138G3671,Miscellaneous,Investment Trusts/Mutual Funds,United States,True,True,accept
QQQB,NASDAQ,ETF,VistaShares Shield Nasdaq 100 Enhanced Protection ETF,QQQB,VistaShares Shield Nasdaq 100 Enhanced Protection ETF,NASDAQ,fund,etf,US45259A1429,Miscellaneous,Investment Trusts/Mutual Funds,United States,True,True,accept
QQSE,BATS,ETF,Corgi Growth & Technology 15% Structured Buffer ETF - September Series,QQSE,Corgi Growth & Technology 15% Structured Buffer ETF - September Series,CBOE,fund,etf,US21874N7286,Miscellaneous,Investment Trusts/Mutual Funds,United States,True,True,accept
QRED,NYSE,Stock,QuasarEdge Acquisition Corporation Ordinary Shares,QRED,QuasarEdge Acquisition Corp,NYSE,stock,common,KYG7315L1014,Finance,Financial Conglomerates,United States,True,True,accept
QSE,BATS,ETF,Corgi Growth & Technology 10% Structured Buffer ETF - September Series,QSE,Corgi Growth & Technology 10% Structured Buffer ETF- September Series,CBOE,fund,etf,US21874N7369,Miscellaneous,Investment Trusts/Mutual Funds,United States,True,True,accept
QVC,NASDAQ,Stock,"QVC Group, Inc. - Common Stock",,,,,,,,,,False,False,no_tradingview_match
QVCG,NASDAQ,Stock,"QVC Group, Inc. - Common Stock",QVCG,"QVC Group, Inc.",NASDAQ,stock,common,US7472921003,Retail Trade,Electronics/Appliance Stores,United States,False,True,name_mismatch
QVMT,NYSE ARCA,ETF,Invesco S&P S&P 500 Concentrated QVM ETF,QVMT,Invesco S&P 500 Concentrated QVM ETF,AMEX,fund,etf,US46138E3962,Miscellaneous,Investment Trusts/Mutual Funds,United States,True,False,isin_peer_name_mismatch
RA2,ASX,Stock,RESIMAC PREMIER SERIES 2020-1,,,,,,,,,,False,False,no_tradingview_match
RA3,ASX,Stock,RESIMAC SERIES 2024-1NC,,,,,,,,,,False,False,no_tradingview_match
RARE,NASDAQ,Stock,Ultragenyx,RARE,"Ultragenyx Pharmaceutical, Inc.",NASDAQ,stock,common,US90400D1081,Health Technology,Pharmaceuticals: Major,United States,False,False,name_mismatch
RAV,TSX,ETF,Ravensource Fund,,,,,,,,,,False,False,no_tradingview_match
RBNU,TSX,ETF,SavvyLong (2X) HOOD ETF,RBNU,SavvyLong (2X) HOOD ETF,TSX,fund,etf,CA54315B4331,Miscellaneous,Investment Trusts/Mutual Funds,Canada,True,True,accept
RBX,TSXV,Stock,Robex Resources Inc.,,,,,,,,,,False,False,no_tradingview_match
RCHM,NEO,Stock,CIE FINANCIERE RICHEMONT AG CDR (CAD Hedged),RCHM,COMPAGNIE FINANCIERE RICHEMONT SA Sponsored Canadian Depository Receipt Hedged Reg S,NEO,dr,,CA12570Q1072,Consumer Durables,Other Consumer Specialties,Switzerland,False,True,name_mismatch
RDS,TSXV,Stock,Ressources Minieres Radisson Inc,RDS,Radisson Mining Resources Inc.,TSXV,stock,common,CA76125W5054,Non-Energy Minerals,Precious Metals,Canada,False,False,name_mismatch
RE,LSE,Stock,R.E.A. Holdings plc,,,,,,,,,,False,False,no_tradingview_match
RE-B,LSE,Stock,R.E.A. Holdings plc,,,,,,,,,,False,False,no_tradingview_match
REF,NYSE,Stock,Reformation Inc. Common Stock,REF,"Reformation, Inc.",NYSE,stock,common,US75867H1068,Retail Trade,Apparel/Footwear Retail,United States,True,True,accept
REIX,NYSE ARCA,ETF,NYLIM CBRE Real Estate & Infrastructure ETF,REIX,NYLIM CBRE Real Estate & Infrastructure ETF,AMEX,fund,etf,US45409F7107,Miscellaneous,Investment Trusts/Mutual Funds,United States,True,False,isin_peer_name_mismatch
REMG,NASDAQ,ETF,Emerging Markets Active ETF,REMG,Emerging Markets Equity ETF,NASDAQ,fund,etf,US78249U4076,Miscellaneous,Investment Trusts/Mutual Funds,United States,False,True,name_mismatch
RENT.P,TSXV,Stock,Shine Box Capital Corp.,,,,,,,,,,False,False,no_tradingview_match
REVV,TSXV,Stock,ReVolve Renewable Power Corp.,,,,,,,,,,False,False,no_tradingview_match
REVX,TSXV,Stock,Rev Exploration Corp.,REVX,REV Exploration Corp.,TSXV,stock,common,CA7613251098,Non-Energy Minerals,Precious Metals,Canada,True,False,isin_peer_name_mismatch
RGI,TSXV,Stock,Reco International Group Inc.,RGI,Reco International Group Inc.,TSXV,stock,common,CA75622R1001,Industrial Services,Engineering & Construction,Canada,True,True,accept
RGIP.U,TSX,ETF,Purpose Canadian Preferred Share P2L T,,,,,,,,,,False,False,no_tradingview_match
RGLO,NASDAQ,ETF,Global Equity Active ETF,RGLO,Russell Investments Global Equity ETF,NASDAQ,fund,etf,US78249U3086,Miscellaneous,Investment Trusts/Mutual Funds,United States,False,True,name_mismatch
RGNT,NYSE MKT,Stock,Regentis Biomaterials Ltd. Ordinary Shares,RGNT,Regentis Biomaterials Ltd,AMEX,stock,common,IL0012190968,Health Technology,Biotechnology,Israel,True,True,accept
RIFR,NASDAQ,ETF,Global Infrastructure Active ETF,RIFR,Russell Investments Global Infrastructure ETF,NASDAQ,fund,etf,US78249U5065,Miscellaneous,Investment Trusts/Mutual Funds,United States,False,True,name_mismatch
RLCO,IDX,Stock,Abadi Lestari Indonesia Tbk,RLCO,PT Abadi Lestari Indonesia Tbk,IDX,stock,common,ID1000212509,Health Technology,Pharmaceuticals: Other,Indonesia,True,True,accept
RM,NYSE,Stock,Regional Management Corp,RM,Regional Management Corp.,NYSE,stock,common,US75902K1060,Finance,Finance/Rental/Leasing,United States,True,True,accept
RM1,ASX,ETF,NATIONAL RMBS TRUST 2024-1,,,,,,,,,,False,False,no_tradingview_match
RME,TSXV,Stock,Roland Minerals Enterprises Corp.,RME,Roland Mineral Enterprises Corp.,TSXV,stock,common,CA77546D1006,Non-Energy Minerals,Other Metals/Minerals,Canada,False,True,name_mismatch
RNAQ,NASDAQ,Stock,Rainier Acquisition Corporation - Class A Ordinary Shares,RNAQ,Rainier Acquisition Corporation Class A,NASDAQ,stock,common,KYG735911029,Finance,Financial Conglomerates,United States,True,True,accept
ROBX,NYSE ARCA,ETF,Amplify Top 10 Robotics ETF,ROBX,Amplify Top 10 Robotics ETF,AMEX,fund,etf,US0321082358,Miscellaneous,Investment Trusts/Mutual Funds,United States,True,True,accept
ROCH,NEO,Stock,ROCHE HOLDING AG CDR (CAD Hedged),ROCH,Roche Holding Ltd Sponsored Canadian Depository Receipt Hedged Reg S,NEO,dr,,CA77119N1050,Health Technology,Pharmaceuticals: Major,Switzerland,False,True,name_mismatch
RSCC-U,NEO,ETF,GLOBAL X RUSSELL 2000 COVERED C,,,,,,,,,,False,False,no_tradingview_match
RSSX-U,NEO,ETF,GLOBAL X RUSSELL 2000 INDEX ETF,,,,,,,,,,False,False,no_tradingview_match
RUM,TSXV,Stock,Rocky Mountain Liquor Inc.,RUM,Rocky Mountain Liquor Inc.,TSXV,stock,common,CA77472P2008,Retail Trade,Specialty Stores,Canada,True,True,accept
RVC.P,TSXV,Stock,Ronin Ventures Corp.,,,,,,,,,,False,False,no_tradingview_match
RVII,NYSE,Stock,Robinhood Ventures Fund II Common Shares of Beneficial Interest,RVII,Robinhood Ventures Fund II,NYSE,fund,closedend,US7709201062,Miscellaneous,Investment Trusts/Mutual Funds,United States,True,True,asset_type_mismatch
RWEM,NYSE ARCA,ETF,The Advisors' Inner Circle Fund III - Rayliant Wilshire NxtGen Emerging Markets Equity ETF,RWEM,Rayliant NxtGen Multifactor Emerging Markets Equity ETF,AMEX,fund,etf,US00775Y7105,Miscellaneous,Investment Trusts/Mutual Funds,United States,False,False,name_mismatch
RWLC,NYSE ARCA,ETF,The Advisors' Inner Circle Fund III - Rayliant Wilshire NxtGen US Large Cap Equity ETF,RWLC,Rayliant NxtGen Multifactor US Equity ETF,AMEX,fund,etf,US00775Y7287,Miscellaneous,Investment Trusts/Mutual Funds,United States,False,False,name_mismatch
RZAI,NASDAQ,Stock,Roze AI Inc. - Common Shares,RZAI,"Roze AI, Inc.",NASDAQ,stock,common,CA7810701077,Technology Services,Packaged Software,South Korea,True,True,accept
SAC,NYSE,Stock,Safeguard Acquisition Corp. Class A Ordinary Shares,SAC,Safeguard Acquisition Corp. Class A,NYSE,stock,common,KYG776761077,Finance,Financial Conglomerates,United States,True,True,accept
SAFE,IDX,Stock,Steady Safe Tbk,SAFE,PT Steady Safe Tbk,IDX,stock,common,ID1000067309,Transportation,Other Transportation,Indonesia,True,True,accept
SALI,NYSE ARCA,ETF,Schroders US Autocallable Ladder Income ETF,SALI,Schroders US Autocallable Ladder Income ETF,AMEX,fund,etf,US00775Y2155,Miscellaneous,Investment Trusts/Mutual Funds,United States,True,True,accept
SAMO,NYSE,Stock,Samos Energy Acquisition Corporation Class A Ordinary Shares,SAMO,Samos Energy Acquisition Corporation Class A,NYSE,stock,common,KYG7862H1074,Finance,Financial Conglomerates,United States,True,True,accept
SAPG,NEO,Stock,SAP SE CDR (CAD Hedged),SAPG,SAP SE Sponsored Canadian Depository Receipt Hedged Reg S,NEO,dr,,CA80305U1075,Technology Services,Packaged Software,Germany,False,True,name_mismatch
SAPS,TSX,Stock,SAP CDR (CAD Hedged),SAPS,SAP SE CAD Hedged CIBC CDR,TSX,dr,,CA78437E1088,Technology Services,Packaged Software,Germany,False,True,name_mismatch
SAPX,IDX,Stock,PT Satria Antaran Prima Tbk.,SAPX,PT Satria Antaran Prima Tbk,IDX,stock,common,ID1000145600,Transportation,Air Freight/Couriers,Indonesia,True,True,accept
SBEL.P,TSXV,Stock,Sanibel Ventures Corp.,,,,,,,,,,False,False,no_tradingview_match
SBMT,NYSE MKT,Stock,Silver Bow Mining Corp. Common Shares,SBMT,Silver Bow Mining Corp.,AMEX,stock,common,CA8274271052,Non-Energy Minerals,Precious Metals,United States,True,True,accept
SC1,ASX,Stock,"SHINHAN CARD CO., LTD.",,,,,,,,,,False,False,no_tradingview_match
SCA,ASX,ETF,SCENTRE GROUP TRUST 1 AND SCENTRE GROUP TRUST 2,,,,,,,,,,False,False,no_tradingview_match
SCAI,TSXV,Stock,SalesCloser AI Inc.,SCAI,SalesCloser Technologies Ltd.,TSXV,stock,common,CA79467H1029,Technology Services,Packaged Software,Canada,False,True,name_mismatch
SCCO,IDX,Stock,PT Supreme Cable Manufacturing & Commerce Tbk,SCCO,PT Supreme Cable Manufacturing & Commerce Tbk,IDX,stock,common,ID1000080906,Producer Manufacturing,Electrical Products,Indonesia,True,True,accept
SCD,TSXV,Stock,Scandium Canada Ltd.,SCD,Scandium Canada Ltd Class A,TSXV,stock,common,CA80600A1030,Non-Energy Minerals,Other Metals/Minerals,Canada,True,True,accept
SCSE,BATS,ETF,Corgi U.S. Small-Cap 15% Structured Buffer ETF - September Series,SCSE,Corgi U.S. Small-Cap 15% Structured Buffer ETF - September Series,CBOE,fund,etf,US21874N6601,Miscellaneous,Investment Trusts/Mutual Funds,United States,True,True,accept
SDAY,NEO,ETF,Hamilton EnhancedU.S. Equity DayMAX™ ETF,SDAY,Hamilton Enhanced US Equity DayMAX ETF Trust Units,NEO,fund,etf,CA40736T1030,,,,False,True,name_mismatch
SDCI.P,TSXV,Stock,St. Davids Capital Inc.,,,,,,,,,,False,False,no_tradingview_match
SECA,BATS,ETF,Main Active Rotation ETF,SECA,Main Active Rotation ETF,CBOE,fund,etf,US66537J7708,Miscellaneous,Investment Trusts/Mutual Funds,United States,True,True,accept
SECZ,NYSE,Stock,Securitize Corp. Common Stock,SECZ,Securitize Corp.,NYSE,stock,common,US81517B1017,Technology Services,Packaged Software,United States,True,True,accept
SEPC,BATS,ETF,Corgi U.S. Equities 10% Structured Buffer ETF - September Series,SEPC,Corgi U.S. Equities 10% Structured Buffer ETF - September Series,CBOE,fund,etf,US21874N4473,Miscellaneous,Investment Trusts/Mutual Funds,United States,True,True,accept
SFTB,NEO,Stock,SOFTBANK GROUP CORP CDR (CAD Hedged),SFTB,SoftBank Group Corp. Sponsored Canadian Depository Receipt Hedged Reg S,NEO,dr,,CA83390C1077,Communications,Specialty Telecommunications,Japan,False,False,name_mismatch
SFV,ASX,Stock,SANTOS FINANCE LIMITED,,,,,,,,,,False,False,no_tradingview_match
SGE,TSXV,Stock,Strategem Capital Corporation,SGE,Strategem Capital Corporation Class A,TSXV,stock,common,CA86269P3079,Miscellaneous,Investment Trusts/Mutual Funds,Canada,True,True,accept
SGLD,NASDAQ,Stock,Scorpio Gold Corporation - Common Stock,SGLD,Scorpio Gold Corporation Unsponsored ADR,NASDAQ,dr,,US80918M4015,Non-Energy Minerals,Precious Metals,Canada,True,True,accept
SGQ,TSXV,Stock,SouthGobi Resources Ltd.,SGQ,SouthGobi Resources Ltd.,TSXV,stock,common,CA8443751059,Energy Minerals,Coal,Canada,True,True,accept
SHIP,IDX,Stock,PT Sillo Maritime Perdana Tbk,SHIP,PT Sillo Maritime Perdana Tbk,IDX,stock,common,ID1000137102,Transportation,Marine Shipping,Indonesia,True,True,accept
SHR,SET,Stock,S Hotels and Resorts Public Company Limited,SHR,"S Hotels & Resorts Public Co., Ltd.",SET,stock,common,TH9460010001,Consumer Services,Hotels/Resorts/Cruise lines,Thailand,True,True,accept
SHZ,ASX,Stock,SHINHAN BANK.,,,,,,,,,,False,False,no_tradingview_match
SIH,TSX,ETF,Sustainable Innovation & Health Dividend Fund,,,,,,,,,,False,False,no_tradingview_match
SIND,NYSE,Stock,Sinda Ltd. Common Stock,SIND,Sinda Limited,NYSE,stock,common,KYG815691087,Non-Energy Minerals,Precious Metals,Mexico,True,True,accept
SKHQ,BATS,ETF,Leverage Shares 2X Short Sk Hynix Daily ETF,SKHQ,Leverage Shares 2X Short Sk Hynix Daily ETF,CBOE,fund,etf,US88340F1839,Miscellaneous,Investment Trusts/Mutual Funds,United States,True,True,accept
SKK,NASDAQ,Stock,SKK Holdings Limited,SKK,SKK Holdings Limited Class A,NASDAQ,stock,common,KYG8292E1109,Industrial Services,Engineering & Construction,Singapore,False,True,name_mismatch
SKM,NYSE,Stock,"SK Telecom Co., Ltd. Common Stock",SKM,"SK Telecom Co., Ltd. Sponsored ADR",NYSE,dr,,US78440P3064,Communications,Wireless Telecommunications,South Korea,True,True,accept
SLB,NYSE,Stock,SLB Limited Common Shares,SLB,SLB Limited,NYSE,stock,common,AN8068571086,Industrial Services,Contract Drilling,United States,False,False,name_mismatch
SLGC,TSX,ETF,Sun Life MFS Global Core Plus Bond Fund,SLGC,Sun Life MFS Global Core Plus Bond Fund Trust Units ETF,TSX,fund,etf,CA86681Y1007,Miscellaneous,Investment Trusts/Mutual Funds,Canada,True,True,accept
SLM,NASDAQ,Stock,SLM Corp,SLM,SLM Corp,NASDAQ,stock,common,US78442P1066,Finance,Finance/Rental/Leasing,United States,False,False,name_mismatch
SLSR,NYSE MKT,Stock,Solaris Resources Inc. Common Shares,SLSR,Solaris Resources Inc,AMEX,stock,common,CA83419D2014,Non-Energy Minerals,Other Metals/Minerals,Switzerland,True,True,accept
SMNS,TSX,Stock,Siemens CDR (CAD Hedged),SMNS,Siemens AG CAD Hedged CIBC CDR,TSX,dr,,CA82620L1013,Producer Manufacturing,Industrial Machinery,Germany,False,True,name_mismatch
SNAV,BATS,ETF,Collaborative Investment Series Trust - Mohr Sector Nav ETF,SNAV,Mohr Sector Nav ETF,CBOE,fund,etf,US19423L5241,Miscellaneous,Investment Trusts/Mutual Funds,United States,False,True,name_mismatch
SNSC,NYSE MKT,Stock,SunScout Holding Limited Class A Ordinary Shares,SNSC,SunScout Holding Limited Class A,AMEX,stock,common,KYG8589M1069,Industrial Services,Engineering & Construction,New Zealand,True,True,accept
SNY,TSX,Stock,Sanofi CDR (CAD Hedged),SNY,Sanofi SA Shs Unsponsored Canadian Depository Receipt Hedged Reg S,TSX,dr,,CA8010MA1047,Health Technology,Pharmaceuticals: Major,France,False,True,name_mismatch
SOF,NYSE,ETF,Amplify Samsung SOFR ETF,,,,,,,,,,False,False,no_tradingview_match
SOLR,NYSE ARCA,ETF,Guinness Atkinson Funds,,,,,,,,,,False,False,no_tradingview_match
SP4,ASX,ETF,SAPPHIRE XXIX SERIES 2024-1 TRUST,,,,,,,,,,False,False,no_tradingview_match
SP6,ASX,ETF,SAPPHIRE XXXI SERIES 2024-3 TRUST,,,,,,,,,,False,False,no_tradingview_match
SPAC,TSX,Stock,Mercer Park Opportunities Corp.,,,,,,,,,,False,False,no_tradingview_match
SPMA,IDX,Stock,Suparma Tbk,SPMA,PT Suparma Tbk,IDX,stock,common,ID1000054307,Process Industries,Pulp & Paper,Indonesia,True,True,accept
SPMD,NYSE ARCA,ETF,SPDR Russell Small Cap Completeness,SPMD,State Street SPDR Portfolio S&P 400 Mid Cap ETF,AMEX,fund,etf,US78464A8475,Miscellaneous,Investment Trusts/Mutual Funds,United States,False,True,name_mismatch
SPRO.P,TSXV,Stock,Sprock-It Acquisitions Ltd.,,,,,,,,,,False,False,no_tradingview_match
SPRQ,TSXV,Stock,SPARQ Systems Inc.,SPRQ,SPARQ Systems Inc,TSXV,stock,common,CA84657W1095,Electronic Technology,Semiconductors,Canada,True,True,accept
SPYA,BATS,ETF,Twin Oak Endure ETF,SPYA,Twin Oak Endure ETF,CBOE,fund,etf,US75526L8110,Miscellaneous,Investment Trusts/Mutual Funds,United States,True,True,accept
SPYH,BATS,ETF,NEOS S&P 500 Hedged Equity Income ETF,SPYH,NEOS S&P 500 Hedged Equity Income ETF,CBOE,fund,etf,US78433H5688,Miscellaneous,Investment Trusts/Mutual Funds,United States,True,True,accept
SPYI,BATS,ETF,SHP ETF Trust - NEOS S&P 500 High Income ETF,SPYI,NEOS S&P 500 High Income ETF,CBOE,fund,etf,US78433H3030,Miscellaneous,Investment Trusts/Mutual Funds,United States,True,True,accept
SQBA,BATS,ETF,FT Vest U.S. Equity Quarterly 15 Buffer ETF,SQBA,FT Vest U.S. Equity Quarterly 15 Buffer ETF,CBOE,fund,etf,US33744U8734,Miscellaneous,Investment Trusts/Mutual Funds,United States,True,True,accept
SRIL,IDX,Stock,PT Sri Rejeki Isman Tbk,SRIL,PT Sri Rejeki Isman Tbk,IDX,stock,common,ID1000127400,Process Industries,Textiles,Indonesia,True,True,accept
SRQ,TSXV,Stock,Sonoma Resources Inc.,SRQ,SRQ Resources Inc.,TSXV,stock,common,CA85224M1023,Non-Energy Minerals,Other Metals/Minerals,Canada,False,False,name_mismatch
SRU,TSX,ETF,SmartCentres Real Estate Investment Trust,,,,,,,,,,False,False,no_tradingview_match
SSM,NASDAQ,Stock,Sono Group N.V.,SSM,Sono Group NV,NASDAQ,stock,common,NL0015002AM0,Consumer Durables,Motor Vehicles,Germany,False,True,name_mismatch
SSS.P,TSXV,Stock,Samurai Capital Corp.,,,,,,,,,,False,False,no_tradingview_match
STDN,NYSE,Stock,"Standard Nuclear, Inc. Class A Common Stock",STDN,"Standard Nuclear, Inc. Class A",NYSE,stock,common,US8536781003,Process Industries,Chemicals: Specialty,United States,True,True,accept
STE,TSXV,Stock,Starr Peak Mining Ltd.,STE,Starr Peak Mining Ltd,TSXV,stock,common,CA85562P1053,Non-Energy Minerals,Precious Metals,Canada,True,False,isin_peer_name_mismatch
STL,PSX,Stock,Supernet Technologie,STL,Supernet Technologies Limited,PSX,stock,common,PK0119101019,Finance,Property/Casualty Insurance,Pakistan,False,True,name_mismatch
STMX,BATS,ETF,Leverage Shares 2X Long STM Daily ETF,STMX,Leverage Shares 2X Long STM Daily ETF,CBOE,fund,etf,US88340G8502,Miscellaneous,Investment Trusts/Mutual Funds,United States,True,True,accept
STRD,NASDAQ,Stock,Strategy Inc 10% Series A Perpetual Stride Preferred,STRD,Strategy Inc 10 % Perp Stride Pfd Registered Shs Series A,NASDAQ,stock,preferred,US5949728613,Technology Services,Internet Software/Services,United States,False,True,name_mismatch
STRF,NASDAQ,Stock,Strategy Inc 10% Series A Perpetual Strife Preferred,STRF,Strategy Inc 10 % Perp Strife Pfd Registered Shs Series A,NASDAQ,stock,preferred,US5949728795,Technology Services,Internet Software/Services,United States,False,True,name_mismatch
STRM,TSXV,Stock,Storm Exploration Inc.,STRM,Storm Exploration Inc,TSXV,stock,common,CA86218J3038,Non-Energy Minerals,Other Metals/Minerals,Canada,True,True,accept
SULR,NYSE ARCA,ETF,Guinness Atkinson Funds - SmartETFs Sustainable Energy II ETF,,,,,,,,,,False,False,no_tradingview_match
SURF,TSXV,ETF,Starlight U.S. Residential Fund (Multi-Family) Investment LP,,,,,,,,,,False,False,no_tradingview_match
SVCL,TSX,ETF,Global X Enhanced Silver Miners Covered Call ETF,SVCL,Global X Enhanced Silver Miners Covered Call ETF Trust Units A,TSX,fund,etf,CA37966N1033,Miscellaneous,Investment Trusts/Mutual Funds,Canada,True,True,accept
SVM,NYSE MKT,Stock,Silvercorp Metals Inc,SVM,Silvercorp Metals Inc.,AMEX,stock,common,CA82835P1036,Non-Energy Minerals,Precious Metals,Canada,True,True,accept
SXHI,TSX,ETF,Ninepoint SpaceX HighShares ETF,SXHI,Ninepoint SpaceX HighShares ETF Trust Units,TSX,fund,etf,CA65446J1030,Miscellaneous,Investment Trusts/Mutual Funds,Canada,True,True,accept
TA1,ASX,Stock,TRANSURBAN FINANCE COMPANY PTY LTD,,,,,,,,,,False,False,no_tradingview_match
TAWN,BATS,ETF,MicroSectors 3x Long Taiwan ETNs,TAWN,MicroSectors 3x Long Taiwan ETNs,CBOE,fund,etf,US06367V7828,Miscellaneous,Investment Trusts/Mutual Funds,United States,True,True,accept
TBCK,TSX,ETF,TD Target 2031 Investment Grade Bond Fund,TBCK,TD Target 2031 Investment Grade Bond Fund Trust Units,TSX,fund,etf,CA87253L1040,Miscellaneous,Investment Trusts/Mutual Funds,Canada,True,True,accept
TBLA,IDX,Stock,Tunas Baru Lampung Tbk,TBLA,PT Tunas Baru Lampung Tbk,IDX,stock,common,ID1000076706,Process Industries,Agricultural Commodities/Milling,Indonesia,True,True,accept
TBRD,TSXV,Stock,Thunderbird Entertainment Group Inc.,,,,,,,,,,False,False,no_tradingview_match
TBSP,SET,Stock,TBSP PUBLIC COMPANY LIMITED,TBSP,TBSP Public Company Limited,SET,stock,common,TH0476010Y03,Commercial Services,Commercial Printing/Forms,Thailand,True,False,isin_peer_name_mismatch
TCCB,TSX,ETF,TD Canadian Corporate Bond Fund,TCCB,TD Canadian Corporate Bond Fund Trust Unit,TSX,fund,etf,CA87818T1057,Miscellaneous,Investment Trusts/Mutual Funds,Canada,True,True,accept
TDEM,NASDAQ,ETF,T. Rowe Price Dynamic Emerging Markets Bond ETF,TDEM,T. Rowe Price Dynamic Emerging Markets Bond ETF,NASDAQ,fund,etf,US87283Q5861,Miscellaneous,Investment Trusts/Mutual Funds,United States,True,True,accept
TDNA,NASDAQ,ETF,T. Rowe Price Biotech ETF,TDNA,T. Rowe Price Biotech ETF,NASDAQ,fund,etf,US87283Q6109,Miscellaneous,Investment Trusts/Mutual Funds,United States,True,True,accept
TDOG,NASDAQ,ETF,21Shares Dogecoin ETF Common Shares of Beneficial Interest,TDOG,21Shares Dogecoin ETF,NASDAQ,fund,etf,US90137N1063,Miscellaneous,Investment Trusts/Mutual Funds,United States,False,True,name_mismatch
TGEX,TSX,ETF,TD Active Global Enhanced Dividend CAD Hedged ETF,,,,,,,,,,False,False,no_tradingview_match
TGRZ,NASDAQ,ETF,China AI Tigers LLM ETF,TGRZ,China AI Tigers LLM ETF,NASDAQ,fund,etf,US88636N7755,Miscellaneous,Investment Trusts/Mutual Funds,United States,True,True,accept
TINS,IDX,Stock,PT TIMAH (Persero) Tbk,TINS,PT TIMAH (Persero) Tbk,IDX,stock,common,ID1000111800,Non-Energy Minerals,Other Metals/Minerals,Indonesia,True,True,accept
TIP-H,TSXV,Stock,Tyner Resources Ltd,,,,,,,,,,False,False,no_tradingview_match
TIPE,NYSE ARCA,ETF,Northern Trust 2031 Inflation-Linked Distributing Ladder ETF,TIPE,Northern Trust 2031 Inflation-Linked Distributing Ladder ETF,AMEX,fund,etf,US66516K8062,Miscellaneous,Investment Trusts/Mutual Funds,United States,True,True,accept
TIPF,NYSE ARCA,ETF,Northern Trust 2036 Inflation-Linked Distributing Ladder ETF,TIPF,Northern Trust 2036 Inflation-Linked Distributing Ladder ETF,AMEX,fund,etf,US66516K8898,Miscellaneous,Investment Trusts/Mutual Funds,United States,True,True,accept
TIPG,NYSE ARCA,ETF,Northern Trust 2046 Inflation-Linked Distributing Ladder ETF,TIPG,Northern Trust 2046 Inflation-Linked Distributing Ladder ETF,AMEX,fund,etf,US66516K8716,Miscellaneous,Investment Trusts/Mutual Funds,United States,True,True,accept
TIPH,NYSE ARCA,ETF,Northern Trust 2056 Inflation-Linked Distributing Ladder ETF,TIPH,Northern Trust 2056 Inflation-Linked Distributing Ladder ETF,AMEX,fund,etf,US66516K8633,Miscellaneous,Investment Trusts/Mutual Funds,United States,True,True,accept
TIZE,NYSE ARCA,ETF,TCW Securitized Income ETF,TIZE,TCW Securitized Income ETF,AMEX,fund,etf,US87191E2046,Miscellaneous,Investment Trusts/Mutual Funds,United States,True,True,accept
TJGC,NASDAQ,Stock,TJGC Group Limited,TJGC,TJGC Group Limited Class A,NASDAQ,stock,common,VGG2588N1160,Electronic Technology,Electronic Equipment/Instruments,Hong Kong,False,True,name_mismatch
TKN,TSX,ETF,Ninepoint Crypto and AI Leaders ETF,TKN,Ninepoint Crypto and AI Leaders ETF,TSX,fund,etf,CA65445B1013,Miscellaneous,Investment Trusts/Mutual Funds,Canada,True,True,accept
TLAC,NASDAQ,Stock,Three Lions Acquisition Corp. - Ordinary Shares,TLAC,Three Lions Acquisition Corp.,NASDAQ,stock,common,KYG887651050,Finance,Financial Conglomerates,United States,True,True,accept
TLCI,NYSE ARCA,ETF,Touchstone ETF Trust,TLCI,Touchstone International Equity ETF,AMEX,fund,etf,US89157W8718,Miscellaneous,Investment Trusts/Mutual Funds,United States,False,True,name_mismatch
TLIE,NYSE ARCA,ETF,American Beacon The London Company Income Equity ETF,TLIE,American Beacon The London Company Income Equity ETF,AMEX,fund,etf,US02368W8047,Miscellaneous,Investment Trusts/Mutual Funds,United States,True,True,accept
TLTU,TSX,ETF,MegaLong (3X) 20+ Year US Treasury Daily Leveraged Alternative ETF,,,,,,,,,,False,False,no_tradingview_match
TMID,NASDAQ,ETF,T. Rowe Price Mid Cap Equity Research ETF,TMID,T. Rowe Price Mid Cap Equity Research ETF,NASDAQ,fund,etf,US87283Q5788,Miscellaneous,Investment Trusts/Mutual Funds,United States,True,True,accept
TMS,NASDAQ,Stock,Teamshares Inc. - Common Stock,TMS,Teamshares Inc.,NASDAQ,stock,common,US87821B1098,Finance,Financial Conglomerates,United States,True,True,accept
TMVE,NYSE ARCA,ETF,Thrivent ETF Trust,TMVE,Thrivent Mid Cap Value ETF,AMEX,fund,etf,US88588G5053,Miscellaneous,Investment Trusts/Mutual Funds,United States,False,True,name_mismatch
TOAK,NYSE ARCA,ETF,Manager Directed Portfolios,TOAK,Twin Oak Short Horizon Absolute Return ETF,AMEX,fund,etf,US56170L6618,Miscellaneous,Investment Trusts/Mutual Funds,United States,False,True,name_mismatch
TONT,NYSE MKT,Stock,Graf Global Corp. Class A ordinary shares,TONT,Graf Global Corp. Class A,AMEX,stock,common,KYG4036C1069,Finance,Financial Conglomerates,United States,True,True,accept
TOPS,NYSE MKT,Stock,TOP Ships Inc.,TOPS,TOP Ships Inc.,AMEX,stock,common,MHY8897Y2307,Transportation,Marine Shipping,Greece,True,True,accept
TOPS,IDX,Stock,PT Totalindo Eka Persada Tbk.,TOPS,PT Totalindo Eka Persada Tbk,IDX,stock,common,ID1000139207,Consumer Durables,Homebuilding,Indonesia,True,True,accept
TOPW,BATS,ETF,Roundhill WeeklyPay Universe ETF,TOPW,Roundhill Top WeeklyPay ETF,CBOE,fund,etf,US77926X5858,Miscellaneous,Investment Trusts/Mutual Funds,United States,False,False,name_mismatch
TORK,NASDAQ,ETF,KraneShares Actuator ETF,TORK,KraneShares Actuator ETF,NASDAQ,fund,etf,US50077M2035,Miscellaneous,Investment Trusts/Mutual Funds,United States,True,True,accept
TP,NYSE MKT,Stock,Ticketplus Ltd. Ordinary Shares,TP,Ticketplus Ltd.,AMEX,stock,common,KYG886131070,Technology Services,Internet Software/Services,Chile,True,True,accept
TPEI,BATS,ETF,MicroSectors -3x Short Taiwan ETNs,TPEI,MicroSectors -3x Short Taiwan ETNs,CBOE,fund,etf,US06367V7745,Miscellaneous,Investment Trusts/Mutual Funds,United States,True,True,accept
TPLRF1,PSX,Stock,TPL Reit Fund 1,,,,,,,,,,False,False,no_tradingview_match
TPTA,NYSE,Stock,"Terra Property Trust, Inc. 6.00%",,,,,,,,,,False,False,no_tradingview_match
TRAD,NYSE,Stock,APEX Tech Acquisition Inc. Ordinary Shares,TRAD,APEX Tech Acquisition Inc.,NYSE,stock,common,KYG0R21F1057,Finance,Financial Conglomerates,United States,True,True,accept
TRBG,NASDAQ,Stock,TurboGen Ltd. - Ordinary Shares,TRBG,TURBOGEN LTD,NASDAQ,stock,common,IL0011817421,Commercial Services,Miscellaneous Commercial Services,Israel,True,False,isin_peer_name_mismatch
TRBR,TSXV,Stock,Trubar Inc.,,,,,,,,,,False,False,no_tradingview_match
TREO,NASDAQ,Stock,Tactical Resources Corp. - Common Shares,TREO,Tactical Resources Corporation,NASDAQ,stock,common,CA87356V3065,Non-Energy Minerals,Other Metals/Minerals,Canada,True,True,accept
TRIL,BATS,ETF,VegaShares Trillions ETF,TRIL,VegaShares Trillions ETF,CBOE,fund,etf,US88636N8662,Miscellaneous,Investment Trusts/Mutual Funds,United States,True,True,accept
TRPA,BATS,ETF,HARTFORD AAA CLO ETF,TRPA,Hartford AAA CLO ETF,CBOE,fund,etf,US41653L6020,Miscellaneous,Investment Trusts/Mutual Funds,United States,True,False,isin_peer_name_mismatch
TRS,TSXV,Stock,Tres-Or Resources Ltd.,TRS,Tres-Or Resources Ltd.,TSXV,stock,common,CA8952982061,Non-Energy Minerals,Precious Metals,Canada,True,True,accept
TRXS,BATS,ETF,Canary Staked TRX ETF,TRXS,Canary Staked TRX ETF,CBOE,fund,etf,US13724E1073,Miscellaneous,Investment Trusts/Mutual Funds,United States,True,True,accept
TSCV,NYSE ARCA,ETF,Thrivent ETF Trust,TSCV,Thrivent Small Cap Value ETF,AMEX,fund,etf,US88588G4064,Miscellaneous,Investment Trusts/Mutual Funds,United States,False,True,name_mismatch
TSCZ,NYSE ARCA,ETF,T. Rowe Price Securitized Income ETF,TSCZ,T. Rowe Price Securitized Income ETF,AMEX,fund,etf,US87283Q5606,Miscellaneous,Investment Trusts/Mutual Funds,United States,True,True,accept
TSEE,NASDAQ,ETF,T. Rowe Price Small Cap ETF,TSEE,T. Rowe Price Small Cap ETF,NASDAQ,fund,etf,US87283Q5523,Miscellaneous,Investment Trusts/Mutual Funds,United States,True,True,accept
TSTB,TSX,ETF,TD Short Term Bond Fund,TSTB,TD Short Term Bond Fund Trust Unit,TSX,fund,etf,CA87810B1022,Miscellaneous,Investment Trusts/Mutual Funds,Canada,True,True,accept
TSUI,NASDAQ,ETF,21shares Sui ETF Common Shares of Beneficial Interest Shares,TSUI,21Shares Sui Staking ETF Common Shares of Beneficial Interest Shares,NASDAQ,fund,etf,US90137U1007,Miscellaneous,Investment Trusts/Mutual Funds,United States,True,True,accept
TT1,ASX,ETF,THINK TANK RESIDENTIAL SERIES 2024-1 TRUST,,,,,,,,,,False,False,no_tradingview_match
TT2,ASX,ETF,THINK TANK RESIDENTIAL SERIES 2025-2 TRUST,,,,,,,,,,False,False,no_tradingview_match
TT6,ASX,ETF,TRITON BOND TRUST 2021-1 IN RESPECT OF SERIES 1,,,,,,,,,,False,False,no_tradingview_match
TTES,TSX,Stock,TotalEnergies CDR (CAD Hedged),TTES,TotalEnergies SE Shs Unsponsored Canadian Depository Receipt Hedged,TSX,dr,,CA89158C1068,Energy Minerals,Integrated Oil,France,False,True,name_mismatch
TTNM,TSX,Stock,Titanium Transportation Group Inc.,,,,,,,,,,False,False,no_tradingview_match
TTS,TSXV,Stock,Tintina Mines Ltd.,TTS,Tintina Mines Limited,TSXV,stock,common,CA8876742088,Non-Energy Minerals,Other Metals/Minerals,Canada,True,True,accept
TUP.P,TSXV,Stock,Tup Capital Inc.,,,,,,,,,,False,False,no_tradingview_match
TUST,TSX,ETF,TD Ultra Short Term Bond Fund,TUST,TD Ultra Short Term Bond Fund Trust Unit,TSX,fund,etf,CA87810N1069,Miscellaneous,Investment Trusts/Mutual Funds,Canada,True,True,accept
TVC,NYSE,Stock,Tennessee Valley Authority Common Stock,TVC,Tennessee Valley Authority Putable Automatic Rate Reset Secs 1998-1.6.28 Sr Series D Step Down,NYSE,stock,preferred,US8805913006,Government,General Government,United States,False,True,name_mismatch
TXCA,NASDAQ,ETF,Northern Trust California Intermediate Tax-Exempt Bond ETF,TXCA,Northern Trust California Intermediate Tax-Exempt Bond ETF,NASDAQ,fund,etf,US66516K8559,Miscellaneous,Investment Trusts/Mutual Funds,United States,True,True,accept
TXNY,NASDAQ,ETF,Northern Trust New York Intermediate Tax-Exempt Bond ETF,TXNY,Northern Trust New York Intermediate Tax-Exempt Bond ETF,NASDAQ,fund,etf,US66516K8484,Miscellaneous,Investment Trusts/Mutual Funds,United States,True,True,accept
TXR,ASX,Stock,TALONX RESOURCES LIMITED,TXR,TalonX Resources Limited,ASX,stock,common,AU0000450611,Non-Energy Minerals,Other Metals/Minerals,Australia,True,True,accept
UBSS,TSX,Stock,UBS CDR (CAD Hedged),UBSS,UBS Group AG CAD Hedged CIBC CDR,TSX,dr,,CA90356F1071,Finance,Investment Managers,Switzerland,False,True,name_mismatch
UCBG,NYSE ARCA,ETF,State Street SPDR UC Investments 90/10 Endowment Strategy Index ETF,UCBG,State Street SPDR UC Investments 90/10 Endowment Strategy Index ETF,AMEX,fund,etf,US78468R3747,Miscellaneous,Investment Trusts/Mutual Funds,United States,True,True,accept
UNIC,IDX,Stock,Unggul Indah Cahaya Tbk,UNIC,PT Unggul Indah Cahaya Tbk,IDX,stock,common,ID1000058704,Consumer Non-Durables,Household/Personal Care,Indonesia,True,True,accept
UNIQ,SET,Stock,Unique Engineering and Construction Public Company Limited,UNIQ,Unique Engineering & Construction Pcl,SET,stock,common,TH0933010009,Industrial Services,Engineering & Construction,Thailand,True,True,accept
UNIQ,IDX,Stock,PT Ulima Nitra Tbk,UNIQ,PT Ulima Nitra Tbk,IDX,stock,common,ID1000159502,Industrial Services,Engineering & Construction,Indonesia,True,True,accept
URCC,TSX,ETF,Global X Uranium Covered Call ETF,URCC,Global X Uranium Covered Call ETF Trust Units A,TSX,fund,etf,CA37966K1093,Miscellaneous,Investment Trusts/Mutual Funds,Canada,True,True,accept
USFE,NYSE ARCA,ETF,First Eagle ETF Trust,USFE,First Eagle US Equity ETF,AMEX,fund,etf,US32012B1044,Miscellaneous,Investment Trusts/Mutual Funds,United States,False,True,name_mismatch
USGX,BATS,ETF,Corgi U.S. Growth 2x Daily ETF,USGX,Corgi U.S. Growth 2x Daily ETF,CBOE,fund,etf,US21874W7939,Miscellaneous,Investment Trusts/Mutual Funds,United States,True,True,accept
USLX,BATS,ETF,Corgi U.S. Large-Cap 2x Daily ETF,USLX,Corgi U.S. Large-Cap 2x Daily ETF,CBOE,fund,etf,US21874W3060,Miscellaneous,Investment Trusts/Mutual Funds,United States,True,True,accept
USMX,BATS,ETF,Corgi U.S. Mid-Cap 2x Daily ETF,USMX,Corgi U.S. Mid-Cap 2x Daily ETF,CBOE,fund,etf,US21874W5040,Miscellaneous,Investment Trusts/Mutual Funds,United States,True,True,accept
VACH,NASDAQ,Stock,Voyager Acquisition Corp,,,,,,,,,,False,False,no_tradingview_match
VAI,NASDAQ,Stock,Valor Energy Incorporated - Common Stock,VAI,Valor Energy Incorporated,NASDAQ,stock,common,US8172253036,Finance,Finance/Rental/Leasing,China,True,True,accept
VAIC,NYSE ARCA,ETF,VegaShares US Equity Autocallable Conservative Income ETF,VAIC,VegaShares US Equity Autocallable Conservative Income ETF,AMEX,fund,etf,US92255C6075,Miscellaneous,Investment Trusts/Mutual Funds,United States,True,True,accept
VAVX,NASDAQ,ETF,VanEck Avalanche ETF Common Shares of Beneficial Interest,VAVX,Vaneck Avalanche Etf,NASDAQ,fund,etf,US92188R1014,Miscellaneous,Investment Trusts/Mutual Funds,United States,False,True,name_mismatch
VCD,ASX,ETF,VICINITY CENTRES TRUST,,,,,,,,,,False,False,no_tradingview_match
VECA,NYSE,Stock,Vernal Capital Acquisition Corp. Ordinary Shares,VECA,Vernal Capital Acquisition Corp.,NYSE,stock,common,KYG93Y7F1068,Finance,Financial Conglomerates,Singapore,True,True,accept
VEEM,NASDAQ,ETF,VanEck MSCI EM Analyst Sentiment ETF,VEEM,VanEck MSCI EM Analyst Sentiment ETF,NASDAQ,fund,etf,US92189H6154,Miscellaneous,Investment Trusts/Mutual Funds,United States,True,True,accept
VEGX,BATS,ETF,International Vegan Climate ETF,VEGX,International Vegan Climate ETF,CBOE,fund,etf,US26922B3520,Miscellaneous,Investment Trusts/Mutual Funds,United States,True,True,accept
VGNT,NYSE,Stock,Versigent PLC Ordinary Shares,VGNT,Versigent PLC,NYSE,stock,common,JE00BWK75100,Producer Manufacturing,Electrical Products,Switzerland,True,True,accept
VIGG,TSX,ETF,Vanguard Developed ex-North America Dividend Appreciation Index ETF,VIGG,Vanguard Developed ex-North America Dividend Appreciation Index ETF Trust Units,TSX,fund,etf,CA92214A1066,Miscellaneous,Investment Trusts/Mutual Funds,Canada,True,True,accept
VII,NYSE,Stock,Viking Acquisition Corp. II Class A Ordinary Shares,VII,Viking Acquisition Corp. II Class A,NYSE,stock,common,KYG9601D1088,Finance,Financial Conglomerates,United States,True,True,accept
VIP,NASDAQ,Stock,Vulcan Infrastructure and Power Inc. - Class A Common Stock,VIP,Vulcan Infrastructure and Power Inc. Class A,NASDAQ,stock,common,US39531G3083,Technology Services,Packaged Software,United States,True,True,accept
VIXI,NASDAQ,ETF,Defiance Enhanced Long Vol ETF,,,,,,,,,,False,False,no_tradingview_match
VKG-H,TSXV,Stock,Norse Gold Corp,,,,,,,,,,False,False,no_tradingview_match
VMHY,NASDAQ,ETF,VictoryShares Municipal High Yield ETF,VMHY,VictoryShares Municipal High Yield ETF,NASDAQ,fund,etf,US92647N3787,Miscellaneous,Investment Trusts/Mutual Funds,United States,True,True,accept
VMRK,NYSE,Stock,Vivmark Residential Common Shares of Beneficial Interest,VMRK,Vivmark Residential,NYSE,stock,common,US29476L1070,Finance,Real Estate Investment Trusts,United States,False,False,name_mismatch
VMSD,NASDAQ,ETF,VictoryShares Short-Duration Municipal ETF,VMSD,VictoryShares Short-Duration Municipal ETF,NASDAQ,fund,etf,US92647N3605,Miscellaneous,Investment Trusts/Mutual Funds,United States,True,True,accept
VMY-H,TSXV,Stock,Voice Mobility International Inc,,,,,,,,,,False,False,no_tradingview_match
VOOB,NASDAQ,ETF,VistaShares Shield S&P 500 Enhanced Protection ETF,VOOB,VistaShares Shield S&P 500 Enhanced Protection ETF,NASDAQ,fund,etf,US45259A1593,Miscellaneous,Investment Trusts/Mutual Funds,United States,True,True,accept
VOOY,NYSE ARCA,ETF,XFUNDS Large Cap Income ETF,VOOY,XFUNDS Large Cap Income ETF,AMEX,fund,etf,US88636Y4742,Miscellaneous,Investment Trusts/Mutual Funds,United States,True,True,accept
VOXP,BATS,ETF,Vox Populi ETF,VOXP,Vox Populi ETF,CBOE,fund,etf,US00770X2532,Miscellaneous,Investment Trusts/Mutual Funds,United States,True,False,isin_peer_name_mismatch
VRGL3,B3,Stock,GOL LINHAS AEREAS S.A,,,,,,,,,,False,False,no_tradingview_match
VSOL,NASDAQ,ETF,VanEck Solana ETF Shares of Beneficial Interest,VSOL,VanEck Solana ETF,NASDAQ,fund,etf,US92200B1008,Miscellaneous,Investment Trusts/Mutual Funds,United States,False,True,name_mismatch
VTEN.P,TSXV,Stock,V Ten Capital Corp.,,,,,,,,,,False,False,no_tradingview_match
VUDH,TSX,ETF,Vanguard U.S. High Dividend Yield Index ETF (CAD-hedged),VUDH,Vanguard U.S. High Dividend Yield Index ETF Hedged Trust Units,TSX,fund,etf,CA92213Y1051,Miscellaneous,Investment Trusts/Mutual Funds,Canada,True,True,accept
VWA,NEO,Stock,VOLKSWAGEN CDR (CAD HEDGED),VWA,Volkswagen AG Shs Sponsored Canadian Depository Receipt Hedged Reg S,NEO,dr,,CA92866T1066,Consumer Durables,Motor Vehicles,Germany,False,True,name_mismatch
VYLR,NYSE,Stock,Vylor Inc. Common Stock,VYLR,Vylor Inc,NYSE,stock,common,US92892R1086,Commercial Services,Miscellaneous Commercial Services,United States,True,True,accept
WB1,ASX,ETF,SERIES 2020-1 WST TRUST,,,,,,,,,,False,False,no_tradingview_match
WDNA,BATS,ETF,WisdomTree BioRevolution Fund,WDNA,WisdomTree BioRevolution Fund,CBOE,fund,etf,US97717Y6187,Miscellaneous,Investment Trusts/Mutual Funds,United States,True,True,accept
WE1,ASX,ETF,SERIES 2019-1 WST TRUST,,,,,,,,,,False,False,no_tradingview_match
WEAT,NYSE ARCA,ETF,Teucrium Wheat,WEAT,Teucrium Wheat Fund,AMEX,fund,etf,US88166A8707,Miscellaneous,Investment Trusts/Mutual Funds,United States,True,True,accept
WELL,TSX,Stock,WELL Health Technologies Corp.,WELL,WELL Health Technologies Corp.,TSX,stock,common,CA94947L1022,Health Services,Medical/Nursing Services,Canada,True,False,isin_peer_name_mismatch
WFCS,TSX,Stock,Wells Fargo CDR (CAD Hedged),WFCS,Wells Fargo & Company Shs Sponsored Canadian Depoitary Receipt Hedged Reg S,TSX,dr,,CA9499321078,Finance,Major Banks,United States,False,True,name_mismatch
WFF,NASDAQ,Stock,WF Holding Limited Ordinary Shares,WFF,WF Holding Limited,NASDAQ,stock,common,KYG9627R1157,Process Industries,Textiles,Malaysia,False,True,name_mismatch
WINS,IDX,Stock,Wintermar Offshore Marine Tbk,WINS,PT Wintermar Offshore Marine Tbk,IDX,stock,common,ID1000117500,Transportation,Marine Shipping,Indonesia,True,True,accept
WMK,TSXV,Stock,Whitemud Resources Inc.,WMK,"Whitemud Resources, Inc. Class A",TSXV,stock,common,CA9654241046,Non-Energy Minerals,Construction Materials,Canada,True,True,accept
WOI-H,TSXV,Stock,WORLD ORGANICS INC,,,,,,,,,,False,False,no_tradingview_match
WP,TSXV,ETF,Western Pacific Trust Company,WP,Western Pacific Trust Company,TSXV,stock,common,CA9591431080,Finance,Investment Managers,Canada,True,True,asset_type_mismatch
WS1,ASX,ETF,SERIES 2024-1 WST TRUST,,,,,,,,,,False,False,no_tradingview_match
WS2,ASX,ETF,SERIES 2024-2 WST TRUST,,,,,,,,,,False,False,no_tradingview_match
WSE,NASDAQ,Stock,Wise Group plc,WSE,Wise Group plc Class A,NASDAQ,stock,common,JE00BQKY0816,Commercial Services,Miscellaneous Commercial Services,United Kingdom,False,False,name_mismatch
WTAI,BATS,ETF,WisdomTree Trust - WisdomTree Artificial Intelligence and Innovation Fund,WTAI,WisdomTree Artificial Intelligence and Innovation Fund,CBOE,fund,etf,US97717Y5437,Miscellaneous,Investment Trusts/Mutual Funds,United States,True,True,accept
WTID,NYSE ARCA,ETF,UBS ETRACS - ProShares Daily 3x Inverse Crude ETN,WTID,MicroSectors Energy 3X Inverse Leveraged ETNs,AMEX,fund,etf,US06368L4032,Miscellaneous,Investment Trusts/Mutual Funds,United States,False,True,name_mismatch
XCSH,NASDAQ,ETF,XFUNDS 1-3 Month BOX ETF,XCSH,XFUNDS 1-3 Month BOX ETF,NASDAQ,fund,etf,US88636X1798,Miscellaneous,Investment Trusts/Mutual Funds,United States,True,True,accept
XCYT,TSXV,Stock,Xcyte Digital Corp.,,,,,,,,,,False,False,no_tradingview_match
XEML,BATS,ETF,Xtrackers Europe Market Leaders ETF,XEML,Xtrackers Europe Market Leaders ETF,CBOE,fund,etf,US23306X7791,Miscellaneous,Investment Trusts/Mutual Funds,United States,True,True,accept
XIII,NASDAQ,Stock,Churchill Capital Corp XIII - Class A Ordinary Shares,XIII,Churchill Capital Corp. XIII Class A,NASDAQ,stock,common,KYG2132G1047,Finance,Financial Conglomerates,United States,True,True,accept
XKFS,NYSE ARCA,ETF,SPDR Kensho Future Security ETF,,,,,,,,,,False,False,no_tradingview_match
XKII,NYSE ARCA,ETF,SPDR Kensho Intelligent Structures ETF,,,,,,,,,,False,False,no_tradingview_match
XKST,NYSE ARCA,ETF,SPDR S&P Kensho Smart Mobility ETF,,,,,,,,,,False,False,no_tradingview_match
XLAB,NASDAQ,Stock,Exascale Labs Holdings Inc. - Class A Common Stock,XLAB,Exascale Labs Holdings Inc. Class A,NASDAQ,stock,common,US30066G1022,Finance,Financial Conglomerates,United States,True,True,accept
XLCD,BATS,ETF,MicroSectors -3x Short Communication Services (XLC) ETNs,XLCD,MicroSectors -3x Short Communication Services (XLC) ETN Structured Note,CBOE,fund,etf,US06367V8651,Miscellaneous,Investment Trusts/Mutual Funds,United States,True,True,accept
XLCU,BATS,ETF,MicroSectors 3x Long Communication Services (XLC) ETNs,XLCU,MicroSectors 3x Long Communication Services (XLC) ETNs,CBOE,fund,etf,US06367V8735,Miscellaneous,Investment Trusts/Mutual Funds,United States,True,True,accept
XLPD,BATS,ETF,MicroSectors -3x Short Consumer Staples (XLP) ETNs,XLPD,MicroSectors -3x Short Consumer Staples (XLP) ETNs,CBOE,fund,etf,US06367V8404,Miscellaneous,Investment Trusts/Mutual Funds,United States,True,True,accept
XLPU,BATS,ETF,MicroSectors 3x Long Consumer Staples (XLP) ETNs,XLPU,MicroSectors 3x Long Consumer Staples (XLP) ETNs Structured Note,CBOE,fund,etf,US06367V8578,Miscellaneous,Investment Trusts/Mutual Funds,United States,True,True,accept
XNC,ASX,Stock,NEW SOUTH WALES TREASURY CORPORATION,,,,,,,,,,False,False,no_tradingview_match
XPM,NASDAQ,ETF,Defiance Daily Target 2X Long PM ETF,,,,,,,,,,False,False,no_tradingview_match
XQBT,NYSE ARCA,ETF,Amplify Top 10 Quantum ETF,XQBT,Amplify Top 10 Quantum ETF,AMEX,fund,etf,US0321082432,Miscellaneous,Investment Trusts/Mutual Funds,United States,True,True,accept
XQL,ASX,Stock,QUEENSLAND TREASURY CORPORATION,,,,,,,,,,False,False,no_tradingview_match
XRPI,NASDAQ,ETF,XRP ETF,XRPI,Volatility Shares Trust XRP ETF,NASDAQ,fund,etf,US92864M7801,Miscellaneous,Investment Trusts/Mutual Funds,United States,False,True,name_mismatch
XTAO,TSXV,Stock,xTAO Inc.,,,,,,,,,,False,False,no_tradingview_match
XTER,NASDAQ,Stock,Karman Line Acquisition Corp. - Class A Ordinary Shares,XTER,Karman Line Acquisition Corp. Class A,NASDAQ,stock,common,KYG5226N1097,Finance,Financial Conglomerates,United States,True,True,accept
XTND,NYSE,Stock,"Xtend AI Robotics, Inc. Common Stock",XTND,Xtend AI Robotics Inc,NYSE,stock,common,US98387C1009,Producer Manufacturing,Industrial Machinery,United States,True,True,accept
XUSM,NASDAQ,ETF,MarketDesk International Momentum ETF,XUSM,MarketDesk International Momentum ETF,NASDAQ,fund,etf,US26824D7122,Miscellaneous,Investment Trusts/Mutual Funds,United States,True,True,accept
XVAD,BATS,ETF,FT Vest AMD & Target Income ETF,XVAD,FT Vest AMD & Target Income ETF,CBOE,fund,etf,US33738D6976,Miscellaneous,Investment Trusts/Mutual Funds,United States,True,True,accept
XVAP,BATS,ETF,FT Vest AAPL & Target Income ETF,XVAP,FT Vest AAPL & Target Income ETF,CBOE,fund,etf,US33738D6307,Miscellaneous,Investment Trusts/Mutual Funds,United States,True,True,accept
XVAZ,BATS,ETF,FT Vest AMZN & Target Income ETF,XVAZ,FT Vest AMZN & Target Income ETF,CBOE,fund,etf,US33738D6711,Miscellaneous,Investment Trusts/Mutual Funds,United States,True,True,accept
XVG,ASX,Stock,TREASURY CORPORATION OF VICTORIA,,,,,,,,,,False,False,no_tradingview_match
XVGL,BATS,ETF,FT Vest GOOG & Target Income ETF,XVGL,FT Vest GOOG & Target Income ETF,CBOE,fund,etf,US33738D6489,Miscellaneous,Investment Trusts/Mutual Funds,United States,True,True,accept
XVMS,BATS,ETF,FT Vest MSFT & Target Income ETF,XVMS,FT Vest MSFT & Target Income ETF,CBOE,fund,etf,US33738D6141,Miscellaneous,Investment Trusts/Mutual Funds,United States,True,True,accept
XVMT,BATS,ETF,FT Vest META & Target Income ETF,XVMT,FT Vest META & Target Income ETF,CBOE,fund,etf,US33738D5986,Miscellaneous,Investment Trusts/Mutual Funds,United States,True,True,accept
XVNV,BATS,ETF,FT Vest NVDA & Target Income ETF,XVNV,FT Vest NVDA & Target Income ETF,CBOE,fund,etf,US33738D5721,Miscellaneous,Investment Trusts/Mutual Funds,United States,True,True,accept
XVPT,BATS,ETF,FT Vest PLTR & Target Income ETF,XVPT,FT Vest PLTR & Target Income ETF,CBOE,fund,etf,US33738D5564,Miscellaneous,Investment Trusts/Mutual Funds,United States,True,True,accept
XVSP,BATS,ETF,FT Vest SPCX & Target Income ETF,XVSP,FT Vest SPCX & Target Income ETF,CBOE,fund,etf,US33738D4815,Miscellaneous,Investment Trusts/Mutual Funds,United States,True,True,accept
XVTS,BATS,ETF,FT Vest TSLA & Target Income ETF,XVTS,FT Vest TSLA & Target Income ETF,CBOE,fund,etf,US33738D5499,Miscellaneous,Investment Trusts/Mutual Funds,United States,True,True,accept
XWNG,NYSE ARCA,ETF,Amplify Top 10 Space ETF,XWNG,Amplify Top 10 Space ETF,AMEX,fund,etf,US0321082192,Miscellaneous,Investment Trusts/Mutual Funds,United States,True,True,accept
XX,BATS,ETF,"Roundhill S&P 500 Target 10,000 2030 ETF",XX,"Roundhill S&P 500 Target 10,000 2030 ETF",CBOE,fund,etf,US77926Y8232,Miscellaneous,Investment Trusts/Mutual Funds,United States,True,True,accept
XXXX,NYSE ARCA,ETF,MAX S&P 500 4X Leveraged ETN,,,,,,,,,,False,False,no_tradingview_match
YRAM,NASDAQ,ETF,YieldMax Memory and Storage Portfolio Option Income ETF,YRAM,YieldMax Memory and Storage Portfolio Option Income ETF,NASDAQ,fund,etf,US88634T2380,Miscellaneous,Investment Trusts/Mutual Funds,United States,True,True,accept
ZAAA-F,NEO,ETF,BMO AAA CLO ETF (HEDGED UNITS),,,,,,,,,,False,False,no_tradingview_match
ZAAP,NEO,Stock,APPLE (aapl) BMO CDR (CAD HEDGED),ZAAP,Apple Inc. Shs Unsponsored Canadian Depository Receipt,NEO,dr,,CA0379741022,Electronic Technology,Telecommunications Equipment,United States,False,True,name_mismatch
ZAPO,NEO,Stock,APOLLO (APO) BMO CDR (CAD HEDGED),ZAPO,Apollo Global Management Inc Shs Canadian Depositary Receipt Repr Shs Reg S,NEO,dr,,CA03771W1005,Finance,Investment Managers,United States,False,True,name_mismatch
ZBA,NEO,Stock,BOEING (BA) BMO CDR (CAD HEDGED),ZBA,Boeing Company Unsponsored Canadian Depository Receipt Hedged Reg S,NEO,dr,,CA09702C1059,Electronic Technology,Aerospace & Defense,United States,False,True,name_mismatch
ZBBZ-F,NEO,ETF,BMO BBB CLO ETF – Hedged Units,,,,,,,,,,False,False,no_tradingview_match
ZCDX,TSX,ETF,BMO Credit Stress Opportunities ETF,ZCDX,BMO Credit Stress Opportunities ETF Trust Units,TSX,fund,etf,CA05595J1167,Miscellaneous,Investment Trusts/Mutual Funds,Canada,True,True,accept
ZCDX.U,TSX,ETF,BMO Credit Stress Opportunities ETF,ZCDX.U,BMO Credit Stress Opportunities ETF USD Units,TSX,fund,etf,CA05595J1084,,,,True,True,accept
ZCOI,NEO,Stock,Coinbase (COIN) BMO CDR (CAD Hedged),ZCOI,"Coinbase Global, Inc. Shs Unsponsored Canadian Depository Receipt Hedged Reg S",NEO,dr,,CA19260W1041,Finance,Investment Banks/Brokers,United States,False,True,name_mismatch
ZCOS,NEO,Stock,COSTCO )COST) BMO CDR (CAD HEDGED),ZCOS,Costco Wholesale Corporation Shs Unsponsored Canadian Depository Receipt Hedged Reg S,NEO,dr,,CA2216031039,Retail Trade,Specialty Stores,United States,False,True,name_mismatch
ZCSH,NYSE ARCA,ETF,The Zcash ETF Shares,ZCSH,Grayscale Zcash Trust,AMEX,fund,etf,US38964G1085,Miscellaneous,Investment Trusts/Mutual Funds,United States,False,False,name_mismatch
ZDIS,NYSE ARCA,ETF,Virtus Zevenbergen Discovery Growth ETF,ZDIS,Virtus Zevenbergen Discovery Growth ETF,AMEX,fund,etf,US92790A7283,Miscellaneous,Investment Trusts/Mutual Funds,United States,True,True,accept
ZINC,IDX,Stock,PT Kapuas Prima Coal Tbk,ZINC,PT Kapuas Prima Coal Tbk,IDX,stock,common,ID1000140809,Non-Energy Minerals,Steel,Indonesia,True,True,accept
ZINN,NYSE ARCA,ETF,Virtus Zevenbergen Innovative Growth ETF,ZINN,Virtus Zevenbergen Innovative Growth ETF,AMEX,fund,etf,US92790A7366,Miscellaneous,Investment Trusts/Mutual Funds,United States,True,True,accept
ZINT,NEO,Stock,INTEL (INTC) BMO CDR (CAD HEDGED),ZINT,Intel Corporation Shs Unsponsored Canadian Depository Receipt Hedged,NEO,dr,,CA45790N1087,Electronic Technology,Semiconductors,United States,False,True,name_mismatch
ZIVB,BATS,ETF,Volatility Shares Trust -1x Short VIX Mid-Term Futures Strategy ETF,,,,,,,,,,False,False,no_tradingview_match
ZLLY,NEO,Stock,ELI LILLY (LLY) BMO CDR (CAD HEDGED),ZLLY,Eli Lilly and Company Shs Unsponsored Canadian Depository Receipt Hedged,NEO,dr,,CA2869111021,Health Technology,Pharmaceuticals: Major,United States,False,True,name_mismatch
ZMAS,NEO,Stock,MASTERCARD (MA) BMO CDR (CAD HEDGED),ZMAS,Mastercard Incorporated Shs Unsponsored Canadian Depository Receipt Hedged,NEO,dr,,CA5759771036,Finance,Finance/Rental/Leasing,United States,False,True,name_mismatch
ZMCD,NEO,Stock,McDonalds (MCD) BMO CDR (CAD Hedged),ZMCD,McDonald's Corporation Shs Unsponsored Canadian Depository Receipt Hedged Reg S,NEO,dr,,CA5801091060,Consumer Services,Restaurants,United States,False,True,name_mismatch
ZMIC,NEO,Stock,Micron Technology (MU) BMO CDR (CAD Hedged),ZMIC,"Micron Technology, Inc. Unsponsored Canadian Depository Receipt Hedged Reg S",NEO,dr,,CA59511H1001,Electronic Technology,Semiconductors,United States,False,True,name_mismatch
ZMPU-F,NEO,ETF,BMO MARKET+ US EQUITY ETF - HEDGED UNITS,,,,,,,,,,False,False,no_tradingview_match
ZMSF,NEO,Stock,MICROSOFT (MSFT) BMO CDR (CAD HEDGED),ZMSF,Microsoft Corporation Shs Unsponsored Canadian Depository Receipt Hedged,NEO,dr,,CA5949881075,Technology Services,Packaged Software,United States,False,True,name_mismatch
ZSMC,NEO,Stock,SUPER MICRO COMPUTER (SMCI) BMO XDR (CAD HEDGED),ZSMC,"Super Micro Computer, Inc. Shs Unsponsored Canadian Depository Receipt Hedged Reg S",NEO,dr,,CA86805G1000,Electronic Technology,Computer Processing Hardware,United States,False,True,name_mismatch
ZTL.F,TSX,ETF,BMO Long-Term US Treasury Bond Index (Hedged Units),,,,,,,,,,False,False,no_tradingview_match
ZTM-U,NEO,ETF,BMO MID-TERM US TREASURY BOND INDEX ETF,,,,,,,,,,False,False,no_tradingview_match
ZUS,TSX,ETF,BMO Ultra Short-Term US Bond ETF,,,,,,,,,,False,False,no_tradingview_match
ZVST,NEO,Stock,VISTRA (VST) BMO CDR (CAD HEDGED),ZVST,Vistra Corp. Canadian Depositary Receipt Repr Shs Reg S (CAD Hedged),NEO,dr,,CA92842T1057,Utilities,Electric Utilities,United States,False,True,name_mismatch
ZWMT,NEO,Stock,WALMART (WMT) BMO CDR (CAD HEDGED),ZWMT,Walmart Inc. Shs Unsponsored Canadian Depository Receipt Hedged Reg S,NEO,dr,,CA93267J1012,Retail Trade,Specialty Stores,United States,False,True,name_mismatch
ZXOM,NEO,Stock,EXXON MOBIL (XOM) BMO CDR (CAD HEDGED),ZXOM,ExxonMobil Holdings Corporation Shs Unsponsored Canadian Depository Receipt Hedged,NEO,dr,,CA30191G1000,Energy Minerals,Integrated Oil,United States,False,True,name_mismatch
ZYNS,TSX,Stock,Philip Morris CDR (CAD Hedged),ZYNS,Philip Morris International Inc. Unsponsored Canadian Depository Receipt Hedged Reg S,TSX,dr,,CA7183911055,Consumer Non-Durables,Tobacco,United States,False,True,name_mismatch
