ticker,exchange,name,tv_symbol,tv_name,tv_exchange,tv_type,tv_isin,tv_sector,tv_industry,sector_update,decision
01P,XETRA,"MEDPACE HOLDINGS   DL-,01",01P,"Medpace Holdings, Inc.",XETR,stock,US58506Q1094,Commercial Services,Miscellaneous Commercial Services,Industrials,accept
07G0,XETRA,CORPAY INC.,07G0,"Corpay, Inc.",XETR,stock,US2199481068,Commercial Services,Miscellaneous Commercial Services,Industrials,accept
08D,XETRA,"MIRUM PHARMAC.   DL-,0001",08D,"Mirum Pharmaceuticals, Inc.",XETR,stock,US6047491013,Health Technology,Pharmaceuticals: Major,Health Care,accept
0AK,XETRA,"ARAMARK           DL -,01",0AK,Aramark,XETR,stock,US03852U1060,Consumer Services,Restaurants,Consumer Discretionary,accept
0EF,XETRA,"E.L.F. BEAUTY INC  DL-,01",0EF,"e.l.f. Beauty, Inc.",XETR,stock,US26856L1035,Consumer Non-Durables,Household/Personal Care,Consumer Staples,accept
0GS,XETRA,"GUIDEWIRE SOFTWA.DL-,0001",0GS,"Guidewire Software, Inc.",XETR,stock,US40171V1008,Technology Services,Information Technology Services,Information Technology,accept
0L5,XETRA,LAMB WESTON HLDGS    DL 1,0L5,"Lamb Weston Holdings, Inc.",XETR,stock,US5132721045,Consumer Non-Durables,Food: Specialty/Candy,Consumer Staples,accept
0L8,XETRA,"LANTHEUS HLDGS     DL-,01",0L8,Lantheus Holdings Inc,XETR,stock,US5165441032,Health Technology,Medical Specialties,Health Care,accept
0M5,XETRA,"BILL HOLDINGS   DL-,00001",0M5,"BILL Holdings, Inc.",XETR,stock,US0900431000,Technology Services,Packaged Software,Information Technology,accept
0NU,XETRA,NUTANIX INC. A,0NU,"Nutanix, Inc. Class A",XETR,stock,US67059N1081,Technology Services,Data Processing Services,Information Technology,accept
0OK,XETRA,OKTA INC. CL.A    O.N.,0OK,"Okta, Inc. Class A",XETR,stock,US6792951054,Technology Services,Packaged Software,Information Technology,accept
0P0,XETRA,"GALAXY DIGITAL     DL-,01",0P0,Galaxy Digital Inc. Class A,XETR,stock,US36317J2096,Finance,Investment Banks/Brokers,Financials,accept
0P7,XETRA,"PAYLOCITY HLDG    DL-,001",0P7,Paylocity Holding Corp.,XETR,stock,US70438V1061,Technology Services,Packaged Software,Information Technology,accept
0P8,XETRA,PENUMBRA INC.,0P8,"Penumbra, Inc.",XETR,stock,US70975L1070,Health Technology,Medical Specialties,Health Care,accept
0Q30,XETRA,BEYOND MEAT INC O.N.,0Q30,"Beyond Meat, Inc.",XETR,stock,US08862E3071,Consumer Non-Durables,Food: Major Diversified,Consumer Staples,accept
0QN,XETRA,ARES MNGMT CORP.CL.A,0QN,Ares Management Corporation Class A,XETR,stock,US03990B1017,Finance,Investment Managers,Financials,accept
0S0,XETRA,"SITEO.LANDS.SUPP.INC.-,01",0S0,"SiteOne Landscape Supply, Inc.",XETR,stock,US82982L1035,Distribution Services,Wholesale Distributors,Industrials,accept
0S1,XETRA,"ONEMAIN HOLDINGS   DL-,01",0S1,"OneMain Holdings, Inc.",XETR,stock,US68268W1036,Finance,Finance/Rental/Leasing,Financials,accept
0SU,XETRA,"DIGITALOCEAN HLD.-,000025",0SU,"DigitalOcean Holdings, Inc.",XETR,stock,US25402D1028,Technology Services,Packaged Software,Information Technology,accept
0V6,XETRA,"VISTRA CORP.       DL-,01",0V6,Vistra Corp.,XETR,stock,US92840M1027,Utilities,Electric Utilities,Utilities,accept
0YB0,XETRA,"IONQ INC. CL.A   DL-,0001",0YB0,"IonQ, Inc.",XETR,stock,US46222L1089,Electronic Technology,Computer Processing Hardware,Information Technology,accept
0ZG2,XETRA,"ZILLOW GROUP C CAP.DL-,01",0ZG2,"Zillow Group, Inc. Class C",XETR,stock,US98954M2008,Technology Services,Internet Software/Services,Information Technology,accept
1170,XETRA,ARISTA NET.INC. NEW O.N.,1170,Arista Networks Inc,XETR,stock,US0404132054,Electronic Technology,Computer Peripherals,Information Technology,accept
17M,XETRA,"MOELIS+CO. A       DL-,01",17M,Moelis & Co. Class A,XETR,stock,US60786M1053,Finance,Investment Banks/Brokers,Financials,accept
19X,XETRA,AXSOME THERAPEUT. DL-0001,19X,"Axsome Therapeutics, Inc.",XETR,stock,US05464T1043,Health Technology,Biotechnology,Health Care,accept
1A7,XETRA,ALLISON TRANSM.HLDGS DL-1,1A7,"Allison Transmission Holdings, Inc.",XETR,stock,US01973R1014,Producer Manufacturing,Auto Parts: OEM,Industrials,accept
1AE,XETRA,"ARGENX SE EO -,10",1AE,argenx SE,XETR,stock,NL0010832176,Health Technology,Biotechnology,Health Care,accept
1AW,XETRA,"ARGAN INC.         DL-,15",1AW,"Argan, Inc.",XETR,stock,US04010E1091,Industrial Services,Engineering & Construction,Industrials,accept
1B8,XETRA,"ONDAS INC.       DL-,0001",1B8,Ondas Inc.,XETR,stock,US68236H2040,Electronic Technology,Telecommunications Equipment,Information Technology,accept
1C5,XETRA,CITIZENS FINL GROUP DL-01,1C5,"Citizens Financial Group, Inc.",XETR,stock,US1746101054,Finance,Major Banks,Financials,accept
1FA,XETRA,"SPROUTS FMRS MKT  DL-,001",1FA,"Sprouts Farmers Market, Inc.",XETR,stock,US85208M1027,Retail Trade,Food Retail,Consumer Staples,accept
1FD,XETRA,"FLOOR + DECOR CL.A -,001",1FD,"Floor & Decor Holdings, Inc. Class A",XETR,stock,US3397501012,Retail Trade,Home Improvement Chains,Consumer Discretionary,accept
1GBS,XETRA,GBS SOFTWARE AG INH O.N.,1GBS,GBS Software AG,XETR,stock,DE000A3MQR99,Technology Services,Internet Software/Services,Information Technology,accept
1HTA,XETRA,"HYATT HOTELS CL. A DL-,01",1HTA,Hyatt Hotels Corporation Class A,XETR,stock,US4485791028,Consumer Services,Hotels/Resorts/Cruise lines,Consumer Discretionary,accept
1M0,XETRA,"HAMILTON LANE INC DL-,001",1M0,Hamilton Lane Incorporated Class A,XETR,stock,US4074971064,Finance,Investment Managers,Financials,accept
1PM,XETRA,PRIMORIS SERVICES CORP.,1PM,Primoris Services Corporation,XETR,stock,US74164F1030,Industrial Services,Engineering & Construction,Industrials,accept
1RV,XETRA,"RHYTHM PHARMAC. DL-,001",1RV,"Rhythm Pharmaceuticals, Inc.",XETR,stock,US76243J1051,Health Technology,Pharmaceuticals: Major,Health Care,accept
1S2,XETRA,FIGMA INC. A O.N.,1S2,"Figma, Inc. Class A",XETR,stock,US3168411052,Technology Services,Packaged Software,Information Technology,accept
1SMA,XETRA,SMAG Mobile Antenna Masts AG,1SMA,SMAG Mobile Antenna Masts AG,XETR,stock,DE000A42FR12,Electronic Technology,Telecommunications Equipment,Information Technology,accept
1T1,XETRA,TECHNIPFMC PLC DL 1,1T1,TechnipFMC plc,XETR,stock,GB00BDSFG982,Industrial Services,Oilfield Services/Equipment,Industrials,accept
1VT,XETRA,"VIKING THERAPEUT.DL -,005",1VT,"Viking Therapeutics, Inc.",XETR,stock,US92686J1060,Health Technology,Pharmaceuticals: Major,Health Care,accept
1WF,XETRA,WAYFAIR INC. CL.A DL -001,1WF,"Wayfair, Inc. Class A",XETR,stock,US94419L1017,Retail Trade,Specialty Stores,Consumer Discretionary,accept
1XJ,XETRA,"VIPER ENERGY DL-,000001",1XJ,"Viper Energy, Inc.",XETR,stock,US64361Q1013,Miscellaneous,Investment Trusts/Mutual Funds,,unsupported_sector
20MICRONS,BSE_IN,20 Microns Ltd,20MICRONS,20 Microns Limited,BSE,stock,INE144J01027,Process Industries,Chemicals: Specialty,Materials,accept
21STCENMGM,BSE_IN,Twentyfirst Century Management Services Ltd,21STCENMGM,Twentyfirst Century Management Services Limited,BSE,stock,INE253B01015,Finance,Investment Banks/Brokers,Financials,accept
25M,XETRA,OPENDOOR TECHNOLOGIES INC,25M,Opendoor Technologies Inc,XETR,stock,US6837121036,Finance,Real Estate Development,Real Estate,accept
26CA,XETRA,"IMMUNITYBIO INC. DL-,0001",26CA,ImmunityBio Inc,XETR,stock,US45256X1037,Health Technology,Pharmaceuticals: Major,Health Care,accept
28K1,XETRA,"BIGBEAR.AI HOLD. DL-,0001",28K1,"BigBear.ai Holdings, Inc.",XETR,stock,US08975B1098,Technology Services,Packaged Software,Information Technology,accept
2BD,XETRA,"REDWIRE CORP.  DL -,0001",2BD,Redwire Corp,XETR,stock,US75776W1036,Electronic Technology,Aerospace & Defense,Industrials,accept
2BH,XETRA,"HCA HEALTHCARE INC.DL-,01",2BH,HCA Healthcare Inc,XETR,stock,US40412C1018,Health Services,Hospital/Nursing Management,Health Care,accept
2CL,XETRA,"BRIDGEBIO PHARMA  DL-,001",2CL,"BridgeBio Pharma, Inc.",XETR,stock,US10806X1028,Health Technology,Biotechnology,Health Care,accept
2ED,XETRA,"SOLAREDGE TECHN. DL-,0001",2ED,"SolarEdge Technologies, Inc.",XETR,stock,US83417M1045,Producer Manufacturing,Electrical Products,Industrials,accept
2HE,XETRA,"HEALTHEQUITY INC.DL-,0001",2HE,HealthEquity Inc,XETR,stock,US42226A1079,Finance,Investment Managers,Financials,accept
2HL,XETRA,"HOULIHAN LOKEY A  DL-,001",2HL,"Houlihan Lokey, Inc. Class A",XETR,stock,US4415931009,Finance,Investment Banks/Brokers,Financials,accept
2IL,XETRA,"INSTAL.BLDG PRODS DL -,01",2IL,"Installed Building Products, Inc.",XETR,stock,US45780R1014,Industrial Services,Engineering & Construction,Industrials,accept
2IS,XETRA,TRANE TECHNOLOG. PLC DL 1,2IS,Trane Technologies plc,XETR,stock,IE00BK9ZQ967,Producer Manufacturing,Industrial Machinery,Industrials,accept
2LO,XETRA,"LIBERTY ENERGY   A DL-,01",2LO,"Liberty Energy, Inc. Class A",XETR,stock,US53115L1044,Industrial Services,Oilfield Services/Equipment,Industrials,accept
2P,BVB,2PERFORMANT NETWORK SA,2P,2PERFORMANT NETWORK S.A.,BVB,stock,ROZMYY1W6LM9,,,,unsupported_sector
2SI,XETRA,"STIFEL FINL CORP.  DL-,15",2SI,Stifel Financial Corp,XETR,stock,US8606301021,Finance,Investment Managers,Financials,accept
2WY,XETRA,WYNDHAM HT + RSTS INC.,2WY,"Wyndham Hotels & Resorts, Inc.",XETR,stock,US98311A1051,Consumer Services,Hotels/Resorts/Cruise lines,Consumer Discretionary,accept
2Y7,XETRA,"FASTLY INC. CL.ADL-,00002",2Y7,"Fastly, Inc. Class A",XETR,stock,US31188V1008,Technology Services,Information Technology Services,Information Technology,accept
34U,XETRA,"ULTA BEAUTY DL-,01",34U,Ulta Beauty Inc.,XETR,stock,US90384S3031,Retail Trade,Specialty Stores,Consumer Discretionary,accept
360ONE,BSE_IN,360 ONE WAM LTD,360ONE,360 One Wam Limited,BSE,stock,INE466L01038,Finance,Investment Managers,Financials,accept
38D,XETRA,"GODADDY INC. CL.A DL-,001",38D,"GoDaddy, Inc. Class A",XETR,stock,US3802371076,Technology Services,Data Processing Services,Information Technology,accept
38I,XETRA,"INTELLIA THERAPEU  DL-,01",38I,"Intellia Therapeutics, Inc.",XETR,stock,US45826J1051,Health Technology,Biotechnology,Health Care,accept
3A9,XETRA,CIPHER DIGITAL INC.,3A9,Cipher Digital Inc.,XETR,stock,US17253J1060,Technology Services,Data Processing Services,Information Technology,accept
3BBLACKBIO,NSE_IN,3B Blackbio Dx Limited,3BBLACKBIO,3B BlackBio Dx Ltd,NSE,stock,INE994E01018,Process Industries,Chemicals: Agricultural,Materials,accept
3EC,XETRA,"EATON CORP.PLC    DL -,01",3EC,Eaton Corp. Plc,XETR,stock,IE00B8KQN827,Producer Manufacturing,Electrical Products,Industrials,accept
3HH,XETRA,"CHEWY INC.         DL-,01",3HH,"Chewy, Inc. Class A",XETR,stock,US16679L1098,Retail Trade,Internet Retail,Consumer Discretionary,accept
3HY,XETRA,SIRIUS XM HLDGS INC. O.N.,3HY,SiriusXM Holdings Inc.,XETR,stock,US8299331004,Consumer Services,Broadcasting,Communication Services,accept
3IINFOLTD,BSE_IN,3i Infotech Ltd,3IINFOLTD,3i Infotech Limited,BSE,stock,INE748C01038,Technology Services,Information Technology Services,Information Technology,accept
3MINDIA,BSE_IN,3M India Ltd,3MINDIA,3M India Limited,BSE,stock,INE470A01017,Producer Manufacturing,Industrial Conglomerates,Industrials,accept
3PL,XETRA,"PLANET FITNESS A DL-,0001",3PL,"Planet Fitness, Inc. Class A",XETR,stock,US72703H1014,Consumer Services,Other Consumer Services,Consumer Discretionary,accept
3PLAND,BSE_IN,3P Land Holdings Ltd,3PLAND,3P Land Holdings Limited,BSE,stock,INE105C01023,Finance,Real Estate Development,Real Estate,accept
3SM,XETRA,SMITH -A.O.- CORP.   DL 1,3SM,A. O. Smith Corporation,XETR,stock,US8318652091,Producer Manufacturing,Building Products,Industrials,accept
3UB,XETRA,UBIQUITI INC.,3UB,Ubiquiti Inc.,XETR,stock,US90353W1036,Electronic Technology,Telecommunications Equipment,Information Technology,accept
3UX,XETRA,"CLEANSPARK INC.  DL-,001",3UX,"Cleanspark, Inc.",XETR,stock,US18452B2097,Technology Services,Data Processing Services,Information Technology,accept
3VU,XETRA,CARLYLE GROUP INC.,3VU,Carlyle Group Inc,XETR,stock,US14316J1088,Finance,Investment Managers,Financials,accept
3ZU0,XETRA,"AST SPACEMOBIL.A DL-,0001",3ZU0,"AST SpaceMobile, Inc. Class A",XETR,stock,US00217D1000,Communications,Specialty Telecommunications,Communication Services,accept
43D,XETRA,"DARLING INGRED.INC.DL-,01",43D,Darling Ingredients Inc,XETR,stock,US2372661015,Consumer Non-Durables,Food: Specialty/Candy,Consumer Staples,accept
45C,XETRA,"CROWDSTRIKE HLD. DL-,0005",45C,"CrowdStrike Holdings, Inc. Class A",XETR,stock,US22788C1053,Technology Services,Packaged Software,Information Technology,accept
45E,XETRA,"NATERA INC.      DL-,0001",45E,"Natera, Inc.",XETR,stock,US6323071042,Health Technology,Biotechnology,Health Care,accept
47Q,XETRA,"OVINTIV INC.       DL-,01",47Q,Ovintiv Inc,XETR,stock,US69047Q1022,Energy Minerals,Integrated Oil,Energy,accept
48D,XETRA,ATLASSIAN CORP. CL.A,48D,Atlassian Corp Class A,XETR,stock,US0494681010,Technology Services,Packaged Software,Information Technology,accept
49G,XETRA,"ON HOLDING AG A SF-,01",49G,On Holding AG Class A,XETR,stock,CH1134540470,Consumer Non-Durables,Apparel/Footwear,Consumer Staples,accept
49V,XETRA,"VERTIV HOL.CL A DL-,0001",49V,Vertiv Holdings Co. Class A,XETR,stock,US92537N1081,Electronic Technology,Electronic Production Equipment,Information Technology,accept
4BW,XETRA,"BWX TECHS INC.     DL-,01",4BW,"BWX Technologies, Inc.",XETR,stock,US05605H1005,Electronic Technology,Aerospace & Defense,Industrials,accept
4J2,XETRA,"JONES LANG LASALLE DL-,01",4J2,Jones Lang LaSalle Incorporated,XETR,stock,US48020Q1076,Finance,Real Estate Development,Real Estate,accept
4KB,XETRA,"KRYSTAL BIOTECH DL-,00001",4KB,"Krystal Biotech, Inc.",XETR,stock,US5011471027,Health Technology,Biotechnology,Health Care,accept
4LT1,XETRA,NORTHERN OIL A.GAS DL-001,4LT1,"Northern Oil and Gas, Inc.",XETR,stock,US6655313079,Energy Minerals,Oil & Gas Production,Energy,accept
4RT,BVB,FORT SA,4RT,Fort SA,BVB,stock,RO9K85P2XSG3,,,,unsupported_sector
4T0,XETRA,"TRADEWEB MARKETS -,00001",4T0,"Tradeweb Markets, Inc. Class A",XETR,stock,US8926721064,Finance,Investment Banks/Brokers,Financials,accept
4VK,XETRA,"AON PLC A         DL -,01",4VK,Aon Plc Class A,XETR,stock,IE00BLP1HW54,Finance,Insurance Brokers/Services,Financials,accept
4XY,XETRA,API GROUP CORP.,4XY,APi Group Corporation,XETR,stock,US00187Y1001,Industrial Services,Engineering & Construction,Industrials,accept
526,XETRA,MONGODB INC. CL.A,526,"MongoDB, Inc. Class A",XETR,stock,US60937P1066,Technology Services,Packaged Software,Information Technology,accept
541,XETRA,"ADT INC.  DL-,01",541,"ADT, Inc.",XETR,stock,US00090Q1031,Commercial Services,Miscellaneous Commercial Services,Industrials,accept
55H0,XETRA,"MP MATERIALS A  DL -,0001",55H0,MP Materials Corp Class A,XETR,stock,US5533681012,Non-Energy Minerals,Other Metals/Minerals,Materials,accept
5B9,XETRA,BROADRIDGE FINL SOL.DL-01,5B9,"Broadridge Financial Solutions, Inc.",XETR,stock,US11133T1034,Technology Services,Information Technology Services,Information Technology,accept
5PAISA,BSE_IN,5paisa Capital Ltd,5PAISA,5paisa Capital Ltd.,BSE,stock,INE618L01018,Finance,Investment Banks/Brokers,Financials,accept
5PT,XETRA,"PROCORE TECH.INC.DL-,0001",5PT,Procore Technologies Inc,XETR,stock,US74275K1088,Technology Services,Packaged Software,Information Technology,accept
5QZ0,XETRA,"QUANTUMSCAPE  A  DL-,0001",5QZ0,QuantumScape Corporation Class A,XETR,stock,US74767V1098,Producer Manufacturing,Electrical Products,Industrials,accept
5VA,XETRA,"VAXCYTE INC.  DL -,001",5VA,"Vaxcyte, Inc.",XETR,stock,US92243G1085,Health Technology,Biotechnology,Health Care,accept
60A,XETRA,ALLEGION PLC         DL 1,60A,Allegion Public Limited Company,XETR,stock,IE00BFRT3W74,Consumer Durables,Tools & Hardware,Consumer Discretionary,accept
63MOONS,BSE_IN,63 Moons Technologies Ltd,63MOONS,63 Moons Technologies Ltd.,BSE,stock,INE111B01023,Technology Services,Packaged Software,Information Technology,accept
64B,XETRA,ASTERA LABS INC.  O.N.,64B,"Astera Labs, Inc.",XETR,stock,US04626A1034,Electronic Technology,Semiconductors,Information Technology,accept
68S,XETRA,"SOLARIS ENER.INF A DL-,01",68S,"Solaris Energy Infrastructure, Inc. Class A",XETR,stock,US83418M1036,Industrial Services,Oilfield Services/Equipment,Industrials,accept
6B0,XETRA,SOFI TECHNOLOGIES,6B0,SoFi Technologies Inc,XETR,stock,US83406F1021,Finance,Finance/Rental/Leasing,Financials,accept
6DA,XETRA,"ADVANCED DRAIN.SYS.DL-,01",6DA,"Advanced Drainage Systems, Inc.",XETR,stock,US00790R1041,Producer Manufacturing,Miscellaneous Manufacturing,Industrials,accept
6F1,XETRA,"FIVE BELOW INC.   DL -,01",6F1,"Five Below, Inc.",XETR,stock,US33829M1018,Retail Trade,Discount Stores,Consumer Discretionary,accept
6GJ,XETRA,"GLAUKOS CORP.     DL-,001",6GJ,Glaukos Corp,XETR,stock,US3773221029,Health Technology,Medical Specialties,Health Care,accept
6IC,XETRA,"IRIDIUM COMCTNS DL-,001",6IC,Iridium Communications Inc.,XETR,stock,US46269C1027,Communications,Specialty Telecommunications,Communication Services,accept
6PU,XETRA,EVERPURE INC CL.A DL-0001,6PU,"Everpure, Inc. Class A",XETR,stock,US74624M1027,Electronic Technology,Computer Peripherals,Information Technology,accept
6RJ0,XETRA,"ROCKET LAB CORP. DL-,0001",6RJ0,Rocket Lab Corporation,XETR,stock,US7731211089,Electronic Technology,Aerospace & Defense,Industrials,accept
6RV,XETRA,"APPLOVIN CORP.A  -,00003",6RV,AppLovin Corp. Class A,XETR,stock,US03831W1080,Technology Services,Packaged Software,Information Technology,accept
6V5,XETRA,"ALLEGRO MICROSYS.  DL-,01",6V5,"Allegro MicroSystems, Inc.",XETR,stock,US01749D1054,Electronic Technology,Semiconductors,Information Technology,accept
6VO,XETRA,REDDIT INC. CL.A,6VO,"Reddit, Inc. Class A",XETR,stock,US75734B1008,Technology Services,Internet Software/Services,Information Technology,accept
71Y,XETRA,"TOAST INC.CL.A DL-,000001",71Y,"Toast, Inc. Class A",XETR,stock,US8887871080,Technology Services,Packaged Software,Information Technology,accept
77F,XETRA,AURORA INNOVATION INC.,77F,"Aurora Innovation, Inc. Class A",XETR,stock,US0517741072,Technology Services,Packaged Software,Information Technology,accept
788,XETRA,"COUPANG INC.CL.A DL-,0001",788,"Coupang, Inc. Class A",XETR,stock,US22266T1097,Retail Trade,Internet Retail,Consumer Discretionary,accept
7A6,XETRA,"ANTERO RES CORP.  DL -,01",7A6,Antero Resources Corporation,XETR,stock,US03674X1063,Energy Minerals,Oil & Gas Production,Energy,accept
7B0,XETRA,"SENTINELONE INC.A -,0001",7B0,"SentinelOne, Inc. Class A",XETR,stock,US81730H1095,Technology Services,Packaged Software,Information Technology,accept
7DZ,XETRA,EXX.HO.COR. O.N.,7DZ,Exxonmobil Holdings Corporation,XETR,stock,US30233Q1085,Energy Minerals,Integrated Oil,Energy,accept
7FP,XETRA,"FRESHPET INC.     DL-,001",7FP,Freshpet Inc,XETR,stock,US3580391056,Consumer Non-Durables,Food: Specialty/Candy,Consumer Staples,accept
7J70,XETRA,"NAVITAS SEM.CL.A DL-,0001",7J70,Navitas Semiconductor Corporation,XETR,stock,US63942X1063,Electronic Technology,Semiconductors,Information Technology,accept
7KY,XETRA,"ROBINH.MKTS CL.A DL-,0001",7KY,"Robinhood Markets, Inc. Class A",XETR,stock,US7707001027,Finance,Investment Banks/Brokers,Financials,accept
7LI,XETRA,"LPL FINANCIAL HLDS DL-,01",7LI,LPL Financial Holdings Inc.,XETR,stock,US50212V1008,Finance,Investment Banks/Brokers,Financials,accept
7MR,XETRA,"MATADOR RESOURSES DL -,01",7MR,Matador Resources Company,XETR,stock,US5764852050,Energy Minerals,Integrated Oil,Energy,accept
7RA,XETRA,"ACADIA HEALTHCARE  DL-,01",7RA,"Acadia Healthcare Company, Inc.",XETR,stock,US00404A1097,Health Services,Medical/Nursing Services,Health Care,accept
7VR,XETRA,"CELCUITY INC.    DL -,001",7VR,Celcuity Inc.,XETR,stock,US15102K1007,Health Technology,Medical Specialties,Health Care,accept
7ZD,XETRA,CORE SCIENTIFIC NEW  O.N.,7ZD,Core Scientific Inc,XETR,stock,US21874A1060,Technology Services,Packaged Software,Information Technology,accept
801,XETRA,"AC.SPORT.+OUTD.INC DL-,01",801,"Academy Sports and Outdoors, Inc.",XETR,stock,US00402L1070,Retail Trade,Specialty Stores,Consumer Discretionary,accept
82W,XETRA,"HIMS+HERS HERS A DL-,0001",82W,"Hims & Hers Health, Inc. Class A",XETR,stock,US4330001060,Health Services,Medical/Nursing Services,Health Care,accept
847,XETRA,"SEAGATE TEC.HLD.DL-,00001",847,Seagate Technology Holdings PLC,XETR,stock,IE00BKVD2N49,Electronic Technology,Computer Peripherals,Information Technology,accept
855,XETRA,"UPSTART HOLDINGS DL-,0001",855,"Upstart Holdings, Inc.",XETR,stock,US91680M1071,Finance,Finance/Rental/Leasing,Financials,accept
85E,XETRA,"THE VITA COCO CO.INC.-,01",85E,"Vita Coco Company, Inc.",XETR,stock,US92846Q1076,Consumer Non-Durables,Food: Specialty/Candy,Consumer Staples,accept
85H1,XETRA,"PLANET LABS PBC A  -,0001",85H1,Planet Labs PBC Class A,XETR,stock,US72703X1063,Technology Services,Packaged Software,Information Technology,accept
87E,XETRA,DIANTHUS THERAPEUTICS,87E,"Dianthus Therapeutics, Inc.",XETR,stock,US2528281080,Health Technology,Biotechnology,Health Care,accept
89C,XETRA,FIREFLY AEROSPACE INC  ON,89C,"Firefly Aerospace, Inc.",XETR,stock,US31816X1063,Electronic Technology,Aerospace & Defense,Industrials,accept
8AK,XETRA,"ALKERMES PLC       DL-,01",8AK,Alkermes Public Limited Company,XETR,stock,IE00B56GVS15,Health Technology,Pharmaceuticals: Major,Health Care,accept
8BJ,XETRA,"BJ'S WHOLESALE C.H.DL-,01",8BJ,"BJ's Wholesale Club Holdings, Inc.",XETR,stock,US05550J1016,Retail Trade,Specialty Stores,Consumer Discretionary,accept
8CF,XETRA,"CLOUDFLARE INC. A DL-,001",8CF,Cloudflare Inc Class A,XETR,stock,US18915M1071,Technology Services,Information Technology Services,Information Technology,accept
8EO,XETRA,"ZETA GLOBAL HLD.A DL-,001",8EO,Zeta Global Holdings Corp. Class A,XETR,stock,US98956A1051,Technology Services,Packaged Software,Information Technology,accept
8K2,XETRA,"GITLAB CL.A   DL-,0000025",8K2,"Gitlab, Inc. Class A",XETR,stock,US37637K1088,Technology Services,Packaged Software,Information Technology,accept
8T8,XETRA,TRANSMEDICS GROUP,8T8,"TransMedics Group, Inc.",XETR,stock,US89377M1099,Health Technology,Medical Specialties,Health Care,accept
8TQ,XETRA,"JOBY AVIATION    DL-,0001",8TQ,"Joby Aviation, Inc.",XETR,stock,KYG651631007,Electronic Technology,Aerospace & Defense,Industrials,accept
8W80,XETRA,SMARTBIRD INC. CL.A,8W80,"Smartbird, Inc. Class A",XETR,stock,US01675A2087,Technology Services,Data Processing Services,Information Technology,accept
91A,XETRA,ARMSTRONG WLD IND. NEW,91A,"Armstrong World Industries, Inc.",XETR,stock,US04247X1028,Producer Manufacturing,Miscellaneous Manufacturing,Industrials,accept
91D,XETRA,"COMPASS INC.CL.A -,00001",91D,Compass Inc Class A,XETR,stock,US20464U1007,Finance,Real Estate Development,Real Estate,accept
98W,XETRA,"FLUENCE ENER. CL.A-,00001",98W,"Fluence Energy, Inc. Class A",XETR,stock,US34379V1035,Producer Manufacturing,Electrical Products,Industrials,accept
99U,XETRA,"RIVIAN AUTOMOT.A DL-,0001",99U,"Rivian Automotive, Inc. Class A",XETR,stock,US76954A1034,Consumer Durables,Motor Vehicles,Consumer Discretionary,accept
9CF,XETRA,"COMFORT SYST. USA  DL-,01",9CF,"Comfort Systems USA, Inc.",XETR,stock,US1999081045,Industrial Services,Engineering & Construction,Industrials,accept
9SH,XETRA,"SHAKE SHACK INC. A DL-,01",9SH,"Shake Shack, Inc. Class A",XETR,stock,US8190471016,Consumer Services,Restaurants,Consumer Discretionary,accept
9UV,XETRA,"UIPATH INC.   A DL-,00001",9UV,"UiPath, Inc. Class A",XETR,stock,US90364P1057,Technology Services,Packaged Software,Information Technology,accept
9VY,XETRA,"OSCAR HEALTH CL.A -,00001",9VY,"Oscar Health, Inc. Class A",XETR,stock,US6877931096,Health Services,Managed Health Care,Health Care,accept
9WY,XETRA,"TEXAS PAC.LD CORP. DL-,01",9WY,Texas Pacific Land Corporation,XETR,stock,US88262P1021,Miscellaneous,Investment Trusts/Mutual Funds,,unsupported_sector
A00,XETRA,"RIGETTI COMPUTNG DL-,0001",A00,"Rigetti Computing, Inc.",XETR,stock,US76655K1034,Electronic Technology,Computer Processing Hardware,Information Technology,accept
A1C0,XETRA,"ARCHER AVIATION  A -,0001",A1C0,Archer Aviation Inc Class A,XETR,stock,US03945R1023,Electronic Technology,Aerospace & Defense,Industrials,accept
A1G,XETRA,AMERICAN AIRLINES GRP,A1G,American Airlines Group Inc.,XETR,stock,US02376R1023,Transportation,Airlines,Industrials,accept
A1O,XETRA,ALL FOR ONE GROUP NA VERK,A1O,All for One Group SE TEMP,XETR,stock,DE000A41YH20,Commercial Services,Miscellaneous Commercial Services,Industrials,accept
A2A,XETRA,"ESSENTIAL UTILIC.  DL-,50",A2A,"Essential Utilities, Inc.",XETR,stock,US29670G1022,Utilities,Water Utilities,Utilities,accept
A2ZINFRA,NSE_IN,A2Z Infra Engineering Limited,A2ZINFRA,A2Z Infra Engineering Limited,NSE,stock,INE619I01012,Industrial Services,Engineering & Construction,Industrials,accept
A59,XETRA,"APPLIED OPTOELECT.DL-,001",A59,"Applied Optoelectronics, Inc.",XETR,stock,US03823U1025,Electronic Technology,Semiconductors,Information Technology,accept
A83,XETRA,"CRESCENT ENER. A DL-,04",A83,Crescent Energy Company Class A,XETR,stock,US44952J1043,Energy Minerals,Integrated Oil,Energy,accept
A8E,XETRA,"SOLSTICE ADV.MTLS DL-,001",A8E,"Solstice Advanced Materials, Inc.",XETR,stock,US83443Q1031,Process Industries,Chemicals: Major Diversified,Materials,accept
AAATECH,BSE_IN,AAA Technologies Ltd,AAATECH,AAA Technologies Ltd.,BSE,stock,INE0D0U01013,Technology Services,Information Technology Services,Information Technology,accept
AADHARHFC,BSE_IN,Aadhar Housing Finance Ltd,AADHARHFC,Aadhar Housing Finance Ltd,BSE,stock,INE883F01010,Finance,Finance/Rental/Leasing,Financials,accept
AAO,XETRA,"AAON INC.         DL-,004",AAO,"AAON, Inc.",XETR,stock,US0003602069,Producer Manufacturing,Industrial Machinery,Industrials,accept
AAREYDRUGS,BSE_IN,Aarey Drugs & Pharmaceuticals Ltd,AAREYDRUGS,Aarey Drugs & Pharmaceuticals Ltd.,BSE,stock,INE198H01019,Health Technology,Pharmaceuticals: Major,Health Care,accept
AARNAV,BSE_IN,Aarnav Fashions Ltd,AARNAV,Aarnav Fashions Ltd.,BSE,stock,INE750R01016,Finance,Investment Banks/Brokers,Financials,accept
AARTECH,BSE_IN,Aartech Solonics Ltd,AARTECH,Aartech Solonics Ltd.,BSE,stock,INE01C001026,Commercial Services,Miscellaneous Commercial Services,Industrials,accept
AARTIDRUGS,BSE_IN,Aarti Drugs Ltd,AARTIDRUGS,Aarti Drugs Limited,BSE,stock,INE767A01016,Health Technology,Pharmaceuticals: Major,Health Care,accept
AARTIIND,BSE_IN,Aarti Industries Ltd,AARTIIND,AARTI Industries Ltd,BSE,stock,INE769A01020,Process Industries,Chemicals: Major Diversified,Materials,accept
AARTIPHARM,BSE_IN,Aarti Pharmalabs Ltd,AARTIPHARM,Aarti Pharmalabs Limited,BSE,stock,INE0LRU01027,Health Technology,Pharmaceuticals: Major,Health Care,accept
AARTISURF,BSE_IN,Aarti Surfactants Ltd,AARTISURF,Aarti Surfactants Ltd.,BSE,stock,INE09EO01013,Process Industries,Chemicals: Major Diversified,Materials,accept
AARVI,BSE_IN,Aarvi Encon Ltd,AARVI,Aarvi Encon Ltd.,BSE,stock,INE754X01016,Commercial Services,Personnel Services,Industrials,accept
AASTHA,BSE_IN,Aastha Spintex Ltd,AASTHA,Aastha Spintex Limited,BSE,stock,INE2FMX01012,Process Industries,Textiles,Materials,accept
AASTHA,NSE_IN,Aastha Spintex Limited,AASTHA,Aastha Spintex Limited,NSE,stock,INE2FMX01012,Process Industries,Textiles,Materials,accept
AAVAS,BSE_IN,AAVAS Financiers Ltd,AAVAS,Aavas Financiers Ltd.,BSE,stock,INE216P01012,Finance,Finance/Rental/Leasing,Financials,accept
ABAN,NSE_IN,Aban Offshore Limited,ABAN,Aban Offshore Limited,NSE,stock,INE421A01028,Industrial Services,Contract Drilling,Industrials,accept
ABANSENT,NSE_IN,Abans Enterprises Limited,ABANSENT,ABans Enterprises Ltd.,NSE,stock,INE365O01028,Distribution Services,Wholesale Distributors,Industrials,accept
ABB,BSE_IN,ABB India Ltd,ABB,ABB India Limited,BSE,stock,INE117A01022,Producer Manufacturing,Electrical Products,Industrials,accept
ABBOTINDIA,BSE_IN,Abbott India Ltd,ABBOTINDIA,Abbott India Limited,BSE,stock,INE358A01014,Health Technology,Pharmaceuticals: Major,Health Care,accept
ABCAPITAL,BSE_IN,Aditya Birla Capital Ltd,ABCAPITAL,Aditya Birla Capital Ltd.,BSE,stock,INE674K01013,Finance,Multi-Line Insurance,Financials,accept
ABCOTS,BSE_IN,A B Cotspin India Ltd,ABCOTS,AB Cotspin India Ltd.,BSE,stock,INE08PH01015,Consumer Non-Durables,Apparel/Footwear,Consumer Staples,accept
ABCOTS,NSE_IN,A B Cotspin India Limited,ABCOTS,AB Cotspin India Ltd.,NSE,stock,INE08PH01015,Consumer Non-Durables,Apparel/Footwear,Consumer Staples,accept
ABDL,BSE_IN,Allied Blenders and Distillers Ltd,ABDL,Allied Blenders and Distillers Limited,BSE,stock,INE552Z01027,Consumer Non-Durables,Beverages: Alcoholic,Consumer Staples,accept
ABFRL,BSE_IN,Aditya Birla Fashion and Retail Ltd,ABFRL,Aditya Birla Fashion and Retail Ltd,BSE,stock,INE647O01011,Retail Trade,Apparel/Footwear Retail,Consumer Discretionary,accept
ABH,NSE_IN,ABH Healthcare Limited,ABH,ABH Healthcare Limited,NSE,stock,INE1R2M01019,Health Services,Hospital/Nursing Management,Health Care,accept
ABINFRA,BSE_IN,A B Infrabuild Ltd,ABINFRA,A B Infrabuild Ltd,BSE,stock,INE00YB01025,Industrial Services,Engineering & Construction,Industrials,accept
ABINFRA,NSE_IN,A B Infrabuild Limited,ABINFRA,A B Infrabuild Ltd,NSE,stock,INE00YB01025,Industrial Services,Engineering & Construction,Industrials,accept
ABLBL,BSE_IN,Aditya Birla Lifestyle Brands Ltd,ABLBL,Aditya Birla Lifestyle Brands Limited,BSE,stock,INE14LE01019,Retail Trade,Apparel/Footwear Retail,Consumer Discretionary,accept
ABMKNO,NSE_IN,ABM Knowledgeware Limited,ABMKNO,ABM Knowledgeware Limited,NSE,stock,INE850B01026,Technology Services,Packaged Software,Information Technology,accept
ABREL,BSE_IN,Aditya Birla Real Estate Ltd,ABREL,Aditya Birla Real Estate Ltd,BSE,stock,INE055A01016,Process Industries,Textiles,Materials,accept
ABSLAMC,BSE_IN,Aditya Birla Sun Life AMC Ltd,ABSLAMC,Aditya Birla Sun Life Amc Limited,BSE,stock,INE404A01024,Technology Services,Internet Software/Services,Information Technology,accept
ACC,BSE_IN,ACC Ltd,ACC,ACC Limited,BSE,stock,INE012A01025,Non-Energy Minerals,Construction Materials,Materials,accept
ACCELYA,BSE_IN,Accelya Solutions India Ltd,ACCELYA,Accelya Solutions India Ltd.,BSE,stock,INE793A01012,Technology Services,Packaged Software,Information Technology,accept
ACCURACY,BSE_IN,Accuracy Shipping Ltd,ACCURACY,Accuracy Shipping Ltd.,BSE,stock,INE648Z01023,Transportation,Air Freight/Couriers,Industrials,accept
ACCV,NASDAQ,Accelevation Holdings Corp. - Class A ordinary shares,ACCV,Accelevation Holdings Corp. Class A,NASDAQ,stock,US0049661079,Producer Manufacturing,Electrical Products,Industrials,accept
ACE,BSE_IN,Action Construction Equipment Ltd,ACE,Action Construction Equipment Limited,BSE,stock,INE731H01025,Producer Manufacturing,Trucks/Construction/Farm Machinery,Industrials,accept
ACGL,NSE_IN,Automobile Corporation of Goa Limited,ACGL,Automobile Corporation of Goa Limited,NSE,stock,INE451C01013,Producer Manufacturing,Auto Parts: OEM,Industrials,accept
ACI,BSE_IN,Archean Chemical Industries Ltd,ACI,Archean Chemical Industries Ltd.,BSE,stock,INE128X01021,Process Industries,Chemicals: Major Diversified,Materials,accept
ACMESOLAR,BSE_IN,ACME Solar Holdings Ltd,ACMESOLAR,ACME Solar Holdings Ltd.,BSE,stock,INE622W01025,Industrial Services,Engineering & Construction,Industrials,accept
ACSTECH,NSE_IN,ACS Technologies Limited,ACSTECH,ACS Technologies Ltd,NSE,stock,INE366C01021,Process Industries,Textiles,Materials,accept
ACT0,XETRA,ALZCHEM GROUP AG NA O.N.,ACT0,Alzchem Group AG,XETR,stock,DE000A41YHG1,Process Industries,Chemicals: Major Diversified,Materials,accept
ACUTAAS,BSE_IN,Acutaas Chemicals Ltd,ACUTAAS,Acutaas Chemicals Ltd,BSE,stock,INE00FF01025,Health Technology,Pharmaceuticals: Major,Health Care,accept
ADANIENSOL,BSE_IN,Adani Energy Solutions Ltd,ADANIENSOL,Adani Energy Solutions Ltd,BSE,stock,INE931S01010,Utilities,Electric Utilities,Utilities,accept
ADANIENT,BSE_IN,Adani Enterprises Ltd,ADANIENT,Adani Enterprises Limited,BSE,stock,INE423A01024,Distribution Services,Wholesale Distributors,Industrials,accept
ADANIGREEN,BSE_IN,Adani Green Energy Ltd,ADANIGREEN,Adani Green Energy Limited,BSE,stock,INE364U01010,Utilities,Alternative Power Generation,Utilities,accept
ADANIPORTS,BSE_IN,Adani Ports and Special Economic Zone Ltd,ADANIPORTS,Adani Ports & Special Economic Zone Ltd,BSE,stock,INE742F01042,Transportation,Other Transportation,Industrials,accept
ADANIPOWER,BSE_IN,Adani Power Ltd,ADANIPOWER,Adani Power Limited,BSE,stock,INE814H01029,Utilities,Electric Utilities,Utilities,accept
ADBT,NASDAQ,"Advasa Holdings, Inc. - Common stock",ADBT,"Advasa Holdings, Inc.",NASDAQ,stock,US00783R1032,Technology Services,Packaged Software,Information Technology,accept
ADC,XETRA,ADCAPITAL AG,,,,,,,,,no_tradingview_match
ADDIND,NSE_IN,Addi Industries Limited,ADDIND,Addi Industries Limited,NSE,stock,INE757C01021,Process Industries,Textiles,Materials,accept
ADFFOODS,BSE_IN,Adf Foods Ltd,ADFFOODS,ADF Foods Limited,BSE,stock,INE982B01027,Consumer Non-Durables,Food: Specialty/Candy,Consumer Staples,accept
ADISOFT,NSE_IN,Adisoft Technologies Limited,ADISOFT,Adisoft Technologies Limited,NSE,stock,INE20PL01012,Producer Manufacturing,Industrial Machinery,Industrials,accept
ADISS,BVB,ADISS,ADISS,Adiss SA,BVB,stock,ROL8TEGLBRX2,,,,unsupported_sector
ADL,BSE_IN,Archidply Decor Ltd,ADL,Archidply Decor Ltd,BSE,stock,INE0CHO01012,Commercial Services,Miscellaneous Commercial Services,Industrials,accept
ADM,XETRA,Archer-Daniels-Midland Company,,,,,,,,,no_tradingview_match
ADMY,BVB,ADMET SA GALATI,ADMY,Admet SA Galati,BVB,stock,ROADMYACNOR7,Non-Energy Minerals,Other Metals/Minerals,Materials,accept
ADON,BSE_IN,Adon Agro Commodities Ltd,ADON,Adon Agro Commodities Limited,BSE,stock,INE1SME01017,Distribution Services,Food Distributors,Consumer Staples,accept
ADOR,NSE_IN,Ador Welding Limited,ADOR,Ador Welding Limited,NSE,stock,INE045A01017,Producer Manufacturing,Miscellaneous Manufacturing,Industrials,accept
ADP,XETRA,"AUTOM. DATA PROC. DL -,10",ADP,"Automatic Data Processing, Inc.",XETR,stock,US0530151036,Technology Services,Packaged Software,Information Technology,accept
ADROITINFO,BSE_IN,Adroit Infotech Ltd,ADROITINFO,Adroit Infotech Limited,BSE,stock,INE737B01033,Commercial Services,Miscellaneous Commercial Services,Industrials,accept
ADRX,NASDAQ,"ADARx Pharmaceuticals, Inc. - Common stock",ADRX,"ADARx Pharmaceuticals, Inc.",NASDAQ,stock,US00654F1057,Health Technology,Biotechnology,Health Care,accept
ADS,BVB,ADIDAS AG,ADS,adidas AG,BVB,stock,DE000A1EWWW0,Consumer Non-Durables,Apparel/Footwear,Consumer Staples,accept
ADSL,BSE_IN,Allied Digital Services Ltd,ADSL,Allied Digital Services Limited,BSE,stock,INE102I01027,Technology Services,Information Technology Services,Information Technology,accept
ADVAIT,BSE_IN,Advait Energy Transitions Ltd,ADVAIT,Advait Energy Transitions Ltd,BSE,stock,INE0ALI01010,Producer Manufacturing,Electrical Products,Industrials,accept
ADVAIT,NSE_IN,Advait Energy Transitions Limited,ADVAIT,Advait Energy Transitions Ltd,NSE,stock,INE0ALI01010,Producer Manufacturing,Electrical Products,Industrials,accept
ADVANCE,BSE_IN,Advance Agrolife Ltd,ADVANCE,Advance Agrolife Ltd.,BSE,stock,INE1B0W01010,Process Industries,Chemicals: Agricultural,Materials,accept
ADVANCE,NSE_IN,Advance Agrolife Limited,ADVANCE,Advance Agrolife Ltd.,NSE,stock,INE1B0W01010,Process Industries,Chemicals: Agricultural,Materials,accept
ADVANCETL,BSE_IN,Advance Technoforge Ltd,ADVANCETL,Advance Technoforge Limited,BSE,stock,INE13ZJ01010,Producer Manufacturing,Metal Fabrication,Industrials,accept
ADVANIHOTR,BSE_IN,Advani Hotels & Resorts (India) Ltd,ADVANIHOTR,Advani Hotels & Resorts (India) Ltd.,BSE,stock,INE199C01026,Consumer Services,Hotels/Resorts/Cruise lines,Consumer Discretionary,accept
ADVENTHTL,BSE_IN,Advent Hotels International Ltd,ADVENTHTL,Advent Hotels International Limited,BSE,stock,INE28GN01010,Consumer Services,Hotels/Resorts/Cruise lines,Consumer Discretionary,accept
ADVENTHTL,NSE_IN,Advent Hotels International Limited,ADVENTHTL,Advent Hotels International Limited,NSE,stock,INE28GN01010,Consumer Services,Hotels/Resorts/Cruise lines,Consumer Discretionary,accept
ADVENZYMES,BSE_IN,Advanced Enzyme Technologies Ltd,ADVENZYMES,Advanced Enzyme Technologies Ltd,BSE,stock,INE837H01020,Consumer Non-Durables,Food: Specialty/Candy,Consumer Staples,accept
ADVIKCA,NSE_IN,Advik Capital Limited,ADVIKCA,Advik Capital Ltd,NSE,stock,INE178T01024,Finance,Investment Managers,Financials,accept
AEGEUS,BSE_IN,Aegeus Technologies Ltd,AEGEUS,Aegeus Technologies Limited,BSE,stock,INE0WR901013,Producer Manufacturing,Industrial Machinery,Industrials,accept
AEGISLOG,BSE_IN,Aegis Logistics Ltd,AEGISLOG,Aegis Logistics Limited,BSE,stock,INE208C01025,Distribution Services,Wholesale Distributors,Industrials,accept
AEGISVOPAK,BSE_IN,Aegis Vopak Terminals Ltd,AEGISVOPAK,Aegis Vopak Terminals Limited,BSE,stock,INE0INX01018,Transportation,Air Freight/Couriers,Industrials,accept
AEP,XETRA,"AMER. EL. PWR     DL 6,50",AEP,"American Electric Power Company, Inc.",XETR,stock,US0255371017,Utilities,Electric Utilities,Utilities,accept
AEPL,BSE_IN,Artemis Electricals and Projects Ltd,AEPL,Artemis Electricals & Projects Limited,BSE,stock,INE757T01025,Producer Manufacturing,Electrical Products,Industrials,accept
AEPL,NSE_IN,Artemis Electricals and Projects Limited,AEPL,Artemis Electricals & Projects Limited,NSE,stock,INE757T01025,Producer Manufacturing,Electrical Products,Industrials,accept
AEQUS,BSE_IN,Aequs Ltd,AEQUS,Aequs Ltd.,BSE,stock,INE947N01017,Electronic Technology,Aerospace & Defense,Industrials,accept
AEQUS,NSE_IN,Aequs Limited,AEQUS,Aequs Ltd.,NSE,stock,INE947N01017,Electronic Technology,Aerospace & Defense,Industrials,accept
AEROENTER,BSE_IN,Aeroflex Enterprises Ltd,AEROENTER,Aeroflex Enterprises Ltd,BSE,stock,INE065D01027,Producer Manufacturing,Industrial Machinery,Industrials,accept
AEROFLEX,BSE_IN,Aeroflex Industries Ltd,AEROFLEX,Aeroflex Industries Ltd.,BSE,stock,INE024001021,Producer Manufacturing,Industrial Machinery,Industrials,accept
AERONEU,BSE_IN,Aeroflex Neu Ltd,AERONEU,Aeroflex Neu Limited,BSE,stock,INE035801013,Process Industries,Containers/Packaging,Materials,accept
AERONEU,NSE_IN,Aeroflex Neu Limited,AERONEU,Aeroflex Neu Limited,NSE,stock,INE035801013,Process Industries,Containers/Packaging,Materials,accept
AEROPLANE,BSE_IN,Amir Chand Jagdish Kumar (Exports) Ltd,AEROPLANE,Amir Chand Jagdish Kumar (Exports) Limited,BSE,stock,INE05TO01019,Process Industries,Agricultural Commodities/Milling,Consumer Staples,accept
AEROPLANE,NSE_IN,Amir Chand Jagdish Kumar (Exports) Limited,AEROPLANE,Amir Chand Jagdish Kumar (Exports) Limited,NSE,stock,INE05TO01019,Process Industries,Agricultural Commodities/Milling,Consumer Staples,accept
AETHER,BSE_IN,Aether Industries Ltd,AETHER,Aether Industries Ltd.,BSE,stock,INE0BWX01014,Process Industries,Chemicals: Major Diversified,Materials,accept
AEU,XETRA,"PRYSMIAN S.P.A.   EO 0,10",AEU,Prysmian S.p.A.,XETR,stock,IT0004176001,Producer Manufacturing,Electrical Products,Industrials,accept
AEX,XETRA,"CHUBB LTD.       SF 24,15",AEX,Chubb Limited,XETR,stock,CH0044328745,Finance,Property/Casualty Insurance,Financials,accept
AFCONS,BSE_IN,Afcons Infrastructure Ltd,AFCONS,Afcons Infrastructure Limited,BSE,stock,INE101I01011,Industrial Services,Engineering & Construction,Industrials,accept
AFFLE,BSE_IN,Affle 3I Ltd,AFFLE,Affle 3i Limited,BSE,stock,INE00WC01027,Technology Services,Packaged Software,Information Technology,accept
AFFORDABLE,BSE_IN,Affordable Robotic & Automation Ltd,AFFORDABLE,Affordable Robotic & Automation Ltd.,BSE,stock,INE692Z01013,Producer Manufacturing,Industrial Machinery,Industrials,accept
AFFORDABLE,NSE_IN,Affordable Robotic & Automation Limited,AFFORDABLE,Affordable Robotic & Automation Ltd.,NSE,stock,INE692Z01013,Producer Manufacturing,Industrial Machinery,Industrials,accept
AFG,XETRA,AMER. EAGLE OUTFITTERS,AFG,"American Eagle Outfitters, Inc.",XETR,stock,US02553E1064,Retail Trade,Apparel/Footwear Retail,Consumer Discretionary,accept
AFIL,NSE_IN,Akme Fintrade (India) Limited,AFIL,Akme Fintrade (India) Limited,NSE,stock,INE916Y01027,Technology Services,Internet Software/Services,Information Technology,accept
AFLTD,BSE_IN,Autofurnish Ltd,AFLTD,Autofurnish Limited,BSE,stock,INE18HI01019,Producer Manufacturing,Auto Parts: OEM,Industrials,accept
AFS,XETRA,AFFILIATED MGRS GRP,AFS,"Affiliated Managers Group, Inc.",XETR,stock,US0082521081,Finance,Investment Managers,Financials,accept
AFSL,BSE_IN,Abans Financial Services Ltd,AFSL,Abans Financial Services Ltd,BSE,stock,INE00ZE01026,Finance,Investment Managers,Financials,accept
AFSL,NSE_IN,Abans Financial Services Limited,AFSL,Abans Financial Services Ltd,NSE,stock,INE00ZE01026,Finance,Investment Managers,Financials,accept
AFT,XETRA,ABERCROMBIE + FITCH A,AFT,Abercrombie & Fitch Co. Class A,XETR,stock,US0028962076,Retail Trade,Apparel/Footwear Retail,Consumer Discretionary,accept
AG8,XETRA,"AGILENT TECHS INC. DL-,01",AG8,"Agilent Technologies, Inc.",XETR,stock,US00846U1016,Health Technology,Medical Specialties,Health Care,accept
AGARIND,BSE_IN,Agarwal Industrial Corporation Ltd,AGARIND,Agarwal Industrial Corporation Limited,BSE,stock,INE204E01012,Process Industries,Chemicals: Specialty,Materials,accept
AGARWALEYE,BSE_IN,Dr. Agarwals Health Care Ltd,AGARWALEYE,Dr. Agarwal's Health Care Ltd.,BSE,stock,INE943P01029,Health Services,Medical/Nursing Services,Health Care,accept
AGARWALEYE,NSE_IN,Dr. Agarwal's Health Care Limited,AGARWALEYE,Dr. Agarwal's Health Care Ltd.,NSE,stock,INE943P01029,Health Services,Medical/Nursing Services,Health Care,accept
AGASTYAEN,NSE_IN,Agastya Energy and Infrastructure Limited,AGASTYAEN,Agastya Energy and Infrastructure Limited,NSE,stock,INE753W01010,Process Industries,Chemicals: Specialty,Materials,accept
AGCM,BVB,AGROMEC SA CIOROGARLA,,,,,,,,,no_tradingview_match
AGI,BSE_IN,Agi Greenpac Ltd,AGI,AGI Greenpac Limited,BSE,stock,INE415A01038,Process Industries,Containers/Packaging,Materials,accept
AGIIL,BSE_IN,AGI Infra Ltd,AGIIL,Agi Infra Ltd.,BSE,stock,INE976R01033,Finance,Real Estate Development,Real Estate,accept
AGRITECH,BSE_IN,Agri- Tech (India) Ltd,AGRITECH,Agri-Tech (India) Ltd.,BSE,stock,INE449G01018,Process Industries,Agricultural Commodities/Milling,Consumer Staples,accept
AGSTRA,NSE_IN,AGS Transact Technologies Limited,AGSTRA,AGS Transact Technologies Ltd.,NSE,stock,INE583L01014,Commercial Services,Miscellaneous Commercial Services,Industrials,accept
AHLEAST,BSE_IN,Asian Hotels (East) Ltd,AHLEAST,Asian Hotels (East) Limited,BSE,stock,INE926K01017,Consumer Services,Hotels/Resorts/Cruise lines,Consumer Discretionary,accept
AHLUCONT,BSE_IN,Ahluwalia Contracts (India) Ltd,AHLUCONT,Ahluwalia Contracts (India) Limited,BSE,stock,INE758C01029,Industrial Services,Engineering & Construction,Industrials,accept
AHLWEST,BSE_IN,Asian Hotels (West) Ltd,AHLWEST,Asian Hotels (West) Limited,BSE,stock,INE915K01010,Consumer Services,Hotels/Resorts/Cruise lines,Consumer Discretionary,accept
AHV,XETRA,"AXT INC.          DL-,001",AHV,"AXT, Inc.",XETR,stock,US00246W1036,Electronic Technology,Electronic Production Equipment,Information Technology,accept
AIAENG,BSE_IN,AIA Engineering Ltd,AIAENG,AIA Engineering Limited,BSE,stock,INE212H01026,Producer Manufacturing,Industrial Machinery,Industrials,accept
AIIL,BSE_IN,Authum Investment & Infrastructure Ltd,AIIL,Authum Investment & Infrastucture Ltd,BSE,stock,INE206F01022,Finance,Financial Conglomerates,,unsupported_sector
AIM,TSX,Aimia Inc,AIM,Aimia Inc.,TSX,stock,CA00900Q1037,Finance,Financial Conglomerates,,unsupported_sector
AIRAN,BSE_IN,Airan Ltd,AIRAN,Airan Ltd.,BSE,stock,INE645W01026,Technology Services,Information Technology Services,Information Technology,accept
AJANTPHARM,BSE_IN,Ajanta Pharma Ltd,AJANTPHARM,Ajanta Pharma Limited,BSE,stock,INE031B01049,Health Technology,Pharmaceuticals: Major,Health Care,accept
AJAXENGG,BSE_IN,AJAX Engineering Ltd,AJAXENGG,Ajax Engineering Ltd.,BSE,stock,INE274Y01021,Producer Manufacturing,Trucks/Construction/Farm Machinery,Industrials,accept
AJAXENGG,NSE_IN,Ajax Engineering Limited,AJAXENGG,Ajax Engineering Ltd.,NSE,stock,INE274Y01021,Producer Manufacturing,Trucks/Construction/Farm Machinery,Industrials,accept
AJMERA,BSE_IN,Ajmera Realty & Infra India Ltd,AJMERA,Ajmera Realty & Infra India Ltd,BSE,stock,INE298G01035,Finance,Real Estate Development,Real Estate,accept
AKCAPIT,NSE_IN,AK Capital Services Limited,AKCAPIT,A. K. Capital Services Ltd.,NSE,stock,INE701G01012,Finance,Investment Banks/Brokers,Financials,accept
AKI,NSE_IN,AKI India Limited,AKI,Aki India Limited,NSE,stock,INE642Z01026,Process Industries,Textiles,Materials,accept
AKSHAR,NSE_IN,Akshar Spintex Limited,AKSHAR,Akshar Spintex Ltd.,NSE,stock,INE256Z01025,Process Industries,Textiles,Materials,accept
AKSHARCHEM,BSE_IN,AksharChem India Ltd,AKSHARCHEM,AksharChem India Ltd.,BSE,stock,INE542B01011,Process Industries,Chemicals: Specialty,Materials,accept
AKSHOPTFBR,BSE_IN,Aksh Optifibre Ltd,AKSHOPTFBR,Aksh Optifibre Limited,BSE,stock,INE523B01011,Electronic Technology,Telecommunications Equipment,Information Technology,accept
AKUMS,BSE_IN,Akums Drugs and Pharmaceuticals Ltd,AKUMS,Akums Drugs and Pharmaceuticals Limited,BSE,stock,INE09XN01023,Health Technology,Biotechnology,Health Care,accept
ALANKIT,BSE_IN,Alankit Ltd,ALANKIT,Alankit Limited,BSE,stock,INE914E01040,Technology Services,Internet Software/Services,Information Technology,accept
ALBERTDAVD,BSE_IN,Albert David Ltd,ALBERTDAVD,Albert David Ltd,BSE,stock,INE155C01010,Health Technology,Pharmaceuticals: Major,Health Care,accept
ALCQ,BVB,ALCOM SA TIMISOARA,ALCQ,Alcom SA,BVB,stock,ROALCQACNOR7,Finance,Real Estate Development,Real Estate,accept
ALD0,XETRA,HONEYWELL INTL NEW O.N.,ALD0,Honeywell International Inc.,XETR,stock,US4385162056,Producer Manufacturing,Industrial Machinery,Industrials,accept
ALDANI,BVB,ALDANI MASTER CAPITAL S.A.,ALDANI,Aldani Master Capital SA,BVB,stock,ROAGQRACNOR5,Finance,Real Estate Development,Real Estate,accept
ALEMBICLTD,BSE_IN,Alembic Ltd,ALEMBICLTD,Alembic Limited,BSE,stock,INE426A01027,Health Technology,Pharmaceuticals: Major,Health Care,accept
ALFREDHE,NSE_IN,Alfred Herbert India Limited,ALFREDHE,Alfred Herbert (India) Ltd.,NSE,stock,INE782D01027,Producer Manufacturing,Industrial Machinery,Industrials,accept
ALGOQUANT,BSE_IN,Algoquant Fintech Ltd,ALGOQUANT,Algoquant Fintech Limited,BSE,stock,INE598D01035,Finance,Investment Banks/Brokers,Financials,accept
ALGOQUANT,NSE_IN,Algoquant Fintech Limited,ALGOQUANT,Algoquant Fintech Limited,NSE,stock,INE598D01035,Finance,Investment Banks/Brokers,Financials,accept
ALICON,BSE_IN,Alicon Castalloy Ltd,ALICON,Alicon Castalloy Limited,BSE,stock,INE062D01024,Producer Manufacturing,Auto Parts: OEM,Industrials,accept
ALIVUS,BSE_IN,Alivus Life Sciences Ltd,ALIVUS,Alivus Life Sciences Ltd,BSE,stock,INE03Q201024,Health Technology,Pharmaceuticals: Major,Health Care,accept
ALKALI,BSE_IN,Alkali Metals Ltd,ALKALI,Alkali Metals Ltd.,BSE,stock,INE773I01017,Process Industries,Chemicals: Specialty,Materials,accept
ALKEM,BSE_IN,Alkem Laboratories Ltd,ALKEM,Alkem Laboratories Ltd.,BSE,stock,INE540L01014,Health Technology,Pharmaceuticals: Major,Health Care,accept
ALKYLAMINE,BSE_IN,Alkyl Amines Chemicals Ltd,ALKYLAMINE,Alkyl Amines Chemicals Limited,BSE,stock,INE150B01039,Process Industries,Chemicals: Specialty,Materials,accept
ALLCARGO,BSE_IN,Allcargo Logistics Ltd,ALLCARGO,Allcargo Logistics Limited,BSE,stock,INE418H01029,Transportation,Air Freight/Couriers,Industrials,accept
ALLDIGI,BSE_IN,Alldigi Tech Ltd,ALLDIGI,Alldigi Tech Ltd,BSE,stock,INE835G01018,Commercial Services,Miscellaneous Commercial Services,Industrials,accept
ALLTIME,BSE_IN,All Time Plastics Ltd,ALLTIME,All Time Plastics Limited,BSE,stock,INE0GV601021,Producer Manufacturing,Miscellaneous Manufacturing,Industrials,accept
ALLTIME,NSE_IN,All Time Plastics Limited,ALLTIME,All Time Plastics Limited,NSE,stock,INE0GV601021,Producer Manufacturing,Miscellaneous Manufacturing,Industrials,accept
ALMONDZ,BSE_IN,Almondz Global Securities Ltd,ALMONDZ,Almondz Global Securities Limited,BSE,stock,INE326B01035,Finance,Investment Banks/Brokers,Financials,accept
ALOKINDS,BSE_IN,Alok Industries Ltd,ALOKINDS,Alok Industries Limited,BSE,stock,INE270A01029,Process Industries,Textiles,Materials,accept
ALPA,BSE_IN,Alpa Laboratories Ltd,ALPA,Alpa Laboratories Limited,BSE,stock,INE385I01010,Health Technology,Pharmaceuticals: Major,Health Care,accept
ALPHAGEO,BSE_IN,Alphageo (India) Ltd,ALPHAGEO,Alphageo (India) Ltd.,BSE,stock,INE137C01018,Industrial Services,Oilfield Services/Equipment,Industrials,accept
ALPINETEX,BSE_IN,Alpine Texworld Ltd,ALPINETEX,Alpine Texworld Limited,BSE,stock,INE1JCQ01037,Process Industries,Textiles,Materials,accept
ALPINETEX,NSE_IN,Alpine Texworld Limited,ALPINETEX,Alpine Texworld Limited,NSE,stock,INE1JCQ01037,Process Industries,Textiles,Materials,accept
ALPX,NASDAQ,Alpex Acquisition Corporation - Class A Ordinary Shares,ALPX,Alpex Acquisition Corp. Class A,NASDAQ,stock,KYG633251072,Finance,Financial Conglomerates,,unsupported_sector
ALRV,BVB,ALIMENTARA SA Slatina,ALRV,Alimentara SA (Slatina),BVB,stock,ROALRVACNOR5,Retail Trade,Food Retail,Consumer Staples,accept
ALS,XETRA,"ALLSTATE CORP.     DL-,01",ALS,Allstate Corporation,XETR,stock,US0200021014,Finance,Multi-Line Insurance,Financials,accept
ALUFLUOR,NSE_IN,Alufluoride Limited,ALUFLUOR,Alufluoride Ltd,NSE,stock,INE058F01019,Non-Energy Minerals,Aluminum,Materials,accept
ALV,BVB,ALLIANZ SE,ALV,Allianz SE,BVB,stock,DE0008404005,Finance,Multi-Line Insurance,Financials,accept
ALV,XETRA,ALLIANZ SE NA O.N.,ALV,Allianz SE,XETR,stock,DE0008404005,Finance,Multi-Line Insurance,Financials,accept
AMAC,NASDAQ,AMR Resources Acquisition Corp - Class A Ordinary Shares,AMAC,AMR Resources Acquisition Corp Class A,NASDAQ,stock,KYG034561038,Finance,Financial Conglomerates,,unsupported_sector
AMAGI,BSE_IN,Amagi Media Labs Ltd,AMAGI,Amagi Media Labs Limited,BSE,stock,INE121R01077,Technology Services,Packaged Software,Information Technology,accept
AMAGI,NSE_IN,Amagi Media Labs Limited,AMAGI,Amagi Media Labs Limited,NSE,stock,INE121R01077,Technology Services,Packaged Software,Information Technology,accept
AMANTA,BSE_IN,Amanta Healthcare Ltd,AMANTA,Amanta Healthcare Limited,BSE,stock,INE084K01015,Health Technology,Pharmaceuticals: Major,Health Care,accept
AMANTA,NSE_IN,Amanta Healthcare Limited,AMANTA,Amanta Healthcare Limited,NSE,stock,INE084K01015,Health Technology,Pharmaceuticals: Major,Health Care,accept
AMARJOTHI,NSE_IN,Amarjothi Spinning Mills Limited,AMARJOTHI,Amarjothi Spinning Mills Limited,NSE,stock,INE484D01012,Process Industries,Textiles,Materials,accept
AMBAAUTO,NSE_IN,Amba Auto Sales and Services Limited,AMBAAUTO,Amba Auto Sales and Services Limited,NSE,stock,INE293601014,Retail Trade,Specialty Stores,Consumer Discretionary,accept
AMBALALSA,NSE_IN,Ambalal Sarabhai Enterprises Limited,AMBALALSA,Ambalal Sarabhai Enterprises Limited,NSE,stock,INE432A01017,Health Technology,Pharmaceuticals: Major,Health Care,accept
AMBER,BSE_IN,Amber Enterprises India Ltd,AMBER,Amber Enterprises India Ltd.,BSE,stock,INE371P01015,Producer Manufacturing,Industrial Machinery,Industrials,accept
AMBICAAGAR,BSE_IN,Ambica Agarbathies & Aroma Industries Ltd,AMBICAAGAR,Ambica Agarbathies & Aroma Industries Ltd.,BSE,stock,INE792B01012,Process Industries,Chemicals: Major Diversified,Materials,accept
AMBIKCO,BSE_IN,Ambika Cotton Mills Ltd,AMBIKCO,Ambika Cotton Mills Limited,BSE,stock,INE540G01014,Process Industries,Textiles,Materials,accept
AMBUJACEM,BSE_IN,Ambuja Cements Ltd,AMBUJACEM,Ambuja Cements Limited,BSE,stock,INE079A01024,Non-Energy Minerals,Construction Materials,Materials,accept
AMC,XETRA,"ALBEMARLE CORP.    DL-,01",AMC,Albemarle Corporation,XETR,stock,US0126531013,Process Industries,Chemicals: Specialty,Materials,accept
AMDIND,BSE_IN,AMD Industries Ltd,AMDIND,AMD Industries Limited,BSE,stock,INE005I01014,Producer Manufacturing,Miscellaneous Manufacturing,Industrials,accept
AMJLAND,BSE_IN,AMJ Land Holdings Ltd,AMJLAND,AMJ Land Holdings Ltd.,BSE,stock,INE606A01024,Finance,Real Estate Development,Real Estate,accept
AMK,XETRA,"AMKOR TECHN.      DL-,001",AMK,"Amkor Technology, Inc.",XETR,stock,US0316521006,Electronic Technology,Semiconductors,Information Technology,accept
AMNPLST,BSE_IN,Amines & Plasticizers Ltd,AMNPLST,Amines & Plasticizers Ltd.,BSE,stock,INE275D01022,Process Industries,Chemicals: Specialty,Materials,accept
AMR,TSXV,AM Resources Corp,,,,,,,,,no_tradingview_match
AMRUTANJAN,BSE_IN,Amrutanjan Health Care Ltd,AMRUTANJAN,Amrutanjan Health Care Limited,BSE,stock,INE098F01031,Health Technology,Pharmaceuticals: Other,Health Care,accept
AMTECH,BSE_IN,Amtech Esters Ltd,AMTECH,Amtech Esters Limited,BSE,stock,INE0RMA01019,Process Industries,Chemicals: Specialty,Materials,accept
ANANDRATHI,BSE_IN,Anand Rathi Wealth Ltd,ANANDRATHI,Anand Rathi Wealth Ltd.,BSE,stock,INE463V01026,Finance,Investment Managers,Financials,accept
ANANTRAJ,BSE_IN,Anant Raj Ltd,ANANTRAJ,Anant Raj Ltd.,BSE,stock,INE242C01024,Consumer Durables,Homebuilding,Consumer Discretionary,accept
ANAWIL,NSE_IN,Anawil Wire and Engineering Limited,ANAWIL,Anawil Wire & Engineering Ltd.,NSE,stock,INE1J5V01013,Producer Manufacturing,Metal Fabrication,Industrials,accept
ANDHRAPAP,BSE_IN,Andhra Paper Ltd,ANDHRAPAP,Andhra Paper Ltd.,BSE,stock,INE435A01051,Process Industries,Pulp & Paper,Materials,accept
ANDHRSUGAR,BSE_IN,Andhra Sugars Ltd,ANDHRSUGAR,Andhra Sugars Limited,BSE,stock,INE715B01021,Process Industries,Chemicals: Specialty,Materials,accept
ANDREWYU,NSE_IN,Andrew Yule & Company Limited,ANDREWYU,Andrew Yule & Co. Ltd.,NSE,stock,INE449C01025,Producer Manufacturing,Industrial Machinery,Industrials,accept
ANGELONE,BSE_IN,Angel One Ltd,ANGELONE,Angel One Limited,BSE,stock,INE732I01021,Finance,Investment Banks/Brokers,Financials,accept
ANIKINDS,BSE_IN,Anik Industries Ltd,ANIKINDS,Anik Industries Limited,BSE,stock,INE087B01017,Distribution Services,Wholesale Distributors,Industrials,accept
ANIM,BVB,STUDIOUL CINEMATOGRAFIC ANIMAFILM SA BUCURESTI,ANIM,Studioul Cinematografic ANIMAFILM S.A.,BVB,stock,ROANIMACNOR9,Consumer Services,Movies/Entertainment,Communication Services,accept
ANKITMETAL,NSE_IN,Ankit Metal & Power Limited,ANKITMETAL,Ankit Metal & Power Limited,NSE,stock,INE106I01010,Non-Energy Minerals,Steel,Materials,accept
ANMOL,BSE_IN,Anmol India Ltd,ANMOL,Anmol India Ltd.,BSE,stock,INE02AR01019,Distribution Services,Wholesale Distributors,Industrials,accept
ANNU,BSE_IN,Annu Projects Ltd,ANNU,Annu Projects Limited,BSE,stock,INE103001017,Industrial Services,Engineering & Construction,Industrials,accept
ANNU,NSE_IN,Annu Projects Limited,ANNU,Annu Projects Limited,NSE,stock,INE103001017,Industrial Services,Engineering & Construction,Industrials,accept
ANSALAPI,NSE_IN,Ansal Properties & Infrastructure Limited,ANSALAPI,Ansal Properties & Infrastructure Ltd.,NSE,stock,INE436A01026,Finance,Real Estate Development,Real Estate,accept
ANSALBU,NSE_IN,Ansal Buildwell Limited,ANSALBU,Ansal Buildwell Limited,NSE,stock,INE030C01015,Consumer Durables,Homebuilding,Consumer Discretionary,accept
ANTELOPUS,BSE_IN,Antelopus Selan Energy Ltd,ANTELOPUS,Antelopus Selan Energy Ltd,BSE,stock,INE818A01017,Energy Minerals,Integrated Oil,Energy,accept
ANTHEM,BSE_IN,Anthem Biosciences Ltd,ANTHEM,Anthem Biosciences Limited,BSE,stock,INE0CZ201020,Health Technology,Biotechnology,Health Care,accept
ANTHEM,NSE_IN,Anthem Biosciences Limited,ANTHEM,Anthem Biosciences Limited,NSE,stock,INE0CZ201020,Health Technology,Biotechnology,Health Care,accept
ANUBHAV,BSE_IN,Anubhav Plast Ltd,ANUBHAV,Anubhav Plast Ltd.,BSE,stock,INE1O7201010,Non-Energy Minerals,Steel,Materials,accept
ANUHPHR,NSE_IN,Anuh Pharma Limited,ANUHPHR,Anuh Pharma Limited,NSE,stock,INE489G01022,Health Technology,Pharmaceuticals: Major,Health Care,accept
ANUP,BSE_IN,The Anup Engineering Ltd,ANUP,Anup Engineering Ltd.,BSE,stock,INE294Z01018,Producer Manufacturing,Industrial Machinery,Industrials,accept
ANURAS,BSE_IN,Anupam Rasayan India Ltd,ANURAS,Anupam Rasayan India Ltd.,BSE,stock,INE930P01018,Health Technology,Pharmaceuticals: Major,Health Care,accept
AP4N,XETRA,"RIOT PLATFORMS    DL-,001",AP4N,"Riot Platforms, Inc.",XETR,stock,US7672921050,Technology Services,Information Technology Services,Information Technology,accept
APANA,BSE_IN,Apana Logistics Ltd,APANA,Apana Logistics Limited,BSE,stock,INE1ET101019,Transportation,Air Freight/Couriers,Industrials,accept
APARINDS,BSE_IN,Apar Industries Ltd,APARINDS,APAR Industries Limited,BSE,stock,INE372A01015,Electronic Technology,Electronic Equipment/Instruments,Information Technology,accept
APCL,BSE_IN,Anjani Portland Cement Ltd,APCL,Anjani Portland Cement Limited,BSE,stock,INE071F01012,Non-Energy Minerals,Construction Materials,Materials,accept
APCOTEXIND,BSE_IN,Apcotex Industries Ltd,APCOTEXIND,Apcotex Industries Ltd,BSE,stock,INE116A01032,Process Industries,Chemicals: Specialty,Materials,accept
APEX,BSE_IN,Apex Frozen Foods Ltd,APEX,Apex Frozen Foods Ltd.,BSE,stock,INE346W01013,Consumer Non-Durables,Food: Meat/Fish/Dairy,Consumer Staples,accept
APLAPOLLO,BSE_IN,APL Apollo Tubes Ltd,APLAPOLLO,APL Apollo Tubes Limited,BSE,stock,INE702C01027,Non-Energy Minerals,Steel,Materials,accept
APLLTD,BSE_IN,Alembic Pharmaceuticals Ltd,APLLTD,Alembic Pharmaceuticals Limited,BSE,stock,INE901L01018,Health Technology,Pharmaceuticals: Major,Health Care,accept
APOLLO,BSE_IN,Apollo Micro Systems Ltd,APOLLO,Apollo Micro Systems Ltd.,BSE,stock,INE713T01028,Electronic Technology,Electronic Production Equipment,Information Technology,accept
APOLLOHOSP,BSE_IN,Apollo Hospitals Enterprise Ltd,APOLLOHOSP,Apollo Hospitals Enterprise Limited,BSE,stock,INE437A01024,Health Services,Hospital/Nursing Management,Health Care,accept
APOLLOIN,BSE_IN,Apollo Ingredients Ltd,APOLLOIN,Apollo Ingredients Ltd,BSE,stock,INE314N01028,Process Industries,Agricultural Commodities/Milling,Consumer Staples,accept
APOLLOPIPE,BSE_IN,Apollo Pipes Ltd,APOLLOPIPE,Apollo Pipes Ltd.,BSE,stock,INE126J01016,Producer Manufacturing,Miscellaneous Manufacturing,Industrials,accept
APOLLOTYRE,BSE_IN,Apollo Tyres Ltd,APOLLOTYRE,Apollo Tyres Limited.,BSE,stock,INE438A01022,Consumer Durables,Automotive Aftermarket,Consumer Discretionary,accept
APOORVA,NSE_IN,Apoorva Leasing Finance and Investment Company Limited,APOORVA,Apoorva Leasing Finance & Investment Co. Ltd.,NSE,stock,INE217S01014,Finance,Financial Conglomerates,,unsupported_sector
APTECHT,BSE_IN,Aptech Ltd,APTECHT,Aptech Limited,BSE,stock,INE266F01018,Commercial Services,Miscellaneous Commercial Services,Industrials,accept
APTUS,BSE_IN,Aptus Value Housing Finance India Ltd,APTUS,Aptus Value Housing Finance India Limited,BSE,stock,INE852O01025,Finance,Finance/Rental/Leasing,Financials,accept
AQ8,XETRA,"ACUITY             DL-,01",AQ8,Acuity Inc.,XETR,stock,US00508Y1029,Producer Manufacturing,Electrical Products,Industrials,accept
AQYLON,BSE_IN,Aqylon Nexus Ltd,AQYLON,Aqylon Nexus Limited,BSE,stock,INE416A01051,Consumer Services,Movies/Entertainment,Communication Services,accept
ARCHIDPLY,BSE_IN,Archidply Industries Ltd,ARCHIDPLY,Archidply Industries Limited,BSE,stock,INE877I01016,Producer Manufacturing,Building Products,Industrials,accept
ARCHIES,BSE_IN,Archies Ltd,ARCHIES,Archies Limited,BSE,stock,INE731A01020,Retail Trade,Specialty Stores,Consumer Discretionary,accept
ARCIL,BSE_IN,Asset Reconstruction Company (India) Ltd,ARCIL,Asset Reconstruction Company (India) Limited,BSE,stock,INE148G01016,Commercial Services,Miscellaneous Commercial Services,Industrials,accept
ARCIL,NSE_IN,Asset Reconstruction Company (India) Limited,ARCIL,Asset Reconstruction Company (India) Limited,NSE,stock,INE148G01016,Commercial Services,Miscellaneous Commercial Services,Industrials,accept
ARCL,NSE_IN,ARCL Organics Limited,ARCL,ARCL Organics Ltd.,NSE,stock,INE372M01010,Process Industries,Chemicals: Specialty,Materials,accept
ARCU,BVB,SIFI CLUJ RETAIL SA Bucuresti,ARCU,SIFI Cluj Retail SA,BVB,stock,ROARCUACNOR6,Finance,Real Estate Development,Real Estate,accept
ARDEE,BSE_IN,Ardee Industries Ltd,ARDEE,Ardee Industries Limited,BSE,stock,INE0XNF01022,Non-Energy Minerals,Other Metals/Minerals,Materials,accept
ARDEE,NSE_IN,Ardee Industries Limited,ARDEE,Ardee Industries Limited,NSE,stock,INE0XNF01022,Non-Energy Minerals,Other Metals/Minerals,Materials,accept
ARDIALL,BSE_IN,Ardi Alliances Ltd,ARDIALL,Ardi Alliances Ltd,BSE,stock,INE0LKP01014,Finance,Investment Banks/Brokers,Financials,accept
ARE&M,BSE_IN,Amara Raja Energy & Mobility Ltd,,,,,,,,,no_tradingview_match
ARENTERP,BSE_IN,Rajdarshan Industries Ltd,ARENTERP,Rajdarshan Industries Limited,BSE,stock,INE610C01014,Non-Energy Minerals,Construction Materials,Materials,accept
ARFIN,BSE_IN,Arfin India Ltd,ARFIN,Arfin India Ltd,BSE,stock,INE784R01023,Non-Energy Minerals,Aluminum,Materials,accept
ARIES,BSE_IN,Aries Agro Ltd,ARIES,Aries Agro Ltd.,BSE,stock,INE298I01015,Process Industries,Chemicals: Agricultural,Materials,accept
ARIHANT,NSE_IN,Arihant Foundations & Housing Limited,ARIHANT,Arihant Foundations & Housing Limited,NSE,stock,INE413D01011,Finance,Real Estate Development,Real Estate,accept
ARIHANTCAP,BSE_IN,Arihant Capital Markets Ltd,ARIHANTCAP,Arihant Capital Markets Limited,BSE,stock,INE420B01036,Finance,Investment Banks/Brokers,Financials,accept
ARIHANTSUP,BSE_IN,Arihant Superstructures Ltd,ARIHANTSUP,Arihant Superstructures Limited,BSE,stock,INE643K01018,Finance,Real Estate Development,Real Estate,accept
ARJI,BVB,ARTECA SA JILAVA,ARJI,Arteca Jilava S.A,BVB,stock,ROARJIACNOR6,Process Industries,Industrial Specialties,Materials,accept
ARKADE,BSE_IN,Arkade Developers Ltd,ARKADE,Arkade Developers Limited,BSE,stock,INE0QRL01017,Consumer Durables,Homebuilding,Consumer Discretionary,accept
ARKADE,NSE_IN,Arkade Developers Limited,ARKADE,Arkade Developers Limited,NSE,stock,INE0QRL01017,Consumer Durables,Homebuilding,Consumer Discretionary,accept
ARMANFIN,BSE_IN,Arman Financial Services Ltd,ARMANFIN,Arman Financial Services Limited,BSE,stock,INE109C01017,Finance,Finance/Rental/Leasing,Financials,accept
ARMT,BVB,CAROMET SA CARANSEBES,ARMT,Caromet SA,BVB,stock,ROARMTACNOR7,Producer Manufacturing,Trucks/Construction/Farm Machinery,Industrials,accept
AROGRANITE,BSE_IN,Aro Granite Industries Ltd,AROGRANITE,ARO Granite Industries Limited,BSE,stock,INE210C01013,Non-Energy Minerals,Construction Materials,Materials,accept
ARROWGREEN,BSE_IN,Arrow Greentech Ltd,ARROWGREEN,Arrow Greentech Limited,BSE,stock,INE570D01018,Process Industries,Containers/Packaging,Materials,accept
ARSHIYA,NSE_IN,Arshiya Limited,ARSHIYA,Arshiya Limited,NSE,stock,INE968D01022,Commercial Services,Miscellaneous Commercial Services,Industrials,accept
ARSIFHDAD,BSE_IN,Arudha Hybrid Long- Short Fund Direct Plan-Annual IDCW,ARSIFHDAD,Arudha Hybrid Long-Short Fund Units Direct Plan-Annual IDCW,BSE,fund,INF194K30259,,,,asset_type_mismatch
ARSSBL,BSE_IN,Anand Rathi Share And Stock Brokers Ltd,ARSSBL,Anand Rathi Share and Stock Brokers Limited,BSE,stock,INE549H01021,Finance,Investment Banks/Brokers,Financials,accept
ARTEMISADR,BSE_IN,Artemis ADR Marketplace Ltd,ARTEMISADR,Artemis ADR Marketplace Ltd,BSE,stock,INE0D9X01018,Distribution Services,Food Distributors,Consumer Staples,accept
ARTEMISMED,BSE_IN,Artemis Medicare Services Ltd,ARTEMISMED,Artemis Medicare Services Ltd.,BSE,stock,INE025R01021,Health Services,Hospital/Nursing Management,Health Care,accept
ARVAYA,BSE_IN,Arvaya Healthcare Ltd,ARVAYA,Arvaya Healthcare Ltd,BSE,stock,INE491D01017,Distribution Services,Medical Distributors,Industrials,accept
ARVIND,BSE_IN,Arvind Ltd,ARVIND,Arvind Limited,BSE,stock,INE034A01011,Process Industries,Textiles,Materials,accept
ARVINDFASN,BSE_IN,Arvind Fashions Ltd,ARVINDFASN,Arvind Fashions Ltd.,BSE,stock,INE955V01021,Retail Trade,Apparel/Footwear Retail,Consumer Discretionary,accept
ARVSMART,BSE_IN,Arvind SmartSpaces Ltd,ARVSMART,Arvind SmartSpaces Ltd.,BSE,stock,INE034S01021,Finance,Real Estate Development,Real Estate,accept
ARYAMAN,NSE_IN,Aryaman Financial Services Limited,ARYAMAN,Aryaman Financial Services Limited,NSE,stock,INE032E01017,Finance,Investment Banks/Brokers,Financials,accept
AS5,XETRA,COREBRIDGE FINANCIAL INC.,AS5,"Corebridge Financial, Inc.",XETR,stock,US21871X1090,Finance,Life/Health Insurance,Financials,accept
ASAHIINDIA,BSE_IN,Asahi India Glass Ltd,ASAHIINDIA,Asahi India Glass Limited,BSE,stock,INE439A01020,Consumer Durables,Home Furnishings,Consumer Discretionary,accept
ASAHISONG,BSE_IN,Asahi Songwon Colors Ltd,ASAHISONG,Asahi Songwon Colors Ltd.,BSE,stock,INE228I01012,Process Industries,Chemicals: Specialty,Materials,accept
ASAL,BSE_IN,Automotive Stampings and Assemblies Ltd,ASAL,Automotive Stampings & Assemblies Ltd.,BSE,stock,INE900C01027,Producer Manufacturing,Auto Parts: OEM,Industrials,accept
ASALCBR,BSE_IN,Associated Alcohols & Breweries Ltd,ASALCBR,Associated Alcohols & Breweries Ltd.,BSE,stock,INE073G01016,Consumer Non-Durables,Beverages: Alcoholic,Consumer Staples,accept
ASGARD,BSE_IN,Asgard Alcobev Ltd,ASGARD,Asgard Alcobev Ltd,BSE,stock,INE767M01029,Producer Manufacturing,Metal Fabrication,Industrials,accept
ASHAPURMIN,BSE_IN,Ashapura Minechem Ltd,ASHAPURMIN,Ashapura Minechem Ltd,BSE,stock,INE348A01023,Non-Energy Minerals,Other Metals/Minerals,Materials,accept
ASHIANA,BSE_IN,Ashiana Housing Ltd,ASHIANA,Ashiana Housing Limited,BSE,stock,INE365D01021,Finance,Real Estate Development,Real Estate,accept
ASHIKAG,BSE_IN,Ashika Global Securities Ltd,ASHIKAG,Ashika Global Securities Ltd,BSE,stock,INE094B01013,Miscellaneous,Miscellaneous,,unsupported_sector
ASHIKAG,NSE_IN,Ashika Global Securities Limited,ASHIKAG,Ashika Global Securities Ltd,NSE,stock,INE094B01013,Miscellaneous,Miscellaneous,,unsupported_sector
ASHIMASYN,BSE_IN,Ashima Ltd,ASHIMASYN,Ashima Limited,BSE,stock,INE440A01010,Process Industries,Textiles,Materials,accept
ASHOKA,BSE_IN,Ashoka Buildcon Ltd,ASHOKA,Ashoka Buildcon Limited,BSE,stock,INE442H01029,Industrial Services,Engineering & Construction,Industrials,accept
ASHOKAMET,BSE_IN,Ashoka Metcast Ltd,ASHOKAMET,Ashoka Metcast Limited,BSE,stock,INE760Y01011,Producer Manufacturing,Metal Fabrication,Industrials,accept
ASHOKAMET,NSE_IN,Ashoka Metcast Limited,ASHOKAMET,Ashoka Metcast Limited,NSE,stock,INE760Y01011,Producer Manufacturing,Metal Fabrication,Industrials,accept
ASHOKLEY,BSE_IN,Ashok Leyland Ltd,ASHOKLEY,Ashok Leyland Limited,BSE,stock,INE208A01029,Producer Manufacturing,Trucks/Construction/Farm Machinery,Industrials,accept
ASHUTOSH,NSE_IN,Ashutosh Fibre Limited,ASHUTOSH,Ashutosh Fibre Limited,NSE,stock,INE19FR01012,Process Industries,Textiles,Materials,accept
ASIANENE,BSE_IN,Asian Energy Services Ltd,ASIANENE,Asian Energy Services Limited,BSE,stock,INE276G01015,Energy Minerals,Oil & Gas Production,Energy,accept
ASIANHOTNR,BSE_IN,Asian Hotels (North) Ltd,ASIANHOTNR,Asian Hotels (North) Limited,BSE,stock,INE363A01022,Consumer Services,Hotels/Resorts/Cruise lines,Consumer Discretionary,accept
ASIANPAINT,BSE_IN,Asian Paints Ltd,ASIANPAINT,Asian Paints Ltd.,BSE,stock,INE021A01026,Process Industries,Industrial Specialties,Materials,accept
ASIANTILES,BSE_IN,Asian Granito India Ltd,ASIANTILES,Asian Granito India Limited,BSE,stock,INE022I01019,Producer Manufacturing,Building Products,Industrials,accept
ASIANTNE,NSE_IN,Asian Tea & Exports Limited,ASIANTNE,Asian Tea & Exports Ltd.,NSE,stock,INE822B01017,Non-Energy Minerals,Forest Products,Materials,accept
ASKAUTOLTD,BSE_IN,ASK Automotive Ltd,ASKAUTOLTD,ASK Automotive Limited,BSE,stock,INE491J01022,Producer Manufacturing,Auto Parts: OEM,Industrials,accept
ASL,TSXV,Argentum Silver Corp,ASL,Argentum Silver Corp.,TSXV,stock,CA04014D2068,Miscellaneous,Miscellaneous,,unsupported_sector
ASMS,BSE_IN,Avio Smart Market Stack Ltd,ASMS,Avio Smart Market Stack Ltd,BSE,stock,INE855F01042,Electronic Technology,Semiconductors,Information Technology,accept
ASSAMENT,NSE_IN,Assam Entrade Limited,ASSAMENT,Assam Entrade Ltd.,NSE,stock,INE165G01010,Finance,Investment Banks/Brokers,Financials,accept
AST,TSXV,Astron Connect Inc.,AST,"Astron Connect, Inc.",TSXV,stock,CA04640L2003,Finance,Financial Conglomerates,,unsupported_sector
ASTAR,NSE_IN,Asian Star Company Limited,ASTAR,Asian Star Co. Ltd.,NSE,stock,INE194D01017,Commercial Services,Miscellaneous Commercial Services,Industrials,accept
ASTEC,BSE_IN,Astec Lifesciences Ltd,ASTEC,Astec Lifesciences Limited,BSE,stock,INE563J01010,Process Industries,Chemicals: Agricultural,Materials,accept
ASTERDM,BSE_IN,Aster DM Quality Care Ltd,ASTERDM,Aster DM Quality Care Limited,BSE,stock,INE914M01019,Health Services,Hospital/Nursing Management,Health Care,accept
ASTRAL,BSE_IN,Astral Ltd,ASTRAL,Astral Limited,BSE,stock,INE006I01046,Producer Manufacturing,Miscellaneous Manufacturing,Industrials,accept
ASTRAMICRO,BSE_IN,Astra Microwave Products Ltd,ASTRAMICRO,Astra Microwave Products Ltd.,BSE,stock,INE386C01029,Electronic Technology,Telecommunications Equipment,Information Technology,accept
ASTRAZEN,BSE_IN,AstraZeneca Pharma India Ltd,ASTRAZEN,AstraZeneca Pharma India Limited,BSE,stock,INE203A01020,Health Technology,Pharmaceuticals: Major,Health Care,accept
ASTRON,BSE_IN,Astron Paper & Board Mill Ltd,ASTRON,Astron Paper & Board Mill Ltd.,BSE,stock,INE646X01014,Process Industries,Containers/Packaging,Materials,accept
AT4,XETRA,APPLIED IND. TECHS,AT4,"Applied Industrial Technologies, Inc.",XETR,stock,US03820C1053,Distribution Services,Wholesale Distributors,Industrials,accept
ATALREAL,BSE_IN,Atal Realtech Ltd,ATALREAL,Atal Realtech Limited,BSE,stock,INE0ALR01029,Consumer Durables,Homebuilding,Consumer Discretionary,accept
ATALREAL,NSE_IN,Atal Realtech Limited,ATALREAL,Atal Realtech Limited,NSE,stock,INE0ALR01029,Consumer Durables,Homebuilding,Consumer Discretionary,accept
ATAM,BSE_IN,Atam Valves Ltd,ATAM,Atam Valves Ltd.,BSE,stock,INE09KD01013,Producer Manufacturing,Industrial Machinery,Industrials,accept
ATGL,BSE_IN,Adani Total Gas Ltd,ATGL,Adani Total Gas Ltd.,BSE,stock,INE399L01023,Utilities,Gas Distributors,Utilities,accept
ATHARVA,BSE_IN,Atharva Poly-Plast Ltd,ATHARVA,Atharva Poly-Plast Limited,BSE,stock,INE226801012,Producer Manufacturing,Miscellaneous Manufacturing,Industrials,accept
ATHERENERG,BSE_IN,Ather Energy Ltd,ATHERENERG,Ather Energy Limited,BSE,stock,INE0LEZ01016,Consumer Durables,Motor Vehicles,Consumer Discretionary,accept
ATL,BSE_IN,Allcargo Terminals Ltd,ATL,Allcargo Terminals Limited,BSE,stock,INE0NN701020,Transportation,Marine Shipping,Industrials,accept
ATL,NSE_IN,Allcargo Terminals Limited,ATL,Allcargo Terminals Limited,NSE,stock,INE0NN701020,Transportation,Marine Shipping,Industrials,accept
ATLANTAA,BSE_IN,Atlantaa Ltd,ATLANTAA,Atlantaa Ltd,BSE,stock,INE285H01022,Industrial Services,Engineering & Construction,Industrials,accept
ATLANTAELE,BSE_IN,Atlanta Electricals Ltd,ATLANTAELE,Atlanta Electricals Limited,BSE,stock,INE0Z4F01028,Producer Manufacturing,Electrical Products,Industrials,accept
ATLANTAELE,NSE_IN,Atlanta Electricals Limited,ATLANTAELE,Atlanta Electricals Limited,NSE,stock,INE0Z4F01028,Producer Manufacturing,Electrical Products,Industrials,accept
ATLASCYCLE,BSE_IN,Atlas Cycles (Haryana) Ltd,ATLASCYCLE,Atlas Cycles Haryana Ltd.,BSE,stock,INE446A01025,Consumer Durables,Motor Vehicles,Consumer Discretionary,accept
ATLASCYCLE,NSE_IN,Atlas Cycles (Haryana) Limited,ATLASCYCLE,Atlas Cycles Haryana Ltd.,NSE,stock,INE446A01025,Consumer Durables,Motor Vehicles,Consumer Discretionary,accept
ATLQ,NASDAQ,JAB Acquisition Corp I - Class A Ordinary Shares,ATLQ,JAB Acquisition Corp. I Class A,NASDAQ,stock,KYG500041036,Finance,Financial Conglomerates,,unsupported_sector
ATMAIND,BSE_IN,Atma Industries Ltd,ATMAIND,ATMA INDUSTRIES LIMITED,BSE,stock,INE805R01018,Distribution Services,Wholesale Distributors,Industrials,accept
ATTT,NASDAQ,Atlas Trinity Tech Limited - Ordinary Shares,ATTT,Atlas Trinity Tech Limited,NASDAQ,stock,VGG7385S1193,Consumer Durables,Electronics/Appliances,Consumer Discretionary,accept
ATUL,BSE_IN,Atul Ltd,ATUL,Atul Limited,BSE,stock,INE100A01010,Process Industries,Chemicals: Agricultural,Materials,accept
ATULAUTO,BSE_IN,Atul Auto Ltd,ATULAUTO,Atul Auto Ltd,BSE,stock,INE951D01028,Consumer Durables,Motor Vehicles,Consumer Discretionary,accept
AUBANK,BSE_IN,AU Small Finance Bank Ltd,AUBANK,AU Small Finance Bank Limited,BSE,stock,INE949L01017,Finance,Regional Banks,Financials,accept
AUDROC,BSE_IN,Audroc Ltd,AUDROC,Audroc Ltd,BSE,stock,INE061B01038,Process Industries,Textiles,Materials,accept
AUGMONT,BSE_IN,Augmont Enterprises Ltd,AUGMONT,Augmont Enterprises Limited,BSE,stock,INE16W401027,Retail Trade,Specialty Stores,Consumer Discretionary,accept
AUGMONT,NSE_IN,Augmont Enterprises Limited,AUGMONT,Augmont Enterprises Limited,NSE,stock,INE16W401027,Retail Trade,Specialty Stores,Consumer Discretionary,accept
AUREATE,BSE_IN,Aureate Tradde Ltd,AUREATE,Aureate Tradde Ltd.,BSE,stock,INE1KVL01010,Distribution Services,Wholesale Distributors,Industrials,accept
AURIONPRO,BSE_IN,Aurionpro Solutions Ltd,AURIONPRO,Aurionpro Solutions Limited,BSE,stock,INE132H01018,Technology Services,Information Technology Services,Information Technology,accept
AURIQUE,BSE_IN,Aurique Ltd,AURIQUE,Aurique Ltd,BSE,stock,INE766A01026,Distribution Services,Wholesale Distributors,Industrials,accept
AUROPHARMA,BSE_IN,Aurobindo Pharma Ltd,AUROPHARMA,Aurobindo Pharma Ltd,BSE,stock,INE406A01037,Health Technology,Pharmaceuticals: Other,Health Care,accept
AURUM,BSE_IN,Aurum PropTech Ltd,AURUM,Aurum Proptech Limited,BSE,stock,INE898S01029,Technology Services,Packaged Software,Information Technology,accept
AURUS,BSE_IN,Aurus Gem Corporation Ltd,AURUS,Aurus Gem Corporation Limited,BSE,stock,INE142K01011,Consumer Durables,Other Consumer Specialties,Consumer Discretionary,accept
AURUS,NSE_IN,AURUS GEM CORPORATION LIMITED,AURUS,Aurus Gem Corporation Limited,NSE,stock,INE142K01011,Consumer Durables,Other Consumer Specialties,Consumer Discretionary,accept
AUSOMENT,NSE_IN,Ausom Enterprise Limited,AUSOMENT,Ausom Enterprise Limited,NSE,stock,INE218C01016,Finance,Investment Banks/Brokers,Financials,accept
AUSTENG,NSE_IN,Austin Engineering Company  Limited,AUSTENG,Austin Engineering Co. Ltd.,NSE,stock,INE759F01012,Producer Manufacturing,Metal Fabrication,Industrials,accept
AUTOAXLES,BSE_IN,Automotive Axles Ltd,AUTOAXLES,Automotive Axles Limited,BSE,stock,INE449A01011,Producer Manufacturing,Auto Parts: OEM,Industrials,accept
AUTOIND,BSE_IN,Autoline Industries Ltd,AUTOIND,Autoline Industries Limited,BSE,stock,INE718H01014,Producer Manufacturing,Auto Parts: OEM,Industrials,accept
AUXI,BVB,ATM - CONSTRUCT SA PLOIESTI,AUXI,ATM - Construct SA,BVB,stock,ROAUXIACNOR1,Industrial Services,Engineering & Construction,Industrials,accept
AVADHSUGAR,BSE_IN,Avadh Sugar & Energy Ltd,AVADHSUGAR,Avadh Sugar & Energy Ltd.,BSE,stock,INE349W01017,Process Industries,Agricultural Commodities/Milling,Consumer Staples,accept
AVALON,BSE_IN,Avalon Technologies Ltd,AVALON,Avalon Technologies Limited,BSE,stock,INE0LCL01028,Electronic Technology,Electronic Production Equipment,Information Technology,accept
AVANCE,NSE_IN,Avance Technologies Limited,AVANCE,Avance Technologies Limited,NSE,stock,INE758A01072,Technology Services,Packaged Software,Information Technology,accept
AVANTEL,BSE_IN,Avantel Ltd,AVANTEL,Avantel Limited,BSE,stock,INE005B01027,Electronic Technology,Telecommunications Equipment,Information Technology,accept
AVANTIFEED,BSE_IN,Avanti Feeds Ltd,AVANTIFEED,Avanti Feeds Limited,BSE,stock,INE871C01038,Process Industries,Agricultural Commodities/Milling,Consumer Staples,accept
AVATAR,NSE_IN,AVATAR Industries Limited,AVATAR,Avatar Industries Ltd,NSE,stock,INE617I01024,Producer Manufacturing,Building Products,Industrials,accept
AVG,BSE_IN,AVG Logistics Ltd,AVG,AVG Logistics Ltd.,BSE,stock,INE680Z01018,Transportation,Air Freight/Couriers,Industrials,accept
AVG,XETRA,"AVANTOR INC.       DL-,01",AVG,"Avantor, Inc.",XETR,stock,US05352A1007,Health Technology,Medical Specialties,Health Care,accept
AVIENCE,NSE_IN,Avience Biomedicals Limited,AVIENCE,Avience Biomedicals Limited,NSE,stock,INE0V9I01017,Health Technology,Medical Specialties,Health Care,accept
AVL,NSE_IN,Aditya Vision Limited,AVL,Aditya Vision Ltd.,NSE,stock,INE679V01027,Retail Trade,Electronics/Appliance Stores,Consumer Discretionary,accept
AVONMORE,BSE_IN,Avonmore Capital & Management Services Ltd,AVONMORE,Avonmore Capital & Management Services Limited,BSE,stock,INE323B01024,Finance,Investment Managers,Financials,accept
AVONMORE,NSE_IN,Avonmore Capital & Management Services Limited,AVONMORE,Avonmore Capital & Management Services Limited,NSE,stock,INE323B01024,Finance,Investment Managers,Financials,accept
AVROIND,BSE_IN,Avro India Ltd,AVROIND,AVRO India Ltd.,BSE,stock,INE652Z01025,Consumer Durables,Home Furnishings,Consumer Discretionary,accept
AVS,XETRA,"ASM INTL N.V.      EO-,04",AVS,ASM International N.V.,XETR,stock,NL0000334118,Producer Manufacturing,Industrial Machinery,Industrials,accept
AVTNPL,BSE_IN,AVT Natural Products Ltd,AVTNPL,AVT Natural Products Limited,BSE,stock,INE488D01021,Consumer Non-Durables,Food: Specialty/Candy,Consumer Staples,accept
AVX,XETRA,"ADVANCED EN. INDS DL-,001",AVX,"Advanced Energy Industries, Inc.",XETR,stock,US0079731008,Electronic Technology,Electronic Production Equipment,Information Technology,accept
AWFIS,BSE_IN,Awfis Space Solutions Ltd,AWFIS,Awfis Space Solutions Limited,BSE,stock,INE108V01019,Finance,Real Estate Development,Real Estate,accept
AWHCL,BSE_IN,Antony Waste Handling Cell Ltd,AWHCL,Antony Waste Handling Cell Ltd.,BSE,stock,INE01BK01022,Transportation,Trucking,Industrials,accept
AWL,BSE_IN,AWL Agri Business Ltd,AWL,AWL Agri Business Ltd,BSE,stock,INE699H01024,Process Industries,Agricultural Commodities/Milling,Consumer Staples,accept
AWM,XETRA,"SKYWORKS SOL.      DL-,25",AWM,"Skyworks Solutions, Inc.",XETR,stock,US83088M1027,Electronic Technology,Semiconductors,Information Technology,accept
AWN,XETRA,"ADVANCE AUTO PA. DL-,0001",AWN,"Advance Auto Parts, Inc.",XETR,stock,US00751Y1064,Retail Trade,Specialty Stores,Consumer Discretionary,accept
AXIOMGAS,NSE_IN,Axiom Gas Engineering Limited,AXIOMGAS,Axiom Gas Engineering Limited,NSE,stock,INE16J201028,Industrial Services,Engineering & Construction,Industrials,accept
AXISBANK,BSE_IN,AXIS Bank Ltd,AXISBANK,Axis Bank Limited,BSE,stock,INE238A01034,Finance,Major Banks,Financials,accept
AXISCADES,BSE_IN,Axiscades Technologies Ltd,AXISCADES,AXISCADES Technologies Ltd.,BSE,stock,INE555B01013,Commercial Services,Miscellaneous Commercial Services,Industrials,accept
AXITA,BSE_IN,Axita Cotton Ltd,AXITA,Axita Cotton Ltd.,BSE,stock,INE02EZ01022,Process Industries,Agricultural Commodities/Milling,Consumer Staples,accept
AXTEL,NSE_IN,Axtel Industries Limited,AXTEL,Axtel Industries Limited,NSE,stock,INE767C01012,Producer Manufacturing,Industrial Machinery,Industrials,accept
AYE,BSE_IN,Aye Finance Ltd,AYE,Aye Finance Limited,BSE,stock,INE501X01029,Finance,Finance/Rental/Leasing,Financials,accept
AYE,NSE_IN,Aye Finance Limited,AYE,Aye Finance Limited,NSE,stock,INE501X01029,Finance,Finance/Rental/Leasing,Financials,accept
AYMSYNTEX,BSE_IN,AYM Syntex Ltd,AYMSYNTEX,AYM Syntex Limited,BSE,stock,INE193B01039,Process Industries,Textiles,Materials,accept
AZ5,XETRA,"AUTOZONE INC.      DL-,01",AZ5,"AutoZone, Inc.",XETR,stock,US0533321024,Retail Trade,Specialty Stores,Consumer Discretionary,accept
AZAD,BSE_IN,Azad Engineering Ltd,AZAD,Azad Engineering Limited,BSE,stock,INE02IJ01035,Producer Manufacturing,Metal Fabrication,Industrials,accept
AZADIND,NSE_IN,Azad India Mobility Limited,AZADIND,Azad India Mobility Ltd,NSE,stock,INE566M01017,Non-Energy Minerals,Steel,Materials,accept
B1F,XETRA,"BUILDERS FIRSTSOUR.DL-,01",B1F,"Builders FirstSource, Inc.",XETR,stock,US12008R1077,Retail Trade,Home Improvement Chains,Consumer Discretionary,accept
B1X,XETRA,"RBC BEARINGS INC.  DL-,01",B1X,RBC Bearings Incorporated,XETR,stock,US75524B1044,Producer Manufacturing,Metal Fabrication,Industrials,accept
B81,XETRA,"TPG INC CLASS A  DL-,001",B81,TPG Inc Class A,XETR,stock,US8726571016,Finance,Investment Managers,Financials,accept
BADE,BVB,BAD SA SUCEAVA,BADE,Bad SA,BVB,stock,ROBADEACNOR2,,,,unsupported_sector
BAFNAPH,BSE_IN,Bafna Pharmaceuticals Ltd,BAFNAPH,Bafna Pharmaceuticals Limited,BSE,stock,INE878I01022,Health Technology,Pharmaceuticals: Major,Health Care,accept
BAGFILMS,BSE_IN,B.A.G. Films and Media Ltd,BAGFILMS,B.A.G. Films & Media Ltd.,BSE,stock,INE116D01028,Consumer Services,Broadcasting,Communication Services,accept
BAIDFIN,BSE_IN,Baid Finserv Ltd,BAIDFIN,Baid Finserv Limited,BSE,stock,INE020D01022,Finance,Finance/Rental/Leasing,Financials,accept
BAIDFIN,NSE_IN,Baid Finserv Limited,BAIDFIN,Baid Finserv Limited,NSE,stock,INE020D01022,Finance,Finance/Rental/Leasing,Financials,accept
BAJAJ-AUTO,BSE_IN,Bajaj Auto Ltd,,,,,,,,,no_tradingview_match
BAJAJCON,BSE_IN,Bajaj Consumer Care Ltd,BAJAJCON,Bajaj Consumer Care Limited,BSE,stock,INE933K01021,Consumer Non-Durables,Household/Personal Care,Consumer Staples,accept
BAJAJELEC,BSE_IN,Bajaj Electricals Ltd,BAJAJELEC,Bajaj Electricals Limited,BSE,stock,INE193E01025,Consumer Durables,Electronics/Appliances,Consumer Discretionary,accept
BAJAJFINSV,BSE_IN,Bajaj Finserv Ltd,BAJAJFINSV,Bajaj Finserv Limited,BSE,stock,INE918I01026,Finance,Life/Health Insurance,Financials,accept
BAJAJHCARE,BSE_IN,Bajaj Healthcare Ltd,BAJAJHCARE,Bajaj Healthcare Ltd,BSE,stock,INE411U01027,Health Technology,Pharmaceuticals: Major,Health Care,accept
BAJAJHFL,BSE_IN,Bajaj Housing Finance Ltd,BAJAJHFL,Bajaj Housing Finance Ltd.,BSE,stock,INE377Y01014,Finance,Finance/Rental/Leasing,Financials,accept
BAJAJHIND,BSE_IN,Bajaj Hindusthan Sugar Ltd,BAJAJHIND,Bajaj Hindusthan Sugar Limited,BSE,stock,INE306A01021,Process Industries,Agricultural Commodities/Milling,Consumer Staples,accept
BAJAJHLDNG,BSE_IN,Bajaj Holdings & Investment Ltd,BAJAJHLDNG,Bajaj Holdings & Investment Limited.,BSE,stock,INE118A01012,Finance,Financial Conglomerates,,unsupported_sector
BAJAJINDEF,BSE_IN,Indef Manufacturing Ltd,BAJAJINDEF,Indef Manufacturing Limited,BSE,stock,INE0O9T01021,Producer Manufacturing,Trucks/Construction/Farm Machinery,Industrials,accept
BAJAJINDEF,NSE_IN,Indef Manufacturing Limited,BAJAJINDEF,Indef Manufacturing Limited,NSE,stock,INE0O9T01021,Producer Manufacturing,Trucks/Construction/Farm Machinery,Industrials,accept
BAJAJST,NSE_IN,Bajaj Steel Industries Limited,BAJAJST,Bajaj Steel Industries Limited,NSE,stock,INE704G01024,Process Industries,Agricultural Commodities/Milling,Consumer Staples,accept
BAJEL,BSE_IN,Bajel Projects Ltd,BAJEL,Bajel Projects Limited,BSE,stock,INE0KQN01018,Industrial Services,Engineering & Construction,Industrials,accept
BAJFINANCE,BSE_IN,Bajaj Finance Ltd,BAJFINANCE,Bajaj Finance Limited,BSE,stock,INE296A01032,Finance,Finance/Rental/Leasing,Financials,accept
BALAJEE,BSE_IN,Shree Tirupati Balajee Agro Trading Company Ltd,BALAJEE,Shree Tirupati Balajee Agro Trading Company Limited,BSE,stock,INE0S2G01011,Process Industries,Containers/Packaging,Materials,accept
BALAJEE,NSE_IN,Shree Tirupati Balajee Agro Trading Company Limited,BALAJEE,Shree Tirupati Balajee Agro Trading Company Limited,NSE,stock,INE0S2G01011,Process Industries,Containers/Packaging,Materials,accept
BALAJITELE,BSE_IN,Balaji Telefilms Ltd,BALAJITELE,Balaji Telefilms Limited,BSE,stock,INE794B01026,Consumer Services,Movies/Entertainment,Communication Services,accept
BALAMINES,BSE_IN,Balaji Amines Ltd,BALAMINES,Balaji Amines Limited,BSE,stock,INE050E01027,Process Industries,Chemicals: Specialty,Materials,accept
BALKRISHNA,BSE_IN,Balkrishna Paper Mills Ltd,BALKRISHNA,Balkrishna Paper Mills Ltd.,BSE,stock,INE875R01011,Process Industries,Pulp & Paper,Materials,accept
BALKRISIND,BSE_IN,Balkrishna Industries Ltd,BALKRISIND,Balkrishna Industries Limited,BSE,stock,INE787D01026,Consumer Durables,Automotive Aftermarket,Consumer Discretionary,accept
BALMLAWRIE,BSE_IN,Balmer Lawrie & Company Ltd,BALMLAWRIE,Balmer Lawrie & Co. Ltd.,BSE,stock,INE164A01016,Producer Manufacturing,Industrial Conglomerates,Industrials,accept
BALN,BVB,TRATAMENT BALNEAR BUZIAS SA BUZIAS,BALN,Tratament Balnear Buzias SA,BVB,stock,ROBALNACNOR6,Consumer Services,Hotels/Resorts/Cruise lines,Consumer Discretionary,accept
BALPHARMA,BSE_IN,Bal Pharma Ltd,BALPHARMA,Bal Pharma Limited,BSE,stock,INE083D01012,Health Technology,Pharmaceuticals: Major,Health Care,accept
BALRAMCHIN,BSE_IN,Balrampur Chini Mills Ltd,BALRAMCHIN,Balrampur Chini Mills Ltd,BSE,stock,INE119A01028,Process Industries,Agricultural Commodities/Milling,Consumer Staples,accept
BALUFORGE,NSE_IN,Balu Forge Industries Limited,BALUFORGE,Balu Forge Industries Ltd,NSE,stock,INE011E01029,Producer Manufacturing,Trucks/Construction/Farm Machinery,Industrials,accept
BANARBEADS,BSE_IN,Banaras Beads Ltd,BANARBEADS,Banaras Beads Limited,BSE,stock,INE655B01011,Consumer Durables,Other Consumer Specialties,Consumer Discretionary,accept
BANARISUG,BSE_IN,Bannari Amman Sugars Ltd,BANARISUG,Bannari Amman Sugars Limited,BSE,stock,INE459A01010,Process Industries,Agricultural Commodities/Milling,Consumer Staples,accept
BANCOINDIA,BSE_IN,Banco Products (India) Ltd,BANCOINDIA,Banco Products (India) Limited,BSE,stock,INE213C01025,Producer Manufacturing,Industrial Machinery,Industrials,accept
BANDHANBNK,BSE_IN,Bandhan Bank Ltd,BANDHANBNK,Bandhan Bank Ltd.,BSE,stock,INE545U01014,Finance,Major Banks,Financials,accept
BANG,BSE_IN,Bang Overseas Ltd,BANG,Bang Overseas Limited,BSE,stock,INE863I01016,Consumer Non-Durables,Apparel/Footwear,Consumer Staples,accept
BANKBARODA,BSE_IN,Bank of Baroda,BANKBARODA,Bank of Baroda,BSE,stock,INE028A01039,Finance,Major Banks,Financials,accept
BANKINDIA,BSE_IN,Bank of India,BANKINDIA,Bank of India,BSE,stock,INE084A01016,Finance,Major Banks,Financials,accept
BANSALWIRE,BSE_IN,Bansal Wire Industries Ltd,BANSALWIRE,Bansal Wire Industries Limited,BSE,stock,INE0B9K01025,Non-Energy Minerals,Steel,Materials,accept
BANSALWIRE,NSE_IN,Bansal Wire Industries Limited,BANSALWIRE,Bansal Wire Industries Limited,NSE,stock,INE0B9K01025,Non-Energy Minerals,Steel,Materials,accept
BANSWRAS,BSE_IN,Banswara Syntex Ltd,BANSWRAS,Banswara Syntex Ltd,BSE,stock,INE629D01020,Process Industries,Textiles,Materials,accept
BASF,BSE_IN,BASF India Ltd,BASF,BASF India Limited,BSE,stock,INE373A01013,Process Industries,Chemicals: Specialty,Materials,accept
BASML,BSE_IN,Bannari Amman Spinning Mills Ltd,BASML,Bannari Amman Spinning Mills Limited,BSE,stock,INE186H01022,Process Industries,Textiles,Materials,accept
BATAINDIA,BSE_IN,Bata India Ltd,BATAINDIA,Bata India Ltd,BSE,stock,INE176A01028,Consumer Non-Durables,Apparel/Footwear,Consumer Staples,accept
BATLIBOI,NSE_IN,Batliboi Limited,BATLIBOI,Batliboi Limited,NSE,stock,INE177C01022,Producer Manufacturing,Industrial Machinery,Industrials,accept
BAYERCROP,BSE_IN,Bayer CropScience Ltd,BAYERCROP,Bayer Cropscience India Limited,BSE,stock,INE462A01022,Process Industries,Chemicals: Agricultural,Materials,accept
BAYN,BVB,BAYER AG.,BAYN,Bayer AG,BVB,stock,DE000BAY0017,Health Technology,Pharmaceuticals: Major,Health Care,accept
BBGA,BVB,ALUM SA Tulcea,BBGA,Alum SA,BVB,stock,ROBBGAACNOR1,Non-Energy Minerals,Aluminum,Materials,accept
BBL,BSE_IN,Bharat Bijlee Ltd,BBL,Bharat Bijlee Limited,BSE,stock,INE464A01036,Producer Manufacturing,Electrical Products,Industrials,accept
BBN1,XETRA,"BLACKSTONE INC. DL-,00001",BBN1,Blackstone Inc.,XETR,stock,US09260D1072,Finance,Investment Managers,Financials,accept
BBOX,BSE_IN,Black Box Ltd,BBOX,Black Box Limited,BSE,stock,INE676A01027,Technology Services,Information Technology Services,Information Technology,accept
BBTC,BSE_IN,The Bombay Burmah Trading Corporation Ltd,BBTC,Bombay Burmah Trading Corp. Ltd.,BSE,stock,INE050A01025,Consumer Non-Durables,Food: Major Diversified,Consumer Staples,accept
BBTCL,BSE_IN,B&B Triplewall Containers Ltd,BBTCL,B&B Triplewall Containers Ltd.,BSE,stock,INE01EE01011,Process Industries,Containers/Packaging,Materials,accept
BBTCL,NSE_IN,B&B Triplewall Containers Limited,BBTCL,B&B Triplewall Containers Ltd.,NSE,stock,INE01EE01011,Process Industries,Containers/Packaging,Materials,accept
BBUC,TSX,Brookfield Business Corp,BBUC,Brookfield Business Corporation Class A,TSX,stock,CA1130061007,Finance,Financial Conglomerates,,unsupported_sector
BCCQ,NASDAQ,Bleichroeder Acquisition Corp. III - Class A Ordinary Shares,BCCQ,Bleichroeder Acquisition Corp. III Class A,NASDAQ,stock,KYG1170M1069,Finance,Financial Conglomerates,,unsupported_sector
BCG,BSE_IN,Brightcom Group Ltd,BCG,Brightcom Group Limited,BSE,stock,INE425B01027,Technology Services,Packaged Software,Information Technology,accept
BCLIND,BSE_IN,BCL Industries Ltd,BCLIND,BCL Industries Ltd,BSE,stock,INE412G01024,Consumer Non-Durables,Food: Major Diversified,Consumer Staples,accept
BCONCEPTS,BSE_IN,Brand Concepts Ltd,BCONCEPTS,Brand Concepts Ltd.,BSE,stock,INE977Y01011,Consumer Durables,Home Furnishings,Consumer Discretionary,accept
BCPL,NSE_IN,BCPL Railway Infrastructure Limited,BCPL,BCPL Railway Infrastructure Ltd.,NSE,stock,INE00SW01015,Industrial Services,Engineering & Construction,Industrials,accept
BDL,BSE_IN,Bharat Dynamics Ltd,BDL,Bharat Dynamics Ltd.,BSE,stock,INE171Z01026,Electronic Technology,Aerospace & Defense,Industrials,accept
BECTORFOOD,BSE_IN,Mrs. Bectors Food Specialities Ltd,BECTORFOOD,Mrs. Bector's Food Specialities Ltd.,BSE,stock,INE495P01020,Consumer Non-Durables,Food: Specialty/Candy,Consumer Staples,accept
BEDMUTHA,NSE_IN,Bedmutha Industries Limited,BEDMUTHA,Bedmutha Industries Limited,NSE,stock,INE844K01012,Non-Energy Minerals,Steel,Materials,accept
BEEKAY,NSE_IN,Beekay Steel Industries Limited,BEEKAY,Beekay Steel Industries Ltd.,NSE,stock,INE213D01015,Non-Energy Minerals,Steel,Materials,accept
BEL,BSE_IN,Bharat Electronics Ltd,BEL,Bharat Electronics Limited,BSE,stock,INE263A01024,Electronic Technology,Aerospace & Defense,Industrials,accept
BELLACASA,BSE_IN,Bella Casa Fashion & Retail Ltd,BELLACASA,Bella Casa Fashion & Retail Ltd.,BSE,stock,INE344T01014,Consumer Durables,Home Furnishings,Consumer Discretionary,accept
BELRISE,BSE_IN,Belrise Industries Ltd,BELRISE,Belrise Industries Limited,BSE,stock,INE894V01022,Producer Manufacturing,Auto Parts: OEM,Industrials,accept
BEML,BSE_IN,BEML Ltd,BEML,BEML Limited,BSE,stock,INE258A01024,Producer Manufacturing,Trucks/Construction/Farm Machinery,Industrials,accept
BENARAS,NSE_IN,Benares Hotels Limited,BENARAS,Benares Hotels Limited,NSE,stock,INE664D01019,Consumer Services,Hotels/Resorts/Cruise lines,Consumer Discretionary,accept
BENGALASM,NSE_IN,Bengal & Assam Company Limited,BENGALASM,Bengal & Assam Co. Ltd.,NSE,stock,INE083K01017,Consumer Durables,Automotive Aftermarket,Consumer Discretionary,accept
BENH,XETRA,BENO HOLDING AG  INH O.N.,BENH,BENO Holding AG,XETR,stock,DE000A11QLP3,Finance,Real Estate Development,Real Estate,accept
BEPL,BSE_IN,Bhansali Engineering Polymers Ltd,BEPL,Bhansali Engineering Polymers Ltd.,BSE,stock,INE922A01025,Process Industries,Industrial Specialties,Materials,accept
BERGEPAINT,BSE_IN,Berger Paints India Ltd,BERGEPAINT,Berger Paints India Limited,BSE,stock,INE463A01038,Process Industries,Industrial Specialties,Materials,accept
BESTAGRO,NSE_IN,Best Agrolife Limited,BESTAGRO,Best Agrolife Ltd.,NSE,stock,INE052T01021,Process Industries,Chemicals: Agricultural,Materials,accept
BETALA,BSE_IN,Betala Global Securities Ltd,BETALA,Betala Global Securities Ltd.,BSE,stock,INE658E01027,Finance,Investment Banks/Brokers,Financials,accept
BF5B,XETRA,BROWN-FORMAN CORP B DL-15,BF5B,Brown-Forman Corporation Class B,XETR,stock,US1156372096,Consumer Non-Durables,Beverages: Alcoholic,Consumer Staples,accept
BFINVEST,BSE_IN,BF Investment Ltd,BFINVEST,BF Investment Limited,BSE,stock,INE878K01010,Finance,Financial Conglomerates,,unsupported_sector
BFUTILITIE,NSE_IN,BF Utilities Limited,BFUTILITIE,BF Utilities Ltd.,NSE,stock,INE243D01012,Industrial Services,Engineering & Construction,Industrials,accept
BGLOBAL,NSE_IN,Bharatiya Global Infomedia Limited,BGLOBAL,Bharatiya Global Infomedia Limited,NSE,stock,INE224M01013,Commercial Services,Miscellaneous Commercial Services,Industrials,accept
BGRENERGY,NSE_IN,BGR Energy Systems Limited,BGRENERGY,BGR Energy Systems Limited,NSE,stock,INE661I01014,Industrial Services,Engineering & Construction,Industrials,accept
BH3,XETRA,"PTC THERAPEUTICS  DL-,001",BH3,"PTC Therapeutics, Inc.",XETR,stock,US69366J2006,Health Technology,Pharmaceuticals: Major,Health Care,accept
BHA,XETRA,"BRIGHT HOR.FAM.SO.DL-,001",BHA,"Bright Horizons Family Solutions, Inc.",XETR,stock,US1091941005,Commercial Services,Miscellaneous Commercial Services,Industrials,accept
BHAGCHEM,BSE_IN,Bhagiradha Chemicals & Industries Ltd,BHAGCHEM,Bhagiradha Chemicals & Industries Ltd.,BSE,stock,INE414D01027,Process Industries,Chemicals: Agricultural,Materials,accept
BHAGERIA,BSE_IN,Bhageria Industries Ltd,BHAGERIA,Bhageria Industries Ltd.,BSE,stock,INE354C01027,Process Industries,Chemicals: Specialty,Materials,accept
BHAGYANGR,BSE_IN,Bhagyanagar India Ltd,BHAGYANGR,Bhagyanagar India Limited,BSE,stock,INE458B01036,Producer Manufacturing,Electrical Products,Industrials,accept
BHANDARI,BSE_IN,Bhandari Hosiery Exports Ltd,BHANDARI,Bhandari Hosiery Exports Ltd,BSE,stock,INE474E01029,Consumer Non-Durables,Apparel/Footwear,Consumer Staples,accept
BHARATCOAL,BSE_IN,Bharat Coking Coal Ltd,BHARATCOAL,Bharat Coking Coal Limited,BSE,stock,INE05XR01022,Energy Minerals,Coal,Energy,accept
BHARATFORG,BSE_IN,Bharat Forge Ltd,BHARATFORG,Bharat Forge Ltd,BSE,stock,INE465A01025,Producer Manufacturing,Metal Fabrication,Industrials,accept
BHARATGEAR,BSE_IN,Bharat Gears Ltd,BHARATGEAR,Bharat Gears Limited,BSE,stock,INE561C01019,Producer Manufacturing,Trucks/Construction/Farm Machinery,Industrials,accept
BHARATRAS,BSE_IN,Bharat Rasayan Ltd,BHARATRAS,Bharat Rasayan Limited,BSE,stock,INE838B01021,Process Industries,Chemicals: Agricultural,Materials,accept
BHARATSE,NSE_IN,Bharat Seats Limited,BHARATSE,Bharat Seats Limited,NSE,stock,INE415D01024,Producer Manufacturing,Auto Parts: OEM,Industrials,accept
BHARATWIRE,BSE_IN,Bharat Wire Ropes Ltd,BHARATWIRE,Bharat Wire Ropes Ltd.,BSE,stock,INE316L01019,Producer Manufacturing,Metal Fabrication,Industrials,accept
BHARTIARTL,BSE_IN,Bharti Airtel Ltd,BHARTIARTL,Bharti Airtel Limited,BSE,stock,INE397D01024,Communications,Wireless Telecommunications,Communication Services,accept
BHARTIHEXA,BSE_IN,Bharti Hexacom Ltd,BHARTIHEXA,Bharti Hexacom Limited,BSE,stock,INE343G01021,Communications,Wireless Telecommunications,Communication Services,accept
BHEL,BSE_IN,Bharat Heavy Electricals Ltd,BHEL,Bharat Heavy Electricals Limited,BSE,stock,INE257A01026,Producer Manufacturing,Electrical Products,Industrials,accept
BI,NSE_IN,Bilcare Limited,BI,Bilcare Ltd,NSE,stock,INE986A01012,Process Industries,Containers/Packaging,Materials,accept
BIBU,BVB,BTT SA BUCURESTI,BIBU,Biroul de Turism pentru Tineret SA,BVB,stock,ROBIBUACNOR5,Consumer Services,Hotels/Resorts/Cruise lines,Consumer Discretionary,accept
BIGBLOC,BSE_IN,Bigbloc Construction Ltd,BIGBLOC,BIGBLOC Construction Ltd,BSE,stock,INE412U01025,Non-Energy Minerals,Construction Materials,Materials,accept
BIKAJI,BSE_IN,Bikaji Foods International Ltd,BIKAJI,Bikaji Foods International Ltd.,BSE,stock,INE00E101023,Consumer Non-Durables,Food: Specialty/Candy,Consumer Staples,accept
BIL,BSE_IN,Bhartiya International Ltd,BIL,Bhartiya International Limited,BSE,stock,INE828A01016,Consumer Non-Durables,Consumer Sundries,Consumer Staples,accept
BILVYAPAR,NSE_IN,BIL VYAPAR LIMITED,BILVYAPAR,Bil Vyapar Ltd,NSE,stock,INE071A01013,Consumer Durables,Home Furnishings,Consumer Discretionary,accept
BIMETAL,NSE_IN,Bimetal Bearings Limited,BIMETAL,Bimetal Bearings Limited,NSE,stock,INE469A01019,Producer Manufacturing,Auto Parts: OEM,Industrials,accept
BIOCON,BSE_IN,Biocon Ltd,BIOCON,Biocon Limited,BSE,stock,INE376G01013,Health Technology,Pharmaceuticals: Major,Health Care,accept
BIOFILCHEM,BSE_IN,Biofil Chemicals & Pharmaceuticals Ltd,BIOFILCHEM,Biofil Chemicals & Pharmaceuticals Ltd.,BSE,stock,INE829A01014,Health Technology,Pharmaceuticals: Major,Health Care,accept
BIRLACABLE,BSE_IN,Birla Cable Ltd,BIRLACABLE,Birla Cable Limited,BSE,stock,INE800A01015,Producer Manufacturing,Electrical Products,Industrials,accept
BIRLACORPN,BSE_IN,Birla Corporation Ltd,BIRLACORPN,Birla Corporation Limited,BSE,stock,INE340A01012,Non-Energy Minerals,Construction Materials,Materials,accept
BIRLACOT,BSE_IN,Birla Cotsyn (India) Ltd,BIRLACOT,Birla Cotsyn (India) Limited,BSE,stock,INE655I01032,Process Industries,Textiles,Materials,accept
BIRLAMONEY,BSE_IN,Aditya Birla Money Ltd,BIRLAMONEY,Aditya Birla Money Limited,BSE,stock,INE865C01022,Finance,Investment Banks/Brokers,Financials,accept
BIRLANU,BSE_IN,Birlanu Ltd,BIRLANU,Birlanu Limited,BSE,stock,INE557A01011,Non-Energy Minerals,Forest Products,Materials,accept
BIRLAPREC,NSE_IN,Birla Precision Technologies Limited,BIRLAPREC,Birla Precision Technologies Limited,NSE,stock,INE372E01025,Producer Manufacturing,Industrial Machinery,Industrials,accept
BKD,XETRA,"BRUKER CORP.      DL -,01",BKD,Bruker Corporation,XETR,stock,US1167941087,Health Technology,Medical Specialties,Health Care,accept
BLACKBUCK,BSE_IN,Black Buck Ltd,BLACKBUCK,Blackbuck Ltd,BSE,stock,INE0UIZ01018,Technology Services,Packaged Software,Information Technology,accept
BLACKBUCK,NSE_IN,BLACKBUCK LIMITED,BLACKBUCK,Blackbuck Ltd,NSE,stock,INE0UIZ01018,Technology Services,Packaged Software,Information Technology,accept
BLACKROSE,NSE_IN,Black Rose Inds. Limited,BLACKROSE,Black Rose Industries Limited,NSE,stock,INE761G01016,Distribution Services,Wholesale Distributors,Industrials,accept
BLAL,BSE_IN,BEML Land Assets Ltd,BLAL,BEML Land Assets Limited,BSE,stock,INE0N7W01012,Finance,Investment Managers,Financials,accept
BLAL,NSE_IN,BEML Land Assets Limited,BLAL,BEML Land Assets Limited,NSE,stock,INE0N7W01012,Finance,Investment Managers,Financials,accept
BLBLIMITED,NSE_IN,BLB Limited,BLBLIMITED,BLB Limited,NSE,stock,INE791A01024,Finance,Investment Banks/Brokers,Financials,accept
BLEA,BVB,BALEA ESTIVAL 2002 SA NEPTUN,BLEA,Balea Estival 2002 SA,BVB,stock,ROBLEAACNOR5,Consumer Services,Hotels/Resorts/Cruise lines,Consumer Discretionary,accept
BLEL,BSE_IN,Behari Lal Engineering Ltd,BLEL,Behari Lal Engineering Limited,BSE,stock,INE1EEM01017,Non-Energy Minerals,Steel,Materials,accept
BLEL,NSE_IN,Behari Lal Engineering Limited,BLEL,Behari Lal Engineering Limited,NSE,stock,INE1EEM01017,Non-Energy Minerals,Steel,Materials,accept
BLIL,NSE_IN,Balmer Lawrie Investments Limited,BLIL,Balmer Lawrie Investments Limited,NSE,stock,INE525F01025,Commercial Services,Miscellaneous Commercial Services,Industrials,accept
BLISSGVS,BSE_IN,Bliss GVS Pharma Ltd,BLISSGVS,Bliss GVS Pharma Limited,BSE,stock,INE416D01022,Health Technology,Pharmaceuticals: Major,Health Care,accept
BLKASHYAP,BSE_IN,B. L. Kashyap and Sons Ltd,BLKASHYAP,B.L. Kashyap & Sons Ltd.,BSE,stock,INE350H01032,Industrial Services,Engineering & Construction,Industrials,accept
BLS,BSE_IN,BLS International Services Ltd,BLS,BLS International Services Ltd.,BSE,stock,INE153T01027,Technology Services,Data Processing Services,Information Technology,accept
BLSE,BSE_IN,BLS E-Services Ltd,BLSE,BLS E-Services Limited,BSE,stock,INE0NLT01028,Technology Services,Internet Software/Services,Information Technology,accept
BLUECHIP,NSE_IN,Blue Chip India Limited,BLUECHIP,Blue Chip India Ltd,NSE,stock,INE657B01025,Finance,Finance/Rental/Leasing,Financials,accept
BLUECLOUDS,NSE_IN,Blue Cloud Softech Solutions Limited,BLUECLOUDS,Blue Cloud Softech Solutions Ltd.,NSE,stock,INE373T01047,Process Industries,Agricultural Commodities/Milling,Consumer Staples,accept
BLUECOAST,NSE_IN,Blue Coast Hotels Limited,BLUECOAST,Blue Coast Hotels Limited,NSE,stock,INE472B01011,Consumer Services,Hotels/Resorts/Cruise lines,Consumer Discretionary,accept
BLUEDART,BSE_IN,Blue Dart Express Ltd,BLUEDART,Blue Dart Express Limited,BSE,stock,INE233B01017,Transportation,Air Freight/Couriers,Industrials,accept
BLUEJET,BSE_IN,Blue Jet Healthcare Ltd,BLUEJET,Blue Jet Healthcare Limited,BSE,stock,INE0KBH01020,Health Technology,Pharmaceuticals: Major,Health Care,accept
BLUESTARCO,BSE_IN,Blue Star Ltd,BLUESTARCO,Blue Star Limited,BSE,stock,INE472A01039,Producer Manufacturing,Industrial Machinery,Industrials,accept
BLUESTONE,BSE_IN,BlueStone Jewellery and Lifestyle Ltd,BLUESTONE,Bluestone Jewellery and Lifestyle Limited,BSE,stock,INE304W01038,Retail Trade,Specialty Stores,Consumer Discretionary,accept
BLUESTONE,NSE_IN,BlueStone Jewellery and Lifestyle Limited,BLUESTONE,Bluestone Jewellery and Lifestyle Limited,NSE,stock,INE304W01038,Retail Trade,Specialty Stores,Consumer Discretionary,accept
BLUSPRING,BSE_IN,Bluspring Enterprises Ltd,BLUSPRING,Bluspring Enterprises Ltd,BSE,stock,INE0U4101014,Commercial Services,Miscellaneous Commercial Services,Industrials,accept
BLUSPRING,NSE_IN,Bluspring Enterprises Limited,BLUSPRING,Bluspring Enterprises Ltd,NSE,stock,INE0U4101014,Commercial Services,Miscellaneous Commercial Services,Industrials,accept
BMBMUMG,BSE_IN,BMB Music & Magnetics Ltd,BMBMUMG,BMB Music & Magnetics Ltd.,BSE,stock,INE644K01016,Consumer Services,Movies/Entertainment,Communication Services,accept
BMLL,NSE_IN,Bio Medica Laboratories Limited,BMLL,Bio Medica Laboratories Limited,NSE,stock,INE1BKA01015,Health Technology,Pharmaceuticals: Major,Health Care,accept
BMW,BVB,BAYERISCHE MOTOREN WERKE AG,BMW,Bayerische Motoren Werke AG,BVB,stock,DE0005190003,Consumer Durables,Motor Vehicles,Consumer Discretionary,accept
BMWVENTLTD,BSE_IN,BMW Ventures Ltd,BMWVENTLTD,Bmw Ventures Limited,BSE,stock,INE965W01036,Distribution Services,Wholesale Distributors,Industrials,accept
BMWVENTLTD,NSE_IN,BMW Ventures Limited,BMWVENTLTD,Bmw Ventures Limited,NSE,stock,INE965W01036,Distribution Services,Wholesale Distributors,Industrials,accept
BNAGROCHEM,NSE_IN,BN Agrochem Limited,BNAGROCHEM,BN Agrochem Ltd,NSE,stock,INE00HZ01011,Process Industries,Agricultural Commodities/Milling,Consumer Staples,accept
BNALTD,NSE_IN,B & A Limited,BNALTD,B & A Limited,NSE,stock,INE489D01011,Process Industries,Agricultural Commodities/Milling,Consumer Staples,accept
BNAT,BVB,BANAT ESTIVAL 2002 SA OLIMP,BNAT,Banat Estival 2002 SA,BVB,stock,ROBNATACNOR9,Consumer Services,Hotels/Resorts/Cruise lines,Consumer Discretionary,accept
BO5,XETRA,"BOYD GAMING CORP.  DL-,01",BO5,Boyd Gaming Corporation,XETR,stock,US1033041013,Consumer Services,Casinos/Gaming,Consumer Discretionary,accept
BODALCHEM,BSE_IN,Bodal Chemicals Ltd,BODALCHEM,Bodal Chemicals Limited,BSE,stock,INE338D01028,Process Industries,Industrial Specialties,Materials,accept
BONLON,NSE_IN,Bonlon Industries Limited,BONLON,Bonlon Industries Ltd,NSE,stock,INE0B9A01018,Producer Manufacturing,Electrical Products,Industrials,accept
BORANA,NSE_IN,Borana Weaves Limited,BORANA,Borana Weaves Limited,NSE,stock,INE16SF01016,Process Industries,Textiles,Materials,accept
BOROLTD,BSE_IN,Borosil Ltd,BOROLTD,Borosil Ltd,BSE,stock,INE02PY01013,Producer Manufacturing,Miscellaneous Manufacturing,Industrials,accept
BORORENEW,BSE_IN,Borosil Renewables Ltd,BORORENEW,Borosil Renewables Limited,BSE,stock,INE666D01022,Process Industries,Industrial Specialties,Materials,accept
BOROSCI,BSE_IN,Borosil Scientific Ltd,BOROSCI,Borosil Scientific Limited,BSE,stock,INE02L001032,Process Industries,Containers/Packaging,Materials,accept
BOROSCI,NSE_IN,Borosil Scientific Limited,BOROSCI,Borosil Scientific Limited,NSE,stock,INE02L001032,Process Industries,Containers/Packaging,Materials,accept
BOSCH-HCIL,BSE_IN,Bosch Home Comfort India Ltd,,,,,,,,,no_tradingview_match
BOSCHLTD,BSE_IN,Bosch Ltd,BOSCHLTD,Bosch Limited,BSE,stock,INE323A01026,Producer Manufacturing,Auto Parts: OEM,Industrials,accept
BOX,XETRA,"BECTON, DICKINSON    DL 1",BOX,"Becton, Dickinson and Company",XETR,stock,US0758871091,Health Technology,Medical Specialties,Health Care,accept
BPCL,BSE_IN,Bharat Petroleum Corporation Ltd,BPCL,Bharat Petroleum Corporation Limited,BSE,stock,INE029A01011,Energy Minerals,Oil Refining/Marketing,Energy,accept
BPL,BSE_IN,BPL Ltd,BPL,BPL Limited,BSE,stock,INE110A01019,Electronic Technology,Telecommunications Equipment,Information Technology,accept
BPLPHARMA,NSE_IN,Bharat Parenterals Limited,BPLPHARMA,Bharat Parenterals Ltd.,NSE,stock,INE365Y01019,Health Technology,Pharmaceuticals: Major,Health Care,accept
BQ73,XETRA,"RED CAT HDGS INC.DL -,001",BQ73,Red Cat Holdings Inc,XETR,stock,US75644T1007,Technology Services,Packaged Software,Information Technology,accept
BRAHMINFRA,NSE_IN,Brahmaputra Infrastructure Limited,BRAHMINFRA,Brahmaputra Infrastructure Ltd.,NSE,stock,INE320I01017,Industrial Services,Engineering & Construction,Industrials,accept
BRCR,BVB,BRAICONF SA BUCURESTI,BRCR,Braiconf SA,BVB,stock,ROBRCRACNOR0,Consumer Non-Durables,Apparel/Footwear,Consumer Staples,accept
BRIGADE,BSE_IN,Brigade Enterprises Ltd,BRIGADE,Brigade Enterprises Limited,BSE,stock,INE791I01019,Finance,Real Estate Development,Real Estate,accept
BRIGHOTEL,BSE_IN,Brigade Hotel Ventures Ltd,BRIGHOTEL,Brigade Hotel Ventures Limited,BSE,stock,INE03NU01014,Consumer Services,Hotels/Resorts/Cruise lines,Consumer Discretionary,accept
BRIGHTBR,NSE_IN,Bright Brothers Limited,BRIGHTBR,Bright Brothers Limited,NSE,stock,INE630D01010,Process Industries,Industrial Specialties,Materials,accept
BRITANNIA,BSE_IN,Britannia Industries Ltd,BRITANNIA,Britannia Industries Ltd,BSE,stock,INE216A01030,Consumer Non-Durables,Food: Specialty/Candy,Consumer Staples,accept
BRKH,NASDAQ,Burtech Acquisition Corp II - Class A Ordinary Shares,BRKH,Burtech Acquisition Corp. II Class A,NASDAQ,stock,KYG1810A1085,Finance,Financial Conglomerates,,unsupported_sector
BRNL,BSE_IN,Bharat Road Network Ltd,BRNL,Bharat Road Network Ltd.,BSE,stock,INE727S01012,Industrial Services,Engineering & Construction,Industrials,accept
BROOKS,BSE_IN,Brooks Laboratories Ltd,BROOKS,Brooks Laboratories Limited,BSE,stock,INE650L01011,Health Technology,Pharmaceuticals: Major,Health Care,accept
BRTM,NASDAQ,B&R Technology Merger Corp. - Class A Ordinary Shares,BRTM,B&R Technology Merger Corp. Class A,NASDAQ,stock,KYG1535G1091,Finance,Financial Conglomerates,,unsupported_sector
BS81,XETRA,"BENTLEY SYSTEMS B  DL-,01",BS81,"Bentley Systems, Incorporated Class B",XETR,stock,US08265T2087,Technology Services,Information Technology Services,Information Technology,accept
BSHSL,BSE_IN,Bombay Super Hybrid Seeds Ltd,BSHSL,Bombay Super Hybrid Seeds Ltd.,BSE,stock,INE032Z01020,Process Industries,Chemicals: Agricultural,Materials,accept
BSOFT,BSE_IN,Birlasoft Ltd,BSOFT,Birlasoft Limited,BSE,stock,INE836A01035,Technology Services,Packaged Software,Information Technology,accept
BSX,XETRA,"BOSTON SCIENTIFIC  DL-,01",BSX,Boston Scientific Corporation,XETR,stock,US1011371077,Health Technology,Medical Specialties,Health Care,accept
BTML,BSE_IN,Bodhi Tree Multimedia Ltd,BTML,Bodhi Tree Multimedia Ltd.,BSE,stock,INE0EEJ01023,Consumer Services,Movies/Entertainment,Communication Services,accept
BTTL,NSE_IN,Bhilwara Technical Textiles Limited,BTTL,Bhilwara Technical Textiles Limited,NSE,stock,INE274K01012,Process Industries,Textiles,Materials,accept
BTW,XETRA,"BROWN + BROWN      DL-,10",BTW,"Brown & Brown, Inc.",XETR,stock,US1152361010,Finance,Insurance Brokers/Services,Financials,accept
BUCS,BVB,BUCOVINA SA SCHEIA,BUCS,Bucovina SA Scheia,BVB,stock,ROBUCSACNOR2,Consumer Services,Restaurants,Consumer Discretionary,accept
BUI,XETRA,BURLINGTON STORES DL-0001,BUI,"Burlington Stores, Inc.",XETR,stock,US1220171060,Retail Trade,Apparel/Footwear Retail,Consumer Discretionary,accept
BUILDPRO,BSE_IN,Shankara Buildpro Ltd,BUILDPRO,Shankara Buildpro Limited,BSE,stock,INE24OJ01011,Distribution Services,Wholesale Distributors,Industrials,accept
BUILDPRO,NSE_IN,Shankara Buildpro Limited,BUILDPRO,Shankara Buildpro Limited,NSE,stock,INE24OJ01011,Distribution Services,Wholesale Distributors,Industrials,accept
BURNPUR,BSE_IN,Burnpur Cement Ltd,BURNPUR,Burnpur Cement Limited,BSE,stock,INE817H01022,Non-Energy Minerals,Construction Materials,Materials,accept
BURNPUR,NSE_IN,Burnpur Cement Limited,BURNPUR,Burnpur Cement Limited,NSE,stock,INE817H01022,Non-Energy Minerals,Construction Materials,Materials,accept
BUTTERFLY,BSE_IN,Butterfly Gandhimathi Appliances Ltd,BUTTERFLY,Butterfly Gandhimathi Appliances Limited,BSE,stock,INE295F01017,Consumer Durables,Electronics/Appliances,Consumer Discretionary,accept
BUY,XETRA,"BEST BUY CO.       DL-,10",BUY,"Best Buy Co., Inc.",XETR,stock,US0865161014,Retail Trade,Electronics/Appliance Stores,Consumer Discretionary,accept
BVCL,BSE_IN,Barak Valley Cements Ltd,BVCL,Barak Valley Cements Limited,BSE,stock,INE139I01011,Non-Energy Minerals,Construction Materials,Materials,accept
BW9,XETRA,"SANDISK CORP.     DL -,01",BW9,Sandisk Corporation,XETR,stock,US80004C2008,Electronic Technology,Computer Peripherals,Information Technology,accept
BYKE,BSE_IN,The Byke Hospitality Ltd,BYKE,Byke Hospitality Ltd.,BSE,stock,INE319B01014,Consumer Services,Hotels/Resorts/Cruise lines,Consumer Discretionary,accept
BZ4,XETRA,"TE CONNECTIVITY   DL-,01",BZ4,TE Connectivity plc,XETR,stock,IE000IVNQZ81,Electronic Technology,Semiconductors,Information Technology,accept
BZ9,XETRA,BOOZ ALL.HAM. CL.A DL-001,BZ9,Booz Allen Hamilton Holding Corporation Class A,XETR,stock,US0995021062,Commercial Services,Miscellaneous Commercial Services,Industrials,accept
C3R,XETRA,CHERRY SE  O.N.,C3R,Cherry SE,XETR,stock,DE000A41YFJ9,Electronic Technology,Computer Peripherals,Information Technology,accept
C4F,XETRA,"CF INDS HLDGS      DL-,01",C4F,"CF Industries Holdings, Inc.",XETR,stock,US1252691001,Process Industries,Chemicals: Agricultural,Materials,accept
C67,XETRA,"CBOE GLOB.MKTS INC.DL-,01",C67,Cboe Global Markets Inc,XETR,stock,US12503M1080,Finance,Investment Banks/Brokers,Financials,accept
C7N,XETRA,"CROCS INC. DL-,001",C7N,"Crocs, Inc.",XETR,stock,US2270461096,Consumer Non-Durables,Apparel/Footwear,Consumer Staples,accept
C9X0,XETRA,CORE NATURAL RESOURCES,C9X0,"Core Natural Resources, Inc.",XETR,stock,US2189371006,Energy Minerals,Coal,Energy,accept
CA8A,XETRA,"CACI INTL INC. A    DL-,1",CA8A,CACI International Inc Class A,XETR,stock,US1271903049,Technology Services,Information Technology Services,Information Technology,accept
CAB,BVB,GOCAB SOFTWARE S.A.,CAB,GOCAB SOFTWARE S.A.,BVB,stock,ROK3B954ZRB9,,,,unsupported_sector
CAIN,BVB,CASA ALBA - INDEPENDENTA SA SIBIU,CAIN,Casa Alba-Independenta SA Sibiu,BVB,stock,ROCAINACNOR0,Finance,Real Estate Development,Real Estate,accept
CALSOFT,BSE_IN,California Software Company Ltd,CALSOFT,California Software Co. Ltd.,BSE,stock,INE526B01014,Technology Services,Information Technology Services,Information Technology,accept
CAMLINFINE,BSE_IN,Camlin Fine Sciences Ltd,CAMLINFINE,Camlin Fine Sciences Limited,BSE,stock,INE052I01032,Process Industries,Chemicals: Specialty,Materials,accept
CAMPUS,BSE_IN,Campus Activewear Ltd,CAMPUS,Campus Activewear Ltd.,BSE,stock,INE278Y01022,Consumer Non-Durables,Apparel/Footwear,Consumer Staples,accept
CAMS,BSE_IN,Computer Age Management Services Ltd,CAMS,Computer Age Management Services Ltd,BSE,stock,INE596I01020,Technology Services,Information Technology Services,Information Technology,accept
CANBK,BSE_IN,Canara Bank,CANBK,Canara Bank,BSE,stock,INE476A01022,Finance,Major Banks,Financials,accept
CANFINHOME,BSE_IN,Can Fin Homes Ltd,CANFINHOME,Can Fin Homes Ltd.,BSE,stock,INE477A01020,Finance,Finance/Rental/Leasing,Financials,accept
CANHLIFE,BSE_IN,Canara HSBC Life Insurance Company Ltd,CANHLIFE,Canara HSBC Life Insurance Company Limited,BSE,stock,INE01TY01017,Finance,Life/Health Insurance,Financials,accept
CANTABIL,BSE_IN,Cantabil Retail India Ltd,CANTABIL,Cantabil Retail India Limited,BSE,stock,INE068L01024,Consumer Non-Durables,Apparel/Footwear,Consumer Staples,accept
CAO,XETRA,CONAGRA BRANDS INC.  DL 5,CAO,"Conagra Brands, Inc.",XETR,stock,US2058871029,Consumer Non-Durables,Food: Major Diversified,Consumer Staples,accept
CAOR,BVB,SIF HOTELURI SA,CAOR,SIF Hoteluri S.A.,BVB,stock,ROCAORACNOR9,Consumer Services,Hotels/Resorts/Cruise lines,Consumer Discretionary,accept
CAPACITE,BSE_IN,Capacite Infraprojects Ltd,CAPACITE,Capacit'e Infraprojects Ltd.,BSE,stock,INE264T01014,Industrial Services,Engineering & Construction,Industrials,accept
CAPILLARY,BSE_IN,Capillary Technologies India Ltd,CAPILLARY,Capillary Technologies India Ltd.,BSE,stock,INE0ILV01024,Technology Services,Packaged Software,Information Technology,accept
CAPITALSFB,BSE_IN,Capital Small Finance Bank Ltd,CAPITALSFB,Capital Small Finance Bank Limited,BSE,stock,INE646H01017,Finance,Regional Banks,Financials,accept
CAPLIPOINT,BSE_IN,Caplin Point Laboratories Ltd,CAPLIPOINT,Caplin Point Laboratories Limited,BSE,stock,INE475E01026,Health Technology,Pharmaceuticals: Major,Health Care,accept
CAPTRUST,NSE_IN,Capital Trust Limited,CAPTRUST,Capital Trust Ltd. (India),NSE,stock,INE707C01018,Finance,Finance/Rental/Leasing,Financials,accept
CARBORUNIV,BSE_IN,Carborundum Universal Ltd,CARBORUNIV,Carborundum Universal Limited,BSE,stock,INE120A01034,Process Industries,Industrial Specialties,Materials,accept
CARERATING,BSE_IN,CARE Ratings Ltd,CARERATING,CARE Ratings Ltd,BSE,stock,INE752H01013,Commercial Services,Financial Publishing/Services,Industrials,accept
CARRARO,BSE_IN,Carraro India Ltd,CARRARO,Carraro India Ltd.,BSE,stock,INE0V7W01012,Producer Manufacturing,Auto Parts: OEM,Industrials,accept
CARRARO,NSE_IN,Carraro India Limited,CARRARO,Carraro India Ltd.,NSE,stock,INE0V7W01012,Producer Manufacturing,Auto Parts: OEM,Industrials,accept
CARTRADE,BSE_IN,CarTrade Tech Ltd,CARTRADE,CarTrade Tech Ltd.,BSE,stock,INE290S01011,Technology Services,Internet Software/Services,Information Technology,accept
CARYSIL,BSE_IN,Carysil Ltd,CARYSIL,Carysil Limited,BSE,stock,INE482D01024,Consumer Durables,Home Furnishings,Consumer Discretionary,accept
CASTORA,BSE_IN,Castora Agri Commodities Ltd,CASTORA,Castora Agri Commodities Ltd,BSE,stock,INE641H01018,Non-Energy Minerals,Steel,Materials,accept
CASTROLIND,BSE_IN,Castrol India Ltd,CASTROLIND,Castrol India Limited,BSE,stock,INE172A01027,Energy Minerals,Oil Refining/Marketing,Energy,accept
CATL,NASDAQ,Catalyst Acquisition Corp. - Class A Ordinary Share,CATL,Catalyst Acquisition Corp. Class A,NASDAQ,stock,KYG1955J1040,Finance,Financial Conglomerates,,unsupported_sector
CBGB,XETRA,CARLSBERG A/S NAM. B DK20,CBGB,Carlsberg AS Class B,XETR,stock,DK0010181759,Consumer Non-Durables,Beverages: Alcoholic,Consumer Staples,accept
CBK0,XETRA,COMMERZBANK AG Z. VERK.,CBK0,Commerzbank AG,XETR,stock,DE000A41YE64,Finance,Regional Banks,Financials,accept
CBKN,BVB,Commerzbank AG,CBKN,Commerzbank AG,BVB,stock,DE000CBK1001,Finance,Regional Banks,Financials,accept
CCAVENUE,BSE_IN,AvenuesAI Ltd,CCAVENUE,AvenuesAI Ltd,BSE,stock,INE483S01020,Commercial Services,Miscellaneous Commercial Services,Industrials,accept
CCCL,BSE_IN,Consolidated Construction Consortium Ltd,CCCL,Consolidated Construction Consortium Limited,BSE,stock,INE429I01024,Industrial Services,Engineering & Construction,Industrials,accept
CCCT,NASDAQ,Columbus Circle Capital Corp III - Class A Ordinary Shares,CCCT,Columbus Circle Capital Corp. III Class A,NASDAQ,stock,KYG2296W1015,Finance,Financial Conglomerates,,unsupported_sector
CCHHL,BSE_IN,Country Club Hospitality & Holidays Ltd,CCHHL,Country Club Hospitality & Holidays Limited,BSE,stock,INE652F01027,Consumer Services,Other Consumer Services,Consumer Discretionary,accept
CCJ,XETRA,CINCINNATI FINL      DL 2,CCJ,Cincinnati Financial Corporation,XETR,stock,US1720621010,Finance,Multi-Line Insurance,Financials,accept
CCL,BSE_IN,CCL Products (India) Ltd,CCL,CCL Products (India) Limited,BSE,stock,INE421D01022,Consumer Non-Durables,Food: Specialty/Candy,Consumer Staples,accept
CCME,BSE_IN,CCME Global Ltd,CCME,CCME Global Ltd,BSE,stock,INE194N01016,Producer Manufacturing,Miscellaneous Manufacturing,Industrials,accept
CDW,XETRA,"CDW CORP.          DL-,01",CDW,CDW Corporation,XETR,stock,US12514G1085,Technology Services,Information Technology Services,Information Technology,accept
CEATLTD,BSE_IN,Ceat Ltd,CEATLTD,CEAT Limited,BSE,stock,INE482A01020,Consumer Durables,Automotive Aftermarket,Consumer Discretionary,accept
CEIGALL,BSE_IN,Ceigall India Ltd,CEIGALL,Ceigall India Limited,BSE,stock,INE0AG901020,Industrial Services,Engineering & Construction,Industrials,accept
CEIGALL,NSE_IN,Ceigall India Limited,CEIGALL,Ceigall India Limited,NSE,stock,INE0AG901020,Industrial Services,Engineering & Construction,Industrials,accept
CEINSYS,BSE_IN,Ceinsys Tech Ltd,CEINSYS,Ceinsys Tech Ltd,BSE,stock,INE016Q01014,Industrial Services,Engineering & Construction,Industrials,accept
CELEBRITY,BSE_IN,Celebrity Fashions Ltd,CELEBRITY,Celebrity Fashions Limited,BSE,stock,INE185H01016,Consumer Non-Durables,Apparel/Footwear,Consumer Staples,accept
CELLO,BSE_IN,Cello World Ltd,CELLO,Cello World Limited,BSE,stock,INE0LMW01024,Consumer Durables,Home Furnishings,Consumer Discretionary,accept
CEMPRO,BSE_IN,Cemindia Projects Ltd,CEMPRO,Cemindia Projects Ltd,BSE,stock,INE686A01026,Industrial Services,Engineering & Construction,Industrials,accept
CENTENKA,BSE_IN,Century Enka Ltd,CENTENKA,Century Enka Limited,BSE,stock,INE485A01015,Process Industries,Chemicals: Specialty,Materials,accept
CENTEXT,BSE_IN,Century Extrusions Ltd,CENTEXT,Century Extrusions Ltd,BSE,stock,INE281A01026,Producer Manufacturing,Metal Fabrication,Industrials,accept
CENTRALBK,BSE_IN,Central Bank of India,CENTRALBK,Central Bank of India,BSE,stock,INE483A01010,Finance,Major Banks,Financials,accept
CENTRUM,BSE_IN,Centrum Capital Ltd,CENTRUM,Centrum Capital Limited,BSE,stock,INE660C01027,Finance,Investment Managers,Financials,accept
CENTUM,BSE_IN,Centum Electronics Ltd,CENTUM,Centum Electronics Limited,BSE,stock,INE320B01020,Electronic Technology,Electronic Components,Information Technology,accept
CENTUPLE,BSE_IN,Centuple Global Ltd,CENTUPLE,Centuple Global Ltd,BSE,stock,INE396H01019,Distribution Services,Medical Distributors,Industrials,accept
CENTURYOOH,BSE_IN,Century Business Media Ltd,CENTURYOOH,Century Business Media Limited,BSE,stock,INE16VF01010,Commercial Services,Advertising/Marketing Services,Industrials,accept
CENTURYPLY,BSE_IN,Century Plyboards (India) Ltd,CENTURYPLY,Century Plyboards (India) Ltd.,BSE,stock,INE348B01021,Producer Manufacturing,Building Products,Industrials,accept
CERA,BSE_IN,Cera Sanitaryware Ltd,CERA,Cera Sanitaryware Limited,BSE,stock,INE739E01017,Consumer Durables,Home Furnishings,Consumer Discretionary,accept
CEREBRAINT,NSE_IN,Cerebra Integrated Technologies Limited,CEREBRAINT,Cerebra Integrated Technologies Limited,NSE,stock,INE345B01019,Electronic Technology,Computer Peripherals,Information Technology,accept
CESC,BSE_IN,CESC Ltd,CESC,CESC Ltd,BSE,stock,INE486A01021,Utilities,Electric Utilities,Utilities,accept
CEWATER,BSE_IN,Concord Enviro Systems Ltd,CEWATER,Concord Enviro Systems Limited,BSE,stock,INE037Z01029,Industrial Services,Environmental Services,Industrials,accept
CEWATER,NSE_IN,Concord Enviro Systems Limited,CEWATER,Concord Enviro Systems Limited,NSE,stock,INE037Z01029,Industrial Services,Environmental Services,Industrials,accept
CFED,BVB,CONSTRUCTII FEROVIARE CRAIOVA SA CRAIOVA,CFED,Constructii Feroviare Craiova SA Craiova,BVB,stock,ROCFEDACNOR9,Industrial Services,Engineering & Construction,Industrials,accept
CFEL,NSE_IN,Confidence Futuristic Energetech Limited,CFEL,Confidence Futuristic Energetech Ltd.,NSE,stock,INE700F01024,Process Industries,Textiles,Materials,accept
CFZ,XETRA,"CULLEN/FROST BANKE.DL-,01",CFZ,"Cullen/Frost Bankers, Inc.",XETR,stock,US2298991090,Finance,Regional Banks,Financials,accept
CGCF,NASDAQ,Cartesian Growth Corporation IV - Class A Ordinary Shares,CGCF,Cartesian Growth Corporation IV Class A,NASDAQ,stock,KYG193161018,Finance,Financial Conglomerates,,unsupported_sector
CGCL,BSE_IN,Capri Global Capital Ltd,CGCL,Capri Global Capital Limited,BSE,stock,INE180C01042,Finance,Finance/Rental/Leasing,Financials,accept
CGD,XETRA,"CNX RES CORP.      DL-,01",CGD,CNX Resources Corporation,XETR,stock,US12653C1080,Energy Minerals,Oil & Gas Production,Energy,accept
CGPOWER,BSE_IN,CG Power and Industrial Solutions Ltd,CGPOWER,CG Power & Industrial Solutions Ltd,BSE,stock,INE067A01029,Producer Manufacturing,Electrical Products,Industrials,accept
CGVAK,NSE_IN,CG Vak Software & Exports Limited,CGVAK,CG-VAK Software & Exports Ltd.,NSE,stock,INE084D01010,Technology Services,Information Technology Services,Information Technology,accept
CH2,XETRA,LUCID GROUP INC. NEW O.N.,CH2,"Lucid Group, Inc.",XETR,stock,US5494982029,Consumer Durables,Motor Vehicles,Consumer Discretionary,accept
CHALET,BSE_IN,Chalet Hotels Ltd,CHALET,Chalet Hotels Ltd.,BSE,stock,INE427F01016,Consumer Services,Hotels/Resorts/Cruise lines,Consumer Discretionary,accept
CHEMBOND,BSE_IN,Chembond Material Technologies Ltd,CHEMBOND,Chembond Material Technologies Limited,BSE,stock,INE995D01025,Process Industries,Chemicals: Major Diversified,Materials,accept
CHEMBONDCH,BSE_IN,Chembond Chemicals Ltd,CHEMBONDCH,Chembond Chemicals Limited,BSE,stock,INE0TGX01019,Process Industries,Chemicals: Major Diversified,Materials,accept
CHEMBONDCH,NSE_IN,Chembond Chemicals Limited,CHEMBONDCH,Chembond Chemicals Limited,NSE,stock,INE0TGX01019,Process Industries,Chemicals: Major Diversified,Materials,accept
CHEMCON,BSE_IN,Chemcon Speciality Chemicals Ltd,CHEMCON,Chemcon Speciality Chemicals Ltd,BSE,stock,INE03YM01018,Process Industries,Chemicals: Specialty,Materials,accept
CHEMCRUX,NSE_IN,Chemcrux Enterprises Limited,CHEMCRUX,Chemcrux Enterprises Ltd.,NSE,stock,INE298W01016,Process Industries,Chemicals: Major Diversified,Materials,accept
CHEMFAB,BSE_IN,Chemfab Alkalis Ltd,CHEMFAB,Chemfab Alkalis Ltd.,BSE,stock,INE783X01023,Process Industries,Chemicals: Specialty,Materials,accept
CHEMPLASTS,BSE_IN,Chemplast Sanmar Ltd,CHEMPLASTS,Chemplast Sanmar Limited,BSE,stock,INE488A01050,Process Industries,Chemicals: Major Diversified,Materials,accept
CHENNPETRO,BSE_IN,Chennai Petroleum Corporation Ltd,CHENNPETRO,Chennai Petroleum Corporation Limited,BSE,stock,INE178A01016,Energy Minerals,Oil Refining/Marketing,Energy,accept
CHEVIOT,BSE_IN,Cheviot Company Ltd,CHEVIOT,Cheviot Co. Ltd.,BSE,stock,INE974B01016,Process Industries,Textiles,Materials,accept
CHIA,BVB,CONSTRUCTII HIDROTEHNICE SA IASI,CHIA,Constructii Hidrotehnice SA Iasi,BVB,stock,ROCHIAACNOR2,Industrial Services,Engineering & Construction,Industrials,accept
CHOICEIN,BSE_IN,Choice International Ltd,CHOICEIN,Choice International Limited,BSE,stock,INE102B01014,Commercial Services,Miscellaneous Commercial Services,Industrials,accept
CHOLAFIN,BSE_IN,Cholamandalam Investment and Finance Company Ltd,CHOLAFIN,Cholamandalam Investment and Finance Co. Ltd.,BSE,stock,INE121A01024,Finance,Finance/Rental/Leasing,Financials,accept
CHOLAHLDNG,BSE_IN,Cholamandalam Financial Holdings Ltd,CHOLAHLDNG,Cholamandalam Financial Holdings Ltd,BSE,stock,INE149A01033,Finance,Finance/Rental/Leasing,Financials,accept
CHQ1,XETRA,"CHENIERE ENERGY   DL-,003",CHQ1,"Cheniere Energy, Inc.",XETR,stock,US16411R2085,Industrial Services,Oil & Gas Pipelines,Industrials,accept
CHR,XETRA,CHURCHILL DOWNS INC.,CHR,Churchill Downs Incorporated,XETR,stock,US1714841087,Consumer Services,Movies/Entertainment,Communication Services,accept
CICE,BVB,CICERO SA DR. T. SEVERIN,CICE,Cicero SA,BVB,stock,ROCICEACNOR5,,,,unsupported_sector
CICO,BVB,CI-CO SA,CICO,CI-CO SA,BVB,stock,ROCICOACNOR4,,,,unsupported_sector
CIEINDIA,BSE_IN,CIE Automotive India Ltd,CIEINDIA,CIE Automotive India Ltd,BSE,stock,INE536H01010,Producer Manufacturing,Auto Parts: OEM,Industrials,accept
CIFL,NSE_IN,Capital India Finance Limited,CIFL,Capital India Finance Ltd,NSE,stock,INE345H01024,Finance,Finance/Rental/Leasing,Financials,accept
CINELINE,BSE_IN,Cineline India Ltd,CINELINE,Cineline India Limited,BSE,stock,INE704H01022,Consumer Services,Movies/Entertainment,Communication Services,accept
CINEVISTA,BSE_IN,Cinevista Ltd,CINEVISTA,Cinevista Ltd.,BSE,stock,INE039B01026,Consumer Services,Movies/Entertainment,Communication Services,accept
CIPLA,BSE_IN,Cipla Ltd,CIPLA,Cipla Ltd,BSE,stock,INE059A01026,Health Technology,Pharmaceuticals: Other,Health Care,accept
CIRC,NASDAQ,"Circle8 Group, Inc. - Common Stock",CIRC,"Circle8 Group, Inc.",NASDAQ,stock,US0485921094,Health Technology,Pharmaceuticals: Major,Health Care,accept
CITIZEN,BSE_IN,Citizen Solar Ltd,CITIZEN,Citizen Solar Limited,BSE,stock,INE473L01018,Commercial Services,Advertising/Marketing Services,Industrials,accept
CLAIM,BVB,AIR CLAIM,CLAIM,Air Claim SA,BVB,stock,ROTNUON975Y2,Consumer Services,Other Consumer Services,Consumer Discretionary,accept
CLAYCRAFT,NSE_IN,Clay Craft India Limited,CLAYCRAFT,Clay Craft India Limited,NSE,stock,INE1QGM01024,Consumer Durables,Home Furnishings,Consumer Discretionary,accept
CLCIND,NSE_IN,CLC Industries Limited,CLCIND,CLC Industries Limited,NSE,stock,INE376C01038,Process Industries,Textiles,Materials,accept
CLE,XETRA,CARLISLE COS. INC.   DL 1,CLE,Carlisle Companies Incorporated,XETR,stock,US1423391002,Producer Manufacturing,Building Products,Industrials,accept
CLEAN,BSE_IN,Clean Science and Technology Ltd,CLEAN,Clean Science & Technology Ltd.,BSE,stock,INE227W01023,Process Industries,Chemicals: Specialty,Materials,accept
CLEANMAX,BSE_IN,Clean Max Enviro Energy Solutions Ltd,CLEANMAX,Clean Max Enviro Energy Solutions Limited,BSE,stock,INE647U01026,Utilities,Alternative Power Generation,Utilities,accept
CLEANMAX,NSE_IN,Clean Max Enviro Energy Solutions Limited,CLEANMAX,Clean Max Enviro Energy Solutions Limited,NSE,stock,INE647U01026,Utilities,Alternative Power Generation,Utilities,accept
CLEDUCATE,NSE_IN,CL Educate Limited,CLEDUCATE,CL Educate Ltd.,NSE,stock,INE201M01029,Commercial Services,Miscellaneous Commercial Services,Industrials,accept
CLH,XETRA,CARDINAL HEALTH INC.,CLH,"Cardinal Health, Inc.",XETR,stock,US14149Y1082,Distribution Services,Medical Distributors,Industrials,accept
CLSEL,BSE_IN,Chaman Lal Setia Exports Ltd,CLSEL,Chaman Lal Setia Exports Limited,BSE,stock,INE419D01026,Process Industries,Agricultural Commodities/Milling,Consumer Staples,accept
CLUB,BVB,HOTEL CLUB ESTIVAL 2002 SA NEPTUN,CLUB,Hotel Club Estival 2002 SA,BVB,stock,ROCLUBACNOR7,Consumer Services,Hotels/Resorts/Cruise lines,Consumer Discretionary,accept
CM9,XETRA,"VISTANCE NETW.INC.DL-,01",CM9,"Vistance Networks, Inc.",XETR,stock,US20337X1090,Electronic Technology,Telecommunications Equipment,Information Technology,accept
CMBU,BVB,COMMIXT SA BUFTEA,CMBU,Commixt SA,BVB,stock,ROCMBUACNOR5,Finance,Real Estate Development,Real Estate,accept
CMICABLES,NSE_IN,CMI Limited,CMICABLES,CMI Limited,NSE,stock,INE981B01011,Producer Manufacturing,Electrical Products,Industrials,accept
CMLL,BSE_IN,Caliber Mining And Logistics Ltd,CMLL,Caliber Mining and Logistics Limited,BSE,stock,INE11XY01018,Energy Minerals,Coal,Energy,accept
CMLL,NSE_IN,Caliber Mining and Logistics Limited,CMLL,Caliber Mining and Logistics Limited,NSE,stock,INE11XY01018,Energy Minerals,Coal,Energy,accept
CMPDI,BSE_IN,Central Mine Planning & Design Institute Ltd,CMPDI,Central Mine Planning & Design Institute Limited,BSE,stock,INE05HV01027,Commercial Services,Miscellaneous Commercial Services,Industrials,accept
CMRGREEN,BSE_IN,CMR Green Technologies Ltd,CMRGREEN,CMR Green Technologies Limited,BSE,stock,INE00WV01027,Producer Manufacturing,Metal Fabrication,Industrials,accept
CMRGREEN,NSE_IN,CMR Green Technologies Limited,CMRGREEN,CMR Green Technologies Limited,NSE,stock,INE00WV01027,Producer Manufacturing,Metal Fabrication,Industrials,accept
CMSINFO,BSE_IN,CMS Info Systems Ltd,CMSINFO,CMS Info Systems Ltd.,BSE,stock,INE925R01014,Finance,Investment Managers,Financials,accept
CNL,BSE_IN,Creative Newtech Ltd,CNL,Creative Newtech Limited,BSE,stock,INE985W01018,Distribution Services,Electronics Distributors,Industrials,accept
CNP,XETRA,"INGREDION INC.     DL-,01",CNP,Ingredion Incorporated,XETR,stock,US4571871023,Consumer Non-Durables,Food: Specialty/Candy,Consumer Staples,accept
CNTE,BVB,CONTED SA,CNTE,Conted SA,BVB,stock,ROCNTEACNOR9,Consumer Non-Durables,Apparel/Footwear,Consumer Staples,accept
COALINDIA,BSE_IN,Coal India Ltd,COALINDIA,Coal India Ltd.,BSE,stock,INE522F01014,Energy Minerals,Coal,Energy,accept
COASTCORP,BSE_IN,Coastal Corporation Ltd,COASTCORP,Coastal Corporation Limited,BSE,stock,INE377E01024,Transportation,Marine Shipping,Industrials,accept
COASTCORP,NSE_IN,Coastal Corporation Limited,COASTCORP,Coastal Corporation Limited,NSE,stock,INE377E01024,Transportation,Marine Shipping,Industrials,accept
COBL,BVB,BRICOMAT SA SIBIU,COBL,Bricomat SA,BVB,stock,ROCOBLACNOR0,,,,unsupported_sector
COBU,BVB,RENEWABLE HOLDING MANAGEMENT S.A. BUCURESTI,COBU,Concifor SA,BVB,stock,ROCOBUACNOR1,,,,unsupported_sector
COCHINSHIP,BSE_IN,Cochin Shipyard Ltd,COCHINSHIP,Cochin Shipyard Limited,BSE,stock,INE704P01025,Producer Manufacturing,Trucks/Construction/Farm Machinery,Industrials,accept
COCKERILL,NSE_IN,John Cockerill India Limited,COCKERILL,John Cockerill India Limited,NSE,stock,INE515A01019,Non-Energy Minerals,Steel,Materials,accept
COCR,BVB,COCOR SA Bucuresti,COCR,Cocor SA,BVB,stock,ROCOCRACNOR5,Finance,Real Estate Development,Real Estate,accept
COEC,BVB,CONECT BUSINESS PARK SA BUCURESTI,COEC,Conect Business Park SA,BVB,stock,ROCOECACNOR3,Consumer Durables,Homebuilding,Consumer Discretionary,accept
COET,BVB,COMPLEX COMET SA BUCURESTI,COET,Complex Comet SA Bucuresti,BVB,stock,ROCOETACNOR7,Finance,Real Estate Development,Real Estate,accept
COFFEEDAY,BSE_IN,Coffee Day Enterprises Ltd,COFFEEDAY,Coffee Day Enterprises Ltd,BSE,stock,INE335K01011,Consumer Services,Restaurants,Consumer Discretionary,accept
COFORGE,BSE_IN,Coforge Ltd,COFORGE,Coforge Limited,BSE,stock,INE591G01025,Technology Services,Information Technology Services,Information Technology,accept
COHANCE,BSE_IN,Cohance Lifesciences Ltd,COHANCE,Cohance Lifesciences Ltd,BSE,stock,INE03QK01018,Health Technology,Pharmaceuticals: Major,Health Care,accept
COKG,BVB,COMALEX SA Alexandria,COKG,Comalex SA,BVB,stock,ROCOKGACNOR1,Finance,Real Estate Development,Real Estate,accept
COKJ,BVB,CONCIVIA SA BRAILA,COKJ,Concivia SA,BVB,stock,ROCOKJACNOR5,Industrial Services,Engineering & Construction,Industrials,accept
COLK,BVB,CONEX PRAHOVA SA BUCURESTI,COLK,Conex Prahova SA,BVB,stock,ROCOLKACNOR1,,,,unsupported_sector
COLPAL,BSE_IN,Colgate Palmolive (India) Ltd,COLPAL,Colgate-Palmolive (India) Limited,BSE,stock,INE259A01022,Consumer Non-Durables,Household/Personal Care,Consumer Staples,accept
COMFINTE,NSE_IN,Comfort Intech Limited,COMFINTE,Comfort Intech Limited,NSE,stock,INE819A01049,Commercial Services,Miscellaneous Commercial Services,Industrials,accept
COMPEAU,NSE_IN,Competent Automobiles Company Limited,COMPEAU,Competent Automobiles Co. Ltd.,NSE,stock,INE823B01015,Retail Trade,Specialty Stores,Consumer Discretionary,accept
COMPINFO,NSE_IN,Compuage Infocom Limited,COMPINFO,Compuage Infocom Ltd,NSE,stock,INE070C01037,Technology Services,Information Technology Services,Information Technology,accept
COMPUSOFT,BSE_IN,Compucom Software Ltd,COMPUSOFT,Compucom Software Limited,BSE,stock,INE453B01029,Technology Services,Information Technology Services,Information Technology,accept
COMSYN,BSE_IN,Commercial Syn Bags Ltd,COMSYN,Commercial Syn Bags Limited,BSE,stock,INE073V01015,Process Industries,Containers/Packaging,Materials,accept
COMY,BVB,COMAT SA GIURGIU,COMY,Comat SA (Giurgiu),BVB,stock,ROCOMYACNOR0,,,,unsupported_sector
CONCOR,BSE_IN,Container Corporation of India Ltd,CONCOR,Container Corporation of India Limited,BSE,stock,INE111A01025,Transportation,Railroads,Industrials,accept
CONCORDBIO,BSE_IN,Concord Biotech Ltd,CONCORDBIO,Concord Biotech Ltd.,BSE,stock,INE338H01029,Commercial Services,Miscellaneous Commercial Services,Industrials,accept
CONFIPET,BSE_IN,Confidence Petroleum India Ltd,CONFIPET,Confidence Petroleum India Limited,BSE,stock,INE552D01024,Retail Trade,Specialty Stores,Consumer Discretionary,accept
CONK,BVB,CONCAS SA BUZAU,CONK,Concas SA,BVB,stock,ROCONKACNOR7,,,,unsupported_sector
CONTROLPR,BSE_IN,Control Print Ltd,CONTROLPR,Control Print Limited,BSE,stock,INE663B01015,Electronic Technology,Computer Peripherals,Information Technology,accept
CORALFINAC,BSE_IN,Coral India Finance & Housing Ltd,CORALFINAC,Coral India Finance & Housing Ltd.,BSE,stock,INE558D01021,Finance,Investment Managers,Financials,accept
CORDELIA,BSE_IN,Waterways Leisure Tourism Ltd,CORDELIA,Waterways Leisure Tourism Limited,BSE,stock,INE0LZF01039,Consumer Services,Hotels/Resorts/Cruise lines,Consumer Discretionary,accept
CORDELIA,NSE_IN,Waterways Leisure Tourism Limited,CORDELIA,Waterways Leisure Tourism Limited,NSE,stock,INE0LZF01039,Consumer Services,Hotels/Resorts/Cruise lines,Consumer Discretionary,accept
CORDSCABLE,BSE_IN,Cords Cable Industries Ltd,CORDSCABLE,Cords Cable Industries Limited,BSE,stock,INE792I01017,Producer Manufacturing,Electrical Products,Industrials,accept
COROMANDEL,BSE_IN,Coromandel International Ltd,COROMANDEL,Coromandel International Limited,BSE,stock,INE169A01031,Process Industries,Chemicals: Specialty,Materials,accept
CORONA,BSE_IN,Corona Remedies Ltd,CORONA,Corona Remedies Limited,BSE,stock,INE02ZQ01018,Health Technology,Pharmaceuticals: Major,Health Care,accept
CORONA,NSE_IN,CORONA Remedies Limited,CORONA,Corona Remedies Limited,NSE,stock,INE02ZQ01018,Health Technology,Pharmaceuticals: Major,Health Care,accept
COSMOFIRST,BSE_IN,Cosmo First Ltd,COSMOFIRST,Cosmo First Limited,BSE,stock,INE757A01017,Process Industries,Containers/Packaging,Materials,accept
COTM,BVB,COMAT SA GALATI,COTM,Comat SA (Galati),BVB,stock,ROCOTMACNOR0,Transportation,Air Freight/Couriers,Industrials,accept
COUNCODOS,BSE_IN,Country Condos Ltd,COUNCODOS,Country Condo's Limited,BSE,stock,INE695B01025,Finance,Real Estate Development,Real Estate,accept
COUT,BVB,COMTURIST SA Bucuresti,COUT,Comturist SA,BVB,stock,ROCOUTACNOR3,,,,unsupported_sector
COVB,BVB,CONFECTII VASLUI SA VASLUI,COVB,Confectii SA Vaslui,BVB,stock,ROCOVBACNOR9,Retail Trade,Apparel/Footwear Retail,Consumer Discretionary,accept
COY,XETRA,"TAPESTRY INC.      DL-,01",COY,"Tapestry, Inc.",XETR,stock,US8760301072,Retail Trade,Apparel/Footwear Retail,Consumer Discretionary,accept
CP60,XETRA,COOPER COS. INC. O.N.,CP60,"Cooper Companies, Inc.",XETR,stock,US2166485019,Health Technology,Medical Specialties,Health Care,accept
CPCAP,BSE_IN,CP Capital Ltd,CPCAP,CP Capital Ltd,BSE,stock,INE521J01018,Consumer Services,Other Consumer Services,Consumer Discretionary,accept
CPEDU,BSE_IN,Career Point Edutech Ltd,CPEDU,Career Point Edutech Limited,BSE,stock,INE0P6P01016,Commercial Services,Miscellaneous Commercial Services,Industrials,accept
CPEDU,NSE_IN,Career Point Edutech Limited,CPEDU,Career Point Edutech Limited,NSE,stock,INE0P6P01016,Commercial Services,Miscellaneous Commercial Services,Industrials,accept
CPHA,BVB,CEPROHART SA BRAILA,CPHA,Ceprohart SA,BVB,stock,ROCPHAACNOR7,Process Industries,Pulp & Paper,Materials,accept
CPL,NSE_IN,Captain Polyplast Limited,CPL,Captain Polyplast Ltd.,NSE,stock,INE536P01021,Producer Manufacturing,Miscellaneous Manufacturing,Industrials,accept
CPPLUS,BSE_IN,Aditya Infotech Ltd,CPPLUS,Aditya Infotech Limited,BSE,stock,INE819V01029,Consumer Durables,Electronics/Appliances,Consumer Discretionary,accept
CRAFTROOT,BSE_IN,Craftroot Retail Ltd,CRAFTROOT,Craftroot Retail Ltd,BSE,stock,INE218T01010,Commercial Services,Advertising/Marketing Services,Industrials,accept
CRAFTSMAN,BSE_IN,Craftsman Automation Ltd,CRAFTSMAN,Craftsman Automation Ltd.,BSE,stock,INE00LO01017,Producer Manufacturing,Trucks/Construction/Farm Machinery,Industrials,accept
CRAMC,BSE_IN,Canara Robeco Asset Management Company Ltd,CRAMC,Canara Robeco Asset Management Co. Ltd.,BSE,stock,INE218I01013,Finance,Investment Managers,Financials,accept
CRAMC,NSE_IN,Canara Robeco Asset Management Company Limited,CRAMC,Canara Robeco Asset Management Co. Ltd.,NSE,stock,INE218I01013,Finance,Investment Managers,Financials,accept
CRAVATEX,NSE_IN,Cravatex Limited,CRAVATEX,Cravatex Limited,NSE,stock,INE145E01017,Retail Trade,Apparel/Footwear Retail,Consumer Discretionary,accept
CRAZY,BSE_IN,Crazy Snacks Ltd,CRAZY,Crazy Snacks Limited,BSE,stock,INE0RBX01014,Consumer Non-Durables,Food: Specialty/Candy,Consumer Staples,accept
CREATIVEYE,BSE_IN,Creative Eye Ltd,CREATIVEYE,Creative Eye Limited,BSE,stock,INE230B01021,Consumer Services,Movies/Entertainment,Communication Services,accept
CREDENT,NSE_IN,Credent Connect N Care Limited,CREDENT,Credent Connect N Care Limited,NSE,stock,INE1KPX01025,Transportation,Air Freight/Couriers,Industrials,accept
CREDITACC,BSE_IN,CreditAccess Grameen Ltd,CREDITACC,CreditAccess Grameen Ltd.,BSE,stock,INE741K01010,Finance,Finance/Rental/Leasing,Financials,accept
CREST,BSE_IN,Crest Ventures Ltd,CREST,Crest Ventures Limited,BSE,stock,INE559D01011,Finance,Investment Managers,Financials,accept
CRESTO,NSE_IN,CRESTO TECHNO LIMITED,CRESTO,Cresto Techno Limited,NSE,stock,INE203Y01012,Consumer Services,Movies/Entertainment,Communication Services,accept
CRI,TSXV,Churchill Resources Inc,CRI,Churchill Resources Inc,TSXV,stock,CA1715521029,Finance,Financial Conglomerates,,unsupported_sector
CRISIL,BSE_IN,Crisil Ltd,CRISIL,CRISIL Limited,BSE,stock,INE007A01025,Technology Services,Internet Software/Services,Information Technology,accept
CRIZAC,BSE_IN,Crizac Ltd,CRIZAC,Crizac Limited,BSE,stock,INE0S4R01014,Technology Services,Internet Software/Services,Information Technology,accept
CRMC,BVB,CARMECO SA CONSTANTA,CRMC,Carmeco SA,BVB,stock,ROCRMCACNOR9,Retail Trade,Food Retail,Consumer Staples,accept
CROMPTON,BSE_IN,Crompton Greaves Consumer Electricals Ltd,CROMPTON,Crompton Greaves Consumer Electricals Ltd.,BSE,stock,INE299U01018,Producer Manufacturing,Industrial Machinery,Industrials,accept
CRPC,BVB,CARPATHIA CAPITAL ALTERNATYWNA SPOLKA INWESTYCYJNA SA,CRPC,CARPATHIA CAPITAL S.A.,BVB,stock,PLCRPCP00018,,,,unsupported_sector
CRSL,NSE_IN,Cressanda Railway Solutions Limited,CRSL,Cressanda Railway Solutions Ltd,NSE,stock,INE716D01033,Technology Services,Information Technology Services,Information Technology,accept
CRU,XETRA,CIRRUS LOGIC INC.,CRU,"Cirrus Logic, Inc.",XETR,stock,US1727551004,Electronic Technology,Semiconductors,Information Technology,accept
CS1,XETRA,"EXPAND ENERGY      DL-,01",CS1,Expand Energy Corporation,XETR,stock,US1651677353,Energy Minerals,Integrated Oil,Energy,accept
CSA,XETRA,"ACCENTURE A   DL-,0000225",CSA,Accenture Plc Class A,XETR,stock,IE00B4BNMY34,Technology Services,Information Technology Services,Information Technology,accept
CSBBANK,BSE_IN,CSB Bank Ltd,CSBBANK,CSB Bank Ltd.,BSE,stock,INE679A01013,Finance,Major Banks,Financials,accept
CSG,XETRA,"CMS ENERGY CORP.   DL-,01",CSG,CMS Energy Corporation,XETR,stock,US1258961002,Utilities,Electric Utilities,Utilities,accept
CSLFINANCE,BSE_IN,CSL Finance Ltd,CSLFINANCE,CSL Finance Limited,BSE,stock,INE718F01018,Finance,Investment Banks/Brokers,Financials,accept
CSML,BSE_IN,Complete Sports and Management India Ltd,CSML,Complete Sports and Management India Limited,BSE,stock,INE2K6801014,Distribution Services,Wholesale Distributors,Industrials,accept
CTA,TSXV,Centaurus Energy Inc,CTA,Centaurus Energy Inc.,TSXV,stock,CA15138B3065,Finance,Financial Conglomerates,,unsupported_sector
CTE,BSE_IN,Cambridge Technology Enterprises Ltd,CTE,Cambridge Technology Enterprises Limited,BSE,stock,INE627H01017,Technology Services,Information Technology Services,Information Technology,accept
CTO,XETRA,"COSTCO WHOLESALE  DL-,005",CTO,Costco Wholesale Corporation,XETR,stock,US22160K1051,Retail Trade,Specialty Stores,Consumer Discretionary,accept
CUB,TSXV,CubicFarm Systems Corp,,,,,,,,,no_tradingview_match
CUB,BSE_IN,City Union Bank Ltd,CUB,City Union Bank Limited,BSE,stock,INE491A01021,Finance,Regional Banks,Financials,accept
CUBEXTUB,BSE_IN,Cubex Tubings Ltd,CUBEXTUB,Cubex Tubings Ltd,BSE,stock,INE144D01012,Non-Energy Minerals,Other Metals/Minerals,Materials,accept
CUCA,XETRA,"AVIS BUDGET GROUP  DL-,01",CUCA,"Avis Budget Group, Inc.",XETR,stock,US0537741052,Finance,Finance/Rental/Leasing,Financials,accept
CUMMINSIND,BSE_IN,Cummins India Ltd,CUMMINSIND,Cummins India Limited,BSE,stock,INE298A01020,Producer Manufacturing,Auto Parts: OEM,Industrials,accept
CUPID,BSE_IN,Cupid Ltd,CUPID,Cupid Limited,BSE,stock,INE509F01029,Consumer Non-Durables,Household/Personal Care,Consumer Staples,accept
CURAA,NSE_IN,Cura Technologies Limited,CURAA,Cura Technologies Limited,NSE,stock,INE117B01020,Technology Services,Information Technology Services,Information Technology,accept
CV0,XETRA,CARVANA CO.,CV0,Carvana Co. Class A,XETR,stock,US1468691027,Retail Trade,Specialty Stores,Consumer Discretionary,accept
CVS,XETRA,"CVS HEALTH CORP.   DL-,01",CVS,CVS Health Corporation,XETR,stock,US1266501006,Retail Trade,Drugstore Chains,Consumer Staples,accept
CXM,XETRA,CHEMED CORP.         DL 1,CXM,Chemed Corporation,XETR,stock,US16359R1032,Health Services,Hospital/Nursing Management,Health Care,accept
CXU,XETRA,CHURCH + DWIGHT CO. DL 1,CXU,"Church & Dwight Co., Inc.",XETR,stock,US1713401024,Consumer Non-Durables,Household/Personal Care,Consumer Staples,accept
CYBERMEDIA,BSE_IN,Cyber Media India Ltd,CYBERMEDIA,Cyber Media (India) Limited,BSE,stock,INE278G01037,Consumer Services,Publishing: Books/Magazines,Consumer Discretionary,accept
CYBERTECH,BSE_IN,CyberTech Systems and Software Ltd,CYBERTECH,CyberTech Systems & Software Ltd.,BSE,stock,INE214A01019,Technology Services,Information Technology Services,Information Technology,accept
CYIENT,BSE_IN,Cyient Ltd,CYIENT,Cyient Limited,BSE,stock,INE136B01020,Technology Services,Packaged Software,Information Technology,accept
CYIENTDLM,BSE_IN,Cyient DLM Ltd,CYIENTDLM,Cyient DLM Limited,BSE,stock,INE055S01018,Electronic Technology,Electronic Production Equipment,Information Technology,accept
D6I,XETRA,"COMMVAULT SYS INC  DL-,01",D6I,"Commvault Systems, Inc.",XETR,stock,US2041661024,Technology Services,Packaged Software,Information Technology,accept
DABUR,BSE_IN,Dabur India Ltd,DABUR,Dabur India Limited,BSE,stock,INE016A01026,Consumer Non-Durables,Household/Personal Care,Consumer Staples,accept
DAICHI,NSE_IN,Dai-Ichi Karkaria Limited,DAICHI,Dai-Ichi Karkaria Limited,NSE,stock,INE928C01010,Process Industries,Chemicals: Specialty,Materials,accept
DALBHARAT,BSE_IN,Dalmia Bharat Ltd,DALBHARAT,Dalmia Bharat Ltd.,BSE,stock,INE00R701025,Non-Energy Minerals,Construction Materials,Materials,accept
DALMIASUG,BSE_IN,Dalmia Bharat Sugar and Industries Ltd,DALMIASUG,Dalmia Bharat Sugar & Industries Ltd.,BSE,stock,INE495A01022,Process Industries,Agricultural Commodities/Milling,Consumer Staples,accept
DAMCAPITAL,BSE_IN,DAM Capital Advisors Ltd,DAMCAPITAL,DAM Capital Advisors Ltd.,BSE,stock,INE284H01025,Finance,Regional Banks,Financials,accept
DAMCAPITAL,NSE_IN,Dam Capital Advisors Limited,DAMCAPITAL,DAM Capital Advisors Ltd.,NSE,stock,INE284H01025,Finance,Regional Banks,Financials,accept
DAMODARIND,BSE_IN,Damodar Industries Ltd,DAMODARIND,Damodar Industries Limited,BSE,stock,INE497D01022,Process Industries,Textiles,Materials,accept
DATAMATICS,BSE_IN,Datamatics Global Services Ltd,DATAMATICS,Datamatics Global Services Limited,BSE,stock,INE365B01017,Technology Services,Packaged Software,Information Technology,accept
DATAPATTNS,BSE_IN,Data Patterns (India) Ltd,DATAPATTNS,Data Patterns (India) Limited,BSE,stock,INE0IX101010,Electronic Technology,Electronic Production Equipment,Information Technology,accept
DAVANGERE,BSE_IN,Davangere Sugar Company Ltd,DAVANGERE,Davangere Sugar Company Limited,BSE,stock,INE179G01029,Process Industries,Agricultural Commodities/Milling,Consumer Staples,accept
DAVANGERE,NSE_IN,Davangere Sugar Company Limited,DAVANGERE,Davangere Sugar Company Limited,NSE,stock,INE179G01029,Process Industries,Agricultural Commodities/Milling,Consumer Staples,accept
DBCORP,NSE_IN,D.B.Corp Limited,DBCORP,DB Corp. Ltd.,NSE,stock,INE950I01011,Consumer Services,Publishing: Newspapers,Consumer Discretionary,accept
DBEIL,BSE_IN,Deepak Builders and Engineers India Ltd,DBEIL,Deepak Builders & Engineers India Limited,BSE,stock,INE0OPA01027,Industrial Services,Engineering & Construction,Industrials,accept
DBEIL,NSE_IN,Deepak Builders & Engineers India Limited,DBEIL,Deepak Builders & Engineers India Limited,NSE,stock,INE0OPA01027,Industrial Services,Engineering & Construction,Industrials,accept
DBK,BVB,DEUTSCHE BANK AG,DBK,Deutsche Bank Aktiengesellschaft,BVB,stock,DE0005140008,Finance,Investment Banks/Brokers,Financials,accept
DBL,BSE_IN,Dilip Buildcon Ltd,DBL,Dilip Buildcon Ltd.,BSE,stock,INE917M01012,Industrial Services,Engineering & Construction,Industrials,accept
DBOL,BSE_IN,Dhampur Bio Organics Ltd,DBOL,Dhampur Bio Organics Ltd,BSE,stock,INE0I3401014,Process Industries,Agricultural Commodities/Milling,Consumer Staples,accept
DBREALTY,BSE_IN,Valor Estate Ltd,DBREALTY,Valor Estate Ltd,BSE,stock,INE879I01012,Finance,Real Estate Development,Real Estate,accept
DBSTOCKBRO,BSE_IN,DB International Stock Brokers Ltd,DBSTOCKBRO,DB (International) Stock Brokers Limited,BSE,stock,INE921B01025,Finance,Investment Banks/Brokers,Financials,accept
DBV,XETRA,"DBV TECHNOLOGIES  EO -,10",DBV,DBV Technologies SA,XETR,stock,FR0010417345,Health Technology,Pharmaceuticals: Major,Health Care,accept
DCAL,BSE_IN,Dishman Carbogen Amcis Ltd,DCAL,Dishman Carbogen Amcis Ltd.,BSE,stock,INE385W01011,Health Technology,Pharmaceuticals: Major,Health Care,accept
DCBBANK,BSE_IN,DCB Bank Ltd,DCBBANK,DCB Bank Limited,BSE,stock,INE503A01015,Finance,Regional Banks,Financials,accept
DCI,BSE_IN,Dc Infotech and Communication Ltd,DCI,Dc Infotech And Communication Ltd,BSE,stock,INE0A1101019,Electronic Technology,Telecommunications Equipment,Information Technology,accept
DCMFINSERV,NSE_IN,DCM Financial Services Limited,DCMFINSERV,DCM Financial Services Limited,NSE,stock,INE891B01012,Finance,Finance/Rental/Leasing,Financials,accept
DCMNVL,BSE_IN,DCM Nouvelle Ltd,DCMNVL,DCM Nouvelle Ltd.,BSE,stock,INE08KP01019,Process Industries,Textiles,Materials,accept
DCMSHRIRAM,BSE_IN,DCM Shriram Ltd,DCMSHRIRAM,DCM Shriram Limited,BSE,stock,INE499A01024,Producer Manufacturing,Industrial Conglomerates,Industrials,accept
DCMSIL,NSE_IN,DCM Shriram International Limited,DCMSIL,DCM Shriram International Limited,NSE,stock,INE0OU201013,Process Industries,Textiles,Materials,accept
DCMSRIND,BSE_IN,DCM Shriram Industries Ltd,DCMSRIND,DCM Shriram Industries Limited,BSE,stock,INE843D01027,Process Industries,Agricultural Commodities/Milling,Consumer Staples,accept
DCMSRIND,NSE_IN,DCM Shriram Industries Limited,DCMSRIND,DCM Shriram Industries Limited,NSE,stock,INE843D01027,Process Industries,Agricultural Commodities/Milling,Consumer Staples,accept
DCW,BSE_IN,DCW Ltd,DCW,DCW Ltd.,BSE,stock,INE500A01029,Process Industries,Chemicals: Specialty,Materials,accept
DCXINDIA,BSE_IN,DCX Systems Ltd,DCXINDIA,DCX Systems Limited,BSE,stock,INE0KL801015,Producer Manufacturing,Electrical Products,Industrials,accept
DD2,XETRA,"DOORDASH INC.CL.A -,00001",DD2,"DoorDash, Inc. Class A",XETR,stock,US25809K1051,Transportation,Air Freight/Couriers,Industrials,accept
DDEVPLSTIK,BSE_IN,Ddev Plastiks Industries Ltd,DDEVPLSTIK,Ddev Plastiks Industries Limited,BSE,stock,INE0HR601026,Process Industries,Chemicals: Major Diversified,Materials,accept
DDEVPLSTIK,NSE_IN,Ddev Plastiks Industries Limited,DDEVPLSTIK,Ddev Plastiks Industries Limited,NSE,stock,INE0HR601026,Process Industries,Chemicals: Major Diversified,Materials,accept
DECCANCE,BSE_IN,Deccan Cements Ltd,DECCANCE,Deccan Cements Ltd,BSE,stock,INE583C01021,Non-Energy Minerals,Construction Materials,Materials,accept
DECNGOLD,NSE_IN,Deccan Gold Mines Limited,DECNGOLD,Deccan Gold Mines Limited,NSE,stock,INE945F01025,Non-Energy Minerals,Precious Metals,Materials,accept
DEEDEV,BSE_IN,Dee Development Engineers Ltd,DEEDEV,DEE Development Engineers Limited,BSE,stock,INE841L01016,Producer Manufacturing,Industrial Machinery,Industrials,accept
DEEDEV,NSE_IN,DEE Development Engineers Limited,DEEDEV,DEE Development Engineers Limited,NSE,stock,INE841L01016,Producer Manufacturing,Industrial Machinery,Industrials,accept
DEEP,NSE_IN,Deep Polymers Limited,DEEP,Deep Polymers Ltd.,NSE,stock,INE00IY01012,Process Industries,Chemicals: Specialty,Materials,accept
DEEPA,BSE_IN,Deepa Jewellers Ltd,DEEPA,Deepa Jewellers Limited,BSE,stock,INE1M2N01020,Consumer Durables,Other Consumer Specialties,Consumer Discretionary,accept
DEEPA,NSE_IN,Deepa Jewellers Limited,DEEPA,Deepa Jewellers Limited,NSE,stock,INE1M2N01020,Consumer Durables,Other Consumer Specialties,Consumer Discretionary,accept
DEEPAKFERT,BSE_IN,Deepak Fertilisers & Petrochemicals Corporation Ltd,DEEPAKFERT,Deepak Fertilisers and Petrochemicals Corporation Ltd.,BSE,stock,INE501A01019,Process Industries,Chemicals: Agricultural,Materials,accept
DEEPAKNTR,BSE_IN,Deepak Nitrite Ltd,DEEPAKNTR,Deepak Nitrite Limited,BSE,stock,INE288B01029,Process Industries,Chemicals: Specialty,Materials,accept
DEEPINDS,BSE_IN,Deep Industries Ltd,DEEPINDS,Deep Industries Limited,BSE,stock,INE0FHS01024,Industrial Services,Oilfield Services/Equipment,Industrials,accept
DEEPINDS,NSE_IN,Deep Industries Limited,DEEPINDS,Deep Industries Limited,NSE,stock,INE0FHS01024,Industrial Services,Oilfield Services/Equipment,Industrials,accept
DELHIVERY,BSE_IN,Delhivery Ltd,DELHIVERY,Delhivery Limited,BSE,stock,INE148O01028,Transportation,Air Freight/Couriers,Industrials,accept
DELPHIFX,BSE_IN,Delphi World Money Ltd,DELPHIFX,Delphi World Money Limited,BSE,stock,INE726L01027,Commercial Services,Miscellaneous Commercial Services,Industrials,accept
DELTACORP,BSE_IN,Delta Corp Ltd,DELTACORP,Delta Corp. Ltd. (India),BSE,stock,INE124G01033,Consumer Services,Movies/Entertainment,Communication Services,accept
DELTAMAGNT,BSE_IN,Delta Manufacturing Ltd,DELTAMAGNT,Delta Manufacturing Limited,BSE,stock,INE393A01011,Producer Manufacturing,Metal Fabrication,Industrials,accept
DEN,BSE_IN,Den Networks Ltd,DEN,DEN Networks Limited,BSE,stock,INE947J01015,Consumer Services,Cable/Satellite TV,Communication Services,accept
DENORA,BSE_IN,De Nora India Ltd,DENORA,De Nora India Limited,BSE,stock,INE244A01016,Electronic Technology,Electronic Equipment/Instruments,Information Technology,accept
DENT,BVB,Dr. Fischer Dental,DENT,Dr Fischer Dental SA,BVB,stock,ROWSA6535K63,,,,unsupported_sector
DENTA,BSE_IN,Denta Water and Infra Solutions Ltd,DENTA,Denta Water and Infra Solutions Limited,BSE,stock,INE0R4L01018,Industrial Services,Engineering & Construction,Industrials,accept
DENTA,NSE_IN,Denta Water and Infra Solutions Limited,DENTA,Denta Water and Infra Solutions Limited,NSE,stock,INE0R4L01018,Industrial Services,Engineering & Construction,Industrials,accept
DESIFARMS,BSE_IN,Desi Farms India Ltd,DESIFARMS,Desi Farms India Ltd,BSE,stock,INE358F01013,Transportation,Air Freight/Couriers,Industrials,accept
DEVIT,BSE_IN,Dev Information Technology Ltd,DEVIT,Dev Information Technology Ltd,BSE,stock,INE060X01034,Technology Services,Information Technology Services,Information Technology,accept
DEVSON,BSE_IN,Devson Catalyst Ltd,DEVSON,Devson Catalyst Limited,BSE,stock,INE2KRP01017,Process Industries,Chemicals: Specialty,Materials,accept
DEVX,BSE_IN,Dev Accelerator Ltd,DEVX,Dev Accelerator Limited,BSE,stock,INE0VOV01021,Finance,Real Estate Development,Real Estate,accept
DEVX,NSE_IN,Dev Accelerator Limited,DEVX,Dev Accelerator Limited,NSE,stock,INE0VOV01021,Finance,Real Estate Development,Real Estate,accept
DEVYANI,BSE_IN,Devyani International Ltd,DEVYANI,Devyani International Ltd.,BSE,stock,INE872J01023,Consumer Services,Restaurants,Consumer Discretionary,accept
DG3,XETRA,"CELANESE CORP. DL-,0001",DG3,Celanese Corporation,XETR,stock,US1508701034,Process Industries,Chemicals: Specialty,Materials,accept
DGCONTENT,BSE_IN,Digicontent Ltd,DGCONTENT,Digicontent Ltd.,BSE,stock,INE03JI01017,Commercial Services,Commercial Printing/Forms,Industrials,accept
DGY,XETRA,DTE EN. CO.,DGY,DTE Energy Company,XETR,stock,US2333311072,Utilities,Electric Utilities,Utilities,accept
DHABRIYA,NSE_IN,Dhabriya Polywood Limited,DHABRIYA,Dhabriya Polywood Ltd,NSE,stock,INE260R01016,Producer Manufacturing,Miscellaneous Manufacturing,Industrials,accept
DHAMPURSUG,BSE_IN,Dhampur Sugar Mills Ltd,DHAMPURSUG,Dhampur Sugar Mills Limited,BSE,stock,INE041A01016,Process Industries,Agricultural Commodities/Milling,Consumer Staples,accept
DHANBANK,BSE_IN,Dhanlaxmi Bank Ltd,DHANBANK,Dhanlaxmi Bank Ltd,BSE,stock,INE680A01011,Finance,Major Banks,Financials,accept
DHANSA,NSE_IN,Dhansa Labs Limited,DHANSA,Dhansa Labs Limited,NSE,stock,INE0M3I01029,Process Industries,Chemicals: Agricultural,Materials,accept
DHANUKA,BSE_IN,Dhanuka Agritech Ltd,DHANUKA,Dhanuka Agritech Limited,BSE,stock,INE435G01025,Process Industries,Chemicals: Specialty,Materials,accept
DHANWEL,BSE_IN,Dhanwel Hybrid Seeds Ltd,DHANWEL,Dhanwel Hybrid Seeds Limited,BSE,stock,INE0VWO01011,Process Industries,Agricultural Commodities/Milling,Consumer Staples,accept
DHARAN,NSE_IN,DHARAN INFRA-EPC LIMITED,DHARAN,Dharan Infra-EPC Ltd,NSE,stock,INE278R01034,Finance,Real Estate Development,Real Estate,accept
DHARMAJ,BSE_IN,Dharmaj Crop Guard Ltd,DHARMAJ,Dharmaj Crop Guard Ltd.,BSE,stock,INE00OQ01016,Process Industries,Chemicals: Agricultural,Materials,accept
DHATRE,NSE_IN,Dhatre Udyog Limited,DHATRE,Dhatre Udyog Ltd,NSE,stock,INE715T01031,Non-Energy Minerals,Steel,Materials,accept
DHAVAL,BSE_IN,Dhaval Packaging Ltd,DHAVAL,Dhaval Packaging Limited,BSE,stock,INE1HX301016,Producer Manufacturing,Miscellaneous Manufacturing,Industrials,accept
DHE1,XETRA,DELIVERY HERO SE NA VERK.,DHE1,Delivery Hero SE TEMP,XETR,stock,DE000A41YH12,Transportation,Air Freight/Couriers,Industrials,accept
DHOOTTRANS,BSE_IN,Dhoot Transmission Ltd,DHOOTTRANS,Dhoot Transmission Limited,BSE,stock,INE01NH01023,Producer Manufacturing,Electrical Products,Industrials,accept
DHOOTTRANS,NSE_IN,Dhoot Transmission Limited,DHOOTTRANS,Dhoot Transmission Limited,NSE,stock,INE01NH01023,Producer Manufacturing,Electrical Products,Industrials,accept
DHR,TSXV,Discovery Harbour Resources Corp,,,,,,,,,no_tradingview_match
DHRUV,BSE_IN,Dhruv Consultancy Services Ltd,DHRUV,Dhruv Consultancy Services Ltd.,BSE,stock,INE506Z01015,Industrial Services,Engineering & Construction,Industrials,accept
DHUNINV,BSE_IN,Dhunseri Investments Ltd,DHUNINV,Dhunseri Investments Limited,BSE,stock,INE320L01011,Process Industries,Chemicals: Specialty,Materials,accept
DHVIJAFIN,BSE_IN,Dhvija Finance Ltd,DHVIJAFIN,DHVIJA FINANCE LIMITED,BSE,stock,INE108T01021,Finance,Finance/Rental/Leasing,Financials,accept
DIACABS,BSE_IN,Diamond Power Infrastructure Ltd,DIACABS,Diamond Power Infrastructure Limited,BSE,stock,INE989C01038,Producer Manufacturing,Electrical Products,Industrials,accept
DIAMINESQ,BSE_IN,Diamines & Chemicals Ltd,DIAMINESQ,Diamines & Chemicals Ltd.,BSE,stock,INE591D01014,Process Industries,Chemicals: Major Diversified,Materials,accept
DIAMONDYD,BSE_IN,Prataap Snacks Ltd,DIAMONDYD,Prataap Snacks Ltd.,BSE,stock,INE393P01035,Consumer Non-Durables,Food: Specialty/Candy,Consumer Staples,accept
DIAS,BVB,DIASFIN SA BUCURESTI,DIAS,Diasfin SA,BVB,stock,RODIASACNOR7,Process Industries,Industrial Specialties,Materials,accept
DICIND,BSE_IN,DIC India Ltd,DICIND,DIC India Limited,BSE,stock,INE303A01010,Process Industries,Industrial Specialties,Materials,accept
DIFFNKG,BSE_IN,Diffusion Engineers Ltd,DIFFNKG,Diffusion Engineers Limited,BSE,stock,INE184O01015,Producer Manufacturing,Industrial Machinery,Industrials,accept
DIFFNKG,NSE_IN,Diffusion Engineers Limited,DIFFNKG,Diffusion Engineers Limited,NSE,stock,INE184O01015,Producer Manufacturing,Industrial Machinery,Industrials,accept
DIGIDRIVE,BSE_IN,Digidrive Distributors Ltd,DIGIDRIVE,Digidrive Distributors Limited,BSE,stock,INE0PSC01024,Retail Trade,Specialty Stores,Consumer Discretionary,accept
DIGIDRIVE,NSE_IN,Digidrive Distributors Limited,DIGIDRIVE,Digidrive Distributors Limited,NSE,stock,INE0PSC01024,Retail Trade,Specialty Stores,Consumer Discretionary,accept
DIGISPICE,BSE_IN,Digispice Technologies Ltd,DIGISPICE,DiGiSPICE Technologies Ltd.,BSE,stock,INE927C01020,Technology Services,Packaged Software,Information Technology,accept
DIGITIDE,BSE_IN,Digitide Solutions Ltd,DIGITIDE,Digitide Solutions Ltd,BSE,stock,INE0U4701011,Commercial Services,Miscellaneous Commercial Services,Industrials,accept
DIGITIDE,NSE_IN,Digitide Solutions Limited,DIGITIDE,Digitide Solutions Ltd,NSE,stock,INE0U4701011,Commercial Services,Miscellaneous Commercial Services,Industrials,accept
DIGJAMLMTD,BSE_IN,Digjam Ltd,DIGJAMLMTD,Digjam Ltd.,BSE,stock,INE731U01028,Process Industries,Textiles,Materials,accept
DIGJAMLMTD,NSE_IN,Digjam Limited,DIGJAMLMTD,Digjam Ltd.,NSE,stock,INE731U01028,Process Industries,Textiles,Materials,accept
DIKSHA,BSE_IN,Diksha Polymers Ltd,DIKSHA,Diksha Polymers Limited,BSE,stock,INE1OSI01014,Producer Manufacturing,Miscellaneous Manufacturing,Industrials,accept
DISAQ,NSE_IN,Disa India Limited,DISAQ,DISA India Limited,NSE,stock,INE131C01011,Producer Manufacturing,Industrial Machinery,Industrials,accept
DISHTV,BSE_IN,Dish TV India Ltd,DISHTV,Dish TV India Limited,BSE,stock,INE836F01026,Communications,Specialty Telecommunications,Communication Services,accept
DIVGIITTS,BSE_IN,DIVGI TORQTRANSFER SYSTEMS Ltd,DIVGIITTS,Divgi TorqTransfer Systems Ltd.,BSE,stock,INE753U01022,Producer Manufacturing,Auto Parts: OEM,Industrials,accept
DIVGIITTS,NSE_IN,Divgi Torqtransfer Systems Limited,DIVGIITTS,Divgi TorqTransfer Systems Ltd.,NSE,stock,INE753U01022,Producer Manufacturing,Auto Parts: OEM,Industrials,accept
DIVISLAB,BSE_IN,Divis Laboratories Ltd,DIVISLAB,Divi's Laboratories Limited,BSE,stock,INE361B01024,Health Technology,Pharmaceuticals: Major,Health Care,accept
DIXON,BSE_IN,Dixon Technologies (India) Ltd,DIXON,Dixon Technologies (India) Ltd.,BSE,stock,INE935N01020,Electronic Technology,Electronic Production Equipment,Information Technology,accept
DJML,NSE_IN,DJ Mediaprint & Logistics Limited,DJML,DJ Mediaprint & Logistics Ltd,NSE,stock,INE0B1K01014,Commercial Services,Commercial Printing/Forms,Industrials,accept
DLF,BSE_IN,DLF Ltd,DLF,DLF Limited,BSE,stock,INE271C01023,Finance,Real Estate Development,Real Estate,accept
DLINKINDIA,BSE_IN,D-Link (India) Ltd,DLINKINDIA,D-Link (India) Ltd.,BSE,stock,INE250K01012,Electronic Technology,Telecommunications Equipment,Information Technology,accept
DLY,XETRA,"LYONDELLBAS.IND.A EO -,04",DLY,LyondellBasell Industries NV,XETR,stock,NL0009434992,Process Industries,Chemicals: Specialty,Materials,accept
DMART,BSE_IN,Avenue Supermarts Ltd,DMART,Avenue Supermarts Ltd.,BSE,stock,INE192R01011,Retail Trade,Food Retail,Consumer Staples,accept
DMCC,BSE_IN,DMCC Speciality Chemicals Ltd,DMCC,DMCC Speciality Chemicals Limited,BSE,stock,INE505A01010,Process Industries,Chemicals: Major Diversified,Materials,accept
DNAMEDIA,BSE_IN,Diligent Media Corporation Ltd,DNAMEDIA,Diligent Media Corp. Ltd.,BSE,stock,INE016M01021,Consumer Services,Publishing: Newspapers,Consumer Discretionary,accept
DOD,XETRA,DOMINION ENERGY INC.,DOD,Dominion Energy Inc,XETR,stock,US25746U1097,Utilities,Electric Utilities,Utilities,accept
DODLA,BSE_IN,Dodla Dairy Ltd,DODLA,Dodla Dairy Ltd.,BSE,stock,INE021O01019,Consumer Non-Durables,Food: Meat/Fish/Dairy,Consumer Staples,accept
DOIS,BVB,DORNA TURISM SA VATRA DORNEI,DOIS,Dorna Turism SA,BVB,stock,RODOISACNOR8,Consumer Services,Hotels/Resorts/Cruise lines,Consumer Discretionary,accept
DOLATALGO,BSE_IN,Dolat Algotech Ltd,DOLATALGO,Dolat Algotech Limited,BSE,stock,INE966A01022,Finance,Investment Banks/Brokers,Financials,accept
DOLLAR,BSE_IN,Dollar Industries Ltd,DOLLAR,Dollar Industries Ltd.,BSE,stock,INE325C01035,Consumer Non-Durables,Apparel/Footwear,Consumer Staples,accept
DOLLEX,BSE_IN,Dollex Agrotech Ltd,DOLLEX,Dollex Agrotech Limited,BSE,stock,INE0JHH01011,Process Industries,Agricultural Commodities/Milling,Consumer Staples,accept
DOLPHIN,BSE_IN,Dolphin Offshore Enterprises (India) Ltd,DOLPHIN,Dolphin Offshore Enterprises India Ltd.,BSE,stock,INE920A01037,Industrial Services,Oilfield Services/Equipment,Industrials,accept
DOLPHIN,NSE_IN,Dolphin Offshore Enterprises (India) Limited,DOLPHIN,Dolphin Offshore Enterprises India Ltd.,NSE,stock,INE920A01037,Industrial Services,Oilfield Services/Equipment,Industrials,accept
DOMS,BSE_IN,DOMS Industries Ltd,DOMS,DOMS Industries Limited,BSE,stock,INE321T01012,Producer Manufacturing,Office Equipment/Supplies,Industrials,accept
DONEAR,BSE_IN,Donear Industries Ltd,DONEAR,Donear Industries Limited,BSE,stock,INE668D01028,Process Industries,Textiles,Materials,accept
DP5,XETRA,"KEURIG DR PEPPER   DL-,01",DP5,Keurig Dr Pepper Inc.,XETR,stock,US49271V1008,Consumer Non-Durables,Beverages: Non-Alcoholic,Consumer Staples,accept
DPABHUSHAN,BSE_IN,D.P. Abhushan Ltd,DPABHUSHAN,D. P. Abhushan Ltd.,BSE,stock,INE266Y01019,Retail Trade,Specialty Stores,Consumer Discretionary,accept
DPWIRES,BSE_IN,D.P. Wires Ltd,DPWIRES,DP Wires Ltd.,BSE,stock,INE864X01013,Producer Manufacturing,Metal Fabrication,Industrials,accept
DRAGARWQ,NSE_IN,Dr Agarwals Eye Hospital Limited,DRAGARWQ,Dr. Agarwal'S Eye Hospital Limited,NSE,stock,INE934C01018,Health Services,Medical/Nursing Services,Health Care,accept
DRCSYSTEMS,BSE_IN,DRC Systems India Ltd,DRCSYSTEMS,DRC Systems India Limited,BSE,stock,INE03RS01027,Technology Services,Packaged Software,Information Technology,accept
DREAMFOLKS,BSE_IN,Dreamfolks Services Ltd,DREAMFOLKS,Dreamfolks Services Limited,BSE,stock,INE0JS101016,Transportation,Other Transportation,Industrials,accept
DREDGECORP,BSE_IN,Dredging Corporation of India Ltd,DREDGECORP,Dredging Corporation of India Limited,BSE,stock,INE506A01018,Transportation,Marine Shipping,Industrials,accept
DRREDDY,BSE_IN,Dr Reddys Laboratories Ltd,DRREDDY,Dr. Reddy's Laboratories Ltd.,BSE,stock,INE089A01031,Health Technology,Pharmaceuticals: Major,Health Care,accept
DS3,XETRA,"DOCUSIGN INC    DL-,0001",DS3,"DocuSign, Inc.",XETR,stock,US2561631068,Technology Services,Packaged Software,Information Technology,accept
DSC,NASDAQ,DSC Holdings Ltd. American Depositary Shares,DSC,DSC Holdings Ltd. Sponsored ADR,NASDAQ,dr,US2333691077,Distribution Services,Wholesale Distributors,,asset_type_mismatch
DSFCL,BSE_IN,DCM Shriram Fine Chemicals Ltd,DSFCL,DCM Shriram Fine Chemicals Limited,BSE,stock,INE0OFM01015,Process Industries,Chemicals: Major Diversified,Materials,accept
DSFCL,NSE_IN,DCM Shriram Fine Chemicals Limited,DSFCL,DCM Shriram Fine Chemicals Limited,NSE,stock,INE0OFM01015,Process Industries,Chemicals: Major Diversified,Materials,accept
DSG,XETRA,"DICK'S SPORTING    DL-,01",DSG,"Dick's Sporting Goods, Inc.",XETR,stock,US2533931026,Retail Trade,Specialty Stores,Consumer Discretionary,accept
DSKULKARNI,BSE_IN,DS Kulkarni Developers Ltd,DSKULKARNI,DS Kulkarni Developers Ltd,BSE,stock,INE891A01022,Finance,Real Estate Development,Real Estate,accept
DSKULKARNI,NSE_IN,DS Kulkarni Developers Limited,DSKULKARNI,DS Kulkarni Developers Ltd,NSE,stock,INE891A01022,Finance,Real Estate Development,Real Estate,accept
DSN,XETRA,DANSKE BK   NAM.    DK 10,DSN,Danske Bank A/S,XETR,stock,DK0010274414,Finance,Major Banks,Financials,accept
DSSL,BSE_IN,Dynacons Systems & Solutions Ltd,DSSL,Dynacons Systems & Solutions Ltd.,BSE,stock,INE417B01040,Technology Services,Information Technology Services,Information Technology,accept
DTE,BVB,DEUTSCHE TELEKOM AG.,DTE,Deutsche Telekom AG,BVB,stock,DE0005557508,Communications,Major Telecommunications,Communication Services,accept
DTG,BVB,DAIMLER TRUCK HOLDING AG,DTG,Daimler Truck Holding AG,BVB,stock,DE000DTR0CK8,Consumer Durables,Motor Vehicles,Consumer Discretionary,accept
DTIL,BSE_IN,Dhunseri Tea & Industries Ltd,DTIL,Dhunseri Tea & Industries Ltd,BSE,stock,INE341R01014,Process Industries,Agricultural Commodities/Milling,Consumer Staples,accept
DUCON,NSE_IN,Ducon Infratechnologies Limited,DUCON,Ducon Infratechnologies Ltd.,NSE,stock,INE741L01018,Distribution Services,Electronics Distributors,Industrials,accept
DUPX,BVB,DUPLEX SA FAGARAS,DUPX,Duplex SA Fagaras,BVB,stock,RODUPXACNOR0,Industrial Services,Engineering & Construction,Industrials,accept
DVL,BSE_IN,Dhunseri Ventures Ltd,DVL,Dhunseri Ventures Limited,BSE,stock,INE477B01010,Consumer Non-Durables,Food: Major Diversified,Consumer Staples,accept
DW3,XETRA,VENTURE GLOBAL  A O.N.,DW3,"Venture Global, Inc. Class A",XETR,stock,US92333F1012,Industrial Services,Oil & Gas Pipelines,Industrials,accept
DWARKESH,BSE_IN,Dwarikesh Sugar Industries Ltd,DWARKESH,Dwarikesh Sugar Industries Ltd.,BSE,stock,INE366A01041,Process Industries,Agricultural Commodities/Milling,Consumer Staples,accept
DYCL,BSE_IN,Dynamic Cables Ltd,DYCL,Dynamic Cables Ltd.,BSE,stock,INE600Y01019,Producer Manufacturing,Electrical Products,Industrials,accept
DYI,XETRA,"DYCOM INDS INC.   DL-,333",DYI,"Dycom Industries, Inc.",XETR,stock,US2674751019,Industrial Services,Engineering & Construction,Industrials,accept
DYNAMATECH,BSE_IN,Dynamatic Technologies Ltd,DYNAMATECH,Dynamatic Technologies Limited,BSE,stock,INE221B01012,Producer Manufacturing,Industrial Machinery,Industrials,accept
DYNC,NASDAQ,Dynamix Corporation - Class A Ordinary Share,DYNC,Dynamix Corporation Class A,NASDAQ,stock,KYG2949D1043,Finance,Financial Conglomerates,,unsupported_sector
DYNPRO,BSE_IN,Dynemic Products Ltd,DYNPRO,Dynemic Products Limited,BSE,stock,INE256H01015,Consumer Non-Durables,Food: Specialty/Candy,Consumer Staples,accept
E2E,BSE_IN,E2E Networks Ltd,E2E,E2E Networks Ltd,BSE,stock,INE255Z01027,Technology Services,Information Technology Services,Information Technology,accept
E3M,XETRA,"EPAM SYSTEMS INC. DL-,001",E3M,"EPAM Systems, Inc.",XETR,stock,US29414B1044,Technology Services,Information Technology Services,Information Technology,accept
E5M,XETRA,"EAGLE MATLS       DL -,01",E5M,Eagle Materials Inc.,XETR,stock,US26969P1084,Non-Energy Minerals,Construction Materials,Materials,accept
E6Z,XETRA,"AECOM             DL -,01",E6Z,AECOM,XETR,stock,US00766T1007,Industrial Services,Engineering & Construction,Industrials,accept
E7P,XETRA,INDIVIOR PHARMAC. O.N.,E7P,"Indivior Pharmaceuticals, Inc.",XETR,stock,US45579U1097,Health Technology,Pharmaceuticals: Major,Health Care,accept
E7S,XETRA,CONSTELLATION ENERGY,E7S,Constellation Energy Corporation,XETR,stock,US21037T1097,Utilities,Electric Utilities,Utilities,accept
EAC,XETRA,"EASTMAN CHEM. CO.  DL-,01",EAC,Eastman Chemical Company,XETR,stock,US2774321002,Process Industries,Chemicals: Specialty,Materials,accept
EASEMYTRIP,BSE_IN,Easy Trip Planners Ltd,EASEMYTRIP,Easy Trip Planners Ltd.,BSE,stock,INE07O001026,Consumer Services,Other Consumer Services,Consumer Discretionary,accept
EASTSILK,NSE_IN,Eastern Silk Industries Limited,EASTSILK,Eastern Silk Industries Limited,NSE,stock,INE962C01035,Process Industries,Textiles,Materials,accept
EASTWEST,NSE_IN,East West Freight Carriers Limited,EASTWEST,East West Freight Carriers Ltd,NSE,stock,INE595R01023,Transportation,Air Freight/Couriers,Industrials,accept
EBGNG,BSE_IN,GNG Electronics Ltd,EBGNG,Gng Electronics Limited,BSE,stock,INE18JU01028,Technology Services,Information Technology Services,Information Technology,accept
EBGNG,NSE_IN,GNG Electronics Limited,EBGNG,Gng Electronics Limited,NSE,stock,INE18JU01028,Technology Services,Information Technology Services,Information Technology,accept
EBIX,NSE_IN,EBIX Limited,EBIX,Ebix Limited,NSE,stock,INE432F01032,Distribution Services,Wholesale Distributors,Industrials,accept
ECLERX,BSE_IN,eClerx Services Ltd,ECLERX,eClerx Services Limited,BSE,stock,INE738I01010,Commercial Services,Miscellaneous Commercial Services,Industrials,accept
ECOFINITY,BSE_IN,Ecofinity Atomix Ltd,ECOFINITY,Ecofinity Atomix Ltd,BSE,stock,INE360S01012,Distribution Services,Wholesale Distributors,Industrials,accept
ECORECO,NSE_IN,Eco Recycling Limited,ECORECO,Eco Recycling Limited,NSE,stock,INE316A01038,Industrial Services,Environmental Services,Industrials,accept
ECOSMOBLTY,BSE_IN,ECOS (India) Mobility & Hospitality Ltd,ECOSMOBLTY,ECOS (India) Mobility & Hospitality Limited,BSE,stock,INE06HJ01020,Finance,Finance/Rental/Leasing,Financials,accept
ECOSMOBLTY,NSE_IN,Ecos (India) Mobility & Hospitality Limited,ECOSMOBLTY,ECOS (India) Mobility & Hospitality Limited,NSE,stock,INE06HJ01020,Finance,Finance/Rental/Leasing,Financials,accept
ECX,XETRA,EPIGENOMICS AG NA O.N.,,,,,,,,,no_tradingview_match
EDC,XETRA,CONSOLIDATED EDISON,EDC,"Consolidated Edison, Inc.",XETR,stock,US2091151041,Utilities,Electric Utilities,Utilities,accept
EDELWEISS,BSE_IN,Edelweiss Financial Services Ltd,EDELWEISS,Edelweiss Financial Services Limited,BSE,stock,INE532F01054,Finance,Investment Banks/Brokers,Financials,accept
EDUCOMP,NSE_IN,Educomp Solutions Limited,EDUCOMP,Educomp Solutions Limited,NSE,stock,INE216H01027,Commercial Services,Miscellaneous Commercial Services,Industrials,accept
EFCIL,BSE_IN,EFC (I) Ltd,EFCIL,EFC (I) Ltd.,BSE,stock,INE886D01026,Distribution Services,Wholesale Distributors,Industrials,accept
EFCIL,NSE_IN,EFC (I) Limited,EFCIL,EFC (I) Ltd.,NSE,stock,INE886D01026,Distribution Services,Wholesale Distributors,Industrials,accept
EFV,TSXV,EF EnergyFunders Ventures Inc,,,,,,,,,no_tradingview_match
EGB,XETRA,"ENSIGN GROUP INC. DL-,001",EGB,"Ensign Group, Inc.",XETR,stock,US29358P1012,Health Services,Medical/Nursing Services,Health Care,accept
EICHERMOT,BSE_IN,Eicher Motors Ltd,EICHERMOT,Eicher Motors Limited,BSE,stock,INE066A01021,Consumer Durables,Motor Vehicles,Consumer Discretionary,accept
EIDPARRY,BSE_IN,EID Parry India Ltd,EIDPARRY,E.I.D.-Parry (India) Limited,BSE,stock,INE126A01031,Process Industries,Chemicals: Agricultural,Materials,accept
EIEL,BSE_IN,Enviro Infra Engineers Ltd,EIEL,Enviro Infra Engineers Limited,BSE,stock,INE0LLY01014,Industrial Services,Environmental Services,Industrials,accept
EIHAHOTELS,BSE_IN,EIH Associated Hotels Ltd,EIHAHOTELS,EIH Associated Hotels Limited,BSE,stock,INE276C01014,Consumer Services,Hotels/Resorts/Cruise lines,Consumer Discretionary,accept
EIHOTEL,BSE_IN,EIH Ltd,EIHOTEL,EIH Limited,BSE,stock,INE230A01023,Consumer Services,Hotels/Resorts/Cruise lines,Consumer Discretionary,accept
EIMCOELECO,BSE_IN,Eimco Elecon (India) Ltd,EIMCOELECO,Eimco Elecon (India) Ltd.,BSE,stock,INE158B01016,Producer Manufacturing,Trucks/Construction/Farm Machinery,Industrials,accept
EKC,BSE_IN,Everest Kanto Cylinder Ltd,EKC,Everest Kanto Cylinder Limited,BSE,stock,INE184H01027,Producer Manufacturing,Industrial Machinery,Industrials,accept
EKI,NSE_IN,EKI Energy Services Limited,EKI,EKI Energy Services Ltd.,NSE,stock,INE0CPR01018,Utilities,Electric Utilities,Utilities,accept
ELANTAS,NSE_IN,Elantas Beck India Limited,ELANTAS,ELANTAS Beck India Limited,NSE,stock,INE280B01018,Process Industries,Industrial Specialties,Materials,accept
ELCIDIN,NSE_IN,EL CID Investments Limited,ELCIDIN,Elcid Investments Ltd.,NSE,stock,INE927X01018,Finance,Financial Conglomerates,,unsupported_sector
ELCT,BVB,EL-CO SA TARGU SECUIESC,ELCT,EL-CO S.A.,BVB,stock,ROELCTACNOR3,Producer Manufacturing,Electrical Products,Industrials,accept
ELDEHSG,BSE_IN,Eldeco Housing & Industries Ltd,ELDEHSG,Eldeco Housing & Industries Ltd.,BSE,stock,INE668G01021,Finance,Real Estate Development,Real Estate,accept
ELECON,BSE_IN,Elecon Engineering Company Ltd,ELECON,Elecon Engineering Co. Ltd.,BSE,stock,INE205B01031,Producer Manufacturing,Electrical Products,Industrials,accept
ELECTCAST,BSE_IN,Electrosteel Castings Ltd,ELECTCAST,Electrosteel Castings Ltd.,BSE,stock,INE086A01029,Non-Energy Minerals,Steel,Materials,accept
ELECTHERM,BSE_IN,Electrotherm (India) Ltd,ELECTHERM,Electrotherm (India) Limited,BSE,stock,INE822G01016,Non-Energy Minerals,Steel,Materials,accept
ELEL,BVB,ELECTROCONSTRUCTIA ELCO SA SUCEAVA,ELEL,Electroconstructia Elco SA Suceava,BVB,stock,ROELELACNOR6,Industrial Services,Engineering & Construction,Industrials,accept
ELER,BVB,ELEROM SA,ELER,Elerom SA Roman,BVB,stock,ROELERACNOR3,Utilities,Electric Utilities,Utilities,accept
ELGIEQUIP,BSE_IN,Elgi Equipments Ltd,ELGIEQUIP,ELGI Equipments Limited,BSE,stock,INE285A01027,Producer Manufacturing,Industrial Machinery,Industrials,accept
ELIN,BSE_IN,Elin Electronics Ltd,ELIN,Elin Electronics Limited,BSE,stock,INE050401020,Electronic Technology,Electronic Production Equipment,Information Technology,accept
ELITECON,NSE_IN,Elitecon International Limited,ELITECON,Elitecon International Ltd.,NSE,stock,INE669R01026,Consumer Non-Durables,Tobacco,Consumer Staples,accept
ELJ,BVB,ELECTROAPARATAJ S.A.,ELJ,Electroaparataj SA,BVB,stock,ROELJBACNOR6,Electronic Technology,Electronic Equipment/Instruments,Information Technology,accept
ELJA,BVB,ELECTROMONTAJ CARPATI SA Sibiu,ELJA,Electromontaj Carpati SA,BVB,stock,ROELJAACNOR8,Producer Manufacturing,Industrial Machinery,Industrials,accept
ELLEN,BSE_IN,Ellenbarrie Industrial Gases Ltd,ELLEN,Ellenbarrie Industrial Gases Limited,BSE,stock,INE236E01022,Process Industries,Chemicals: Specialty,Materials,accept
ELPROINTL,NSE_IN,Elpro International Limited,ELPROINTL,Elpro International Ltd,NSE,stock,INE579B01039,Electronic Technology,Electronic Components,Information Technology,accept
ELRD,BVB,ELECTRECORD SA BUCURESTI,ELRD,Electrecord SA,BVB,stock,ROELRDACNOR5,Electronic Technology,Electronic Equipment/Instruments,Information Technology,accept
EMAMILTD,BSE_IN,Emami Ltd,EMAMILTD,Emami Limited,BSE,stock,INE548C01032,Consumer Non-Durables,Household/Personal Care,Consumer Staples,accept
EMAMIPAP,BSE_IN,Emami Paper Mills Ltd,EMAMIPAP,Emami Paper Mills Limited,BSE,stock,INE830C01026,Process Industries,Pulp & Paper,Materials,accept
EMAMIREAL,BSE_IN,Emami Realty Ltd,EMAMIREAL,Emami Realty Limited,BSE,stock,INE778K01012,Finance,Real Estate Development,Real Estate,accept
EMBDL,NSE_IN,Embassy Developments Limited,EMBDL,Embassy Developments Limited,NSE,stock,INE069I01010,Finance,Real Estate Development,Real Estate,accept
EMCURE,BSE_IN,Emcure Pharmaceuticals Ltd,EMCURE,Emcure Pharmaceuticals Limited,BSE,stock,INE168P01015,Health Technology,Pharmaceuticals: Major,Health Care,accept
EMIL,BSE_IN,Electronics Mart India Ltd,EMIL,Electronics Mart India Limited,BSE,stock,INE02YR01019,Retail Trade,Electronics/Appliance Stores,Consumer Discretionary,accept
EMKAY,BSE_IN,Emkay Global Financial Services Ltd,EMKAY,Emkay Global Financial Services Limited,BSE,stock,INE296H01011,Finance,Investment Managers,Financials,accept
EMMBI,BSE_IN,Emmbi Industries Ltd,EMMBI,Emmbi Industries Limited,BSE,stock,INE753K01015,Process Industries,Containers/Packaging,Materials,accept
EMMVEE,BSE_IN,Emmvee Photovoltaic Power Ltd,EMMVEE,Emmvee Photovoltaic Power Limited,BSE,stock,INE1C6T01020,Electronic Technology,Semiconductors,Information Technology,accept
EMPIND,NSE_IN,Empire Industries Limited,EMPIND,Empire Industries Ltd. (India),NSE,stock,INE515H01014,Distribution Services,Food Distributors,Consumer Staples,accept
EMPOWER,NSE_IN,Empower India Limited,EMPOWER,Empower India Limited,NSE,stock,INE507F01023,Distribution Services,Electronics Distributors,Industrials,accept
EMPR,TSXV,Empress Royalty Corp,EMPR,Empress Royalty Corp,TSXV,stock,CA2924541055,Finance,Financial Conglomerates,,unsupported_sector
EMR,XETRA,"EMERSON EL.       DL -,50",EMR,Emerson Electric Co.,XETR,stock,US2910111044,Electronic Technology,Electronic Equipment/Instruments,Information Technology,accept
EMSLIMITED,BSE_IN,EMS Ltd,EMSLIMITED,EMS Ltd.,BSE,stock,INE0OV601013,Industrial Services,Engineering & Construction,Industrials,accept
EMSLIMITED,NSE_IN,EMS Limited,EMSLIMITED,EMS Ltd.,NSE,stock,INE0OV601013,Industrial Services,Engineering & Construction,Industrials,accept
EMUDHRA,BSE_IN,eMudhra Ltd,EMUDHRA,eMudhra Limited,BSE,stock,INE01QM01018,Technology Services,Packaged Software,Information Technology,accept
ENDURANCE,BSE_IN,Endurance Technologies Ltd,ENDURANCE,Endurance Technologies Ltd.,BSE,stock,INE913H01037,Producer Manufacturing,Metal Fabrication,Industrials,accept
ENERGYDEV,BSE_IN,Energy Development Company Ltd,ENERGYDEV,Energy Development Co. Ltd.,BSE,stock,INE306C01019,Utilities,Electric Utilities,Utilities,accept
ENGINERSIN,BSE_IN,Engineers India Ltd,ENGINERSIN,Engineers India Limited,BSE,stock,INE510A01028,Industrial Services,Engineering & Construction,Industrials,accept
ENIL,BSE_IN,Entertainment Network (India) Ltd,ENIL,Entertainment Network (India) Limited,BSE,stock,INE265F01028,Consumer Services,Broadcasting,Communication Services,accept
ENKEIWHEL,NSE_IN,Enkei Wheels (India) Limited,ENKEIWHEL,Enkei Wheels (India) Limited,NSE,stock,INE130L01014,Producer Manufacturing,Auto Parts: OEM,Industrials,accept
ENQ,XETRA,"ENTEGRIS INC.      DL-,01",ENQ,"Entegris, Inc.",XETR,stock,US29362U1043,Producer Manufacturing,Industrial Machinery,Industrials,accept
ENRIN,BSE_IN,Siemens Energy India Ltd,ENRIN,Siemens Energy India Limited,BSE,stock,INE1NPP01017,Producer Manufacturing,Electrical Products,Industrials,accept
ENTERO,BSE_IN,Entero Healthcare Solutions Ltd,ENTERO,Entero Healthcare Solutions Limited,BSE,stock,INE010601016,Distribution Services,Medical Distributors,Industrials,accept
EOAN,BVB,E.ON AG.,EOAN,E.ON SE,BVB,stock,DE000ENAG999,Utilities,Electric Utilities,Utilities,accept
EOCN,NASDAQ,Eocene Ltd. - Ordinary Shares,EOCN,Eocene Ltd.,NASDAQ,stock,IL0011313900,Health Technology,Pharmaceuticals: Major,Health Care,accept
EPACK,BSE_IN,EPACK Durable Ltd,EPACK,Epack Durable Limited,BSE,stock,INE0G5901015,Producer Manufacturing,Industrial Machinery,Industrials,accept
EPACKPEB,BSE_IN,Epack Prefab Technologies Ltd,EPACKPEB,Epack Prefab Technologies Limited,BSE,stock,INE0MLS01022,Industrial Services,Engineering & Construction,Industrials,accept
EPACKPEB,NSE_IN,EPack Prefab Technologies Limited,EPACKPEB,Epack Prefab Technologies Limited,NSE,stock,INE0MLS01022,Industrial Services,Engineering & Construction,Industrials,accept
EPIGRAL,BSE_IN,Epigral Ltd,EPIGRAL,Epigral Ltd,BSE,stock,INE071N01016,Process Industries,Chemicals: Agricultural,Materials,accept
EPL,BSE_IN,EPL Ltd,EPL,EPL Limited,BSE,stock,INE255A01020,Process Industries,Containers/Packaging,Materials,accept
EPN,BVB,EMA PIATRA NEAMT S.A.,EPN,EMA PIATRA NEAMT SA,BVB,stock,ROEMANACNOR8,Process Industries,Textiles,Materials,accept
EQUIPPP,NSE_IN,Equippp Social Impact Technologies Limited,EQUIPPP,Equippp Social Impact Technologies Limited,NSE,stock,INE217G01035,Technology Services,Internet Software/Services,Information Technology,accept
EQUITASBNK,BSE_IN,Equitas Small Finance Bank Ltd,EQUITASBNK,Equitas Small Finance Bank Ltd.,BSE,stock,INE063P01018,Finance,Regional Banks,Financials,accept
ERA,TSXV,Elcora Advanced Materials Corp,ERA,Elcora Advanced Materials Corp.,TSXV,stock,CA2844452029,Miscellaneous,Miscellaneous,,unsupported_sector
ERIS,BSE_IN,Eris Lifesciences Ltd,ERIS,Eris Lifesciences Ltd,BSE,stock,INE406M01024,Health Technology,Pharmaceuticals: Major,Health Care,accept
ESABINDIA,BSE_IN,Esab India Ltd,ESABINDIA,Esab India Limited,BSE,stock,INE284A01012,Producer Manufacturing,Electrical Products,Industrials,accept
ESAFSFB,BSE_IN,ESAF Small Finance Bank Ltd,ESAFSFB,ESAF Small Finance Bank Limited,BSE,stock,INE818W01011,Finance,Regional Banks,Financials,accept
ESCORTS,BSE_IN,Escorts Kubota Ltd,ESCORTS,Escorts Kubota Limited,BSE,stock,INE042A01014,Producer Manufacturing,Auto Parts: OEM,Industrials,accept
ESDS,BSE_IN,ESDS Software Solution Ltd,ESDS,ESDS Software Solution Limited,BSE,stock,INE0DRI01029,Technology Services,Information Technology Services,Information Technology,accept
ESDS,NSE_IN,ESDS Software Solution Limited,ESDS,ESDS Software Solution Limited,NSE,stock,INE0DRI01029,Technology Services,Information Technology Services,Information Technology,accept
ESSARSHPNG,BSE_IN,Essar Shipping Ltd,ESSARSHPNG,Essar Shipping Limited.,BSE,stock,INE122M01019,Transportation,Other Transportation,Industrials,accept
ESSENTIA,BSE_IN,Integra Essentia Ltd,ESSENTIA,Integra Essentia Limited,BSE,stock,INE418N01035,Consumer Non-Durables,Apparel/Footwear,Consumer Staples,accept
ESTER,BSE_IN,Ester Industries Ltd,ESTER,Ester Industries Limited,BSE,stock,INE778B01029,Process Industries,Industrial Specialties,Materials,accept
ESYN,NASDAQ,EnerSyn Global Inc. - Common Stock,ESYN,EnerSyn Global Inc.,NASDAQ,stock,US44852G3092,Finance,Financial Conglomerates,,unsupported_sector
ET9,XETRA,"CIRCLE INT.GRP A DL-,0001",ET9,"Circle Internet Group, Inc. Class A",XETR,stock,US1725731079,Technology Services,Packaged Software,Information Technology,accept
ETERNAL,BSE_IN,Eternal Ltd,ETERNAL,Eternal Limited,BSE,stock,INE758T01015,Transportation,Air Freight/Couriers,Industrials,accept
ETHOSLTD,BSE_IN,Ethos Ltd,ETHOSLTD,Ethos Ltd.,BSE,stock,INE04TZ01018,Retail Trade,Catalog/Specialty Distribution,Consumer Discretionary,accept
ETRA,NASDAQ,"Electra Therapeutics, Inc. - Common stock",ETRA,Electra Therapeutics Inc.,NASDAQ,stock,US2848251060,Health Technology,Pharmaceuticals: Major,Health Care,accept
EUREKAFORB,BSE_IN,Eureka Forbes Ltd,EUREKAFORB,Eureka Forbes Limited,BSE,stock,INE0KCE01017,Producer Manufacturing,Industrial Machinery,Industrials,accept
EUROBOND,BSE_IN,Euro Panel Products Ltd,EUROBOND,Euro Panel Products Limited,BSE,stock,INE505V01016,Non-Energy Minerals,Aluminum,Materials,accept
EUROBOND,NSE_IN,Euro Panel Products Limited,EUROBOND,Euro Panel Products Limited,NSE,stock,INE505V01016,Non-Energy Minerals,Aluminum,Materials,accept
EUROPRATIK,BSE_IN,Euro Pratik Sales Ltd,EUROPRATIK,Euro Pratik Sales Limited,BSE,stock,INE198501012,Producer Manufacturing,Office Equipment/Supplies,Industrials,accept
EUROPRATIK,NSE_IN,Euro Pratik Sales Limited,EUROPRATIK,Euro Pratik Sales Limited,NSE,stock,INE198501012,Producer Manufacturing,Office Equipment/Supplies,Industrials,accept
EUROTEXIND,BSE_IN,Eurotex Industries and Exports Ltd,EUROTEXIND,Eurotex Industries & Exports Ltd.,BSE,stock,INE022C01012,Process Industries,Textiles,Materials,accept
EVEREADY,BSE_IN,Eveready Industries India Ltd,EVEREADY,Eveready Industries India Ltd,BSE,stock,INE128A01029,Producer Manufacturing,Electrical Products,Industrials,accept
EVERESTIND,BSE_IN,Everest Industries Ltd,EVERESTIND,Everest Industries Limited,BSE,stock,INE295A01018,Distribution Services,Wholesale Distributors,Industrials,accept
EWAV,NASDAQ,East West Ave Acquisition Corp. - Common Stock,EWAV,East West Ave Acquisition Corp.,NASDAQ,stock,US2759131012,Finance,Financial Conglomerates,,unsupported_sector
EWL,XETRA,EDWARDS LIFESCIENCES,EWL,Edwards Lifesciences Corporation,XETR,stock,US28176E1082,Health Technology,Medical Specialties,Health Care,accept
EXCELINDUS,BSE_IN,Excel Industries Ltd,EXCELINDUS,Excel Industries Limited,BSE,stock,INE369A01029,Process Industries,Chemicals: Agricultural,Materials,accept
EXCELSOFT,BSE_IN,Excelsoft Technologies Ltd,EXCELSOFT,Excelsoft Technologies Limited,BSE,stock,INE606N01019,Technology Services,Packaged Software,Information Technology,accept
EXCELSOFT,NSE_IN,Excelsoft Technologies Limited,EXCELSOFT,Excelsoft Technologies Limited,NSE,stock,INE606N01019,Technology Services,Packaged Software,Information Technology,accept
EXICOM,BSE_IN,Exicom Tele-Systems Ltd,EXICOM,Exicom Tele-Systems Ltd.,BSE,stock,INE777F01014,Producer Manufacturing,Electrical Products,Industrials,accept
EXICOM,NSE_IN,Exicom Tele-Systems Limited,EXICOM,Exicom Tele-Systems Ltd.,NSE,stock,INE777F01014,Producer Manufacturing,Electrical Products,Industrials,accept
EXIDEIND,BSE_IN,Exide Industries Ltd,EXIDEIND,Exide Industries Limited,BSE,stock,INE302A01020,Producer Manufacturing,Auto Parts: OEM,Industrials,accept
EXPLEOSOL,BSE_IN,Expleo Solutions Ltd,EXPLEOSOL,Expleo Solutions Limited,BSE,stock,INE201K01015,Technology Services,Information Technology Services,Information Technology,accept
EXXARO,BSE_IN,Exxaro Tiles Ltd,EXXARO,Exxaro Tiles Ltd.,BSE,stock,INE0GFE01026,Producer Manufacturing,Building Products,Industrials,accept
EZV,XETRA,"DOMINOS PIZZA INC. DL-,01",EZV,"Domino's Pizza, Inc.",XETR,stock,US25754A2015,Consumer Services,Restaurants,Consumer Discretionary,accept
F1EF,XETRA,FIDELITY NATL FINL. FNF,F1EF,"Fidelity National Financial, Inc. - FNF Group",XETR,stock,US31620R3030,Finance,Specialty Insurance,Financials,accept
F3M,XETRA,"TEMPUS AI INC.  DL-,01",F3M,"Tempus AI, Inc. Class A",XETR,stock,US88023B1035,Technology Services,Packaged Software,Information Technology,accept
F9Q,XETRA,EOS ENERGY ENTERPR.CL.A,F9Q,"Eos Energy Enterprises, Inc. Class A",XETR,stock,US29415C1018,Producer Manufacturing,Electrical Products,Industrials,accept
FA1,XETRA,"FACTSET RESH SYS   DL-,01",FA1,FactSet Research Systems Inc.,XETR,stock,US3030751057,Commercial Services,Financial Publishing/Services,Industrials,accept
FABTECH,BSE_IN,Fabtech Technologies Ltd,FABTECH,Fabtech Technologies Limited,BSE,stock,INE0HF201011,Health Technology,Biotechnology,Health Care,accept
FABTECH,NSE_IN,Fabtech Technologies Limited,FABTECH,Fabtech Technologies Limited,NSE,stock,INE0HF201011,Health Technology,Biotechnology,Health Care,accept
FACT,BSE_IN,Fertilizers and Chemicals Travancore Ltd,FACT,Fertilizers & Chemicals Travancore Ltd.,BSE,stock,INE188A01015,Process Industries,Chemicals: Agricultural,Materials,accept
FACY,BVB,FABRICA DE SCULE RASNOV SA,FACY,Fabrica de Scule Rasnov SA,BVB,stock,ROFACYACNOR3,Producer Manufacturing,Industrial Machinery,Industrials,accept
FAIRCHEMOR,BSE_IN,Fairchem Organics Ltd,FAIRCHEMOR,Fairchem Organics Ltd,BSE,stock,INE0DNW01011,Process Industries,Chemicals: Specialty,Materials,accept
FAMZ,BVB,FAM SA GALATI,FAMZ,FAM S.A.,BVB,stock,ROFAMZACNOR9,Process Industries,Industrial Specialties,Materials,accept
FARMPEACE,BSE_IN,Farm Peace Ltd,FARMPEACE,Farm Peace Limited,BSE,stock,INE0W2E01010,Process Industries,Agricultural Commodities/Milling,Consumer Staples,accept
FAS,XETRA,"FASTENAL CO.       DL-,01",FAS,Fastenal Company,XETR,stock,US3119001044,Distribution Services,Wholesale Distributors,Industrials,accept
FASCINATE,NSE_IN,Fascinate Textiles Limited,FASCINATE,Fascinate Textiles Limited,NSE,stock,INE1Q2D01019,Consumer Non-Durables,Apparel/Footwear,Consumer Staples,accept
FAZE3Q,NSE_IN,Faze Three Limited,FAZE3Q,Faze Three Ltd.,NSE,stock,INE963C01033,Process Industries,Textiles,Materials,accept
FBDT,NASDAQ,First Breach Inc. - Common Stock,FBDT,"First Breach, Inc.",NASDAQ,stock,US31940A1051,Electronic Technology,Aerospace & Defense,Industrials,accept
FC6A,XETRA,FIRST CITIZ.BCSHS A   DL1,FC6A,"First Citizens BancShares, Inc. Class A",XETR,stock,US31946M1036,Finance,Regional Banks,Financials,accept
FCL,BSE_IN,Fineotex Chemical Ltd,FCL,Fineotex Chemical Limited,BSE,stock,INE045J01034,Process Industries,Industrial Specialties,Materials,accept
FCSSOFT,BSE_IN,FCS Software Solutions Ltd,FCSSOFT,FCS Software Solutions Limited,BSE,stock,INE512B01022,Commercial Services,Miscellaneous Commercial Services,Industrials,accept
FDC,BSE_IN,FDC Ltd,FDC,FDC Ltd.,BSE,stock,INE258B01022,Health Technology,Pharmaceuticals: Major,Health Care,accept
FDMM,NASDAQ,Freedom Metals Acquisition Corp. - Class A Ordinary Shares,FDMM,Freedom Metals Acquisition Corp. Class A,NASDAQ,stock,KYG255071071,Finance,Financial Conglomerates,,unsupported_sector
FEDDERSHOL,NSE_IN,Fedders Holding Limited,FEDDERSHOL,Fedders Holding Ltd,NSE,stock,INE417D01020,Finance,Financial Conglomerates,,unsupported_sector
FEDERALBNK,BSE_IN,Federal Bank Ltd,FEDERALBNK,Federal Bank Ltd. (India),BSE,stock,INE171A01029,Finance,Major Banks,Financials,accept
FEDFINA,BSE_IN,Fedbank Financial Services Ltd,FEDFINA,Fedbank Financial Services Ltd.,BSE,stock,INE007N01010,Finance,Finance/Rental/Leasing,Financials,accept
FEDFINA,NSE_IN,Fedbank Financial Services Limited,FEDFINA,Fedbank Financial Services Ltd.,NSE,stock,INE007N01010,Finance,Finance/Rental/Leasing,Financials,accept
FEL,BSE_IN,Future Enterprises Ltd,FEL,Future Enterprises Ltd,BSE,stock,INE623B01027,Process Industries,Textiles,Materials,accept
FELDVR,NSE_IN,Future Enterprises Limited,FELDVR,Future Enterprises Ltd. Class B,NSE,stock,IN9623B01058,Process Industries,Textiles,Materials,accept
FEP,BVB,Feper SA,FEP,FEPER S.A.,BVB,stock,ROFEBVACNOR3,,,,unsupported_sector
FERMENTA,NSE_IN,Fermenta Biotech Limited,FERMENTA,Fermenta Biotech Ltd,NSE,stock,INE225B01021,Health Technology,Biotechnology,Health Care,accept
FERO,BVB,IAMBA ARAD S.A. ARAD,FERO,Iamba Arad S.A. Arad,BVB,stock,ROFEROACNOR4,Consumer Durables,Tools & Hardware,Consumer Discretionary,accept
FFH,XETRA,FIFTH THIRD BANCORP,FFH,Fifth Third Bancorp,XETR,stock,US3167731005,Finance,Regional Banks,Financials,accept
FFR,NASDAQ,FF EAI Robotics Ecosystem Inc. - Common Stock,FFR,FF EAI Robotics Ecosystem Inc.,NASDAQ,stock,US74754R3012,Technology Services,Packaged Software,Information Technology,accept
FGC,NASDAQ,FG Communities Holdings Inc. - Common Stock,FGC,FG Communities Holdings Inc.,NASDAQ,stock,US30329Y4035,Finance,Property/Casualty Insurance,Financials,accept
FIBERWEB,NSE_IN,Fiberweb (India) Limited,FIBERWEB,Fiberweb (India) Limited,NSE,stock,INE296C01020,Producer Manufacturing,Industrial Conglomerates,Industrials,accept
FIEMIND,BSE_IN,Fiem Industries Ltd,FIEMIND,Fiem Industries Limited,BSE,stock,INE737H01014,Producer Manufacturing,Auto Parts: OEM,Industrials,accept
FILATEX,BSE_IN,Filatex India Ltd,FILATEX,Filatex India Ltd,BSE,stock,INE816B01035,Process Industries,Textiles,Materials,accept
FILATFASH,NSE_IN,Filatex Fashions Limited,FILATFASH,Filatex Fashions Limited,NSE,stock,INE185E01021,Process Industries,Textiles,Materials,accept
FIMA,BVB,FIMARO SA Cluj,FIMA,Fimaro SA,BVB,stock,ROFIMAACNOR5,Producer Manufacturing,Industrial Conglomerates,Industrials,accept
FINANCE,BSE_IN,Seksaria Finance Ltd,FINANCE,Seksaria Finance Limited,BSE,stock,INE0IBX01013,Finance,Financial Conglomerates,,unsupported_sector
FINCABLES,BSE_IN,Finolex Cables Ltd,FINCABLES,Finolex Cables Limited,BSE,stock,INE235A01022,Producer Manufacturing,Electrical Products,Industrials,accept
FINEORG,BSE_IN,Fine Organic Industries Ltd,FINEORG,Fine Organic Industries Ltd.,BSE,stock,INE686Y01026,Process Industries,Chemicals: Major Diversified,Materials,accept
FINKURVE,BSE_IN,Finkurve Financial Services Ltd,FINKURVE,Finkurve Financial Services Ltd.,BSE,stock,INE734I01027,Finance,Finance/Rental/Leasing,Financials,accept
FINOPB,BSE_IN,Fino Payments Bank Ltd,FINOPB,FINO Payments Bank Ltd.,BSE,stock,INE02NC01014,Finance,Regional Banks,Financials,accept
FINPIPE,BSE_IN,Finolex Industries Ltd,FINPIPE,Finolex Industries Limited,BSE,stock,INE183A01024,Producer Manufacturing,Miscellaneous Manufacturing,Industrials,accept
FIRSTCRY,BSE_IN,Brainbees Solutions Ltd,FIRSTCRY,Brainbees Solutions Limited,BSE,stock,INE02RE01045,Retail Trade,Apparel/Footwear Retail,Consumer Discretionary,accept
FISCHER,BSE_IN,Fischer Medical Ventures Ltd,FISCHER,Fischer Medical Ventures Ltd,BSE,stock,INE771F01041,Process Industries,Chemicals: Specialty,Materials,accept
FIVESTAR,BSE_IN,Five-Star Business Finance Ltd,FIVESTAR,Five-Star Business Finance Limited,BSE,stock,INE128S01021,Finance,Finance/Rental/Leasing,Financials,accept
FJDI,NASDAQ,ARC Group Securities Acquisition I - Class A Ordinary Shares,FJDI,ARC Group Securities Acquisition I Class A,NASDAQ,stock,KYG0511G1091,Finance,Financial Conglomerates,,unsupported_sector
FLAIR,BSE_IN,Flair Writing Industries Ltd,FLAIR,Flair Writing Industries Limited,BSE,stock,INE00Y201027,Producer Manufacturing,Office Equipment/Supplies,Industrials,accept
FLEXITUFF,BSE_IN,Flexituff Ventures International Ltd,FLEXITUFF,Flexituff Ventures International Limited,BSE,stock,INE060J01017,Process Industries,Containers/Packaging,Materials,accept
FLFL,NSE_IN,Future Lifestyle Fashions Limited,FLFL,Future Lifestyle Fashions Ltd.,NSE,stock,INE452O01016,Retail Trade,Apparel/Footwear Retail,Consumer Discretionary,accept
FLH0,XETRA,APPLIED DIGITAL     DL-01,FLH0,Applied Digital Corporation,XETR,stock,US0381692070,Technology Services,Data Processing Services,Information Technology,accept
FLU,XETRA,"FLUOR CORP. (NEW)  DL-,01",FLU,Fluor Corporation,XETR,stock,US3434121022,Industrial Services,Engineering & Construction,Industrials,accept
FLUOROCHEM,BSE_IN,Gujarat Fluorochemicals Ltd,FLUOROCHEM,Gujarat Fluorochemicals Ltd.,BSE,stock,INE09N301011,Process Industries,Chemicals: Specialty,Materials,accept
FLYHI,BSE_IN,Fly-Hi Maritime Travels Ltd,FLYHI,Fly-Hi Maritime Travels Limited,BSE,stock,INE2J7801015,Consumer Services,Other Consumer Services,Consumer Discretionary,accept
FMF,XETRA,"FORMFACTOR INC.   DL-,001",FMF,"FormFactor, Inc.",XETR,stock,US3463751087,Electronic Technology,Semiconductors,Information Technology,accept
FMGOETZE,BSE_IN,Federal-Mogul Goetze (India) Ltd,FMGOETZE,Federal-Mogul Goetze (India) Limited,BSE,stock,INE529A01010,Producer Manufacturing,Industrial Machinery,Industrials,accept
FMNB,XETRA,"LEONARDO S.P.A.   EO 4,40",FMNB,Leonardo SpA,XETR,stock,IT0003856405,Electronic Technology,Aerospace & Defense,Industrials,accept
FMNL,BSE_IN,Future Market Networks Ltd,FMNL,Future Market Networks Limited,BSE,stock,INE360L01017,Transportation,Air Freight/Couriers,Industrials,accept
FN2,XETRA,"F.N.B. CORP.      DL -,01",FN2,F.N.B. Corporation,XETR,stock,US3025201019,Finance,Major Banks,Financials,accept
FO5,XETRA,"FOX CORP. A        DL-,01",FO5,Fox Corporation Class A,XETR,stock,US35137L1052,Consumer Services,Broadcasting,Communication Services,accept
FO5B,XETRA,"FOX CORP. B        DL-,01",FO5B,Fox Corporation Class B,XETR,stock,US35137L2043,Consumer Services,Broadcasting,Communication Services,accept
FO8,XETRA,"FORTINET INC.     DL-,001",FO8,"Fortinet, Inc.",XETR,stock,US34959E1091,Technology Services,Information Technology Services,Information Technology,accept
FOODSIN,BSE_IN,Foods & Inns Ltd,FOODSIN,Foods & Inns Ltd.,BSE,stock,INE976E01023,Consumer Non-Durables,Food: Specialty/Candy,Consumer Staples,accept
FORCEMOT,BSE_IN,Force Motors Ltd,FORCEMOT,Force Motors Limited,BSE,stock,INE451A01017,Consumer Durables,Motor Vehicles,Consumer Discretionary,accept
FORTIS,BSE_IN,Fortis Healthcare Ltd,FORTIS,Fortis Healthcare Ltd.,BSE,stock,INE061F01013,Health Services,Hospital/Nursing Management,Health Care,accept
FOSB,BVB,FORAJ SONDE SA CRAIOVA,FOSB,Foraj Sonde Craiova SA,BVB,stock,ROFORJACNOR3,Industrial Services,Contract Drilling,Industrials,accept
FOSECOIND,BSE_IN,Foseco India Ltd,FOSECOIND,Foseco India Limited,BSE,stock,INE519A01011,Process Industries,Chemicals: Major Diversified,Materials,accept
FP3,XETRA,"NEXTERA ENERGY INC.DL-,01",FP3,"NextEra Energy, Inc.",XETR,stock,US65339F1012,Utilities,Electric Utilities,Utilities,accept
FRACTAL,BSE_IN,Fractal Analytics Ltd,FRACTAL,Fractal Analytics Limited,BSE,stock,INE212S01015,Technology Services,Packaged Software,Information Technology,accept
FREDUN,NSE_IN,Fredun Pharmaceuticals Limited,FREDUN,Fredun Pharmaceuticals Ltd.,NSE,stock,INE194R01017,Health Technology,Pharmaceuticals: Major,Health Care,accept
FRESITA,BSE_IN,Fresita Proteins Ltd,FRESITA,Fresita Proteins Ltd,BSE,stock,INE995U01011,Process Industries,Agricultural Commodities/Milling,Consumer Staples,accept
FRI,XETRA,"FAIR ISAAC CORP.   DL-,01",FRI,Fair Isaac Corporation,XETR,stock,US3032501047,Commercial Services,Financial Publishing/Services,Industrials,accept
FRONTSP,NSE_IN,Frontier Springs Limited,FRONTSP,Frontier Springs Limited.,NSE,stock,INE572D01014,Producer Manufacturing,Metal Fabrication,Industrials,accept
FSL,BSE_IN,Firstsource Solutions Ltd,FSL,Firstsource Solutions Limited,BSE,stock,INE684F01012,Commercial Services,Miscellaneous Commercial Services,Industrials,accept
FT2,XETRA,"FIRST HORIZON     DL-,625",FT2,First Horizon Corporation,XETR,stock,US3205171057,Finance,Regional Banks,Financials,accept
FUSION,BSE_IN,Fusion Finance Ltd,FUSION,Fusion Finance Ltd,BSE,stock,INE139R01012,Finance,Finance/Rental/Leasing,Financials,accept
FVI,XETRA,FAIR VALUE REIT-AG INH.ON,,,,,,,,,no_tradingview_match
FWAC,NASDAQ,Futurewave Acquisition Corporation - Ordinary Shares,FWAC,Futurewave Acquisition Corp.,NASDAQ,stock,KYG370731062,Finance,Financial Conglomerates,,unsupported_sector
FWV,XETRA,"FLOWSERVE CORP.   DL 1,25",FWV,Flowserve Corporation,XETR,stock,US34354P1057,Producer Manufacturing,Industrial Machinery,Industrials,accept
G84,XETRA,GENERAC HOLDINGS INC.,G84,Generac Holdings Inc.,XETR,stock,US3687361044,Producer Manufacturing,Electrical Products,Industrials,accept
GABRIEL,BSE_IN,Gabriel India Ltd,GABRIEL,Gabriel India Limited,BSE,stock,INE524A01029,Producer Manufacturing,Auto Parts: OEM,Industrials,accept
GAEL,BSE_IN,Gujarat Ambuja Exports Ltd,GAEL,Gujarat Ambuja Exports Limited,BSE,stock,INE036B01030,Consumer Non-Durables,Food: Specialty/Candy,Consumer Staples,accept
GAIL,BSE_IN,Gail (India) Ltd,GAIL,GAIL (India) Limited,BSE,stock,INE129A01019,Utilities,Gas Distributors,Utilities,accept
GAJA,BSE_IN,Gaja Alternative Asset Management Ltd,GAJA,Gaja Alternative Asset Management Limited,BSE,stock,INE18UN01038,Finance,Investment Managers,Financials,accept
GAJA,NSE_IN,Gaja Alternative Asset Management Limited,GAJA,Gaja Alternative Asset Management Limited,NSE,stock,INE18UN01038,Finance,Investment Managers,Financials,accept
GALAPREC,BSE_IN,Gala Precision Engineering Ltd,GALAPREC,Gala Precision Engineering Limited,BSE,stock,INE0RE001014,Producer Manufacturing,Metal Fabrication,Industrials,accept
GALAPREC,NSE_IN,Gala Precision Engineering Limited,GALAPREC,Gala Precision Engineering Limited,NSE,stock,INE0RE001014,Producer Manufacturing,Metal Fabrication,Industrials,accept
GALAXYSURF,BSE_IN,Galaxy Surfactants Ltd,GALAXYSURF,Galaxy Surfactants Ltd.,BSE,stock,INE600K01018,Consumer Non-Durables,Household/Personal Care,Consumer Staples,accept
GALF,BVB,GALFINBAND SA GALATI,GALF,Galfinband SA,BVB,stock,ROGALFACNOR1,Non-Energy Minerals,Steel,Materials,accept
GALLANTT,BSE_IN,Gallantt Ispat Ltd,GALLANTT,Gallantt Ispat Limited,BSE,stock,INE297H01019,Non-Energy Minerals,Steel,Materials,accept
GANDHAR,BSE_IN,Gandhar Oil Refinery (India) Ltd,GANDHAR,Gandhar Oil Refinery (India) Limited,BSE,stock,INE717W01049,Process Industries,Industrial Specialties,Materials,accept
GANDHITUBE,BSE_IN,Gandhi Special Tubes Ltd,GANDHITUBE,Gandhi Special Tubes Limited,BSE,stock,INE524B01027,Non-Energy Minerals,Steel,Materials,accept
GANECOS,BSE_IN,Ganesha Ecosphere Ltd,GANECOS,Ganesha Ecosphere Limited,BSE,stock,INE845D01014,Process Industries,Textiles,Materials,accept
GANESHBE,BSE_IN,Ganesh Benzoplast Ltd,GANESHBE,Ganesh Benzoplast Limited,BSE,stock,INE388A01029,Process Industries,Chemicals: Specialty,Materials,accept
GANESHCP,BSE_IN,Ganesh Consumer Products Ltd,GANESHCP,Ganesh Consumer Products Limited,BSE,stock,INE652V01016,Process Industries,Agricultural Commodities/Milling,Consumer Staples,accept
GANESHCP,NSE_IN,Ganesh Consumer Products Limited,GANESHCP,Ganesh Consumer Products Limited,NSE,stock,INE652V01016,Process Industries,Agricultural Commodities/Milling,Consumer Staples,accept
GANESHHOU,BSE_IN,Ganesh Housing Ltd,GANESHHOU,Ganesh Housing Limited,BSE,stock,INE460C01014,Consumer Durables,Homebuilding,Consumer Discretionary,accept
GANGESSECU,BSE_IN,Ganges Securities Ltd,GANGESSECU,Ganges Securities Ltd.,BSE,stock,INE335W01016,Consumer Non-Durables,Food: Specialty/Candy,Consumer Staples,accept
GAP,XETRA,"GAP INC.           DL-,05",GAP,"Gap, Inc.",XETR,stock,US3647601083,Retail Trade,Apparel/Footwear Retail,Consumer Discretionary,accept
GARFIBRES,BSE_IN,Garware Technical Fibres Ltd,GARFIBRES,Garware Technical Fibres Limited,BSE,stock,INE276A01018,Process Industries,Textiles,Materials,accept
GARUDA,BSE_IN,Garuda Construction and Engineering Ltd,GARUDA,Garuda Construction and Engineering Limited,BSE,stock,INE0JVO01026,Industrial Services,Engineering & Construction,Industrials,accept
GARUDA,NSE_IN,Garuda Construction and Engineering Limited,GARUDA,Garuda Construction and Engineering Limited,NSE,stock,INE0JVO01026,Industrial Services,Engineering & Construction,Industrials,accept
GARWAOFFS,BSE_IN,Garware Offshore Services Ltd,GARWAOFFS,Garware Offshore Services Ltd,BSE,stock,INE446C01013,Industrial Services,Oilfield Services/Equipment,Industrials,accept
GATECH,BSE_IN,GACM Technologies Ltd,GATECH,GACM Technologies Limited,BSE,stock,INE224E01028,Finance,Investment Banks/Brokers,Financials,accept
GATECHDVR,BSE_IN,GACM Technologies Ltd,GATECHDVR,GACM Technologies Limited,BSE,stock,INE224E01036,Finance,Investment Banks/Brokers,Financials,accept
GATEWAY,BSE_IN,Gateway Distriparks Ltd,GATEWAY,Gateway Distriparks Limited,BSE,stock,INE079J01017,Transportation,Railroads,Industrials,accept
GAUDIUMIVF,BSE_IN,Gaudium IVF and Women Health Ltd,GAUDIUMIVF,Gaudium IVF & Women Health Ltd.,BSE,stock,INE0P8B01020,Health Services,Medical/Nursing Services,Health Care,accept
GAUDIUMIVF,NSE_IN,Gaudium IVF and Women Health Limited,GAUDIUMIVF,Gaudium IVF & Women Health Ltd.,NSE,stock,INE0P8B01020,Health Services,Medical/Nursing Services,Health Care,accept
GAYAHWS,BSE_IN,Gayatri Highways Ltd,GAYAHWS,Gayatri Highways Ltd.,BSE,stock,INE287Z01012,Industrial Services,Engineering & Construction,Industrials,accept
GAYAPROJ,NSE_IN,Gayatri Projects Limited,GAYAPROJ,Gayatri Projects Limited,NSE,stock,INE336H01023,Industrial Services,Engineering & Construction,Industrials,accept
GCSL,BSE_IN,Gretex Corporate Services Ltd,GCSL,Gretex Corporate Services Ltd,BSE,stock,INE199P01028,Finance,Investment Banks/Brokers,Financials,accept
GCSL,NSE_IN,Gretex Corporate Services Limited,GCSL,Gretex Corporate Services Ltd,NSE,stock,INE199P01028,Finance,Investment Banks/Brokers,Financials,accept
GDIL,BSE_IN,Global Defence Industries Ltd,GDIL,Global Defence Industries Limited,BSE,stock,INE425H01016,Consumer Durables,Other Consumer Specialties,Consumer Discretionary,accept
GDX,TSXV,Goldex Resources Corp,,,,,,,,,no_tradingview_match
GEECEE,BSE_IN,GeeCee Ventures Ltd,GEECEE,GeeCee Ventures Limited,BSE,stock,INE916G01016,Finance,Real Estate Development,Real Estate,accept
GEMAROMA,NSE_IN,Gem Aromatics Limited,GEMAROMA,Gem Aromatics Limited,NSE,stock,INE06XZ01023,Process Industries,Chemicals: Major Diversified,Materials,accept
GENCON,BSE_IN,Generic Engineering Construction and Projects Ltd,GENCON,Generic Engineering Construction & Projects Ltd.,BSE,stock,INE854S01022,Industrial Services,Engineering & Construction,Industrials,accept
GENESYS,BSE_IN,Genesys International Corporation Ltd,GENESYS,Genesys International Corporation Limited,BSE,stock,INE727B01026,Technology Services,Packaged Software,Information Technology,accept
GENSOL,NSE_IN,Gensol Engineering Limited,GENSOL,Gensol Engineering Limited,NSE,stock,INE06H201014,Industrial Services,Engineering & Construction,Industrials,accept
GENUSPAPER,BSE_IN,Genus Paper & Boards Ltd,GENUSPAPER,Genus Paper & Boards Ltd,BSE,stock,INE949P01018,Process Industries,Pulp & Paper,Materials,accept
GENUSPOWER,BSE_IN,Genus Power Infrastructures Ltd,GENUSPOWER,Genus Power Infrastructures Limited,BSE,stock,INE955D01029,Electronic Technology,Electronic Equipment/Instruments,Information Technology,accept
GENXAI,NSE_IN,GenXAI Analytics Limited,GENXAI,GenXAI Analytics Limited,NSE,stock,INE1W0N01014,Technology Services,Packaged Software,Information Technology,accept
GEOJITFSL,BSE_IN,Geojit Financial Services Ltd,GEOJITFSL,Geojit Financial Services Ltd,BSE,stock,INE007B01023,Finance,Investment Banks/Brokers,Financials,accept
GEPH,XETRA,EPH GROUP AG IA,GEPH,EPH Group AG,XETR,stock,AT0000A34DM3,Finance,Financial Conglomerates,,unsupported_sector
GESHIP,BSE_IN,Great Eastern Shipping Company Ltd,GESHIP,Great Eastern Shipping Co. Ltd.,BSE,stock,INE017A01032,Transportation,Marine Shipping,Industrials,accept
GFLLIMITED,BSE_IN,GFL Ltd,GFLLIMITED,GFL Ltd,BSE,stock,INE538A01037,Consumer Services,Movies/Entertainment,Communication Services,accept
GFSTEELS,NSE_IN,Grand Foundry Limited,GFSTEELS,Grand Foundry Ltd.,NSE,stock,INE534A01028,Non-Energy Minerals,Steel,Materials,accept
GGRA,XETRA,"GARTNER INC. DL -,0005",GGRA,"Gartner, Inc.",XETR,stock,US3666511072,Technology Services,Internet Software/Services,Information Technology,accept
GHCL,BSE_IN,GHCL Ltd,GHCL,GHCL Limited,BSE,stock,INE539A01019,Process Industries,Textiles,Materials,accept
GHCLTEXTIL,BSE_IN,GHCL Textiles Ltd,GHCLTEXTIL,Ghcl Textiles Ltd.,BSE,stock,INE0PA801013,Process Industries,Textiles,Materials,accept
GHIM,BVB,A.T.C. - AGRO TOTAL CONSTRUCT SA GHIMBAV,GHIM,A.T.C. Agro Total Construct SA,BVB,stock,ROGHIMACNOR8,Process Industries,Agricultural Commodities/Milling,Consumer Staples,accept
GHXI,NASDAQ,"Gores Holdings XI, Inc. - Class A Ordinary Shares",GHXI,"Gores Holdings XI, Inc. Class A",NASDAQ,stock,KYG400081074,Finance,Financial Conglomerates,,unsupported_sector
GICHSGFIN,BSE_IN,GIC Housing Finance Ltd,GICHSGFIN,GIC Housing Finance Limited,BSE,stock,INE289B01019,Finance,Finance/Rental/Leasing,Financials,accept
GICRE,BSE_IN,General Insurance Corporation of India,GICRE,General Insurance Corporation of India,BSE,stock,INE481Y01014,Finance,Specialty Insurance,Financials,accept
GILLANDERS,BSE_IN,Gillanders Arbuthnot & Company Ltd,GILLANDERS,Gillanders Arbuthnot & Co. Ltd.,BSE,stock,INE047B01011,Consumer Non-Durables,Food: Major Diversified,Consumer Staples,accept
GILLETTE,BSE_IN,Gillette India Ltd,GILLETTE,Gillette India Limited,BSE,stock,INE322A01010,Consumer Non-Durables,Household/Personal Care,Consumer Staples,accept
GINNIFILA,BSE_IN,Ginni Filaments Ltd,GINNIFILA,Ginni Filaments Limited.,BSE,stock,INE424C01010,Process Industries,Textiles,Materials,accept
GIPCL,BSE_IN,Gujarat Industries Power Company Ltd,GIPCL,Gujarat Industries Power Co. Ltd.,BSE,stock,INE162A01010,Utilities,Electric Utilities,Utilities,accept
GIXI,NASDAQ,Gix Internet Ltd. - Ordinary Shares,GIXI,Gix Internet Ltd.,NASDAQ,stock,IL0007440113,Consumer Services,Publishing: Newspapers,Consumer Discretionary,accept
GKB,NSE_IN,GKB Ophthalmics Limited,GKB,Gkb Ophthalmics Limited,NSE,stock,INE265D01015,Health Technology,Medical Specialties,Health Care,accept
GKENERGY,BSE_IN,GK Energy Ltd,GKENERGY,GK Energy Limited,BSE,stock,INE1AG301022,Industrial Services,Engineering & Construction,Industrials,accept
GKENERGY,NSE_IN,GK Energy Limited,GKENERGY,GK Energy Limited,NSE,stock,INE1AG301022,Industrial Services,Engineering & Construction,Industrials,accept
GKSL,BSE_IN,Gujarat Kidney and Super Speciality Ltd,GKSL,Gujarat Kidney & Super Speciality Ltd.,BSE,stock,INE0V0W01025,Health Services,Hospital/Nursing Management,Health Care,accept
GKSL,NSE_IN,Gujarat Kidney And Super Speciality Limited,GKSL,Gujarat Kidney & Super Speciality Ltd.,NSE,stock,INE0V0W01025,Health Services,Hospital/Nursing Management,Health Care,accept
GLAND,BSE_IN,Gland Pharma Ltd,GLAND,Gland Pharma Ltd.,BSE,stock,INE068V01023,Health Technology,Pharmaceuticals: Major,Health Care,accept
GLASSWALL,BSE_IN,Glass Wall Systems (India) Ltd,GLASSWALL,Glass Wall Systems (India) Limited,BSE,stock,INE644Q01039,Process Industries,Industrial Specialties,Materials,accept
GLASSWALL,NSE_IN,Glass Wall Systems (India) Limited,GLASSWALL,Glass Wall Systems (India) Limited,NSE,stock,INE644Q01039,Process Industries,Industrial Specialties,Materials,accept
GLAXO,BSE_IN,GlaxoSmithKline Pharmaceuticals Ltd,GLAXO,GlaxoSmithKline Pharmaceuticals Limited,BSE,stock,INE159A01016,Health Technology,Pharmaceuticals: Major,Health Care,accept
GLD,TSXV,GoldOn Resources Ltd,GLD,Gold Finder Resources Ltd.,TSXV,stock,CA38059A1075,Non-Energy Minerals,Precious Metals,,name_mismatch
GLDN,TSXV,Golden Ridge Resources Ltd.,GLDN,Golden Ridge Resources Ltd.,TSXV,stock,CA38116T2065,Miscellaneous,Miscellaneous,,unsupported_sector
GLENMARK,BSE_IN,Glenmark Pharmaceuticals Ltd,GLENMARK,Glenmark Pharmaceuticals Limited,BSE,stock,INE935A01035,Health Technology,Pharmaceuticals: Major,Health Care,accept
GLFL,BSE_IN,Gujarat Lease Financing Ltd,GLFL,Gujarat Lease Financing Limited,BSE,stock,INE540A01017,Finance,Finance/Rental/Leasing,Financials,accept
GLO,XETRA,GLOBAL PAYMENTS INC.,GLO,Global Payments Inc.,XETR,stock,US37940X1028,Finance,Finance/Rental/Leasing,Financials,accept
GLOBALE,BSE_IN,Globale Tessile Ltd,GLOBALE,Globale Tessile Ltd,BSE,stock,INE0URU01010,Process Industries,Textiles,Materials,accept
GLOBALE,NSE_IN,Globale Tessile Limited,GLOBALE,Globale Tessile Ltd,NSE,stock,INE0URU01010,Process Industries,Textiles,Materials,accept
GLOBALVECT,BSE_IN,Global Vectra Helicorp Ltd,GLOBALVECT,Global Vectra Helicorp Limited,BSE,stock,INE792H01019,Industrial Services,Oilfield Services/Equipment,Industrials,accept
GLOBECIVIL,BSE_IN,Globe Civil Projects Ltd,GLOBECIVIL,Globe Civil Projects Ltd.,BSE,stock,INE0V3U01015,Industrial Services,Engineering & Construction,Industrials,accept
GLOBECIVIL,NSE_IN,Globe Civil Projects Limited,GLOBECIVIL,Globe Civil Projects Ltd.,NSE,stock,INE0V3U01015,Industrial Services,Engineering & Construction,Industrials,accept
GLOBUSSPR,BSE_IN,Globus Spirits Ltd,GLOBUSSPR,Globus Spirits Limited,BSE,stock,INE615I01010,Consumer Non-Durables,Beverages: Alcoholic,Consumer Staples,accept
GLOSTERLTD,BSE_IN,Gloster Ltd,GLOSTERLTD,Gloster Ltd.,BSE,stock,INE350Z01018,Process Industries,Textiles,Materials,accept
GLOSTERLTD,NSE_IN,Gloster Limited,GLOSTERLTD,Gloster Ltd.,NSE,stock,INE350Z01018,Process Industries,Textiles,Materials,accept
GLOTTIS,BSE_IN,Glottis Ltd,GLOTTIS,Glottis Ltd.,BSE,stock,INE0TQE01026,Transportation,Marine Shipping,Industrials,accept
GLOTTIS,NSE_IN,Glottis Limited,GLOTTIS,Glottis Ltd.,NSE,stock,INE0TQE01026,Transportation,Marine Shipping,Industrials,accept
GLW,XETRA,"CORNING INC.      DL -,50",GLW,Corning Inc,XETR,stock,US2193501051,Electronic Technology,Electronic Components,Information Technology,accept
GM0N,XETRA,"GLOBUS MED.A NEW DL -,001",GM0N,Globus Medical Inc Class A,XETR,stock,US3795772082,Health Technology,Medical Specialties,Health Care,accept
GMBREW,BSE_IN,GM Breweries Ltd,GMBREW,G.M. Breweries Ltd.,BSE,stock,INE075D01018,Consumer Non-Durables,Beverages: Alcoholic,Consumer Staples,accept
GMDCLTD,BSE_IN,Gujarat Mineral Development Corporation Ltd,GMDCLTD,Gujarat Mineral Development Corporation Limited,BSE,stock,INE131A01031,Distribution Services,Wholesale Distributors,Industrials,accept
GMMPFAUDLR,BSE_IN,GMM Pfaudler Ltd,GMMPFAUDLR,GMM Pfaudler Limited,BSE,stock,INE541A01023,Producer Manufacturing,Industrial Machinery,Industrials,accept
GMRAIRPORT,BSE_IN,GMR Airports Ltd,GMRAIRPORT,GMR Airports Ltd,BSE,stock,INE776C01039,Transportation,Other Transportation,Industrials,accept
GMRP&UI,BSE_IN,GMR Power and Urban Infra Ltd,,,,,,,,,no_tradingview_match
GNFC,BSE_IN,Gujarat Narmada Valley Fertilizers & Chemicals Ltd,GNFC,Gujarat Narmada Valley Fertilizers & Chemicals Ltd.,BSE,stock,INE113A01013,Process Industries,Chemicals: Specialty,Materials,accept
GNRL,NSE_IN,Gujarat Natural Resources Limited,GNRL,Gujarat Natural Resources Limited,NSE,stock,INE207H01018,Energy Minerals,Integrated Oil,Energy,accept
GOACARBON,BSE_IN,Goa Carbon Ltd,GOACARBON,Goa Carbon Limited,BSE,stock,INE426D01013,Process Industries,Industrial Specialties,Materials,accept
GOCLCORP,BSE_IN,GOCL Corporation Ltd,GOCLCORP,GOCL Corporation Limited,BSE,stock,INE077F01035,Process Industries,Industrial Specialties,Materials,accept
GOCOLORS,BSE_IN,Go Fashion (India) Ltd,GOCOLORS,Go Fashion (India) Limited,BSE,stock,INE0BJS01011,Consumer Non-Durables,Apparel/Footwear,Consumer Staples,accept
GODAVARIB,BSE_IN,Godavari Biorefineries Ltd,GODAVARIB,Godavari Biorefineries Limited,BSE,stock,INE497S01012,Process Industries,Agricultural Commodities/Milling,Consumer Staples,accept
GODFRYPHLP,BSE_IN,Godfrey Phillips India Ltd,GODFRYPHLP,Godfrey Phillips India Ltd.,BSE,stock,INE260B01028,Consumer Non-Durables,Tobacco,Consumer Staples,accept
GODIGIT,BSE_IN,Go Digit General Insurance Ltd,GODIGIT,Go Digit General Insurance Limited,BSE,stock,INE03JT01014,Finance,Multi-Line Insurance,Financials,accept
GODREJAGRO,BSE_IN,Godrej Agrovet Ltd,GODREJAGRO,Godrej Agrovet Limited,BSE,stock,INE850D01014,Process Industries,Agricultural Commodities/Milling,Consumer Staples,accept
GODREJCP,BSE_IN,Godrej Consumer Products Ltd,GODREJCP,Godrej Consumer Products Limited,BSE,stock,INE102D01028,Consumer Non-Durables,Household/Personal Care,Consumer Staples,accept
GODREJIND,BSE_IN,Godrej Industries Ltd,GODREJIND,Godrej Industries Limited,BSE,stock,INE233A01035,Process Industries,Agricultural Commodities/Milling,Consumer Staples,accept
GODREJPROP,BSE_IN,Godrej Properties Ltd,GODREJPROP,Godrej Properties Limited,BSE,stock,INE484J01027,Finance,Real Estate Development,Real Estate,accept
GOKEX,BSE_IN,Gokaldas Exports Ltd,GOKEX,Gokaldas Exports Limited,BSE,stock,INE887G01027,Consumer Non-Durables,Apparel/Footwear,Consumer Staples,accept
GOKUL,BSE_IN,Gokul Refoils & Solvent Ltd,GOKUL,Gokul Refoils & Solvent Ltd.,BSE,stock,INE020J01029,Process Industries,Agricultural Commodities/Milling,Consumer Staples,accept
GOKULAGRO,BSE_IN,Gokul Agro Resources Ltd,GOKULAGRO,Gokul Agro Resources Ltd.,BSE,stock,INE314T01033,Process Industries,Agricultural Commodities/Milling,Consumer Staples,accept
GOLDCOINHF,BSE_IN,Gold Coin Health Foods Ltd,GOLDCOINHF,Gold Coin Health Foods Ltd,BSE,stock,INE634J01027,Process Industries,Agricultural Commodities/Milling,Consumer Staples,accept
GOLDENTOBC,NSE_IN,Golden Tobacco Limited,GOLDENTOBC,Golden Tobacco Limited,NSE,stock,INE973A01010,Finance,Real Estate Development,Real Estate,accept
GOLDIAM,BSE_IN,Goldiam International Ltd,GOLDIAM,Goldiam International Limited,BSE,stock,INE025B01025,Consumer Durables,Other Consumer Specialties,Consumer Discretionary,accept
GOLDTECH,BSE_IN,Aion-Tech Solutions Ltd,GOLDTECH,AION-TECH Solutions Limited,BSE,stock,INE805A01014,Technology Services,Information Technology Services,Information Technology,accept
GOODLUCK,BSE_IN,Goodluck India Ltd,GOODLUCK,Goodluck India Ltd.,BSE,stock,INE127I01024,Non-Energy Minerals,Steel,Materials,accept
GOODYEAR,NSE_IN,Goodyear India Limited,GOODYEAR,Goodyear India Limited,NSE,stock,INE533A01012,Consumer Durables,Automotive Aftermarket,Consumer Discretionary,accept
GOPAL,BSE_IN,Gopal Snacks Ltd,GOPAL,Gopal Snacks Limited,BSE,stock,INE0L9R01028,Consumer Non-Durables,Food: Specialty/Candy,Consumer Staples,accept
GOV,XETRA,"INSULET CORP.    DL -,001",GOV,Insulet Corporation,XETR,stock,US45784P1012,Health Technology,Medical Specialties,Health Care,accept
GOW,NASDAQ,GOWell Energy Technology - Ordinary shares,GOW,GOWell Energy Technology,NASDAQ,stock,KYG4067B1005,Finance,Financial Conglomerates,,unsupported_sector
GOYALALUM,BSE_IN,Goyal Aluminiums Ltd,GOYALALUM,Goyal Aluminiums Limited,BSE,stock,INE705X01026,Distribution Services,Wholesale Distributors,Industrials,accept
GOYALALUM,NSE_IN,Goyal Aluminiums Limited,GOYALALUM,Goyal Aluminiums Limited,NSE,stock,INE705X01026,Distribution Services,Wholesale Distributors,Industrials,accept
GPIL,BSE_IN,Godawari Power and Ispat Ltd,GPIL,Godawari Power & Ispat Ltd.,BSE,stock,INE177H01039,Non-Energy Minerals,Steel,Materials,accept
GPPL,BSE_IN,Gujarat Pipavav Port Ltd,GPPL,Gujarat Pipavav Port Limited,BSE,stock,INE517F01014,Transportation,Marine Shipping,Industrials,accept
GPTHEALTH,BSE_IN,GPT Healthcare Ltd,GPTHEALTH,GPT Healthcare Limited,BSE,stock,INE486R01017,Health Services,Hospital/Nursing Management,Health Care,accept
GPTHEALTH,NSE_IN,GPT Healthcare Limited,GPTHEALTH,GPT Healthcare Limited,NSE,stock,INE486R01017,Health Services,Hospital/Nursing Management,Health Care,accept
GPTINFRA,BSE_IN,GPT Infraprojects Ltd,GPTINFRA,GPT Infraprojects Limited,BSE,stock,INE390G01014,Industrial Services,Engineering & Construction,Industrials,accept
GRADIENTE,NSE_IN,Gradiente Infotainment Limited,GRADIENTE,Gradiente Infotainment Ltd.,NSE,stock,INE361K01017,Commercial Services,Advertising/Marketing Services,Industrials,accept
GRANDOAK,NSE_IN,Grand Oak Canyons Distillery Limited,GRANDOAK,Grand Oak Canyons Distillery Ltd,NSE,stock,INE926B01016,Finance,Finance/Rental/Leasing,Financials,accept
GRANULES,BSE_IN,Granules India Ltd,GRANULES,Granules India Limited,BSE,stock,INE101D01020,Health Technology,Pharmaceuticals: Other,Health Care,accept
GRAPHITE,BSE_IN,Graphite India Ltd,GRAPHITE,Graphite India Limited,BSE,stock,INE371A01025,Process Industries,Industrial Specialties,Materials,accept
GRASIM,BSE_IN,Grasim Industries Ltd,GRASIM,Grasim Industries Ltd.,BSE,stock,INE047A01021,Non-Energy Minerals,Construction Materials,Materials,accept
GRAUWEIL,NSE_IN,Grauer & Weil India Limited,GRAUWEIL,Grauer & Weil India Ltd.,NSE,stock,INE266D01021,Process Industries,Chemicals: Specialty,Materials,accept
GRAVISSHO,NSE_IN,Graviss Hospitality Limited,GRAVISSHO,Graviss Hospitality Limited,NSE,stock,INE214F01026,Consumer Services,Hotels/Resorts/Cruise lines,Consumer Discretionary,accept
GRAVITA,BSE_IN,Gravita India Ltd,GRAVITA,Gravita India Limited,BSE,stock,INE024L01027,Non-Energy Minerals,Other Metals/Minerals,Materials,accept
GREAVESCOT,BSE_IN,Greaves Cotton Ltd,GREAVESCOT,Greaves Cotton Limited,BSE,stock,INE224A01026,Producer Manufacturing,Trucks/Construction/Farm Machinery,Industrials,accept
GREENLAM,BSE_IN,Greenlam Industries Ltd,GREENLAM,Greenlam Industries Ltd,BSE,stock,INE544R01021,Non-Energy Minerals,Forest Products,Materials,accept
GREENPANEL,BSE_IN,Greenpanel Industries Ltd,GREENPANEL,Greenpanel Industries Ltd,BSE,stock,INE08ZM01014,Non-Energy Minerals,Forest Products,Materials,accept
GREENPLY,BSE_IN,Greenply Industries Ltd,GREENPLY,Greenply Industries Ltd,BSE,stock,INE461C01038,Producer Manufacturing,Building Products,Industrials,accept
GREENPOWER,BSE_IN,Orient Green Power Company Ltd,GREENPOWER,Orient Green Power Company Ltd,BSE,stock,INE999K01014,Utilities,Electric Utilities,Utilities,accept
GRG,XETRA,"GRANITE CONSTR.    DL-,01",GRG,Granite Construction Incorporated,XETR,stock,US3873281071,Industrial Services,Engineering & Construction,Industrials,accept
GRINDWELL,BSE_IN,Grindwell Norton Ltd,GRINDWELL,Grindwell Norton Limited,BSE,stock,INE536A01023,Process Industries,Industrial Specialties,Materials,accept
GRINFRA,BSE_IN,G R Infraprojects Ltd,GRINFRA,G R Infraprojects Ltd.,BSE,stock,INE201P01022,Industrial Services,Engineering & Construction,Industrials,accept
GRIU,BVB,GRIUL SA BUCURESTI,GRIU,Griul SA Bucuresti,BVB,stock,ROGRIUACNOR0,Consumer Non-Durables,Food: Specialty/Candy,Consumer Staples,accept
GRMOVER,BSE_IN,GRM Overseas Ltd,GRMOVER,GRM Overseas Ltd.,BSE,stock,INE192H01020,Process Industries,Agricultural Commodities/Milling,Consumer Staples,accept
GROB,BVB,GEROM SA BUZAU,,,,,,,,,no_tradingview_match
GROWW,BSE_IN,Billionbrains Garage Ventures Ltd,GROWW,Billionbrains Garage Ventures Limited,BSE,stock,INE0HOQ01053,Miscellaneous,Investment Trusts/Mutual Funds,,unsupported_sector
GRPLTD,BSE_IN,GRP Ltd,GRPLTD,GRP Ltd,BSE,stock,INE137I01015,Producer Manufacturing,Miscellaneous Manufacturing,Industrials,accept
GRSE,BSE_IN,Garden Reach Shipbuilders & Engineers Ltd,GRSE,Garden Reach Shipbuilders & Engineers Ltd.,BSE,stock,INE382Z01011,Producer Manufacturing,Trucks/Construction/Farm Machinery,Industrials,accept
GRWRHITECH,BSE_IN,Garware Hi-Tech Films Ltd,GRWRHITECH,Garware Hi-Tech Films Limited,BSE,stock,INE291A01017,Process Industries,Chemicals: Specialty,Materials,accept
GSAILPP,BSE_IN,GS Auto International Ltd,,,,,,,,,no_tradingview_match
GSFC,BSE_IN,Gujarat State Fertilizers & Chemicals Ltd,GSFC,Gujarat State Fertilizers & Chemicals Limited,BSE,stock,INE026A01025,Process Industries,Chemicals: Agricultural,Materials,accept
GSLSU,BSE_IN,Global Surfaces Ltd,GSLSU,Global Surfaces Limited,BSE,stock,INE0JSX01015,Non-Energy Minerals,Construction Materials,Materials,accept
GSLSU,NSE_IN,Global Surfaces Limited,GSLSU,Global Surfaces Limited,NSE,stock,INE0JSX01015,Non-Energy Minerals,Construction Materials,Materials,accept
GSPCROP,BSE_IN,GSP Crop Science Ltd,GSPCROP,GSP Crop Science Limited,BSE,stock,INE713R01022,Process Industries,Chemicals: Agricultural,Materials,accept
GSPCROP,NSE_IN,GSP Crop Science Limited,GSPCROP,GSP Crop Science Limited,NSE,stock,INE713R01022,Process Industries,Chemicals: Agricultural,Materials,accept
GSS,BSE_IN,GSS Infotech Ltd,GSS,GSS Infotech Limited,BSE,stock,INE871H01011,Technology Services,Information Technology Services,Information Technology,accept
GTL,BSE_IN,GTL Ltd,GTL,GTL Limited,BSE,stock,INE043A01012,Technology Services,Information Technology Services,Information Technology,accept
GTLINFRA,BSE_IN,GTL Infrastructure Ltd,GTLINFRA,GTL Infrastructure Ltd,BSE,stock,INE221H01019,Industrial Services,Engineering & Construction,Industrials,accept
GTPL,BSE_IN,GTPL Hathway Ltd,GTPL,GTPL Hathway Ltd,BSE,stock,INE869I01013,Communications,Specialty Telecommunications,Communication Services,accept
GUAC,NASDAQ,Berto Acquisition Corp. II - Ordinary Shares,GUAC,Berto Acquisition Corp. II,NASDAQ,stock,KYG1051M1006,Finance,Financial Conglomerates,,unsupported_sector
GUFICBIO,BSE_IN,Gufic Biosciences Ltd,GUFICBIO,Gufic Biosciences Limited,BSE,stock,INE742B01025,Health Technology,Pharmaceuticals: Major,Health Care,accept
GUJALKALI,BSE_IN,Gujarat Alkalies and Chemicals Ltd,GUJALKALI,Gujarat Alkalies & Chemicals Ltd.,BSE,stock,INE186A01019,Process Industries,Chemicals: Specialty,Materials,accept
GUJAPOLLO,BSE_IN,Gujarat Apollo Industries Ltd,GUJAPOLLO,Gujarat Apollo Industries Limited,BSE,stock,INE826C01016,Producer Manufacturing,Trucks/Construction/Farm Machinery,Industrials,accept
GUJENERGY,BSE_IN,Gujarat Energy Ltd,GUJENERGY,Gujarat Energy Ltd,BSE,stock,INE844O01030,Utilities,Gas Distributors,Utilities,accept
GUJENERGY,NSE_IN,GUJARAT ENERGY LIMITED,GUJENERGY,Gujarat Energy Ltd,NSE,stock,INE844O01030,Utilities,Gas Distributors,Utilities,accept
GUJJUBHAI,BSE_IN,Gujjubhai Industries Ltd,GUJJUBHAI,Gujjubhai Industries Ltd,BSE,stock,INE311N01016,Producer Manufacturing,Industrial Machinery,Industrials,accept
GUJRAFFIA,BSE_IN,Gujarat Raffia Industries Ltd,GUJRAFFIA,Gujarat Raffia Industries Limited,BSE,stock,INE610B01024,Producer Manufacturing,Miscellaneous Manufacturing,Industrials,accept
GUJTHEM,NSE_IN,Gujarat Themis Biosyn Limited,GUJTHEM,Gujarat Themis Biosyn Ltd,NSE,stock,INE942C01045,Health Technology,Pharmaceuticals: Major,Health Care,accept
GULFLLOYDS,BSE_IN,Gulf Lloyds (India) Ltd,GULFLLOYDS,Gulf Lloyds (India) Ltd.,BSE,stock,INE1WDC01012,Commercial Services,Miscellaneous Commercial Services,Industrials,accept
GULFOILLUB,BSE_IN,Gulf Oil Lubricants India Ltd,GULFOILLUB,Gulf Oil Lubricants India Ltd,BSE,stock,INE635Q01029,Process Industries,Industrial Specialties,Materials,accept
GULFPETRO,BSE_IN,GP Petroleums Ltd,GULFPETRO,GP Petroleums Limited,BSE,stock,INE586G01017,Energy Minerals,Oil Refining/Marketing,Energy,accept
GULPOLY,BSE_IN,Gulshan Polyols Ltd,GULPOLY,Gulshan Polyols Limited,BSE,stock,INE255D01024,Consumer Non-Durables,Food: Specialty/Candy,Consumer Staples,accept
GVELECTRIC,BSE_IN,G V Electricals Ltd,GVELECTRIC,G V Electricals Ltd,BSE,stock,INE1ZGR01024,Industrial Services,Engineering & Construction,Industrials,accept
GVKPIL,NSE_IN,GVK Power & Infrastructure Limited,GVKPIL,GVK Power & Infrastructure Limited,NSE,stock,INE251H01024,Industrial Services,Engineering & Construction,Industrials,accept
GVPIL,NSE_IN,GE Power India Limited,GVPIL,GE Power India Ltd.,NSE,stock,INE878A01011,Industrial Services,Engineering & Construction,Industrials,accept
GVT&D,BSE_IN,GE Vernova T&D India Ltd,,,,,,,,,no_tradingview_match
GYFTR,BSE_IN,Gyftr Ltd,GYFTR,Gyftr Ltd,BSE,stock,INE724A01017,Finance,Investment Banks/Brokers,Financials,accept
GYFTR,NSE_IN,Gyftr Limited,GYFTR,Gyftr Ltd,NSE,stock,INE724A01017,Finance,Investment Banks/Brokers,Financials,accept
H3V,XETRA,"FERMI INC.  DL-,001",H3V,Fermi Inc.,XETR,stock,US3149111086,Finance,Real Estate Development,Real Estate,accept
H7B,XETRA,COHERENT CORP.,H7B,Coherent Corp.,XETR,stock,US19247G1076,Electronic Technology,Semiconductors,Information Technology,accept
HAL,BSE_IN,Hindustan Aeronautics Ltd,HAL,Hindustan Aeronautics Limited,BSE,stock,INE066F01020,Electronic Technology,Aerospace & Defense,Industrials,accept
HALDER,BSE_IN,Halder Venture Ltd,HALDER,Halder Venture Ltd.,BSE,stock,INE115S01010,Distribution Services,Food Distributors,Consumer Staples,accept
HALDER,NSE_IN,Halder Venture Limited,HALDER,Halder Venture Ltd.,NSE,stock,INE115S01010,Distribution Services,Food Distributors,Consumer Staples,accept
HALDYNGL,NSE_IN,Haldyn Glass Limited,HALDYNGL,Haldyn Glass Limited,NSE,stock,INE506D01020,Process Industries,Containers/Packaging,Materials,accept
HALEOSLABS,BSE_IN,Haleos Labs Ltd,HALEOSLABS,Haleos Labs Ltd.,BSE,stock,INE320X01016,Health Technology,Biotechnology,Health Care,accept
HAMPTON,NSE_IN,Hampton Sky Realty Limited,HAMPTON,Hampton Sky Realty Limited,NSE,stock,INE299D01022,Finance,Investment Banks/Brokers,Financials,accept
HAPPSTMNDS,BSE_IN,Happiest Minds Technologies Ltd,HAPPSTMNDS,Happiest Minds Technologies Ltd.,BSE,stock,INE419U01012,Technology Services,Data Processing Services,Information Technology,accept
HAPPY,NSE_IN,Happy Steels Limited,HAPPY,Happy Steels Ltd.,NSE,stock,INE1GFG01011,Producer Manufacturing,Auto Parts: OEM,Industrials,accept
HAPPYFORGE,BSE_IN,Happy Forgings Ltd,HAPPYFORGE,Happy Forging Limited,BSE,stock,INE330T01021,Producer Manufacturing,Metal Fabrication,Industrials,accept
HARDWYN,NSE_IN,Hardwyn India Limited,HARDWYN,Hardwyn India Ltd.,NSE,stock,INE626Z01029,Distribution Services,Wholesale Distributors,Industrials,accept
HARIKANTA,BSE_IN,Harikanta Overseas Ltd,HARIKANTA,Harikanta Overseas Limited,BSE,stock,INE1UYW01010,Process Industries,Textiles,Materials,accept
HARIOMPIPE,BSE_IN,Hariom Pipe Industries Ltd,HARIOMPIPE,Hariom Pipe Industries Ltd.,BSE,stock,INE00EV01017,Non-Energy Minerals,Steel,Materials,accept
HARRMALAYA,BSE_IN,Harrisons Malayalam Ltd,HARRMALAYA,Harrisons Malayalam Ltd,BSE,stock,INE544A01019,Process Industries,Agricultural Commodities/Milling,Consumer Staples,accept
HARSHA,BSE_IN,Harsha Engineers International Ltd,HARSHA,Harsha Engineers International Ltd.,BSE,stock,INE0JUS01029,Producer Manufacturing,Metal Fabrication,Industrials,accept
HATHWAY,BSE_IN,Hathway Cable & Datacom Ltd,HATHWAY,Hathway Cable & Datacom Ltd.,BSE,stock,INE982F01036,Consumer Services,Cable/Satellite TV,Communication Services,accept
HATSUN,BSE_IN,Hatsun Agro Product Ltd,HATSUN,Hatsun Agro Product Limited,BSE,stock,INE473B01035,Consumer Non-Durables,Food: Meat/Fish/Dairy,Consumer Staples,accept
HAVELLS,BSE_IN,Havells India Ltd,HAVELLS,Havells India Limited,BSE,stock,INE176B01034,Producer Manufacturing,Electrical Products,Industrials,accept
HAVISHA,BSE_IN,Sri Havisha Hospitality And Infrastructure Ltd,HAVISHA,Sri Havisha Hospitality And Infrastructure Ltd,BSE,stock,INE293B01029,Distribution Services,Wholesale Distributors,Industrials,accept
HAWKINCOOK,NSE_IN,Hawkins Cookers Limited,HAWKINCOOK,Hawkins Cookers Limited,NSE,stock,INE979B01015,Producer Manufacturing,Miscellaneous Manufacturing,Industrials,accept
HAZOOR,NSE_IN,Hazoor Multi Projects Limited,HAZOOR,Hazoor Multi Projects Limited,NSE,stock,INE550F01049,Finance,Real Estate Development,Real Estate,accept
HBESD,NSE_IN,HB Estate Developers Limited,HBESD,HB Estate Developers Limited,NSE,stock,INE640B01021,Consumer Services,Hotels/Resorts/Cruise lines,Consumer Discretionary,accept
HBLENGINE,BSE_IN,HBL Engineering Ltd,HBLENGINE,HBL Engineering Limited,BSE,stock,INE292B01021,Producer Manufacturing,Electrical Products,Industrials,accept
HBPOR,NSE_IN,HB Portfolio Limited,HBPOR,HB Portfolio Limited,NSE,stock,INE638B01025,Finance,Investment Banks/Brokers,Financials,accept
HBSL,BSE_IN,HB Stockholdings Ltd,HBSL,HB Stockholdings Ltd.,BSE,stock,INE550B01022,Finance,Investment Banks/Brokers,Financials,accept
HCC,BSE_IN,Hindustan Construction Company Ltd,HCC,Hindustan Construction Co. Ltd.,BSE,stock,INE549A01026,Industrial Services,Engineering & Construction,Industrials,accept
HCG,BSE_IN,HealthCare Global Enterprises Ltd,HCG,HealthCare Global Enterprises Ltd.,BSE,stock,INE075I01017,Health Services,Hospital/Nursing Management,Health Care,accept
HCL-INSYS,BSE_IN,HCL Infosystems Ltd,,,,,,,,,no_tradingview_match
HCLTECH,BSE_IN,HCL Technologies Ltd,HCLTECH,HCL Technologies Limited,BSE,stock,INE860A01027,Technology Services,Information Technology Services,Information Technology,accept
HDBFS,BSE_IN,HDB Financial Services Ltd,HDBFS,HDB Financial Services Limited,BSE,stock,INE756I01012,Finance,Finance/Rental/Leasing,Financials,accept
HDFCAMC,BSE_IN,HDFC Asset Management Company Ltd,HDFCAMC,HDFC Asset Management Co. Ltd.,BSE,stock,INE127D01025,Finance,Investment Managers,Financials,accept
HDFCBANK,BSE_IN,HDFC Bank Ltd,HDFCBANK,HDFC Bank Limited,BSE,stock,INE040A01034,Finance,Major Banks,Financials,accept
HDFCLIFE,BSE_IN,HDFC Life Insurance Company Ltd,HDFCLIFE,HDFC Life Insurance Co. Ltd.,BSE,stock,INE795G01014,Finance,Life/Health Insurance,Financials,accept
HDFCNEXT50,BSE_IN,HDFC Mutual Fund,HDFCNEXT50,HDFC Nifty Next 50 Units Exchange Traded Fund,BSE,fund,INF179KC1HS2,Miscellaneous,Investment Trusts/Mutual Funds,,asset_type_mismatch
HDIL,NSE_IN,Housing Development and Infrastructure Limited,HDIL,Housing Development & Infrastructure Ltd.,NSE,stock,INE191I01012,Finance,Real Estate Development,Real Estate,accept
HDP1,XETRA,"ARROWHEAD PHARMAC. DL-,01",HDP1,"Arrowhead Pharmaceuticals, Inc.",XETR,stock,US04280A1007,Health Technology,Biotechnology,Health Care,accept
HEADSUP,BSE_IN,Heads UP Ventures Ltd,HEADSUP,Heads UP Ventures Limited,BSE,stock,INE759V01019,Retail Trade,Apparel/Footwear Retail,Consumer Discretionary,accept
HEALTHX,BSE_IN,Health X Platform Ltd,HEALTHX,Health X Platform Ltd,BSE,stock,INE019J01013,Retail Trade,Internet Retail,Consumer Discretionary,accept
HEG,BSE_IN,HEG Advanced Materials Ltd,,,,,,,,,no_tradingview_match
HEGAM,NSE_IN,HEG Advanced Materials Limited,HEGAM,HEG Advanced Materials Limited,NSE,stock,INE545A01024,Electronic Technology,Electronic Components,Information Technology,accept
HEIDELBERG,BSE_IN,HeidelbergCement India Ltd,HEIDELBERG,Heidelbergcement India Limited.,BSE,stock,INE578A01017,Non-Energy Minerals,Construction Materials,Materials,accept
HEMIPROP,BSE_IN,Hemisphere Properties India Ltd,HEMIPROP,Hemisphere Properties India Ltd.,BSE,stock,INE0AJG01018,Finance,Real Estate Development,Real Estate,accept
HEPA,NASDAQ,Hepion Pharmaceuticals Inc,,,,,,,,,no_tradingview_match
HERANBA,BSE_IN,Heranba Industries Ltd,HERANBA,Heranba Industries Limited,BSE,stock,INE694N01015,Process Industries,Chemicals: Agricultural,Materials,accept
HERITGFOOD,BSE_IN,Heritage Foods Ltd,HERITGFOOD,Heritage Foods Limited,BSE,stock,INE978A01027,Consumer Non-Durables,Food: Meat/Fish/Dairy,Consumer Staples,accept
HEROMOTOCO,BSE_IN,Hero MotoCorp Ltd,HEROMOTOCO,Hero Motocorp Limited,BSE,stock,INE158A01026,Consumer Durables,Motor Vehicles,Consumer Discretionary,accept
HEROMOTORS,NSE_IN,Hero Motors Limited,HEROMOTORS,Hero Motors Limited,NSE,stock,INE012G01022,Producer Manufacturing,Industrial Machinery,Industrials,accept
HESTERBIO,BSE_IN,Hester Biosciences Ltd,HESTERBIO,Hester Biosciences Limited,BSE,stock,INE782E01017,Health Technology,Pharmaceuticals: Major,Health Care,accept
HEXAGON,BSE_IN,Hexagon Nutrition Ltd,HEXAGON,Hexagon Nutrition Limited,BSE,stock,INE0JUI01012,Health Technology,Pharmaceuticals: Major,Health Care,accept
HEXAGON,NSE_IN,Hexagon Nutrition Limited,HEXAGON,Hexagon Nutrition Limited,NSE,stock,INE0JUI01012,Health Technology,Pharmaceuticals: Major,Health Care,accept
HEXATRADEX,BSE_IN,Hexa Tradex Ltd,HEXATRADEX,Hexa Tradex Limited,BSE,stock,INE750M01017,Distribution Services,Wholesale Distributors,Industrials,accept
HEXT,BSE_IN,Hexaware Technologies Ltd,HEXT,Hexaware Technologies Limited,BSE,stock,INE093A01041,Technology Services,Packaged Software,Information Technology,accept
HFCL,BSE_IN,HFCL Ltd,HFCL,HFCL Limited,BSE,stock,INE548A01028,Producer Manufacturing,Electrical Products,Industrials,accept
HFF,XETRA,HARTFORD INSURANCE GROUP,HFF,"Hartford Insurance Group, Inc.",XETR,stock,US4165151048,Finance,Property/Casualty Insurance,Financials,accept
HGINFRA,BSE_IN,H.G. Infra Engineering Ltd,HGINFRA,H.G. Infra Engineering Ltd.,BSE,stock,INE926X01010,Industrial Services,Engineering & Construction,Industrials,accept
HGM,BSE_IN,HandsOn Global Management (HGM)Ltd,HGM,HandsOn Global Management (HGM) Ltd,BSE,stock,INE596H01014,Technology Services,Data Processing Services,Information Technology,accept
HGS,BSE_IN,Hinduja Global Solutions Ltd,HGS,Hinduja Global Solutions Limited,BSE,stock,INE170I01016,Commercial Services,Miscellaneous Commercial Services,Industrials,accept
HIKAL,BSE_IN,Hikal Ltd,HIKAL,Hikal Limited,BSE,stock,INE475B01022,Health Technology,Pharmaceuticals: Major,Health Care,accept
HILINFRA,BSE_IN,Highway Infrastructure Ltd,HILINFRA,Highway Infrastructure Limited,BSE,stock,INE00RL01028,Transportation,Other Transportation,Industrials,accept
HILINFRA,NSE_IN,Highway Infrastructure Limited,HILINFRA,Highway Infrastructure Limited,NSE,stock,INE00RL01028,Transportation,Other Transportation,Industrials,accept
HILTON,BSE_IN,Hilton Metal Forging Ltd,HILTON,Hilton Metal Forging Limited,BSE,stock,INE788H01017,Producer Manufacturing,Metal Fabrication,Industrials,accept
HIMATSEIDE,BSE_IN,Himatsingka Seide Ltd,HIMATSEIDE,Himatsingka Seide Limited.,BSE,stock,INE049A01027,Process Industries,Textiles,Materials,accept
HINDADH,NSE_IN,Hindustan Adhesives Limited,HINDADH,Hindustan Adhesives Limited,NSE,stock,INE074C01013,Process Industries,Industrial Specialties,Materials,accept
HINDALCO,BSE_IN,Hindalco Industries Ltd,HINDALCO,Hindalco Industries Limited,BSE,stock,INE038A01020,Non-Energy Minerals,Other Metals/Minerals,Materials,accept
HINDALUMI,NSE_IN,Hind Aluminium Industries Limited,HINDALUMI,Hind Aluminium Industries Limited,NSE,stock,INE227B01019,Non-Energy Minerals,Aluminum,Materials,accept
HINDCOMPOS,BSE_IN,Hindustan Composites Ltd,HINDCOMPOS,Hindustan Composites Limited,BSE,stock,INE310C01029,Producer Manufacturing,Auto Parts: OEM,Industrials,accept
HINDCOPPER,BSE_IN,Hindustan Copper Ltd,HINDCOPPER,Hindustan Copper Ltd,BSE,stock,INE531E01026,Non-Energy Minerals,Other Metals/Minerals,Materials,accept
HINDOILEXP,BSE_IN,Hindustan Oil Exploration Company Ltd,HINDOILEXP,"Hindustan Oil Exploration Co., Ltd.",BSE,stock,INE345A01011,Energy Minerals,Integrated Oil,Energy,accept
HINDPETRO,BSE_IN,Hindustan Petroleum Corporation Ltd,HINDPETRO,Hindustan Petroleum Corporation Limited,BSE,stock,INE094A01015,Energy Minerals,Oil Refining/Marketing,Energy,accept
HINDUNILVR,BSE_IN,Hindustan Unilever Ltd,HINDUNILVR,Hindustan Unilever Limited,BSE,stock,INE030A01027,Consumer Non-Durables,Household/Personal Care,Consumer Staples,accept
HINDWAREAP,BSE_IN,Hindware Home Innovation Ltd,HINDWAREAP,Hindware Home Innovation Limited,BSE,stock,INE05AN01011,Producer Manufacturing,Building Products,Industrials,accept
HINDZINC,BSE_IN,Hindustan Zinc Ltd,HINDZINC,Hindustan Zinc Limited,BSE,stock,INE267A01025,Non-Energy Minerals,Other Metals/Minerals,Materials,accept
HIRECT,BSE_IN,Hirect Ltd,HIRECT,Hirect Limited,BSE,stock,INE835D01023,Producer Manufacturing,Electrical Products,Industrials,accept
HISARMETAL,BSE_IN,Hisar Metal Industries Ltd,HISARMETAL,Hisar Metal Industries Limited,BSE,stock,INE598C01011,Non-Energy Minerals,Steel,Materials,accept
HITECH,BSE_IN,Hi-Tech Pipes Ltd,HITECH,Hi-Tech Pipes Ltd.,BSE,stock,INE106T01025,Non-Energy Minerals,Steel,Materials,accept
HITECHCORP,BSE_IN,Hitech Corporation Ltd,HITECHCORP,Hitech Corporation Ltd,BSE,stock,INE120D01012,Producer Manufacturing,Miscellaneous Manufacturing,Industrials,accept
HITECHGEAR,NSE_IN,The Hi-Tech Gears Limited,HITECHGEAR,Hi-Tech Gears Limited,NSE,stock,INE127B01011,Producer Manufacturing,Auto Parts: OEM,Industrials,accept
HL80,XETRA,"HF SINCLAIR CORP.  DL-,01",HL80,HF Sinclair Corporation,XETR,stock,US4039491000,Energy Minerals,Oil Refining/Marketing,Energy,accept
HLEB,BVB,HERCULES SA BRAILA,HLEB,Hercules SA Braila,BVB,stock,ROHLEBACNOR0,Transportation,Marine Shipping,Industrials,accept
HLEGLAS,BSE_IN,HLE Glascoat Ltd,HLEGLAS,HLE Glascoat Ltd,BSE,stock,INE461D01028,Producer Manufacturing,Industrial Machinery,Industrials,accept
HLVLTD,BSE_IN,HLV Ltd,HLVLTD,HLV Limited,BSE,stock,INE102A01024,Consumer Services,Hotels/Resorts/Cruise lines,Consumer Discretionary,accept
HMAAGRO,BSE_IN,HMA Agro Industries Ltd,HMAAGRO,HMA Agro Industries Limited,BSE,stock,INE0ECP01024,Distribution Services,Food Distributors,Consumer Staples,accept
HMAAGRO,NSE_IN,HMA Agro Industries Limited,HMAAGRO,HMA Agro Industries Limited,NSE,stock,INE0ECP01024,Distribution Services,Food Distributors,Consumer Staples,accept
HMT,BSE_IN,HMT Ltd,HMT,HMT Ltd.,BSE,stock,INE262A01018,Producer Manufacturing,Industrial Machinery,Industrials,accept
HMVL,BSE_IN,Hindustan Media Ventures Ltd,HMVL,Hindustan Media Ventures Limited,BSE,stock,INE871K01015,Consumer Services,Publishing: Newspapers,Consumer Discretionary,accept
HNDFDS,BSE_IN,Hindustan Foods Ltd,HNDFDS,Hindustan Foods Ltd.,BSE,stock,INE254N01026,Consumer Non-Durables,Food: Specialty/Candy,Consumer Staples,accept
HO2,XETRA,"D.R.HORTON INC.    DL-,01",HO2,"D.R. Horton, Inc.",XETR,stock,US23331A1097,Consumer Durables,Homebuilding,Consumer Discretionary,accept
HOMEFIRST,BSE_IN,Home First Finance Company India Ltd,HOMEFIRST,Home First Finance Company India Ltd.,BSE,stock,INE481N01025,Finance,Finance/Rental/Leasing,Financials,accept
HONASA,BSE_IN,Honasa Consumer Ltd,HONASA,Honasa Consumer Limited,BSE,stock,INE0J5401028,Retail Trade,Specialty Stores,Consumer Discretionary,accept
HONAUT,BSE_IN,Honeywell Automation India Ltd,HONAUT,Honeywell Automation India Limited,BSE,stock,INE671A01010,Electronic Technology,Electronic Equipment/Instruments,Information Technology,accept
HONDAPOWER,BSE_IN,Honda India Power Products Ltd,HONDAPOWER,Honda India Power Products Limited,BSE,stock,INE634A01018,Producer Manufacturing,Electrical Products,Industrials,accept
HORIZON,BSE_IN,Horizon Reclaim (India) Ltd,HORIZON,Horizon Reclaim (India) Limited,BSE,stock,INE1SEO01013,Producer Manufacturing,Miscellaneous Manufacturing,Industrials,accept
HORIZONIND,BSE_IN,Horizon Industrial Parks Ltd,HORIZONIND,Horizon Industrial Parks Limited,BSE,stock,INE685T01010,Finance,Real Estate Development,Real Estate,accept
HORIZONIND,NSE_IN,Horizon Industrial Parks Limited,HORIZONIND,Horizon Industrial Parks Limited,NSE,stock,INE685T01010,Finance,Real Estate Development,Real Estate,accept
HPAL,BSE_IN,HP Adhesives Ltd,HPAL,HP Adhesives Ltd.,BSE,stock,INE0GSL01024,Non-Energy Minerals,Construction Materials,Materials,accept
HPIL,BSE_IN,Hindprakash Industries Ltd,HPIL,Hindprakash Industries Ltd.,BSE,stock,INE05X901010,Process Industries,Chemicals: Specialty,Materials,accept
HPL,BSE_IN,HPL Electric & Power Ltd,HPL,HPL Electric & Power Limited,BSE,stock,INE495S01016,Electronic Technology,Electronic Equipment/Instruments,Information Technology,accept
HQ1,XETRA,ORUKA THERAPEUTICS INC.,HQ1,"Oruka Therapeutics, Inc.",XETR,stock,US6876041087,Health Technology,Pharmaceuticals: Major,Health Care,accept
HRB,XETRA,BLOCK -HR- INC.,HRB,"H&R Block, Inc.",XETR,stock,US0936711052,Consumer Services,Other Consumer Services,Consumer Discretionary,accept
HRHYGIENE,BSE_IN,H. R. Hygiene Products Ltd,HRHYGIENE,H. R. Hygiene Products Limited,BSE,stock,INE17DP01015,Consumer Non-Durables,Household/Personal Care,Consumer Staples,accept
HRS,XETRA,"L3HARRIS TECHS INC.DL-,01",HRS,L3Harris Technologies Inc,XETR,stock,US5024311095,Electronic Technology,Aerospace & Defense,Industrials,accept
HRYNSHP,NSE_IN,Hariyana Ship Breakers Limited,HRYNSHP,Hariyana Ship Breakers Ltd.,NSE,stock,INE400G01011,Distribution Services,Wholesale Distributors,Industrials,accept
HSCL,BSE_IN,Himadri Speciality Chemical Ltd,HSCL,Himadri Speciality Chemical Ltd.,BSE,stock,INE019C01026,Process Industries,Industrial Specialties,Materials,accept
HSOA,XETRA,"ENCOMP.HEALT.CORP. DL-,01",HSOA,Encompass Health Corporation,XETR,stock,US29261A1007,Health Services,Medical/Nursing Services,Health Care,accept
HSY,XETRA,HERSHEY CO.          DL 1,HSY,Hershey Company,XETR,stock,US4278661081,Consumer Non-Durables,Food: Specialty/Candy,Consumer Staples,accept
HT3,XETRA,ANGLOGOLD ASHANTI DL 1,HT3,Anglogold Ashanti PLC,XETR,stock,GB00BRXH2664,Non-Energy Minerals,Precious Metals,Materials,accept
HTEL,BSE_IN,Hy-Tech Engineers Ltd,HTEL,Hy-Tech Engineers Limited,BSE,stock,INE0LEG01024,Producer Manufacturing,Industrial Machinery,Industrials,accept
HTEL,NSE_IN,Hy-Tech Engineers Limited,HTEL,Hy-Tech Engineers Limited,NSE,stock,INE0LEG01024,Producer Manufacturing,Industrial Machinery,Industrials,accept
HTMEDIA,BSE_IN,HT Media Ltd,HTMEDIA,HT Media Limited,BSE,stock,INE501G01024,Consumer Services,Publishing: Newspapers,Consumer Discretionary,accept
HTR,XETRA,"HUNTSMAN CORP.     DL-,01",HTR,Huntsman Corporation,XETR,stock,US4470111075,Process Industries,Chemicals: Major Diversified,Materials,accept
HUBTOWN,BSE_IN,Hubtown Ltd,HUBTOWN,Hubtown Limited,BSE,stock,INE703H01016,Finance,Real Estate Development,Real Estate,accept
HUDCO,BSE_IN,Housing & Urban Development Corporation Ltd,HUDCO,Housing & Urban Development Corp. Ltd.,BSE,stock,INE031A01017,Finance,Finance/Rental/Leasing,Financials,accept
HUEC,XETRA,"HUBBELL INC.       DL-,01",HUEC,Hubbell Incorporated,XETR,stock,US4435106079,Producer Manufacturing,Electrical Products,Industrials,accept
HUHTAMAKI,BSE_IN,Huhtamaki India Ltd,HUHTAMAKI,Huhtamaki India Limited,BSE,stock,INE275B01026,Process Industries,Containers/Packaging,Materials,accept
HUM,XETRA,"HUMANA INC.       DL-,166",HUM,Humana Inc.,XETR,stock,US4448591028,Health Services,Managed Health Care,Health Care,accept
HYBRIDFIN,BSE_IN,Hybrid Financial Services Ltd,HYBRIDFIN,Hybrid Financial Services Ltd.,BSE,stock,INE965B01022,Finance,Investment Banks/Brokers,Financials,accept
HYBRIDFIN,NSE_IN,Hybrid Financial Services Limited,HYBRIDFIN,Hybrid Financial Services Ltd.,NSE,stock,INE965B01022,Finance,Investment Banks/Brokers,Financials,accept
HYUNDAI,BSE_IN,Hyundai Motor India Ltd,HYUNDAI,Hyundai Motor India Limited,BSE,stock,INE0V6F01027,Consumer Durables,Motor Vehicles,Consumer Discretionary,accept
I1V,XETRA,"COREWEAVE INC. A DL-,0001",I1V,"CoreWeave, Inc. Class A",XETR,stock,US21873S1087,Technology Services,Packaged Software,Information Technology,accept
IANY,BVB,24 IANUARIE SA PLOIESTI,IANY,24 Ianuarie SA,BVB,stock,ROIANYACNOR4,Producer Manufacturing,Industrial Machinery,Industrials,accept
IASX,BVB,IASITEX SA BUCURESTI,IASX,Iasitex SA,BVB,stock,ROIASXACNOR5,Process Industries,Textiles,Materials,accept
IBULLSLTD,BSE_IN,Indiabulls Ltd,IBULLSLTD,Indiabulls Limited,BSE,stock,INE126M01010,Finance,Real Estate Development,Real Estate,accept
ICDSLTD,NSE_IN,ICDS Limited,ICDSLTD,ICDS Ltd.,NSE,stock,INE613B01010,Finance,Finance/Rental/Leasing,Financials,accept
ICELCO,NSE_IN,IC Electricals Company Limited,ICELCO,IC Electricals Company Limited,NSE,stock,INE0XE501015,Electronic Technology,Semiconductors,Information Technology,accept
ICEV,BVB,INSTITUTUL DE CERCETARI PENTRU ACOPERIRI AVANSATE ICAA SA BUCURESTI,ICEV,INSTITUTUL DE CERCETARI PENTRU ACOPERIRI AVANSATE ICAA SA BUCURESTI,BVB,stock,ROICEVACNOR5,Commercial Services,Miscellaneous Commercial Services,Industrials,accept
ICICIAMC,BSE_IN,ICICI Prudential Asset Management Company Ltd,ICICIAMC,ICICI Prudential Asset Management Company Ltd.,BSE,stock,INE346A01027,Finance,Investment Managers,Financials,accept
ICICIAMC,NSE_IN,ICICI Prudential Asset Management Company Limited,ICICIAMC,ICICI Prudential Asset Management Company Ltd.,NSE,stock,INE346A01027,Finance,Investment Managers,Financials,accept
ICICIBANK,BSE_IN,ICICI Bank Ltd,ICICIBANK,ICICI Bank Limited,BSE,stock,INE090A01021,Finance,Regional Banks,Financials,accept
ICICIGI,BSE_IN,ICICI Lombard General Insurance Company Ltd,ICICIGI,ICICI Lombard General Insurance Co. Ltd.,BSE,stock,INE765G01017,Finance,Specialty Insurance,Financials,accept
ICICIPRULI,BSE_IN,ICICI Prudential Life Insurance Company Ltd,ICICIPRULI,ICICI Prudential Life Insurance Co. Ltd.,BSE,stock,INE726G01019,Finance,Life/Health Insurance,Financials,accept
ICIL,BSE_IN,Indo Count Industries Ltd,ICIL,Indo Count Industries Limited,BSE,stock,INE483B01026,Process Industries,Textiles,Materials,accept
ICMA,BVB,ICMA SA BUCURESTI,ICMA,ICMA SA,BVB,stock,ROICMAACNOR2,Producer Manufacturing,Industrial Machinery,Industrials,accept
ICON,TSXV,International Iconic Gold Exploration Corp,,,,,,,,,no_tradingview_match
ICRA,BSE_IN,ICRA Ltd,ICRA,ICRA Limited,BSE,stock,INE725G01011,Commercial Services,Financial Publishing/Services,Industrials,accept
ICY,XETRA,"INCYTE            DL-,001",ICY,Incyte Corporation,XETR,stock,US45337C1027,Health Technology,Pharmaceuticals: Major,Health Care,accept
ID6,XETRA,"INNODATA INC.     DL -,01",ID6,Innodata Inc.,XETR,stock,US4576422053,Technology Services,Data Processing Services,Information Technology,accept
ID7,XETRA,"IDEX CORP.         DL-,01",ID7,IDEX Corporation,XETR,stock,US45167R1041,Producer Manufacturing,Industrial Machinery,Industrials,accept
IDA,XETRA,"INDRA SISTEMAS INH.EO 0,2",IDA,"Indra Sistemas, S.A. Class A",XETR,stock,ES0118594417,Technology Services,Information Technology Services,Information Technology,accept
IDAC,NASDAQ,Iron Dome Acquisition I Corp. - Class A Ordinary Shares,IDAC,Iron Dome Acquisition I Corp. Class A,NASDAQ,stock,KYG4949K1040,Finance,Financial Conglomerates,,unsupported_sector
IDBI,BSE_IN,IDBI Bank Ltd,IDBI,IDBI Bank Limited,BSE,stock,INE008A01015,Finance,Major Banks,Financials,accept
IDEA,BSE_IN,Vodafone Idea Ltd,IDEA,Vodafone Idea Ltd,BSE,stock,INE669E01016,Communications,Wireless Telecommunications,Communication Services,accept
IDEAFORGE,BSE_IN,Ideaforge Technology Ltd,IDEAFORGE,Ideaforge Technology Limited,BSE,stock,INE349Y01013,Electronic Technology,Aerospace & Defense,Industrials,accept
IDFCFIRSTB,BSE_IN,IDFC First Bank Ltd,IDFCFIRSTB,IDFC First Bank Ltd.,BSE,stock,INE092T01019,Finance,Regional Banks,Financials,accept
IDREAM,BSE_IN,IDream Film Infrastructure Company Ltd,IDREAM,IDream Film Infrastructure Company Limited,BSE,stock,INE459E01012,Consumer Services,Movies/Entertainment,Communication Services,accept
IEX,BSE_IN,Indian Energy Exchange Ltd,IEX,Indian Energy Exchange Ltd.,BSE,stock,INE022Q01020,Finance,Investment Banks/Brokers,Financials,accept
IFBAGRO,BSE_IN,IFB Agro Industries Ltd,IFBAGRO,IFB Agro Industries Ltd.,BSE,stock,INE076C01018,Consumer Non-Durables,Beverages: Alcoholic,Consumer Staples,accept
IFBIND,BSE_IN,IFB Industries Ltd,IFBIND,IFB Industries Ltd,BSE,stock,INE559A01017,Consumer Durables,Electronics/Appliances,Consumer Discretionary,accept
IFCI,BSE_IN,IFCI Ltd,IFCI,IFCI Limited,BSE,stock,INE039A01010,Finance,Finance/Rental/Leasing,Financials,accept
IFGLEXPOR,BSE_IN,IFGL Refractories Ltd,IFGLEXPOR,IFGL Refractories Ltd.,BSE,stock,INE133Y01011,Producer Manufacturing,Industrial Machinery,Industrials,accept
IFL,BSE_IN,IFL Enterprises Ltd,IFL,IFL Enterprises Limited,BSE,stock,INE714U01024,Distribution Services,Wholesale Distributors,Industrials,accept
IFS,XETRA,INFAS HOLDING AG  O.N.,,,,,,,,,no_tradingview_match
IGARASHI,BSE_IN,Igarashi Motors India Ltd,IGARASHI,Igarashi Motors India Limited,BSE,stock,INE188B01013,Producer Manufacturing,Auto Parts: OEM,Industrials,accept
IGCL,BSE_IN,Indogulf Cropsciences Ltd,IGCL,Indogulf Cropsciences Limited,BSE,stock,INE05J901018,Process Industries,Chemicals: Agricultural,Materials,accept
IGCL,NSE_IN,Indogulf Cropsciences Limited,IGCL,Indogulf Cropsciences Limited,NSE,stock,INE05J901018,Process Industries,Chemicals: Agricultural,Materials,accept
IGIL,BSE_IN,International Gemological Institute Ltd,IGIL,International Gemological Institute Ltd,BSE,stock,INE0Q9301021,Commercial Services,Miscellaneous Commercial Services,Industrials,accept
IGL,BSE_IN,Indraprastha Gas Ltd,IGL,Indraprastha Gas Limited,BSE,stock,INE203G01027,Utilities,Gas Distributors,Utilities,accept
IGPL,BSE_IN,IG Petrochemicals Ltd,IGPL,IG Petrochemicals Ltd.,BSE,stock,INE204A01010,Process Industries,Chemicals: Specialty,Materials,accept
IIFL,BSE_IN,IIFL Finance Ltd,IIFL,IIFL Finance Limited,BSE,stock,INE530B01024,Finance,Finance/Rental/Leasing,Financials,accept
IIFLCAPS,BSE_IN,IIFL Capital Services Ltd,IIFLCAPS,IIFL Capital Services Ltd,BSE,stock,INE489L01022,Finance,Investment Banks/Brokers,Financials,accept
IITL,BSE_IN,Industrial Investment Trust Ltd,IITL,Industrial Investment Trust Limited,BSE,stock,INE886A01014,Finance,Financial Conglomerates,,unsupported_sector
IJF,XETRA,"ICON PLC           EO-,06",IJF,ICON Plc,XETR,stock,IE0005711209,Commercial Services,Miscellaneous Commercial Services,Industrials,accept
IK1,XETRA,"DRAFTKINGS INC. A  -,0001",IK1,"DraftKings, Inc. Class A",XETR,stock,US26142V1052,Consumer Services,Movies/Entertainment,Communication Services,accept
IKIO,BSE_IN,IKIO Technologies Ltd,IKIO,IKIO Technologies Ltd,BSE,stock,INE0LOJ01019,Producer Manufacturing,Electrical Products,Industrials,accept
IKIO,NSE_IN,IKIO Technologies Limited,IKIO,IKIO Technologies Ltd,NSE,stock,INE0LOJ01019,Producer Manufacturing,Electrical Products,Industrials,accept
IKS,BSE_IN,Inventurus Knowledge Solutions Ltd,IKS,Inventurus Knowledge Solutions Limited,BSE,stock,INE115Q01022,Commercial Services,Miscellaneous Commercial Services,Industrials,accept
IL&FSENGG,NSE_IN,IL&FS Engineering and Construction Company Limited,IL&FSENGG,IL&FS Engineering & Construction Co. Ltd.,NSE,stock,INE369I01014,Industrial Services,Engineering & Construction,Industrials,accept
IL&FSTRANS,NSE_IN,IL&FS Transportation Networks Limited,IL&FSTRANS,IL&FS Transportation Networks Limited,NSE,stock,INE975G01012,Industrial Services,Engineering & Construction,Industrials,accept
ILU,XETRA,"ILLUMINA INC.      DL-,01",ILU,"Illumina, Inc.",XETR,stock,US4523271090,Health Technology,Medical Specialties,Health Care,accept
IM8N,XETRA,"INSMED INC.        DL-,01",IM8N,Insmed Incorporated,XETR,stock,US4576693075,Health Technology,Pharmaceuticals: Major,Health Care,accept
IMAGICAA,BSE_IN,Imagicaaworld Entertainment Ltd,IMAGICAA,Imagicaaworld Entertainment Ltd.,BSE,stock,INE172N01012,Consumer Services,Movies/Entertainment,Communication Services,accept
IMFA,BSE_IN,Indian Metals & Ferro Alloys Ltd,IMFA,Indian Metals & Ferro Alloys Ltd.,BSE,stock,INE919H01018,Non-Energy Minerals,Other Metals/Minerals,Materials,accept
IMPAL,BSE_IN,India Motor Parts & Accessories Ltd,IMPAL,India Motor Parts & Accessories Limited,BSE,stock,INE547E01014,Distribution Services,Wholesale Distributors,Industrials,accept
IMPERA,BSE_IN,Impera Worldwide Ltd,IMPERA,Impera Worldwide Ltd,BSE,stock,INE351D01013,Finance,Financial Conglomerates,,unsupported_sector
IMPEXFERRO,NSE_IN,Impex Ferro Tech Limited,IMPEXFERRO,Impex Ferro Tech Ltd,NSE,stock,INE691G01015,Non-Energy Minerals,Other Metals/Minerals,Materials,accept
INCREDIBLE,BSE_IN,Incredible Industries Ltd,INCREDIBLE,Incredible Industries Limited,BSE,stock,INE452L01012,Non-Energy Minerals,Steel,Materials,accept
INCT,BVB,INCERTRANS SA BUCURESTI,INCT,Incertrans SA,BVB,stock,ROINCTACNOR0,Commercial Services,Miscellaneous Commercial Services,Industrials,accept
INDBANK,BSE_IN,Indbank Merchant Banking Services Ltd,INDBANK,Indbank Merchant Banking Services Limited,BSE,stock,INE841B01017,Finance,Investment Banks/Brokers,Financials,accept
INDGN,BSE_IN,Indegene Ltd,INDGN,Indegene Limited,BSE,stock,INE065X01017,Health Technology,Pharmaceuticals: Major,Health Care,accept
INDHOTEL,BSE_IN,Indian Hotels Company Ltd,INDHOTEL,Indian Hotels Co. Ltd.,BSE,stock,INE053A01029,Consumer Services,Hotels/Resorts/Cruise lines,Consumer Discretionary,accept
INDIACEM,BSE_IN,India Cements Ltd,INDIACEM,India Cements Ltd.,BSE,stock,INE383A01012,Non-Energy Minerals,Construction Materials,Materials,accept
INDIAGLYCO,BSE_IN,India Glycols Ltd,INDIAGLYCO,India Glycols Limited,BSE,stock,INE560A01023,Process Industries,Chemicals: Specialty,Materials,accept
INDIAMART,BSE_IN,IndiaMART InterMESH Ltd,INDIAMART,IndiaMART InterMESH Ltd.,BSE,stock,INE933S01016,Retail Trade,Internet Retail,Consumer Discretionary,accept
INDIANB,BSE_IN,Indian Bank,INDIANB,Indian Bank,BSE,stock,INE562A01011,Finance,Major Banks,Financials,accept
INDIANCARD,BSE_IN,Indian Card Clothing Company Ltd,INDIANCARD,Indian Card Clothing Co. Ltd.,BSE,stock,INE061A01014,Producer Manufacturing,Industrial Machinery,Industrials,accept
INDIANHUME,BSE_IN,Indian Hume Pipe Company Ltd,INDIANHUME,Indian Hume Pipe Co. Ltd.,BSE,stock,INE323C01030,Producer Manufacturing,Building Products,Industrials,accept
INDIASHLTR,BSE_IN,India Shelter Finance Corporation Ltd,INDIASHLTR,India Shelter Finance Corp. Ltd.,BSE,stock,INE922K01024,Finance,Finance/Rental/Leasing,Financials,accept
INDIGO,BSE_IN,InterGlobe Aviation Ltd,INDIGO,InterGlobe Aviation Ltd,BSE,stock,INE646L01027,Transportation,Airlines,Industrials,accept
INDIGOPNTS,BSE_IN,Indigo Paints Ltd,INDIGOPNTS,Indigo Paints Ltd,BSE,stock,INE09VQ01012,Process Industries,Industrial Specialties,Materials,accept
INDIQUBE,BSE_IN,Indiqube Spaces Ltd,INDIQUBE,Indiqube Spaces Limited,BSE,stock,INE06ST01018,Finance,Real Estate Development,Real Estate,accept
INDIQUBE,NSE_IN,Indiqube Spaces Limited,INDIQUBE,Indiqube Spaces Limited,NSE,stock,INE06ST01018,Finance,Real Estate Development,Real Estate,accept
INDNIPPON,BSE_IN,India Nippon Electricals Ltd,INDNIPPON,India Nippon Electricals Limited,BSE,stock,INE092B01025,Producer Manufacturing,Auto Parts: OEM,Industrials,accept
INDOAMIN,BSE_IN,Indo Amines Ltd,INDOAMIN,Indo Amines Limited,BSE,stock,INE760F01028,Process Industries,Chemicals: Major Diversified,Materials,accept
INDOBORAX,BSE_IN,Indo Borax & Chemicals Ltd,INDOBORAX,Indo Borax & Chemicals Limited,BSE,stock,INE803D01021,Process Industries,Chemicals: Specialty,Materials,accept
INDOCO,BSE_IN,Indoco Remedies Ltd,INDOCO,Indoco Remedies Limited,BSE,stock,INE873D01024,Health Technology,Pharmaceuticals: Major,Health Care,accept
INDOFARM,BSE_IN,Indo Farm Equipment Ltd,INDOFARM,Indo Farm Equipment Ltd.,BSE,stock,INE622H01018,Producer Manufacturing,Trucks/Construction/Farm Machinery,Industrials,accept
INDOFARM,NSE_IN,Indo Farm Equipment Limited,INDOFARM,Indo Farm Equipment Ltd.,NSE,stock,INE622H01018,Producer Manufacturing,Trucks/Construction/Farm Machinery,Industrials,accept
INDOKEM,NSE_IN,Indokem Limited,INDOKEM,Indokem Limited,NSE,stock,INE716F01012,Process Industries,Industrial Specialties,Materials,accept
INDOMIM,BSE_IN,INDO-MIM Ltd,INDOMIM,INDO-MIM Limited,BSE,stock,INE084101034,Producer Manufacturing,Industrial Machinery,Industrials,accept
INDOMIM,NSE_IN,INDO-MIM Limited,INDOMIM,INDO-MIM Limited,NSE,stock,INE084101034,Producer Manufacturing,Industrial Machinery,Industrials,accept
INDORAMA,BSE_IN,Indo Rama Synthetics (India) Ltd,INDORAMA,Indo Rama Synthetics (India) Limited,BSE,stock,INE156A01020,Process Industries,Textiles,Materials,accept
INDOSTAR,BSE_IN,Indostar Capital Finance Ltd,INDOSTAR,IndoStar Capital Finance Limited,BSE,stock,INE896L01010,Finance,Finance/Rental/Leasing,Financials,accept
INDOTECH,BSE_IN,Indo Tech Transformers Ltd,INDOTECH,Indo Tech Transformers Ltd.,BSE,stock,INE332H01014,Producer Manufacturing,Electrical Products,Industrials,accept
INDOTHAI,BSE_IN,Indo Thai Securities Ltd,INDOTHAI,Indo Thai Securities Limited,BSE,stock,INE337M01021,Finance,Investment Banks/Brokers,Financials,accept
INDOUS,BSE_IN,Indo Us Bio-Tech Ltd,INDOUS,Indo US Bio-Tech Ltd.,BSE,stock,INE250Z01010,Process Industries,Agricultural Commodities/Milling,Consumer Staples,accept
INDOUS,NSE_IN,Indo Us Biotech Limited,INDOUS,Indo US Bio-Tech Ltd.,NSE,stock,INE250Z01010,Process Industries,Agricultural Commodities/Milling,Consumer Staples,accept
INDOWIND,BSE_IN,Indowind Energy Ltd,INDOWIND,Indowind Energy Limited,BSE,stock,INE227G01018,Utilities,Electric Utilities,Utilities,accept
INDPRUD,NSE_IN,Industrial & Prudential Investment Company Limited,INDPRUD,Industrial & Prudential Investment Co. Ltd.,NSE,stock,INE620D01011,Finance,Investment Banks/Brokers,Financials,accept
INDRAMEDCO,BSE_IN,Indraprastha Medical Corporation Ltd,INDRAMEDCO,Indraprastha Medical Corporation Limited,BSE,stock,INE681B01017,Health Services,Hospital/Nursing Management,Health Care,accept
INDSWFTLAB,BSE_IN,Ind-Swift Laboratories Ltd,INDSWFTLAB,Ind-Swift Laboratories Ltd.,BSE,stock,INE915B01019,Health Technology,Pharmaceuticals: Major,Health Care,accept
INDTERRAIN,BSE_IN,Indian Terrain Fashions Ltd,INDTERRAIN,Indian Terrain Fashions Limited,BSE,stock,INE611L01021,Consumer Non-Durables,Apparel/Footwear,Consumer Staples,accept
INDUSINDBK,BSE_IN,Indusind Bank Ltd,INDUSINDBK,IndusInd Bank Ltd.,BSE,stock,INE095A01012,Finance,Major Banks,Financials,accept
INDUSTOWER,BSE_IN,Indus Towers Ltd,INDUSTOWER,Indus Towers Limited,BSE,stock,INE121J01017,Finance,Real Estate Development,Real Estate,accept
INFOBEAN,BSE_IN,Infobeans Technologies Ltd,INFOBEAN,InfoBeans Technologies Ltd.,BSE,stock,INE344S01016,Technology Services,Packaged Software,Information Technology,accept
INFOMEDIA,BSE_IN,Infomedia Press Ltd,INFOMEDIA,Infomedia Press Ltd.,BSE,stock,INE669A01022,Consumer Services,Publishing: Books/Magazines,Consumer Discretionary,accept
INFRAX,BSE_IN,Infrax Renewable Ltd,INFRAX,Infrax Renewable Limited,BSE,stock,INE1YC401018,Industrial Services,Engineering & Construction,Industrials,accept
INFY,BSE_IN,Infosys Ltd,INFY,Infosys Limited,BSE,stock,INE009A01021,Technology Services,Information Technology Services,Information Technology,accept
INGERRAND,BSE_IN,Ingersoll-Rand (India) Ltd,INGERRAND,Ingersoll-Rand (India) Limited,BSE,stock,INE177A01018,Producer Manufacturing,Trucks/Construction/Farm Machinery,Industrials,accept
INJECTO,BSE_IN,Injecto Polymers Ltd,INJECTO,Injecto Polymers Limited,BSE,stock,INE1JJF01019,Process Industries,Containers/Packaging,Materials,accept
INMA,BVB,INDUSTRIE MICA SA PLOIESTI,INMA,Industrie Mica Prahova SA,BVB,stock,ROINMAACNOR9,,,,unsupported_sector
INNOVACAP,BSE_IN,Innova Captab Ltd,INNOVACAP,Innova Captab Limited,BSE,stock,INE0DUT01020,Health Technology,Pharmaceuticals: Major,Health Care,accept
INNOVANA,BSE_IN,Innovana Thinklabs Ltd,INNOVANA,Innovana Thinklabs Ltd.,BSE,stock,INE403Y01018,Technology Services,Packaged Software,Information Technology,accept
INNOVANA,NSE_IN,Innovana Thinklabs Limited,INNOVANA,Innovana Thinklabs Ltd.,NSE,stock,INE403Y01018,Technology Services,Packaged Software,Information Technology,accept
INNOVISION,BSE_IN,Innovision Ltd,INNOVISION,Innovision Limited,BSE,stock,INE0ADB01012,Transportation,Other Transportation,Industrials,accept
INNOVISION,NSE_IN,Innovision Limited,INNOVISION,Innovision Limited,NSE,stock,INE0ADB01012,Transportation,Other Transportation,Industrials,accept
INOXGREEN,BSE_IN,Inox Green Energy Services Ltd,INOXGREEN,Inox Green Energy Services Ltd.,BSE,stock,INE510W01014,Utilities,Alternative Power Generation,Utilities,accept
INOXINDIA,BSE_IN,INOX India Ltd,INOXINDIA,INOX India Limited,BSE,stock,INE616N01034,Producer Manufacturing,Industrial Machinery,Industrials,accept
INOXWIND,BSE_IN,Inox Wind Ltd,INOXWIND,Inox Wind Ltd.,BSE,stock,INE066P01011,Producer Manufacturing,Electrical Products,Industrials,accept
INR,XETRA,INTERN.CONS.AIRL.GR.,INR,International Consolidated Airlines Group SA,XETR,stock,ES0177542018,Transportation,Airlines,Industrials,accept
INSECTICID,BSE_IN,Insecticides (India) Ltd,INSECTICID,Insecticides (India) Limited,BSE,stock,INE070I01018,Process Industries,Chemicals: Agricultural,Materials,accept
INSIFHLSDG,BSE_IN,Infinity Hybrid Long-Short Fund Direct Growth,INSIFHLSDG,Infinity Hybrid Long-Short Fund Units -Direct Plan-Growth,BSE,fund,INF174K30012,,,,asset_type_mismatch
INSIFHLSDR,BSE_IN,Infinity Hybrid Long-Short Fund-Direct- IDCW Reinvestment,INSIFHLSDR,Infinity Hybrid Long-Short Fund Units -Direct Plan - Reinvestment of IDCW Option,BSE,fund,INF174K30038,,,,asset_type_mismatch
INSIFHLSRD,BSE_IN,Infinity Hybrid Long-Short Fund-Regular - IDCW Payout,INSIFHLSRD,Infinity Hybrid Long-Short Fund Units -Regular Plan -Payout of IDCW Option,BSE,fund,INF174K30053,,,,asset_type_mismatch
INSIFHLSRG,BSE_IN,Infinity Hybrid Long-Short Fund-Regular-Growth,INSIFHLSRG,Infinity Hybrid Long-Short Fund Units -Regular Plan - Growth,BSE,fund,INF174K30046,,,,asset_type_mismatch
INSIFHLSRR,BSE_IN,Infinity Hybrid Long-Short Fund-Regular-IDCW Reinvestment,INSIFHLSRR,Infinity Hybrid Long-Short Fund Units -Regular Plan - Reinvestment of IDCW Option,BSE,fund,INF174K30061,,,,asset_type_mismatch
INSPIRISYS,NSE_IN,Inspirisys Solutions Limited,INSPIRISYS,lnspirisys Solutions Limited,NSE,stock,INE020G01017,Technology Services,Information Technology Services,Information Technology,accept
INTELLECT,BSE_IN,Intellect Design Arena Ltd,INTELLECT,Intellect Design Arena Ltd,BSE,stock,INE306R01017,Technology Services,Packaged Software,Information Technology,accept
INTENTECH,BSE_IN,Intense Technologies Ltd,INTENTECH,Intense Technologies Limited,BSE,stock,INE781A01025,Technology Services,Information Technology Services,Information Technology,accept
INTERARCH,BSE_IN,Interarch Building Solutions Ltd,INTERARCH,Interarch Building Solutions Ltd,BSE,stock,INE00M901018,Producer Manufacturing,Building Products,Industrials,accept
INTLCONV,BSE_IN,International Conveyors Ltd,INTLCONV,International Conveyors Ltd.,BSE,stock,INE575C01027,Producer Manufacturing,Miscellaneous Manufacturing,Industrials,accept
INVENTURE,BSE_IN,Inventure Growth & Securities Ltd,INVENTURE,Inventure Growth & Securities Ltd.,BSE,stock,INE878H01024,Finance,Investment Banks/Brokers,Financials,accept
INVPRECQ,NSE_IN,Investment & Precision Castings Limited,INVPRECQ,Investment & Precision Castings Limited,NSE,stock,INE155E01016,Producer Manufacturing,Metal Fabrication,Industrials,accept
INX,XETRA,"IMCD N.V.         EO -,16",INX,IMCD N.V.,XETR,stock,NL0010801007,Distribution Services,Wholesale Distributors,Industrials,accept
IOB,BSE_IN,Indian Overseas Bank,IOB,Indian Overseas Bank,BSE,stock,INE565A01014,Finance,Major Banks,Financials,accept
IOC,BSE_IN,Indian Oil Corporation Ltd,IOC,Indian Oil Corp. Ltd.,BSE,stock,INE242A01010,Energy Minerals,Integrated Oil,Energy,accept
IOLCP,BSE_IN,IOL Chemicals & Pharmaceuticals Ltd,IOLCP,IOL Chemicals & Pharmaceuticals Ltd.,BSE,stock,INE485C01029,Process Industries,Chemicals: Specialty,Materials,accept
IONEXCHANG,BSE_IN,Ion Exchange India Ltd,IONEXCHANG,Ion Exchange (India) Ltd.,BSE,stock,INE570A01022,Producer Manufacturing,Industrial Machinery,Industrials,accept
IORB,BVB,IOR SA BUCURESTI,IORB,IOR SA,BVB,stock,ROIORBACNOR4,Electronic Technology,Electronic Equipment/Instruments,Information Technology,accept
IPCALAB,BSE_IN,Ipca Laboratories Ltd,IPCALAB,IPCA Laboratories Limited,BSE,stock,INE571A01038,Health Technology,Pharmaceuticals: Major,Health Care,accept
IPHI,BVB,IPROCHIM SA Bucuresti,IPHI,Iprochim SA,BVB,stock,ROIPHIACNOR7,Commercial Services,Miscellaneous Commercial Services,Industrials,accept
IPL,BSE_IN,India Pesticides Ltd,IPL,India Pesticides Ltd.,BSE,stock,INE0D6701023,Process Industries,Chemicals: Agricultural,Materials,accept
IPRINGLTD,NSE_IN,IP Rings Limited,IPRINGLTD,IP Rings Limited,NSE,stock,INE558A01019,Producer Manufacturing,Industrial Conglomerates,Industrials,accept
IPRO,BVB,IPROLAM SA BUCURESTI,IPRO,Iprolam SA,BVB,stock,ROIPROACNOR4,,,,unsupported_sector
IPVV,NASDAQ,"InterPrivate Investment Partners V, Inc. - Class A Ordinary Shares",IPVV,"InterPrivate Investment Partners V, Inc. Class A",NASDAQ,stock,KYG490971010,Finance,Financial Conglomerates,,unsupported_sector
IRB,BSE_IN,IRB Infrastructure Developers Ltd,IRB,IRB Infrastructure Developers Limited,BSE,stock,INE821I01022,Industrial Services,Engineering & Construction,Industrials,accept
IRCON,BSE_IN,IRCON International Ltd,IRCON,IRCON International Ltd.,BSE,stock,INE962Y01021,Industrial Services,Engineering & Construction,Industrials,accept
IRCTC,BSE_IN,Indian Railway Catering and Tourism Corporation Ltd,IRCTC,Indian Railway Catering & Tourism Corp. Ltd.,BSE,stock,INE335Y01020,Consumer Services,Other Consumer Services,Consumer Discretionary,accept
IREDA,BSE_IN,Indian Renewable Energy Development Agency Ltd,IREDA,Indian Renewable Energy Development Agency Ltd.,BSE,stock,INE202E01016,Finance,Finance/Rental/Leasing,Financials,accept
IRFC,BSE_IN,Indian Railway Finance Corporation Ltd,IRFC,Indian Railway Finance Corp. Ltd.,BSE,stock,INE053F01010,Finance,Finance/Rental/Leasing,Financials,accept
IRIS,BSE_IN,IRIS RegTech Solutions Ltd,IRIS,IRIS RegTech Solutions Limited,BSE,stock,INE864K01010,Technology Services,Data Processing Services,Information Technology,accept
IRMENERGY,BSE_IN,IRM Energy Ltd,IRMENERGY,Irm Energy Limited,BSE,stock,INE07U701015,Energy Minerals,Integrated Oil,Energy,accept
ISERA,BSE_IN,iSERA Lifesciences Ltd,ISERA,iSERA Lifesciences Limited,BSE,stock,INE899M01020,Technology Services,Packaged Software,Information Technology,accept
ISFT,BSE_IN,Intrasoft Technologies Ltd,ISFT,Intrasoft Technologies Limited,BSE,stock,INE566K01011,Retail Trade,Internet Retail,Consumer Discretionary,accept
ISGEC,BSE_IN,ISGEC Heavy Engineering Ltd,ISGEC,ISGEC Heavy Engineering Ltd.,BSE,stock,INE858B01029,Industrial Services,Engineering & Construction,Industrials,accept
ISHANCH,NSE_IN,Ishan Dyes and Chemicals Limited,ISHANCH,Ishan Dyes and Chemicals Limited,NSE,stock,INE561M01018,Distribution Services,Wholesale Distributors,Industrials,accept
ISI,XETRA,IONIS PHARMACEUT.  DL-001,ISI,"Ionis Pharmaceuticals, Inc.",XETR,stock,US4622221004,Health Technology,Pharmaceuticals: Major,Health Care,accept
ISIFAAFDG,BSE_IN,iSIF Active Asset Allocator Long-Short Fund - Direct Plan - Growth,ISIFAAFDG,iSIF Active Asset Allocator Long Short Fund Units - Direct Growth,BSE,fund,INF109K30067,,,,asset_type_mismatch
ISIFAAFG,BSE_IN,iSIF Active Asset Allocator Long-Short Fund - Growth,ISIFAAFG,iSIF Active Asset Allocator Long-Short Fund - Growth Units - Growth,BSE,fund,INF109K30059,,,,asset_type_mismatch
ISNR,NASDAQ,Snow Rothschild Acquisition Corp. - Class A Ordinary Shares,ISNR,Snow Rothschild Acquisition Corp. Class A,NASDAQ,stock,KYG8251A1094,Finance,Financial Conglomerates,,unsupported_sector
ISTLTD,NSE_IN,I S T Limited,ISTLTD,IST Ltd,NSE,stock,INE684B01029,Producer Manufacturing,Auto Parts: OEM,Industrials,accept
ITC,BSE_IN,ITC Ltd,ITC,ITC Limited,BSE,stock,INE154A01025,Consumer Non-Durables,Tobacco,Consumer Staples,accept
ITCHOTELS,BSE_IN,ITC Hotels Ltd,ITCHOTELS,ITC Hotels Ltd,BSE,stock,INE379A01028,Consumer Services,Hotels/Resorts/Cruise lines,Consumer Discretionary,accept
ITDC,BSE_IN,India Tourism Development Corporation Ltd,ITDC,India Tourism Development Corp. Ltd.,BSE,stock,INE353K01014,Consumer Services,Hotels/Resorts/Cruise lines,Consumer Discretionary,accept
ITH0,XETRA,NEKTAR THERAP.   NEW O.N.,ITH0,Nektar Therapeutics,XETR,stock,US6402683063,Health Technology,Pharmaceuticals: Major,Health Care,accept
ITI,BSE_IN,ITI Ltd,ITI,ITI Limited,BSE,stock,INE248A01017,Communications,Major Telecommunications,Communication Services,accept
ITL,NSE_IN,ITL Industries Limited,ITL,ITL Industries Limited,NSE,stock,INE478D01014,Producer Manufacturing,Industrial Machinery,Industrials,accept
IUBR,BVB,IUS SA BRASOV,IUBR,IUS SA Brasov,BVB,stock,ROIUBRACNOR1,Producer Manufacturing,Industrial Conglomerates,Industrials,accept
IV1,XETRA,SOUTHSTATE BANK CORP.O.N.,IV1,SouthState Bank Corporation,XETR,stock,US84472E1029,Finance,Major Banks,Financials,accept
IVALUE,BSE_IN,Ivalue Infosolutions Ltd,IVALUE,Ivalue Infosolutions Limited,BSE,stock,INE056801025,Technology Services,Information Technology Services,Information Technology,accept
IVALUE,NSE_IN,Ivalue Infosolutions Limited,IVALUE,Ivalue Infosolutions Limited,NSE,stock,INE056801025,Technology Services,Information Technology Services,Information Technology,accept
IVC,BSE_IN,IL&FS Investment Managers Ltd,IVC,IL&FS Investment Managers Ltd.,BSE,stock,INE050B01023,Finance,Investment Banks/Brokers,Financials,accept
IVP,BSE_IN,IVP Ltd,IVP,IVP Ltd,BSE,stock,INE043C01018,Process Industries,Chemicals: Specialty,Materials,accept
IWP,BSE_IN,The Indian Wood Products Company Ltd,IWP,Indian Wood Products Co. Ltd.,BSE,stock,INE586E01020,Consumer Non-Durables,Food: Specialty/Candy,Consumer Staples,accept
IXIGO,BSE_IN,Le Travenues Technology Ltd,IXIGO,Le Travenues Technology Limited,BSE,stock,INE0HV901016,Technology Services,Internet Software/Services,Information Technology,accept
IZMO,NSE_IN,IZMO Limited,IZMO,IZMO Limited,NSE,stock,INE848A01014,Technology Services,Packaged Software,Information Technology,accept
J&KBANK,BSE_IN,Jammu & Kashmir Bank Ltd,,,,,,,,,no_tradingview_match
J4D,XETRA,"KENVUE INC.      DL -,001",J4D,"Kenvue, Inc.",XETR,stock,US49177J1025,Consumer Non-Durables,Household/Personal Care,Consumer Staples,accept
J7Z,XETRA,"JAZZ PHARMACEUT. DL-,0001",J7Z,Jazz Pharmaceuticals Public Limited Company,XETR,stock,IE00B4Q5ZN47,Health Technology,Pharmaceuticals: Major,Health Care,accept
J8W,XETRA,INTUITIVE MACH.INC.CL.A,J8W,"Intuitive Machines, Inc. Class A",XETR,stock,US46125A1007,Electronic Technology,Aerospace & Defense,Industrials,accept
JAGRAN,BSE_IN,Jagran Prakashan Ltd,JAGRAN,Jagran Prakashan Limited,BSE,stock,INE199G01027,Consumer Services,Publishing: Newspapers,Consumer Discretionary,accept
JAGSNPHARM,BSE_IN,Jagsonpal Pharmaceuticals Ltd,JAGSNPHARM,Jagsonpal Pharmaceuticals Ltd.,BSE,stock,INE048B01035,Health Technology,Pharmaceuticals: Generic,Health Care,accept
JAIBALAJI,BSE_IN,Jai Balaji Industries Ltd,JAIBALAJI,Jai Balaji Industries Limited,BSE,stock,INE091G01026,Non-Energy Minerals,Steel,Materials,accept
JAICORPLTD,BSE_IN,Jai Corp Ltd,JAICORPLTD,Jai Corp Limited,BSE,stock,INE070D01027,Process Industries,Containers/Packaging,Materials,accept
JAIHIND,BSE_IN,Jaihind Industries Ltd,JAIHIND,Jaihind Industries Limited,BSE,stock,INE156E01014,Process Industries,Textiles,Materials,accept
JAINREC,BSE_IN,Jain Resource Recycling Ltd,JAINREC,Jain Resource Recycling Limited,BSE,stock,INE0YD401026,Non-Energy Minerals,Other Metals/Minerals,Materials,accept
JAMNAAUTO,BSE_IN,Jamna Auto Industries Ltd,JAMNAAUTO,Jamna Auto Industries Limited,BSE,stock,INE039C01032,Producer Manufacturing,Auto Parts: OEM,Industrials,accept
JARO,BSE_IN,Jaro Institute of Technology Management and Research Ltd,JARO,Jaro Institute of Technology Management and Research Limited,BSE,stock,INE00YJ01010,Technology Services,Internet Software/Services,Information Technology,accept
JARO,NSE_IN,Jaro Institute of Technology Management and Research Limited,JARO,Jaro Institute of Technology Management and Research Limited,NSE,stock,INE00YJ01010,Technology Services,Internet Software/Services,Information Technology,accept
JASH,BSE_IN,Jash Engineering Ltd,JASH,Jash Engineering Ltd.,BSE,stock,INE039O01029,Producer Manufacturing,Industrial Machinery,Industrials,accept
JAYAGROGN,BSE_IN,Jayant Agro Organics Ltd,JAYAGROGN,Jayant Agro-Organics Limited,BSE,stock,INE785A01026,Process Industries,Agricultural Commodities/Milling,Consumer Staples,accept
JAYBARMARU,NSE_IN,Jay Bharat Maruti Limited,JAYBARMARU,Jay Bharat Maruti Limited,NSE,stock,INE571B01036,Distribution Services,Wholesale Distributors,Industrials,accept
JAYKAY,BSE_IN,Jaykay Enterprises Ltd,JAYKAY,Jaykay Enterprises Limited,BSE,stock,INE903A01025,Commercial Services,Miscellaneous Commercial Services,Industrials,accept
JAYNECOIND,BSE_IN,Jayaswal Neco Industries Ltd,JAYNECOIND,Jayaswal Neco Industries Limited,BSE,stock,INE854B01010,Non-Energy Minerals,Steel,Materials,accept
JAYSREETEA,BSE_IN,Jay Shree Tea & Industries Ltd,JAYSREETEA,Jay Shree Tea & Industries Ltd.,BSE,stock,INE364A01020,Process Industries,Agricultural Commodities/Milling,Consumer Staples,accept
JBL,XETRA,"JABIL DL-,001",JBL,Jabil Inc.,XETR,stock,US4663131039,Producer Manufacturing,Industrial Machinery,Industrials,accept
JBMA,BSE_IN,JBM Auto Ltd,JBMA,JBM Auto Limited,BSE,stock,INE927D01051,Producer Manufacturing,Auto Parts: OEM,Industrials,accept
JBT,XETRA,"JBT MAREL CORP.    DL-,01",JBT,JBT Marel Corporation,XETR,stock,US4778391049,Producer Manufacturing,Industrial Machinery,Industrials,accept
JENBURPH,NSE_IN,Jenburkt Pharmaceuticals Limited,JENBURPH,Jenburkt Pharmaceuticals Ltd,NSE,stock,INE354A01013,Health Technology,Pharmaceuticals: Major,Health Care,accept
JETFREIGHT,BSE_IN,Jet Freight Logistics Ltd,JETFREIGHT,Jet Freight Logistics Ltd.,BSE,stock,INE982V01025,Transportation,Airlines,Industrials,accept
JGCHEM,BSE_IN,J.G.Chemicals Ltd,JGCHEM,JG Chemicals Limited,BSE,stock,INE0MB501011,Process Industries,Chemicals: Specialty,Materials,accept
JGCHEM,NSE_IN,J.G.Chemicals Limited,JGCHEM,JG Chemicals Limited,NSE,stock,INE0MB501011,Process Industries,Chemicals: Specialty,Materials,accept
JHA1,XETRA,"JAMES HARDIE IND. EO-,59",JHA1,James Hardie Industries PLC,XETR,stock,IE000R94NGM2,Non-Energy Minerals,Construction Materials,Materials,accept
JHS,BSE_IN,JHS Svendgaard Laboratories Ltd,JHS,JHS Svendgaard Laboratories Limited,BSE,stock,INE544H01014,Consumer Non-Durables,Household/Personal Care,Consumer Staples,accept
JINDALPHOT,BSE_IN,Jindal Photo Ltd,JINDALPHOT,Jindal Photo Limited,BSE,stock,INE796G01012,Finance,Financial Conglomerates,,unsupported_sector
JINDALPOLY,BSE_IN,Jindal Poly Films Ltd,JINDALPOLY,Jindal Poly Films Limited,BSE,stock,INE197D01010,Process Industries,Containers/Packaging,Materials,accept
JINDALSAW,BSE_IN,Jindal Saw Ltd,JINDALSAW,Jindal Saw Limited,BSE,stock,INE324A01032,Non-Energy Minerals,Steel,Materials,accept
JINDALSTEL,BSE_IN,Jindal Steel Ltd,JINDALSTEL,Jindal Steel Limited,BSE,stock,INE749A01030,Non-Energy Minerals,Steel,Materials,accept
JINDRILL,BSE_IN,Jindal Drilling & Industries Ltd,JINDRILL,Jindal Drilling & Industries Ltd.,BSE,stock,INE742C01031,Industrial Services,Contract Drilling,Industrials,accept
JINDWORLD,BSE_IN,Jindal Worldwide Ltd,JINDWORLD,Jindal Worldwide Limited,BSE,stock,INE247D01039,Process Industries,Textiles,Materials,accept
JIOFIN,BSE_IN,Jio Financial Services Ltd,JIOFIN,Jio Financial Services Limited,BSE,stock,INE758E01017,Finance,Financial Conglomerates,,unsupported_sector
JISLDVREQS,BSE_IN,Jain Irrigation Systems Ltd_DVR,JISLDVREQS,Jain Irrigation Systems Limited,BSE,stock,IN9175A01010,Producer Manufacturing,Trucks/Construction/Farm Machinery,Industrials,accept
JISLJALEQS,BSE_IN,Jain Irrigation Systems Ltd,JISLJALEQS,Jain Irrigation Systems Limited,BSE,stock,INE175A01038,Producer Manufacturing,Trucks/Construction/Farm Machinery,Industrials,accept
JITFINFRA,NSE_IN,JITF Infralogistics Limited,JITFINFRA,JITF Infralogistics Ltd.,NSE,stock,INE863T01013,Transportation,Trucking,Industrials,accept
JIVIAL,BSE_IN,Jivial Industries Ltd,JIVIAL,Jivial Industries Limited,BSE,stock,INE0V3T01017,Non-Energy Minerals,Aluminum,Materials,accept
JIYAECO,BSE_IN,Jiya Eco-Products Ltd,JIYAECO,Jiya Eco-Products Ltd.,BSE,stock,INE023S01024,Process Industries,Industrial Specialties,Materials,accept
JKCEMENT,BSE_IN,JK Cement Ltd,JKCEMENT,J.K. Cement Ltd.,BSE,stock,INE823G01014,Non-Energy Minerals,Construction Materials,Materials,accept
JKIL,BSE_IN,J. Kumar Infraprojects Ltd,JKIL,J. Kumar Infraprojects Limited,BSE,stock,INE576I01022,Industrial Services,Engineering & Construction,Industrials,accept
JKIPL,BSE_IN,Jinkushal Industries Ltd,JKIPL,Jinkushal Industries Limited,BSE,stock,INE1FF001016,Distribution Services,Wholesale Distributors,Industrials,accept
JKIPL,NSE_IN,Jinkushal Industries Limited,JKIPL,Jinkushal Industries Limited,NSE,stock,INE1FF001016,Distribution Services,Wholesale Distributors,Industrials,accept
JKLAKSHMI,BSE_IN,JK Lakshmi Cement Ltd,JKLAKSHMI,JK Lakshmi Cement Limited,BSE,stock,INE786A01032,Non-Energy Minerals,Construction Materials,Materials,accept
JKPAPER,BSE_IN,JK Paper Ltd,JKPAPER,JK Paper Limited,BSE,stock,INE789E01012,Process Industries,Pulp & Paper,Materials,accept
JKTYRE,BSE_IN,JK Tyre & Industries Ltd,JKTYRE,JK Tyre & Industries Limited,BSE,stock,INE573A01042,Consumer Durables,Automotive Aftermarket,Consumer Discretionary,accept
JLHL,BSE_IN,Jupiter Life Line Hospitals Ltd,JLHL,Jupiter Life Line Hospitals Ltd.,BSE,stock,INE682M01020,Health Services,Hospital/Nursing Management,Health Care,accept
JM2,XETRA,SMUCKER -J.M.-,JM2,J.M. Smucker Company,XETR,stock,US8326964058,Consumer Non-Durables,Food: Specialty/Candy,Consumer Staples,accept
JMFINANCIL,BSE_IN,JM Financial Ltd,JMFINANCIL,JM Financial Limited,BSE,stock,INE780C01023,Finance,Investment Banks/Brokers,Financials,accept
JMX,XETRA,"MAXLINEAR INC.     DL-,01",JMX,"MaxLinear, Inc.",XETR,stock,US57776J1007,Electronic Technology,Semiconductors,Information Technology,accept
JNKINDIA,BSE_IN,JNK India Ltd,JNKINDIA,Jnk India Limited,BSE,stock,INE0OAF01028,Producer Manufacturing,Building Products,Industrials,accept
JNKINDIA,NSE_IN,JNK India Limited,JNKINDIA,Jnk India Limited,NSE,stock,INE0OAF01028,Producer Manufacturing,Building Products,Industrials,accept
JNPR,BSE_IN,Juniper Green Energy Ltd,JNPR,Juniper Green Energy Limited,BSE,stock,INE05C901015,Utilities,Alternative Power Generation,Utilities,accept
JNPR,NSE_IN,Juniper Green Energy Limited,JNPR,Juniper Green Energy Limited,NSE,stock,INE05C901015,Utilities,Alternative Power Generation,Utilities,accept
JONE,NASDAQ,Jones Ventures INTL Acquisition1 Corp - Class A Ordinary Shares,JONE,Jones Ventures INTL Acquisition1 Corp Class A,NASDAQ,stock,KYG517761055,Finance,Financial Conglomerates,,unsupported_sector
JPOLYINVST,BSE_IN,Jindal Poly Investment and Finance Company Ltd,JPOLYINVST,Jindal Poly Investment and Finance Co. Ltd.,BSE,stock,INE147P01019,Finance,Investment Managers,Financials,accept
JPPOWER,BSE_IN,Jaiprakash Power Ventures Ltd,JPPOWER,Jaiprakash Power Ventures Limited,BSE,stock,INE351F01018,Utilities,Electric Utilities,Utilities,accept
JPX,XETRA,"AEROVIRONMENT   DL -,0001",JPX,"AeroVironment, Inc.",XETR,stock,US0080731088,Electronic Technology,Aerospace & Defense,Industrials,accept
JSFB,BSE_IN,Jana Small Finance Bank Ltd,JSFB,Jana Small Finance Bank Ltd,BSE,stock,INE953L01027,Finance,Regional Banks,Financials,accept
JSIPL,NSE_IN,Jindal Supreme (India) Limited,JSIPL,Jindal Supreme (India) Limited,NSE,stock,INE1DLO01028,Non-Energy Minerals,Steel,Materials,accept
JSL,BSE_IN,Jindal Stainless Ltd,JSL,Jindal Stainless Limited,BSE,stock,INE220G01021,Non-Energy Minerals,Steel,Materials,accept
JSLL,BSE_IN,Jeena Sikho Lifecare Ltd,JSLL,Jeena Sikho Lifecare Limited,BSE,stock,INE0J5801029,Health Services,Medical/Nursing Services,Health Care,accept
JSLL,NSE_IN,Jeena Sikho Lifecare Limited,JSLL,Jeena Sikho Lifecare Limited,NSE,stock,INE0J5801029,Health Services,Medical/Nursing Services,Health Care,accept
JSWCEMENT,BSE_IN,JSW Cement Ltd,JSWCEMENT,JSW Cement Limited,BSE,stock,INE718I01012,Non-Energy Minerals,Construction Materials,Materials,accept
JSWDULUX,BSE_IN,JSW Dulux Ltd,JSWDULUX,JSW Dulux Ltd,BSE,stock,INE133A01011,Process Industries,Industrial Specialties,Materials,accept
JSWENERGY,BSE_IN,JSW Energy Ltd,JSWENERGY,JSW Energy Limited,BSE,stock,INE121E01018,Utilities,Electric Utilities,Utilities,accept
JSWHL,BSE_IN,JSW Holdings Ltd,JSWHL,JSW Holdings Limited,BSE,stock,INE824G01012,Finance,Investment Banks/Brokers,Financials,accept
JSWINFRA,BSE_IN,JSW Infrastructure Ltd,JSWINFRA,JSW Infrastructure Limited,BSE,stock,INE880J01026,Industrial Services,Engineering & Construction,Industrials,accept
JSWSTEEL,BSE_IN,JSW Steel Ltd,JSWSTEEL,JSW Steel Limited,BSE,stock,INE019A01038,Non-Energy Minerals,Steel,Materials,accept
JTEKTINDIA,BSE_IN,Jtekt India Ltd,JTEKTINDIA,JTEKT India Limited,BSE,stock,INE643A01035,Consumer Durables,Automotive Aftermarket,Consumer Discretionary,accept
JTLDEFENCE,BSE_IN,JTL Defence Ltd,JTLDEFENCE,JTL Defence Ltd,BSE,stock,INE140B01048,Non-Energy Minerals,Other Metals/Minerals,Materials,accept
JTLIND,BSE_IN,JTL Industries Ltd,JTLIND,JTL Industries Limited,BSE,stock,INE391J01032,Non-Energy Minerals,Steel,Materials,accept
JTTT,NASDAQ,JATT III Acquisition Corp - Ordinary Shares,JTTT,JATT III Acquisition Corp,NASDAQ,stock,KYG5080G1091,Finance,Financial Conglomerates,,unsupported_sector
JUBLCPL,BSE_IN,Jubilant Agri and Consumer Products Ltd,JUBLCPL,Jubilant Agri and Consumer Products Limited,BSE,stock,INE03CC01015,Process Industries,Chemicals: Agricultural,Materials,accept
JUBLCPL,NSE_IN,Jubilant Agri and Consumer Products Limited,JUBLCPL,Jubilant Agri and Consumer Products Limited,NSE,stock,INE03CC01015,Process Industries,Chemicals: Agricultural,Materials,accept
JUBLFOOD,BSE_IN,Jubilant FoodWorks Ltd,JUBLFOOD,Jubilant Foodworks Limited,BSE,stock,INE797F01020,Consumer Services,Restaurants,Consumer Discretionary,accept
JUBLINGREA,BSE_IN,Jubilant Ingrevia Ltd,JUBLINGREA,Jubilant Ingrevia Ltd.,BSE,stock,INE0BY001018,Process Industries,Chemicals: Major Diversified,Materials,accept
JUBLPHARMA,BSE_IN,Jubilant Pharmova Ltd,JUBLPHARMA,Jubilant Pharmova Limited,BSE,stock,INE700A01033,Health Technology,Pharmaceuticals: Major,Health Care,accept
JUJHARLOGI,BSE_IN,Jujhar Logistics Ltd,JUJHARLOGI,Jujhar Logistics Ltd,BSE,stock,INE198N01017,Process Industries,Industrial Specialties,Materials,accept
JUNE,BSE_IN,June Industries Ltd,JUNE,June Industries Ltd,BSE,stock,INE108B01029,Technology Services,Packaged Software,Information Technology,accept
JUNIPER,BSE_IN,Juniper Hotels Ltd,JUNIPER,Juniper Hotels Limited,BSE,stock,INE696F01016,Consumer Services,Hotels/Resorts/Cruise lines,Consumer Discretionary,accept
JUSTDIAL,BSE_IN,Just Dial Ltd,JUSTDIAL,Just Dial Ltd.,BSE,stock,INE599M01018,Technology Services,Internet Software/Services,Information Technology,accept
JWL,BSE_IN,Jupiter Wagons Ltd,JWL,Jupiter Wagons Limited,BSE,stock,INE209L01016,Producer Manufacturing,Trucks/Construction/Farm Machinery,Industrials,accept
JYOTHYLAB,BSE_IN,Jyothy Labs Ltd,JYOTHYLAB,Jyothy Labs Limited,BSE,stock,INE668F01031,Consumer Non-Durables,Household/Personal Care,Consumer Staples,accept
JYOTICNC,BSE_IN,Jyoti CNC Automation Ltd,JYOTICNC,Jyoti Cnc Automation Limited,BSE,stock,INE980O01024,Producer Manufacturing,Metal Fabrication,Industrials,accept
JYOTIRES,NSE_IN,Jyoti Resins & Adhesives Limited,JYOTIRES,Jyoti Resins & Adhesives Ltd.,NSE,stock,INE577D01013,Process Industries,Industrial Specialties,Materials,accept
JYOTISTRUC,BSE_IN,Jyoti Structures Ltd,JYOTISTRUC,Jyoti Structures Ltd.,BSE,stock,INE197A01024,Utilities,Electric Utilities,Utilities,accept
KABRAEXTRU,BSE_IN,Kabra Extrusiontechnik Ltd,KABRAEXTRU,Kabra ExtrusionTechnik Ltd.,BSE,stock,INE900B01029,Producer Manufacturing,Industrial Machinery,Industrials,accept
KAJARIACER,BSE_IN,Kajaria Ceramics Ltd,KAJARIACER,Kajaria Ceramics Limited,BSE,stock,INE217B01036,Producer Manufacturing,Building Products,Industrials,accept
KAKATCEM,BSE_IN,Kakatiya Cement Sugar & Industries Ltd,KAKATCEM,Kakatiya Cement Sugar & Industries Ltd.,BSE,stock,INE437B01014,Non-Energy Minerals,Construction Materials,Materials,accept
KALAMANDIR,BSE_IN,Sai Silks (Kalamandir) Ltd,KALAMANDIR,Sai Silks (Kalamandir) Ltd.,BSE,stock,INE438K01021,Retail Trade,Apparel/Footwear Retail,Consumer Discretionary,accept
KALPATARU,BSE_IN,Kalpataru Ltd,KALPATARU,Kalpataru Ltd.,BSE,stock,INE227J01012,Finance,Real Estate Development,Real Estate,accept
KALPATARU,NSE_IN,Kalpataru Limited,KALPATARU,Kalpataru Ltd.,NSE,stock,INE227J01012,Finance,Real Estate Development,Real Estate,accept
KALYANIFRG,BSE_IN,Kalyani Forge Ltd,KALYANIFRG,Kalyani Forge Limited,BSE,stock,INE314G01014,Producer Manufacturing,Auto Parts: OEM,Industrials,accept
KALYANKJIL,BSE_IN,Kalyan Jewellers India Ltd,KALYANKJIL,Kalyan Jewellers India Ltd.,BSE,stock,INE303R01014,Retail Trade,Specialty Stores,Consumer Discretionary,accept
KAMAHOLD,NSE_IN,Kama Holdings Limited,KAMAHOLD,Kama Holdings Limited,NSE,stock,INE411F01010,Process Industries,Industrial Specialties,Materials,accept
KAMANWALA,NSE_IN,Kamanwala Housing Construction Limited,KAMANWALA,Kamanwala Housing & Construction Ltd.,NSE,stock,INE344D01018,Finance,Real Estate Development,Real Estate,accept
KAMATHOTEL,BSE_IN,Kamat Hotels (India) Ltd,KAMATHOTEL,Kamat Hotels (India) Ltd,BSE,stock,INE967C01018,Consumer Services,Hotels/Resorts/Cruise lines,Consumer Discretionary,accept
KAMDHENU,BSE_IN,Kamdhenu Ltd,KAMDHENU,Kamdhenu Limited,BSE,stock,INE390H01020,Non-Energy Minerals,Steel,Materials,accept
KAMOPAINTS,BSE_IN,Kamdhenu Ventures Ltd,KAMOPAINTS,Kamdhenu Ventures Ltd.,BSE,stock,INE0BTI01037,Process Industries,Industrial Specialties,Materials,accept
KAMOPAINTS,NSE_IN,Kamdhenu Ventures Limited,KAMOPAINTS,Kamdhenu Ventures Ltd.,NSE,stock,INE0BTI01037,Process Industries,Industrial Specialties,Materials,accept
KANANIIND,BSE_IN,Kanani Industries Ltd,KANANIIND,Kanani Industries Limited,BSE,stock,INE879E01037,Consumer Durables,Other Consumer Specialties,Consumer Discretionary,accept
KANCHI,NSE_IN,Kanchi Karpooram Limited,KANCHI,Kanchi Karpooram Ltd,NSE,stock,INE081G01019,Process Industries,Chemicals: Specialty,Materials,accept
KANCOTEA,NSE_IN,Kanco Tea & Industries Limited,KANCOTEA,Kanco Tea & Industries Ltd.,NSE,stock,INE398L01017,Process Industries,Agricultural Commodities/Milling,Consumer Staples,accept
KANOHAR,BSE_IN,Kanohar Electricals Ltd,KANOHAR,Kanohar Electricals Ltd,BSE,stock,INE877D01025,Producer Manufacturing,Electrical Products,Industrials,accept
KANOHAR,NSE_IN,Kanohar Electricals Limited,KANOHAR,Kanohar Electricals Ltd,NSE,stock,INE877D01025,Producer Manufacturing,Electrical Products,Industrials,accept
KANORICHEM,BSE_IN,Kanoria Chemicals & Industries Ltd,KANORICHEM,Kanoria Chemicals & Industries Ltd,BSE,stock,INE138C01024,Process Industries,Chemicals: Specialty,Materials,accept
KANPRPLA,BSE_IN,Kanpur Plastipack Ltd,KANPRPLA,Kanpur Plastipack Limited,BSE,stock,INE694E01014,Producer Manufacturing,Miscellaneous Manufacturing,Industrials,accept
KANSAINER,BSE_IN,Kansai Nerolac Paints Ltd,KANSAINER,Kansai Nerolac Paints Limited,BSE,stock,INE531A01024,Process Industries,Industrial Specialties,Materials,accept
KARAMTARA,BSE_IN,Karamtara Engineering Ltd,KARAMTARA,Karamtara Engineering Limited,BSE,stock,INE590T01012,Electronic Technology,Semiconductors,Information Technology,accept
KARAMTARA,NSE_IN,Karamtara Engineering Limited,KARAMTARA,Karamtara Engineering Limited,NSE,stock,INE590T01012,Electronic Technology,Semiconductors,Information Technology,accept
KARMAENG,BSE_IN,Karma Energy Ltd,KARMAENG,Karma Energy Limited,BSE,stock,INE725L01011,Utilities,Electric Utilities,Utilities,accept
KARURVYSYA,BSE_IN,Karur Vysya Bank Ltd,KARURVYSYA,Karur Vysya Bank Ltd.,BSE,stock,INE036D01028,Finance,Regional Banks,Financials,accept
KAUSHALYA,NSE_IN,Kaushalya Infrastructure Development Corporation Limited,KAUSHALYA,Kaushalya Infrastructure Development Corporation Ltd,NSE,stock,INE234I01028,Industrial Services,Engineering & Construction,Industrials,accept
KAVDEFENCE,NSE_IN,Kavveri Defence & Wireless Technologies Limited,KAVDEFENCE,Kavveri Defence & Wireless Technologies Limited,NSE,stock,INE641C01019,Electronic Technology,Telecommunications Equipment,Information Technology,accept
KAYA,BSE_IN,Kaya Ltd,KAYA,Kaya Limited,BSE,stock,INE587G01015,Consumer Non-Durables,Household/Personal Care,Consumer Staples,accept
KAYNES,BSE_IN,Kaynes Technology India Ltd,KAYNES,Kaynes Technology India Ltd.,BSE,stock,INE918Z01012,Electronic Technology,Electronic Production Equipment,Information Technology,accept
KCP,BSE_IN,KCP Ltd,KCP,KCP Ltd,BSE,stock,INE805C01028,Producer Manufacturing,Industrial Conglomerates,Industrials,accept
KCPSUGIND,BSE_IN,KCP Sugar & Industries Corporation Ltd,KCPSUGIND,KCP Sugar & Industries Corp. Ltd.,BSE,stock,INE790B01024,Process Industries,Agricultural Commodities/Milling,Consumer Staples,accept
KDDL,BSE_IN,KDDL Ltd,KDDL,KDDL Limited,BSE,stock,INE291D01011,Consumer Durables,Other Consumer Specialties,Consumer Discretionary,accept
KDGREEN,BSE_IN,KD Green Industries Ltd,KDGREEN,KD Green Industries Ltd,BSE,stock,INE348N01042,Consumer Non-Durables,Apparel/Footwear,Consumer Staples,accept
KDGREEN,NSE_IN,KD Green Industries Limited,KDGREEN,KD Green Industries Ltd,NSE,stock,INE348N01042,Consumer Non-Durables,Apparel/Footwear,Consumer Staples,accept
KEC,BSE_IN,KEC International Ltd,KEC,KEC International Ltd.,BSE,stock,INE389H01022,Industrial Services,Engineering & Construction,Industrials,accept
KECL,BSE_IN,Kirloskar Electric Company Ltd,KECL,Kirloskar Electric Co. Ltd.,BSE,stock,INE134B01017,Producer Manufacturing,Electrical Products,Industrials,accept
KEEPLEARN,BSE_IN,DSJ keep Learning Ltd,KEEPLEARN,DSJ Keep Learning Limited,BSE,stock,INE055C01020,Commercial Services,Miscellaneous Commercial Services,Industrials,accept
KEI,BSE_IN,KEI Industries Ltd,KEI,KEI Industries Limited,BSE,stock,INE878B01027,Producer Manufacturing,Electrical Products,Industrials,accept
KELLTONTEC,BSE_IN,Kellton Tech Solutions Ltd,KELLTONTEC,Kellton Tech Solutions Ltd.,BSE,stock,INE164B01030,Technology Services,Packaged Software,Information Technology,accept
KENNAMET,NSE_IN,Kennametal India Limited,KENNAMET,Kennametal India Limited,NSE,stock,INE717A01029,Producer Manufacturing,Metal Fabrication,Industrials,accept
KERNEX,BSE_IN,Kernex Microsystems India Ltd,KERNEX,Kernex Microsystems India Ltd.,BSE,stock,INE202H01019,Electronic Technology,Computer Communications,Information Technology,accept
KESORAMIND,BSE_IN,Kesoram Industries Ltd,KESORAMIND,Kesoram Industries Ltd,BSE,stock,INE087A01019,Non-Energy Minerals,Construction Materials,Materials,accept
KETOMOTORS,BSE_IN,Keto Motors Ltd,KETOMOTORS,Keto Motors Ltd,BSE,stock,INE392H01026,Process Industries,Chemicals: Agricultural,Materials,accept
KEY,XETRA,KEYCORP              DL 1,KEY,KeyCorp,XETR,stock,US4932671088,Finance,Major Banks,Financials,accept
KEYFINSERV,BSE_IN,Keynote Financial Services Ltd,KEYFINSERV,Keynote Financial Services Limited,BSE,stock,INE681C01015,Finance,Investment Banks/Brokers,Financials,accept
KFINTECH,BSE_IN,KFin Technologies Ltd,KFINTECH,Kfin Technologies Limited,BSE,stock,INE138Y01010,Technology Services,Packaged Software,Information Technology,accept
KHADIM,BSE_IN,Khadim India Ltd,KHADIM,Khadim India Limited,BSE,stock,INE834I01025,Consumer Non-Durables,Apparel/Footwear,Consumer Staples,accept
KHAICHEM,BSE_IN,Khaitan Chemicals & Fertilizers Ltd,KHAICHEM,Khaitan Chemicals & Fertilizers Ltd.,BSE,stock,INE745B01028,Process Industries,Chemicals: Agricultural,Materials,accept
KHAITANLTD,BSE_IN,Khaitan (India) Ltd,KHAITANLTD,Khaitan India Ltd.,BSE,stock,INE731C01018,Consumer Durables,Electronics/Appliances,Consumer Discretionary,accept
KHANDSE,BSE_IN,Khandwala Securities Ltd,KHANDSE,Khandwala Securities Limited,BSE,stock,INE060B01014,Finance,Investment Banks/Brokers,Financials,accept
KHERIAAUTO,NSE_IN,Kheria Autocomp Limited,KHERIAAUTO,Kheria Autocomp Limited,NSE,stock,INE0HOL01013,Producer Manufacturing,Industrial Machinery,Industrials,accept
KICL,BSE_IN,Kalyani Investment Company Ltd,KICL,Kalyani Investment Co. Ltd.,BSE,stock,INE029L01018,Finance,Financial Conglomerates,,unsupported_sector
KILITCH,BSE_IN,Kilitch Drugs India Ltd,KILITCH,Kilitch Drugs (India) Limited,BSE,stock,INE729D01010,Health Technology,Pharmaceuticals: Major,Health Care,accept
KIMS,BSE_IN,Krishna Institute of Medical Sciences Ltd,KIMS,Krishna Institute of Medical Sciences Limited,BSE,stock,INE967H01025,Health Services,Hospital/Nursing Management,Health Care,accept
KINGFA,BSE_IN,Kingfa Science & Technology (India) Ltd,KINGFA,Kingfa Science & Technology (India) Limited,BSE,stock,INE473D01015,Process Industries,Chemicals: Specialty,Materials,accept
KIOCL,BSE_IN,KIOCL Ltd,KIOCL,KIOCL Ltd,BSE,stock,INE880L01014,Non-Energy Minerals,Steel,Materials,accept
KIRANVYPAR,NSE_IN,Kiran Vyapar Limited,KIRANVYPAR,Kiran Vyapar Ltd.,NSE,stock,INE555P01013,Finance,Investment Banks/Brokers,Financials,accept
KIRIINDUS,BSE_IN,Kiri Industries Ltd,KIRIINDUS,Kiri Industries Limited,BSE,stock,INE415I01015,Process Industries,Chemicals: Specialty,Materials,accept
KIRLFER,NSE_IN,Kirloskar Ferrous Industries Limited,KIRLFER,Kirloskar Ferrous Industries Ltd.,NSE,stock,INE884B01025,Non-Energy Minerals,Steel,Materials,accept
KIRLOSBROS,BSE_IN,Kirloskar Brothers Ltd,KIRLOSBROS,Kirloskar Brothers Ltd.,BSE,stock,INE732A01036,Producer Manufacturing,Industrial Machinery,Industrials,accept
KIRLOSENG,BSE_IN,Kirloskar Oil Engines Ltd,KIRLOSENG,Kirloskar Oil Engines Limited,BSE,stock,INE146L01010,Producer Manufacturing,Electrical Products,Industrials,accept
KIRLOSIND,BSE_IN,Kirloskar Industries Ltd,KIRLOSIND,Kirloskar Industries Limited,BSE,stock,INE250A01039,Non-Energy Minerals,Steel,Materials,accept
KIRLPNU,BSE_IN,Kirloskar Pneumatic Company Ltd,KIRLPNU,Kirloskar Pneumatic Co. Ltd.,BSE,stock,INE811A01038,Producer Manufacturing,Industrial Machinery,Industrials,accept
KISSHT,BSE_IN,OnEMI Technology Solutions Ltd,KISSHT,Onemi Technology Solutions Limited,BSE,stock,INE12F801023,Finance,Finance/Rental/Leasing,Financials,accept
KISSHT,NSE_IN,OnEMI Technology Solutions Limited,KISSHT,Onemi Technology Solutions Limited,NSE,stock,INE12F801023,Finance,Finance/Rental/Leasing,Financials,accept
KITEX,BSE_IN,Kitex Garments Ltd,KITEX,Kitex Garments Limited,BSE,stock,INE602G01020,Process Industries,Textiles,Materials,accept
KIY,XETRA,"KIRBY CORP.       DL 0,10",KIY,Kirby Corporation,XETR,stock,US4972661064,Transportation,Marine Shipping,Industrials,accept
KJMCFIN,NSE_IN,KJMC Financial Services Limited,KJMCFIN,KJMC Financial Services Limited,NSE,stock,INE533C01018,Finance,Investment Banks/Brokers,Financials,accept
KK3A,XETRA,"CYTOKINETICS INC. DL-,001",KK3A,"Cytokinetics, Incorporated",XETR,stock,US23282W6057,Health Technology,Pharmaceuticals: Major,Health Care,accept
KKCL,BSE_IN,Kewal Kiran Clothing Ltd,KKCL,Kewal Kiran Clothing Limited,BSE,stock,INE401H01017,Consumer Non-Durables,Apparel/Footwear,Consumer Staples,accept
KLASSROOM,BSE_IN,Fusion Klassroom Edutech Ltd,KLASSROOM,Fusion Klassroom Edutech Ltd.,BSE,stock,INE1LMA01010,Technology Services,Packaged Software,Information Technology,accept
KLBRENG-B,NSE_IN,Kilburn Engineering Limited,,,,,,,,,no_tradingview_match
KMCSHIL,NSE_IN,K M C Speciality Hospitals (India) Limited,KMCSHIL,KMC Speciality Hospitals (India) Limited,NSE,stock,INE879K01018,Health Services,Hospital/Nursing Management,Health Care,accept
KMEW,NSE_IN,Knowledge Marine & Engineering Works Limited,KMEW,Knowledge Marine & Engineering Works Limited,NSE,stock,INE0CJD01029,Producer Manufacturing,Trucks/Construction/Farm Machinery,Industrials,accept
KMSUGAR,BSE_IN,K M Sugar Mills Ltd,KMSUGAR,K.M. Sugar Mills Ltd.,BSE,stock,INE157H01023,Process Industries,Agricultural Commodities/Milling,Consumer Staples,accept
KNACK,BSE_IN,Knack Packaging Ltd,KNACK,Knack Packaging Limited,BSE,stock,INE17QZ01016,Process Industries,Containers/Packaging,Materials,accept
KNACK,NSE_IN,Knack Packaging Limited,KNACK,Knack Packaging Limited,NSE,stock,INE17QZ01016,Process Industries,Containers/Packaging,Materials,accept
KNRCON,BSE_IN,KNR Constructions Ltd,KNRCON,KNR Constructions Limited,BSE,stock,INE634I01029,Industrial Services,Engineering & Construction,Industrials,accept
KOG,XETRA,KROGER CO.           DL 1,KOG,Kroger Co.,XETR,stock,US5010441013,Retail Trade,Food Retail,Consumer Staples,accept
KOHINOOR,BSE_IN,Kohinoor Foods Ltd,KOHINOOR,Kohinoor Foods Limited.,BSE,stock,INE080B01012,Process Industries,Agricultural Commodities/Milling,Consumer Staples,accept
KOIYAIN,BSE_IN,Koiya International Ltd,KOIYAIN,Koiya International Limited,BSE,stock,INE149B01015,Technology Services,Information Technology Services,Information Technology,accept
KOKUYOCMLN,BSE_IN,Kokuyo Camlin Ltd,KOKUYOCMLN,Kokuyo Camlin Limited,BSE,stock,INE760A01029,Consumer Durables,Tools & Hardware,Consumer Discretionary,accept
KOLTEPATIL,BSE_IN,Kolte-Patil Developers Ltd,KOLTEPATIL,Kolte-Patil Developers Limited,BSE,stock,INE094I01018,Finance,Real Estate Development,Real Estate,accept
KOPRAN,BSE_IN,Kopran Ltd,KOPRAN,Kopran Limited,BSE,stock,INE082A01010,Health Technology,Pharmaceuticals: Major,Health Care,accept
KOTAKBANK,BSE_IN,Kotak Mahindra Bank Ltd,KOTAKBANK,Kotak Mahindra Bank Limited,BSE,stock,INE237A01036,Finance,Major Banks,Financials,accept
KOTHARIPRO,BSE_IN,Kothari Products Ltd,KOTHARIPRO,Kothari Products Limited.,BSE,stock,INE823A01017,Distribution Services,Wholesale Distributors,Industrials,accept
KOTIC,NSE_IN,Kothari Industrial Corporation Limited,KOTIC,Kothari Industrial Corp. Ltd.,NSE,stock,INE972A01020,Process Industries,Chemicals: Agricultural,Materials,accept
KOTYARK,BSE_IN,Kotyark Industries Ltd,KOTYARK,Kotyark Industries Ltd.,BSE,stock,INE0J0B01017,Process Industries,Industrial Specialties,Materials,accept
KOTYARK,NSE_IN,Kotyark Industries Limited,KOTYARK,Kotyark Industries Ltd.,NSE,stock,INE0J0B01017,Process Industries,Industrial Specialties,Materials,accept
KOVAI,NSE_IN,Kovai Medical Center & Hospital Limited,KOVAI,Kovai Medical Center & Hospital Ltd.,NSE,stock,INE177F01017,Health Services,Hospital/Nursing Management,Health Care,accept
KPEL,BSE_IN,K.P. Energy Ltd,KPEL,K.P. Energy Ltd.,BSE,stock,INE127T01021,Utilities,Alternative Power Generation,Utilities,accept
KPEL,NSE_IN,K.P. Energy Limited,KPEL,K.P. Energy Ltd.,NSE,stock,INE127T01021,Utilities,Alternative Power Generation,Utilities,accept
KPIGREEN,BSE_IN,KPI Green Energy Ltd,KPIGREEN,KPI Green Energy Limited,BSE,stock,INE542W01025,Utilities,Alternative Power Generation,Utilities,accept
KPIL,BSE_IN,Kalpataru Projects International Ltd,KPIL,Kalpataru Projects International Limited,BSE,stock,INE220B01022,Industrial Services,Engineering & Construction,Industrials,accept
KPITTECH,BSE_IN,KPIT Technologies Ltd,KPITTECH,KPIT Technologies Limited,BSE,stock,INE04I401011,Technology Services,Packaged Software,Information Technology,accept
KPL,BSE_IN,Kwality Pharmaceuticals Ltd,KPL,Kwality Pharmaceuticals Ltd,BSE,stock,INE552U01010,Health Technology,Pharmaceuticals: Major,Health Care,accept
KPN,XETRA,KON. KPN NV         EO-04,KPN,Royal KPN NV,XETR,stock,NL0000009082,Communications,Major Telecommunications,Communication Services,accept
KPRMILL,BSE_IN,K.P.R. Mill Limited,KPRMILL,K.P.R. Mill Limited,BSE,stock,INE930H01031,Consumer Non-Durables,Apparel/Footwear,Consumer Staples,accept
KRATIKAL,BSE_IN,Kratikal Tech Ltd,KRATIKAL,Kratikal Tech Limited,BSE,stock,INE1L0M01019,Technology Services,Packaged Software,Information Technology,accept
KRBL,BSE_IN,KRBL Ltd,KRBL,KRBL Limited,BSE,stock,INE001B01026,Process Industries,Agricultural Commodities/Milling,Consumer Staples,accept
KREBSBIO,BSE_IN,Krebs Biochemicals & Industries Ltd,KREBSBIO,Krebs Biochemicals & Industries Ltd.,BSE,stock,INE268B01013,Health Technology,Pharmaceuticals: Major,Health Care,accept
KRIDHANINF,BSE_IN,Kridhan Infra Ltd,KRIDHANINF,Kridhan Infra Limited,BSE,stock,INE524L01026,Non-Energy Minerals,Steel,Materials,accept
KRISHIVAL,BSE_IN,Krishival Foods Ltd,KRISHIVAL,Krishival Foods Limited,BSE,stock,INE0GGO01015,Process Industries,Agricultural Commodities/Milling,Consumer Staples,accept
KRISHIVAL,NSE_IN,Krishival Foods Limited,KRISHIVAL,Krishival Foods Limited,NSE,stock,INE0GGO01015,Process Industries,Agricultural Commodities/Milling,Consumer Staples,accept
KRITI,BSE_IN,Kriti Industries India Ltd,KRITI,Kriti Industries (India) Ltd.,BSE,stock,INE479D01038,Producer Manufacturing,Miscellaneous Manufacturing,Industrials,accept
KRITINUT,BSE_IN,Kriti Nutrients Ltd,KRITINUT,Kriti Nutrients Limited,BSE,stock,INE798K01010,Process Industries,Agricultural Commodities/Milling,Consumer Staples,accept
KRONOX,BSE_IN,Kronox Lab Sciences Ltd,KRONOX,Kronox Lab Sciences Limited,BSE,stock,INE0ATZ01017,Process Industries,Chemicals: Specialty,Materials,accept
KRONOX,NSE_IN,Kronox Lab Sciences Limited,KRONOX,Kronox Lab Sciences Limited,NSE,stock,INE0ATZ01017,Process Industries,Chemicals: Specialty,Materials,accept
KROSS,BSE_IN,Kross Ltd,KROSS,Kross Limited,BSE,stock,INE0O6601022,Producer Manufacturing,Auto Parts: OEM,Industrials,accept
KROSS,NSE_IN,Kross Limited,KROSS,Kross Limited,NSE,stock,INE0O6601022,Producer Manufacturing,Auto Parts: OEM,Industrials,accept
KRSA,NASDAQ,"Korsana Biosciences, Inc. - Common Stock",KRSA,"Korsana Biosciences, Inc.",NASDAQ,stock,US23255M3034,Health Technology,Biotechnology,Health Care,accept
KRSNAA,BSE_IN,Krsnaa Diagnostics Ltd,KRSNAA,Krsnaa Diagnostics Limited,BSE,stock,INE08LI01020,Health Services,Medical/Nursing Services,Health Care,accept
KRYSTAL,BSE_IN,Krystal Integrated Services Ltd,KRYSTAL,Krystal Integrated Services Ltd.,BSE,stock,INE0QN801017,Commercial Services,Miscellaneous Commercial Services,Industrials,accept
KRYSTAL,NSE_IN,Krystal Integrated Services Limited,KRYSTAL,Krystal Integrated Services Ltd.,NSE,stock,INE0QN801017,Commercial Services,Miscellaneous Commercial Services,Industrials,accept
KSCL,BSE_IN,Kaveri Seed Company Ltd,KSCL,Kaveri Seed Co. Ltd.,BSE,stock,INE455I01029,Process Industries,Agricultural Commodities/Milling,Consumer Staples,accept
KSE,NSE_IN,KSE Limited,KSE,KSE Ltd.,NSE,stock,INE953E01022,Process Industries,Agricultural Commodities/Milling,Consumer Staples,accept
KSHINTL,BSE_IN,KSH International Ltd,KSHINTL,KSH International Ltd.,BSE,stock,INE987S01020,Producer Manufacturing,Electrical Products,Industrials,accept
KSHINTL,NSE_IN,KSH International Limited,KSHINTL,KSH International Ltd.,NSE,stock,INE987S01020,Producer Manufacturing,Electrical Products,Industrials,accept
KSHITIJPOL,NSE_IN,Kshitij Polyline Limited,KSHITIJPOL,Kshitij Polyline Ltd.,NSE,stock,INE013801027,Process Industries,Containers/Packaging,Materials,accept
KSL,BSE_IN,Kalyani Steels Ltd,KSL,Kalyani Steels Ltd,BSE,stock,INE907A01026,Non-Energy Minerals,Steel,Materials,accept
KSOLVES,BSE_IN,Ksolves India Ltd,KSOLVES,Ksolves India Ltd,BSE,stock,INE0D6I01023,Technology Services,Packaged Software,Information Technology,accept
KSR,NSE_IN,KSR Footwear Limited,KSR,KSR Footwear Ltd,NSE,stock,INE1SPP01016,Consumer Non-Durables,Apparel/Footwear,Consumer Staples,accept
KSX,XETRA,KNIGHT-SWIFT TR. HLDGS A,KSX,Knight-Swift Transportation Holdings Inc. Class A,XETR,stock,US4990491049,Transportation,Trucking,Industrials,accept
KTKBANK,BSE_IN,Karnataka Bank Ltd,KTKBANK,Karnataka Bank Ltd.,BSE,stock,INE614B01018,Finance,Regional Banks,Financials,accept
KUANTUM,BSE_IN,Kuantum Papers Ltd,KUANTUM,Kuantum Papers Limited,BSE,stock,INE529I01021,Process Industries,Pulp & Paper,Materials,accept
KUSUMGAR,BSE_IN,Kusumgar Ltd,KUSUMGAR,Kusumgar Ltd.,BSE,stock,INE0ISX01025,Process Industries,Textiles,Materials,accept
KUSUMGAR,NSE_IN,Kusumgar Limited,KUSUMGAR,Kusumgar Ltd.,NSE,stock,INE0ISX01025,Process Industries,Textiles,Materials,accept
KWICK,BSE_IN,Kwick Forensic Solutions Ltd,KWICK,Kwick Forensic Solutions Limited,BSE,stock,INE1SFA01019,Health Technology,Medical Specialties,Health Care,accept
KWIL,BSE_IN,Kwality Walls (India) Ltd,KWIL,Kwality Walls (India) Limited,BSE,stock,INE2KCE01013,Consumer Non-Durables,Food: Meat/Fish/Dairy,Consumer Staples,accept
KY6,XETRA,INTERACTIVE BROKERS DL-01,KY6,"Interactive Brokers Group, Inc. Class A",XETR,stock,US45841N1072,Finance,Investment Banks/Brokers,Financials,accept
L0T,XETRA,"GE HEALTHC.TECH.INC. -,01",L0T,GE Healthcare Technologies Inc.,XETR,stock,US36266G1076,Health Technology,Medical Specialties,Health Care,accept
L10,XETRA,MEDLINE INC.   CL. A O.N.,L10,"Medline, Inc. Class A",XETR,stock,US58507V1070,Health Technology,Medical Specialties,Health Care,accept
LA5,XETRA,"SILICON LABS INC.DL-,0001",LA5,Silicon Laboratories Inc.,XETR,stock,US8269191024,Electronic Technology,Semiconductors,Information Technology,accept
LADDERUP,NSE_IN,Ladderup Finance Limited,LADDERUP,Ladderup Finance Limited,NSE,stock,INE519D01015,Finance,Investment Managers,Financials,accept
LAHOTIOV,NSE_IN,Lahoti Overseas Limited,LAHOTIOV,Lahoti Overseas Limited,NSE,stock,INE515C01023,Process Industries,Textiles,Materials,accept
LAKPRE,NSE_IN,Lakshmi Precision Screws Limited,LAKPRE,Lakshmi Precision Screws Limited,NSE,stock,INE651C01018,Producer Manufacturing,Metal Fabrication,Industrials,accept
LAKSHMIMIL,NSE_IN,Lakshmi Mills Company Limited,LAKSHMIMIL,Lakshmi Mills Co. Ltd.,NSE,stock,INE938C01019,Process Industries,Textiles,Materials,accept
LAL,NSE_IN,Lorenzini Apparels Limited,LAL,Lorenzini Apparels Ltd.,NSE,stock,INE740X01023,Consumer Non-Durables,Apparel/Footwear,Consumer Staples,accept
LALITHAA,BSE_IN,Lalithaa Jewellery Mart Ltd,LALITHAA,Lalithaa Jewellery Mart Limited,BSE,stock,INE0K9O01026,Retail Trade,Specialty Stores,Consumer Discretionary,accept
LALITHAA,NSE_IN,Lalithaa Jewellery Mart Limited,LALITHAA,Lalithaa Jewellery Mart Limited,NSE,stock,INE0K9O01026,Retail Trade,Specialty Stores,Consumer Discretionary,accept
LAMBODHARA,BSE_IN,Lambodhara Textile Ltd,LAMBODHARA,Lambodhara Textiles Ltd.,BSE,stock,INE112F01022,Process Industries,Textiles,Materials,accept
LANCER,NSE_IN,Lancer Container Lines Limited,LANCER,Lancer Container Lines Ltd,NSE,stock,INE359U01028,Transportation,Marine Shipping,Industrials,accept
LANCORHOL,NSE_IN,Lancor Holdings Limited,LANCORHOL,Lancor Holdings Limited,NSE,stock,INE572G01025,Finance,Real Estate Development,Real Estate,accept
LANDMARK,BSE_IN,Landmark Cars Ltd,LANDMARK,Landmark Cars Ltd.,BSE,stock,INE559R01029,Retail Trade,Specialty Stores,Consumer Discretionary,accept
LANDSMILL,BSE_IN,Landsmill Green Ltd,LANDSMILL,Landsmill Green Ltd,BSE,stock,INE688J01023,Commercial Services,Miscellaneous Commercial Services,Industrials,accept
LAOPALA,BSE_IN,La Opala RG Ltd,LAOPALA,La Opala RG Ltd.,BSE,stock,INE059D01020,Consumer Durables,Home Furnishings,Consumer Discretionary,accept
LAPL,BSE_IN,LAPL Automotive Ltd,LAPL,LAPL Automotive Ltd.,BSE,stock,INE0X9I01023,Producer Manufacturing,Auto Parts: OEM,Industrials,accept
LASA,BSE_IN,Lasa Supergenerics Ltd,LASA,Lasa Supergenerics Ltd.,BSE,stock,INE670X01014,Health Technology,Pharmaceuticals: Major,Health Care,accept
LASERPOWER,BSE_IN,Laser Power & Infra Ltd,LASERPOWER,Laser Power & Infra Limited,BSE,stock,INE17IR01028,Producer Manufacturing,Electrical Products,Industrials,accept
LASERPOWER,NSE_IN,Laser Power & Infra Limited,LASERPOWER,Laser Power & Infra Limited,NSE,stock,INE17IR01028,Producer Manufacturing,Electrical Products,Industrials,accept
LATENTVIEW,BSE_IN,Latent View Analytics Ltd,LATENTVIEW,Latent View Analytics Limited,BSE,stock,INE0I7C01011,Commercial Services,Miscellaneous Commercial Services,Industrials,accept
LAURUSLABS,BSE_IN,Laurus Labs Ltd,LAURUSLABS,Laurus Labs Ltd.,BSE,stock,INE947Q01028,Health Technology,Pharmaceuticals: Major,Health Care,accept
LAXMIDENTL,BSE_IN,Laxmi Dental Ltd,LAXMIDENTL,Laxmi Dental Ltd.,BSE,stock,INE0WO601020,Health Services,Medical/Nursing Services,Health Care,accept
LAXMIDENTL,NSE_IN,Laxmi Dental Limited,LAXMIDENTL,Laxmi Dental Ltd.,NSE,stock,INE0WO601020,Health Services,Medical/Nursing Services,Health Care,accept
LAXMIINDIA,BSE_IN,Laxmi India Finance Ltd,LAXMIINDIA,Laxmi India Finance Limited,BSE,stock,INE06WU01026,Finance,Finance/Rental/Leasing,Financials,accept
LAXMIINDIA,NSE_IN,Laxmi India Finance Limited,LAXMIINDIA,Laxmi India Finance Limited,NSE,stock,INE06WU01026,Finance,Finance/Rental/Leasing,Financials,accept
LCCINFOTEC,NSE_IN,LCC Infotech Limited,LCCINFOTEC,LCC Infotech Ltd.,NSE,stock,INE938A01021,Technology Services,Information Technology Services,Information Technology,accept
LCCPROJECT,BSE_IN,LCC Projects Ltd,LCCPROJECT,LCC Projects Limited,BSE,stock,INE1FPN01026,Industrial Services,Engineering & Construction,Industrials,accept
LCCPROJECT,NSE_IN,LCC Projects Limited,LCCPROJECT,LCC Projects Limited,NSE,stock,INE1FPN01026,Industrial Services,Engineering & Construction,Industrials,accept
LCO,XETRA,LINCOLN NATL,LCO,Lincoln National Corp,XETR,stock,US5341871094,Finance,Multi-Line Insurance,Financials,accept
LCR,XETRA,"LAS VEGAS SANDS   DL-,001",LCR,Las Vegas Sands Corp.,XETR,stock,US5178341070,Consumer Services,Casinos/Gaming,Consumer Discretionary,accept
LDS,XETRA,"LANDSTAR SYS       DL-,01",LDS,"Landstar System, Inc.",XETR,stock,US5150981018,Transportation,Trucking,Industrials,accept
LE0,XETRA,"LEMONADE INC.  DL-,00001",LE0,Lemonade Inc,XETR,stock,US52567D1072,Finance,Multi-Line Insurance,Financials,accept
LEAPIND,BSE_IN,LEAP India Ltd,LEAPIND,LEAP India Limited,BSE,stock,INE00GO01025,Transportation,Air Freight/Couriers,Industrials,accept
LEAPIND,NSE_IN,LEAP India Limited,LEAPIND,LEAP India Limited,NSE,stock,INE00GO01025,Transportation,Air Freight/Couriers,Industrials,accept
LEENEE,NSE_IN,Lee & Nee Softwares Exports Limited,LEENEE,Lee & Nee Softwares (Exports) Ltd,NSE,stock,INE791B01014,Technology Services,Information Technology Services,Information Technology,accept
LEMONTREE,BSE_IN,Lemon Tree Hotels Ltd,LEMONTREE,Lemon Tree Hotels Ltd.,BSE,stock,INE970X01018,Consumer Services,Hotels/Resorts/Cruise lines,Consumer Discretionary,accept
LENSKART,BSE_IN,Lenskart Solutions Ltd,LENSKART,Lenskart Solutions Limited,BSE,stock,INE956O01016,Health Technology,Medical Specialties,Health Care,accept
LEXGLOBAL,BSE_IN,Lexora Global Ltd,LEXGLOBAL,Lexora Global Ltd,BSE,stock,INE745A01012,Finance,Financial Conglomerates,,unsupported_sector
LGBBROSLTD,BSE_IN,LG Balakrishnan & Bros Ltd,LGBBROSLTD,L.G. Balakrishnan & Bros Ltd.,BSE,stock,INE337A01034,Producer Manufacturing,Electrical Products,Industrials,accept
LGEINDIA,BSE_IN,LG Electronics India Ltd,LGEINDIA,LG Electronics India Limited,BSE,stock,INE324D01010,Consumer Durables,Electronics/Appliances,Consumer Discretionary,accept
LGEINDIA,NSE_IN,LG Electronics India Limited,LGEINDIA,LG Electronics India Limited,NSE,stock,INE324D01010,Consumer Durables,Electronics/Appliances,Consumer Discretionary,accept
LGI,XETRA,"LEGAL GENL GRP PLCLS-,025",LGI,Legal & General Group Plc,XETR,stock,GB0005603997,Finance,Multi-Line Insurance,Financials,accept
LHA,BVB,DEUTSCHE LUFTHANSA A.G.,LHA,Deutsche Lufthansa AG,BVB,stock,DE0008232125,Transportation,Airlines,Industrials,accept
LIBERTSHOE,BSE_IN,Liberty Shoes Ltd,LIBERTSHOE,Liberty Shoes Limited,BSE,stock,INE557B01019,Consumer Non-Durables,Apparel/Footwear,Consumer Staples,accept
LICHSGFIN,BSE_IN,LIC Housing Finance Ltd,LICHSGFIN,LIC Housing Finance Ltd,BSE,stock,INE115A01026,Finance,Finance/Rental/Leasing,Financials,accept
LICI,BSE_IN,Life Insurance Corporation of India,LICI,Life Insurance Corp. of India,BSE,stock,INE0J1Y01017,Finance,Life/Health Insurance,Financials,accept
LIKHITHA,NSE_IN,Likhitha Infrastructure Limited,LIKHITHA,Likhitha Infrastructure Ltd,NSE,stock,INE060901027,Industrial Services,Engineering & Construction,Industrials,accept
LINC,BSE_IN,Linc Ltd,LINC,Linc Limited,BSE,stock,INE802B01027,Consumer Non-Durables,Consumer Sundries,Consumer Staples,accept
LINCOLN,BSE_IN,Lincoln Pharmaceuticals Ltd,LINCOLN,Lincoln Pharmaceuticals Ltd,BSE,stock,INE405C01035,Health Technology,Pharmaceuticals: Major,Health Care,accept
LINDEINDIA,BSE_IN,Linde India Ltd,LINDEINDIA,Linde India Ltd.,BSE,stock,INE473A01011,Process Industries,Chemicals: Specialty,Materials,accept
LIOTECH,BSE_IN,Liotech Industries Ltd,LIOTECH,Liotech Industries Limited,BSE,stock,INE0TKX01011,Consumer Durables,Tools & Hardware,Consumer Discretionary,accept
LITO,BVB,LITORAL SA MAMAIA,LITO,Litoral SA Mamaia,BVB,stock,ROLITOACNOR9,Consumer Services,Other Consumer Services,Consumer Discretionary,accept
LIV,XETRA,"AUTOLIV INC.       DL-,01",LIV,Autoliv Inc.,XETR,stock,US0528001094,Producer Manufacturing,Auto Parts: OEM,Industrials,accept
LKPSEC,NSE_IN,LKP Securities Limited,LKPSEC,LKP Securities Limited,NSE,stock,INE341H01023,Finance,Investment Banks/Brokers,Financials,accept
LKQ1,XETRA,"LKQ CORP.          DL-,01",LKQ1,LKQ Corporation,XETR,stock,US5018892084,Consumer Durables,Automotive Aftermarket,Consumer Discretionary,accept
LLOYDSENGG,BSE_IN,Lloyds Engineering Works Ltd,LLOYDSENGG,Lloyds Engineering Works Ltd,BSE,stock,INE093R01011,Industrial Services,Engineering & Construction,Industrials,accept
LLOYDSENT,BSE_IN,Lloyds Enterprises Ltd,LLOYDSENT,Lloyds Enterprises Limited,BSE,stock,INE080I01025,Distribution Services,Wholesale Distributors,Industrials,accept
LLOYDSME,BSE_IN,Lloyds Metals and Energy Ltd,LLOYDSME,Lloyds Metals & Energy Ltd.,BSE,stock,INE281B01032,Non-Energy Minerals,Steel,Materials,accept
LLY,TSX,Eli Lilly CDR (CAD Hedged),LLY,Eli Lilly and Company Canadian Depositary Receipt,TSX,dr,CA28655A1066,Health Technology,Pharmaceuticals: Major,,asset_type_mismatch
LM0F,XETRA,LIBERTY MED.C FORMULA ONE,LM0F,Liberty Media Corporation Series C,XETR,stock,US5312297550,Technology Services,Internet Software/Services,Information Technology,accept
LMW,BSE_IN,LMW Ltd,LMW,LMW Limited,BSE,stock,INE269B01029,Producer Manufacturing,Industrial Machinery,Industrials,accept
LN3,XETRA,JEFFERIES FINL GRP   DL 1,LN3,Jefferies Financial Group Inc.,XETR,stock,US47233W1099,Finance,Investment Banks/Brokers,Financials,accept
LNE,XETRA,LINCOLN ELECTR. HLDGS,LNE,"Lincoln Electric Holdings, Inc.",XETR,stock,US5339001068,Producer Manufacturing,Industrial Machinery,Industrials,accept
LODHA,BSE_IN,Lodha Developers Ltd,LODHA,Lodha Developers Ltd.,BSE,stock,INE670K01029,Finance,Real Estate Development,Real Estate,accept
LOKESHMACH,BSE_IN,Lokesh Machines Ltd,LOKESHMACH,Lokesh Machines Ltd,BSE,stock,INE397H01017,Technology Services,Information Technology Services,Information Technology,accept
LORDSCHLO,NSE_IN,Lords Chloro Alkali Limited,LORDSCHLO,Lords Chloro Alkali Limited,NSE,stock,INE846D01012,Process Industries,Chemicals: Specialty,Materials,accept
LORDSMARK,BSE_IN,Lords Mark Industries Ltd,LORDSMARK,Lord's Mark Industries Limited,BSE,stock,INE567L01025,Finance,Investment Banks/Brokers,Financials,accept
LOTUSCHO,NSE_IN,Lotus Chocolate Company Limited,LOTUSCHO,Lotus Chocolate Co. Ltd.,NSE,stock,INE026D01011,Consumer Non-Durables,Food: Specialty/Candy,Consumer Staples,accept
LOTUSDEV,BSE_IN,Sri Lotus Developers and Realty Ltd,LOTUSDEV,Sri Lotus Developers and Realty Limited,BSE,stock,INE0V9Q01010,Finance,Real Estate Development,Real Estate,accept
LOTUSDEV,NSE_IN,Sri Lotus Developers and Realty Limited,LOTUSDEV,Sri Lotus Developers and Realty Limited,NSE,stock,INE0V9Q01010,Finance,Real Estate Development,Real Estate,accept
LOTUSEYE,BSE_IN,Lotus Eye Hospital And Institute Ltd,LOTUSEYE,Lotus Eye Hospital And Institute Ltd,BSE,stock,INE947I01017,Health Services,Medical/Nursing Services,Health Care,accept
LOVABLE,BSE_IN,Lovable Lingerie Ltd,LOVABLE,Lovable Lingerie Limited,BSE,stock,INE597L01014,Consumer Non-Durables,Apparel/Footwear,Consumer Staples,accept
LOYALTEX,NSE_IN,Loyal Textile Mills Limited,LOYALTEX,Loyal Textile Mills Limited,NSE,stock,INE970D01010,Process Industries,Textiles,Materials,accept
LP3,XETRA,LOUIS. PAC. CORP.    DL 1,LP3,Louisiana-Pacific Corporation,XETR,stock,US5463471053,Non-Energy Minerals,Forest Products,Materials,accept
LPDC,BSE_IN,Landmark Property Development Company Ltd,LPDC,Landmark Property Development Co. Ltd.,BSE,stock,INE197J01017,Finance,Real Estate Development,Real Estate,accept
LT,BSE_IN,Larsen & Toubro Ltd,LT,Larsen & Toubro Limited,BSE,stock,INE018A01030,Industrial Services,Engineering & Construction,Industrials,accept
LTF,BSE_IN,L&T Finance Ltd,LTF,L&T Finance Ltd,BSE,stock,INE498L01015,Finance,Finance/Rental/Leasing,Financials,accept
LTFOODS,BSE_IN,LT Foods Ltd,LTFOODS,LT Foods Limited,BSE,stock,INE818H01020,Process Industries,Agricultural Commodities/Milling,Consumer Staples,accept
LTGR,NASDAQ,Long Table Growth Corp. - Class A Ordinary Shares,LTGR,Long Table Growth Corp. Class A,NASDAQ,stock,KYG5701H1065,Finance,Financial Conglomerates,,unsupported_sector
LTM,BSE_IN,LTM Ltd,LTM,LTM Limited,BSE,stock,INE214T01019,Technology Services,Data Processing Services,Information Technology,accept
LTR,XETRA,LOEWS CORP.          DL 1,LTR,Loews Corporation,XETR,stock,US5404241086,Finance,Property/Casualty Insurance,Financials,accept
LTT,XETRA,"LATTICE SEMICOND.  DL-,01",LTT,Lattice Semiconductor Corporation,XETR,stock,US5184151042,Electronic Technology,Semiconductors,Information Technology,accept
LTTS,BSE_IN,L&T Technology Services Ltd,LTTS,L&T Technology Services Ltd.,BSE,stock,INE010V01017,Commercial Services,Miscellaneous Commercial Services,Industrials,accept
LUMAXIND,BSE_IN,Lumax Industries Ltd,LUMAXIND,Lumax Industries Limited,BSE,stock,INE162B01018,Producer Manufacturing,Auto Parts: OEM,Industrials,accept
LUMAXTECH,BSE_IN,Lumax Auto Technologies Ltd,LUMAXTECH,Lumax Auto Technologies Limited,BSE,stock,INE872H01027,Producer Manufacturing,Auto Parts: OEM,Industrials,accept
LUMINO,BSE_IN,Lumino Industries Ltd,LUMINO,Lumino Industries Limited,BSE,stock,INE185Q01025,Producer Manufacturing,Electrical Products,Industrials,accept
LUMINO,NSE_IN,Lumino Industries Limited,LUMINO,Lumino Industries Limited,NSE,stock,INE185Q01025,Producer Manufacturing,Electrical Products,Industrials,accept
LUPIN,BSE_IN,Lupin Ltd,LUPIN,Lupin Limited,BSE,stock,INE326A01037,Health Technology,Pharmaceuticals: Other,Health Care,accept
LUXIND,BSE_IN,Lux Industries Ltd,LUXIND,Lux Industries Ltd.,BSE,stock,INE150G01020,Consumer Non-Durables,Apparel/Footwear,Consumer Staples,accept
LUXURY,BSE_IN,Luxury Time Ltd,LUXURY,Luxury Time Limited,BSE,stock,INE1CJB01013,Consumer Durables,Other Consumer Specialties,Consumer Discretionary,accept
LWE,XETRA,"LOWE'S COS INC.    DL-,50",LWE,"Lowe's Companies, Inc.",XETR,stock,US5486611073,Retail Trade,Home Improvement Chains,Consumer Discretionary,accept
LXCHEM,BSE_IN,Laxmi Organic Industries Ltd,LXCHEM,Laxmi Organic Industries Ltd.,BSE,stock,INE576O01020,Process Industries,Chemicals: Specialty,Materials,accept
LXI,XETRA,"LENNOX INTL INC.   DL-,01",LXI,Lennox International Inc.,XETR,stock,US5261071071,Producer Manufacturing,Industrial Machinery,Industrials,accept
LYKALABS,BSE_IN,Lyka Labs Ltd,LYKALABS,Lyka Labs Limited,BSE,stock,INE933A01014,Health Technology,Pharmaceuticals: Other,Health Care,accept
M&M,BSE_IN,Mahindra & Mahindra Ltd,,,,,,,,,no_tradingview_match
M&MFIN,BSE_IN,Mahindra & Mahindra Financial Services Ltd,,,,,,,,,no_tradingview_match
MAANALU,BSE_IN,Maan Aluminium Ltd,MAANALU,Maan Aluminium Limited,BSE,stock,INE215I01027,Non-Energy Minerals,Aluminum,Materials,accept
MACHLTD,BSE_IN,Mach Travel Solutions Ltd,MACHLTD,Mach Travel Solutions Limited,BSE,stock,INE0UYT01018,Commercial Services,Miscellaneous Commercial Services,Industrials,accept
MADHAV,BSE_IN,Madhav Marbles & Granites Ltd,MADHAV,Madhav Marbles & Granites Ltd.,BSE,stock,INE925C01016,Non-Energy Minerals,Construction Materials,Materials,accept
MADHAVIPL,NSE_IN,Madhav Infra Projects Limited,MADHAVIPL,Madhav Infra Projects Ltd.,NSE,stock,INE631R01026,Utilities,Electric Utilities,Utilities,accept
MADHUCON,BSE_IN,Madhucon Projects Ltd,MADHUCON,Madhucon Projects Limited,BSE,stock,INE378D01032,Industrial Services,Engineering & Construction,Industrials,accept
MADHURKNIT,NSE_IN,Madhur Knit Crafts Limited,MADHURKNIT,Madhur Knit Crafts Limited,NSE,stock,INE1P5601010,Process Industries,Textiles,Materials,accept
MADRASFERT,BSE_IN,Madras Fertilizers Ltd,MADRASFERT,Madras Fertilizers Ltd,BSE,stock,INE414A01015,Process Industries,Chemicals: Agricultural,Materials,accept
MAFATIND,NSE_IN,Mafatlal Industries Limited,MAFATIND,Mafatlal Industries Limited,NSE,stock,INE270B01035,Process Industries,Textiles,Materials,accept
MAGADSUGAR,BSE_IN,Magadh Sugar & Energy Ltd,MAGADSUGAR,Magadh Sugar & Energy Ltd.,BSE,stock,INE347W01011,Process Industries,Agricultural Commodities/Milling,Consumer Staples,accept
MAGNUM,BSE_IN,Magnum Ventures Ltd,MAGNUM,Magnum Ventures Limited.,BSE,stock,INE387I01016,Process Industries,Pulp & Paper,Materials,accept
MAHABANK,BSE_IN,Bank of Maharashtra,MAHABANK,Bank of Maharashtra,BSE,stock,INE457A01014,Finance,Major Banks,Financials,accept
MAHAPEXLTD,BSE_IN,Maha Rashtra Apex Corporation Ltd,MAHAPEXLTD,Maha Rashtra Apex Corporation Limited,BSE,stock,INE843B01013,Finance,Finance/Rental/Leasing,Financials,accept
MAHASTEEL,NSE_IN,Mahamaya Steel Industries Limited,MAHASTEEL,Mahamaya Steel Industries Ltd.,NSE,stock,INE451L01014,Non-Energy Minerals,Steel,Materials,accept
MAHEPC,BSE_IN,Mahindra EPC Irrigation Ltd,MAHEPC,Mahindra EPC Irrigation Limited,BSE,stock,INE215D01010,Producer Manufacturing,Trucks/Construction/Farm Machinery,Industrials,accept
MAHLIFE,BSE_IN,Mahindra Lifespace Developers Ltd,MAHLIFE,Mahindra Lifespace Developers Limited,BSE,stock,INE813A01018,Finance,Real Estate Development,Real Estate,accept
MAHLOG,BSE_IN,Mahindra Logistics Ltd,MAHLOG,Mahindra Logistics Ltd.,BSE,stock,INE766P01016,Transportation,Air Freight/Couriers,Industrials,accept
MAHSCOOTER,BSE_IN,Maharashtra Scooters Ltd,MAHSCOOTER,Maharashtra Scooters Ltd,BSE,stock,INE288A01013,Finance,Financial Conglomerates,,unsupported_sector
MAHSEAMLES,BSE_IN,Maharashtra Seamless Ltd,MAHSEAMLES,Maharashtra Seamless Limited,BSE,stock,INE271B01025,Non-Energy Minerals,Steel,Materials,accept
MAITHANALL,BSE_IN,Maithan Alloys Ltd,MAITHANALL,Maithan Alloys Ltd.,BSE,stock,INE683C01011,Non-Energy Minerals,Other Metals/Minerals,Materials,accept
MAJESAUT,NSE_IN,Majestic Auto Limited,MAJESAUT,Majestic Auto Limited,NSE,stock,INE201B01022,Commercial Services,Miscellaneous Commercial Services,Industrials,accept
MAKERSL,NSE_IN,Makers Laboratories Limited,MAKERSL,Makers Laboratories Ltd,NSE,stock,INE987A01010,Health Technology,Pharmaceuticals: Major,Health Care,accept
MALA,BSE_IN,Shree Balaji (Mala) Textiles Ltd,MALA,Shree Balaji (Mala) Textiles Limited,BSE,stock,INE1N3Y01016,Process Industries,Textiles,Materials,accept
MALI,BVB,COMALIM SA ARAD,MALI,Comalim SA,BVB,stock,ROMALIACNOR3,Distribution Services,Food Distributors,Consumer Staples,accept
MALLCOM,BSE_IN,Mallcom (India) Ltd,MALLCOM,Mallcom (India) Ltd.,BSE,stock,INE389C01015,Consumer Non-Durables,Apparel/Footwear,Consumer Staples,accept
MALTLAND,BSE_IN,Malt Land Distilleries Ltd,MALTLAND,Malt Land Distilleries Limited,BSE,stock,INE994N01019,Finance,Investment Banks/Brokers,Financials,accept
MALUPAPER,BSE_IN,Malu Paper Mills Ltd,MALUPAPER,Malu Paper Mills Limited,BSE,stock,INE383H01017,Process Industries,Pulp & Paper,Materials,accept
MAMATA,BSE_IN,Mamata Machinery Ltd,MAMATA,Mamata Machinery Ltd.,BSE,stock,INE0TO701015,Producer Manufacturing,Industrial Machinery,Industrials,accept
MAMATA,NSE_IN,Mamata Machinery Limited,MAMATA,Mamata Machinery Ltd.,NSE,stock,INE0TO701015,Producer Manufacturing,Industrial Machinery,Industrials,accept
MANAKALUCO,NSE_IN,Manaksia Aluminium Company Limited,MANAKALUCO,Manaksia Aluminium Company Ltd,NSE,stock,INE859Q01017,Non-Energy Minerals,Other Metals/Minerals,Materials,accept
MANAKCOAT,BSE_IN,Manaksia Coated Metals & Industries Ltd,MANAKCOAT,Manaksia Coated Metals & Industries Ltd,BSE,stock,INE830Q01018,Non-Energy Minerals,Steel,Materials,accept
MANAKSIA,BSE_IN,Manaksia Ltd,MANAKSIA,Manaksia Limited,BSE,stock,INE015D01022,Non-Energy Minerals,Steel,Materials,accept
MANAKSTEEL,BSE_IN,Manaksia Steels Ltd,MANAKSTEEL,Manaksia Steels Ltd,BSE,stock,INE824Q01011,Non-Energy Minerals,Steel,Materials,accept
MANALIPETC,BSE_IN,Manali Petrochemicals Ltd,MANALIPETC,Manali Petrochemicals Limited,BSE,stock,INE201A01024,Process Industries,Chemicals: Specialty,Materials,accept
MANAPPURAM,BSE_IN,Manappuram Finance Ltd,MANAPPURAM,Manappuram Finance Limited,BSE,stock,INE522D01027,Finance,Finance/Rental/Leasing,Financials,accept
MANBA,BSE_IN,Manba Finance Ltd,MANBA,Manba Finance Limited,BSE,stock,INE939X01013,Finance,Finance/Rental/Leasing,Financials,accept
MANBA,NSE_IN,Manba Finance Limited,MANBA,Manba Finance Limited,NSE,stock,INE939X01013,Finance,Finance/Rental/Leasing,Financials,accept
MANCREDIT,BSE_IN,Mangal Credit and Fincorp Ltd,MANCREDIT,Mangal Credit & Fincorp Ltd.,BSE,stock,INE545L01039,Finance,Finance/Rental/Leasing,Financials,accept
MANGALAM,NSE_IN,Mangalam Drugs And Organics Limited,MANGALAM,Mangalam Drugs & Organics Ltd.,NSE,stock,INE584F01014,Health Technology,Pharmaceuticals: Major,Health Care,accept
MANGLAM,BSE_IN,Manglam Global Corporations Ltd,MANGLAM,Manglam Global Corporations Limited,BSE,stock,INE733N01011,Distribution Services,Wholesale Distributors,Industrials,accept
MANGLMCEM,BSE_IN,Mangalam Cement Ltd,MANGLMCEM,Mangalam Cement Ltd,BSE,stock,INE347A01017,Non-Energy Minerals,Construction Materials,Materials,accept
MANIKA,BSE_IN,Manika Plastech Ltd,MANIKA,Manika Plastech Limited,BSE,stock,INE0KWF01020,Process Industries,Containers/Packaging,Materials,accept
MANIKA,NSE_IN,Manika Plastech Limited,MANIKA,Manika Plastech Limited,NSE,stock,INE0KWF01020,Process Industries,Containers/Packaging,Materials,accept
MANINDS,BSE_IN,Man Industries (India) Ltd,MANINDS,Man Industries (India) Limited,BSE,stock,INE993A01026,Producer Manufacturing,Industrial Machinery,Industrials,accept
MANINFRA,BSE_IN,Man Infraconstruction Ltd,MANINFRA,Man Infraconstruction Limited,BSE,stock,INE949H01023,Finance,Real Estate Development,Real Estate,accept
MANIPALHOS,BSE_IN,Manipal Health Enterprises Ltd,MANIPALHOS,Manipal Health Enterprises Limited,BSE,stock,INE459N01021,Health Services,Hospital/Nursing Management,Health Care,accept
MANIPALHOS,NSE_IN,Manipal Health Enterprises Limited,MANIPALHOS,Manipal Health Enterprises Limited,NSE,stock,INE459N01021,Health Services,Hospital/Nursing Management,Health Care,accept
MANIVENI,BSE_IN,M.R.Maniveni Foods Ltd,MANIVENI,M R Maniveni Foods Limited,BSE,stock,INE0YD301010,Process Industries,Agricultural Commodities/Milling,Consumer Staples,accept
MANKIND,BSE_IN,Mankind Pharma Ltd,MANKIND,Mankind Pharma Ltd.,BSE,stock,INE634S01028,Health Technology,Pharmaceuticals: Major,Health Care,accept
MANOMAY,NSE_IN,Manomay Tex India Limited,MANOMAY,Manomay Tex India Ltd.,NSE,stock,INE784W01015,Process Industries,Textiles,Materials,accept
MANORAMA,BSE_IN,Manorama Industries Ltd,MANORAMA,Manorama Industries Ltd.,BSE,stock,INE00VM01036,Consumer Non-Durables,Food: Specialty/Candy,Consumer Staples,accept
MANORG,BSE_IN,Mangalam Organics Ltd,MANORG,Mangalam Organics Ltd,BSE,stock,INE370D01013,Process Industries,Chemicals: Specialty,Materials,accept
MANUGRAPH,BSE_IN,Manugraph India Ltd,MANUGRAPH,Manugraph India Limited,BSE,stock,INE867A01022,Producer Manufacturing,Industrial Machinery,Industrials,accept
MANYAVAR,BSE_IN,Vedant Fashions Ltd,MANYAVAR,Vedant Fashions Limited,BSE,stock,INE825V01034,Retail Trade,Internet Retail,Consumer Discretionary,accept
MAP,TSXV,Maple Peak Investments Inc.,MAP,Maple Peak Investments Inc.,TSXV,stock,CA56531K1057,Finance,Financial Conglomerates,,unsupported_sector
MAPMYINDIA,BSE_IN,C.E. Info Systems Ltd,MAPMYINDIA,C.E. Info Systems Ltd.,BSE,stock,INE0BV301023,Commercial Services,Miscellaneous Commercial Services,Industrials,accept
MAQ,XETRA,"MARRIOTT INTL A    DL-,01",MAQ,"Marriott International, Inc. Class A",XETR,stock,US5719032022,Consumer Services,Hotels/Resorts/Cruise lines,Consumer Discretionary,accept
MARALOVER,BSE_IN,Maral Overseas Ltd,MARALOVER,Maral Overseas Limited,BSE,stock,INE882A01013,Process Industries,Textiles,Materials,accept
MARATHON,BSE_IN,Marathon Nextgen Realty Ltd,MARATHON,Marathon Nextgen Realty Limited,BSE,stock,INE182D01020,Finance,Real Estate Development,Real Estate,accept
MARICO,BSE_IN,Marico Ltd,MARICO,Marico Limited,BSE,stock,INE196A01026,Consumer Non-Durables,Household/Personal Care,Consumer Staples,accept
MARKOLINES,BSE_IN,Markolines Pavement Technologies Ltd,MARKOLINES,Markolines Pavement Technologies Limited,BSE,stock,INE0FW001016,Industrial Services,Engineering & Construction,Industrials,accept
MARKOLINES,NSE_IN,Markolines Pavement Technologies Limited,MARKOLINES,Markolines Pavement Technologies Limited,NSE,stock,INE0FW001016,Industrial Services,Engineering & Construction,Industrials,accept
MARKSANS,BSE_IN,Marksans Pharma Ltd,MARKSANS,Marksans Pharma Limited,BSE,stock,INE750C01026,Health Technology,Pharmaceuticals: Major,Health Care,accept
MARSONS,BSE_IN,Marsons Ltd,MARSONS,Marsons Limited,BSE,stock,INE415B01044,Producer Manufacturing,Electrical Products,Industrials,accept
MARUTI,BSE_IN,Maruti Suzuki India Ltd,MARUTI,Maruti Suzuki India Limited,BSE,stock,INE585B01010,Consumer Durables,Motor Vehicles,Consumer Discretionary,accept
MASFIN,BSE_IN,MAS Financial Services Ltd,MASFIN,MAS Financial Services Ltd.,BSE,stock,INE348L01012,Finance,Finance/Rental/Leasing,Financials,accept
MASTEK,BSE_IN,Mastek Ltd,MASTEK,Mastek Limited,BSE,stock,INE759A01021,Technology Services,Information Technology Services,Information Technology,accept
MASTERTR,NSE_IN,Master Trust Limited,MASTERTR,Master Trust Limited,NSE,stock,INE677D01037,Finance,Investment Banks/Brokers,Financials,accept
MATE,TSXV,Blockmate Ventures Inc,MATE,Blockmate Ventures Inc,TSXV,stock,CA09370U1066,Miscellaneous,Miscellaneous,,unsupported_sector
MATRIMONY,BSE_IN,Matrimony.com Ltd,MATRIMONY,Matrimony.com Ltd.,BSE,stock,INE866R01028,Technology Services,Internet Software/Services,Information Technology,accept
MAWANASUG,BSE_IN,Mawana Sugars Ltd,MAWANASUG,Mawana Sugars Limited,BSE,stock,INE636A01039,Consumer Non-Durables,Food: Specialty/Candy,Consumer Staples,accept
MAXESTATES,BSE_IN,Max Estates Ltd,MAXESTATES,Max Estates Limited,BSE,stock,INE03EI01018,Finance,Real Estate Development,Real Estate,accept
MAXESTATES,NSE_IN,Max Estates Limited,MAXESTATES,Max Estates Limited,NSE,stock,INE03EI01018,Finance,Real Estate Development,Real Estate,accept
MAXHEALTH,BSE_IN,Max Healthcare Institute Ltd,MAXHEALTH,Max Healthcare Institute Ltd,BSE,stock,INE027H01010,Health Services,Hospital/Nursing Management,Health Care,accept
MAXIND,BSE_IN,Max India Ltd,MAXIND,Max India Ltd,BSE,stock,INE0CG601016,Health Services,Medical/Nursing Services,Health Care,accept
MAYURUNIQ,BSE_IN,Mayur Uniquoters Ltd,MAYURUNIQ,Mayur Uniquoters Limited,BSE,stock,INE040D01038,Process Industries,Textiles,Materials,accept
MAZDA,BSE_IN,Mazda Ltd,MAZDA,Mazda Limited,BSE,stock,INE885E01042,Producer Manufacturing,Industrial Machinery,Industrials,accept
MAZDOCK,BSE_IN,Mazagon Dock Shipbuilders Ltd,MAZDOCK,Mazagon Dock Shipbuilders Ltd.,BSE,stock,INE249Z01020,Producer Manufacturing,Trucks/Construction/Farm Machinery,Industrials,accept
MBECL,NSE_IN,Mcnally Bharat Engineering Company Limited,MBECL,McNally Bharat Engineering Co. Ltd.,NSE,stock,INE748A01024,Industrial Services,Engineering & Construction,Industrials,accept
MBECL,BSE_IN,McNally Bharat Engineering Company Ltd,MBECL,McNally Bharat Engineering Co. Ltd.,BSE,stock,INE748A01024,Industrial Services,Engineering & Construction,Industrials,accept
MBEL,BSE_IN,M & B Engineering Ltd,MBEL,M & B Engineering Limited,BSE,stock,INE08N601015,Producer Manufacturing,Building Products,Industrials,accept
MBEL,NSE_IN,M & B Engineering Limited,MBEL,M & B Engineering Limited,NSE,stock,INE08N601015,Producer Manufacturing,Building Products,Industrials,accept
MBLINFRA,BSE_IN,MBL Infrastructure Ltd,MBLINFRA,MBL Infrastructure Limited,BSE,stock,INE912H01013,Industrial Services,Engineering & Construction,Industrials,accept
MBY,XETRA,"MIDDLEBY CORP.     DL-,01",MBY,Middleby Corporation,XETR,stock,US5962781010,Producer Manufacturing,Industrial Machinery,Industrials,accept
MCCHRLS-B,NSE_IN,Mac Charles India Limited,,,,,,,,,no_tradingview_match
MCK,XETRA,"MCKESSON           DL-,01",MCK,McKesson Corporation,XETR,stock,US58155Q1031,Distribution Services,Medical Distributors,Industrials,accept
MCLEODRUSS,BSE_IN,Mcleod Russel India Ltd,MCLEODRUSS,McLeod Russel India Limited,BSE,stock,INE942G01012,Consumer Non-Durables,Food: Specialty/Candy,Consumer Staples,accept
MCLOUD,BSE_IN,Magellanic Cloud Ltd,MCLOUD,Magellanic Cloud Ltd.,BSE,stock,INE613C01026,Technology Services,Information Technology Services,Information Technology,accept
MCP,XETRA,"MICROCHIP TECH.   DL-,001",MCP,Microchip Technology Incorporated,XETR,stock,US5950171042,Electronic Technology,Semiconductors,Information Technology,accept
MCX,BSE_IN,Multi Commodity Exchange of India Ltd,MCX,Multi Commodity Exchange of India Limited,BSE,stock,INE745G01043,Finance,Investment Banks/Brokers,Financials,accept
MEBY,BVB,LUCEAFARUL SA BACAU,MEBY,LUCEAFARUL SA BACAU,BVB,stock,ROMEBYACNOR3,Finance,Real Estate Development,Real Estate,accept
MECA,BVB,METALURGICA SA BUCURESTI,MECA,Metalurgica SA Bucuresti,BVB,stock,ROMECAACNOR1,Producer Manufacturing,Metal Fabrication,Industrials,accept
MECP,BVB,MECON SA BRASOV,MECP,Mecon SA,BVB,stock,ROMECPACNOR9,Producer Manufacturing,Industrial Machinery,Industrials,accept
MEDANTA,BSE_IN,Global Health Ltd,MEDANTA,Global Health Limited,BSE,stock,INE474Q01031,Health Services,Hospital/Nursing Management,Health Care,accept
MEDANTA,NSE_IN,Global Health Limited,MEDANTA,Global Health Limited,NSE,stock,INE474Q01031,Health Services,Hospital/Nursing Management,Health Care,accept
MEDIASSIST,BSE_IN,Medi Assist Healthcare Services Ltd,MEDIASSIST,Medi Assist Healthcare Services Limited,BSE,stock,INE456Z01021,Finance,Investment Managers,Financials,accept
MEDICAMEQ,BSE_IN,Medicamen Biotech Ltd,MEDICAMEQ,Medicamen Biotech Limited,BSE,stock,INE646B01010,Health Technology,Pharmaceuticals: Major,Health Care,accept
MEDICAPQ,NSE_IN,Medi Caps Limited,MEDICAPQ,Medi-Caps Ltd.,NSE,stock,INE442D01010,Health Technology,Pharmaceuticals: Major,Health Care,accept
MEDICO,NSE_IN,Medico Remedies Limited,MEDICO,Medico Remedies Ltd.,NSE,stock,INE630Y01024,Health Technology,Pharmaceuticals: Major,Health Care,accept
MEDPLUS,BSE_IN,Medplus Health Services Ltd,MEDPLUS,MedPlus Health Services Ltd.,BSE,stock,INE804L01022,Retail Trade,Drugstore Chains,Consumer Staples,accept
MEDS,NASDAQ,"DataMeds AI, Inc. - Common Stock",MEDS,"DataMeds AI, Inc.",NASDAQ,stock,US9495032057,Distribution Services,Medical Distributors,Industrials,accept
MEEIND,BSE_IN,Meenakshi India Ltd,MEEIND,Meenakshi India Ltd.,BSE,stock,INE208H01016,Consumer Non-Durables,Apparel/Footwear,Consumer Staples,accept
MEESHO,BSE_IN,Meesho Ltd,MEESHO,Meesho Limited,BSE,stock,INE0VDM01015,Retail Trade,Apparel/Footwear Retail,Consumer Discretionary,accept
MEGAMONT,BSE_IN,Megamont Ltd,MEGAMONT,Megamont Limited,BSE,stock,INE317D01014,Non-Energy Minerals,Forest Products,Materials,accept
MEGASTAR,BSE_IN,Megastar Foods Ltd,MEGASTAR,Megastar Foods Ltd.,BSE,stock,INE00EM01016,Process Industries,Agricultural Commodities/Milling,Consumer Staples,accept
MENNPIS,NSE_IN,Menon Pistons Limited,MENNPIS,Menon Pistons Limited,NSE,stock,INE650G01029,Producer Manufacturing,Auto Parts: OEM,Industrials,accept
MENONBE,BSE_IN,Menon Bearings Ltd,MENONBE,Menon Bearings Limited,BSE,stock,INE071D01033,Producer Manufacturing,Metal Fabrication,Industrials,accept
MEOR,BVB,METALICA SA ORADEA,MEOR,METALICA S.A.,BVB,stock,ROMEORACNOR0,Consumer Durables,Electronics/Appliances,Consumer Discretionary,accept
MEOY,BVB,MECANICA CODLEA SA,MEOY,Mecanica Codlea SA,BVB,stock,ROMEOYACNOR6,Producer Manufacturing,Trucks/Construction/Farm Machinery,Industrials,accept
MEP,NSE_IN,MEP Infrastructure Developers Limited,MEP,MEP Infrastructure Developers Ltd.,NSE,stock,INE776I01010,Transportation,Other Transportation,Industrials,accept
MERCANTILE,NSE_IN,Mercantile Ventures Limited,MERCANTILE,Mercantile Ventures Ltd,NSE,stock,INE689O01013,Finance,Real Estate Development,Real Estate,accept
MERCURYEV,NSE_IN,Mercury Ev-Tech Limited,MERCURYEV,Mercury Ev-Tech Limited,NSE,stock,INE763M01028,Distribution Services,Wholesale Distributors,Industrials,accept
MESA,BVB,METALUL MESA SA SALONTA,MESA,Metalul Mesa SA Salonta,BVB,stock,ROMESAACNOR7,Producer Manufacturing,Metal Fabrication,Industrials,accept
METALIC,NSE_IN,Metalic Technoforge Limited,METALIC,Metalic TechnoForge Limited,NSE,stock,INE1II801013,Producer Manufacturing,Metal Fabrication,Industrials,accept
METROBRAND,BSE_IN,Metro Brands Ltd,METROBRAND,Metro Brands Ltd.,BSE,stock,INE317I01021,Retail Trade,Apparel/Footwear Retail,Consumer Discretionary,accept
METROGLOBL,NSE_IN,Metroglobal Limited,METROGLOBL,Metroglobal Ltd.,NSE,stock,INE085D01033,Distribution Services,Wholesale Distributors,Industrials,accept
METROPOLIS,BSE_IN,Metropolis Healthcare Ltd,METROPOLIS,Metropolis Healthcare Ltd.,BSE,stock,INE112L01020,Health Services,Medical/Nursing Services,Health Care,accept
METT,BVB,METTEXIN SA MANGALIA,METT,METTEXIN SA,BVB,stock,ROMETTACNOR5,Retail Trade,Specialty Stores,Consumer Discretionary,accept
MF,NASDAQ,MindForge Inc. - Class A Ordinary Shares,MF,MindForge Inc. Class A,NASDAQ,stock,KYG9161K1206,Commercial Services,Advertising/Marketing Services,Industrials,accept
MFML,BSE_IN,Mahalaxmi Fabric Mills Ltd,MFML,Mahalaxmi Fabric Mills Limited,BSE,stock,INE0US801024,Process Industries,Textiles,Materials,accept
MFML,NSE_IN,Mahalaxmi Fabric Mills Limited,MFML,Mahalaxmi Fabric Mills Limited,NSE,stock,INE0US801024,Process Industries,Textiles,Materials,accept
MFSL,BSE_IN,Max Financial Services Ltd,MFSL,Max Financial Services Limited,BSE,stock,INE180A01020,Finance,Life/Health Insurance,Financials,accept
MGEL,BSE_IN,Mangalam Global Enterprise Ltd,MGEL,Mangalam Global Enterprise Ltd.,BSE,stock,INE0APB01032,Process Industries,Agricultural Commodities/Milling,Consumer Staples,accept
MGL,BSE_IN,Mahanagar Gas Ltd,MGL,Mahanagar Gas Ltd,BSE,stock,INE002S01010,Utilities,Gas Distributors,Utilities,accept
MHG,XETRA,"MOLINA HEALTHCARE DL-,001",MHG,"Molina Healthcare, Inc.",XETR,stock,US60855R1005,Health Services,Managed Health Care,Health Care,accept
MHLXMIRU,BSE_IN,Mahalaxmi Rubtech Ltd,MHLXMIRU,Mahalaxmi Rubtech Ltd,BSE,stock,INE112D01035,Process Industries,Industrial Specialties,Materials,accept
MHRIL,BSE_IN,Mahindra Holidays & Resorts India Ltd,MHRIL,Mahindra Holidays & Resorts India Limited,BSE,stock,INE998I01010,Consumer Services,Other Consumer Services,Consumer Discretionary,accept
MHT,XETRA,"MANHATTAN ASSOC.   DL-,01",MHT,"Manhattan Associates, Inc.",XETR,stock,US5627501092,Technology Services,Packaged Software,Information Technology,accept
MIAC,NASDAQ,Meridian3 Industrials Acquisition Corp - Class A Ordinary Shares,MIAC,Meridian3 Industrials Acquisition Corp. Class A,NASDAQ,stock,KYG6029D1088,Finance,Financial Conglomerates,,unsupported_sector
MICEL,BSE_IN,MIC Electronics Ltd,MICEL,MIC Electronics Limited,BSE,stock,INE287C01037,Health Technology,Medical Specialties,Health Care,accept
MIDHANI,BSE_IN,Mishra Dhatu Nigam Ltd,MIDHANI,Mishra Dhatu Nigam Ltd.,BSE,stock,INE099Z01011,Non-Energy Minerals,Other Metals/Minerals,Materials,accept
MIDWESTLTD,BSE_IN,Midwest Ltd,MIDWESTLTD,Midwest Limited,BSE,stock,INE0XAD01024,Non-Energy Minerals,Construction Materials,Materials,accept
MIDWESTLTD,NSE_IN,Midwest Limited,MIDWESTLTD,Midwest Limited,NSE,stock,INE0XAD01024,Non-Energy Minerals,Construction Materials,Materials,accept
MIGA,XETRA,STRATEGY     A NEW DL-001,MIGA,Strategy Inc Class A,XETR,stock,US5949724083,Technology Services,Internet Software/Services,Information Technology,accept
MIIL,NSE_IN,Meghna Infracon Infrastructure Limited,MIIL,Meghna Infracon Infrastructure Limited,NSE,stock,INE898Q01015,Finance,Investment Managers,Financials,accept
MILKYMIST,BSE_IN,Milky Mist Dairy Food Ltd,MILKYMIST,Milky Mist Dairy Food Ltd.,BSE,stock,INE00IT01020,Consumer Non-Durables,Food: Meat/Fish/Dairy,Consumer Staples,accept
MILKYMIST,NSE_IN,Milky Mist Dairy Food Limited,MILKYMIST,Milky Mist Dairy Food Ltd.,NSE,stock,INE00IT01020,Consumer Non-Durables,Food: Meat/Fish/Dairy,Consumer Staples,accept
MILLWORKS,BSE_IN,Millworks Technologies Ltd,MILLWORKS,Millworks Technologies Ltd.,BSE,stock,INE1SRC01010,Producer Manufacturing,Metal Fabrication,Industrials,accept
MINALIND,NSE_IN,Minal Industries Limited,MINALIND,Minal Industries Limited,NSE,stock,INE097E01028,Consumer Durables,Other Consumer Specialties,Consumer Discretionary,accept
MINDACORP,BSE_IN,Minda Corporation Ltd,MINDACORP,Minda Corp. Ltd.,BSE,stock,INE842C01021,Producer Manufacturing,Auto Parts: OEM,Industrials,accept
MINDTECK,BSE_IN,Mindteck (India) Ltd,MINDTECK,Mindteck (India) Limited,BSE,stock,INE110B01017,Technology Services,Information Technology Services,Information Technology,accept
MINE,TSXV,Inomin Mines Inc.,MINE,Inomin Mines Inc,TSXV,stock,CA45782J1075,Miscellaneous,Miscellaneous,,unsupported_sector
MINX,BVB,MINEXFOR SA DEVA,MINX,Minexfor SA,BVB,stock,ROMINXACNOR1,Consumer Non-Durables,Beverages: Non-Alcoholic,Consumer Staples,accept
MIRZAINT,BSE_IN,Mirza International Ltd,MIRZAINT,Mirza International Limited,BSE,stock,INE771A01026,Consumer Non-Durables,Apparel/Footwear,Consumer Staples,accept
MKEXIM,NSE_IN,M.K. Exim (India) Limited,MKEXIM,M.K. Exim (India) Limited,NSE,stock,INE227F01010,Process Industries,Textiles,Materials,accept
MKPL,BSE_IN,M. K. Proteins Ltd,MKPL,M K Proteins Limited,BSE,stock,INE964W01021,Process Industries,Agricultural Commodities/Milling,Consumer Staples,accept
MKPL,NSE_IN,M K Proteins Limited,MKPL,M K Proteins Limited,NSE,stock,INE964W01021,Process Industries,Agricultural Commodities/Milling,Consumer Staples,accept
MKV,XETRA,MARKEL GROUP,MKV,Markel Group Inc.,XETR,stock,US5705351048,Finance,Property/Casualty Insurance,Financials,accept
ML2,XETRA,MING LE SPORTS AG,,,,,,,,,no_tradingview_match
MLKFOOD,NSE_IN,Milkfood Limited,MLKFOOD,Milkfood Ltd.,NSE,stock,INE588G01021,Consumer Non-Durables,Food: Specialty/Candy,Consumer Staples,accept
MMFL,BSE_IN,MM Forgings Ltd,MMFL,MM Forgings Limited,BSE,stock,INE227C01017,Producer Manufacturing,Metal Fabrication,Industrials,accept
MMM,TSXV,Minco Capital Corp,MMM,Minco Capital Corporation,TSXV,stock,CA6025321036,Finance,Financial Conglomerates,,unsupported_sector
MMTC,BSE_IN,MMTC Ltd,MMTC,MMTC Limited,BSE,stock,INE123F01029,Distribution Services,Wholesale Distributors,Industrials,accept
MMWL,NSE_IN,Media Matrix Worldwide Limited,MMWL,Media Matrix Worldwide Limited,NSE,stock,INE200D01020,Technology Services,Information Technology Services,Information Technology,accept
MMX,XETRA,"MARTIN MAR. MAT.   DL-,01",MMX,"Martin Marietta Materials, Inc.",XETR,stock,US5732841060,Non-Energy Minerals,Construction Materials,Materials,accept
MNC,TSXV,Magnetic North Acquisition Corp,,,,,,,,,no_tradingview_match
MO7A,XETRA,MOOG INC. CL.A       DL 1,MO7A,Moog Inc. Class A,XETR,stock,US6153942023,Electronic Technology,Aerospace & Defense,Industrials,accept
MOB,XETRA,"MONSTER BEVER.NEW DL-,005",MOB,Monster Beverage Corporation,XETR,stock,US61174X1090,Consumer Non-Durables,Beverages: Non-Alcoholic,Consumer Staples,accept
MOBE,BVB,MOBEST SA BUCURESTI,MOBE,Mobest SA,BVB,stock,ROMOBEACNOR4,Producer Manufacturing,Office Equipment/Supplies,Industrials,accept
MOBG,BVB,MOBEX SA TG.MURES,MOBG,Mobex SA TG. Mures,BVB,stock,ROMOBGACNOR9,Consumer Durables,Home Furnishings,Consumer Discretionary,accept
MOBIKWIK,BSE_IN,One Mobikwik Systems Ltd,MOBIKWIK,One Mobikwik Systems Limited,BSE,stock,INE0HLU01028,Commercial Services,Miscellaneous Commercial Services,Industrials,accept
MOBT,BVB,MOBILA SA RADAUTI,MOBT,Mobila SA Radauti,BVB,stock,ROMOBTACNOR2,Consumer Durables,Home Furnishings,Consumer Discretionary,accept
MODINATUR,BSE_IN,Modi Naturals Ltd,MODINATUR,Modi Naturals Limited,BSE,stock,INE537F01012,Process Industries,Agricultural Commodities/Milling,Consumer Staples,accept
MODIRUBBER,BSE_IN,Modi Rubber Ltd,MODIRUBBER,Modi Rubber Limited,BSE,stock,INE832A01018,Consumer Durables,Automotive Aftermarket,Consumer Discretionary,accept
MODIS,BSE_IN,Modis Navnirman Ltd,MODIS,Modi's Navnirman Ltd.,BSE,stock,INE0L0L01012,Finance,Real Estate Development,Real Estate,accept
MODIS,NSE_IN,Modis Navnirman Limited,MODIS,Modi's Navnirman Ltd.,NSE,stock,INE0L0L01012,Finance,Real Estate Development,Real Estate,accept
MODISONLTD,BSE_IN,Modison Ltd,MODISONLTD,Modison Limited,BSE,stock,INE737D01021,Industrial Services,Engineering & Construction,Industrials,accept
MODTHREAD,BSE_IN,Modern Thread India Ltd,MODTHREAD,Modern Threads (India) Ltd,BSE,stock,INE794W01014,Process Industries,Textiles,Materials,accept
MODTHREAD,NSE_IN,Modern Threads (India) Limited,MODTHREAD,Modern Threads (India) Ltd,NSE,stock,INE794W01014,Process Industries,Textiles,Materials,accept
MODY,BVB,MOLDOVA SA VASLUI,MODY,Moldova SA,BVB,stock,ROMODYACNOR8,Retail Trade,Food Retail,Consumer Staples,accept
MOHITE,NSE_IN,Mohite Industries Limited,MOHITE,Mohite Industries Ltd.,NSE,stock,INE154B01023,Process Industries,Textiles,Materials,accept
MOHITIND,BSE_IN,Mohit Industries Ltd,MOHITIND,Mohit Industries Limited,BSE,stock,INE954E01012,Process Industries,Textiles,Materials,accept
MOIL,BSE_IN,Moil Ltd,MOIL,Moil Limited,BSE,stock,INE490G01020,Non-Energy Minerals,Other Metals/Minerals,Materials,accept
MOL,BSE_IN,Meghmani Organics Ltd,MOL,Meghmani Organics Limited,BSE,stock,INE0CT101020,Process Industries,Chemicals: Specialty,Materials,accept
MOLBIO,BSE_IN,Molbio Diagnostics Ltd,MOLBIO,Molbio Diagnostics Limited,BSE,stock,INE869T01028,Health Technology,Medical Specialties,Health Care,accept
MOLBIO,NSE_IN,Molbio Diagnostics Limited,MOLBIO,Molbio Diagnostics Limited,NSE,stock,INE869T01028,Health Technology,Medical Specialties,Health Care,accept
MOLDTECH,BSE_IN,Mold-Tek Technologies Ltd,MOLDTECH,Mold-Tek Technologies Limited,BSE,stock,INE835B01035,Industrial Services,Engineering & Construction,Industrials,accept
MOLDTKPAC,BSE_IN,Mold-Tek Packaging Ltd,MOLDTKPAC,Mold Tek Packaging Ltd,BSE,stock,INE893J01029,Producer Manufacturing,Miscellaneous Manufacturing,Industrials,accept
MOMSBELIEF,BSE_IN,Rays of Belief Ltd,MOMSBELIEF,Rays of Belief Limited,BSE,stock,INE1FCO01014,Health Services,Medical/Nursing Services,Health Care,accept
MOMSBELIEF,NSE_IN,Rays of Belief Limited,MOMSBELIEF,Rays of Belief Limited,NSE,stock,INE1FCO01014,Health Services,Medical/Nursing Services,Health Care,accept
MONARCH,BSE_IN,Monarch Networth Capital Ltd,MONARCH,Monarch Networth Capital Limited,BSE,stock,INE903D01011,Finance,Investment Banks/Brokers,Financials,accept
MONEYBOXX,BSE_IN,Moneyboxx Finance Ltd,MONEYBOXX,MoneyBoxx Finance Ltd.,BSE,stock,INE296Q01012,Finance,Regional Banks,Financials,accept
MONT,TSXV,Montfort Capital Corp,MONT,Montfort Capital Corp,TSXV,stock,CA61288M1068,Miscellaneous,Miscellaneous,,unsupported_sector
MONTECARLO,BSE_IN,Monte Carlo Fashions Ltd,MONTECARLO,Monte Carlo Fashions Ltd.,BSE,stock,INE950M01013,Consumer Non-Durables,Apparel/Footwear,Consumer Staples,accept
MOPSHOP,BSE_IN,Mopshop Distribution Ltd,MOPSHOP,Mopshop Distribution Limited,BSE,stock,INE2F5H01015,Distribution Services,Wholesale Distributors,Industrials,accept
MORARJEE,NSE_IN,Morarjee Textiles Limited,MORARJEE,Morarjee Textiles Limited,NSE,stock,INE161G01027,Process Industries,Textiles,Materials,accept
MOREPENLAB,BSE_IN,Morepen Laboratories Ltd,MOREPENLAB,Morepen Laboratories Limited,BSE,stock,INE083A01026,Health Technology,Pharmaceuticals: Major,Health Care,accept
MOSCHIP,NSE_IN,Moschip Technologies Limited,MOSCHIP,Moschip Technologies Ltd,NSE,stock,INE935B01025,Electronic Technology,Semiconductors,Information Technology,accept
MOTHERSON,BSE_IN,Samvardhana Motherson International Ltd,MOTHERSON,Samvardhana Motherson International Limited,BSE,stock,INE775A01035,Producer Manufacturing,Auto Parts: OEM,Industrials,accept
MOTILALOFS,BSE_IN,Motilal Oswal Financial Services Ltd,MOTILALOFS,Motilal Oswal Financial Services Limited,BSE,stock,INE338I01027,Finance,Investment Managers,Financials,accept
MOTISONS,BSE_IN,Motisons Jewellers Ltd,MOTISONS,Motisons Jewellers Ltd,BSE,stock,INE0FRK01020,Retail Trade,Specialty Stores,Consumer Discretionary,accept
MOTISONS,NSE_IN,Motisons Jewellers Limited,MOTISONS,Motisons Jewellers Ltd,NSE,stock,INE0FRK01020,Retail Trade,Specialty Stores,Consumer Discretionary,accept
MOTOGENFIN,BSE_IN,Motor & General Finance Ltd,MOTOGENFIN,Motor & General Finance Ltd.,BSE,stock,INE861B01023,Finance,Real Estate Development,Real Estate,accept
MOV,XETRA,MONCLER S.P.A.,MOV,Moncler SpA,XETR,stock,IT0004965148,Consumer Non-Durables,Apparel/Footwear,Consumer Staples,accept
MPCG,XETRA,MPC OCEANIC GROUP AG,MPCG,MPC Oceanic Group AG,XETR,stock,DE000A1TNWJ4,Finance,Financial Conglomerates,,unsupported_sector
MPDL,NSE_IN,MPDL Limited,MPDL,MPDL Ltd,NSE,stock,INE493H01014,Industrial Services,Engineering & Construction,Industrials,accept
MPHASIS,BSE_IN,Mphasis Ltd,MPHASIS,Mphasis Limited,BSE,stock,INE356A01018,Technology Services,Packaged Software,Information Technology,accept
MPIMANIPAL,BSE_IN,Manipal Payment and Identity Solutions Ltd,MPIMANIPAL,Manipal Payment and Identity Solutions Limited,BSE,stock,INE241U01028,Commercial Services,Commercial Printing/Forms,Industrials,accept
MPIMANIPAL,NSE_IN,Manipal Payment and Identity Solutions Limited,MPIMANIPAL,Manipal Payment and Identity Solutions Limited,NSE,stock,INE241U01028,Commercial Services,Commercial Printing/Forms,Industrials,accept
MPSLTD,BSE_IN,MPS Ltd,MPSLTD,MPS Limited,BSE,stock,INE943D01017,Consumer Services,Publishing: Books/Magazines,Consumer Discretionary,accept
MQ2,XETRA,SPHERE ENTERTAINMENT CO.A,MQ2,Sphere Entertainment Co. Class A,XETR,stock,US55826T1025,Consumer Services,Media Conglomerates,Communication Services,accept
MRF,BSE_IN,MRF Ltd,MRF,MRF Limited,BSE,stock,INE883A01011,Consumer Durables,Automotive Aftermarket,Consumer Discretionary,accept
MRPL,BSE_IN,Mangalore Refinery and Petrochemicals Ltd,MRPL,Mangalore Refinery & Petrochemicals Ltd.,BSE,stock,INE103A01014,Energy Minerals,Oil Refining/Marketing,Energy,accept
MRS,XETRA,"MORNINGSTAR INC.   DL-,01",MRS,"Morningstar, Inc.",XETR,stock,US6177001095,Commercial Services,Financial Publishing/Services,Industrials,accept
MRTX,BSE_IN,Merritronix Ltd,MRTX,Merritronix Ltd.,BSE,stock,INE1RQS01010,Electronic Technology,Electronic Components,Information Technology,accept
MS8,XETRA,MADISON SQUARE GAR.SP. A,MS8,Madison Square Garden Sports Corp. Class A,XETR,stock,US55825T1034,Consumer Services,Movies/Entertainment,Communication Services,accept
MSL,NSE_IN,Mangalam Seeds Limited,MSL,Mangalam Seeds Ltd,NSE,stock,INE829S01016,Process Industries,Agricultural Commodities/Milling,Consumer Staples,accept
MSLGLOBAL,BSE_IN,Msl Global Ltd,MSLGLOBAL,MSL Global Limited,BSE,stock,INE856D01011,Commercial Services,Miscellaneous Commercial Services,Industrials,accept
MSPL,BSE_IN,MSP Steel & Power Ltd,MSPL,MSP Steel & Power Limited,BSE,stock,INE752G01015,Non-Energy Minerals,Steel,Materials,accept
MSTCLTD,BSE_IN,MSTC Ltd,MSTCLTD,MSTC Ltd.,BSE,stock,INE255X01014,Retail Trade,Internet Retail,Consumer Discretionary,accept
MSUMI,BSE_IN,Motherson Sumi Wiring India Ltd,MSUMI,Motherson Sumi Wiring India Ltd,BSE,stock,INE0FS801015,Producer Manufacturing,Auto Parts: OEM,Industrials,accept
MTAK,NASDAQ,Market Technology Acquisition Corp - Class A Ordinary Shares,MTAK,Market Technology Acquisition Corporation Class A,NASDAQ,stock,KYG58A7W1045,Finance,Financial Conglomerates,,unsupported_sector
MTARTECH,BSE_IN,MTAR Technologies Ltd,MTARTECH,MTAR Technologies Ltd.,BSE,stock,INE864I01014,Electronic Technology,Aerospace & Defense,Industrials,accept
MTEDUCARE,NSE_IN,MT Educare Limited,MTEDUCARE,MT Educare Ltd,NSE,stock,INE472M01018,Consumer Services,Other Consumer Services,Consumer Discretionary,accept
MTLA,XETRA,"MOTOROLA SOLUTIONS DL-,01",MTLA,"Motorola Solutions, Inc.",XETR,stock,US6200763075,Electronic Technology,Telecommunications Equipment,Information Technology,accept
MTNL,BSE_IN,Mahanagar Telephone Nigam Ltd,MTNL,Mahanagar Telephone Nigam Limited,BSE,stock,INE153A01019,Communications,Major Telecommunications,Communication Services,accept
MTO,XETRA,METTLER-TOLEDO INTL,MTO,Mettler-Toledo International Inc.,XETR,stock,US5926881054,Health Technology,Medical Specialties,Health Care,accept
MUFIN,BSE_IN,Mufin Green Finance Ltd,MUFIN,Mufin Green Finance Limited,BSE,stock,INE08KJ01020,Finance,Finance/Rental/Leasing,Financials,accept
MUFIN,NSE_IN,Mufin Green Finance Limited,MUFIN,Mufin Green Finance Limited,NSE,stock,INE08KJ01020,Finance,Finance/Rental/Leasing,Financials,accept
MUFTI,BSE_IN,Credo Brands Marketing Ltd,MUFTI,Credo Brands Marketing Limited,BSE,stock,INE220Q01020,Retail Trade,Apparel/Footwear Retail,Consumer Discretionary,accept
MUKANDLTD,BSE_IN,Mukand Ltd,MUKANDLTD,Mukand Limited,BSE,stock,INE304A01026,Non-Energy Minerals,Steel,Materials,accept
MUKESHB,NSE_IN,Mukesh Babu Financial Services Limited,MUKESHB,Mukesh Babu Financial Services Limited,NSE,stock,INE596B01017,Finance,Investment Banks/Brokers,Financials,accept
MUKKA,BSE_IN,Mukka Proteins Ltd,MUKKA,Mukka Proteins Limited,BSE,stock,INE0CG401037,Consumer Non-Durables,Food: Meat/Fish/Dairy,Consumer Staples,accept
MUKKA,NSE_IN,Mukka Proteins Limited,MUKKA,Mukka Proteins Limited,NSE,stock,INE0CG401037,Consumer Non-Durables,Food: Meat/Fish/Dairy,Consumer Staples,accept
MUKTAARTS,BSE_IN,Mukta Arts Ltd,MUKTAARTS,Mukta Arts Limited,BSE,stock,INE374B01019,Technology Services,Packaged Software,Information Technology,accept
MUNJALAU,BSE_IN,Munjal Auto Industries Ltd,MUNJALAU,Munjal Auto Industries Limited,BSE,stock,INE672B01032,Producer Manufacturing,Auto Parts: OEM,Industrials,accept
MUNJALSHOW,BSE_IN,Munjal Showa Ltd,MUNJALSHOW,Munjal Showa Limited,BSE,stock,INE577A01027,Producer Manufacturing,Auto Parts: OEM,Industrials,accept
MUQ,XETRA,MURPHY OIL CORP.     DL 1,MUQ,Murphy Oil Corporation,XETR,stock,US6267171022,Energy Minerals,Oil & Gas Production,Energy,accept
MURUDCERA,BSE_IN,Murudeshwar Ceramics Ltd,MURUDCERA,Murudeshwar Ceramics Limited,BSE,stock,INE692B01014,Producer Manufacturing,Building Products,Industrials,accept
MUTHOOTCAP,BSE_IN,Muthoot Capital Services Ltd,MUTHOOTCAP,Muthoot Capital Services Ltd.,BSE,stock,INE296G01013,Finance,Finance/Rental/Leasing,Financials,accept
MUTHOOTFIN,BSE_IN,Muthoot Finance Ltd,MUTHOOTFIN,Muthoot Finance Ltd,BSE,stock,INE414G01012,Finance,Finance/Rental/Leasing,Financials,accept
MUTHOOTMF,BSE_IN,Muthoot Microfin Ltd,MUTHOOTMF,Muthoot Microfin Ltd,BSE,stock,INE046W01019,Finance,Finance/Rental/Leasing,Financials,accept
MUX,TSX,McEwen Mining Inc.,MUX,McEwen Inc.,TSX,stock,US58039P3055,Non-Energy Minerals,Precious Metals,,name_mismatch
MVELECTRO,BSE_IN,MV Electrosystems Ltd,MVELECTRO,Mv Electrosystems Limited,BSE,stock,INE0OWZ01020,Producer Manufacturing,Trucks/Construction/Farm Machinery,Industrials,accept
MVELECTRO,NSE_IN,MV Electrosystems Limited,MVELECTRO,Mv Electrosystems Limited,NSE,stock,INE0OWZ01020,Producer Manufacturing,Trucks/Construction/Farm Machinery,Industrials,accept
MVGJL,BSE_IN,Manoj Vaibhav Gems N Jewellers Ltd,MVGJL,Manoj Vaibhav Gems 'N' Jewellers Limited,BSE,stock,INE0KNT01012,Retail Trade,Specialty Stores,Consumer Discretionary,accept
MVGJL,NSE_IN,Manoj Vaibhav Gems N Jewellers Limited,MVGJL,Manoj Vaibhav Gems 'N' Jewellers Limited,NSE,stock,INE0KNT01012,Retail Trade,Specialty Stores,Consumer Discretionary,accept
MWK,XETRA,"MOHAWK INDS INC.   DL-,01",MWK,"Mohawk Industries, Inc.",XETR,stock,US6081901042,Producer Manufacturing,Building Products,Industrials,accept
MWL,BSE_IN,Mangalam Worldwide Ltd,MWL,Mangalam Worldwide Ltd.,BSE,stock,INE0JYY01029,Non-Energy Minerals,Steel,Materials,accept
MY8,XETRA,"MASTEC INC.        DL-,10",MY8,"MasTec, Inc.",XETR,stock,US5763231090,Industrial Services,Engineering & Construction,Industrials,accept
MYP,XETRA,MYR GROUP INC. (DEL.),MYP,MYR Group Inc.,XETR,stock,US55405W1045,Industrial Services,Engineering & Construction,Industrials,accept
MYSORPETRO,NSE_IN,Mysore Petro Chemicals Limited,MYSORPETRO,Mysore Petro Chemicals Limited,NSE,stock,INE741A01011,Distribution Services,Wholesale Distributors,Industrials,accept
N4U,XETRA,"SMURFIT WESTROCK   DL-,01",N4U,Smurfit Westrock PLC,XETR,stock,IE00028FXN24,Process Industries,Containers/Packaging,Materials,accept
N6B,XETRA,LABCORP HLDGS INC. O.N.,N6B,Labcorp Holdings Inc.,XETR,stock,US5049221055,Health Services,Medical/Nursing Services,Health Care,accept
N7I,XETRA,"APOLLO GL.M.NEW DL-,00001",N7I,Apollo Global Management Inc,XETR,stock,US03769M1062,Finance,Investment Managers,Financials,accept
NA9A,XETRA,NAGARRO SE  NA O.N.Z.VK.,NA9A,Nagarro SE,XETR,stock,DE000A41YFS0,Technology Services,Information Technology Services,Information Technology,accept
NACLIND,BSE_IN,NACL Industries Ltd,NACLIND,NACL Industries Ltd,BSE,stock,INE295D01020,Process Industries,Chemicals: Agricultural,Materials,accept
NAGAFERT,NSE_IN,Nagarjuna Fertilizers and Chemicals Limited,NAGAFERT,Nagarjuna Fertilizers & Chemicals Ltd.,NSE,stock,INE454M01024,Process Industries,Chemicals: Agricultural,Materials,accept
NAGREEKCAP,BSE_IN,Nagreeka Capital & Infrastructure Ltd,NAGREEKCAP,Nagreeka Capital & Infrastructure Limited,BSE,stock,INE245I01016,Finance,Investment Banks/Brokers,Financials,accept
NAGREEKEXP,BSE_IN,Nagreeka Exports Ltd,NAGREEKEXP,Nagreeka Exports Ltd,BSE,stock,INE123B01028,Process Industries,Textiles,Materials,accept
NAHARCAP,BSE_IN,Nahar Capital and Financial Services Ltd,NAHARCAP,Nahar Capital & Financial Services Ltd.,BSE,stock,INE049I01012,Finance,Investment Managers,Financials,accept
NAHARINDUS,BSE_IN,Nahar Industrial Enterprises Ltd,NAHARINDUS,Nahar Industrial Enterprises Limited,BSE,stock,INE289A01011,Process Industries,Textiles,Materials,accept
NAHARPOLY,BSE_IN,Nahar Polyfilms Ltd,NAHARPOLY,Nahar Poly Films Limited,BSE,stock,INE308A01027,Process Industries,Textiles,Materials,accept
NAHARSPING,BSE_IN,Nahar Spinning Mills Ltd,NAHARSPING,Nahar Spinning Mills Ltd,BSE,stock,INE290A01027,Process Industries,Textiles,Materials,accept
NAM-INDIA,BSE_IN,Nippon Life India Asset Management Ltd,,,,,,,,,no_tradingview_match
NARMADA,BSE_IN,Narmada Agrobase Ltd,NARMADA,Narmada Agrobase Limited,BSE,stock,INE117Z01029,Process Industries,Agricultural Commodities/Milling,Consumer Staples,accept
NATCAPSUQ,BSE_IN,Natural Capsules Ltd,NATCAPSUQ,Natural Capsules Limited,BSE,stock,INE936B01015,Health Technology,Pharmaceuticals: Other,Health Care,accept
NATCOPHARM,BSE_IN,Natco Pharma Ltd,NATCOPHARM,NATCO Pharma Limited,BSE,stock,INE987B01026,Health Technology,Pharmaceuticals: Major,Health Care,accept
NATHBIOGEN,BSE_IN,Nath Bio-Genes (India) Ltd,NATHBIOGEN,Nath Bio-Genes (India) Ltd.,BSE,stock,INE448G01010,Process Industries,Agricultural Commodities/Milling,Consumer Staples,accept
NATIONALUM,BSE_IN,National Aluminium Company Ltd,NATIONALUM,National Aluminium Co. Ltd.,BSE,stock,INE139A01034,Non-Energy Minerals,Aluminum,Materials,accept
NATIONSTD,NSE_IN,National Standard (India) Limited,NATIONSTD,National Standard (India) Ltd.,NSE,stock,INE166R01015,Finance,Real Estate Development,Real Estate,accept
NAUKRI,BSE_IN,Info Edge (India) Ltd,NAUKRI,Info Edge India Ltd.,BSE,stock,INE663F01032,Technology Services,Internet Software/Services,Information Technology,accept
NAVA,BSE_IN,Nava Ltd,NAVA,Nava Limited,BSE,stock,INE725A01030,Utilities,Electric Utilities,Utilities,accept
NAVINFLUOR,BSE_IN,Navin Fluorine International Ltd,NAVINFLUOR,Navin Fluorine International Limited,BSE,stock,INE048G01026,Process Industries,Chemicals: Specialty,Materials,accept
NAVKARCORP,BSE_IN,Navkar Corporation Ltd,NAVKARCORP,Navkar Corporation Ltd,BSE,stock,INE278M01019,Transportation,Other Transportation,Industrials,accept
NAVKARURB,BSE_IN,Navkar Urbanstructure Ltd,NAVKARURB,Navkar Urbanstructure Limited,BSE,stock,INE268H01044,Non-Energy Minerals,Construction Materials,Materials,accept
NAVKARURB,NSE_IN,Navkar Urbanstructure Limited,NAVKARURB,Navkar Urbanstructure Limited,NSE,stock,INE268H01044,Non-Energy Minerals,Construction Materials,Materials,accept
NAVNETEDUL,BSE_IN,Navneet Education Ltd,NAVNETEDUL,Navneet Education Limited,BSE,stock,INE060A01024,Producer Manufacturing,Office Equipment/Supplies,Industrials,accept
NAXY,BVB,NAVEXIM SA GALATI,NAXY,Navexim SA Galati,BVB,stock,RONAXYACNOR3,,,,unsupported_sector
NAZARA,BSE_IN,Nazara Technologies Ltd,NAZARA,Nazara Technologies Ltd.,BSE,stock,INE418L01047,Technology Services,Packaged Software,Information Technology,accept
NBCC,BSE_IN,NBCC (India) Ltd,NBCC,NBCC (INDIA) LIMITED,BSE,stock,INE095N01031,Industrial Services,Engineering & Construction,Industrials,accept
NC0,XETRA,"NEWS CORP. A       DL-,01",NC0,News Corporation Class A,XETR,stock,US65249B1098,Consumer Services,Publishing: Newspapers,Consumer Discretionary,accept
NCHI,BVB,SCALA DEVELOPMENT S.A. CLUJ-NAPOCA,NCHI,SCALA DEVELOPMENT S.A.,BVB,stock,RONCHIACNOR5,,,,unsupported_sector
NCLIND,BSE_IN,NCL Industries Ltd,NCLIND,NCL Industries Ltd,BSE,stock,INE732C01016,Non-Energy Minerals,Construction Materials,Materials,accept
NCO,NASDAQ,Southern Cross Acquisition I Corp. - Ordinary Shares,NCO,Southern Cross Acquisition I Corp.,NASDAQ,stock,KYG829341034,Finance,Financial Conglomerates,,unsupported_sector
NDL,BSE_IN,Nandan Denim Ltd,NDL,Nandan Denim Limited,BSE,stock,INE875G01048,Process Industries,Textiles,Materials,accept
NDLVENTURE,BSE_IN,NDL Ventures Ltd,NDLVENTURE,NDL Ventures Ltd,BSE,stock,INE353A01023,Consumer Services,Cable/Satellite TV,Communication Services,accept
NDRAUTO,BSE_IN,NDR Auto Components Ltd,NDRAUTO,NDR Auto Components Ltd.,BSE,stock,INE07OG01012,Producer Manufacturing,Auto Parts: OEM,Industrials,accept
NDTV,BSE_IN,New Delhi Television Ltd,NDTV,New Delhi Television Limited,BSE,stock,INE155G01029,Consumer Services,Broadcasting,Communication Services,accept
NEAGI,NSE_IN,Neelamalai Agro Industries Limited,NEAGI,Neelamalai Agro Industries Limited,NSE,stock,INE605D01012,Consumer Non-Durables,Food: Major Diversified,Consumer Staples,accept
NECCLTD,BSE_IN,North Eastern Carrying Corporation Ltd,NECCLTD,North Eastern Carrying Corp. Ltd.,BSE,stock,INE553C01016,Transportation,Other Transportation,Industrials,accept
NECLIFE,BSE_IN,Nectar Lifesciences Ltd,NECLIFE,Nectar Lifesciences Ltd.,BSE,stock,INE023H01027,Health Technology,Pharmaceuticals: Major,Health Care,accept
NELCAST,BSE_IN,Nelcast Ltd,NELCAST,Nelcast Limited,BSE,stock,INE189I01024,Non-Energy Minerals,Steel,Materials,accept
NELCO,BSE_IN,Nelco Ltd,NELCO,Nelco Limited,BSE,stock,INE045B01015,Electronic Technology,Electronic Production Equipment,Information Technology,accept
NEOGEN,BSE_IN,Neogen Chemicals Ltd,NEOGEN,Neogen Chemicals Ltd.,BSE,stock,INE136S01016,Process Industries,Chemicals: Specialty,Materials,accept
NEOL,BVB,NEPTUN OLIMP SA NEPTUN,NEOL,Neptun Olimp SA,BVB,stock,RONEOLACNOR1,Consumer Services,Hotels/Resorts/Cruise lines,Consumer Discretionary,accept
NEPHROPLUS,BSE_IN,Nephrocare Health Services Ltd,NEPHROPLUS,Nephrocare Health Services Limited,BSE,stock,INE428V01029,Health Services,Medical/Nursing Services,Health Care,accept
NEPHROPLUS,NSE_IN,Nephrocare Health Services Limited,NEPHROPLUS,Nephrocare Health Services Limited,NSE,stock,INE428V01029,Health Services,Medical/Nursing Services,Health Care,accept
NESCO,BSE_IN,NESCO Ltd,NESCO,NESCO Limited,BSE,stock,INE317F01035,Finance,Real Estate Development,Real Estate,accept
NESR,XETRA,"NESTLE NAM.        SF-,10",NESR,Nestle S.A.,XETR,stock,CH0038863350,Consumer Non-Durables,Food: Major Diversified,Consumer Staples,accept
NESTLEIND,BSE_IN,Nestle India Ltd,NESTLEIND,Nestle India Ltd.,BSE,stock,INE239A01024,Consumer Non-Durables,Food: Major Diversified,Consumer Staples,accept
NETWEB,BSE_IN,Netweb Technologies India Ltd,NETWEB,Netweb Technologies India Limited,BSE,stock,INE0NT901020,Electronic Technology,Computer Peripherals,Information Technology,accept
NETWORK18,BSE_IN,Network 18 Media & Investments Ltd,NETWORK18,Network18 Media & Investments Limited,BSE,stock,INE870H01013,Consumer Services,Broadcasting,Communication Services,accept
NEUEON,NSE_IN,Neueon Corporation Limited,NEUEON,Neueon Corporation Limited,NSE,stock,INE333I01044,Industrial Services,Engineering & Construction,Industrials,accept
NEULANDLAB,BSE_IN,Neuland Laboratories Ltd,NEULANDLAB,Neuland Laboratories Ltd.,BSE,stock,INE794A01010,Health Technology,Pharmaceuticals: Major,Health Care,accept
NEWGEN,BSE_IN,Newgen Software Technologies Ltd,NEWGEN,Newgen Software Technologies Limited,BSE,stock,INE619B01017,Technology Services,Packaged Software,Information Technology,accept
NEWMKTAVE,BSE_IN,New Markets Avenue Ltd,NEWMKTAVE,New Markets Avenue Ltd,BSE,stock,INE800K01014,Finance,Investment Managers,Financials,accept
NEXTMEDIA,BSE_IN,Next Mediaworks Ltd,NEXTMEDIA,Next Mediaworks Limited,BSE,stock,INE747B01016,Consumer Services,Broadcasting,Communication Services,accept
NFL,BSE_IN,National Fertilizers Ltd,NFL,National Fertilizers Ltd.,BSE,stock,INE870D01012,Process Industries,Chemicals: Agricultural,Materials,accept
NFPSAMPOOR,NSE_IN,NFP Sampoorna Foods Limited,NFPSAMPOOR,NFP Sampoorna Foods Limited,NSE,stock,INE0T1501010,Consumer Non-Durables,Food: Specialty/Candy,Consumer Staples,accept
NFS,XETRA,NORFOLK STHN CORP.   DL 1,NFS,Norfolk Southern Corporation,XETR,stock,US6558441084,Transportation,Railroads,Industrials,accept
NGIL,BSE_IN,Nakoda Group of Industries Ltd,NGIL,Nakoda Group of Industries Ltd.,BSE,stock,INE236Y01012,Consumer Non-Durables,Food: Specialty/Candy,Consumer Staples,accept
NGLFINE,BSE_IN,NGL Fine Chem Ltd,NGLFINE,NGL Fine-Chem Ltd.,BSE,stock,INE887E01022,Health Technology,Pharmaceuticals: Major,Health Care,accept
NH,BSE_IN,Narayana Hrudayalaya Ltd,NH,Narayana Hrudayalaya Ltd.,BSE,stock,INE410P01011,Health Services,Hospital/Nursing Management,Health Care,accept
NHPC,BSE_IN,NHPC Ltd,NHPC,NHPC Limited,BSE,stock,INE848E01016,Utilities,Electric Utilities,Utilities,accept
NIACL,BSE_IN,The New India Assurance Company Ltd,NIACL,New India Assurance Co. Ltd.,BSE,stock,INE470Y01017,Finance,Multi-Line Insurance,Financials,accept
NIBE,BSE_IN,NIBE Ltd,NIBE,Nibe Ltd.,BSE,stock,INE149O01018,Process Industries,Textiles,Materials,accept
NIBL,BSE_IN,NRB Industrial Bearings Ltd,NIBL,NRB Industrial Bearings Ltd.,BSE,stock,INE047O01014,Producer Manufacturing,Metal Fabrication,Industrials,accept
NICCOPAR,NSE_IN,Nicco Parks & Resorts Limited,NICCOPAR,Nicco Parks & Resorts Ltd.,NSE,stock,INE653C01022,Consumer Services,Movies/Entertainment,Communication Services,accept
NIITLTD,BSE_IN,NIIT Ltd,NIITLTD,NIIT Limited,BSE,stock,INE161A01038,Commercial Services,Miscellaneous Commercial Services,Industrials,accept
NIITMTS,BSE_IN,NIIT Learning Systems Ltd,NIITMTS,NIIT Learning Systems Ltd,BSE,stock,INE342G01023,Commercial Services,Miscellaneous Commercial Services,Industrials,accept
NILAINFRA,BSE_IN,Nila Infrastructures Ltd,NILAINFRA,Nila Infrastructures Limited,BSE,stock,INE937C01029,Industrial Services,Engineering & Construction,Industrials,accept
NILASPACES,BSE_IN,Nila Spaces Ltd,NILASPACES,Nila Spaces Ltd.,BSE,stock,INE00S901012,Consumer Durables,Homebuilding,Consumer Discretionary,accept
NILE,NSE_IN,Nile Limited,NILE,Nile Limited,NSE,stock,INE445D01013,Non-Energy Minerals,Other Metals/Minerals,Materials,accept
NILKAMAL,BSE_IN,Nilkamal Ltd,NILKAMAL,Nilkamal Limited,BSE,stock,INE310A01015,Consumer Durables,Home Furnishings,Consumer Discretionary,accept
NIMBSPROJ,BSE_IN,Nimbus Projects Ltd,NIMBSPROJ,Nimbus Projects Limited,BSE,stock,INE875B01015,Finance,Real Estate Development,Real Estate,accept
NINSYS,NSE_IN,NINtec Systems Limited,NINSYS,NINtec Systems Ltd,NSE,stock,INE395U01014,Technology Services,Packaged Software,Information Technology,accept
NIPPOBATRY,BSE_IN,Indo National Ltd,NIPPOBATRY,Indo National Limited,BSE,stock,INE567A01028,Producer Manufacturing,Electrical Products,Industrials,accept
NIRAJ,BSE_IN,Niraj Cement Structurals Ltd,NIRAJ,Niraj Cement Structurals Limited,BSE,stock,INE368I01016,Industrial Services,Engineering & Construction,Industrials,accept
NIRAJISPAT,NSE_IN,Niraj Ispat Industries Limited,NIRAJISPAT,Niraj Ispat Industries Ltd,NSE,stock,INE326T01011,Producer Manufacturing,Miscellaneous Manufacturing,Industrials,accept
NIRLON,NSE_IN,Nirlon Limited,NIRLON,Nirlon Limited,NSE,stock,INE910A01012,Finance,Real Estate Development,Real Estate,accept
NITCO,BSE_IN,Nitco Ltd,NITCO,Nitco Limited,BSE,stock,INE858F01012,Producer Manufacturing,Building Products,Industrials,accept
NITINSPIN,BSE_IN,Nitin Spinners Ltd,NITINSPIN,Nitin Spinners Limited,BSE,stock,INE229H01012,Process Industries,Textiles,Materials,accept
NITTAGELA,NSE_IN,Nitta Gelatin India Limited,NITTAGELA,Nitta Gelatin India Limited,NSE,stock,INE265B01019,Consumer Non-Durables,Food: Specialty/Candy,Consumer Staples,accept
NIVABUPA,BSE_IN,Niva Bupa Health Insurance Company Ltd,NIVABUPA,Niva Bupa Health Insurance Company Limited,BSE,stock,INE995S01015,Finance,Life/Health Insurance,Financials,accept
NKIND,BSE_IN,NK Industries Ltd,NKIND,N.K. Industries Ltd.,BSE,stock,INE542C01019,Process Industries,Agricultural Commodities/Milling,Consumer Staples,accept
NKT,XETRA,NKT A/S NAM.        DK 20,NKT,NKT A/S,XETR,stock,DK0010287663,Producer Manufacturing,Electrical Products,Industrials,accept
NLCINDIA,BSE_IN,NLC India Ltd,NLCINDIA,NLC India Limited,BSE,stock,INE589A01014,Utilities,Electric Utilities,Utilities,accept
NMDC,BSE_IN,NMDC Ltd,NMDC,NMDC Limited,BSE,stock,INE584A01023,Non-Energy Minerals,Other Metals/Minerals,Materials,accept
NNM,XETRA,ONTO INNOVATION,NNM,"Onto Innovation, Inc.",XETR,stock,US6833441057,Electronic Technology,Electronic Equipment/Instruments,Information Technology,accept
NO8,XETRA,"NOV INC.    DL-,01",NO8,NOV Inc.,XETR,stock,US62955J1034,Industrial Services,Oilfield Services/Equipment,Industrials,accept
NOCIL,BSE_IN,NOCIL Ltd,NOCIL,NOCIL Limited,BSE,stock,INE163A01018,Process Industries,Chemicals: Specialty,Materials,accept
NOIDATOLL,BSE_IN,Noida Toll Bridge Company Ltd,NOIDATOLL,Noida Toll Bridge Co. Ltd.,BSE,stock,INE781B01015,Commercial Services,Advertising/Marketing Services,Industrials,accept
NORBTEAEXP,BSE_IN,Norben Tea & Exports Ltd,NORBTEAEXP,Norben Tea & Exports Ltd.,BSE,stock,INE369C01017,Consumer Non-Durables,Food: Specialty/Candy,Consumer Staples,accept
NORTHARC,BSE_IN,Northern Arc Capital Ltd,NORTHARC,Northern Arc Capital Ltd.,BSE,stock,INE850M01015,Finance,Finance/Rental/Leasing,Financials,accept
NORTHARC,NSE_IN,Northern Arc Capital Limited,NORTHARC,Northern Arc Capital Ltd.,NSE,stock,INE850M01015,Finance,Finance/Rental/Leasing,Financials,accept
NOVAAGRI,BSE_IN,Nova Agritech Ltd,NOVAAGRI,Nova Agritech Limited,BSE,stock,INE02H701025,Process Industries,Chemicals: Agricultural,Materials,accept
NOVAAGRI,NSE_IN,Nova Agritech Limited,NOVAAGRI,Nova Agritech Limited,NSE,stock,INE02H701025,Process Industries,Chemicals: Agricultural,Materials,accept
NOVARTIND,NSE_IN,Novartis India Limited,NOVARTIND,Novartis India Limited,NSE,stock,INE234A01025,Health Technology,Pharmaceuticals: Major,Health Care,accept
NOVYRA,BSE_IN,Novyra Pharmachem Ltd,NOVYRA,Novyra Pharmachem Ltd,BSE,stock,INE856E01019,Process Industries,Agricultural Commodities/Milling,Consumer Staples,accept
NPST,BSE_IN,Network People Services Technologies Ltd,NPST,Network People Services Technologies Limited,BSE,stock,INE0FFK01017,Technology Services,Packaged Software,Information Technology,accept
NPTH,TSXV,NeuPath Health Inc.,NPTH,Neupath Health Inc.,TSXV,stock,CA64133P1009,Finance,Financial Conglomerates,,unsupported_sector
NQG,XETRA,"MONOLITHIC POWER  DL-,001",NQG,"Monolithic Power Systems, Inc.",XETR,stock,US6098391054,Electronic Technology,Semiconductors,Information Technology,accept
NRAIL,BSE_IN,NR Agarwal Industries Ltd,NRAIL,NR Agarwal Industries Ltd.,BSE,stock,INE740D01017,Process Industries,Containers/Packaging,Materials,accept
NRBBEARING,BSE_IN,NRB Bearings Ltd,NRBBEARING,NRB Bearings Ltd.,BSE,stock,INE349A01021,Producer Manufacturing,Auto Parts: OEM,Industrials,accept
NRN,XETRA,"XCEL ENERGY       DL 2,50",NRN,Xcel Energy Inc.,XETR,stock,US98389B1008,Utilities,Electric Utilities,Utilities,accept
NSAI,NASDAQ,NorthStrive Acquisition Corp I. - Class A Ordinary Shares,NSAI,NorthStrive Acquisition Corp I. Class A,NASDAQ,stock,KYG6659W1033,Finance,Financial Conglomerates,,unsupported_sector
NSIL,BSE_IN,Nalwa Sons Investments Ltd,NSIL,Nalwa Sons Investments Limited,BSE,stock,INE023A01030,Finance,Financial Conglomerates,,unsupported_sector
NSLNISP,BSE_IN,NMDC Steel Ltd,NSLNISP,NMDC Steel Limited,BSE,stock,INE0NNS01018,Non-Energy Minerals,Steel,Materials,accept
NT4,XETRA,"NORTHN TRUST CORP.DL1,666",NT4,Northern Trust Corporation,XETR,stock,US6658591044,Finance,Investment Managers,Financials,accept
NTCIND,NSE_IN,NTC Industries Limited,NTCIND,NTC Industries Limited,NSE,stock,INE920C01017,Consumer Non-Durables,Tobacco,Consumer Staples,accept
NTEX,BVB,SIFI CJ STORAGE SA,NTEX,SIFI CJ STORAGE SA,BVB,stock,RONTEXACNOR5,Finance,Real Estate Development,Real Estate,accept
NTPC,BSE_IN,NTPC Ltd,NTPC,NTPC Limited,BSE,stock,INE733E01010,Utilities,Electric Utilities,Utilities,accept
NTPCGREEN,BSE_IN,NTPC Green Energy Ltd,NTPCGREEN,NTPC Green Energy Limited,BSE,stock,INE0ONG01011,Utilities,Alternative Power Generation,Utilities,accept
NUCLEUS,BSE_IN,Nucleus Software Exports Ltd,NUCLEUS,Nucleus Software Exports Limited,BSE,stock,INE096B01018,Technology Services,Information Technology Services,Information Technology,accept
NUIA,BVB,ABO MIX SA,NUIA,Abo Mix SA,BVB,stock,RONUIAACNOR2,Process Industries,Agricultural Commodities/Milling,Consumer Staples,accept
NUO,XETRA,"NUCOR CORP.        DL-,40",NUO,Nucor Corporation,XETR,stock,US6703461052,Non-Energy Minerals,Steel,Materials,accept
NURECA,BSE_IN,Nureca Ltd,NURECA,Nureca Ltd.,BSE,stock,INE0DSF01015,Health Technology,Medical Specialties,Health Care,accept
NUVAMA,BSE_IN,Nuvama Wealth Management Ltd,NUVAMA,Nuvama Wealth Management Limited,BSE,stock,INE531F01023,Finance,Investment Managers,Financials,accept
NUVOCO,BSE_IN,Nuvoco Vistas Corporation Ltd,NUVOCO,Nuvoco Vistas Corporation Limited,BSE,stock,INE118D01016,Non-Energy Minerals,Construction Materials,Materials,accept
NVX,TSXV,NV Gold Corp,NVX,NV Gold Corporation,TSXV,stock,CA67090W3075,Non-Energy Minerals,Precious Metals,,name_mismatch
NWCL,NASDAQ,newcleo plc - Ordinary Shares,NWCL,Newcleo plc,NASDAQ,stock,GB00BX835R35,Producer Manufacturing,Industrial Machinery,Industrials,accept
NXAT,NASDAQ,Nexus Advanced Technologies Inc. - Ordinary Shares,NXAT,Nexus Advanced Technologies Inc.,NASDAQ,stock,KYG531511338,Finance,Financial Conglomerates,,unsupported_sector
NXZ,XETRA,"NEXSTAR MEDIA GR.  DL-,01",NXZ,"Nexstar Media Group, Inc.",XETR,stock,US65336K1034,Consumer Services,Broadcasting,Communication Services,accept
NYKAA,BSE_IN,FSN E-Commerce Ventures Ltd,NYKAA,FSN E-Commerce Ventures Ltd.,BSE,stock,INE388Y01029,Retail Trade,Internet Retail,Consumer Discretionary,accept
NYT,XETRA,"N.Y. TIMES CL.A    DL-,10",NYT,New York Times Company Class A,XETR,stock,US6501111073,Consumer Services,Publishing: Newspapers,Consumer Discretionary,accept
OAL,BSE_IN,Oriental Aromatics Ltd,OAL,Oriental Aromatics Ltd.,BSE,stock,INE959C01023,Process Industries,Chemicals: Specialty,Materials,accept
OBB,XETRA,"BOOT BARN HLDGS  DL-,0001",OBB,"Boot Barn Holdings, Inc.",XETR,stock,US0994061002,Retail Trade,Apparel/Footwear Retail,Consumer Discretionary,accept
OBCL,BSE_IN,OBCL Ltd,OBCL,OBCL Limited,BSE,stock,INE426Z01016,Transportation,Trucking,Industrials,accept
OBEROIRLTY,BSE_IN,Oberoi Realty Ltd,OBEROIRLTY,Oberoi Realty Limited,BSE,stock,INE093I01010,Finance,Real Estate Development,Real Estate,accept
OCCLLTD,BSE_IN,OCCL Ltd,OCCLLTD,OCCL Limited,BSE,stock,INE0PK601023,Process Industries,Chemicals: Specialty,Materials,accept
OCCLLTD,NSE_IN,OCCL Limited,OCCLLTD,OCCL Limited,NSE,stock,INE0PK601023,Process Industries,Chemicals: Specialty,Materials,accept
OCLT,NASDAQ,OceanLight Acquisition Corporation - Ordinary Shares,OCLT,OceanLight Acquisition Corp.,NASDAQ,stock,KYG8280M1087,Finance,Financial Conglomerates,,unsupported_sector
OCN,XETRA,"OMNICOM GRP INC.   DL-,15",OCN,Omnicom Group Inc,XETR,stock,US6819191064,Commercial Services,Advertising/Marketing Services,Industrials,accept
ODIGMA,BSE_IN,Odigma Consultancy Solutions Ltd,ODIGMA,Odigma Consultancy Solutions Limited,BSE,stock,INE054301028,Technology Services,Internet Software/Services,Information Technology,accept
ODIGMA,NSE_IN,Odigma Consultancy Solutions Limited,ODIGMA,Odigma Consultancy Solutions Limited,NSE,stock,INE054301028,Technology Services,Internet Software/Services,Information Technology,accept
ODYCORP,NSE_IN,Odyssey Corporation Limited,ODYCORP,Odyssey Corporation Limited,NSE,stock,INE839E01023,Consumer Services,Movies/Entertainment,Communication Services,accept
OFSS,BSE_IN,Oracle Financial Services Software Ltd,OFSS,Oracle Financial Services Software Limited,BSE,stock,INE881D01027,Technology Services,Packaged Software,Information Technology,accept
OIG,NASDAQ,Orion180 Insurance Group Inc. - Class A Common Stock,OIG,"Orion180 Insurance Group, Inc. Class A",NASDAQ,stock,US68629T1043,Finance,Property/Casualty Insurance,Financials,accept
OIL,BSE_IN,Oil India Ltd,OIL,Oil India Limited,BSE,stock,INE274J01014,Energy Minerals,Integrated Oil,Energy,accept
OILCOUNTUB,BSE_IN,Oil Country Tubular Ltd,OILCOUNTUB,Oil Country Tubular Limited,BSE,stock,INE591A01010,Industrial Services,Oilfield Services/Equipment,Industrials,accept
OL6,XETRA,"OLL.BARG.OUTL.HLD.DL-,001",OL6,Ollie's Bargain Outlet Holdings Inc,XETR,stock,US6811161099,Retail Trade,Department Stores,Consumer Discretionary,accept
OLAELEC,BSE_IN,Ola Electric Mobility Ltd,OLAELEC,Ola Electric Mobility Limited,BSE,stock,INE0LXG01040,Consumer Durables,Motor Vehicles,Consumer Discretionary,accept
OLECTRA,BSE_IN,Olectra Greentech Ltd,OLECTRA,Olectra Greentech Limited,BSE,stock,INE260D01016,Consumer Durables,Motor Vehicles,Consumer Discretionary,accept
OLY,TSX,Olympia Financial Group Inc,OLY,Olympia Financial Group Inc.,TSX,stock,CA6814721065,Finance,Financial Conglomerates,,unsupported_sector
OM6,XETRA,"O'REILLY AUTOMOTIV.DL-,01",OM6,"O'Reilly Automotive, Inc.",XETR,stock,US67103H1077,Retail Trade,Specialty Stores,Consumer Discretionary,accept
OMAXAUTO,BSE_IN,Omax Autos Ltd,OMAXAUTO,Omax Autos Limited,BSE,stock,INE090B01011,Producer Manufacturing,Auto Parts: OEM,Industrials,accept
OMAXE,BSE_IN,Omaxe Ltd,OMAXE,Omaxe Limited,BSE,stock,INE800H01010,Finance,Real Estate Development,Real Estate,accept
OMFREIGHT,BSE_IN,Om Freight Forwarders Ltd,OMFREIGHT,Om Freight Forwarders Limited,BSE,stock,INE1BZC01019,Transportation,Air Freight/Couriers,Industrials,accept
OMFREIGHT,NSE_IN,Om Freight Forwarders Limited,OMFREIGHT,Om Freight Forwarders Limited,NSE,stock,INE1BZC01019,Transportation,Air Freight/Couriers,Industrials,accept
OMINFRAL,BSE_IN,OM Infra Ltd,OMINFRAL,Om Infra Limited,BSE,stock,INE239D01028,Industrial Services,Engineering & Construction,Industrials,accept
OMNI,BSE_IN,Omnitech Engineering Ltd,OMNI,Omnitech Engineering Limited,BSE,stock,INE0UH301010,Producer Manufacturing,Metal Fabrication,Industrials,accept
OMNI,NSE_IN,Omnitech Engineering Limited,OMNI,Omnitech Engineering Limited,NSE,stock,INE0UH301010,Producer Manufacturing,Metal Fabrication,Industrials,accept
OMPOWER,BSE_IN,Om Power Transmission Ltd,OMPOWER,Om Power Transmission Ltd.,BSE,stock,INE25E901019,Utilities,Electric Utilities,Utilities,accept
OMPOWER,NSE_IN,Om Power Transmission Limited,OMPOWER,Om Power Transmission Ltd.,NSE,stock,INE25E901019,Utilities,Electric Utilities,Utilities,accept
ONEGLOBAL,NSE_IN,One Global Service Provider Limited,ONEGLOBAL,One Global Service Provider Ltd.,NSE,stock,INE670O01013,Commercial Services,Miscellaneous Commercial Services,Industrials,accept
ONEINDIG,BSE_IN,Oneindig Technologies Ltd,ONEINDIG,Oneindig Technologies Limited,BSE,stock,INE0UR501013,Industrial Services,Engineering & Construction,Industrials,accept
ONELIFECAP,BSE_IN,Onelife Capital Advisors Ltd,ONELIFECAP,Onelife Capital Advisors Limited,BSE,stock,INE912L01015,Finance,Investment Managers,Financials,accept
ONEN,NASDAQ,ONE Nuclear Energy Inc. - Common Stock,ONEN,ONE Nuclear Energy Inc.,NASDAQ,stock,US68253E1001,Finance,Financial Conglomerates,,unsupported_sector
ONEPOINT,BSE_IN,One Point One Solutions Ltd,ONEPOINT,One Point One Solutions Ltd.,BSE,stock,INE840Y01029,Commercial Services,Miscellaneous Commercial Services,Industrials,accept
ONESOURCE,BSE_IN,Onesource Specialty Pharma Ltd,ONESOURCE,OneSource Specialty Pharma Limited,BSE,stock,INE013P01021,Health Technology,Pharmaceuticals: Major,Health Care,accept
ONGC,BSE_IN,Oil and Natural Gas Corporation Ltd,ONGC,Oil & Natural Gas Corp. Ltd.,BSE,stock,INE213A01029,Energy Minerals,Integrated Oil,Energy,accept
ONIDA,BSE_IN,Onida Electronics Ltd,ONIDA,Onida Electronics Ltd,BSE,stock,INE831A01028,Electronic Technology,Telecommunications Equipment,Information Technology,accept
ONIDA,NSE_IN,Onida Electronics Limited,ONIDA,Onida Electronics Ltd,NSE,stock,INE831A01028,Electronic Technology,Telecommunications Equipment,Information Technology,accept
ONIXSOLAR,NSE_IN,Onix Solar Energy Limited,ONIXSOLAR,Onix Solar Energy Ltd.,NSE,stock,INE173M01012,Producer Manufacturing,Industrial Machinery,Industrials,accept
ONK,XETRA,"ONEOK, Inc.",,,,,,,,,no_tradingview_match
ONMOBILE,BSE_IN,OnMobile Global Ltd,ONMOBILE,OnMobile Global Limited,BSE,stock,INE809I01019,Communications,Specialty Telecommunications,Communication Services,accept
ONWARDTEC,BSE_IN,Onward Technologies Ltd,ONWARDTEC,Onward Technologies Limited,BSE,stock,INE229A01017,Technology Services,Information Technology Services,Information Technology,accept
OO6,XETRA,LEGENCE CORP. CL.A   O.N.,OO6,Legence Corp. Class A,XETR,stock,US52476L1098,Industrial Services,Engineering & Construction,Industrials,accept
OPNW,NASDAQ,"OpenWorld, Inc. - Common Stock",OPNW,"OpenWorld, Inc.",NASDAQ,stock,US92346X3052,Technology Services,Packaged Software,Information Technology,accept
OPTIEMUS,BSE_IN,Optiemus Infracom Ltd,OPTIEMUS,Optiemus Infracom Limited,BSE,stock,INE350C01017,Distribution Services,Electronics Distributors,Industrials,accept
OPTIFIN,NSE_IN,Optimus Finance Limited,OPTIFIN,Optimus Finance Ltd,NSE,stock,INE031G01022,Distribution Services,Wholesale Distributors,Industrials,accept
OPTIMYSTIX,NSE_IN,Optimystix Entertainment India Limited,OPTIMYSTIX,Optimystix Entertainment India Limited,NSE,stock,INE1JZB01022,Consumer Services,Movies/Entertainment,Communication Services,accept
ORBTEXP,BSE_IN,Orbit Exports Ltd,ORBTEXP,Orbit Exports Ltd,BSE,stock,INE231G01010,Process Industries,Textiles,Materials,accept
ORCHASP,BSE_IN,Orchasp Ltd,ORCHASP,Orchasp Ltd,BSE,stock,INE215B01022,Technology Services,Information Technology Services,Information Technology,accept
ORCHASP,NSE_IN,Orchasp Limited,ORCHASP,Orchasp Ltd,NSE,stock,INE215B01022,Technology Services,Information Technology Services,Information Technology,accept
ORCHPHARMA,BSE_IN,Orchid Pharma Ltd,ORCHPHARMA,Orchid Pharma Limited,BSE,stock,INE191A01027,Health Technology,Pharmaceuticals: Major,Health Care,accept
ORICONENT,BSE_IN,Oricon Enterprises Ltd,ORICONENT,Oricon Enterprises Limited,BSE,stock,INE730A01022,Producer Manufacturing,Miscellaneous Manufacturing,Industrials,accept
ORIENTALTL,BSE_IN,Oriental Trimex Ltd,ORIENTALTL,Oriental Trimex Limited,BSE,stock,INE998H01012,Non-Energy Minerals,Construction Materials,Materials,accept
ORIENTBELL,BSE_IN,Orient Bell Ltd,ORIENTBELL,Orient Bell Limited,BSE,stock,INE607D01018,Producer Manufacturing,Building Products,Industrials,accept
ORIENTCEM,BSE_IN,Orient Cement Ltd,ORIENTCEM,Orient Cement Ltd.,BSE,stock,INE876N01018,Non-Energy Minerals,Construction Materials,Materials,accept
ORIENTCER,BSE_IN,Orient Ceratech Ltd,ORIENTCER,Orient Ceratech Ltd,BSE,stock,INE569C01020,Non-Energy Minerals,Aluminum,Materials,accept
ORIENTELEC,BSE_IN,Orient Electric Ltd,ORIENTELEC,Orient Electric Ltd.,BSE,stock,INE142Z01019,Consumer Durables,Electronics/Appliances,Consumer Discretionary,accept
ORIENTHOT,BSE_IN,Oriental Hotels Ltd,ORIENTHOT,Oriental Hotels Limited,BSE,stock,INE750A01020,Consumer Services,Hotels/Resorts/Cruise lines,Consumer Discretionary,accept
ORIENTLTD,BSE_IN,Orient Press Ltd,ORIENTLTD,Orient Press Limited,BSE,stock,INE609C01024,Process Industries,Containers/Packaging,Materials,accept
ORIENTPPR,BSE_IN,Orient Paper & Industries Ltd,ORIENTPPR,Orient Paper & Industries Ltd.,BSE,stock,INE592A01026,Process Industries,Pulp & Paper,Materials,accept
ORIENTTECH,BSE_IN,Orient Technologies Ltd,ORIENTTECH,Orient Technologies Limited,BSE,stock,INE0PPK01015,Technology Services,Information Technology Services,Information Technology,accept
ORIENTTECH,NSE_IN,Orient Technologies Limited,ORIENTTECH,Orient Technologies Limited,NSE,stock,INE0PPK01015,Technology Services,Information Technology Services,Information Technology,accept
ORIRAIL,NSE_IN,Oriental Rail Infrastructure Limited,ORIRAIL,Oriental Rail Infrastructure Ltd.,NSE,stock,INE457G01029,Producer Manufacturing,Building Products,Industrials,accept
ORISSAMINE,BSE_IN,Orissa Minerals Development Company Ltd,ORISSAMINE,Orissa Minerals Development Company Limited,BSE,stock,INE725E01024,Non-Energy Minerals,Steel,Materials,accept
ORKLAINDIA,BSE_IN,Orkla India Ltd,ORKLAINDIA,Orkla India Ltd.,BSE,stock,INE16NZ01023,Consumer Non-Durables,Food: Specialty/Candy,Consumer Staples,accept
ORKLAINDIA,NSE_IN,Orkla India Limited,ORKLAINDIA,Orkla India Ltd.,NSE,stock,INE16NZ01023,Consumer Non-Durables,Food: Specialty/Candy,Consumer Staples,accept
ORTEL,NSE_IN,Ortel Communications Limited,ORTEL,Ortel Communications Limited,NSE,stock,INE849L01019,Consumer Services,Cable/Satellite TV,Communication Services,accept
ORTINGLOBE,NSE_IN,ORTIN GLOBAL LIMITED,ORTINGLOBE,Ortin Global Ltd,NSE,stock,INE749B01020,Health Technology,Pharmaceuticals: Major,Health Care,accept
OSPR,NASDAQ,Osprey Acquisition Corp. III - Class A Ordinary Shares,OSPR,Osprey Acquisition Corp. III Class A,NASDAQ,stock,KYG6841G1073,Finance,Financial Conglomerates,,unsupported_sector
OSWALAGRO,BSE_IN,Oswal Agro Mills Ltd,OSWALAGRO,Oswal Agro Mills Ltd.,BSE,stock,INE142A01012,Finance,Real Estate Development,Real Estate,accept
OSWALGREEN,BSE_IN,Oswal Greentech Ltd,OSWALGREEN,Oswal Greentech Ltd.,BSE,stock,INE143A01010,Finance,Real Estate Development,Real Estate,accept
OSWALPUMPS,BSE_IN,Oswal Pumps Ltd,OSWALPUMPS,Oswal Pumps Limited,BSE,stock,INE0BYP01024,Producer Manufacturing,Industrial Machinery,Industrials,accept
OSWALPUMPS,NSE_IN,Oswal Pumps Limited,OSWALPUMPS,Oswal Pumps Limited,NSE,stock,INE0BYP01024,Producer Manufacturing,Industrial Machinery,Industrials,accept
P5F,XETRA,"PERFORMANCE FD GR. DL-,01",P5F,Performance Food Group Co,XETR,stock,US71377A1034,Transportation,Other Transportation,Industrials,accept
P8S0,XETRA,GLOBALSTAR INC. O.N.,P8S0,"Globalstar, Inc.",XETR,stock,US3789735079,Communications,Wireless Telecommunications,Communication Services,accept
PACEDIGITK,BSE_IN,Pace Digitek Ltd,PACEDIGITK,Pace Digitek Limited,BSE,stock,INE0S3G01027,Utilities,Electric Utilities,Utilities,accept
PACEDIGITK,NSE_IN,Pace Digitek Limited,PACEDIGITK,Pace Digitek Limited,NSE,stock,INE0S3G01027,Utilities,Electric Utilities,Utilities,accept
PACIFICI,NSE_IN,Pacific Industries Limited,PACIFICI,Pacific Industries Ltd.,NSE,stock,INE883C01025,Non-Energy Minerals,Construction Materials,Materials,accept
PACY,BVB,PALACE SA SINAIA,PACY,Palace SA,BVB,stock,ROPACYACNOR2,Consumer Services,Hotels/Resorts/Cruise lines,Consumer Discretionary,accept
PAGEIND,BSE_IN,Page Industries Ltd,PAGEIND,Page Industries Limited,BSE,stock,INE761H01022,Consumer Non-Durables,Apparel/Footwear,Consumer Staples,accept
PAISALO,BSE_IN,Paisalo Digital Ltd,PAISALO,Paisalo Digital Ltd.,BSE,stock,INE420C01059,Finance,Finance/Rental/Leasing,Financials,accept
PAKKA,BSE_IN,Pakka Ltd,PAKKA,Pakka Ltd,BSE,stock,INE551D01018,Process Industries,Pulp & Paper,Materials,accept
PAKKA,NSE_IN,PAKKA LIMITED,PAKKA,Pakka Ltd,NSE,stock,INE551D01018,Process Industries,Pulp & Paper,Materials,accept
PALASHSECU,BSE_IN,Palash Securities Ltd,PALASHSECU,Palash Securities Ltd.,BSE,stock,INE471W01019,Consumer Non-Durables,Food: Specialty/Candy,Consumer Staples,accept
PALREDTEC,BSE_IN,Palred Technologies Ltd,PALREDTEC,Palred Technologies Limited,BSE,stock,INE218G01033,Distribution Services,Electronics Distributors,Industrials,accept
PALUCK,BSE_IN,Paluck Technologies Ltd,PALUCK,Paluck Technologies Limited,BSE,stock,INE0LHB01010,Industrial Services,Engineering & Construction,Industrials,accept
PANACEABIO,BSE_IN,Panacea Biotec Ltd,PANACEABIO,Panacea Biotec Limited,BSE,stock,INE922B01023,Health Technology,Pharmaceuticals: Major,Health Care,accept
PANAMAPET,BSE_IN,Panama Petrochem Ltd,PANAMAPET,Panama Petrochem Limited,BSE,stock,INE305C01029,Process Industries,Industrial Specialties,Materials,accept
PANCHATV,BSE_IN,Panchatv Bharat Ltd,PANCHATV,Panchatv Bharat Limited,BSE,stock,INE0VXN01011,Process Industries,Textiles,Materials,accept
PANCHMAHQ,NSE_IN,Panchmahal Steel Limited,PANCHMAHQ,Panchmahal Steel Ltd,NSE,stock,INE798F01010,Non-Energy Minerals,Steel,Materials,accept
PANORAMA,NSE_IN,Panorama Studios International Limited,PANORAMA,Panorama Studios International Ltd,NSE,stock,INE258R01028,Retail Trade,Specialty Stores,Consumer Discretionary,accept
PAR,XETRA,"PARKER-HANNIFIN   DL-,50",PAR,Parker-Hannifin Corporation,XETR,stock,US7010941042,Producer Manufacturing,Industrial Machinery,Industrials,accept
PARACABLES,BSE_IN,Paramount Communications Ltd,PARACABLES,Paramount Communications Limited,BSE,stock,INE074B01023,Producer Manufacturing,Electrical Products,Industrials,accept
PARADEEP,BSE_IN,Paradeep Phosphates Ltd,PARADEEP,Paradeep Phosphates Ltd.,BSE,stock,INE088F01024,Process Industries,Chemicals: Agricultural,Materials,accept
PARAGMILK,BSE_IN,Parag Milk Foods Ltd,PARAGMILK,Parag Milk Foods Ltd.,BSE,stock,INE883N01014,Consumer Non-Durables,Food: Meat/Fish/Dairy,Consumer Staples,accept
PARAS,BSE_IN,Paras Defence and Space Technologies Ltd,PARAS,Paras Defence & Space Technologies Ltd.,BSE,stock,INE045601023,Electronic Technology,Aerospace & Defense,Industrials,accept
PARASPETRO,NSE_IN,Paras Petrofils Limited,PARASPETRO,Paras Petrofils Limited,NSE,stock,INE162C01024,Process Industries,Textiles,Materials,accept
PARKHOSPS,BSE_IN,Park Medi World Ltd,PARKHOSPS,Park Medi World Limited,BSE,stock,INE119201023,Health Services,Hospital/Nursing Management,Health Care,accept
PARKHOSPS,NSE_IN,Park Medi World Limited,PARKHOSPS,Park Medi World Limited,NSE,stock,INE119201023,Health Services,Hospital/Nursing Management,Health Care,accept
PARKHOTELS,BSE_IN,Apeejay Surrendra Park Hotels Ltd,PARKHOTELS,Apeejay Surrendra Park Hotels Ltd.,BSE,stock,INE988S01028,Consumer Services,Hotels/Resorts/Cruise lines,Consumer Discretionary,accept
PARNAXLAB,NSE_IN,Parnax Lab Limited,PARNAXLAB,Parnax Lab Limited,NSE,stock,INE383L01019,Health Technology,Pharmaceuticals: Major,Health Care,accept
PARSVNATH,BSE_IN,Parsvnath Developers Ltd,PARSVNATH,Parsvnath Developers Limited,BSE,stock,INE561H01026,Finance,Real Estate Development,Real Estate,accept
PASHUPATI,BSE_IN,Pashupati Cotspin Ltd,PASHUPATI,Pashupati Cotspin Ltd.,BSE,stock,INE124Y01028,Process Industries,Textiles,Materials,accept
PASHUPATI,NSE_IN,Pashupati Cotspin Limited,PASHUPATI,Pashupati Cotspin Ltd.,NSE,stock,INE124Y01028,Process Industries,Textiles,Materials,accept
PASUPTAC,BSE_IN,Pasupati Acrylon Ltd,PASUPTAC,Pasupati Acrylon Limited,BSE,stock,INE818B01023,Process Industries,Textiles,Materials,accept
PATANJALI,BSE_IN,Patanjali Foods Ltd,PATANJALI,Patanjali Foods Limited,BSE,stock,INE619A01035,Process Industries,Agricultural Commodities/Milling,Consumer Staples,accept
PATELENG,BSE_IN,Patel Engineering Ltd,PATELENG,Patel Engineering Limited,BSE,stock,INE244B01030,Industrial Services,Engineering & Construction,Industrials,accept
PATELRMART,BSE_IN,Patel Retail Ltd,PATELRMART,Patel Retail Limited,BSE,stock,INE0R8B01010,Retail Trade,Food Retail,Consumer Staples,accept
PATELRMART,NSE_IN,Patel Retail Limited,PATELRMART,Patel Retail Limited,NSE,stock,INE0R8B01010,Retail Trade,Food Retail,Consumer Staples,accept
PATINTLOG,BSE_IN,Patel Integrated Logistics Ltd,PATINTLOG,Patel Integrated Logistics Ltd.,BSE,stock,INE529D01014,Transportation,Other Transportation,Industrials,accept
PAUSHAKLTD,NSE_IN,Paushak Limited,PAUSHAKLTD,Paushak Limited,NSE,stock,INE111F01024,Process Industries,Chemicals: Major Diversified,Materials,accept
PAVNAIND,BSE_IN,Pavna Industries Ltd,PAVNAIND,Pavna Industries Limited,BSE,stock,INE07S101038,Producer Manufacturing,Auto Parts: OEM,Industrials,accept
PAYTM,BSE_IN,One 97 Communications Ltd,PAYTM,One 97 Communications Ltd.,BSE,stock,INE982J01020,Finance,Finance/Rental/Leasing,Financials,accept
PBMPOLY,NSE_IN,PBM Polytex Limited,PBMPOLY,PBM Polytex Ltd.,NSE,stock,INE501F01018,Process Industries,Textiles,Materials,accept
PCBL,BSE_IN,PCBL Chemical Ltd,PCBL,PCBL Chemical Limited,BSE,stock,INE602A01031,Process Industries,Industrial Specialties,Materials,accept
PCG,XETRA,PG + E CORP.,PCG,PG&E Corporation,XETR,stock,US69331C1080,Utilities,Electric Utilities,Utilities,accept
PCJEWELLER,BSE_IN,PC Jeweller Ltd,PCJEWELLER,PC Jeweller Ltd.,BSE,stock,INE785M01021,Consumer Durables,Other Consumer Specialties,Consumer Discretionary,accept
PCTM,BVB,PRIMACONSTRUCT SA TIMISOARA,PCTM,Prima Construct SA Timisoara,BVB,stock,ROPCTMACNOR7,Industrial Services,Engineering & Construction,Industrials,accept
PCU,XETRA,"SOUTHERN COPPER    DL-,01",PCU,Southern Copper Corporation,XETR,stock,US84265V1052,Non-Energy Minerals,Other Metals/Minerals,Materials,accept
PCX,XETRA,"PAYCHEX INC.       DL-,01",PCX,"Paychex, Inc.",XETR,stock,US7043261079,Technology Services,Data Processing Services,Information Technology,accept
PDMJEPAPER,BSE_IN,Pudumjee Paper Products Ltd,PDMJEPAPER,Pudumjee Paper Products Ltd.,BSE,stock,INE865T01018,Process Industries,Pulp & Paper,Materials,accept
PDSL,BSE_IN,PDS Ltd,PDSL,PDS Limited,BSE,stock,INE111Q01021,Consumer Non-Durables,Apparel/Footwear,Consumer Staples,accept
PEA,XETRA,"PEGASYSTEMS        DL-,01",PEA,Pegasystems Inc.,XETR,stock,US7055731035,Technology Services,Information Technology Services,Information Technology,accept
PEARLPOLY,BSE_IN,PEARL Polymers Ltd,PEARLPOLY,Pearl Polymers Limited,BSE,stock,INE844A01013,Process Industries,Containers/Packaging,Materials,accept
PEH,XETRA,PEH Wertpapier AG,,,,,,,,,no_tradingview_match
PELA,BVB,PERLA COVASNEI SA VOLUNTARI,,,,,,,,,no_tradingview_match
PEN,XETRA,PBF ENERGY INC. CL.A,PEN,"PBF Energy, Inc. Class A",XETR,stock,US69318G1067,Energy Minerals,Oil Refining/Marketing,Energy,accept
PENIND,BSE_IN,Pennar Industries Ltd,PENIND,Pennar Industries Limited,BSE,stock,INE932A01024,Non-Energy Minerals,Steel,Materials,accept
PENINLAND,BSE_IN,Peninsula Land Ltd,PENINLAND,Peninsula Land Limited,BSE,stock,INE138A01028,Finance,Real Estate Development,Real Estate,accept
PEO,XETRA,EXELON CORP.,PEO,Exelon Corporation,XETR,stock,US30161N1019,Utilities,Electric Utilities,Utilities,accept
PERMAGN,NSE_IN,Permanent Magnets Limited,PERMAGN,Permanent Magnets Limited,NSE,stock,INE418E01018,Producer Manufacturing,Industrial Machinery,Industrials,accept
PERNIASPOP,BSE_IN,Purple Style Labs Ltd,PERNIASPOP,Purple Style Labs Limited,BSE,stock,INE0I1B01016,Retail Trade,Apparel/Footwear Retail,Consumer Discretionary,accept
PERNIASPOP,NSE_IN,Purple Style Labs Limited,PERNIASPOP,Purple Style Labs Limited,NSE,stock,INE0I1B01016,Retail Trade,Apparel/Footwear Retail,Consumer Discretionary,accept
PERSISTENT,BSE_IN,Persistent Systems Ltd,PERSISTENT,Persistent Systems Limited,BSE,stock,INE262H01021,Technology Services,Information Technology Services,Information Technology,accept
PETRONET,BSE_IN,Petronet LNG Ltd,PETRONET,Petronet Lng Limited,BSE,stock,INE347G01014,Utilities,Gas Distributors,Utilities,accept
PETY,BVB,PETAL SA HUSI (fost ROBINETE INDUSTRIALE - UTILAJ PETROLIER),PETY,Petal SA,BVB,stock,ROPETYACNOR8,Producer Manufacturing,Industrial Machinery,Industrials,accept
PFC,BSE_IN,Power Finance Corporation Ltd,PFC,Power Finance Corporation Limited,BSE,stock,INE134E01011,Finance,Finance/Rental/Leasing,Financials,accept
PFIZER,BSE_IN,Pfizer Ltd,PFIZER,PFIZER LIMITED,BSE,stock,INE182A01018,Health Technology,Pharmaceuticals: Major,Health Care,accept
PFIZER,NSE_IN,Pfizer Limited,PFIZER,PFIZER LIMITED,NSE,stock,INE182A01018,Health Technology,Pharmaceuticals: Major,Health Care,accept
PFOCUS,BSE_IN,Prime Focus Ltd,PFOCUS,Prime Focus Limited,BSE,stock,INE367G01038,Consumer Services,Movies/Entertainment,Communication Services,accept
PFS,BSE_IN,PTC India Financial Services Ltd,PFS,PTC India Financial Services Limited,BSE,stock,INE560K01014,Finance,Finance/Rental/Leasing,Financials,accept
PFZ0,XETRA,PINNACLE FINL P. NEW O.N.,PFZ0,"Pinnacle Financial Partners, Inc.",XETR,stock,US72348N1090,Finance,Regional Banks,Financials,accept
PG4,XETRA,"PRINCIPAL FINL GRP DL-,01",PG4,"Principal Financial Group, Inc.",XETR,stock,US74251V1026,Finance,Investment Managers,Financials,accept
PGEL,BSE_IN,PG Electroplast Ltd,PGEL,PG Electroplast Limited,BSE,stock,INE457L01029,Electronic Technology,Electronic Production Equipment,Information Technology,accept
PGHH,BSE_IN,Procter & Gamble Hygiene and Health Care Ltd,PGHH,Procter & Gamble Hygiene & Health Care Ltd.,BSE,stock,INE179A01014,Consumer Non-Durables,Household/Personal Care,Consumer Staples,accept
PGHL,BSE_IN,Procter & Gamble Health Ltd,PGHL,Procter & Gamble Health Ltd.,BSE,stock,INE199A01012,Health Technology,Pharmaceuticals: Major,Health Care,accept
PGIL,BSE_IN,Pearl Global Industries Ltd,PGIL,Pearl Global Industries Limited,BSE,stock,INE940H01022,Consumer Non-Durables,Apparel/Footwear,Consumer Staples,accept
PGV,XETRA,PROGRESSIVE CORP.    DL 1,PGV,Progressive Corporation,XETR,stock,US7433151039,Finance,Multi-Line Insurance,Financials,accept
PHLSDDI,BSE_IN,Platinum Hybrid Long-Short Fund – Direct Plan IDCW reinvestments,PHLSDDI,Platinum Hybrid Long-Short Fund Units -Direct Plan IDCW Reinvestments,BSE,fund,INF769K30050,,,,asset_type_mismatch
PHLSDDP,BSE_IN,Platinum Hybrid Long-Short Fund – Direct Plan IDCW payout,PHLSDDP,Platinum Hybrid Long-Short Fund Units -Direct Plan IDCW Payout,BSE,fund,INF769K30068,,,,asset_type_mismatch
PHLSDG,BSE_IN,Platinum Hybrid Long-Short Fund – Direct Plan growth,PHLSDG,Platinum Hybrid Long-Short Fund Units -Direct Plan Growth,BSE,fund,INF769K30043,,,,asset_type_mismatch
PHLSRDI,BSE_IN,Platinum Hybrid Long-Short Fund- Regular plan IDCW reinvestments,PHLSRDI,Platinum Hybrid Long-Short Fund Units - Regular plan IDCW Reinvestments,BSE,fund,INF769K30027,,,,asset_type_mismatch
PHLSRDP,BSE_IN,Platinum Hybrid Long-Short Fund – Regular plan IDCW payout,PHLSRDP,Platinum Hybrid Long-Short Fund Units -Regular Plan IDCW Payout,BSE,fund,INF769K30035,,,,asset_type_mismatch
PHLSRG,BSE_IN,Platinum Hybrid Long-Short Fund- Regular plan growth,PHLSRG,Platinum Hybrid Long-Short Fund Units - Regular Plan Growth,BSE,fund,INF769K30019,,,,asset_type_mismatch
PHOENIXLTD,BSE_IN,The Phoenix Mills Ltd,PHOENIXLTD,Phoenix Mills Ltd.,BSE,stock,INE211B01039,Finance,Real Estate Development,Real Estate,accept
PHOENXINTL,NSE_IN,Phoenix International Limited,PHOENXINTL,Phoenix International Limited,NSE,stock,INE245B01011,Finance,Real Estate Development,Real Estate,accept
PHYCHEM,BSE_IN,Phychem Technologies Ltd,PHYCHEM,Phychem Technologies Limited,BSE,stock,INE24YP01017,Process Industries,Chemicals: Specialty,Materials,accept
PICCADIL,NSE_IN,Piccadily Agro Industries Limited,PICCADIL,Piccadily Agro Industries Limited,NSE,stock,INE546C01010,Process Industries,Agricultural Commodities/Milling,Consumer Staples,accept
PIDILITIND,BSE_IN,Pidilite Industries Ltd,PIDILITIND,Pidilite Industries Limited,BSE,stock,INE318A01026,Process Industries,Industrial Specialties,Materials,accept
PIGL,BSE_IN,Power and Instrumentation (Gujarat) Ltd,PIGL,Power & Instrumentation (Gujarat) Ltd.,BSE,stock,INE557Z01018,Industrial Services,Engineering & Construction,Industrials,accept
PIIND,BSE_IN,PI Industries Ltd,PIIND,PI Industries Limited,BSE,stock,INE603J01030,Process Industries,Chemicals: Specialty,Materials,accept
PILANIINVS,BSE_IN,Pilani Investment and Industries Corporation Ltd,PILANIINVS,Pilani Investment And Industries Corporation Limited,BSE,stock,INE417C01014,Finance,Financial Conglomerates,,unsupported_sector
PILITA,BSE_IN,Pil Italica Lifestyle Ltd,PILITA,PIL Italica Lifestyle Limited,BSE,stock,INE600A01035,Producer Manufacturing,Miscellaneous Manufacturing,Industrials,accept
PINELABS,BSE_IN,Pine Labs Ltd,PINELABS,Pine Labs Limited,BSE,stock,INE15B701018,Technology Services,Packaged Software,Information Technology,accept
PIONEEREMB,BSE_IN,Pioneer Embroideries Ltd,PIONEEREMB,Pioneer Embroideries Limited,BSE,stock,INE156C01018,Consumer Non-Durables,Apparel/Footwear,Consumer Staples,accept
PIONRINV,NSE_IN,Pioneer Investcorp Limited,PIONRINV,Pioneer Investcorp Limited,NSE,stock,INE746D01014,Finance,Investment Banks/Brokers,Financials,accept
PIPAN,BSE_IN,Pipan Oils Ltd,PIPAN,Pipan Oils Ltd,BSE,stock,INE378P01036,Distribution Services,Wholesale Distributors,Industrials,accept
PIRAMALFIN,BSE_IN,Piramal Finance Ltd,PIRAMALFIN,Piramal Finance Limited,BSE,stock,INE202B01038,Finance,Finance/Rental/Leasing,Financials,accept
PIT,XETRA,PITTLER MASCHINENFABRIK AG,,,,,,,,,no_tradingview_match
PITTIENG,BSE_IN,Pitti Engineering Ltd,PITTIENG,Pitti Engineering Ltd.,BSE,stock,INE450D01021,Producer Manufacturing,Industrial Machinery,Industrials,accept
PIXTRANS,BSE_IN,Pix Transmissions Ltd,PIXTRANS,PIX Transmissions Ltd,BSE,stock,INE751B01018,Producer Manufacturing,Miscellaneous Manufacturing,Industrials,accept
PKA,XETRA,PACKAGING CORP. OF AMER.,PKA,Packaging Corporation of America,XETR,stock,US6951561090,Process Industries,Containers/Packaging,Materials,accept
PKB,XETRA,PARK U.BELLHEIMER AG O.N.,,,,,,,,,no_tradingview_match
PL6,XETRA,"POLARIS INC.      DL -,01",PL6,Polaris Inc.,XETR,stock,US7310681025,Consumer Durables,Recreational Products,Consumer Discretionary,accept
PLASTIBLEN,BSE_IN,Plastiblends India Ltd,PLASTIBLEN,Plastiblends India Limited,BSE,stock,INE083C01022,Process Industries,Chemicals: Major Diversified,Materials,accept
PLATIND,BSE_IN,Platinum Industries Ltd,PLATIND,Platinum Industries Limited,BSE,stock,INE0PT501018,Process Industries,Chemicals: Major Diversified,Materials,accept
PLATIND,NSE_IN,Platinum Industries Limited,PLATIND,Platinum Industries Limited,NSE,stock,INE0PT501018,Process Industries,Chemicals: Major Diversified,Materials,accept
PLAZACABLE,BSE_IN,Plaza Wires Ltd,PLAZACABLE,Plaza Wires Limited,BSE,stock,INE0INJ01017,Producer Manufacturing,Electrical Products,Industrials,accept
PLAZACABLE,NSE_IN,Plaza Wires Limited,PLAZACABLE,Plaza Wires Limited,NSE,stock,INE0INJ01017,Producer Manufacturing,Electrical Products,Industrials,accept
PLCI,NASDAQ,Pelican Acquisition II Corporation - Ordinary Shares,PLCI,Pelican Acquisition II Corporation,NASDAQ,stock,KYG698221077,Finance,Financial Conglomerates,,unsupported_sector
PLQ,XETRA,ELEMENT SOLUTIONS INC.,PLQ,Element Solutions Inc,XETR,stock,US28618M1062,Process Industries,Chemicals: Major Diversified,Materials,accept
PML,BSE_IN,Paul Merchants Ltd,PML,Paul Merchants Ltd.,BSE,stock,INE291E01019,Commercial Services,Miscellaneous Commercial Services,Industrials,accept
PMTA,XETRA,"PTC INC.          DL -,01",PMTA,PTC Inc.,XETR,stock,US69370C1009,Technology Services,Packaged Software,Information Technology,accept
PNB,BSE_IN,Punjab National Bank,PNB,Punjab National Bank,BSE,stock,INE160A01022,Finance,Major Banks,Financials,accept
PNBGILTS,BSE_IN,PNB Gilts Ltd,PNBGILTS,PNB Gilts Limited,BSE,stock,INE859A01011,Finance,Investment Banks/Brokers,Financials,accept
PNBHOUSING,BSE_IN,PNB Housing Finance Ltd,PNBHOUSING,PNB Housing Finance Limited,BSE,stock,INE572E01012,Finance,Finance/Rental/Leasing,Financials,accept
PNC,BSE_IN,PNC Media and Entertainment Ltd,PNC,PNC Media and Entertainment Ltd,BSE,stock,INE392B01011,Consumer Services,Movies/Entertainment,Communication Services,accept
PNCINFRA,BSE_IN,PNC Infratech Ltd,PNCINFRA,PNC Infratech Ltd,BSE,stock,INE195J01029,Industrial Services,Engineering & Construction,Industrials,accept
PNGJL,BSE_IN,P N Gadgil Jewellers Ltd,PNGJL,P N Gadgil Jewellers Limited,BSE,stock,INE953R01016,Retail Trade,Specialty Stores,Consumer Discretionary,accept
PNGSREVA,BSE_IN,PNGS Reva Diamond Jewellery Ltd,PNGSREVA,PNGS Reva Diamond Jewellery Limited,BSE,stock,INE1RDG01013,Consumer Durables,Other Consumer Specialties,Consumer Discretionary,accept
PNGSREVA,NSE_IN,PNGS Reva Diamond Jewellery Limited,PNGSREVA,PNGS Reva Diamond Jewellery Limited,NSE,stock,INE1RDG01013,Consumer Durables,Other Consumer Specialties,Consumer Discretionary,accept
PNP,XETRA,PNC FINL SERVICES GRP DL5,PNP,"PNC Financial Services Group, Inc.",XETR,stock,US6934751057,Finance,Major Banks,Financials,accept
POCL,BSE_IN,Pondy Oxides & Chemicals Ltd,POCL,Pondy Oxides & Chemicals Ltd.,BSE,stock,INE063E01061,Non-Energy Minerals,Other Metals/Minerals,Materials,accept
PODDARMENT,BSE_IN,Poddar Pigments Ltd,PODDARMENT,Poddar Pigments Limited,BSE,stock,INE371C01013,Process Industries,Industrial Specialties,Materials,accept
POEL,NSE_IN,POCL Enterprises Limited,POEL,POCL Enterprises Ltd,NSE,stock,INE035S01028,Process Industries,Chemicals: Specialty,Materials,accept
POKARNA,BSE_IN,Pokarna Ltd,POKARNA,Pokarna Limited,BSE,stock,INE637C01025,Producer Manufacturing,Building Products,Industrials,accept
POLICYBZR,BSE_IN,PB Fintech Ltd,POLICYBZR,PB Fintech Limited,BSE,stock,INE417T01026,Technology Services,Internet Software/Services,Information Technology,accept
POLYCAB,BSE_IN,Polycab India Ltd,POLYCAB,Polycab India Ltd.,BSE,stock,INE455K01017,Producer Manufacturing,Electrical Products,Industrials,accept
POLYMED,BSE_IN,Poly Medicure Ltd,POLYMED,Poly Medicure Limited,BSE,stock,INE205C01021,Health Technology,Medical Specialties,Health Care,accept
POLYPLEX,BSE_IN,Polyplex Corporation Ltd,POLYPLEX,Polyplex Corporation Limited,BSE,stock,INE633B01018,Process Industries,Chemicals: Specialty,Materials,accept
POLYSPIN,NSE_IN,Polyspin Exports Limited,POLYSPIN,Polyspin Exports Limited,NSE,stock,INE914G01029,Process Industries,Containers/Packaging,Materials,accept
PONNIERODE,BSE_IN,Ponni Sugars (Erode) Ltd,PONNIERODE,Ponni Sugars (Erode) Ltd.,BSE,stock,INE838E01017,Process Industries,Agricultural Commodities/Milling,Consumer Staples,accept
POOL,TSXV,Pool Safe Inc,POOL,"Pool Safe, Inc.",TSXV,stock,CA73278C2040,Miscellaneous,Miscellaneous,,unsupported_sector
POONAWALLA,BSE_IN,Poonawalla Fincorp Ltd,POONAWALLA,Poonawalla Fincorp Limited,BSE,stock,INE511C01022,Finance,Finance/Rental/Leasing,Financials,accept
POTI,BVB,POTIS CAPITAL SA CLUJ-NAPOCA,POTI,Potis Capital SA,BVB,stock,ROPOTIACNOR0,Commercial Services,Miscellaneous Commercial Services,Industrials,accept
POWERGRID,BSE_IN,Power Grid Corporation of India Ltd,POWERGRID,Power Grid Corporation of India Limited,BSE,stock,INE752E01010,Utilities,Electric Utilities,Utilities,accept
POWERICA,BSE_IN,Powerica Ltd,POWERICA,Powerica Limited,BSE,stock,INE921L01032,Producer Manufacturing,Electrical Products,Industrials,accept
POWERICA,NSE_IN,Powerica Limited,POWERICA,Powerica Limited,NSE,stock,INE921L01032,Producer Manufacturing,Electrical Products,Industrials,accept
POWERINDIA,BSE_IN,Hitachi Energy India Ltd,POWERINDIA,Hitachi Energy India Limited,BSE,stock,INE07Y701011,Electronic Technology,Electronic Equipment/Instruments,Information Technology,accept
POWERMECH,BSE_IN,Power Mech Projects Ltd,POWERMECH,Power Mech Projects Ltd.,BSE,stock,INE211R01019,Industrial Services,Engineering & Construction,Industrials,accept
PPAP,BSE_IN,PPAP Automotive Ltd,PPAP,PPAP Automotive Limited,BSE,stock,INE095I01015,Producer Manufacturing,Auto Parts: OEM,Industrials,accept
PPEL,BSE_IN,Poojaa Precision Engg. Ltd,PPEL,Poojaa Precision Engg. Limited,BSE,stock,INE288301026,Producer Manufacturing,Metal Fabrication,Industrials,accept
PPL,BSE_IN,Prakash Pipes Ltd,PPL,Prakash Pipes Limited,BSE,stock,INE050001010,Producer Manufacturing,Miscellaneous Manufacturing,Industrials,accept
PPLPHARMA,BSE_IN,Piramal Pharma Ltd,PPLPHARMA,Piramal Pharma Limited,BSE,stock,INE0DK501011,Health Technology,Pharmaceuticals: Major,Health Care,accept
PRABHA,BSE_IN,Prabha Energy Ltd,PRABHA,Prabha Energy Limited,BSE,stock,INE0I0M01023,Energy Minerals,Oil & Gas Production,Energy,accept
PRABHA,NSE_IN,Prabha Energy Limited,PRABHA,Prabha Energy Limited,NSE,stock,INE0I0M01023,Energy Minerals,Oil & Gas Production,Energy,accept
PRABHATAM,BSE_IN,Prabhatam Infra Venture Ltd,PRABHATAM,Prabhatam Infraventure Ltd,BSE,stock,INE265C01025,Process Industries,Pulp & Paper,Materials,accept
PRADPME,NSE_IN,Pradeep Metals Limited,PRADPME,Pradeep Metals Limited,NSE,stock,INE770A01010,Producer Manufacturing,Metal Fabrication,Industrials,accept
PRAENG,BSE_IN,Prajay Engineers Syndicate Ltd,PRAENG,Prajay Engineers Syndicate Ltd,BSE,stock,INE505C01016,Consumer Durables,Homebuilding,Consumer Discretionary,accept
PRAJIND,BSE_IN,Praj Industries Ltd,PRAJIND,PRAJ Industries Limited,BSE,stock,INE074A01025,Industrial Services,Engineering & Construction,Industrials,accept
PRAKASH,BSE_IN,Prakash Industries Ltd,PRAKASH,Prakash Industries Limited,BSE,stock,INE603A01013,Non-Energy Minerals,Steel,Materials,accept
PRAKASHSTL,BSE_IN,Prakash Steelage Ltd,PRAKASHSTL,Prakash Steelage Limited,BSE,stock,INE696K01024,Non-Energy Minerals,Steel,Materials,accept
PRAMODINI,NSE_IN,Pramodini Medicare Limited,PRAMODINI,Pramodini Medicare Limited,NSE,stock,INE2JG601017,Health Services,Medical/Nursing Services,Health Care,accept
PRANAV,BSE_IN,Pranav Constructions Ltd,PRANAV,Pranav Constructions Limited,BSE,stock,INE0H4201019,Finance,Real Estate Development,Real Estate,accept
PRANAV,NSE_IN,Pranav Constructions Limited,PRANAV,Pranav Constructions Limited,NSE,stock,INE0H4201019,Finance,Real Estate Development,Real Estate,accept
PRASOLCHEM,BSE_IN,Prasol Chemicals Ltd,PRASOLCHEM,Prasol Chemicals Limited,BSE,stock,INE455U01024,Process Industries,Chemicals: Major Diversified,Materials,accept
PRASOLCHEM,NSE_IN,Prasol Chemicals Limited,PRASOLCHEM,Prasol Chemicals Limited,NSE,stock,INE455U01024,Process Industries,Chemicals: Major Diversified,Materials,accept
PRAVEG,NSE_IN,Praveg Limited,PRAVEG,Praveg Limited,NSE,stock,INE722B01019,Health Technology,Pharmaceuticals: Major,Health Care,accept
PRAXIS,BSE_IN,Praxis Home Retail Ltd,PRAXIS,Praxis Home Retail Ltd.,BSE,stock,INE546Y01022,Retail Trade,Specialty Stores,Consumer Discretionary,accept
PRBU,BVB,PRACTIC SA Bucuresti,PRBU,Practic SA,BVB,stock,ROPRBUACNOR6,Finance,Real Estate Development,Real Estate,accept
PRDI,BVB,PRODHART SA IASI,PRDI,PRODHART SA,BVB,stock,ROPRDIACNOR7,Finance,Real Estate Development,Real Estate,accept
PRECAM,BSE_IN,Precision Camshafts Ltd,PRECAM,Precision Camshafts Ltd.,BSE,stock,INE484I01029,Producer Manufacturing,Auto Parts: OEM,Industrials,accept
PRECWIRE,BSE_IN,Precision Wires India Ltd,PRECWIRE,Precision Wires India Limited,BSE,stock,INE372C01037,Producer Manufacturing,Electrical Products,Industrials,accept
PREMCO,NSE_IN,Premco Global Limited,PREMCO,Premco Global Limited,NSE,stock,INE001E01012,Process Industries,Textiles,Materials,accept
PREMEXPLN,BSE_IN,Premier Explosives Ltd,PREMEXPLN,Premier Explosives Limited,BSE,stock,INE863B01029,Process Industries,Chemicals: Specialty,Materials,accept
PREMIER,NSE_IN,Premier Limited,PREMIER,Premier Limited,NSE,stock,INE342A01018,Producer Manufacturing,Industrial Machinery,Industrials,accept
PREMIERENE,BSE_IN,Premier Energies Ltd,PREMIERENE,Premier Energies Limited,BSE,stock,INE0BS701011,Electronic Technology,Semiconductors,Information Technology,accept
PREMIERPOL,NSE_IN,Premier Polyfilm Limited,PREMIERPOL,Premier Polyfilm Limited,NSE,stock,INE309M01020,Non-Energy Minerals,Forest Products,Materials,accept
PRESTIGE,BSE_IN,Prestige Estates Projects Ltd,PRESTIGE,Prestige Estates Projects Limited,BSE,stock,INE811K01011,Finance,Real Estate Development,Real Estate,accept
PRIB,BVB,PRIMCOM SA BUCURESTI,PRIB,Primcom SA,BVB,stock,ROPRIBACNOR1,Finance,Real Estate Development,Real Estate,accept
PRICOLLTD,BSE_IN,Pricol Ltd,PRICOLLTD,Pricol Ltd.,BSE,stock,INE726V01018,Producer Manufacturing,Auto Parts: OEM,Industrials,accept
PRIMAINNO,BSE_IN,Prima Innovation Ltd,PRIMAINNO,Prima Innovation Ltd.,BSE,stock,INE13LA01027,Producer Manufacturing,Miscellaneous Manufacturing,Industrials,accept
PRIMESECU,BSE_IN,Prime Securities Ltd,PRIMESECU,Prime Securities Limited,BSE,stock,INE032B01021,Finance,Investment Banks/Brokers,Financials,accept
PRIMO,BSE_IN,Primo Chemicals Ltd,PRIMO,Primo Chemicals Limited,BSE,stock,INE607A01022,Process Industries,Chemicals: Specialty,Materials,accept
PRIMO,NSE_IN,Primo Chemicals Limited,PRIMO,Primo Chemicals Limited,NSE,stock,INE607A01022,Process Industries,Chemicals: Specialty,Materials,accept
PRINCEPIPE,BSE_IN,Prince Pipes and Fittings Ltd,PRINCEPIPE,Prince Pipes And Fittings Ltd,BSE,stock,INE689W01016,Producer Manufacturing,Industrial Machinery,Industrials,accept
PRIORITY,BSE_IN,Priority Jewels Ltd,PRIORITY,Priority Jewels Limited,BSE,stock,INE15EH01014,Consumer Durables,Other Consumer Specialties,Consumer Discretionary,accept
PRIORITY,NSE_IN,Priority Jewels Limited,PRIORITY,Priority Jewels Limited,NSE,stock,INE15EH01014,Consumer Durables,Other Consumer Specialties,Consumer Discretionary,accept
PRISMX,NSE_IN,Prismx Global Ventures Limited,PRISMX,Prismx Global Ventures Ltd.,NSE,stock,INE286N01028,Commercial Services,Miscellaneous Commercial Services,Industrials,accept
PRITIKAUTO,BSE_IN,Pritika Auto Industries Ltd,PRITIKAUTO,Pritika Auto Industries Ltd,BSE,stock,INE583R01029,Producer Manufacturing,Auto Parts: OEM,Industrials,accept
PRIVISCL,BSE_IN,Privi Speciality Chemicals Ltd,PRIVISCL,Privi Speciality Chemicals Limited,BSE,stock,INE959A01019,Process Industries,Chemicals: Major Diversified,Materials,accept
PRL,XETRA,"RALPH LAUREN A     DL-,01",PRL,Ralph Lauren Corporation Class A,XETR,stock,US7512121010,Consumer Non-Durables,Apparel/Footwear,Consumer Staples,accept
PROPSHOP,NSE_IN,Propshop Events and Exhibitions Limited,PROPSHOP,Propshop Events and Exhibitions Limited,NSE,stock,INE1FFX01018,Commercial Services,Miscellaneous Commercial Services,Industrials,accept
PROSTARM,BSE_IN,Prostarm Info Systems Ltd,PROSTARM,Prostarm Info Systems Limited,BSE,stock,INE0BX301013,Producer Manufacturing,Electrical Products,Industrials,accept
PROSTARM,NSE_IN,Prostarm Info Systems Limited,PROSTARM,Prostarm Info Systems Limited,NSE,stock,INE0BX301013,Producer Manufacturing,Electrical Products,Industrials,accept
PROTEAN,BSE_IN,Protean eGov Technologies Ltd,PROTEAN,Protean eGov Technologies Limited,BSE,stock,INE004A01022,Technology Services,Information Technology Services,Information Technology,accept
PROZONER,BSE_IN,Prozone Realty Ltd,PROZONER,Prozone Realty Ltd,BSE,stock,INE195N01013,Finance,Real Estate Development,Real Estate,accept
PRSMJOHNSN,BSE_IN,Prism Johnson Ltd,PRSMJOHNSN,Prism Johnson Limited,BSE,stock,INE010A01011,Non-Energy Minerals,Construction Materials,Materials,accept
PRU,XETRA,"PRUDENTIAL PLC     LS-,05",PRU,Prudential plc,XETR,stock,GB0007099541,Finance,Multi-Line Insurance,Financials,accept
PRUDENT,BSE_IN,Prudent Corporate Advisory Services Ltd,PRUDENT,Prudent Corporate Advisory Services Limited,BSE,stock,INE00F201020,Finance,Investment Managers,Financials,accept
PRUDMOULI,BSE_IN,Prudential Sugar Corporation Ltd,PRUDMOULI,Prudential Sugar Corp. Ltd.,BSE,stock,INE024D01016,Process Industries,Agricultural Commodities/Milling,Consumer Staples,accept
PRUDMOULI,NSE_IN,Prudential Sugar Corporation Limited,PRUDMOULI,Prudential Sugar Corp. Ltd.,NSE,stock,INE024D01016,Process Industries,Agricultural Commodities/Milling,Consumer Staples,accept
PSB,BSE_IN,Punjab & Sind Bank,PSB,Punjab & Sind Bank Ltd.,BSE,stock,INE608A01012,Finance,Major Banks,Financials,accept
PSE,XETRA,PUBL. SVC.ENTER.,PSE,Public Service Enterprise Group Inc,XETR,stock,US7445731067,Utilities,Electric Utilities,Utilities,accept
PSK,TSX,PrairieSky Royalty Ltd,PSK,PrairieSky Royalty Ltd,TSX,stock,CA7397211086,Miscellaneous,Investment Trusts/Mutual Funds,,unsupported_sector
PSPPROJECT,BSE_IN,PSP Projects Ltd,PSPPROJECT,PSP Projects Ltd,BSE,stock,INE488V01015,Industrial Services,Engineering & Construction,Industrials,accept
PSQL,NASDAQ,Pasqal Holding SA - Ordinary Shares,PSQL,Pasqal Holding SA,NASDAQ,stock,FR0014019QW4,Electronic Technology,Computer Processing Hardware,Information Technology,accept
PTAC,NASDAQ,Patriot Acquisition Corp. - Class A Ordinary Shares,PTAC,Patriot Acquisition Corp. Class A,NASDAQ,stock,KYG6951A1067,Finance,Financial Conglomerates,,unsupported_sector
PTC,BSE_IN,PTC India Ltd,PTC,PTC India Limited,BSE,stock,INE877F01012,Utilities,Electric Utilities,Utilities,accept
PTCIL,BSE_IN,PTC Industries Ltd,PTCIL,PTC Industries Ltd,BSE,stock,INE596F01018,Producer Manufacturing,Metal Fabrication,Industrials,accept
PTEC,TSXV,Principal Technologies Inc,PTEC,"Principal Technologies, Inc.",TSXV,stock,CA74260Q1028,Miscellaneous,Miscellaneous,,unsupported_sector
PTL,BSE_IN,PTL Enterprises Ltd,PTL,PTL Enterprises Limited,BSE,stock,INE034D01049,Finance,Real Estate Development,Real Estate,accept
PU7,XETRA,"PULTE GROUP INC.  DL -,01",PU7,"PulteGroup, Inc.",XETR,stock,US7458671010,Consumer Durables,Homebuilding,Consumer Discretionary,accept
PUNJABCHEM,BSE_IN,Punjab Chemicals & Crop Protection Ltd,PUNJABCHEM,Punjab Chemicals & Crop Protection Ltd.,BSE,stock,INE277B01014,Process Industries,Chemicals: Agricultural,Materials,accept
PURVA,BSE_IN,Puravankara Ltd,PURVA,Puravankara Limited,BSE,stock,INE323I01011,Finance,Real Estate Development,Real Estate,accept
PVBS,BVB,PERSEUS FINTECH S.A. BUCURESTI,PVBS,PERSEUS FINTECH S.A,BVB,stock,ROPVBSACNOR2,,,,unsupported_sector
PVH,XETRA,PVH CORP.            DL 1,PVH,PVH Corp.,XETR,stock,US6936561009,Consumer Non-Durables,Apparel/Footwear,Consumer Staples,accept
PVP,BSE_IN,PVP Ventures Ltd,PVP,PVP Ventures Limited,BSE,stock,INE362A01016,Technology Services,Information Technology Services,Information Technology,accept
PVRINOX,BSE_IN,PVR Inox Ltd,PVRINOX,PVR Inox Limited,BSE,stock,INE191H01014,Consumer Services,Movies/Entertainment,Communication Services,accept
PVSL,BSE_IN,Popular Vehicles and Services Ltd,PVSL,Popular Vehicles and Services Limited,BSE,stock,INE772T01024,Retail Trade,Specialty Stores,Consumer Discretionary,accept
PVSL,NSE_IN,Popular Vehicles and Services Limited,PVSL,Popular Vehicles and Services Limited,NSE,stock,INE772T01024,Retail Trade,Specialty Stores,Consumer Discretionary,accept
PW2,XETRA,"POWELL IND. INC.  DL -,01",PW2,"Powell Industries, Inc.",XETR,stock,US7391281067,Producer Manufacturing,Electrical Products,Industrials,accept
PWL,BSE_IN,Physicswallah Ltd,PWL,PhysicsWallah Ltd.,BSE,stock,INE0LP301011,Commercial Services,Miscellaneous Commercial Services,Industrials,accept
PYRAMID,BSE_IN,Pyramid Technoplast Ltd,PYRAMID,Pyramid Technoplast Ltd.,BSE,stock,INE0MIS01010,Producer Manufacturing,Miscellaneous Manufacturing,Industrials,accept
PYRAMID,NSE_IN,Pyramid Technoplast Limited,PYRAMID,Pyramid Technoplast Ltd.,NSE,stock,INE0MIS01010,Producer Manufacturing,Miscellaneous Manufacturing,Industrials,accept
Q23,XETRA,"BUNGE GLOBAL S.A. DL-,01",Q23,Bunge Global SA,XETR,stock,CH1300646267,Process Industries,Agricultural Commodities/Milling,Consumer Staples,accept
Q41,XETRA,"KODIAK GAS SVCS  DL -,001",Q41,"Kodiak Gas Services, Inc.",XETR,stock,US50012A1088,Industrial Services,Oilfield Services/Equipment,Industrials,accept
QBY,XETRA,q.beyond AG,,,,,,,,,no_tradingview_match
QEN,XETRA,"CENTENE CORP.     DL-,001",QEN,Centene Corporation,XETR,stock,US15135B1017,Health Services,Managed Health Care,Health Care,accept
QGJ,XETRA,"EVERCORE        A DL -,01",QGJ,Evercore Inc. Class A,XETR,stock,US29977A1051,Finance,Investment Banks/Brokers,Financials,accept
QLINE,NSE_IN,Q-Line Biotech Limited,QLINE,Q-Line Biotech Limited,NSE,stock,INE1G2W01011,Health Technology,Medical Specialties,Health Care,accept
QPOWER,BSE_IN,Quality Power Electrical Equipments Ltd,QPOWER,Quality Power Electrical Equipments Ltd.,BSE,stock,INE0SII01026,Producer Manufacturing,Electrical Products,Industrials,accept
QPOWER,NSE_IN,Quality Power Electrical Equipments Limited,QPOWER,Quality Power Electrical Equipments Ltd.,NSE,stock,INE0SII01026,Producer Manufacturing,Electrical Products,Industrials,accept
QTFOODS,BSE_IN,Q&T Foods Ltd,QTFOODS,Q&T Foods Limited,BSE,stock,INE13G401012,Consumer Non-Durables,Food: Specialty/Candy,Consumer Staples,accept
QUADFUTURE,BSE_IN,Quadrant Future Tek Ltd,QUADFUTURE,Quadrant Future Tek Limited,BSE,stock,INE0LRY01011,Producer Manufacturing,Electrical Products,Industrials,accept
QUADFUTURE,NSE_IN,Quadrant Future Tek Limited,QUADFUTURE,Quadrant Future Tek Limited,NSE,stock,INE0LRY01011,Producer Manufacturing,Electrical Products,Industrials,accept
QUALIANCE,NSE_IN,Qualiance International Limited,QUALIANCE,Qualiance International Ltd.,NSE,stock,INE1XJ401012,Consumer Non-Durables,Apparel/Footwear,Consumer Staples,accept
QUESS,BSE_IN,Quess Corp Ltd,QUESS,Quess Corp. Ltd.,BSE,stock,INE615P01015,Commercial Services,Personnel Services,Industrials,accept
QUICKHEAL,BSE_IN,Quick Heal Technologies Ltd,QUICKHEAL,Quick Heal Technologies Ltd.,BSE,stock,INE306L01010,Technology Services,Packaged Software,Information Technology,accept
QUINT,NSE_IN,Quint Digital Limited,QUINT,Quint Digital Ltd,NSE,stock,INE641R01017,Producer Manufacturing,Trucks/Construction/Farm Machinery,Industrials,accept
QUINTEGRA,NSE_IN,Quintegra Solutions Limited,QUINTEGRA,Quintegra Solutions Limited,NSE,stock,INE033B01011,Technology Services,Information Technology Services,Information Technology,accept
QVC,NASDAQ,"QVC Group, Inc. - Common Stock",,,,,,,,,no_tradingview_match
R1D,XETRA,"AERCAP HOLDINGS   EO -,01",R1D,AerCap Holdings NV,XETR,stock,NL0000687663,Finance,Finance/Rental/Leasing,Financials,accept
R5A,XETRA,"HYCROFT MNG HLD  DL-,0001",R5A,Hycroft Mining Holding Corporation Class A,XETR,stock,US44862P2083,Non-Energy Minerals,Precious Metals,Materials,accept
R7R,XETRA,SYMBOTIC INC. CL.A   O.N.,R7R,"Symbotic, Inc. Class A",XETR,stock,US87151X1019,Producer Manufacturing,Industrial Machinery,Industrials,accept
RAAMA,BSE_IN,Raama Finance Ltd,RAAMA,Raama Finance Ltd,BSE,stock,INE516P01015,Finance,Finance/Rental/Leasing,Financials,accept
RACD,NASDAQ,Research Alliance Corporation IV - Class A Ordinary Shares,RACD,Research Alliance Corporation IV Class A,NASDAQ,stock,KYG752281090,Finance,Financial Conglomerates,,unsupported_sector
RACE,BSE_IN,Race Eco Chain Ltd,RACE,Race Eco Chain Ltd.,BSE,stock,INE084Q01012,Process Industries,Textiles,Materials,accept
RACLGEAR,BSE_IN,RACL Geartech Ltd,RACLGEAR,RACL Geartech Ltd,BSE,stock,INE704B01017,Producer Manufacturing,Auto Parts: OEM,Industrials,accept
RADAAN,BSE_IN,Radaan Mediaworks India Ltd,RADAAN,Radaan Mediaworks (I) Ltd.,BSE,stock,INE874F01027,Consumer Services,Movies/Entertainment,Communication Services,accept
RADHIKAJWE,NSE_IN,Radhika Jeweltech Limited,RADHIKAJWE,Radhika Jeweltech Ltd,NSE,stock,INE583V01021,Consumer Durables,Other Consumer Specialties,Consumer Discretionary,accept
RADIANTCMS,BSE_IN,Radiant Cash Management Services Ltd,RADIANTCMS,Radiant Cash Management Services Limited,BSE,stock,INE855R01021,Commercial Services,Miscellaneous Commercial Services,Industrials,accept
RADIANTCMS,NSE_IN,Radiant Cash Management Services Limited,RADIANTCMS,Radiant Cash Management Services Limited,NSE,stock,INE855R01021,Commercial Services,Miscellaneous Commercial Services,Industrials,accept
RADICO,BSE_IN,Radico Khaitan Ltd,RADICO,Radico Khaitan Limited,BSE,stock,INE944F01028,Consumer Non-Durables,Beverages: Alcoholic,Consumer Staples,accept
RADIOCITY,BSE_IN,Music Broadcast Ltd,RADIOCITY,Music Broadcast Ltd.,BSE,stock,INE919I01024,Consumer Services,Broadcasting,Communication Services,accept
RAILTEL,BSE_IN,RailTel Corporation of India Ltd,RAILTEL,RailTel Corp. of India Ltd.,BSE,stock,INE0DD101019,Communications,Major Telecommunications,Communication Services,accept
RAIN,BSE_IN,Rain Industries Ltd,RAIN,Rain Industries Limited,BSE,stock,INE855B01025,Process Industries,Industrial Specialties,Materials,accept
RAINBOW,BSE_IN,Rainbow Children's Medicare Ltd,RAINBOW,Rainbow Childrens Medicare Limited,BSE,stock,INE961O01016,Health Services,Hospital/Nursing Management,Health Care,accept
RAJESHEXPO,NSE_IN,Rajesh Exports Limited,RAJESHEXPO,Rajesh Exports Limited,NSE,stock,INE343B01030,Consumer Durables,Other Consumer Specialties,Consumer Discretionary,accept
RAJOOENG,NSE_IN,Rajoo Engineers Limited,RAJOOENG,Rajoo Engineers Limited,NSE,stock,INE535F01024,Producer Manufacturing,Industrial Machinery,Industrials,accept
RAJPALAYAM,NSE_IN,Rajapalayam Mills Limited,RAJPALAYAM,Rajapalayam Mills Limited,NSE,stock,INE296E01026,Process Industries,Textiles,Materials,accept
RAJRATAN,BSE_IN,Rajratan Global Wire Ltd,RAJRATAN,Rajratan Global Wire Limited,BSE,stock,INE451D01029,Producer Manufacturing,Metal Fabrication,Industrials,accept
RAJRILTD,NSE_IN,Raj Rayon Industries Limited,RAJRILTD,Raj Rayon Industries Limited,NSE,stock,INE533D01032,Process Industries,Textiles,Materials,accept
RAJSREESUG,BSE_IN,Rajshree Sugars & Chemicals Ltd,RAJSREESUG,Rajshree Sugars & Chemicals Limited,BSE,stock,INE562B01019,Process Industries,Agricultural Commodities/Milling,Consumer Staples,accept
RAJTV,BSE_IN,Raj Television Network Ltd,RAJTV,Raj Television Network Limited,BSE,stock,INE952H01027,Consumer Services,Broadcasting,Communication Services,accept
RAJVIR,NSE_IN,Rajvir Industries Limited,RAJVIR,Rajvir Industries Limited,NSE,stock,INE011H01014,Process Industries,Agricultural Commodities/Milling,Consumer Staples,accept
RAKSAN,BSE_IN,Raksan Transformers Ltd,RAKSAN,Raksan Transformers Limited,BSE,stock,INE1S7M01017,Producer Manufacturing,Electrical Products,Industrials,accept
RALLIS,BSE_IN,Rallis India Ltd,RALLIS,Rallis India Limited,BSE,stock,INE613A01020,Process Industries,Chemicals: Agricultural,Materials,accept
RAMANEWS,BSE_IN,Shree Rama Newsprint Ltd,RAMANEWS,Shree Rama Newsprint Ltd.,BSE,stock,INE278B01020,Process Industries,Pulp & Paper,Materials,accept
RAMAPHO,BSE_IN,Rama Phosphates Ltd,RAMAPHO,Rama Phosphates Limited,BSE,stock,INE809A01032,Process Industries,Chemicals: Agricultural,Materials,accept
RAMASTEEL,BSE_IN,Rama Steel Tubes Ltd,RAMASTEEL,Rama Steel Tubes Ltd.,BSE,stock,INE230R01035,Non-Energy Minerals,Steel,Materials,accept
RAMBHAJO,BSE_IN,Advit Jewels Ltd,RAMBHAJO,Advit Jewels Limited,BSE,stock,INE1SJO01012,Consumer Durables,Other Consumer Specialties,Consumer Discretionary,accept
RAMBHAJO,NSE_IN,Advit Jewels Limited,RAMBHAJO,Advit Jewels Limited,NSE,stock,INE1SJO01012,Consumer Durables,Other Consumer Specialties,Consumer Discretionary,accept
RAMCOCEM,BSE_IN,The Ramco Cements Ltd,RAMCOCEM,Ramco Cements Limited,BSE,stock,INE331A01037,Non-Energy Minerals,Construction Materials,Materials,accept
RAMCOIND,BSE_IN,Ramco Industries Ltd,RAMCOIND,Ramco Industries Limited,BSE,stock,INE614A01028,Non-Energy Minerals,Construction Materials,Materials,accept
RAMCOSYS,BSE_IN,Ramco Systems Ltd,RAMCOSYS,Ramco Systems Limited,BSE,stock,INE246B01019,Technology Services,Information Technology Services,Information Technology,accept
RAMKY,BSE_IN,Ramky Infrastructure Ltd,RAMKY,Ramky Infrastructure Limited,BSE,stock,INE874I01013,Industrial Services,Engineering & Construction,Industrials,accept
RAMRAT,BSE_IN,Ram Ratna Wires Ltd,RAMRAT,Ram Ratna Wires Limited,BSE,stock,INE207E01023,Producer Manufacturing,Electrical Products,Industrials,accept
RANASUG,BSE_IN,Rana Sugars Ltd,RANASUG,Rana Sugars Limited,BSE,stock,INE625B01014,Process Industries,Agricultural Commodities/Milling,Consumer Staples,accept
RANEHOLDIN,NSE_IN,Rane Holdings Limited,RANEHOLDIN,Rane Holdings Limited,NSE,stock,INE384A01010,Producer Manufacturing,Auto Parts: OEM,Industrials,accept
RANT,BVB,GRANITUL SA BUCURESTI,RANT,Granitul SA,BVB,stock,RORANTACNOR5,Finance,Real Estate Development,Real Estate,accept
RATEGAIN,BSE_IN,RateGain Travel Technologies Ltd,RATEGAIN,RateGain Travel Technologies Ltd.,BSE,stock,INE0CLI01024,Technology Services,Packaged Software,Information Technology,accept
RATNAMANI,BSE_IN,Ratnamani Metals & Tubes Ltd,RATNAMANI,Ratnamani Metals & Tubes Ltd.,BSE,stock,INE703B01027,Non-Energy Minerals,Steel,Materials,accept
RATNAVEER,BSE_IN,Ratnaveer Precision Engineering Ltd,RATNAVEER,Ratnaveer Precision Engineering Limited,BSE,stock,INE05CZ01011,Non-Energy Minerals,Steel,Materials,accept
RATNAVEER,NSE_IN,Ratnaveer Precision Engineering Limited,RATNAVEER,Ratnaveer Precision Engineering Limited,NSE,stock,INE05CZ01011,Non-Energy Minerals,Steel,Materials,accept
RAX,XETRA,"RANGE RES CORP.    DL-,01",RAX,Range Resources Corporation,XETR,stock,US75281A1097,Energy Minerals,Oil & Gas Production,Energy,accept
RAYMOND,BSE_IN,Raymond Ltd,RAYMOND,Raymond Limited,BSE,stock,INE301A01014,Process Industries,Textiles,Materials,accept
RAYMONDLSL,BSE_IN,Raymond Lifestyle Ltd,RAYMONDLSL,Raymond Lifestyle Limited,BSE,stock,INE02ID01020,Consumer Non-Durables,Apparel/Footwear,Consumer Staples,accept
RAYMONDREL,BSE_IN,Raymond Realty Ltd,RAYMONDREL,Raymond Realty Limited,BSE,stock,INE1SY401010,Finance,Real Estate Development,Real Estate,accept
RAYMONDREL,NSE_IN,Raymond Realty Limited,RAYMONDREL,Raymond Realty Limited,NSE,stock,INE1SY401010,Finance,Real Estate Development,Real Estate,accept
RB8,XETRA,"REGAL REXNORD CORP.DL-,01",RB8,Regal Rexnord Corporation,XETR,stock,US7587501039,Producer Manufacturing,Electrical Products,Industrials,accept
RBA,BSE_IN,Restaurant Brands Asia Ltd,RBA,Restaurant Brands Asia Limited,BSE,stock,INE07T201019,Consumer Services,Restaurants,Consumer Discretionary,accept
RBLBANK,BSE_IN,RBL Bank Ltd,RBLBANK,RBL Bank Ltd.,BSE,stock,INE976G01028,Finance,Major Banks,Financials,accept
RBZJEWEL,BSE_IN,RBZ Jewellers Ltd,RBZJEWEL,RBZ Jewellers Limited,BSE,stock,INE0PEQ01016,Consumer Durables,Other Consumer Specialties,Consumer Discretionary,accept
RBZJEWEL,NSE_IN,RBZ Jewellers Limited,RBZJEWEL,RBZ Jewellers Limited,NSE,stock,INE0PEQ01016,Consumer Durables,Other Consumer Specialties,Consumer Discretionary,accept
RCF,BSE_IN,Rashtriya Chemicals and Fertilizers Ltd,RCF,Rashtriya Chemicals & Fertilizers Ltd.,BSE,stock,INE027A01015,Process Industries,Chemicals: Agricultural,Materials,accept
RCOM,NSE_IN,Reliance Communications Limited,RCOM,Reliance Communications Limited,NSE,stock,INE330H01018,Communications,Major Telecommunications,Communication Services,accept
RE,TSXV,RE Royalties Ltd,RE,RE Royalties Ltd.,TSXV,stock,CA75527Q1081,Finance,Financial Conglomerates,,unsupported_sector
RECLTD,BSE_IN,REC Ltd,RECLTD,REC Limited,BSE,stock,INE020B01018,Finance,Finance/Rental/Leasing,Financials,accept
RECODE,BSE_IN,Recode Studios Ltd,RECODE,Recode Studios Limited,BSE,stock,INE2B6701015,Retail Trade,Specialty Stores,Consumer Discretionary,accept
REDINGTON,BSE_IN,Redington Ltd,REDINGTON,Redington Limited,BSE,stock,INE891D01026,Distribution Services,Electronics Distributors,Industrials,accept
REDTAPE,BSE_IN,Redtape Ltd,REDTAPE,Redtape Limited,BSE,stock,INE0LXT01019,Retail Trade,Apparel/Footwear Retail,Consumer Discretionary,accept
REFEX,BSE_IN,Refex Industries Ltd,REFEX,Refex Industries Limited,BSE,stock,INE056I01025,Energy Minerals,Coal,Energy,accept
REGAAL,BSE_IN,Regaal Resources Ltd,REGAAL,Regaal Resources Limited,BSE,stock,INE0MHO01029,Process Industries,Agricultural Commodities/Milling,Consumer Staples,accept
REGAAL,NSE_IN,Regaal Resources Limited,REGAAL,Regaal Resources Limited,NSE,stock,INE0MHO01029,Process Industries,Agricultural Commodities/Milling,Consumer Staples,accept
REGENCERAM,BSE_IN,Regency Ceramics Ltd,REGENCERAM,Regency Ceramics Ltd,BSE,stock,INE277C01012,Producer Manufacturing,Building Products,Industrials,accept
RELAXO,BSE_IN,Relaxo Footwears Ltd,RELAXO,Relaxo Footwears Limited,BSE,stock,INE131B01039,Consumer Non-Durables,Apparel/Footwear,Consumer Staples,accept
RELCHEMQ,BSE_IN,Reliance Chemotex Industries Ltd,RELCHEMQ,Reliance Chemotex Industries Ltd,BSE,stock,INE750D01016,Process Industries,Textiles,Materials,accept
RELE,BVB,RELEE SA MEDIAS,RELE,Relee SA Medias,BVB,stock,RORELEACNOR3,Utilities,Electric Utilities,Utilities,accept
RELIABLE,BSE_IN,Reliable Data Services Ltd,RELIABLE,Reliable Data Services Ltd.,BSE,stock,INE375Y01018,Technology Services,Data Processing Services,Information Technology,accept
RELIABLE,NSE_IN,Reliable Data Services Limited,RELIABLE,Reliable Data Services Ltd.,NSE,stock,INE375Y01018,Technology Services,Data Processing Services,Information Technology,accept
RELIANCE,BSE_IN,Reliance Industries Ltd,RELIANCE,Reliance Industries Limited,BSE,stock,INE002A01018,Energy Minerals,Oil Refining/Marketing,Energy,accept
RELIGARE,BSE_IN,Religare Enterprises Ltd,RELIGARE,Religare Enterprises Limited,BSE,stock,INE621H01010,Finance,Multi-Line Insurance,Financials,accept
RELINFRA,NSE_IN,Reliance Infrastructure Limited,RELINFRA,Reliance Infrastructure Limited,NSE,stock,INE036A01016,Utilities,Electric Utilities,Utilities,accept
RELTD,NSE_IN,Ravindra Energy Limited,RELTD,Ravindra Energy Ltd.,NSE,stock,INE206N01018,Utilities,Alternative Power Generation,Utilities,accept
REMAGNET,BSE_IN,Midwest Energy Ltd,REMAGNET,Midwest Energy Limited,BSE,stock,INE519N01022,Non-Energy Minerals,Precious Metals,Materials,accept
REMM,BVB,REMAT MARAMURES SA BAIA MARE,REMM,Remat Maramures SA,BVB,stock,ROREMMACNOR4,Distribution Services,Wholesale Distributors,Industrials,accept
REMSONSIND,NSE_IN,Remsons Industries Limited,REMSONSIND,Remsons Industries Limited,NSE,stock,INE474C01023,Producer Manufacturing,Auto Parts: OEM,Industrials,accept
RENTOMOJO,BSE_IN,Rentomojo Ltd,RENTOMOJO,Rentomojo Limited,BSE,stock,INE08T701025,Finance,Finance/Rental/Leasing,Financials,accept
RENTOMOJO,NSE_IN,Rentomojo Limited,RENTOMOJO,Rentomojo Limited,NSE,stock,INE08T701025,Finance,Finance/Rental/Leasing,Financials,accept
RENUKA,BSE_IN,Shree Renuka Sugars Ltd,RENUKA,Shree Renuka Sugars Limited,BSE,stock,INE087H01022,Process Industries,Agricultural Commodities/Milling,Consumer Staples,accept
REPCOHOME,BSE_IN,Repco Home Finance Ltd,REPCOHOME,Repco Home Finance Ltd.,BSE,stock,INE612J01015,Finance,Finance/Rental/Leasing,Financials,accept
REPRO,BSE_IN,Repro India Ltd,REPRO,Repro India Limited,BSE,stock,INE461B01014,Commercial Services,Commercial Printing/Forms,Industrials,accept
RESPONIND,BSE_IN,Responsive Industries Ltd,RESPONIND,Responsive Industries Limited,BSE,stock,INE688D01026,Non-Energy Minerals,Forest Products,Materials,accept
RETAIL,BSE_IN,JHS Svendgaard Retail Ventures Ltd,RETAIL,JHS Svendgaard Retail Ventures Pvt Ltd,BSE,stock,INE03DD01011,Retail Trade,Food Retail,Consumer Staples,accept
RETAIL,NSE_IN,JHS Svendgaard Retail Ventures Limited,RETAIL,JHS Svendgaard Retail Ventures Pvt Ltd,NSE,stock,INE03DD01011,Retail Trade,Food Retail,Consumer Staples,accept
REVA,BVB,REVA SA SIMERIA,REVA,Reva SA Simeria,BVB,stock,ROREVAACNOR0,Producer Manufacturing,Trucks/Construction/Farm Machinery,Industrials,accept
RF6,XETRA,"CBRE GROUP INC. A  DL-,01",RF6,"CBRE Group, Inc. Class A",XETR,stock,US12504L1098,Finance,Real Estate Development,Real Estate,accept
RFBL,NSE_IN,RFBL Flexi Pack Limited,RFBL,RFBL Flexi Pack Limited,NSE,stock,INE0V2V01015,Process Industries,Containers/Packaging,Materials,accept
RGL,BSE_IN,Renaissance Global Ltd,RGL,Renaissance Global Limited,BSE,stock,INE722H01024,Consumer Durables,Other Consumer Specialties,Consumer Discretionary,accept
RHETAN,BSE_IN,Rhetan TMT Ltd,RHETAN,Rhetan TMT Ltd.,BSE,stock,INE0KKN01029,Non-Energy Minerals,Steel,Materials,accept
RHETAN,NSE_IN,Rhetan TMT Limited,RHETAN,Rhetan TMT Ltd.,NSE,stock,INE0KKN01029,Non-Energy Minerals,Steel,Materials,accept
RHFL,NSE_IN,Reliance Home Finance Limited,RHFL,Reliance Home Finance Ltd.,NSE,stock,INE217K01011,Finance,Finance/Rental/Leasing,Financials,accept
RHIM,BSE_IN,Rhi Magnesita India Ltd,RHIM,RHI Magnesita India Limited,BSE,stock,INE743M01012,Producer Manufacturing,Miscellaneous Manufacturing,Industrials,accept
RHL,BSE_IN,Robust Hotels Ltd,RHL,Robust Hotels Ltd.,BSE,stock,INE508K01013,Consumer Services,Hotels/Resorts/Cruise lines,Consumer Discretionary,accept
RHL,NSE_IN,Robust Hotels Limited,RHL,Robust Hotels Ltd.,NSE,stock,INE508K01013,Consumer Services,Hotels/Resorts/Cruise lines,Consumer Discretionary,accept
RICOAUTO,BSE_IN,Rico Auto Industries Ltd,RICOAUTO,Rico Auto Industries Limited,BSE,stock,INE209B01025,Producer Manufacturing,Auto Parts: OEM,Industrials,accept
RIIL,BSE_IN,Reliance Industrial Infrastructure Ltd,RIIL,Reliance Industrial Infrastructure Limited,BSE,stock,INE046A01015,Industrial Services,Oil & Gas Pipelines,Industrials,accept
RIR,NSE_IN,RIR Power Electronics Limited,RIR,RIR Power Electronics Limited,NSE,stock,INE302D01024,Electronic Technology,Semiconductors,Information Technology,accept
RISHABH,BSE_IN,Rishabh Instruments Ltd,RISHABH,Rishabh Instruments Limited,BSE,stock,INE0N2P01017,Producer Manufacturing,Electrical Products,Industrials,accept
RISHABH,NSE_IN,Rishabh Instruments Limited,RISHABH,Rishabh Instruments Limited,NSE,stock,INE0N2P01017,Producer Manufacturing,Electrical Products,Industrials,accept
RITCO,BSE_IN,Ritco Logistics Ltd,RITCO,Ritco Logistics Ltd.,BSE,stock,INE01EG01016,Transportation,Trucking,Industrials,accept
RITES,BSE_IN,RITES Ltd,RITES,RITES Ltd.,BSE,stock,INE320J01015,Commercial Services,Miscellaneous Commercial Services,Industrials,accept
RIYAASAT,BSE_IN,Riyaasat Lifestyle Ltd,RIYAASAT,Riyaasat Lifestyle Limited,BSE,stock,INE0KYI01012,Consumer Non-Durables,Apparel/Footwear,Consumer Staples,accept
RJF,XETRA,"RAYMOND JAMES FIN. DL-,01",RJF,"Raymond James Financial, Inc.",XETR,stock,US7547301090,Finance,Investment Managers,Financials,accept
RJIB,XETRA,ROCK TECH LITHIUM,RJIB,Rock Tech Lithium Inc.,XETR,stock,CA77273P2017,Process Industries,Chemicals: Agricultural,Materials,accept
RKB,XETRA,WEBAC HOLDING AG,,,,,,,,,no_tradingview_match
RKDL,BSE_IN,Ravi Kumar Distilleries Ltd,RKDL,Ravikumar Distilleries Ltd.,BSE,stock,INE722J01012,Consumer Non-Durables,Beverages: Alcoholic,Consumer Staples,accept
RKFORGE,BSE_IN,Ramkrishna Forgings Ltd,RKFORGE,Ramkrishna Forgings Ltd,BSE,stock,INE399G01023,Producer Manufacturing,Metal Fabrication,Industrials,accept
RKSWAMY,BSE_IN,R K Swamy Ltd,RKSWAMY,R K Swamy Limited,BSE,stock,INE0NQ801033,Commercial Services,Advertising/Marketing Services,Industrials,accept
RKSWAMY,NSE_IN,R K Swamy Limited,RKSWAMY,R K Swamy Limited,NSE,stock,INE0NQ801033,Commercial Services,Advertising/Marketing Services,Industrials,accept
RLP,TSXV,Realia Properties Inc,,,,,,,,,no_tradingview_match
RLS,XETRA,ROLLINS INC.         DL 1,RLS,"Rollins, Inc.",XETR,stock,US7757111049,Commercial Services,Miscellaneous Commercial Services,Industrials,accept
RMC,BSE_IN,RMC Switchgears Ltd,RMC,RMC Switchgears Ltd.,BSE,stock,INE655V01019,Producer Manufacturing,Electrical Products,Industrials,accept
RMDRIP,BSE_IN,R M Drip and Sprinklers Systems Ltd,RMDRIP,R M Drip And Sprinklers Systems Limited,BSE,stock,INE219Y01026,Producer Manufacturing,Industrial Machinery,Industrials,accept
RMDRIP,NSE_IN,R M Drip and Sprinklers Systems Limited,RMDRIP,R M Drip And Sprinklers Systems Limited,NSE,stock,INE219Y01026,Producer Manufacturing,Industrial Machinery,Industrials,accept
RML,BSE_IN,Rane (Madras) Ltd,RML,Rane (Madras) Limited,BSE,stock,INE050H01012,Producer Manufacturing,Auto Parts: OEM,Industrials,accept
RN7,XETRA,"REGIONS FINANCIAL  DL-,01",RN7,Regions Financial Corporation,XETR,stock,US7591EP1005,Finance,Major Banks,Financials,accept
RNAQ,NASDAQ,Rainier Acquisition Corporation - Class A Ordinary Shares,RNAQ,Rainier Acquisition Corporation Class A,NASDAQ,stock,KYG735911029,Finance,Financial Conglomerates,,unsupported_sector
RNBDENIMS,NSE_IN,R&B Denims Limited,RNBDENIMS,R&B Denims Ltd,NSE,stock,INE012Q01039,Process Industries,Textiles,Materials,accept
RO7,XETRA,"ROBLOX CORP.CL.A DL-,0001",RO7,Roblox Corp. Class A,XETR,stock,US7710491033,Technology Services,Packaged Software,Information Technology,accept
ROHLTD,BSE_IN,Royal Orchid Hotels Ltd,ROHLTD,Royal Orchid Hotels Limited,BSE,stock,INE283H01019,Consumer Services,Hotels/Resorts/Cruise lines,Consumer Discretionary,accept
ROLEXRINGS,BSE_IN,Rolex Rings Ltd,ROLEXRINGS,Rolex Rings Limited,BSE,stock,INE645S01024,Producer Manufacturing,Metal Fabrication,Industrials,accept
ROLLT,NSE_IN,Rollatainers Limited,ROLLT,Rollatainers Limited,NSE,stock,INE927A01040,Process Industries,Containers/Packaging,Materials,accept
ROML,BSE_IN,Raj Oil Mills Ltd,ROML,Raj Oil Mills Limited,BSE,stock,INE294G01026,Process Industries,Agricultural Commodities/Milling,Consumer Staples,accept
ROP,XETRA,"ROPER TECHNOLOGIES DL-,01",ROP,"Roper Technologies, Inc.",XETR,stock,US7766961061,Technology Services,Packaged Software,Information Technology,accept
RORX,BVB,ROMAERO SA BUCURESTI,RORX,Romaero SA,BVB,stock,RORORXACNOR9,Electronic Technology,Aerospace & Defense,Industrials,accept
ROSSARI,BSE_IN,Rossari Biotech Ltd,ROSSARI,Rossari Biotech Ltd,BSE,stock,INE02A801020,Process Industries,Chemicals: Specialty,Materials,accept
ROSSELLIND,BSE_IN,Rossell India Ltd,ROSSELLIND,Rossell India Limited,BSE,stock,INE847C01020,Electronic Technology,Aerospace & Defense,Industrials,accept
ROSSTECH,BSE_IN,Rossell Techsys Ltd,ROSSTECH,Rossell Techsys Limited,BSE,stock,INE0OJW01016,Electronic Technology,Telecommunications Equipment,Information Technology,accept
ROSSTECH,NSE_IN,Rossell Techsys Limited,ROSSTECH,Rossell Techsys Limited,NSE,stock,INE0OJW01016,Electronic Technology,Telecommunications Equipment,Information Technology,accept
ROTO,BSE_IN,Roto Pumps Ltd,ROTO,Roto Pumps Limited,BSE,stock,INE535D01037,Producer Manufacturing,Industrial Machinery,Industrials,accept
ROUTE,BSE_IN,Route Mobile Ltd,ROUTE,"Route Mobile, Ltd.",BSE,stock,INE450U01017,Communications,Major Telecommunications,Communication Services,accept
ROW,XETRA,"TEXAS ROADHOUSE DL-,001",ROW,"Texas Roadhouse, Inc.",XETR,stock,US8826811098,Consumer Services,Restaurants,Consumer Discretionary,accept
ROYAL,BSE_IN,Royal Sense Ltd,ROYAL,Royal Sense Ltd.,BSE,stock,INE0QQG01019,Distribution Services,Medical Distributors,Industrials,accept
RP8,XETRA,"RPM INTERN. INC.   DL-,01",RP8,RPM International Inc.,XETR,stock,US7496851038,Process Industries,Industrial Specialties,Materials,accept
RPEL,BSE_IN,Raghav Productivity Enhancers Ltd,RPEL,Raghav Productivity Enhancers Ltd.,BSE,stock,INE912T01018,Process Industries,Chemicals: Major Diversified,Materials,accept
RPGLIFE,BSE_IN,RPG Life Sciences Ltd,RPGLIFE,RPG Life Sciences Limited,BSE,stock,INE105J01010,Health Technology,Pharmaceuticals: Major,Health Care,accept
RPOWER,BSE_IN,Reliance Power Ltd,RPOWER,Reliance Power Limited,BSE,stock,INE614G01033,Utilities,Electric Utilities,Utilities,accept
RPPINFRA,BSE_IN,R P P Infra Projects Ltd,RPPINFRA,RPP Infra Projects Ltd.,BSE,stock,INE324L01013,Industrial Services,Engineering & Construction,Industrials,accept
RPSGVENT,BSE_IN,RPSG Ventures Ltd,RPSGVENT,RPSG Ventures Limited,BSE,stock,INE425Y01011,Finance,Financial Conglomerates,,unsupported_sector
RPTECH,BSE_IN,Rashi Peripherals Ltd,RPTECH,Rashi Peripherals Limited,BSE,stock,INE0J1F01024,Distribution Services,Electronics Distributors,Industrials,accept
RPTECH,NSE_IN,Rashi Peripherals Limited,RPTECH,Rashi Peripherals Limited,NSE,stock,INE0J1F01024,Distribution Services,Electronics Distributors,Industrials,accept
RPU,XETRA,"REPUBLIC SERVIC. DL-,01",RPU,"Republic Services, Inc.",XETR,stock,US7607591002,Industrial Services,Environmental Services,Industrials,accept
RQ0,XETRA,"D-WAVE QUANTUM   DL-,0001",RQ0,D-Wave Quantum Inc.,XETR,stock,US26740W1099,Electronic Technology,Computer Processing Hardware,Information Technology,accept
RRD,BVB,ROMRADIATOARE S.A.,RRD,ROMRADIATOARE S.A.,BVB,stock,RORRDBACNOR8,,,,unsupported_sector
RRECL,NSE_IN,RDB Real Estate Constructions Limited,RRECL,RDB Real Estate Constructions Ltd,NSE,stock,INE0AK901016,Finance,Real Estate Development,Real Estate,accept
RRIL,NSE_IN,RRIL Limited,RRIL,RRIL Limited,NSE,stock,INE951M01037,Process Industries,Textiles,Materials,accept
RRKABEL,BSE_IN,R R Kabel Ltd,RRKABEL,RR Kabel Ltd.,BSE,stock,INE777K01022,Producer Manufacturing,Electrical Products,Industrials,accept
RS6,XETRA,RELIANCE INC.,RS6,"Reliance, Inc.",XETR,stock,US7595091023,Non-Energy Minerals,Steel,Materials,accept
RSDFIN,NSE_IN,RSD Finance Limited,RSDFIN,RSD Finance Ltd.,NSE,stock,INE616F01022,Finance,Financial Conglomerates,,unsupported_sector
RSL,BSE_IN,Rajputana Stainless Ltd,RSL,Rajputana Stainless Limited,BSE,stock,INE313L01016,Non-Energy Minerals,Steel,Materials,accept
RSL,NSE_IN,Rajputana Stainless Limited,RSL,Rajputana Stainless Limited,NSE,stock,INE313L01016,Non-Energy Minerals,Steel,Materials,accept
RSSOFTWARE,BSE_IN,R.S. Software (India) Ltd,RSSOFTWARE,R. S. Software (India) Limited,BSE,stock,INE165B01029,Technology Services,Packaged Software,Information Technology,accept
RSWM,BSE_IN,RSWM Ltd,RSWM,RSWM Ltd,BSE,stock,INE611A01016,Process Industries,Textiles,Materials,accept
RSYSTEMS,BSE_IN,R Systems International Ltd,RSYSTEMS,R Systems International Limited,BSE,stock,INE411H01032,Technology Services,Information Technology Services,Information Technology,accept
RTNINDIA,BSE_IN,Rattanindia Enterprises Ltd,RTNINDIA,RattanIndia Enterprises Limited,BSE,stock,INE834M01019,Commercial Services,Miscellaneous Commercial Services,Industrials,accept
RTNPOWER,BSE_IN,RattanIndia Power Ltd,RTNPOWER,RattanIndia Power Limited,BSE,stock,INE399K01017,Utilities,Electric Utilities,Utilities,accept
RTSPOWR,NSE_IN,RTS Power Corporation Limited,RTSPOWR,RTS Power Corporation Ltd,NSE,stock,INE005C01017,Producer Manufacturing,Electrical Products,Industrials,accept
RUBFILA,NSE_IN,Rubfila International Limited,RUBFILA,Rubfila International Limited,NSE,stock,INE642C01025,Process Industries,Industrial Specialties,Materials,accept
RUBICON,BSE_IN,Rubicon Research Ltd,RUBICON,Rubicon Research Limited,BSE,stock,INE506V01022,Health Technology,Biotechnology,Health Care,accept
RUBYMILLS,BSE_IN,Ruby Mills Ltd,RUBYMILLS,Ruby Mills Limited,BSE,stock,INE301D01026,Process Industries,Textiles,Materials,accept
RUCHINFRA,BSE_IN,Ruchi Infrastructure Ltd,RUCHINFRA,Ruchi Infrastructure Limited,BSE,stock,INE413B01023,Transportation,Other Transportation,Industrials,accept
RUCHIRA,BSE_IN,Ruchira Papers Ltd,RUCHIRA,Ruchira Papers Limited,BSE,stock,INE803H01014,Process Industries,Pulp & Paper,Materials,accept
RUDRA,NSE_IN,Rudra Global Infra Products Limited,RUDRA,Rudra Global Infra Products Ltd.,NSE,stock,INE027T01023,Non-Energy Minerals,Steel,Materials,accept
RUPA,BSE_IN,Rupa & Company Ltd,RUPA,Rupa & Co. Ltd.,BSE,stock,INE895B01021,Consumer Non-Durables,Apparel/Footwear,Consumer Staples,accept
RUSHIL,BSE_IN,Rushil Decor Ltd,RUSHIL,Rushil Decor Ltd.,BSE,stock,INE573K01025,Non-Energy Minerals,Forest Products,Materials,accept
RUSTOMJEE,BSE_IN,Keystone Realtors Ltd,RUSTOMJEE,Keystone Realtors Ltd.,BSE,stock,INE263M01029,Finance,Real Estate Development,Real Estate,accept
RV7,XETRA,"HALOZYME THERAPEU.DL-,001",RV7,"Halozyme Therapeutics, Inc.",XETR,stock,US40637H1095,Health Technology,Biotechnology,Health Care,accept
RVHL,BSE_IN,Ravinder Heights Ltd,RVHL,Ravinder Heights Ltd,BSE,stock,INE09E501017,Consumer Durables,Homebuilding,Consumer Discretionary,accept
RVNL,BSE_IN,Rail Vikas Nigam Ltd,RVNL,Rail Vikas Nigam Ltd.,BSE,stock,INE415G01027,Industrial Services,Engineering & Construction,Industrials,accept
RVTH,BSE_IN,Revathi Equipment India Ltd,RVTH,Revathi Equipment India Ltd.,BSE,stock,INE0DAB01012,Industrial Services,Oilfield Services/Equipment,Industrials,accept
RVTH,NSE_IN,Revathi Equipment India Limited,RVTH,Revathi Equipment India Ltd.,NSE,stock,INE0DAB01012,Industrial Services,Oilfield Services/Equipment,Industrials,accept
RWI,XETRA,"AUTONATION INC.    DL-,01",RWI,"AutoNation, Inc.",XETR,stock,US05329W1027,Retail Trade,Specialty Stores,Consumer Discretionary,accept
RWL,XETRA,ROCKWELL AU.         DL 1,RWL,"Rockwell Automation, Inc.",XETR,stock,US7739031091,Producer Manufacturing,Electrical Products,Industrials,accept
RYD,XETRA,"RYDER SYST.        DL-,50",RYD,"Ryder System, Inc.",XETR,stock,US7835491082,Transportation,Air Freight/Couriers,Industrials,accept
RZ2,XETRA,VERALTO CORP.,RZ2,Veralto Corporation,XETR,stock,US92338C1036,Producer Manufacturing,Industrial Machinery,Industrials,accept
RZAI,NASDAQ,Roze AI Inc. - Common Shares,RZAI,"Roze AI, Inc.",NASDAQ,stock,CA7810701077,Technology Services,Packaged Software,Information Technology,accept
S&SPOWER,NSE_IN,S&S Power Switchgears Limited,S&SPOWER,S&S Power Switchgear Ltd.,NSE,stock,INE902B01017,Producer Manufacturing,Electrical Products,Industrials,accept
S94,XETRA,"SENSATA TECHN.HLDG LS-,01",S94,Sensata Technologies Holding PLC,XETR,stock,GB00BFMBMT84,Electronic Technology,Electronic Equipment/Instruments,Information Technology,accept
SAATVIKGL,BSE_IN,Saatvik Green Energy Ltd,SAATVIKGL,Saatvik Green Energy Ltd.,BSE,stock,INE13B501022,Producer Manufacturing,Industrial Machinery,Industrials,accept
SADBHAV,NSE_IN,Sadbhav Engineering Limited,SADBHAV,Sadbhav Engineering Limited,NSE,stock,INE226H01026,Industrial Services,Engineering & Construction,Industrials,accept
SADBHIN,BSE_IN,Sadbhav Infrastructure Project Ltd,SADBHIN,Sadbhav Infrastructure Project Ltd.,BSE,stock,INE764L01010,Transportation,Other Transportation,Industrials,accept
SADHNANIQ,NSE_IN,Sadhana Nitrochem Limited,SADHNANIQ,Sadhana Nitro Chem Limited,NSE,stock,INE888C01040,Process Industries,Chemicals: Specialty,Materials,accept
SAFARI,BSE_IN,Safari Industries India Ltd,SAFARI,Safari Industries (India) Limited,BSE,stock,INE429E01023,Consumer Durables,Other Consumer Specialties,Consumer Discretionary,accept
SAGCEM,BSE_IN,Sagar Cements Ltd,SAGCEM,Sagar Cements Ltd,BSE,stock,INE229C01021,Non-Energy Minerals,Construction Materials,Materials,accept
SAGILITY,BSE_IN,Sagility Ltd,SAGILITY,Sagility Limited,BSE,stock,INE0W2G01015,Commercial Services,Miscellaneous Commercial Services,Industrials,accept
SAHLIBHFI,BSE_IN,Shalibhadra Finance Ltd,SAHLIBHFI,Shalibhadra Finance Limited,BSE,stock,INE861D01011,Finance,Finance/Rental/Leasing,Financials,accept
SAHYADRI,NSE_IN,Sahyadri Industries Limited,SAHYADRI,Sahyadri Industries Limited.,NSE,stock,INE280H01015,Non-Energy Minerals,Construction Materials,Materials,accept
SAICAPI,NSE_IN,Sai Capital Limited,SAICAPI,Sai Capital Ltd.,NSE,stock,INE531X01018,Finance,Investment Banks/Brokers,Financials,accept
SAIL,BSE_IN,Steel Authority of India Ltd,SAIL,Steel Authority of India Limited,BSE,stock,INE114A01011,Non-Energy Minerals,Steel,Materials,accept
SAILIFE,BSE_IN,Sai Life Sciences Ltd,SAILIFE,SAI Life Sciences Ltd.,BSE,stock,INE570L01029,Commercial Services,Miscellaneous Commercial Services,Industrials,accept
SAIPARENT,BSE_IN,Sai Parenterals Ltd,SAIPARENT,Sai Parenterals Limited,BSE,stock,INE0H9F01037,Health Technology,Pharmaceuticals: Major,Health Care,accept
SAIPARENT,NSE_IN,Sai Parenterals Limited,SAIPARENT,Sai Parenterals Limited,NSE,stock,INE0H9F01037,Health Technology,Pharmaceuticals: Major,Health Care,accept
SAKHTISUG,BSE_IN,Sakthi Sugars Ltd,SAKHTISUG,Sakthi Sugars Limited,BSE,stock,INE623A01011,Process Industries,Agricultural Commodities/Milling,Consumer Staples,accept
SAKSOFT,BSE_IN,Saksoft Ltd,SAKSOFT,Saksoft Limited,BSE,stock,INE667G01023,Technology Services,Information Technology Services,Information Technology,accept
SAKUMA,BSE_IN,Sakuma Exports Ltd,SAKUMA,Sakuma Exports Limited,BSE,stock,INE190H01024,Distribution Services,Food Distributors,Consumer Staples,accept
SALASAR,BSE_IN,Salasar Techno Engineering Ltd,SALASAR,Salasar Techno Engineering Ltd.,BSE,stock,INE170V01027,Producer Manufacturing,Metal Fabrication,Industrials,accept
SALONA,BSE_IN,Salona Cotspin Ltd,SALONA,Salona Cotspin Limited,BSE,stock,INE498E01010,Process Industries,Textiles,Materials,accept
SALSTEEL,BSE_IN,S.A.L. Steel Ltd,SALSTEEL,S.A.L. Steel Ltd.,BSE,stock,INE658G01014,Non-Energy Minerals,Steel,Materials,accept
SALZERELEC,BSE_IN,Salzer Electronics Ltd,SALZERELEC,Salzer Electronics Limited,BSE,stock,INE457F01013,Producer Manufacturing,Electrical Products,Industrials,accept
SAMBANDAM,NSE_IN,Sambandam Spinning Mills Limited,SAMBANDAM,Sambandam Spinning Mills Limited,NSE,stock,INE304D01012,Process Industries,Textiles,Materials,accept
SAMBHAAV,BSE_IN,Sambhaav Media Ltd,SAMBHAAV,Sambhaav Media Limited,BSE,stock,INE699B01027,Consumer Services,Publishing: Newspapers,Consumer Discretionary,accept
SAMBHV,BSE_IN,Sambhv Steel Tubes Ltd,SAMBHV,Sambhv Steel Tubes Limited,BSE,stock,INE12NJ01018,Non-Energy Minerals,Steel,Materials,accept
SAMBHV,NSE_IN,Sambhv Steel Tubes Limited,SAMBHV,Sambhv Steel Tubes Limited,NSE,stock,INE12NJ01018,Non-Energy Minerals,Steel,Materials,accept
SAMHI,BSE_IN,Samhi Hotels Ltd,SAMHI,Samhi Hotels Limited,BSE,stock,INE08U801020,Consumer Services,Hotels/Resorts/Cruise lines,Consumer Discretionary,accept
SAMMAANCAP,BSE_IN,Sammaan Capital Ltd,SAMMAANCAP,Sammaan Capital Ltd,BSE,stock,INE148I01020,Finance,Finance/Rental/Leasing,Financials,accept
SAMPANN,BSE_IN,Sampann Utpadan India Ltd,SAMPANN,Sampann Utpadan India Ltd,BSE,stock,INE735M01018,Producer Manufacturing,Miscellaneous Manufacturing,Industrials,accept
SANATHAN,BSE_IN,Sanathan Textiles Ltd,SANATHAN,Sanathan Textiles Limited,BSE,stock,INE0JPD01013,Process Industries,Textiles,Materials,accept
SANATHAN,NSE_IN,Sanathan Textiles Limited,SANATHAN,Sanathan Textiles Limited,NSE,stock,INE0JPD01013,Process Industries,Textiles,Materials,accept
SANDESH,BSE_IN,Sandesh Ltd,SANDESH,Sandesh Limited,BSE,stock,INE583B01015,Consumer Services,Publishing: Newspapers,Consumer Discretionary,accept
SANDHAR,BSE_IN,Sandhar Technologies Ltd,SANDHAR,Sandhar Technologies Ltd.,BSE,stock,INE278H01035,Consumer Durables,Motor Vehicles,Consumer Discretionary,accept
SANDUMA,BSE_IN,Sandur Manganese & Iron Ores Ltd,SANDUMA,Sandur Manganese & Iron Ores Ltd,BSE,stock,INE149K01016,Non-Energy Minerals,Other Metals/Minerals,Materials,accept
SANGAMIND,BSE_IN,Sangam India Ltd,SANGAMIND,Sangam (India) Limited,BSE,stock,INE495C01010,Process Industries,Textiles,Materials,accept
SANGHVIMOV,BSE_IN,Sanghvi Movers Ltd,SANGHVIMOV,Sanghvi Movers Limited,BSE,stock,INE989A01032,Finance,Finance/Rental/Leasing,Financials,accept
SANOFI,BSE_IN,Sanofi India Ltd,SANOFI,Sanofi India Limited,BSE,stock,INE058A01010,Health Technology,Pharmaceuticals: Major,Health Care,accept
SANOFICONR,BSE_IN,Sanofi Consumer Healthcare India Ltd,SANOFICONR,Sanofi Consumer Healthcare India Limited,BSE,stock,INE0UOS01011,Health Technology,Pharmaceuticals: Major,Health Care,accept
SANSERA,BSE_IN,Sansera Engineering Ltd,SANSERA,Sansera Engineering Limited,BSE,stock,INE953O01021,Producer Manufacturing,Auto Parts: OEM,Industrials,accept
SANSTAR,BSE_IN,Sanstar Ltd,SANSTAR,Sanstar Limited,BSE,stock,INE08NE01025,Consumer Non-Durables,Food: Major Diversified,Consumer Staples,accept
SANSTAR,NSE_IN,Sanstar Limited,SANSTAR,Sanstar Limited,NSE,stock,INE08NE01025,Consumer Non-Durables,Food: Major Diversified,Consumer Staples,accept
SANWARIA,NSE_IN,Sanwaria Consumer Limited,SANWARIA,Sanwaria Consumer Ltd,NSE,stock,INE890C01046,Process Industries,Agricultural Commodities/Milling,Consumer Staples,accept
SAP,BVB,SAP SE,SAP,SAP SE,BVB,stock,DE0007164600,Technology Services,Packaged Software,Information Technology,accept
SAPPHIRE,BSE_IN,Sapphire Foods India Ltd,SAPPHIRE,Sapphire Foods India Ltd.,BSE,stock,INE806T01020,Consumer Services,Restaurants,Consumer Discretionary,accept
SAPPL,NSE_IN,Shree Ajit Pulp & Paper Limited,SAPPL,Shree Ajit Pulp And Paper Ltd,NSE,stock,INE185C01017,Process Industries,Pulp & Paper,Materials,accept
SARDAEN,BSE_IN,Sarda Energy & Minerals Ltd,SARDAEN,Sarda Energy & Minerals Limited,BSE,stock,INE385C01021,Non-Energy Minerals,Steel,Materials,accept
SAREGAMA,BSE_IN,Saregama India Ltd,SAREGAMA,Saregama India Limited,BSE,stock,INE979A01025,Consumer Services,Movies/Entertainment,Communication Services,accept
SARLAPOLY,BSE_IN,Sarla Performance Fibers Ltd,SARLAPOLY,Sarla Performance Fibers Limited,BSE,stock,INE453D01025,Process Industries,Textiles,Materials,accept
SARVESHWAR,BSE_IN,Sarveshwar Foods Ltd,SARVESHWAR,Sarveshwar Foods Ltd.,BSE,stock,INE324X01026,Process Industries,Agricultural Commodities/Milling,Consumer Staples,accept
SARVESHWAR,NSE_IN,Sarveshwar Foods Limited,SARVESHWAR,Sarveshwar Foods Ltd.,NSE,stock,INE324X01026,Process Industries,Agricultural Commodities/Milling,Consumer Staples,accept
SASKEN,BSE_IN,Sasken Technologies Ltd,SASKEN,Sasken Technologies Ltd,BSE,stock,INE231F01020,Technology Services,Information Technology Services,Information Technology,accept
SATIA,BSE_IN,Satia Industries Ltd,SATIA,Satia Industries Ltd,BSE,stock,INE170E01023,Process Industries,Pulp & Paper,Materials,accept
SATIN,BSE_IN,Satin Creditcare Network Ltd,SATIN,Satin Creditcare Network Ltd,BSE,stock,INE836B01017,Finance,Finance/Rental/Leasing,Financials,accept
SAURASHCEM,BSE_IN,Saurashtra Cement Ltd,SAURASHCEM,Saurashtra Cement Limited,BSE,stock,INE626A01014,Non-Energy Minerals,Construction Materials,Materials,accept
SAY,TSXV,Sparta Capital Ltd,,,,,,,,,no_tradingview_match
SAYAJIHOTL,NSE_IN,Sayaji Hotels Limited,SAYAJIHOTL,Sayaji Hotels Limited,NSE,stock,INE318C01014,Consumer Services,Hotels/Resorts/Cruise lines,Consumer Discretionary,accept
SAYAJIIND,NSE_IN,Sayaji Industries Limited,SAYAJIIND,Sayaji Industries Limited,NSE,stock,INE327G01032,Process Industries,Chemicals: Specialty,Materials,accept
SBC,BSE_IN,SBC Exports Ltd,SBC,SBC Exports Ltd.,BSE,stock,INE04AK01028,Distribution Services,Wholesale Distributors,Industrials,accept
SBCL,BSE_IN,Shivalik Bimetal Controls Ltd,SBCL,Shivalik Bimetal Controls Ltd,BSE,stock,INE386D01027,Non-Energy Minerals,Other Metals/Minerals,Materials,accept
SBFC,BSE_IN,SBFC Finance Ltd,SBFC,SBFC Finance Limited,BSE,stock,INE423Y01016,Finance,Finance/Rental/Leasing,Financials,accept
SBGLP,BSE_IN,Suratwwala Business Group Ltd,SBGLP,Suratwwala Business Group Ltd,BSE,stock,INE05ST01028,Finance,Real Estate Development,Real Estate,accept
SBGLP,NSE_IN,Suratwwala Business Group Limited,SBGLP,Suratwwala Business Group Ltd,NSE,stock,INE05ST01028,Finance,Real Estate Development,Real Estate,accept
SBICARD,BSE_IN,SBI Cards and Payment Services Ltd,SBICARD,SBI Cards & Payment Services Ltd,BSE,stock,INE018E01016,Finance,Finance/Rental/Leasing,Financials,accept
SBIFUNDS,BSE_IN,SBI Funds Management Ltd,SBIFUNDS,SBI Funds Management Limited,BSE,stock,INE640G01020,Finance,Investment Managers,Financials,accept
SBIFUNDS,NSE_IN,SBI Funds Management Limited,SBIFUNDS,SBI Funds Management Limited,NSE,stock,INE640G01020,Finance,Investment Managers,Financials,accept
SBILIFE,BSE_IN,SBI Life Insurance Company Ltd,SBILIFE,SBI Life Insurance Co. Ltd.,BSE,stock,INE123W01016,Finance,Life/Health Insurance,Financials,accept
SCANSTL,NSE_IN,Scan Steels Limited,SCANSTL,Scan Steels Ltd,NSE,stock,INE099G01011,Non-Energy Minerals,Steel,Materials,accept
SCHAEFFLER,BSE_IN,Schaeffler India Ltd,SCHAEFFLER,Schaeffler India Ltd,BSE,stock,INE513A01022,Producer Manufacturing,Metal Fabrication,Industrials,accept
SCHAND,BSE_IN,S Chand and Company Ltd,SCHAND,S Chand And Company Limited,BSE,stock,INE807K01035,Consumer Services,Publishing: Books/Magazines,Consumer Discretionary,accept
SCHNEIDER,NSE_IN,Schneider Electric Infrastructure Limited,SCHNEIDER,Schneider Electric Infrastructure Limited,NSE,stock,INE839M01018,Producer Manufacturing,Electrical Products,Industrials,accept
SCI,BSE_IN,Shipping Corporation of India Ltd,SCI,Shipping Corporation of India Limited,BSE,stock,INE109A01011,Transportation,Air Freight/Couriers,Industrials,accept
SCILAL,BSE_IN,Shipping Corporation of India Land and Assets Ltd,SCILAL,Shipping Corporation of India Land and Assets Limited,BSE,stock,INE0PB301013,Miscellaneous,Miscellaneous,,unsupported_sector
SCODATUBES,BSE_IN,Scoda Tubes Ltd,SCODATUBES,Scoda Tubes Ltd.,BSE,stock,INE090501011,Non-Energy Minerals,Steel,Materials,accept
SCODATUBES,NSE_IN,Scoda Tubes Limited,SCODATUBES,Scoda Tubes Ltd.,NSE,stock,INE090501011,Non-Energy Minerals,Steel,Materials,accept
SCPL,NSE_IN,Sheetal Cool Products Limited,SCPL,Sheetal Cool Products Ltd.,NSE,stock,INE501Y01019,Consumer Non-Durables,Food: Meat/Fish/Dairy,Consumer Staples,accept
SCT,XETRA,"SSE PLC    LS-,50",SCT,SSE PLC,XETR,stock,GB0007908733,Utilities,Electric Utilities,Utilities,accept
SD5,XETRA,"STEEL DYNAMIC    DL-,0025",SD5,"Steel Dynamics, Inc.",XETR,stock,US8581191009,Non-Energy Minerals,Steel,Materials,accept
SDBL,BSE_IN,Som Distilleries & Breweries Ltd,SDBL,Som Distilleries & Breweries Ltd.,BSE,stock,INE480C01038,Consumer Non-Durables,Beverages: Alcoholic,Consumer Staples,accept
SDRC,XETRA,"SCOR SE      EO 7,8769723",SDRC,SCOR SE,XETR,stock,FR0010411983,Finance,Property/Casualty Insurance,Financials,accept
SEAMECLTD,BSE_IN,Seamec Ltd,SEAMECLTD,SEAMEC Limited,BSE,stock,INE497B01018,Industrial Services,Oilfield Services/Equipment,Industrials,accept
SEC,TSX,Senvest Capital Inc.,SEC,Senvest Capital Inc.,TSX,stock,CA81731L1094,Finance,Financial Conglomerates,,unsupported_sector
SECE,BVB,SERVICE NEPTUN 2002 SA NEPTUN,SECE,Service Neptun 2002 SA,BVB,stock,ROSECEACNOR0,Commercial Services,Miscellaneous Commercial Services,Industrials,accept
SECMARK,BSE_IN,SecMark Consultancy Ltd,SECMARK,SecMark Consultancy Ltd.,BSE,stock,INE0BTM01013,Technology Services,Information Technology Services,Information Technology,accept
SECMARK,NSE_IN,SecMark Consultancy Limited,SECMARK,SecMark Consultancy Ltd.,NSE,stock,INE0BTM01013,Technology Services,Information Technology Services,Information Technology,accept
SECU,TSXV,SSC Security Services Corp,,,,,,,,,no_tradingview_match
SECURKLOUD,BSE_IN,Securekloud Technologies Ltd,SECURKLOUD,SecureKloud Technologies Limited,BSE,stock,INE650K01021,Technology Services,Information Technology Services,Information Technology,accept
SEDEMAC,BSE_IN,Sedemac Mechatronics Ltd,SEDEMAC,SEDEMAC Mechatronics Ltd.,BSE,stock,INE00XB01019,Producer Manufacturing,Auto Parts: OEM,Industrials,accept
SEDEMAC,NSE_IN,SEDEMAC Mechatronics Limited,SEDEMAC,SEDEMAC Mechatronics Ltd.,NSE,stock,INE00XB01019,Producer Manufacturing,Auto Parts: OEM,Industrials,accept
SEEMAX,BSE_IN,Seemax Resources Ltd,SEEMAX,Seemax Resources Limited,BSE,stock,INE1EVO01017,Finance,Finance/Rental/Leasing,Financials,accept
SEIL,NSE_IN,Shanti Educational Initiatives Limited,SEIL,Shanti Educational Initiatives Ltd.,NSE,stock,INE440T01028,Commercial Services,Miscellaneous Commercial Services,Industrials,accept
SEJALLTD,BSE_IN,Sejal Glass Ltd,SEJALLTD,Sejal Glass Limited,BSE,stock,INE955I01044,Process Industries,Industrial Specialties,Materials,accept
SEKURITIND,NSE_IN,Saint Gobain Sekurit India Limited,SEKURITIND,Saint-Gobain Sekurit India Ltd.,NSE,stock,INE068B01017,Consumer Durables,Home Furnishings,Consumer Discretionary,accept
SELECTRIC,BSE_IN,Schneider Electric President Systems Ltd,SELECTRIC,Schneider Electric President Systems Ltd,BSE,stock,INE155D01018,Electronic Technology,Electronic Production Equipment,Information Technology,accept
SELMC,BSE_IN,SEL Manufacturing Company Ltd,SELMC,SEL Manufacturing Co. Ltd.,BSE,stock,INE105I01020,Process Industries,Textiles,Materials,accept
SEMAC,BSE_IN,Semac Construction Ltd,SEMAC,Semac Construction Limited,BSE,stock,INE617A01013,Producer Manufacturing,Trucks/Construction/Farm Machinery,Industrials,accept
SENCO,BSE_IN,Senco Gold Ltd,SENCO,Senco Gold Limited,BSE,stock,INE602W01027,Consumer Durables,Other Consumer Specialties,Consumer Discretionary,accept
SENORES,BSE_IN,Senores Pharmaceuticals Ltd,SENORES,Senores Pharmaceuticals Ltd.,BSE,stock,INE0RB801010,Health Technology,Pharmaceuticals: Major,Health Care,accept
SENORES,NSE_IN,Senores Pharmaceuticals Limited,SENORES,Senores Pharmaceuticals Ltd.,NSE,stock,INE0RB801010,Health Technology,Pharmaceuticals: Major,Health Care,accept
SEPC,BSE_IN,SEPC Ltd,SEPC,SEPC Limited,BSE,stock,INE964H01014,Industrial Services,Engineering & Construction,Industrials,accept
SERC,BVB,SERICO SA BUCURESTI,SERC,SERICO S.A.,BVB,stock,ROSERCACNOR2,Finance,Real Estate Development,Real Estate,accept
SESHAPAPER,BSE_IN,Seshasayee Paper and Boards Ltd,SESHAPAPER,Seshasayee Paper & Boards Ltd.,BSE,stock,INE630A01024,Process Industries,Pulp & Paper,Materials,accept
SETCO,NSE_IN,Setco Automotive Limited,SETCO,Setco Automotive Limited,NSE,stock,INE878E01021,Producer Manufacturing,Auto Parts: OEM,Industrials,accept
SETL,BSE_IN,Standard Engineering Technology Ltd,SETL,Standard Engineering Technology Ltd,BSE,stock,INE0M4D01010,Health Technology,Medical Specialties,Health Care,accept
SETL,NSE_IN,Standard Engineering Technology Limited,SETL,Standard Engineering Technology Ltd,NSE,stock,INE0M4D01010,Health Technology,Medical Specialties,Health Care,accept
SETUINFRA,NSE_IN,Setubandhan Infrastructure Limited,SETUINFRA,Setubandhan Infrastructure Ltd,NSE,stock,INE023M01027,Industrial Services,Engineering & Construction,Industrials,accept
SEVE,BVB,SEVERNAV SA DR. TR. SEVERIN,SEVE,Severnav SA,BVB,stock,ROSEVEACNOR0,Producer Manufacturing,Trucks/Construction/Farm Machinery,Industrials,accept
SEYAIND,NSE_IN,Seya Industries Limited,SEYAIND,Seya Industries Ltd.,NSE,stock,INE573R01012,Process Industries,Chemicals: Major Diversified,Materials,accept
SFL,BSE_IN,Sheela Foam Ltd,SFL,Sheela Foam Ltd.,BSE,stock,INE916U01025,Process Industries,Industrial Specialties,Materials,accept
SGE,TSXV,Strategem Capital Corporation,SGE,Strategem Capital Corporation Class A,TSXV,stock,CA86269P3079,Miscellaneous,Investment Trusts/Mutual Funds,,unsupported_sector
SGFIN,BSE_IN,SG Finserve Ltd,SGFIN,SG Finserve Limited,BSE,stock,INE618R01015,Finance,Investment Banks/Brokers,Financials,accept
SGIL,BSE_IN,Synergy Green Industries Ltd,SGIL,Synergy Green Industries Ltd.,BSE,stock,INE00QT01015,Non-Energy Minerals,Steel,Materials,accept
SGL,BSE_IN,STL Global Ltd,SGL,STL Global Limited,BSE,stock,INE353H01010,Process Industries,Textiles,Materials,accept
SGLD,NASDAQ,Scorpio Gold Corporation - Common Stock,SGLD,Scorpio Gold Corporation Unsponsored ADR,NASDAQ,dr,US80918M4015,Non-Energy Minerals,Precious Metals,,asset_type_mismatch
SGLRES,NSE_IN,SGL Resources Limited,SGLRES,SGL Resources Ltd,NSE,stock,INE967B01028,Technology Services,Information Technology Services,Information Technology,accept
SGMART,BSE_IN,SG Mart Ltd,SGMART,SG Mart Ltd,BSE,stock,INE385F01024,Utilities,Electric Utilities,Utilities,accept
SGMART,NSE_IN,SG Mart Limited,SGMART,SG Mart Ltd,NSE,stock,INE385F01024,Utilities,Electric Utilities,Utilities,accept
SGRL,NSE_IN,Shree Ganesh Remedies Limited,SGRL,Shree Ganesh Remedies Ltd.,NSE,stock,INE414Y01015,Health Technology,Pharmaceuticals: Major,Health Care,accept
SGU,XETRA,SINO-GERMAN UNITED AG O.N.,,,,,,,,,no_tradingview_match
SHADOWFAX,BSE_IN,Shadowfax Technologies Ltd,SHADOWFAX,Shadowfax Technologies Limited,BSE,stock,INE12UN01015,Technology Services,Packaged Software,Information Technology,accept
SHAH,BSE_IN,Shah Metacorp Ltd,SHAH,Shah Metacorp Ltd,BSE,stock,INE482J01021,Non-Energy Minerals,Steel,Materials,accept
SHAHALLOYS,BSE_IN,Shah Alloys Ltd,SHAHALLOYS,Shah Alloys Limited,BSE,stock,INE640C01011,Non-Energy Minerals,Steel,Materials,accept
SHAILY,NSE_IN,Shaily Engineering Plastics Limited,SHAILY,Shaily Engineering Plastics Limited,NSE,stock,INE151G01028,Process Industries,Chemicals: Specialty,Materials,accept
SHAKTIPUMP,BSE_IN,Shakti Pumps India Ltd,SHAKTIPUMP,Shakti Pumps (India) Limited,BSE,stock,INE908D01010,Producer Manufacturing,Industrial Machinery,Industrials,accept
SHALBY,BSE_IN,Shalby Ltd,SHALBY,Shalby Ltd.,BSE,stock,INE597J01018,Health Services,Hospital/Nursing Management,Health Care,accept
SHALPAINTS,BSE_IN,Shalimar Paints Ltd,SHALPAINTS,Shalimar Paints Ltd,BSE,stock,INE849C01026,Process Industries,Industrial Specialties,Materials,accept
SHAMFOAM,BSE_IN,Sham Foam Ltd,SHAMFOAM,Sham Foam Ltd.,BSE,stock,INE0Z9N01013,Consumer Durables,Home Furnishings,Consumer Discretionary,accept
SHANKARA,NSE_IN,Shankara Building Products Limited,SHANKARA,Shankara Building Products Ltd.,NSE,stock,INE274V01019,Retail Trade,Home Improvement Chains,Consumer Discretionary,accept
SHANKESH,BSE_IN,Shankesh Jewellers Ltd,SHANKESH,Shankesh Jewellers Limited,BSE,stock,INE1WFC01025,Consumer Durables,Other Consumer Specialties,Consumer Discretionary,accept
SHANKESH,NSE_IN,Shankesh Jewellers Limited,SHANKESH,Shankesh Jewellers Limited,NSE,stock,INE1WFC01025,Consumer Durables,Other Consumer Specialties,Consumer Discretionary,accept
SHANTIGEAR,BSE_IN,Shanthi Gears Ltd,SHANTIGEAR,Shanthi Gears Limited,BSE,stock,INE631A01022,Producer Manufacturing,Auto Parts: OEM,Industrials,accept
SHANTIGOLD,BSE_IN,Shanti Gold International Ltd,SHANTIGOLD,Shanti Gold International Limited,BSE,stock,INE06ZD01017,Consumer Durables,Other Consumer Specialties,Consumer Discretionary,accept
SHANTIGOLD,NSE_IN,Shanti Gold International Limited,SHANTIGOLD,Shanti Gold International Limited,NSE,stock,INE06ZD01017,Consumer Durables,Other Consumer Specialties,Consumer Discretionary,accept
SHANTIINOR,NSE_IN,Shanti Inorganics Limited,SHANTIINOR,Shanti Inorganics Limited,NSE,stock,INE1ZEE01019,Process Industries,Chemicals: Specialty,Materials,accept
SHARDACROP,BSE_IN,Sharda Cropchem Ltd,SHARDACROP,Sharda Cropchem Ltd.,BSE,stock,INE221J01015,Distribution Services,Wholesale Distributors,Industrials,accept
SHARDAMOTR,BSE_IN,Sharda Motor Industries Ltd,SHARDAMOTR,Sharda Motor Industries Ltd.,BSE,stock,INE597I01028,Producer Manufacturing,Auto Parts: OEM,Industrials,accept
SHARDUL,NSE_IN,Shardul Securities Limited,SHARDUL,Shardul Securities Limited,NSE,stock,INE037B01020,Finance,Investment Banks/Brokers,Financials,accept
SHAREINDIA,BSE_IN,Share India Securities Ltd,SHAREINDIA,Share India Securities Ltd,BSE,stock,INE932X01026,Finance,Investment Banks/Brokers,Financials,accept
SHBAJRG,NSE_IN,Shri Bajrang Alliance Limited,SHBAJRG,Shri Bajrang Alliance Limited,NSE,stock,INE402H01015,Non-Energy Minerals,Steel,Materials,accept
SHEKHAWATI,BSE_IN,Shekhawati Industries Ltd,SHEKHAWATI,Shekhawati Industries Limited,BSE,stock,INE268L01046,Process Industries,Textiles,Materials,accept
SHEMAROO,BSE_IN,Shemaroo Entertainment Ltd,SHEMAROO,Shemaroo Entertainment Ltd.,BSE,stock,INE363M01019,Consumer Services,Movies/Entertainment,Communication Services,accept
SHERVANI,NSE_IN,Shervani Industrial Syndicate Limited,SHERVANI,Shervani Industrial Syndicate Limited,NSE,stock,INE011D01013,Finance,Real Estate Development,Real Estate,accept
SHILCTECH,NSE_IN,Shilchar Technologies Limited,SHILCTECH,Shilchar Technologies Limited,NSE,stock,INE024F01011,Producer Manufacturing,Electrical Products,Industrials,accept
SHILGRAVQ,NSE_IN,Shilp Gravures Limited,SHILGRAVQ,Shilp Gravures Limited,NSE,stock,INE960A01017,Producer Manufacturing,Industrial Machinery,Industrials,accept
SHILPAMED,BSE_IN,Shilpa Medicare Ltd,SHILPAMED,Shilpa Medicare Limited,BSE,stock,INE790G01031,Health Technology,Pharmaceuticals: Major,Health Care,accept
SHINDL,NSE_IN,Sharat Industries Limited,SHINDL,Sharat Industries Ltd,NSE,stock,INE220Z01013,Process Industries,Agricultural Commodities/Milling,Consumer Staples,accept
SHIPROCKET,BSE_IN,Shiprocket Ltd,SHIPROCKET,Shiprocket Limited,BSE,stock,INE0FOO01011,Technology Services,Packaged Software,Information Technology,accept
SHIPROCKET,NSE_IN,Shiprocket Limited,SHIPROCKET,Shiprocket Limited,NSE,stock,INE0FOO01011,Technology Services,Packaged Software,Information Technology,accept
SHIVAAGRO,NSE_IN,Shiva Global Agro Industries Limited,SHIVAAGRO,Shiva Global Agro Industries Limited,NSE,stock,INE960E01019,Process Industries,Chemicals: Major Diversified,Materials,accept
SHIVACEM,NSE_IN,Shiva Cement Limited,SHIVACEM,Shiva Cement Ltd,NSE,stock,INE555C01029,Non-Energy Minerals,Construction Materials,Materials,accept
SHIVALIK,BSE_IN,Shivalik Rasayan Ltd,SHIVALIK,Shivalik Rasayan Ltd,BSE,stock,INE788J01021,Process Industries,Chemicals: Agricultural,Materials,accept
SHIVAMAUTO,BSE_IN,Shivam Autotech Ltd,SHIVAMAUTO,Shivam Autotech Limited,BSE,stock,INE637H01024,Producer Manufacturing,Auto Parts: OEM,Industrials,accept
SHIVAMILLS,BSE_IN,Shiva Mills Ltd,SHIVAMILLS,Shiva Mills Ltd.,BSE,stock,INE644Y01017,Process Industries,Textiles,Materials,accept
SHIVATEX,BSE_IN,Shiva Texyarn Ltd,SHIVATEX,Shiva Texyarn Limited,BSE,stock,INE705C01020,Process Industries,Textiles,Materials,accept
SHIVAUM,NSE_IN,Shiv Aum Steels Limited,SHIVAUM,Shiv Aum Steels Ltd.,NSE,stock,INE719F01016,Producer Manufacturing,Metal Fabrication,Industrials,accept
SHK,BSE_IN,S H Kelkar and Company Ltd,SHK,S H Kelkar and Company Ltd,BSE,stock,INE500L01026,Process Industries,Chemicals: Specialty,Materials,accept
SHOPERSTOP,BSE_IN,Shoppers Stop Ltd,SHOPERSTOP,Shoppers Stop Limited,BSE,stock,INE498B01024,Retail Trade,Department Stores,Consumer Discretionary,accept
SHRADDHA,NSE_IN,Shraddha Prime Projects Limited,SHRADDHA,Shraddha Prime Projects Limited,NSE,stock,INE311M01018,Electronic Technology,Electronic Equipment/Instruments,Information Technology,accept
SHREDIGCEM,BSE_IN,Shree Digvijay Cement Company Ltd,SHREDIGCEM,Shree Digvijay Cement Co. Ltd.,BSE,stock,INE232A01011,Non-Energy Minerals,Construction Materials,Materials,accept
SHREECEM,BSE_IN,Shree Cement Ltd,SHREECEM,Shree Cement Limited,BSE,stock,INE070A01015,Non-Energy Minerals,Construction Materials,Materials,accept
SHREEDHAR,NSE_IN,Shreedhar Spinners Limited,SHREEDHAR,Shreedhar Spinners Limited,NSE,stock,INE0K3301012,Process Industries,Textiles,Materials,accept
SHREEJISPG,BSE_IN,Shreeji Shipping Global Ltd,SHREEJISPG,Shreeji Shipping Global Limited,BSE,stock,INE1B6101010,Transportation,Other Transportation,Industrials,accept
SHREEJISPG,NSE_IN,Shreeji Shipping Global Limited,SHREEJISPG,Shreeji Shipping Global Limited,NSE,stock,INE1B6101010,Transportation,Other Transportation,Industrials,accept
SHREEPUSHK,BSE_IN,Shree Pushkar Chemicals & Fertilisers Ltd,SHREEPUSHK,Shree Pushkar Chemicals & Fertilisers Ltd.,BSE,stock,INE712K01011,Process Industries,Chemicals: Specialty,Materials,accept
SHREERAMA,BSE_IN,Shree Rama Multi-Tech Ltd,SHREERAMA,Shree Rama Multi-Tech Limited,BSE,stock,INE879A01019,Process Industries,Containers/Packaging,Materials,accept
SHREYANIND,BSE_IN,Shreyans Industries Ltd,SHREYANIND,Shreyans Industries Limited,BSE,stock,INE231C01019,Process Industries,Pulp & Paper,Materials,accept
SHRIKRISH,NSE_IN,Shri Krishna Devcon Limited,SHRIKRISH,Shri Krishna Devcon Limited,NSE,stock,INE997I01012,Finance,Real Estate Development,Real Estate,accept
SHRINGARMS,BSE_IN,Shringar House of Mangalsutra Ltd,SHRINGARMS,Shringar House Of Mangalsutra Limited,BSE,stock,INE1B3L01017,Consumer Durables,Other Consumer Specialties,Consumer Discretionary,accept
SHRINGARMS,NSE_IN,Shringar House of Mangalsutra Limited,SHRINGARMS,Shringar House Of Mangalsutra Limited,NSE,stock,INE1B3L01017,Consumer Durables,Other Consumer Specialties,Consumer Discretionary,accept
SHRIPISTON,BSE_IN,SPR Auto Technologies Ltd,SHRIPISTON,SPR Auto Technologies Ltd,BSE,stock,INE526E01018,Producer Manufacturing,Auto Parts: OEM,Industrials,accept
SHRIRAMFIN,BSE_IN,Shriram Finance Ltd,SHRIRAMFIN,Shriram Finance Limited,BSE,stock,INE721A01047,Finance,Finance/Rental/Leasing,Financials,accept
SHRIRAMPPS,BSE_IN,Shriram Properties Ltd,SHRIRAMPPS,Shriram Properties Ltd.,BSE,stock,INE217L01019,Finance,Real Estate Development,Real Estate,accept
SHRJAGP,NSE_IN,Shri Jagdamba Polymers Limited,SHRJAGP,Shri Jagdamba Polymers Ltd.,NSE,stock,INE564J01026,Process Industries,Textiles,Materials,accept
SHUKRAPHAR,NSE_IN,Shukra Pharmaceuticals Limited,SHUKRAPHAR,Shukra Pharmaceuticals Ltd.,NSE,stock,INE551C01044,Health Technology,Pharmaceuticals: Major,Health Care,accept
SHYAMCENT,BSE_IN,Shyam Century Ferrous Ltd,SHYAMCENT,Shyam Century Ferrous Ltd.,BSE,stock,INE979R01011,Non-Energy Minerals,Steel,Materials,accept
SHYAMMETL,BSE_IN,Shyam Metalics and Energy Ltd,SHYAMMETL,Shyam Metalics & Energy Ltd.,BSE,stock,INE810G01011,Producer Manufacturing,Metal Fabrication,Industrials,accept
SHYAMTEL,BSE_IN,Shyam Telecom Ltd,SHYAMTEL,Shyam Telecom Limited,BSE,stock,INE635A01023,Electronic Technology,Telecommunications Equipment,Information Technology,accept
SI3,XETRA,"SEI INVESTMENT     DL-,01",SI3,SEI Investments Company,XETR,stock,US7841171033,Finance,Investment Managers,Financials,accept
SICAGEN,NSE_IN,Sicagen India Limited,SICAGEN,Sicagen India Limited,NSE,stock,INE176J01011,Distribution Services,Wholesale Distributors,Industrials,accept
SICALLOG,NSE_IN,Sical Logistics Limited,SICALLOG,Sical Logistics Limited.,NSE,stock,INE075B01020,Transportation,Other Transportation,Industrials,accept
SIDG,BVB,ARCELORMITTAL HUNEDOARA SA,SIDG,ArcelorMittal Hunedoara S.A.,BVB,stock,ROSIDGACNOR4,Non-Energy Minerals,Steel,Materials,accept
SIE,BVB,Siemens AG,SIE,Siemens AG,BVB,stock,DE0007236101,Producer Manufacturing,Industrial Machinery,Industrials,accept
SIEL,NSE_IN,Superior Industrial Enterprises Limited,SIEL,Superior Industrial Enterprises Limited,NSE,stock,INE843L01012,Process Industries,Containers/Packaging,Materials,accept
SIEMENS,BSE_IN,Siemens Ltd,SIEMENS,Siemens Limited,BSE,stock,INE003A01024,Producer Manufacturing,Electrical Products,Industrials,accept
SIEP,BVB,SINTER REF SA AZUGA,SIEP,Sinter Ref SA,BVB,stock,ROSIEPACNOR3,Non-Energy Minerals,Construction Materials,Materials,accept
SIGACHI,BSE_IN,Sigachi Industries Ltd,SIGACHI,Sigachi Industries Limited,BSE,stock,INE0D0K01022,Health Technology,Pharmaceuticals: Major,Health Care,accept
SIGIND,BSE_IN,Signet Industries Ltd,SIGIND,Signet Industries Limited,BSE,stock,INE529F01035,Process Industries,Chemicals: Specialty,Materials,accept
SIGMA,BSE_IN,Sigma Solve Ltd,SIGMA,Sigma Solve Ltd,BSE,stock,INE0A0S01028,Technology Services,Packaged Software,Information Technology,accept
SIGMAADV,BSE_IN,Sigma Advanced Systems Ltd,SIGMAADV,Sigma Advanced Systems Limited,BSE,stock,INE933B01012,Technology Services,Information Technology Services,Information Technology,accept
SIGNATURE,BSE_IN,Signatureglobal (India) Ltd,SIGNATURE,Signatureglobal (India) Limited,BSE,stock,INE903U01023,Finance,Real Estate Development,Real Estate,accept
SIGNPOST,BSE_IN,Signpost India Ltd,SIGNPOST,Signpost India Limited,BSE,stock,INE0KGZ01021,Commercial Services,Advertising/Marketing Services,Industrials,accept
SIGNPOST,NSE_IN,Signpost India Limited,SIGNPOST,Signpost India Limited,NSE,stock,INE0KGZ01021,Commercial Services,Advertising/Marketing Services,Industrials,accept
SIGS,BVB,SIGSTRAT SA SIGHETU MARMATIEI,SIGS,Sigstrat SA Sighetu Marmatiei,BVB,stock,ROSIGSACNOR2,Producer Manufacturing,Office Equipment/Supplies,Industrials,accept
SIKA,NSE_IN,Sika Interplant Systems Limited,SIKA,Sika Interplant Systems Limited,NSE,stock,INE438E01032,Electronic Technology,Aerospace & Defense,Industrials,accept
SIL,BSE_IN,Standard Industries Ltd,SIL,Standard Industries Limited,BSE,stock,INE173A01025,Process Industries,Chemicals: Specialty,Materials,accept
SILINV,BSE_IN,SIL Investments Ltd,SILINV,SIL Investments Limited,BSE,stock,INE923A01015,Finance,Financial Conglomerates,,unsupported_sector
SILL,BSE_IN,Sampark India Logistics Ltd,SILL,Sampark India Logistics Limited,BSE,stock,INE147701010,Transportation,Air Freight/Couriers,Industrials,accept
SILVERTUC,BSE_IN,Silver Touch Technologies Ltd,SILVERTUC,Silver Touch Technologies Ltd.,BSE,stock,INE625X01026,Technology Services,Packaged Software,Information Technology,accept
SIMBHALS,NSE_IN,Simbhaoli Sugars Limited,SIMBHALS,Simbhaoli Sugars Ltd,NSE,stock,INE748T01016,Process Industries,Agricultural Commodities/Milling,Consumer Staples,accept
SIMCA,NSE_IN,Simca Advertising Limited,SIMCA,Simca Advertising Limited,NSE,stock,INE1K4J01018,Commercial Services,Advertising/Marketing Services,Industrials,accept
SIMPLEXINF,BSE_IN,Simplex Infrastructures Ltd,SIMPLEXINF,Simplex Infrastructures Limited,BSE,stock,INE059B01024,Industrial Services,Engineering & Construction,Industrials,accept
SIMPLXREA,NSE_IN,Simplex Realty Limited,SIMPLXREA,Simplex Realty Limited,NSE,stock,INE167H01014,Consumer Durables,Homebuilding,Consumer Discretionary,accept
SINCLAIR,NSE_IN,Sinclairs Hotels Limited,SINCLAIR,Sinclairs Hotels Limited,NSE,stock,INE985A01022,Consumer Services,Hotels/Resorts/Cruise lines,Consumer Discretionary,accept
SINDHUTRAD,BSE_IN,Sindhu Trade Links Ltd,SINDHUTRAD,Sindhu Trade Links Ltd.,BSE,stock,INE325D01025,Transportation,Air Freight/Couriers,Industrials,accept
SINGERIND,BSE_IN,Singer India Ltd,SINGERIND,Singer India Limited,BSE,stock,INE638A01035,Consumer Durables,Electronics/Appliances,Consumer Discretionary,accept
SIRCA,BSE_IN,Sirca Paints India Ltd,SIRCA,Sirca Paints India Ltd.,BSE,stock,INE792Z01011,Process Industries,Industrial Specialties,Materials,accept
SIRJ,BVB,SIRAJ AD IMPEX SA IASI,SIRJ,Siraj AD Impex SA,BVB,stock,ROSIRJACNOR8,Process Industries,Agricultural Commodities/Milling,Consumer Staples,accept
SIS,BSE_IN,SIS Ltd,SIS,SIS Limited,BSE,stock,INE285J01028,Commercial Services,Miscellaneous Commercial Services,Industrials,accept
SITINET,NSE_IN,Siti Networks Limited,SITINET,Siti Networks Limited,NSE,stock,INE965H01011,Consumer Services,Cable/Satellite TV,Communication Services,accept
SIYSIL,BSE_IN,Siyaram Silk Mills Ltd,SIYSIL,Siyaram Silk Mills Limited,BSE,stock,INE076B01028,Process Industries,Textiles,Materials,accept
SJ3,XETRA,SHERWIN-WILLIAMS     DL 1,SJ3,Sherwin-Williams Company,XETR,stock,US8243481061,Process Industries,Industrial Specialties,Materials,accept
SJL,XETRA,"SM ENERGY CO.      DL-,01",SJL,SM Energy Company,XETR,stock,US78454L1008,Energy Minerals,Integrated Oil,Energy,accept
SJS,BSE_IN,S.J.S. Enterprises Ltd,SJS,S.J.S. Enterprises Limited,BSE,stock,INE284S01014,Producer Manufacturing,Auto Parts: OEM,Industrials,accept
SJVN,BSE_IN,SJVN Ltd,SJVN,SJVN Limited,BSE,stock,INE002L01015,Utilities,Electric Utilities,Utilities,accept
SKFINDIA,BSE_IN,SKF India Ltd,SKFINDIA,SKF India Limited,BSE,stock,INE640A01023,Producer Manufacturing,Metal Fabrication,Industrials,accept
SKFINDUS,BSE_IN,SKF India (Industrial) Ltd,SKFINDUS,SKF India (Industrial) Ltd.,BSE,stock,INE2J8701016,Producer Manufacturing,Auto Parts: OEM,Industrials,accept
SKFINDUS,NSE_IN,SKF India (Industrial) Limited,SKFINDUS,SKF India (Industrial) Ltd.,NSE,stock,INE2J8701016,Producer Manufacturing,Auto Parts: OEM,Industrials,accept
SKHY,NASDAQ,SK Hynix Inc. American Depositary Shares,SKHY,SK hynix Inc. Sponsored ADR,NASDAQ,dr,US78392B2060,Electronic Technology,Semiconductors,,asset_type_mismatch
SKIPPER,BSE_IN,Skipper Ltd,SKIPPER,Skipper Ltd,BSE,stock,INE439E01022,Producer Manufacturing,Metal Fabrication,Industrials,accept
SKMEGGPROD,BSE_IN,SKM Egg Products Export (India) Ltd,SKMEGGPROD,SKM Egg Products Export (India) Ltd.,BSE,stock,INE411D01023,Process Industries,Agricultural Commodities/Milling,Consumer Staples,accept
SKYGOLD,BSE_IN,Sky Gold And Diamonds Ltd,SKYGOLD,Sky Gold and Diamonds Limited,BSE,stock,INE01IU01018,Consumer Durables,Other Consumer Specialties,Consumer Discretionary,accept
SKYGOLD,NSE_IN,SKY GOLD AND DIAMONDS LIMITED,SKYGOLD,Sky Gold and Diamonds Limited,NSE,stock,INE01IU01018,Consumer Durables,Other Consumer Specialties,Consumer Discretionary,accept
SKYTECH,NSE_IN,Skytech Infinite Platform Limited,SKYTECH,Skytech Infinite Platform Ltd.,NSE,stock,INE0VFE01017,Electronic Technology,Electronic Production Equipment,Information Technology,accept
SKYWAYS,BSE_IN,Skyways Air Services Ltd,SKYWAYS,Skyways Air Services Limited,BSE,stock,INE0PX301025,Transportation,Airlines,Industrials,accept
SKYWAYS,NSE_IN,Skyways Air Services Limited,SKYWAYS,Skyways Air Services Limited,NSE,stock,INE0PX301025,Transportation,Airlines,Industrials,accept
SLBB,BVB,SUPORT LOGISTIC BUCURESTI SA,SLBB,Suport Logistic Bucuresti SA,BVB,stock,ROSLBBACNOR3,Commercial Services,Miscellaneous Commercial Services,Industrials,accept
SM1,XETRA,"SLM CORP.          DL-,20",SM1,SLM Corp,XETR,stock,US78442P1066,Finance,Finance/Rental/Leasing,Financials,accept
SMAART,BSE_IN,Smaart Tech Services Ltd,SMAART,Smaart Tech Services Ltd,BSE,stock,INE207B01011,Consumer Durables,Electronics/Appliances,Consumer Discretionary,accept
SMARTLINK,BSE_IN,Smartlink Holdings Ltd,SMARTLINK,Smartlink Holdings Limited,BSE,stock,INE178C01020,Electronic Technology,Telecommunications Equipment,Information Technology,accept
SMARTWORKS,BSE_IN,Smartworks Coworking Spaces Ltd,SMARTWORKS,Smartworks Coworking Spaces Limited,BSE,stock,INE0NAZ01010,Finance,Real Estate Development,Real Estate,accept
SMB,XETRA,SCHWAELBCHEN MOLKEREI AG .O.N.,,,,,,,,,no_tradingview_match
SMCGLOBAL,BSE_IN,SMC Global Securities Ltd,SMCGLOBAL,SMC Global Securities Ltd. (India),BSE,stock,INE103C01036,Finance,Investment Banks/Brokers,Financials,accept
SMLMAH,BSE_IN,SML Mahindra Ltd,SMLMAH,SML Mahindra Limited,BSE,stock,INE294B01019,Consumer Durables,Motor Vehicles,Consumer Discretionary,accept
SMLT,BSE_IN,Sarthak Metals Ltd,SMLT,Sarthak Metals Ltd,BSE,stock,INE017W01010,Non-Energy Minerals,Steel,Materials,accept
SMSPHARMA,BSE_IN,SMS Pharmaceuticals Ltd,SMSPHARMA,SMS Pharmaceuticals Limited,BSE,stock,INE812G01025,Health Technology,Pharmaceuticals: Major,Health Care,accept
SNOWMAN,BSE_IN,Snowman Logistics Ltd,SNOWMAN,Snowman Logistics Ltd,BSE,stock,INE734N01019,Commercial Services,Miscellaneous Commercial Services,Industrials,accept
SOBHA,BSE_IN,Sobha Ltd,SOBHA,Sobha Limited,BSE,stock,INE671H01015,Finance,Real Estate Development,Real Estate,accept
SOFTTECH,BSE_IN,Softtech Engineers Ltd,SOFTTECH,SoftTech Engineers Ltd.,BSE,stock,INE728Z01015,Technology Services,Packaged Software,Information Technology,accept
SOLARA,BSE_IN,Solara Active Pharma Sciences Ltd,SOLARA,Solara Active Pharma Sciences Ltd.,BSE,stock,INE624Z01016,Health Technology,Pharmaceuticals: Major,Health Care,accept
SOLARINDS,BSE_IN,Solar Industries India Ltd,SOLARINDS,Solar Industries India Limited,BSE,stock,INE343H01029,Process Industries,Industrial Specialties,Materials,accept
SOLARWORLD,BSE_IN,Solarworld Energy Solutions Ltd,SOLARWORLD,Solarworld Energy Solutions Limited,BSE,stock,INE0TY101024,Industrial Services,Engineering & Construction,Industrials,accept
SOLARWORLD,NSE_IN,Solarworld Energy Solutions Limited,SOLARWORLD,Solarworld Energy Solutions Limited,NSE,stock,INE0TY101024,Industrial Services,Engineering & Construction,Industrials,accept
SOLEX,BSE_IN,Solex Energy Ltd,SOLEX,Solex Energy Ltd.,BSE,stock,INE880Y01017,Producer Manufacturing,Building Products,Industrials,accept
SOMANYCERA,BSE_IN,Somany Ceramics Ltd,SOMANYCERA,Somany Ceramics Limited,BSE,stock,INE355A01028,Producer Manufacturing,Building Products,Industrials,accept
SOMATEX,NSE_IN,Soma Textiles & Industries Limited,SOMATEX,Soma Textiles & Industries Ltd,NSE,stock,INE314C01013,Process Industries,Textiles,Materials,accept
SOMICONVEY,BSE_IN,Somi Conveyor Beltings Ltd,SOMICONVEY,Somi Conveyor Beltings Limited,BSE,stock,INE323J01019,Producer Manufacturing,Miscellaneous Manufacturing,Industrials,accept
SOMR,BVB,SOMETRA SA COPSA MICA,SOMR,Sometra SA,BVB,stock,ROSOMRACNOR0,Non-Energy Minerals,Other Metals/Minerals,Materials,accept
SONACOMS,BSE_IN,Sona BLW Precision Forgings Ltd,SONACOMS,Sona BLW Precision Forgings Ltd.,BSE,stock,INE073K01018,Producer Manufacturing,Auto Parts: OEM,Industrials,accept
SONAL,NSE_IN,Sonal Mercantile Limited,SONAL,Sonal Mercantile Ltd,NSE,stock,INE321M01017,Finance,Finance/Rental/Leasing,Financials,accept
SONATSOFTW,BSE_IN,Sonata Software Ltd,SONATSOFTW,Sonata Software Limited,BSE,stock,INE269A01021,Technology Services,Information Technology Services,Information Technology,accept
SOPL,BVB,SOMPLAST SA NASAUD,SOPL,Somplast SA Nasaud,BVB,stock,ROSOPLACNOR6,Producer Manufacturing,Miscellaneous Manufacturing,Industrials,accept
SOTA,BVB,SOMETA SA TASNAD,SOTA,Someta SA Tasnad,BVB,stock,ROSOTAACNOR1,Distribution Services,Wholesale Distributors,Industrials,accept
SOTEFIN,BSE_IN,Sotefin Bharat Ltd,SOTEFIN,Sotefin Bharat Limited,BSE,stock,INE12Z301012,Producer Manufacturing,Industrial Machinery,Industrials,accept
SOTL,BSE_IN,Savita Oil Technologies Ltd,SOTL,Savita Oil Technologies Limited,BSE,stock,INE035D01020,Process Industries,Chemicals: Specialty,Materials,accept
SOUTHBANK,BSE_IN,South Indian Bank Ltd,SOUTHBANK,South Indian Bank Limited,BSE,stock,INE683A01023,Finance,Major Banks,Financials,accept
SOUTHWEST,BSE_IN,South West Pinnacle Exploration Ltd,SOUTHWEST,South West Pinnacle Exploration Ltd.,BSE,stock,INE980Y01015,Energy Minerals,Coal,Energy,accept
SPAL,BSE_IN,S.P. Apparels Ltd,SPAL,S.P. Apparels Ltd.,BSE,stock,INE212I01016,Consumer Non-Durables,Apparel/Footwear,Consumer Staples,accept
SPANDANA,BSE_IN,Spandana Sphoorty Financial Ltd,SPANDANA,Spandana Sphoorty Financial Limited,BSE,stock,INE572J01011,Finance,Finance/Rental/Leasing,Financials,accept
SPANDANA,NSE_IN,Spandana Sphoorty Financial Limited,SPANDANA,Spandana Sphoorty Financial Limited,NSE,stock,INE572J01011,Finance,Finance/Rental/Leasing,Financials,accept
SPARC,BSE_IN,Sun Pharma Advanced Research Company Ltd,SPARC,Sun Pharma Advanced Research Co. Ltd.,BSE,stock,INE232I01014,Health Technology,Pharmaceuticals: Major,Health Care,accept
SPCX,NASDAQ,Space Exploration Technologies Corp. - Class A Common Stock,SPCX,Space Exploration Technologies Corp,NASDAQ,stock,US84615Q1031,Communications,Specialty Telecommunications,Communication Services,accept
SPEA,XETRA,SAIPEM,SPEA,Saipem S.p.A.,XETR,stock,IT0005495657,Industrial Services,Engineering & Construction,Industrials,accept
SPECIALITY,BSE_IN,Speciality Restaurants Ltd,SPECIALITY,Speciality Restaurants Ltd.,BSE,stock,INE247M01014,Consumer Services,Restaurants,Consumer Discretionary,accept
SPECTRAA,NSE_IN,SpectraA Technology Solutions Limited,SPECTRAA,SpectraA Technology Solutions Limited,NSE,stock,INE0GAN01010,Producer Manufacturing,Industrial Machinery,Industrials,accept
SPECTRUM,BSE_IN,Spectrum Electrical Industries Ltd,SPECTRUM,Spectrum Electrical Industries Limited,BSE,stock,INE01EO01010,Electronic Technology,Electronic Equipment/Instruments,Information Technology,accept
SPECTRUM,NSE_IN,Spectrum Electrical Industries Limited,SPECTRUM,Spectrum Electrical Industries Limited,NSE,stock,INE01EO01010,Electronic Technology,Electronic Equipment/Instruments,Information Technology,accept
SPEEDEX,BSE_IN,Maharaja & Speedex India Ltd,SPEEDEX,Maharaja & Speedex India Limited,BSE,stock,INE0SVD01012,Producer Manufacturing,Metal Fabrication,Industrials,accept
SPELS,NSE_IN,SPEL Semiconductor Limited,SPELS,SPEL Semiconductor Limited,NSE,stock,INE252A01019,Electronic Technology,Semiconductors,Information Technology,accept
SPENCERS,BSE_IN,Spencers Retail Ltd,SPENCERS,Spencer's Retail Ltd.,BSE,stock,INE020801028,Retail Trade,Food Retail,Consumer Staples,accept
SPIC,BSE_IN,Southern Petrochemicals Industries Corporation Ltd,SPIC,Southern Petrochemical Industries Corporation Limited,BSE,stock,INE147A01011,Process Industries,Chemicals: Agricultural,Materials,accept
SPLIL,BSE_IN,SPL Industries Ltd,SPLIL,SPL Industries Limited,BSE,stock,INE978G01016,Consumer Non-Durables,Apparel/Footwear,Consumer Staples,accept
SPLPETRO,BSE_IN,Supreme Petrochem Ltd,SPLPETRO,Supreme Petrochem Limited,BSE,stock,INE663A01033,Process Industries,Industrial Specialties,Materials,accept
SPMLINFRA,BSE_IN,SPML Infra Ltd,SPMLINFRA,SPML Infra Limited,BSE,stock,INE937A01023,Industrial Services,Engineering & Construction,Industrials,accept
SPORTKING,BSE_IN,Sportking India Ltd,SPORTKING,Sportking India Ltd.,BSE,stock,INE885H01029,Process Industries,Textiles,Materials,accept
SPW0,XETRA,SPX TECHNOLOGIES    DL 10,SPW0,"SPX Technologies, Inc.",XETR,stock,US78473E1038,Producer Manufacturing,Building Products,Industrials,accept
SPX,XETRA,SPACE EXPL.TECHS. CL.A,SPX,Space Exploration Technologies Corp. Class A,XETR,stock,US84615Q1031,Communications,Specialty Telecommunications,Communication Services,accept
SQR,XETRA,"SAIA INC.          DL-,01",SQR,"Saia, Inc.",XETR,stock,US78709Y1055,Transportation,Trucking,Industrials,accept
SRD,BSE_IN,Shankar Lal Rampal Dye-Chem Ltd,SRD,Shankar Lal Rampal Dye-Chem Ltd.,BSE,stock,INE01NE01012,Distribution Services,Wholesale Distributors,Industrials,accept
SRD,NSE_IN,Shankar Lal Rampal Dye-Chem Limited,SRD,Shankar Lal Rampal Dye-Chem Ltd.,NSE,stock,INE01NE01012,Distribution Services,Wholesale Distributors,Industrials,accept
SREEL,BSE_IN,Sreeleathers Ltd,SREEL,Sreeleathers Ltd.,BSE,stock,INE099F01013,Retail Trade,Apparel/Footwear Retail,Consumer Discretionary,accept
SRF,BSE_IN,SRF Ltd,SRF,Srf Limited,BSE,stock,INE647A01010,Process Industries,Industrial Specialties,Materials,accept
SRGHFL,BSE_IN,SRG Housing Finance Ltd,SRGHFL,SRG Housing Finance Ltd.,BSE,stock,INE559N01010,Finance,Finance/Rental/Leasing,Financials,accept
SRHHYPOLTD,BSE_IN,Sree Rayalaseema Hi-Strength Hypo Ltd,SRHHYPOLTD,Sree Rayalaseema Hi-Strength Hypo Limited,BSE,stock,INE917H01012,Process Industries,Chemicals: Specialty,Materials,accept
SRIKPRIND,NSE_IN,Sri KPR Industries Limited,SRIKPRIND,Sri KPR Industries Ltd.,NSE,stock,INE009C01019,Non-Energy Minerals,Construction Materials,Materials,accept
SRTL,BSE_IN,Shree Ram Twistex Ltd,SRTL,Shree Ram Twistex Limited,BSE,stock,INE19GK01015,Process Industries,Textiles,Materials,accept
SRTL,NSE_IN,Shree Ram Twistex Limited,SRTL,Shree Ram Twistex Limited,NSE,stock,INE19GK01015,Process Industries,Textiles,Materials,accept
SSDL,BSE_IN,Saraswati Saree Depot Ltd,SSDL,Saraswati Saree Depot Limited,BSE,stock,INE0PQ101010,Distribution Services,Wholesale Distributors,Industrials,accept
SSPRL,BSE_IN,Silverstorm Parks And Resorts Ltd,SSPRL,Silverstorm Parks and Resorts Limited,BSE,stock,INE1EJ401023,Consumer Services,Movies/Entertainment,Communication Services,accept
SSRETAIL,NSE_IN,SS Retail Limited,SSRETAIL,SS Retail Limited,NSE,stock,INE1EQW01028,Retail Trade,Electronics/Appliance Stores,Consumer Discretionary,accept
SSWL,BSE_IN,Steel Strips Wheels Ltd,SSWL,Steel Strips Wheels Ltd,BSE,stock,INE802C01033,Producer Manufacturing,Auto Parts: OEM,Industrials,accept
STALLION,BSE_IN,Stallion India Fluorochemicals Ltd,STALLION,Stallion India Fluorochemicals Limited,BSE,stock,INE0RYC01010,Distribution Services,Wholesale Distributors,Industrials,accept
STALLION,NSE_IN,Stallion India Fluorochemicals Limited,STALLION,Stallion India Fluorochemicals Limited,NSE,stock,INE0RYC01010,Distribution Services,Wholesale Distributors,Industrials,accept
STANLEY,BSE_IN,Stanley Lifestyles Ltd,STANLEY,Stanley Lifestyles Ltd.,BSE,stock,INE01A001028,Consumer Durables,Home Furnishings,Consumer Discretionary,accept
STANLEY,NSE_IN,Stanley Lifestyles Limited,STANLEY,Stanley Lifestyles Ltd.,NSE,stock,INE01A001028,Consumer Durables,Home Furnishings,Consumer Discretionary,accept
STAR,BSE_IN,Strides Pharma Science Ltd,STAR,Strides Pharma Science Ltd,BSE,stock,INE939A01011,Health Technology,Pharmaceuticals: Major,Health Care,accept
STARBEAM,BSE_IN,Starbeam Ventures Ltd,STARBEAM,Starbeam Ventures Limited,BSE,stock,INE924N01024,Process Industries,Chemicals: Agricultural,Materials,accept
STARCEMENT,BSE_IN,Star Cement Ltd,STARCEMENT,Star Cement Ltd.,BSE,stock,INE460H01021,Non-Energy Minerals,Construction Materials,Materials,accept
STARHEALTH,BSE_IN,Star Health and Allied Insurance Company Ltd,STARHEALTH,Star Health & Allied Insurance Co. Ltd.,BSE,stock,INE575P01011,Finance,Life/Health Insurance,Financials,accept
STARPAPER,BSE_IN,Star Paper Mills Ltd,STARPAPER,Star Paper Mills Ltd.,BSE,stock,INE733A01018,Process Industries,Pulp & Paper,Materials,accept
STARTECK,BSE_IN,Starteck Finance Ltd,STARTECK,Starteck Finance Ltd.,BSE,stock,INE992I01013,Finance,Finance/Rental/Leasing,Financials,accept
STCINDIA,BSE_IN,State Trading Corporation of India Ltd,STCINDIA,State Trading Corporation of India Limited,BSE,stock,INE655A01013,Distribution Services,Food Distributors,Consumer Staples,accept
STD,XETRA,"STAND. CHART. PLC  DL-,50",STD,Standard Chartered PLC,XETR,stock,GB0004082847,Finance,Major Banks,Financials,accept
STEAMHOUSE,BSE_IN,Steamhouse India Ltd,STEAMHOUSE,Steamhouse India Limited,BSE,stock,INE0FRO01022,Process Industries,Chemicals: Specialty,Materials,accept
STEAMHOUSE,NSE_IN,Steamhouse India Limited,STEAMHOUSE,Steamhouse India Limited,NSE,stock,INE0FRO01022,Process Industries,Chemicals: Specialty,Materials,accept
STEELCAS,BSE_IN,Steelcast Ltd,STEELCAS,Steelcast Ltd.,BSE,stock,INE124E01038,Non-Energy Minerals,Steel,Materials,accept
STEELXIND,BSE_IN,Steel Exchange India Ltd,STEELXIND,Steel Exchange India Limited,BSE,stock,INE503B01021,Non-Energy Minerals,Steel,Materials,accept
STEL,BSE_IN,STEL Holdings Ltd,STEL,STEL Holdings Limited,BSE,stock,INE577L01016,Finance,Financial Conglomerates,,unsupported_sector
STERTOOLS,BSE_IN,Sterling Tools Ltd,STERTOOLS,Sterling Tools Limited,BSE,stock,INE334A01023,Producer Manufacturing,Metal Fabrication,Industrials,accept
STKP,BVB,STK PROPERTIES S.A.,STKP,STK PROPERTIES S.A.,BVB,stock,ROSDB8LKFR41,,,,unsupported_sector
STLNETWORK,BSE_IN,STL Networks Ltd,STLNETWORK,STL Networks Limited,BSE,stock,INE1VXE01018,Communications,Major Telecommunications,Communication Services,accept
STLNETWORK,NSE_IN,STL Networks Limited,STLNETWORK,STL Networks Limited,NSE,stock,INE1VXE01018,Communications,Major Telecommunications,Communication Services,accept
STLSTRINF,NSE_IN,Steel Strips Infrastructures Limited,STLSTRINF,Steel Strips Infrastructures Ltd.,NSE,stock,INE205F01016,Finance,Real Estate Development,Real Estate,accept
STLTECH,BSE_IN,Sterlite Technologies Ltd,STLTECH,Sterlite Technologies Limited,BSE,stock,INE089C01029,Technology Services,Information Technology Services,Information Technology,accept
STM,XETRA,"STABILUS SE INH. EO-,01",STM,Stabilus SE,XETR,stock,DE000STAB1L8,Producer Manufacturing,Auto Parts: OEM,Industrials,accept
STNM,BVB,SANTIERUL NAVAL 2 MAI SA MANGALIA,STNM,Santierul Naval 2 Mai SA Mangalia,BVB,stock,ROSTNMACNOR8,Producer Manufacturing,Trucks/Construction/Farm Machinery,Industrials,accept
STOF,BVB,STOFE SA BUHUSI,STOF,Stofe Buhusi SA,BVB,stock,ROSTOFACNOR0,Process Industries,Textiles,Materials,accept
STOVEKRAFT,BSE_IN,Stove Kraft Ltd,STOVEKRAFT,Stove Kraft Ltd.,BSE,stock,INE00IN01015,Consumer Durables,Electronics/Appliances,Consumer Discretionary,accept
STOZ,BVB,STICLOVAL SA VALENII DE MUNTE,STOZ,Sticloval SA,BVB,stock,ROSTOZACNOR8,Non-Energy Minerals,Other Metals/Minerals,Materials,accept
STUDDS,BSE_IN,Studds Accessories Ltd,STUDDS,Studds Accessories Limited,BSE,stock,INE00Q601028,Consumer Durables,Recreational Products,Consumer Discretionary,accept
STUDDS,NSE_IN,Studds Accessories Limited,STUDDS,Studds Accessories Limited,NSE,stock,INE00Q601028,Consumer Durables,Recreational Products,Consumer Discretionary,accept
STYL,BSE_IN,Seshaasai Technologies Ltd,STYL,Seshaasai Technologies Limited,BSE,stock,INE04VU01023,Technology Services,Packaged Software,Information Technology,accept
STYL,NSE_IN,Seshaasai Technologies Limited,STYL,Seshaasai Technologies Limited,NSE,stock,INE04VU01023,Technology Services,Packaged Software,Information Technology,accept
STYLAMIND,BSE_IN,Stylam Industries Ltd,STYLAMIND,Stylam Industries Limited,BSE,stock,INE239C01020,Non-Energy Minerals,Forest Products,Materials,accept
STYLEBAAZA,BSE_IN,Baazar Style Retail Ltd,STYLEBAAZA,Baazar Style Retail Limited,BSE,stock,INE01FR01028,Retail Trade,Apparel/Footwear Retail,Consumer Discretionary,accept
STYLEBAAZA,NSE_IN,Baazar Style Retail Limited,STYLEBAAZA,Baazar Style Retail Limited,NSE,stock,INE01FR01028,Retail Trade,Apparel/Footwear Retail,Consumer Discretionary,accept
STYRENIX,BSE_IN,Styrenix Performance Materials Ltd,STYRENIX,Styrenix Performance Materials Ltd,BSE,stock,INE189B01011,Process Industries,Chemicals: Specialty,Materials,accept
SUBEXLTD,BSE_IN,Subex Ltd,SUBEXLTD,Subex Limited,BSE,stock,INE754A01055,Technology Services,Packaged Software,Information Technology,accept
SUBROS,BSE_IN,Subros Ltd,SUBROS,Subros Limited,BSE,stock,INE287B01021,Producer Manufacturing,Industrial Machinery,Industrials,accept
SUDARCOLOR,BSE_IN,Sudarshan Colorants India Ltd,SUDARCOLOR,Sudarshan Colorants India Ltd,BSE,stock,INE492A01029,Process Industries,Chemicals: Major Diversified,Materials,accept
SUDARSCHEM,BSE_IN,Sudarshan Chemical Industries Ltd,SUDARSCHEM,Sudarshan Chemical Industries Limited,BSE,stock,INE659A01023,Process Industries,Chemicals: Specialty,Materials,accept
SUDEEPPHRM,BSE_IN,Sudeep Pharma Ltd,SUDEEPPHRM,Sudeep Pharma Limited,BSE,stock,INE0QPI01025,Health Technology,Pharmaceuticals: Other,Health Care,accept
SUDEEPPHRM,NSE_IN,Sudeep Pharma Limited,SUDEEPPHRM,Sudeep Pharma Limited,NSE,stock,INE0QPI01025,Health Technology,Pharmaceuticals: Other,Health Care,accept
SUKHJITS,BSE_IN,Sukhjit Starch & Chemicals Ltd,SUKHJITS,Sukhjit Starch & Chemicals Ltd.,BSE,stock,INE450E01029,Consumer Non-Durables,Food: Specialty/Candy,Consumer Staples,accept
SULA,BSE_IN,Sula Vineyards Ltd,SULA,Sula Vineyards Ltd.,BSE,stock,INE142Q01026,Process Industries,Agricultural Commodities/Milling,Consumer Staples,accept
SUMAX,NSE_IN,Sumax Engineering Limited,SUMAX,Sumax Engineering Limited,NSE,stock,INE11Z001019,Producer Manufacturing,Auto Parts: OEM,Industrials,accept
SUMEDHA,NSE_IN,Sumedha Fiscal Services Limited,SUMEDHA,Sumedha Fiscal Services Ltd,NSE,stock,INE886B01012,Finance,Investment Banks/Brokers,Financials,accept
SUMEETINDS,BSE_IN,Sumeet Industries Ltd,SUMEETINDS,Sumeet Industries Limited,BSE,stock,INE235C01036,Process Industries,Textiles,Materials,accept
SUMICHEM,BSE_IN,Sumitomo Chemical India Ltd,SUMICHEM,Sumitomo Chemical India Ltd.,BSE,stock,INE258G01013,Process Industries,Chemicals: Agricultural,Materials,accept
SUMMITSEC,BSE_IN,Summit Securities Ltd,SUMMITSEC,Summit Securities Limited,BSE,stock,INE519C01017,Miscellaneous,Investment Trusts/Mutual Funds,,unsupported_sector
SUNCLAY,BSE_IN,Sundaram-Clayton Ltd,SUNCLAY,Sundaram-Clayton Limited,BSE,stock,INE0Q3R01026,Producer Manufacturing,Auto Parts: OEM,Industrials,accept
SUNCLAY,NSE_IN,Sundaram Clayton Limited,SUNCLAY,Sundaram-Clayton Limited,NSE,stock,INE0Q3R01026,Producer Manufacturing,Auto Parts: OEM,Industrials,accept
SUNDARAM,BSE_IN,Sundaram Multi Pap Ltd,SUNDARAM,Sundaram Multi Pap Limited,BSE,stock,INE108E01023,Producer Manufacturing,Office Equipment/Supplies,Industrials,accept
SUNDARMFIN,BSE_IN,Sundaram Finance Ltd,SUNDARMFIN,Sundaram Finance Limited,BSE,stock,INE660A01013,Finance,Finance/Rental/Leasing,Financials,accept
SUNDRMBRAK,BSE_IN,Sundaram Brake Linings Ltd,SUNDRMBRAK,Sundaram Brake Linings Limited,BSE,stock,INE073D01013,Producer Manufacturing,Auto Parts: OEM,Industrials,accept
SUNDRMFAST,BSE_IN,Sundram Fasteners Ltd,SUNDRMFAST,Sundram Fasteners Limited,BSE,stock,INE387A01021,Producer Manufacturing,Auto Parts: OEM,Industrials,accept
SUNDROP,BSE_IN,Sundrop Brands Ltd,SUNDROP,Sundrop Brands Limited Shs Dematerialised,BSE,stock,INE209A01019,Process Industries,Agricultural Commodities/Milling,Consumer Staples,accept
SUNFLAG,BSE_IN,Sunflag Iron & Steel Company Ltd,SUNFLAG,Sunflag Iron & Steel Co. Ltd.,BSE,stock,INE947A01014,Non-Energy Minerals,Steel,Materials,accept
SUNLOC,NSE_IN,Sunil Healthcare Limited,SUNLOC,Sunil Healthcare Ltd.,NSE,stock,INE671C01016,Health Technology,Pharmaceuticals: Major,Health Care,accept
SUNPHARMA,BSE_IN,Sun Pharmaceutical Industries Ltd,SUNPHARMA,Sun Pharmaceutical Industries Limited,BSE,stock,INE044A01036,Health Technology,Pharmaceuticals: Major,Health Care,accept
SUNRAKSHAK,NSE_IN,Sunrakshakk Industries India Limited,SUNRAKSHAK,Sunrakshakk Industries India Ltd,NSE,stock,INE671K01027,Process Industries,Textiles,Materials,accept
SUNSHIEL,NSE_IN,Sunshield Chemicals Limited,SUNSHIEL,Sunshield Chemicals Limited,NSE,stock,INE199E01014,Process Industries,Chemicals: Major Diversified,Materials,accept
SUNSHINE,BSE_IN,Sunshine Pictures Ltd,SUNSHINE,Sunshine Pictures Limited,BSE,stock,INE1B3O01011,Consumer Services,Movies/Entertainment,Communication Services,accept
SUNSHINE,NSE_IN,Sunshine Pictures Limited,SUNSHINE,Sunshine Pictures Limited,NSE,stock,INE1B3O01011,Consumer Services,Movies/Entertainment,Communication Services,accept
SUNTECK,BSE_IN,Sunteck Realty Ltd,SUNTECK,Sunteck Realty Limited,BSE,stock,INE805D01034,Finance,Real Estate Development,Real Estate,accept
SUNTV,BSE_IN,Sun TV Network Ltd,SUNTV,Sun TV Network Limited,BSE,stock,INE424H01027,Consumer Services,Broadcasting,Communication Services,accept
SUPERHOUSE,BSE_IN,Superhouse Ltd,SUPERHOUSE,Superhouse Limited,BSE,stock,INE712B01010,Consumer Non-Durables,Apparel/Footwear,Consumer Staples,accept
SUPERSPIN,BSE_IN,Super Spinning Mills Ltd,SUPERSPIN,Super Spinning Mills Limited,BSE,stock,INE662A01027,Process Industries,Textiles,Materials,accept
SUPRAJIT,BSE_IN,Suprajit Engineering Ltd,SUPRAJIT,Suprajit Engineering Limited,BSE,stock,INE399C01030,Producer Manufacturing,Auto Parts: OEM,Industrials,accept
SUPREME,BSE_IN,Supreme Holdings & Hospitality (India) Ltd,SUPREME,Supreme Holdings & Hospitality (India) Limited,BSE,stock,INE822E01011,Finance,Real Estate Development,Real Estate,accept
SUPREMEIND,BSE_IN,Supreme Industries Ltd,SUPREMEIND,Supreme Industries Limited,BSE,stock,INE195A01028,Producer Manufacturing,Miscellaneous Manufacturing,Industrials,accept
SUPREMEINF,NSE_IN,Supreme Infrastructure India Limited,SUPREMEINF,Supreme Infrastructure India Limited,NSE,stock,INE550H01011,Industrial Services,Engineering & Construction,Industrials,accept
SUPRIYA,BSE_IN,Supriya Lifescience Ltd,SUPRIYA,Supriya Lifescience Limited,BSE,stock,INE07RO01027,Health Technology,Pharmaceuticals: Major,Health Care,accept
SUPTANERY,NSE_IN,Super Tannery Limited,SUPTANERY,Super Tannery Ltd.,NSE,stock,INE460D01038,Process Industries,Textiles,Materials,accept
SURAJEST,BSE_IN,Suraj Estate Developers Ltd,SURAJEST,Suraj Estate Developers Limited,BSE,stock,INE843S01025,Industrial Services,Engineering & Construction,Industrials,accept
SURAJEST,NSE_IN,Suraj Estate Developers Limited,SURAJEST,Suraj Estate Developers Limited,NSE,stock,INE843S01025,Industrial Services,Engineering & Construction,Industrials,accept
SURAJLTD,BSE_IN,Suraj Ltd,SURAJLTD,Suraj Limited,BSE,stock,INE713C01016,Non-Energy Minerals,Steel,Materials,accept
SURAKSHA,BSE_IN,Suraksha Diagnostic Ltd,SURAKSHA,Suraksha Diagnostic Ltd.,BSE,stock,INE877V01027,Health Services,Medical/Nursing Services,Health Care,accept
SURAKSHA,NSE_IN,Suraksha Diagnostic Limited,SURAKSHA,Suraksha Diagnostic Ltd.,NSE,stock,INE877V01027,Health Services,Medical/Nursing Services,Health Care,accept
SURANASOL,BSE_IN,Surana Solar Ltd,SURANASOL,Surana Solar Limited,BSE,stock,INE272L01022,Electronic Technology,Semiconductors,Information Technology,accept
SURANAT&P,BSE_IN,Surana Telecom and Power Ltd,,,,,,,,,no_tradingview_match
SURYALA,NSE_IN,Suryalata Spinning Mills Limited,SURYALA,Suryalata Spinning Mills Limited,NSE,stock,INE132C01027,Process Industries,Textiles,Materials,accept
SURYALAXMI,BSE_IN,Suryalakshmi Cotton Mills Ltd,SURYALAXMI,Suryalakshmi Cotton Mills Ltd.,BSE,stock,INE713B01026,Process Industries,Textiles,Materials,accept
SURYAROSNI,BSE_IN,Surya Roshni Ltd,SURYAROSNI,Surya Roshni Limited,BSE,stock,INE335A01020,Non-Energy Minerals,Steel,Materials,accept
SURYODAY,BSE_IN,Suryoday Small Finance Bank Ltd,SURYODAY,Suryoday Small Finance Bank Limited,BSE,stock,INE428Q01011,Finance,Regional Banks,Financials,accept
SUSAN,BSE_IN,Susan Electricals India Ltd,SUSAN,Susan Electricals India Limited,BSE,stock,INE2L0V01019,Producer Manufacturing,Electrical Products,Industrials,accept
SUTLEJTEX,BSE_IN,Sutlej Textiles and Industries Ltd,SUTLEJTEX,Sutlej Textiles & Industries Ltd.,BSE,stock,INE645H01027,Process Industries,Textiles,Materials,accept
SUVEN,BSE_IN,Suven Life Sciences Ltd,SUVEN,Suven Life Sciences Limited,BSE,stock,INE495B01038,Health Technology,Pharmaceuticals: Major,Health Care,accept
SUVIDHAA,BSE_IN,Suvidhaa Infoserve Ltd,SUVIDHAA,Suvidhaa Infoserve Limited,BSE,stock,INE018401013,Commercial Services,Miscellaneous Commercial Services,Industrials,accept
SUX,XETRA,"TD SYNNEX CORP.  DL -,001",SUX,TD SYNNEX Corporation,XETR,stock,US87162W1009,Distribution Services,Electronics Distributors,Industrials,accept
SUYOG,BSE_IN,Suyog Telematics Ltd,SUYOG,Suyog Telematics Ltd.,BSE,stock,INE442P01014,Industrial Services,Engineering & Construction,Industrials,accept
SUZLON,BSE_IN,Suzlon Energy Ltd,SUZLON,Suzlon Energy Ltd,BSE,stock,INE040H01021,Producer Manufacturing,Electrical Products,Industrials,accept
SVC,XETRA,SERVICE CORP. INTL   DL 1,SVC,Service Corporation International,XETR,stock,US8175651046,Consumer Services,Other Consumer Services,Consumer Discretionary,accept
SVGLOBAL,NSE_IN,S V Global Mill Limited,SVGLOBAL,S V Global Mill Ltd.,NSE,stock,INE159L01013,Finance,Real Estate Development,Real Estate,accept
SVPGLOB,BSE_IN,SVP Global Textiles Ltd,SVPGLOB,SVP Global Textiles Limited,BSE,stock,INE308E01029,Distribution Services,Wholesale Distributors,Industrials,accept
SWANCORP,BSE_IN,Swan Corp Ltd,SWANCORP,Swan Corp Limited,BSE,stock,INE665A01038,Utilities,Electric Utilities,Utilities,accept
SWANDEF,NSE_IN,Swan Defence and Heavy Industries Limited,SWANDEF,Swan Defence and Heavy Industries Ltd,NSE,stock,INE542F01020,Producer Manufacturing,Trucks/Construction/Farm Machinery,Industrials,accept
SWARAJ,BSE_IN,Swaraj Suiting Ltd,SWARAJ,Swaraj Suiting Limited,BSE,stock,INE0GMR01016,Process Industries,Textiles,Materials,accept
SWARAJENG,BSE_IN,Swaraj Engines Ltd,SWARAJENG,Swaraj Engines Ltd,BSE,stock,INE277A01016,Producer Manufacturing,Auto Parts: OEM,Industrials,accept
SWARNSAR,NSE_IN,Swarnsarita Jewels India Limited,SWARNSAR,Swarnsarita Jewels India Limited,NSE,stock,INE967A01012,Consumer Durables,Other Consumer Specialties,Consumer Discretionary,accept
SWELECTES,BSE_IN,Swelect Energy Systems Ltd,SWELECTES,Swelect Energy Systems Limited,BSE,stock,INE409B01013,Producer Manufacturing,Electrical Products,Industrials,accept
SWG,XETRA,CHARLES SCHWAB CORP.DL-01,SWG,Charles Schwab Corp,XETR,stock,US8085131055,Finance,Investment Banks/Brokers,Financials,accept
SWIGGY,BSE_IN,Swiggy Ltd,SWIGGY,Swiggy Limited,BSE,stock,INE00H001014,Transportation,Air Freight/Couriers,Industrials,accept
SWISSMLTRY,NSE_IN,Swiss Military Consumer Goods Limited,SWISSMLTRY,Swiss Military Consumer Goods Limited,NSE,stock,INE010C01025,Distribution Services,Wholesale Distributors,Industrials,accept
SWORDEDGE,BSE_IN,Sword-Edge Commercials Ltd,SWORDEDGE,Sword-Edge Commercials Ltd.,BSE,stock,INE093G01022,Producer Manufacturing,Industrial Conglomerates,Industrials,accept
SWSOLAR,BSE_IN,Sterling and Wilson Renewable Energy Ltd,SWSOLAR,Sterling And Wilson Renewable Energy Limited,BSE,stock,INE00M201021,Industrial Services,Engineering & Construction,Industrials,accept
SYK,XETRA,"STRYKER CORP.      DL-,10",SYK,Stryker Corporation,XETR,stock,US8636671013,Health Technology,Medical Specialties,Health Care,accept
SYMBIOTEC,BSE_IN,Symbiotec Pharmalab Ltd,SYMBIOTEC,Symbiotec Pharmalab Limited,BSE,stock,INE899I01028,Health Technology,Pharmaceuticals: Major,Health Care,accept
SYMBIOTEC,NSE_IN,Symbiotec Pharmalab Limited,SYMBIOTEC,Symbiotec Pharmalab Limited,NSE,stock,INE899I01028,Health Technology,Pharmaceuticals: Major,Health Care,accept
SYMPHONY,BSE_IN,Symphony Ltd,SYMPHONY,Symphony Limited,BSE,stock,INE225D01027,Producer Manufacturing,Industrial Machinery,Industrials,accept
SYNCOMF,BSE_IN,Syncom Formulations India Ltd,SYNCOMF,Syncom Formulation (India) Ltd.,BSE,stock,INE312C01025,Health Technology,Pharmaceuticals: Major,Health Care,accept
SYNGENE,BSE_IN,Syngene International Ltd,SYNGENE,Syngene International Ltd.,BSE,stock,INE398R01022,Commercial Services,Miscellaneous Commercial Services,Industrials,accept
SYRMA,BSE_IN,Syrma SGS Technology Ltd,SYRMA,Syrma SGS Technology Limited,BSE,stock,INE0DYJ01015,Electronic Technology,Electronic Production Equipment,Information Technology,accept
SYSTMTXC,BSE_IN,Systematix Corporate Services Ltd,SYSTMTXC,Systematix Corporate Services Limited,BSE,stock,INE356B01024,Finance,Investment Banks/Brokers,Financials,accept
SYSTMTXC,NSE_IN,Systematix Corporate Services Limited,SYSTMTXC,Systematix Corporate Services Limited,NSE,stock,INE356B01024,Finance,Investment Banks/Brokers,Financials,accept
T2T,XETRA,T1 ENERGY INC.       O.N.,T2T,T1 Energy Inc.,XETR,stock,US35834F1049,Producer Manufacturing,Electrical Products,Industrials,accept
T54,XETRA,EVERUS CONSTR.GRP O.N.,T54,"Everus Construction Group, Inc.",XETR,stock,US3004261034,Industrial Services,Engineering & Construction,Industrials,accept
T7D,XETRA,"TRANSDIGM GROUP    DL-,01",T7D,TransDigm Group Incorporated,XETR,stock,US8936411003,Electronic Technology,Aerospace & Defense,Industrials,accept
TAALTECH,NSE_IN,Taal Tech Limited,TAALTECH,TAAL Tech Ltd,NSE,stock,INE524T01029,Transportation,Airlines,Industrials,accept
TAINWALCHM,BSE_IN,Tainwala Chemicals and Plastics (India) Ltd,TAINWALCHM,Tainwala Chemicals & Plastics (India) Ltd,BSE,stock,INE123C01018,Process Industries,Containers/Packaging,Materials,accept
TAJGVK,BSE_IN,Taj Gvk Hotels & Resorts Ltd,TAJGVK,TAJGVK Hotels & Resorts Ltd.,BSE,stock,INE586B01026,Consumer Services,Hotels/Resorts/Cruise lines,Consumer Discretionary,accept
TAKE,NSE_IN,TAKE Limited,TAKE,TAKE Limited,NSE,stock,INE142I01023,Technology Services,Information Technology Services,Information Technology,accept
TALBROAUTO,BSE_IN,Talbros Automotive Components Ltd,TALBROAUTO,Talbros Automotive Components Limited,BSE,stock,INE187D01029,Producer Manufacturing,Industrial Machinery,Industrials,accept
TALD,BVB,TALC DOLOMITA SA HUNEDOARA,,,,,,,,,no_tradingview_match
TAMBOLIIN,NSE_IN,Tamboli Industries Limited,TAMBOLIIN,Tamboli Industries Ltd,NSE,stock,INE864J01012,Finance,Investment Banks/Brokers,Financials,accept
TANAA,NSE_IN,Taneja Aerospace & Aviation Limited,TANAA,Taneja Aerospace & Aviation Ltd.,NSE,stock,INE692C01020,Electronic Technology,Aerospace & Defense,Industrials,accept
TANDHANIN,BSE_IN,Tandhan Industries Ltd,TANDHANIN,Tandhan Industries Ltd,BSE,stock,INE896J01014,Finance,Investment Banks/Brokers,Financials,accept
TANLA,BSE_IN,Tanla Platforms Ltd,TANLA,Tanla Platforms Ltd,BSE,stock,INE483C01032,Technology Services,Information Technology Services,Information Technology,accept
TAR,XETRA,"TARGA RESOURCES DL -,001",TAR,Targa Resources Corp.,XETR,stock,US87612G1013,Utilities,Gas Distributors,Utilities,accept
TARAPUR,BSE_IN,Tarapur Transformers Ltd,TARAPUR,Tarapur Transformers Limited,BSE,stock,INE747K01017,Producer Manufacturing,Electrical Products,Industrials,accept
TARC,BSE_IN,Tarc Ltd,TARC,TARC Limited,BSE,stock,INE0EK901012,Finance,Real Estate Development,Real Estate,accept
TARIL,BSE_IN,Transformers and Rectifiers (India) Ltd,TARIL,Transformers and Rectifiers (India) Limited,BSE,stock,INE763I01026,Producer Manufacturing,Electrical Products,Industrials,accept
TARMAT,NSE_IN,Tarmat Limited,TARMAT,Tarmat Ltd.,NSE,stock,INE924H01018,Industrial Services,Engineering & Construction,Industrials,accept
TARSONS,BSE_IN,Tarsons Products Ltd,TARSONS,Tarsons Products Limited,BSE,stock,INE144Z01023,Process Industries,Containers/Packaging,Materials,accept
TASTYBITE,BSE_IN,Tasty Bite Eatables Ltd,TASTYBITE,Tasty Bite Eatables Ltd,BSE,stock,INE488B01017,Consumer Non-Durables,Food: Specialty/Candy,Consumer Staples,accept
TATACAP,BSE_IN,Tata Capital Ltd,TATACAP,Tata Capital Ltd.,BSE,stock,INE976I01016,Finance,Finance/Rental/Leasing,Financials,accept
TATACAP,NSE_IN,Tata Capital Limited,TATACAP,Tata Capital Ltd.,NSE,stock,INE976I01016,Finance,Finance/Rental/Leasing,Financials,accept
TATACHEM,BSE_IN,Tata Chemicals Ltd,TATACHEM,Tata Chemicals Limited,BSE,stock,INE092A01019,Process Industries,Chemicals: Agricultural,Materials,accept
TATACOMM,BSE_IN,Tata Communications Ltd,TATACOMM,Tata Communications Limited,BSE,stock,INE151A01013,Communications,Major Telecommunications,Communication Services,accept
TATACONSUM,BSE_IN,Tata Consumer Products Ltd,TATACONSUM,Tata Consumer Products Limited,BSE,stock,INE192A01025,Consumer Non-Durables,Food: Specialty/Candy,Consumer Staples,accept
TATAELXSI,BSE_IN,Tata Elxsi Ltd,TATAELXSI,Tata Elxsi Limited,BSE,stock,INE670A01012,Technology Services,Information Technology Services,Information Technology,accept
TATAINVEST,BSE_IN,Tata Investment Corporation Ltd,TATAINVEST,Tata Investment Corporation Limited,BSE,stock,INE672A01026,Finance,Investment Banks/Brokers,Financials,accept
TATAPOWER,BSE_IN,Tata Power Company Ltd,TATAPOWER,Tata Power Company Limited,BSE,stock,INE245A01021,Utilities,Electric Utilities,Utilities,accept
TATASTEEL,BSE_IN,Tata Steel Ltd,TATASTEEL,Tata Steel Limited,BSE,stock,INE081A01020,Non-Energy Minerals,Steel,Materials,accept
TATATECH,BSE_IN,Tata Technologies Ltd,TATATECH,Tata Technologies Limited,BSE,stock,INE142M01025,Technology Services,Packaged Software,Information Technology,accept
TATVA,BSE_IN,Tatva Chintan Pharma Chem Ltd,TATVA,Tatva Chintan Pharma Chem Limited,BSE,stock,INE0GK401011,Process Industries,Chemicals: Specialty,Materials,accept
TAVEXIA,BSE_IN,Tavexia Lifecare Ltd,TAVEXIA,TAVEXIA LIFECARE LIMITED,BSE,stock,INE280E01038,Producer Manufacturing,Building Products,Industrials,accept
TBOTEK,BSE_IN,TBO TEK Ltd,TBOTEK,TBO Tek Ltd.,BSE,stock,INE673O01025,Technology Services,Internet Software/Services,Information Technology,accept
TBZ,BSE_IN,Tribhovandas Bhimji Zaveri Ltd,TBZ,Tribhovandas Bhimji Zaveri Limited,BSE,stock,INE760L01018,Consumer Durables,Other Consumer Specialties,Consumer Discretionary,accept
TCGX,NASDAQ,TCGX Acquisition Corp. - Class A Ordinary Shares,TCGX,TCGX Acquisition Corp. Class A,NASDAQ,stock,KYG8708J1094,Finance,Financial Conglomerates,,unsupported_sector
TCI,BSE_IN,Transport Corporation of India Ltd,TCI,Transport Corporation of India Limited,BSE,stock,INE688A01022,Transportation,Trucking,Industrials,accept
TCIEXP,BSE_IN,TCI Express Ltd,TCIEXP,TCI Express Ltd.,BSE,stock,INE586V01016,Transportation,Air Freight/Couriers,Industrials,accept
TCIFINANCE,BSE_IN,TCI Finance Ltd,TCIFINANCE,TCI Finance Limited,BSE,stock,INE911B01018,Finance,Finance/Rental/Leasing,Financials,accept
TCPLPACK,BSE_IN,TCPL Packaging Ltd,TCPLPACK,TCPL Packaging Limited,BSE,stock,INE822C01015,Commercial Services,Commercial Printing/Forms,Industrials,accept
TCS,BSE_IN,Tata Consultancy Services Ltd,TCS,Tata Consultancy Services Limited,BSE,stock,INE467B01029,Technology Services,Information Technology Services,Information Technology,accept
TCS,XETRA,"AXON ENTERPRISE DL-,00001",TCS,Axon Enterprise Inc,XETR,stock,US05464C1018,Electronic Technology,Aerospace & Defense,Industrials,accept
TDPOWERSYS,BSE_IN,TD Power Systems Ltd,TDPOWERSYS,TD Power Systems Limited,BSE,stock,INE419M01035,Producer Manufacturing,Electrical Products,Industrials,accept
TE1,XETRA,"BIO-TECHNE CORP.   DL-,01",TE1,Bio-Techne Corporation,XETR,stock,US09073M1045,Health Technology,Biotechnology,Health Care,accept
TEAMGTY,BSE_IN,Team India Guaranty Ltd,TEAMGTY,Team India Guaranty Ltd,BSE,stock,INE289C01025,Finance,Financial Conglomerates,,unsupported_sector
TEAMLEASE,BSE_IN,TeamLease Services Ltd,TEAMLEASE,TeamLease Services Limited,BSE,stock,INE985S01024,Commercial Services,Personnel Services,Industrials,accept
TEAMTECH,NSE_IN,Teamtech Formwork Solutions Limited,TEAMTECH,Teamtech Formwork Solutions Limited,NSE,stock,INE2OL601013,Producer Manufacturing,Metal Fabrication,Industrials,accept
TECHM,BSE_IN,Tech Mahindra Ltd,TECHM,Tech Mahindra Limited,BSE,stock,INE669C01036,Technology Services,Information Technology Services,Information Technology,accept
TECHNOCRAF,BSE_IN,Technocraft Ventures Ltd,TECHNOCRAF,Technocraft Ventures Limited,BSE,stock,INE1D0W01018,Industrial Services,Engineering & Construction,Industrials,accept
TECHNOCRAF,NSE_IN,Technocraft Ventures Limited,TECHNOCRAF,Technocraft Ventures Limited,NSE,stock,INE1D0W01018,Industrial Services,Engineering & Construction,Industrials,accept
TECHNOCRAT,BSE_IN,Technocrats Plasma Systems Ltd,TECHNOCRAT,Technocrats Plasma Systems Limited,BSE,stock,INE19QK01022,Producer Manufacturing,Industrial Machinery,Industrials,accept
TECHNOE,BSE_IN,Techno Electric & Engineering Company Ltd,TECHNOE,Techno Electric & Engineering Company Limited,BSE,stock,INE285K01026,Industrial Services,Engineering & Construction,Industrials,accept
TECHNVISN,NSE_IN,TechNVision Ventures Limited,TECHNVISN,TechNVision Ventures Ltd.,NSE,stock,INE314H01012,Technology Services,Data Processing Services,Information Technology,accept
TECILCHEM,BSE_IN,Tecil Chemicals & Hydro Power Ltd,TECILCHEM,TECIL Chemicals & Hydro Power Ltd,BSE,stock,INE014B01011,Process Industries,Chemicals: Major Diversified,Materials,accept
TECILCHEM,NSE_IN,TECIL Chemicals and Hydro Power Limited,TECILCHEM,TECIL Chemicals & Hydro Power Ltd,NSE,stock,INE014B01011,Process Industries,Chemicals: Major Diversified,Materials,accept
TEGA,BSE_IN,Tega Industries Ltd,TEGA,Tega Industries Ltd.,BSE,stock,INE011K01018,Producer Manufacturing,Trucks/Construction/Farm Machinery,Industrials,accept
TEJA,NSE_IN,Teja Engineering Industries Limited,TEJA,Teja Engineering Industries Limited,NSE,stock,INE0R1301019,Industrial Services,Engineering & Construction,Industrials,accept
TEJASNET,BSE_IN,Tejas Networks Ltd,TEJASNET,Tejas Networks Ltd.,BSE,stock,INE010J01012,Electronic Technology,Telecommunications Equipment,Information Technology,accept
TEMPSENS,BSE_IN,Tempsens Instruments (India) Ltd,TEMPSENS,Tempsens Instruments (India) Limited,BSE,stock,INE1KZI01025,Electronic Technology,Electronic Equipment/Instruments,Information Technology,accept
TEMPSENS,NSE_IN,Tempsens Instruments (India) Limited,TEMPSENS,Tempsens Instruments (India) Limited,NSE,stock,INE1KZI01025,Electronic Technology,Electronic Equipment/Instruments,Information Technology,accept
TENNIND,BSE_IN,Tenneco Clean Air India Ltd,TENNIND,Tenneco Clean Air India Limited,BSE,stock,INE19RI01016,Producer Manufacturing,Auto Parts: OEM,Industrials,accept
TERAI,NSE_IN,Terai Tea Company Limited,TERAI,Terai Tea Co. Ltd.,NSE,stock,INE390D01011,Consumer Non-Durables,Food: Major Diversified,Consumer Staples,accept
TERASOFT,BSE_IN,Tera Software Ltd,TERASOFT,Tera Software Limited,BSE,stock,INE482B01010,Technology Services,Information Technology Services,Information Technology,accept
TEXINFRA,BSE_IN,Texmaco Infrastructure & Holdings Ltd,TEXINFRA,Texmaco Infrastructure & Holdings Limited,BSE,stock,INE435C01024,Utilities,Electric Utilities,Utilities,accept
TEXMOPIPES,BSE_IN,Texmo Pipes and Products Ltd,TEXMOPIPES,Texmo Pipes & Products Ltd.,BSE,stock,INE141K01013,Producer Manufacturing,Miscellaneous Manufacturing,Industrials,accept
TEXRAIL,BSE_IN,Texmaco Rail & Engineering Ltd,TEXRAIL,Texmaco Rail & Engineering Limited,BSE,stock,INE621L01012,Producer Manufacturing,Trucks/Construction/Farm Machinery,Industrials,accept
TFCILTD,BSE_IN,Tourism Finance Corporation of India Ltd,TFCILTD,Tourism Finance Corporation of India Limited,BSE,stock,INE305A01023,Finance,Finance/Rental/Leasing,Financials,accept
TFL,BSE_IN,Transwarranty Finance Ltd,TFL,Transwarranty Finance Limited,BSE,stock,INE804H01012,Finance,Investment Banks/Brokers,Financials,accept
TGBHOTELS,BSE_IN,TGB Banquets and Hotels Ltd,TGBHOTELS,TGB Banquets & Hotels Ltd.,BSE,stock,INE797H01018,Consumer Services,Hotels/Resorts/Cruise lines,Consumer Discretionary,accept
TGS,TSXV,TGS Esports Inc,,,,,,,,,no_tradingview_match
TGTA,XETRA,11 88 0 SOLUTIONS AG,TGTA,11 88 0 Solutions AG,XETR,stock,DE000A41YFQ4,Commercial Services,Commercial Printing/Forms,Industrials,accept
TGVSL,NSE_IN,TGV Sraac Limited,TGVSL,TGV SRAAC Ltd,NSE,stock,INE284B01028,Process Industries,Chemicals: Specialty,Materials,accept
THACKER,NSE_IN,Thacker & Company Limited,THACKER,Thacker and Company Limited,NSE,stock,INE077P01034,Finance,Finance/Rental/Leasing,Financials,accept
THAKDEV,NSE_IN,Thakkers Developers Limited,THAKDEV,Thakker's Developers Ltd.,NSE,stock,INE403F01017,Consumer Durables,Homebuilding,Consumer Discretionary,accept
THANGAMAYL,BSE_IN,Thangamayil Jewellery Ltd,THANGAMAYL,Thangamayil Jewellery Ltd.,BSE,stock,INE085J01014,Consumer Durables,Other Consumer Specialties,Consumer Discretionary,accept
THC1,XETRA,"TENET HEALTHCARE   DL-,05",THC1,Tenet Healthcare Corporation,XETR,stock,US88033G4073,Health Services,Hospital/Nursing Management,Health Care,accept
THEINVEST,BSE_IN,The Investment Trust Of India Ltd,THEINVEST,Investment Trust of India Limited,BSE,stock,INE924D01017,Finance,Investment Banks/Brokers,Financials,accept
THELEELA,BSE_IN,Leela Palaces Hotels & Resorts Ltd,THELEELA,Leela Palaces Hotels & Resorts Limited,BSE,stock,INE0AQ201015,Consumer Services,Hotels/Resorts/Cruise lines,Consumer Discretionary,accept
THEMISMED,NSE_IN,Themis Medicare Limited,THEMISMED,Themis Medicare Limited,NSE,stock,INE083B01024,Health Technology,Pharmaceuticals: Major,Health Care,accept
THEO,NASDAQ,BOA Acquisition Corp. II - Class A Ordinary Shares,THEO,BOA Acquisition Corp. II Class A,NASDAQ,stock,KYG1R08A1017,Finance,Financial Conglomerates,,unsupported_sector
THERMAX,BSE_IN,Thermax Ltd,THERMAX,Thermax Limited.,BSE,stock,INE152A01029,Producer Manufacturing,Industrial Machinery,Industrials,accept
THOMASCOOK,BSE_IN,Thomas Cook (India) Ltd,THOMASCOOK,Thomas Cook (India) Limited,BSE,stock,INE332A01027,Consumer Services,Other Consumer Services,Consumer Discretionary,accept
THOMASCOTT,BSE_IN,Thomas Scott (India) Ltd,THOMASCOTT,Thomas Scott (India) Limited,BSE,stock,INE480M01011,Consumer Non-Durables,Apparel/Footwear,Consumer Staples,accept
THYROCARE,BSE_IN,Thyrocare Technologies Ltd,THYROCARE,Thyrocare Technologies Ltd,BSE,stock,INE594H01019,Health Services,Medical/Nursing Services,Health Care,accept
TI,BSE_IN,Tilaknagar Industries Ltd,TI,Tilaknagar Industries Limited,BSE,stock,INE133E01013,Consumer Non-Durables,Beverages: Alcoholic,Consumer Staples,accept
TIGERLOGS,NSE_IN,Tiger Logistics (India) Limited,TIGERLOGS,Tiger Logistics (India) Ltd.,NSE,stock,INE906O01029,Transportation,Air Freight/Couriers,Industrials,accept
TIGH,BVB,TARNAVA SA SIGHISOARA,TIGH,Tarnava SA,BVB,stock,ROTIGHACNOR3,Consumer Non-Durables,Apparel/Footwear,Consumer Staples,accept
TII,XETRA,TEXAS INSTR.         DL 1,TII,Texas Instruments Incorporated,XETR,stock,US8825081040,Electronic Technology,Semiconductors,Information Technology,accept
TIIL,BSE_IN,Technocraft Industries (India) Ltd,TIIL,Technocraft Industries (India) Limited,BSE,stock,INE545H01011,Producer Manufacturing,Metal Fabrication,Industrials,accept
TIINDIA,BSE_IN,Tube Investments of India Ltd,TIINDIA,Tube Investments of India Limited,BSE,stock,INE974X01010,Non-Energy Minerals,Steel,Materials,accept
TIJARIA,NSE_IN,Tijaria Polypipes Limited,TIJARIA,Tijaria Polypipes Limited,NSE,stock,INE440L01017,Producer Manufacturing,Miscellaneous Manufacturing,Industrials,accept
TIL,BSE_IN,TIL Ltd,TIL,TIL Ltd.,BSE,stock,INE806C01018,Producer Manufacturing,Trucks/Construction/Farm Machinery,Industrials,accept
TIMETECHNO,BSE_IN,Time Technoplast Ltd,TIMETECHNO,Time Technoplast Limited,BSE,stock,INE508G01029,Process Industries,Containers/Packaging,Materials,accept
TIMEX,NSE_IN,Timex Group India Limited,TIMEX,Timex Group India Limited,NSE,stock,INE064A01026,Consumer Durables,Other Consumer Specialties,Consumer Discretionary,accept
TIMKEN,BSE_IN,Timken India Ltd,TIMKEN,Timken India Limited,BSE,stock,INE325A01013,Producer Manufacturing,Industrial Machinery,Industrials,accept
TINNARUBR,BSE_IN,Tinna Rubber and Infrastructure Ltd,TINNARUBR,Tinna Rubber & Infrastructure Limited,BSE,stock,INE015C01016,Process Industries,Industrial Specialties,Materials,accept
TIPSFILMS,BSE_IN,Tips Films Ltd,TIPSFILMS,Tips Films Limited,BSE,stock,INE0LQS01015,Consumer Services,Movies/Entertainment,Communication Services,accept
TIPSMUSIC,BSE_IN,Tips Music Ltd,TIPSMUSIC,Tips Music Limited,BSE,stock,INE716B01029,Consumer Services,Movies/Entertainment,Communication Services,accept
TIRUMALCHM,BSE_IN,Thirumalai Chemicals Ltd,TIRUMALCHM,Thirumalai Chemicals Limited,BSE,stock,INE338A01024,Process Industries,Chemicals: Specialty,Materials,accept
TITAGARH,BSE_IN,Titagarh Rail Systems Ltd,TITAGARH,Titagarh Rail Systems Ltd,BSE,stock,INE615H01020,Producer Manufacturing,Trucks/Construction/Farm Machinery,Industrials,accept
TITAN,BSE_IN,Titan Company Ltd,TITAN,Titan Company Limited,BSE,stock,INE280A01028,Consumer Durables,Other Consumer Specialties,Consumer Discretionary,accept
TKH,XETRA,TIMKEN CO.,TKH,Timken Company,XETR,stock,US8873891043,Producer Manufacturing,Industrial Machinery,Industrials,accept
TLAC,NASDAQ,Three Lions Acquisition Corp. - Ordinary Shares,TLAC,Three Lions Acquisition Corp.,NASDAQ,stock,KYG887651050,Finance,Financial Conglomerates,,unsupported_sector
TMB,BSE_IN,Tamilnad Mercantile Bank Ltd,TMB,Tamilnad Mercantile Bank Limited,BSE,stock,INE668A01016,Finance,Regional Banks,Financials,accept
TMCV,BSE_IN,Tata Motors Ltd,TMCV,Tata Motors Limited,BSE,stock,INE1TAE01010,Consumer Durables,Motor Vehicles,Consumer Discretionary,accept
TMJ,XETRA,GLOBE LIFE INC.      DL 1,TMJ,Globe Life Inc.,XETR,stock,US37959E1029,Finance,Multi-Line Insurance,Financials,accept
TMPV,BSE_IN,Tata Motors Passenger Vehicles Ltd,TMPV,Tata Motors Passenger Vehicles Ltd,BSE,stock,INE155A01022,Consumer Durables,Motor Vehicles,Consumer Discretionary,accept
TMS,NASDAQ,Teamshares Inc. - Common Stock,TMS,Teamshares Inc.,NASDAQ,stock,US87821B1098,Finance,Financial Conglomerates,,unsupported_sector
TNPETRO,BSE_IN,Tamilnadu Petroproducts Ltd,TNPETRO,Tamilnadu Petro Products Ltd.,BSE,stock,INE148A01019,Process Industries,Chemicals: Specialty,Materials,accept
TNPL,BSE_IN,Tamil Nadu Newsprint & Papers Ltd,TNPL,Tamil Nadu Newsprint & Papers Ltd.,BSE,stock,INE107A01015,Process Industries,Pulp & Paper,Materials,accept
TNTELE,BSE_IN,Tamilnadu Telecommunications Ltd,TNTELE,Tamilnadu Telecommunications Ltd.,BSE,stock,INE141D01018,Producer Manufacturing,Electrical Products,Industrials,accept
TOKYOPLAST,BSE_IN,Tokyo Plast International Ltd,TOKYOPLAST,Tokyo Plast International Ltd,BSE,stock,INE932C01012,Producer Manufacturing,Miscellaneous Manufacturing,Industrials,accept
TOLINS,BSE_IN,Tolins Tyres Ltd,TOLINS,Tolins Tyres Limited,BSE,stock,INE0RWQ01014,Consumer Durables,Automotive Aftermarket,Consumer Discretionary,accept
TOLINS,NSE_IN,Tolins Tyres Limited,TOLINS,Tolins Tyres Limited,NSE,stock,INE0RWQ01014,Consumer Durables,Automotive Aftermarket,Consumer Discretionary,accept
TORNTPHARM,BSE_IN,Torrent Pharmaceuticals Ltd,TORNTPHARM,Torrent Pharmaceuticals Ltd,BSE,stock,INE685A01028,Health Technology,Pharmaceuticals: Major,Health Care,accept
TORNTPOWER,NSE_IN,Torrent Power Limited,TORNTPOWER,Torrent Power Limited,NSE,stock,INE813H01021,Utilities,Electric Utilities,Utilities,accept
TOYAMSL,NSE_IN,Toyam Sports Limited,TOYAMSL,Toyam Sports Limited,NSE,stock,INE457P01020,Finance,Financial Conglomerates,,unsupported_sector
TPD,XETRA,"SOMNIGROUP INT.    DL-,01",TPD,Somnigroup International Inc.,XETR,stock,US88023U1016,Consumer Durables,Home Furnishings,Consumer Discretionary,accept
TPHQ,BSE_IN,Teamo Productions HQ Ltd,TPHQ,Teamo Productions HQ Limited,BSE,stock,INE065J01024,Industrial Services,Engineering & Construction,Industrials,accept
TPHQ,NSE_IN,Teamo Productions HQ Limited,TPHQ,Teamo Productions HQ Limited,NSE,stock,INE065J01024,Industrial Services,Engineering & Construction,Industrials,accept
TPLPLASTEH,BSE_IN,TPL Plastech Ltd,TPLPLASTEH,TPL Plastech Limited,BSE,stock,INE413G01022,Process Industries,Chemicals: Specialty,Materials,accept
TQI,XETRA,TELECOM ITALIA,,,,,,,,,no_tradingview_match
TQI0,XETRA,TELECOM ITALIA,TQI0,Telecom Italia S.p.A.,XETR,stock,IT0005712671,Communications,Wireless Telecommunications,Communication Services,accept
TRACXN,BSE_IN,Tracxn Technologies Ltd,TRACXN,Tracxn Technologies Ltd.,BSE,stock,INE0HMF01019,Technology Services,Internet Software/Services,Information Technology,accept
TRANSCOR,NSE_IN,Transcorp International Limited,TRANSCOR,Transcorp International Limited,NSE,stock,INE330E01023,Commercial Services,Miscellaneous Commercial Services,Industrials,accept
TRANSPEK,NSE_IN,Transpek Industry Limited,TRANSPEK,Transpek Industry Limited,NSE,stock,INE687A01016,Process Industries,Chemicals: Specialty,Materials,accept
TRANSRAILL,BSE_IN,Transrail Lighting Ltd,TRANSRAILL,Transrail Lighting Limited,BSE,stock,INE454P01035,Industrial Services,Engineering & Construction,Industrials,accept
TRANSWORLD,BSE_IN,Transworld Shipping Lines Ltd,TRANSWORLD,Transworld Shipping Lines Ltd,BSE,stock,INE757B01015,Transportation,Marine Shipping,Industrials,accept
TRAVELFOOD,BSE_IN,Travel Food Services Ltd,TRAVELFOOD,Travel Food Services Limited,BSE,stock,INE103V01028,Consumer Services,Restaurants,Consumer Discretionary,accept
TRBG,NASDAQ,TurboGen Ltd. - Ordinary Shares,TRBG,TURBOGEN LTD,NASDAQ,stock,IL0011817421,Commercial Services,Miscellaneous Commercial Services,Industrials,accept
TREEHOUSE,NSE_IN,Tree House Education & Accessories Limited,TREEHOUSE,Tree House Education & Accessories Limited,NSE,stock,INE040M01013,Consumer Services,Other Consumer Services,Consumer Discretionary,accept
TREJHARA,BSE_IN,Trejhara Solutions Ltd,TREJHARA,Trejhara Solutions Ltd.,BSE,stock,INE00CA01015,Technology Services,Information Technology Services,Information Technology,accept
TREL,BSE_IN,Transindia Real Estate Ltd,TREL,TransIndia Real Estate Limited,BSE,stock,INE0O3901029,Finance,Real Estate Development,Real Estate,accept
TRENT,BSE_IN,Trent Ltd,TRENT,Trent Limited,BSE,stock,INE849A01020,Retail Trade,Apparel/Footwear Retail,Consumer Discretionary,accept
TREO,NASDAQ,Tactical Resources Corp. - Common Shares,TREO,Tactical Resources Corporation,NASDAQ,stock,CA87356V3065,Non-Energy Minerals,Other Metals/Minerals,Materials,accept
TRF,BSE_IN,TRF Ltd,TRF,TRF Limited.,BSE,stock,INE391D01019,Producer Manufacturing,Trucks/Construction/Farm Machinery,Industrials,accept
TRGI,BVB,TRANSPORTURI AUTO GIULESTI SA BUCURESTI,TRGI,Transporturi Auto Giulesti SA,BVB,stock,ROTRGIACNOR2,Transportation,Trucking,Industrials,accept
TRIDENT,BSE_IN,Trident Ltd,TRIDENT,Trident Limited,BSE,stock,INE064C01022,Process Industries,Textiles,Materials,accept
TRIGYN,BSE_IN,Trigyn Technologies Ltd,TRIGYN,Trigyn Technologies Limited,BSE,stock,INE948A01012,Technology Services,Information Technology Services,Information Technology,accept
TRITONV,NSE_IN,Triton Valves Limited,TRITONV,Triton Valves Limited,NSE,stock,INE440G01017,Consumer Durables,Automotive Aftermarket,Consumer Discretionary,accept
TRITURBINE,BSE_IN,Triveni Turbine Ltd,TRITURBINE,Triveni Turbine Limited,BSE,stock,INE152M01016,Producer Manufacturing,Industrial Machinery,Industrials,accept
TRIVENI,BSE_IN,Triveni Engineering & Industries Ltd,TRIVENI,Triveni Engineering and Industries Limited,BSE,stock,INE256C01024,Process Industries,Agricultural Commodities/Milling,Consumer Staples,accept
TRL,XETRA,"DAVITA INC.      DL -,001",TRL,DaVita Inc.,XETR,stock,US23918K1088,Health Services,Medical/Nursing Services,Health Care,accept
TRNG,BVB,TRANSGEX SA ORADEA,TRNG,Transgex SA,BVB,stock,ROTRNGACNOR2,Non-Energy Minerals,Other Metals/Minerals,Materials,accept
TRR,XETRA,"TREX CO. INC.      DL-,01",TRR,"Trex Company, Inc.",XETR,stock,US89531P1057,Non-Energy Minerals,Forest Products,Materials,accept
TRSK,BVB,TRANSILANA SA GHIMBAV,TRSK,Transilana SA,BVB,stock,ROTRSKACNOR3,Process Industries,Textiles,Materials,accept
TRU,BSE_IN,TruCap Finance Ltd,TRU,TruCap Finance Limited,BSE,stock,INE615R01029,Finance,Finance/Rental/Leasing,Financials,accept
TRUALT,BSE_IN,Trualt Bioenergy Ltd,TRUALT,Trualt Bioenergy Limited,BSE,stock,INE0MWH01014,Process Industries,Chemicals: Specialty,Materials,accept
TRUALT,NSE_IN,TruAlt Bioenergy Limited,TRUALT,Trualt Bioenergy Limited,NSE,stock,INE0MWH01014,Process Industries,Chemicals: Specialty,Materials,accept
TT6,XETRA,"TETRA TECH INC.    DL-,01",TT6,"Tetra Tech, Inc.",XETR,stock,US88162G1031,Industrial Services,Engineering & Construction,Industrials,accept
TTKHLTCARE,BSE_IN,TTK Healthcare Ltd,TTKHLTCARE,TTK Healthcare Limited,BSE,stock,INE910C01018,Health Technology,Pharmaceuticals: Major,Health Care,accept
TTKPRESTIG,BSE_IN,TTK Prestige Ltd,TTKPRESTIG,TTK Prestige Limited,BSE,stock,INE690A01028,Consumer Durables,Home Furnishings,Consumer Discretionary,accept
TTL,BSE_IN,T T Ltd,TTL,T T Limited,BSE,stock,INE592B01024,Process Industries,Textiles,Materials,accept
TTML,BSE_IN,Tata Teleservices (Maharashtra) Ltd,TTML,Tata Teleservices (Maharashtra) Limited,BSE,stock,INE517B01013,Communications,Specialty Telecommunications,Communication Services,accept
TUAA,BVB,TURISM COVASNA SA COVASNA,TUAA,Turism Covasna SA,BVB,stock,ROTUAAACNOR6,Consumer Services,Hotels/Resorts/Cruise lines,Consumer Discretionary,accept
TURTLEMINT,BSE_IN,Turtlemint Fintech Solutions Ltd,TURTLEMINT,Turtlemint Fintech Solutions Limited,BSE,stock,INE0OC301013,Finance,Insurance Brokers/Services,Financials,accept
TURTLEMINT,NSE_IN,Turtlemint Fintech Solutions Limited,TURTLEMINT,Turtlemint Fintech Solutions Limited,NSE,stock,INE0OC301013,Finance,Insurance Brokers/Services,Financials,accept
TUTIALKA,NSE_IN,Tuticorin Alkali Chemicals & Fertilizers Limited,TUTIALKA,Tuticorin Alkali Chemicals & Fertilizers Limited,NSE,stock,INE400A01014,Process Industries,Chemicals: Specialty,Materials,accept
TVIV,NASDAQ,Texas Ventures Acquisition IV Corp - Class A Ordinary Shares,TVIV,Texas Ventures Acquisition IV Corp. Class A,NASDAQ,stock,KYG8773A1085,Finance,Financial Conglomerates,,unsupported_sector
TVSELECT,BSE_IN,TVS Electronics Ltd,TVSELECT,TVS Electronics Limited,BSE,stock,INE236G01019,Electronic Technology,Electronic Equipment/Instruments,Information Technology,accept
TVSHLTD,BSE_IN,TVS Holdings Ltd,TVSHLTD,TVS Holdings Limited,BSE,stock,INE105A01035,Producer Manufacturing,Auto Parts: OEM,Industrials,accept
TVSMOTOR,BSE_IN,TVS Motor Company Ltd,TVSMOTOR,TVS Motor Company Limited,BSE,stock,INE494B01023,Consumer Durables,Motor Vehicles,Consumer Discretionary,accept
TVSSCS,NSE_IN,TVS Supply Chain Solutions Limited,TVSSCS,TVS Supply Chain Solutions Ltd.,NSE,stock,INE395N01027,Transportation,Air Freight/Couriers,Industrials,accept
TVSSRICHAK,BSE_IN,TVS Srichakra Ltd,TVSSRICHAK,TVS Srichakra Limited,BSE,stock,INE421C01016,Consumer Durables,Automotive Aftermarket,Consumer Discretionary,accept
TVTODAY,BSE_IN,TV Today Network Ltd,TVTODAY,TV Today Network Ltd.,BSE,stock,INE038F01029,Consumer Services,Broadcasting,Communication Services,accept
TVVISION,BSE_IN,TV Vision Ltd,TVVISION,TV Vision Ltd.,BSE,stock,INE871L01013,Consumer Services,Broadcasting,Communication Services,accept
TWH,XETRA,TWILIO INC.,TWH,"Twilio, Inc. Class A",XETR,stock,US90138F1021,Technology Services,Packaged Software,Information Technology,accept
TXT,XETRA,"TEXTRON INC.      DL-,125",TXT,Textron Inc.,XETR,stock,US8832031012,Electronic Technology,Aerospace & Defense,Industrials,accept
TYP,XETRA,"TYLER TECHS INC.   DL-,01",TYP,"Tyler Technologies, Inc.",XETR,stock,US9022521051,Technology Services,Data Processing Services,Information Technology,accept
TYPHOON,BSE_IN,Typhoon Holdings Ltd,TYPHOON,Typhoon Holdings Ltd,BSE,stock,INE2L3M01012,,,,unsupported_sector
U1N,XETRA,"UNIFIRST CORP.     DL-,10",U1N,UniFirst Corporation,XETR,stock,US9047081040,Consumer Services,Other Consumer Services,Consumer Discretionary,accept
UAM,BVB,UAMT S.A.,UAM,UAMT SA,BVB,stock,ROUAMTACNOR1,Producer Manufacturing,Auto Parts: OEM,Industrials,accept
UAO,XETRA,"STERLING INFRASTRU.DL-,01",UAO,"Sterling Infrastructure, Inc.",XETR,stock,US8592411016,Industrial Services,Engineering & Construction,Industrials,accept
UBL,BSE_IN,United Breweries Ltd,UBL,United Breweries Limited,BSE,stock,INE686F01025,Consumer Non-Durables,Beverages: Alcoholic,Consumer Staples,accept
UCAL,BSE_IN,Ucal  Ltd,UCAL,UCAL Limited,BSE,stock,INE139B01016,Producer Manufacturing,Auto Parts: OEM,Industrials,accept
UCE,XETRA,"ULTRA CLEAN HLDGS DL-,001",UCE,"Ultra Clean Holdings, Inc.",XETR,stock,US90385V1070,Producer Manufacturing,Industrial Machinery,Industrials,accept
UCET,BVB,CLABUCET ESTIVAL 2002 SA NEPTUN,UCET,Clabucet Estival 2002 SA,BVB,stock,ROUCETACNOR4,,,,unsupported_sector
UCOBANK,BSE_IN,UCO Bank,UCOBANK,UCO Bank,BSE,stock,INE691A01018,Finance,Regional Banks,Financials,accept
UDAYJEW,NSE_IN,Uday Jewellery Industries Limited,UDAYJEW,Uday Jewellery Industries Ltd.,NSE,stock,INE551B01012,Consumer Durables,Other Consumer Specialties,Consumer Discretionary,accept
UDS,BSE_IN,Updater Services Ltd,UDS,Updater Services Limited,BSE,stock,INE851I01011,Commercial Services,Miscellaneous Commercial Services,Industrials,accept
UDS,NSE_IN,Updater Services Limited,UDS,Updater Services Limited,NSE,stock,INE851I01011,Commercial Services,Miscellaneous Commercial Services,Industrials,accept
UEL,BSE_IN,Ujaas Energy Ltd,UEL,Ujaas Energy Limited,BSE,stock,INE899L01030,Utilities,Alternative Power Generation,Utilities,accept
UEO,XETRA,"WESTLAKE CORP      DL-,01",UEO,Westlake Corporation,XETR,stock,US9604131022,Process Industries,Chemicals: Specialty,Materials,accept
UFBL,BSE_IN,United Foodbrands Ltd,UFBL,United Foodbrands Limited,BSE,stock,INE382M01027,Consumer Services,Restaurants,Consumer Discretionary,accept
UFH,XETRA,"US FOODS HLDG CORP DL-,01",UFH,US Foods Holding Corp.,XETR,stock,US9120081099,Distribution Services,Food Distributors,Consumer Staples,accept
UFLEX,BSE_IN,Uflex Ltd,UFLEX,UFlex Limited,BSE,stock,INE516A01017,Process Industries,Containers/Packaging,Materials,accept
UFO,BSE_IN,UFO Moviez India Ltd,UFO,UFO Moviez India Ltd.,BSE,stock,INE527H01019,Consumer Services,Movies/Entertainment,Communication Services,accept
UG9,XETRA,NEWMARKET CORP.,UG9,NewMarket Corporation,XETR,stock,US6515871076,Process Industries,Chemicals: Specialty,Materials,accept
UGARSUGAR,BSE_IN,Ugar Sugar Works Ltd,UGARSUGAR,Ugar Sugar Works Ltd,BSE,stock,INE071E01023,Process Industries,Agricultural Commodities/Milling,Consumer Staples,accept
UGROCAP,BSE_IN,Ugro Capital Ltd,UGROCAP,Ugro Capital Limited,BSE,stock,INE583D01011,Finance,Finance/Rental/Leasing,Financials,accept
UHMVL,BSE_IN,UHM Vacation Ltd,UHMVL,Uhm Vacation Limited,BSE,stock,INE0YZ901011,Consumer Services,Other Consumer Services,Consumer Discretionary,accept
UHS,XETRA,UNIV. HEALTH SERV.B DL-01,UHS,"Universal Health Services, Inc. Class B",XETR,stock,US9139031002,Health Services,Hospital/Nursing Management,Health Care,accept
UJJIVANSFB,BSE_IN,Ujjivan Small Finance Bank Ltd,UJJIVANSFB,Ujjivan Small Finance Bank Ltd.,BSE,stock,INE551W01018,Finance,Regional Banks,Financials,accept
ULTRACEMCO,BSE_IN,UltraTech Cement Ltd,ULTRACEMCO,UltraTech Cement Limited,BSE,stock,INE481G01011,Non-Energy Minerals,Construction Materials,Materials,accept
ULTRAMAR,NSE_IN,Ultramarine & Pigments Limited,ULTRAMAR,Ultramarine & Pigments Limited,NSE,stock,INE405A01021,Process Industries,Chemicals: Specialty,Materials,accept
UMAEXPORTS,BSE_IN,Uma Exports Ltd,UMAEXPORTS,Uma Exports Ltd.,BSE,stock,INE0GIU01018,Distribution Services,Wholesale Distributors,Industrials,accept
UMB,XETRA,UMB FINL CORP.       DL 1,UMB,UMB Financial Corporation,XETR,stock,US9027881088,Finance,Major Banks,Financials,accept
UMESLTD,NSE_IN,Usha Martin Education & Solutions Limited,UMESLTD,Usha Martin Education & Solutions Limited,NSE,stock,INE240C01028,Producer Manufacturing,Metal Fabrication,Industrials,accept
UMIYA-MRO,BSE_IN,Umiya Buildcon Ltd,,,,,,,,,no_tradingview_match
UNC,XETRA,UCB S.A.,UNC,UCB S.A.,XETR,stock,BE0003739530,Health Technology,Pharmaceuticals: Major,Health Care,accept
UNICHEMLAB,BSE_IN,Unichem Laboratories Ltd,UNICHEMLAB,Unichem Laboratories Limited,BSE,stock,INE351A01035,Health Technology,Pharmaceuticals: Major,Health Care,accept
UNIDT,BSE_IN,United Drilling Tools Ltd,UNIDT,United Drilling Tools Limited,BSE,stock,INE961D01019,Industrial Services,Oilfield Services/Equipment,Industrials,accept
UNIECOM,BSE_IN,Unicommerce Esolutions Ltd,UNIECOM,Unicommerce eSolutions Limited,BSE,stock,INE00U401027,Technology Services,Packaged Software,Information Technology,accept
UNIECOM,NSE_IN,Unicommerce Esolutions Limited,UNIECOM,Unicommerce eSolutions Limited,NSE,stock,INE00U401027,Technology Services,Packaged Software,Information Technology,accept
UNIENTER,BSE_IN,Uniphos Enterprises Ltd,UNIENTER,Uniphos Enterprises Limited,BSE,stock,INE037A01022,Producer Manufacturing,Industrial Conglomerates,Industrials,accept
UNIMECH,BSE_IN,Unimech Aerospace and Manufacturing Ltd,UNIMECH,Unimech Aerospace & Manufacturing Limited,BSE,stock,INE0U3I01011,Producer Manufacturing,Industrial Machinery,Industrials,accept
UNIMECH,NSE_IN,Unimech Aerospace and Manufacturing Limited,UNIMECH,Unimech Aerospace & Manufacturing Limited,NSE,stock,INE0U3I01011,Producer Manufacturing,Industrial Machinery,Industrials,accept
UNIONBANK,BSE_IN,Union Bank of India,UNIONBANK,Union Bank of India Limited,BSE,stock,INE692A01016,Finance,Major Banks,Financials,accept
UNIPARTS,BSE_IN,Uniparts India Ltd,UNIPARTS,Uniparts India Ltd.,BSE,stock,INE244O01017,Producer Manufacturing,Auto Parts: OEM,Industrials,accept
UNIPARTS,NSE_IN,Uniparts India Limited,UNIPARTS,Uniparts India Ltd.,NSE,stock,INE244O01017,Producer Manufacturing,Auto Parts: OEM,Industrials,accept
UNITDSPR,BSE_IN,United Spirits Ltd,UNITDSPR,United Spirits Limited,BSE,stock,INE854D01024,Consumer Non-Durables,Beverages: Alcoholic,Consumer Staples,accept
UNITECH,BSE_IN,Unitech Ltd,UNITECH,Unitech Limited,BSE,stock,INE694A01020,Industrial Services,Engineering & Construction,Industrials,accept
UNITEDPOLY,BSE_IN,United Polyfab Gujarat Ltd,UNITEDPOLY,United Polyfab Gujarat Ltd,BSE,stock,INE368U01029,Process Industries,Textiles,Materials,accept
UNIVAFOODS,NSE_IN,Univa Foods Limited,UNIVAFOODS,Univa Foods Limited,NSE,stock,INE275F01019,Miscellaneous,Miscellaneous,,unsupported_sector
UNIVCABLES,BSE_IN,Universal Cables Ltd,UNIVCABLES,Universal Cables Limited,BSE,stock,INE279A01012,Electronic Technology,Electronic Components,Information Technology,accept
UNIVPHOTO,NSE_IN,Universus Photo Imagings Limited,UNIVPHOTO,Universus Photo Imagings Ltd,NSE,stock,INE03V001013,Consumer Durables,Electronics/Appliances,Consumer Discretionary,accept
UNOMINDA,BSE_IN,UNO Minda Ltd,UNOMINDA,UNO Minda Limited,BSE,stock,INE405E01023,Producer Manufacturing,Auto Parts: OEM,Industrials,accept
UNP,XETRA,"UNION PAC.        DL 2,50",UNP,Union Pacific Corporation,XETR,stock,US9078181081,Transportation,Railroads,Industrials,accept
UPAB,XETRA,UNITED PARCEL SE.B DL-01,UPAB,"United Parcel Service, Inc. Class B",XETR,stock,US9113121068,Transportation,Air Freight/Couriers,Industrials,accept
UPHOT,NSE_IN,U P Hotels Limited,UPHOT,U P Hotels Limited,NSE,stock,INE726E01014,Consumer Services,Hotels/Resorts/Cruise lines,Consumer Discretionary,accept
UPL,BSE_IN,UPL Ltd,UPL,UPL Limited,BSE,stock,INE628A01036,Process Industries,Chemicals: Agricultural,Materials,accept
UPRR,BVB,UPRUC CTR SA FAGARAS,UPRR,Upruc CTR SA,BVB,stock,ROUPRRACNOR2,,,,unsupported_sector
URAVIDEF,BSE_IN,Uravi Defence and Technology Ltd,URAVIDEF,Uravi Defence and Technology Limited,BSE,stock,INE568Z01015,Producer Manufacturing,Electrical Products,Industrials,accept
URBA,BVB,URBANA SA BISTRITA,URBA,Urbana SA Bistrita,BVB,stock,ROURBAACNOR8,,,,unsupported_sector
URBANCO,BSE_IN,Urban Company Ltd,URBANCO,Urban Company Limited,BSE,stock,INE0CAZ01013,Technology Services,Packaged Software,Information Technology,accept
URCB,BVB,URC SA VASCAU,URCB,URC SA Vascau,BVB,stock,ROURCBACNOR4,Producer Manufacturing,Metal Fabrication,Industrials,accept
URJA,BSE_IN,Urja Global Ltd,URJA,Urja Global Limited,BSE,stock,INE550C01020,Electronic Technology,Semiconductors,Information Technology,accept
USHAMART,BSE_IN,Usha Martin Ltd,USHAMART,Usha Martin Limited,BSE,stock,INE228A01035,Producer Manufacturing,Metal Fabrication,Industrials,accept
USK,NSE_IN,Udayshivakumar Infra Limited,USK,Udayshivakumar Infra Ltd.,NSE,stock,INE0N0Y01013,Industrial Services,Engineering & Construction,Industrials,accept
UTGR,BVB,UTILAJ GREU SA MURFATLAR,UTGR,Utilaj Greu SA Murfatlar,BVB,stock,ROUTGRACNOR7,,,,unsupported_sector
UTIAMC,BSE_IN,UTI Asset Management Company Ltd,UTIAMC,UTI Asset Management Co. Ltd.,BSE,stock,INE094J01016,Finance,Investment Managers,Financials,accept
UTKAL,NSE_IN,Utkal Speciality Industries India Limited,UTKAL,Utkal Speciality Industries India Limited,NSE,stock,INE1V1R01014,Process Industries,Containers/Packaging,Materials,accept
UTKARSHBNK,BSE_IN,Utkarsh Small Finance Bank Ltd,UTKARSHBNK,Utkarsh Small Finance Bank Limited,BSE,stock,INE735W01017,Finance,Regional Banks,Financials,accept
UTLSOLAR,BSE_IN,Fujiyama Power Systems Ltd,UTLSOLAR,Fujiyama Power Systems Limited,BSE,stock,INE12UR01024,Electronic Technology,Semiconductors,Information Technology,accept
UTLSOLAR,NSE_IN,Fujiyama Power Systems Limited,UTLSOLAR,Fujiyama Power Systems Limited,NSE,stock,INE12UR01024,Electronic Technology,Semiconductors,Information Technology,accept
UTTAMSUGAR,BSE_IN,Uttam Sugar Mills Ltd,UTTAMSUGAR,Uttam Sugar Mills Limited,BSE,stock,INE786F01031,Process Industries,Agricultural Commodities/Milling,Consumer Staples,accept
UUM,XETRA,"UNUM GROUP         DL-,10",UUM,Unum Group,XETR,stock,US91529Y1064,Finance,Multi-Line Insurance,Financials,accept
UVD,XETRA,"UNIVERSAL DISPLAY  DL-,01",UVD,Universal Display Corporation,XETR,stock,US91347P1057,Electronic Technology,Electronic Production Equipment,Information Technology,accept
UYFINCORP,BSE_IN,U. Y. Fincorp Ltd,UYFINCORP,U. Y. Fincorp Limited,BSE,stock,INE152C01025,Finance,Finance/Rental/Leasing,Financials,accept
UZT,BVB,UZTEL S.A.,UZT,UZTEL SA,BVB,stock,ROUZTEACNOR5,Producer Manufacturing,Industrial Machinery,Industrials,accept
V0Y,XETRA,"VOYA FINANCIAL INC.DL-,01",V0Y,"Voya Financial, Inc.",XETR,stock,US9290891004,Finance,Life/Health Insurance,Financials,accept
V2RETAIL,BSE_IN,V2 Retail Ltd,V2RETAIL,V2 Retail Limited,BSE,stock,INE945H01021,Retail Trade,Apparel/Footwear Retail,Consumer Discretionary,accept
V71,XETRA,HUT 8 CORP.         O.N.,V71,Hut 8 Corp.,XETR,stock,US44812J1043,Technology Services,Data Processing Services,Information Technology,accept
V76,XETRA,PRIMO BRANDS CORP.,V76,Primo Brands Corporation Class A,XETR,stock,US7416231022,Consumer Non-Durables,Beverages: Non-Alcoholic,Consumer Staples,accept
VA7A,XETRA,VERISK ANALYTICS DL-001,VA7A,"Verisk Analytics, Inc.",XETR,stock,US92345Y1064,Technology Services,Data Processing Services,Information Technology,accept
VAD,XETRA,SCP STAN.CAP.PART. INH ON,VAD,SCP Standard Capital Partners AG,XETR,stock,DE000A12UPJ7,Consumer Services,Movies/Entertainment,Communication Services,accept
VADILALIND,BSE_IN,Vadilal Industries Ltd,VADILALIND,Vadilal Industries Limited,BSE,stock,INE694D01016,Consumer Non-Durables,Food: Specialty/Candy,Consumer Staples,accept
VADILENT,NSE_IN,Vadilal Enterprises Limited,VADILENT,Vadilal Enterprises Limited,NSE,stock,INE693D01018,Consumer Non-Durables,Food: Specialty/Candy,Consumer Staples,accept
VAHH,BSE_IN,Vahh Chemicals Ltd,VAHH,Vahh Chemicals Limited,BSE,stock,INE0H3U01013,Process Industries,Chemicals: Major Diversified,Materials,accept
VAI,NASDAQ,Valor Energy Incorporated - Common Stock,VAI,Valor Energy Incorporated,NASDAQ,stock,US8172253036,Finance,Finance/Rental/Leasing,Financials,accept
VAI,XETRA,"VAIL RESORTS INC.  DL-,01",VAI,"Vail Resorts, Inc.",XETR,stock,US91879Q1094,Consumer Services,Hotels/Resorts/Cruise lines,Consumer Discretionary,accept
VAIBHAVGBL,BSE_IN,Vaibhav Global Ltd,VAIBHAVGBL,Vaibhav Global Ltd.,BSE,stock,INE884A01027,Consumer Durables,Other Consumer Specialties,Consumer Discretionary,accept
VAKRANGEE,BSE_IN,Vakrangee Ltd,VAKRANGEE,Vakrangee Limited,BSE,stock,INE051B01021,Retail Trade,Internet Retail,Consumer Discretionary,accept
VALIANTLAB,BSE_IN,Valiant Laboratories Ltd,VALIANTLAB,Valiant Laboratories Ltd.,BSE,stock,INE0JWS01017,Health Technology,Pharmaceuticals: Major,Health Care,accept
VALIANTLAB,NSE_IN,Valiant Laboratories Limited,VALIANTLAB,Valiant Laboratories Ltd.,NSE,stock,INE0JWS01017,Health Technology,Pharmaceuticals: Major,Health Care,accept
VALIANTORG,BSE_IN,Valiant Organics Ltd,VALIANTORG,Valiant Organics Limited,BSE,stock,INE565V01010,Process Industries,Chemicals: Specialty,Materials,accept
VALUE360,NSE_IN,Value 360 Communications Limited,VALUE360,Value 360 Communications Limited,NSE,stock,INE1E7Y01018,Commercial Services,Miscellaneous Commercial Services,Industrials,accept
VAML,BSE_IN,Vedanta Aluminium Metal Ltd,VAML,Vedanta Aluminium Metal Limited,BSE,stock,INE1CDF01017,Non-Energy Minerals,Aluminum,Materials,accept
VAML,NSE_IN,Vedanta Aluminium Metal Limited,VAML,Vedanta Aluminium Metal Limited,NSE,stock,INE1CDF01017,Non-Energy Minerals,Aluminum,Materials,accept
VARDMNPOLY,NSE_IN,Vardhman Polytex Limited,VARDMNPOLY,Vardhman Polytex Ltd,NSE,stock,INE835A01029,Process Industries,Textiles,Materials,accept
VARROC,BSE_IN,Varroc Engineering Ltd,VARROC,Varroc Engineering Limited,BSE,stock,INE665L01035,Producer Manufacturing,Auto Parts: OEM,Industrials,accept
VASCONEQ,BSE_IN,Vascon Engineers Ltd,VASCONEQ,Vascon Engineers Limited,BSE,stock,INE893I01013,Industrial Services,Engineering & Construction,Industrials,accept
VASUPRADA,NSE_IN,Shri Vasuprada Plantations Limited,VASUPRADA,Shri Vasuprada Plantations Limited.,NSE,stock,INE574G01013,Consumer Non-Durables,Food: Specialty/Candy,Consumer Staples,accept
VASWANI,BSE_IN,Vaswani Industries Ltd,VASWANI,Vaswani Industries Limited,BSE,stock,INE590L01019,Non-Energy Minerals,Steel,Materials,accept
VBL,BSE_IN,Varun Beverages Ltd,VBL,Varun Beverages Ltd.,BSE,stock,INE200M01039,Consumer Non-Durables,Beverages: Non-Alcoholic,Consumer Staples,accept
VCV,XETRA,"VICOR CORP.        DL-,01",VCV,Vicor Corporation,XETR,stock,US9258151029,Electronic Technology,Electronic Components,Information Technology,accept
VEDAVAAG,NSE_IN,VEDAVAAG Systems Limited,VEDAVAAG,Vedavaag Systems Limited,NSE,stock,INE359B01010,Technology Services,Information Technology Services,Information Technology,accept
VEDL,BSE_IN,Vedanta Ltd,VEDL,Vedanta Limited,BSE,stock,INE205A01025,Non-Energy Minerals,Aluminum,Materials,accept
VEDPOWER,BSE_IN,Vedanta Power Ltd,VEDPOWER,Vedanta Power Ltd,BSE,stock,INE694L01019,Utilities,Electric Utilities,Utilities,accept
VEDPOWER,NSE_IN,Vedanta Power Limited,VEDPOWER,Vedanta Power Ltd,NSE,stock,INE694L01019,Utilities,Electric Utilities,Utilities,accept
VEE,XETRA,"VEEVA SYSTEMS A DL-,00001",VEE,Veeva Systems Inc. Class A,XETR,stock,US9224751084,Technology Services,Packaged Software,Information Technology,accept
VEEDOL,BSE_IN,Veedol Corporation Ltd,VEEDOL,Veedol Corp. Ltd,BSE,stock,INE484C01030,Energy Minerals,Oil Refining/Marketing,Energy,accept
VEEGALAND,BSE_IN,Veegaland Developers Ltd,VEEGALAND,Veegaland Developers Limited,BSE,stock,INE1JTV01015,Finance,Real Estate Development,Real Estate,accept
VEEGALAND,NSE_IN,Veegaland Developers Limited,VEEGALAND,Veegaland Developers Limited,NSE,stock,INE1JTV01015,Finance,Real Estate Development,Real Estate,accept
VELJAN,NSE_IN,Veljan Denison Limited,VELJAN,Veljan Denison Limited,NSE,stock,INE232E01013,Producer Manufacturing,Industrial Machinery,Industrials,accept
VELLORA,BSE_IN,Vellora Impact Ltd,VELLORA,Vellora Impact Ltd,BSE,stock,INE530D01012,Process Industries,Chemicals: Specialty,Materials,accept
VENKEYS,BSE_IN,Venkys (India) Ltd,VENKEYS,Venky's (India) Limited,BSE,stock,INE398A01010,Process Industries,Agricultural Commodities/Milling,Consumer Staples,accept
VENTIVE,BSE_IN,Ventive Hospitality Ltd,VENTIVE,Ventive Hospitality Limited,BSE,stock,INE781S01027,Consumer Services,Hotels/Resorts/Cruise lines,Consumer Discretionary,accept
VENTIVE,NSE_IN,Ventive Hospitality Limited,VENTIVE,Ventive Hospitality Limited,NSE,stock,INE781S01027,Consumer Services,Hotels/Resorts/Cruise lines,Consumer Discretionary,accept
VENUSPIPES,BSE_IN,Venus Pipes & Tubes Ltd,VENUSPIPES,Venus Pipes & Tubes Ltd.,BSE,stock,INE0JA001018,Non-Energy Minerals,Steel,Materials,accept
VENUSREM,BSE_IN,Venus Remedies Ltd,VENUSREM,Venus Remedies Limited,BSE,stock,INE411B01019,Health Technology,Pharmaceuticals: Major,Health Care,accept
VERANDA,BSE_IN,Veranda Learning Solutions Ltd,VERANDA,Veranda Learning Solutions Ltd.,BSE,stock,INE0IQ001011,Commercial Services,Miscellaneous Commercial Services,Industrials,accept
VESUVIUS,BSE_IN,Vesuvius India Ltd,VESUVIUS,Vesuvius India Ltd,BSE,stock,INE386A01023,Non-Energy Minerals,Construction Materials,Materials,accept
VESY,BVB,VES SA,VESY,VES SA,BVB,stock,ROVESYACNOR8,Consumer Durables,Home Furnishings,Consumer Discretionary,accept
VETO,BSE_IN,Veto Switchgears and Cables Ltd,VETO,Veto Switchgears & Cables Ltd.,BSE,stock,INE918N01018,Producer Manufacturing,Electrical Products,Industrials,accept
VF4,XETRA,"KARMAN HLDGS INC. DL-,001",VF4,Karman Holdings Inc.,XETR,stock,US4859241048,Electronic Technology,Aerospace & Defense,Industrials,accept
VGCL,NSE_IN,Vibrant Global Capital Limited,VGCL,Vibrant Global Capital Ltd,NSE,stock,INE761Q01015,Finance,Investment Managers,Financials,accept
VGL,BSE_IN,Varvee Global Ltd,VGL,Varvee Global Limited,BSE,stock,INE273D01027,Process Industries,Textiles,Materials,accept
VGUARD,BSE_IN,V-Guard Industries Ltd,VGUARD,V-Guard Industries Limited,BSE,stock,INE951I01027,Producer Manufacturing,Electrical Products,Industrials,accept
VHL,BSE_IN,Vardhman Holdings Ltd,VHL,Vardhman Holdings Limited,BSE,stock,INE701A01023,Finance,Investment Managers,Financials,accept
VHLTD,NSE_IN,Viceroy Hotels Limited,VHLTD,Viceroy Hotels Ltd,NSE,stock,INE048C01025,Consumer Services,Hotels/Resorts/Cruise lines,Consumer Discretionary,accept
VHY,XETRA,"VISHAY INTERTECH.  DL-,10",VHY,"Vishay Intertechnology, Inc.",XETR,stock,US9282981086,Electronic Technology,Electronic Production Equipment,Information Technology,accept
VIDHIING,BSE_IN,Vidhi Specialty Food Ingredients Ltd,VIDHIING,Vidhi Specialty Food Ingredients Ltd,BSE,stock,INE632C01026,Consumer Non-Durables,Food: Specialty/Candy,Consumer Staples,accept
VIDYAWIRES,BSE_IN,Vidya Wires Ltd,VIDYAWIRES,Vidya Wires Limited,BSE,stock,INE14UN01029,Non-Energy Minerals,Other Metals/Minerals,Materials,accept
VIDYAWIRES,NSE_IN,Vidya Wires Limited,VIDYAWIRES,Vidya Wires Limited,NSE,stock,INE14UN01029,Non-Energy Minerals,Other Metals/Minerals,Materials,accept
VIJAYA,BSE_IN,Vijaya Diagnostic Centre Ltd,VIJAYA,Vijaya Diagnostic Centre Ltd.,BSE,stock,INE043W01024,Health Services,Medical/Nursing Services,Health Care,accept
VIJIFIN,NSE_IN,Viji Finance Limited,VIJIFIN,Viji Finance Ltd.,NSE,stock,INE159N01027,Finance,Finance/Rental/Leasing,Financials,accept
VIJSOLX,NSE_IN,Vijay Solvex Limited,VIJSOLX,Vijay Solvex Ltd.,NSE,stock,INE362D01010,Process Industries,Agricultural Commodities/Milling,Consumer Staples,accept
VIKASECO,BSE_IN,Vikas EcoTech Ltd,VIKASECO,Vikas EcoTech Limited,BSE,stock,INE806A01020,Process Industries,Chemicals: Major Diversified,Materials,accept
VIKASLIFE,BSE_IN,Vikas Lifecare Ltd,VIKASLIFE,Vikas Lifecare Limited,BSE,stock,INE161L01027,Distribution Services,Wholesale Distributors,Industrials,accept
VIKRAMSOLR,BSE_IN,Vikram Solar Ltd,VIKRAMSOLR,Vikram Solar Limited,BSE,stock,INE078V01014,Electronic Technology,Semiconductors,Information Technology,accept
VIKRAN,BSE_IN,Vikran Engineering Ltd,VIKRAN,Vikran Engineering Limited,BSE,stock,INE01R501028,Industrial Services,Engineering & Construction,Industrials,accept
VIKRAN,NSE_IN,Vikran Engineering Limited,VIKRAN,Vikran Engineering Limited,NSE,stock,INE01R501028,Industrial Services,Engineering & Construction,Industrials,accept
VIMTALABS,BSE_IN,Vimta Labs Ltd,VIMTALABS,Vimta Labs Limited,BSE,stock,INE579C01029,Commercial Services,Miscellaneous Commercial Services,Industrials,accept
VINATIORGA,BSE_IN,Vinati Organics Ltd,VINATIORGA,Vinati Organics Limited,BSE,stock,INE410B01037,Process Industries,Chemicals: Specialty,Materials,accept
VINCOFE,BSE_IN,Vintage Coffee And Beverages Ltd,VINCOFE,Vintage Coffee and Beverages Limited,BSE,stock,INE498Q01014,Distribution Services,Wholesale Distributors,Industrials,accept
VINCOFE,NSE_IN,Vintage Coffee And Beverages Limited,VINCOFE,Vintage Coffee and Beverages Limited,NSE,stock,INE498Q01014,Distribution Services,Wholesale Distributors,Industrials,accept
VINDHYATEL,BSE_IN,Vindhya Telelinks Ltd,VINDHYATEL,Vindhya Telelinks Limited,BSE,stock,INE707A01012,Industrial Services,Engineering & Construction,Industrials,accept
VINEETLAB,BSE_IN,Vineet Laboratories Ltd,VINEETLAB,Vineet Laboratories Ltd.,BSE,stock,INE505Y01010,Process Industries,Chemicals: Specialty,Materials,accept
VINNY,BSE_IN,Vinny Overseas Ltd,VINNY,Vinny Overseas Ltd.,BSE,stock,INE01KI01027,Process Industries,Textiles,Materials,accept
VINNY,NSE_IN,Vinny Overseas Limited,VINNY,Vinny Overseas Ltd.,NSE,stock,INE01KI01027,Process Industries,Textiles,Materials,accept
VINOD,NSE_IN,Vinod Texworld Limited,VINOD,Vinod Texworld Limited,NSE,stock,INE1A5U01014,Process Industries,Textiles,Materials,accept
VINYLINDIA,BSE_IN,Vinyl Chemicals (India) Ltd,VINYLINDIA,Vinyl Chemicals (India) Limited,BSE,stock,INE250B01029,Distribution Services,Wholesale Distributors,Industrials,accept
VIP,NASDAQ,Vulcan Infrastructure and Power Inc. - Class A Common Stock,VIP,Vulcan Infrastructure and Power Inc. Class A,NASDAQ,stock,US39531G3083,Technology Services,Packaged Software,Information Technology,accept
VIPCLOTHNG,BSE_IN,VIP Clothing Ltd,VIPCLOTHNG,VIP Clothing Limited,BSE,stock,INE450G01024,Consumer Non-Durables,Apparel/Footwear,Consumer Staples,accept
VIPIND,BSE_IN,VIP Industries Ltd,VIPIND,V.I.P.INDUSTRIES LTD.,BSE,stock,INE054A01027,Consumer Durables,Other Consumer Specialties,Consumer Discretionary,accept
VIPULLTD,NSE_IN,Vipul Limited,VIPULLTD,Vipul Limited,NSE,stock,INE946H01037,Finance,Real Estate Development,Real Estate,accept
VIRAT,NSE_IN,Virat Industries Limited,VIRAT,Virat Industries Limited,NSE,stock,INE467D01017,Consumer Non-Durables,Apparel/Footwear,Consumer Staples,accept
VIRINCHI,NSE_IN,Virinchi Limited,VIRINCHI,Virinchi Ltd.,NSE,stock,INE539B01017,Technology Services,Information Technology Services,Information Technology,accept
VIRTUALG,NSE_IN,Virtual Global Education Limited,VIRTUALG,Virtual Global Education Ltd.,NSE,stock,INE247C01023,Consumer Services,Other Consumer Services,Consumer Discretionary,accept
VISACHROME,BSE_IN,VISA Chrome Ltd,VISACHROME,Visa Chrome Ltd,BSE,stock,INE286H01012,Non-Energy Minerals,Steel,Materials,accept
VISAKAIND,BSE_IN,Visaka Industries Ltd,VISAKAIND,Visaka Industries Ltd.,BSE,stock,INE392A01021,Process Industries,Industrial Specialties,Materials,accept
VISDEM,NSE_IN,Visdem Technosys Limited,VISDEM,Visdem Technosys Limited,NSE,stock,INE0OWX01025,Producer Manufacturing,Electrical Products,Industrials,accept
VISHAL,NSE_IN,Vishal Fabrics Limited,VISHAL,Vishal Fabrics Ltd,NSE,stock,INE755Q01025,Process Industries,Textiles,Materials,accept
VISHNU,BSE_IN,Vishnu Chemicals Ltd,VISHNU,Vishnu Chemicals Limited,BSE,stock,INE270I01022,Process Industries,Chemicals: Specialty,Materials,accept
VISHWARAJ,BSE_IN,Vishwaraj Sugar Industries Ltd,VISHWARAJ,Vishwaraj Sugar Industries Ltd.,BSE,stock,INE430N01022,Process Industries,Agricultural Commodities/Milling,Consumer Staples,accept
VITK,BVB,VITIMAS SA TECUCI,VITK,Vitimas SA Tecuci,BVB,stock,ROVITKACNOR6,Producer Manufacturing,Trucks/Construction/Farm Machinery,Industrials,accept
VIVIDHA,BSE_IN,Visagar Polytex Ltd,VIVIDHA,Visagar Polytex Limited,BSE,stock,INE370E01029,Process Industries,Textiles,Materials,accept
VIVIMEDLAB,BSE_IN,Vivimed Labs Ltd,VIVIMEDLAB,Vivimed Labs Limited,BSE,stock,INE526G01021,Health Technology,Pharmaceuticals: Major,Health Care,accept
VIVOBIOT,NSE_IN,Vivo Bio Tech Limited,VIVOBIOT,Vivo Bio Tech Ltd.,NSE,stock,INE380K01017,Distribution Services,Medical Distributors,Industrials,accept
VIYASH,BSE_IN,Viyash Scientific Ltd,VIYASH,Viyash Scientific Limited,BSE,stock,INE807F01027,Health Technology,Pharmaceuticals: Major,Health Care,accept
VLEGOV,BSE_IN,VL E-Governance & IT Solutions Ltd,VLEGOV,VL E-Governance & IT Solutions Ltd.,BSE,stock,INE03HW01020,Technology Services,Information Technology Services,Information Technology,accept
VLEGOV,NSE_IN,VL E-Governance & IT Solutions Limited,VLEGOV,VL E-Governance & IT Solutions Ltd.,NSE,stock,INE03HW01020,Technology Services,Information Technology Services,Information Technology,accept
VLOS,NASDAQ,Velos Acquisition I Corp. - Class A Ordinary shares,VLOS,Velos Acquisition I Corp. Class A,NASDAQ,stock,KYG632121078,Finance,Financial Conglomerates,,unsupported_sector
VLSFINANCE,BSE_IN,VLS Finance Ltd,VLSFINANCE,V L S Finance Limited,BSE,stock,INE709A01018,Finance,Investment Banks/Brokers,Financials,accept
VMART,BSE_IN,V-Mart Retail Ltd,VMART,V-Mart Retail Ltd,BSE,stock,INE665J01013,Retail Trade,Specialty Stores,Consumer Discretionary,accept
VMM,BSE_IN,Vishal Mega Mart Ltd,VMM,Vishal Mega Mart Ltd.,BSE,stock,INE01EA01019,Retail Trade,Apparel/Footwear Retail,Consumer Discretionary,accept
VMOBILE,NSE_IN,Vinit Mobile Limited,VMOBILE,Vinit Mobile Ltd.,NSE,stock,INE27V201011,Retail Trade,Electronics/Appliance Stores,Consumer Discretionary,accept
VMSTMT,BSE_IN,VMS TMT Ltd,VMSTMT,Vms Tmt Limited,BSE,stock,INE0SJA01013,Non-Energy Minerals,Steel,Materials,accept
VMSTMT,NSE_IN,VMS TMT Limited,VMSTMT,Vms Tmt Limited,NSE,stock,INE0SJA01013,Non-Energy Minerals,Steel,Materials,accept
VNB,XETRA,VALLEY NATL BANCORP,VNB,Valley National Bancorp,XETR,stock,US9197941076,Finance,Major Banks,Financials,accept
VNI,XETRA,AVNET INC.           DL 1,VNI,"Avnet, Inc.",XETR,stock,US0538071038,Distribution Services,Electronics Distributors,Industrials,accept
VOEPL,NSE_IN,Virtuoso Optoelectronics Limited,VOEPL,Virtuoso Optoelectronics Limited,NSE,stock,INE0I0T01010,Health Technology,Medical Specialties,Health Care,accept
VOGL,BSE_IN,Vedanta Oil and Gas Ltd,VOGL,Vedanta Oil and Gas Limited,BSE,stock,INE704J01044,Energy Minerals,Oil & Gas Production,Energy,accept
VOGL,NSE_IN,Vedanta Oil and Gas Limited,VOGL,Vedanta Oil and Gas Limited,NSE,stock,INE704J01044,Energy Minerals,Oil & Gas Production,Energy,accept
VOITHPAPR,NSE_IN,Voith Paper Fabrics India Limited,VOITHPAPR,Voith Paper Fabrics India Limited,NSE,stock,INE285C01015,Process Industries,Textiles,Materials,accept
VOLTAMP,BSE_IN,Voltamp Transformers Ltd,VOLTAMP,Voltamp Transformers Limited,BSE,stock,INE540H01012,Producer Manufacturing,Electrical Products,Industrials,accept
VOLTAS,BSE_IN,Voltas Ltd,VOLTAS,Voltas Limited,BSE,stock,INE226A01021,Producer Manufacturing,Industrial Machinery,Industrials,accept
VPAL,BSE_IN,Vegorama Punjabi Angithi Ltd,VPAL,Vegorama Punjabi Angithi Limited,BSE,stock,INE1L3801017,Retail Trade,Food Retail,Consumer Staples,accept
VPRPL,BSE_IN,Vishnu Prakash R Punglia Ltd,VPRPL,Vishnu Prakash R Punglia Ltd.,BSE,stock,INE0AE001013,Industrial Services,Engineering & Construction,Industrials,accept
VPRPL,NSE_IN,Vishnu Prakash R Punglia Limited,VPRPL,Vishnu Prakash R Punglia Ltd.,NSE,stock,INE0AE001013,Industrial Services,Engineering & Construction,Industrials,accept
VRAJ,BSE_IN,Vraj Iron And Steel Ltd,VRAJ,Vraj Iron & Steel Ltd.,BSE,stock,INE0S2V01010,Non-Energy Minerals,Steel,Materials,accept
VRAJ,NSE_IN,Vraj Iron and Steel Limited,VRAJ,Vraj Iron & Steel Ltd.,NSE,stock,INE0S2V01010,Non-Energy Minerals,Steel,Materials,accept
VRLLOG,BSE_IN,VRL Logistics Ltd,VRLLOG,VRL Logistics Ltd.,BSE,stock,INE366I01010,Transportation,Trucking,Industrials,accept
VRS,XETRA,"VERISIGN INC.     DL-,001",VRS,"VeriSign, Inc.",XETR,stock,US92343E1029,Technology Services,Internet Software/Services,Information Technology,accept
VS1,XETRA,"VIASAT INC.      DL-,0001",VS1,"ViaSat, Inc.",XETR,stock,US92552V1008,Electronic Technology,Telecommunications Equipment,Information Technology,accept
VSSL,BSE_IN,Vardhman Special Steels Ltd,VSSL,Vardhman Special Steels Limited,BSE,stock,INE050M01012,Non-Energy Minerals,Steel,Materials,accept
VSTIND,BSE_IN,VST Industries Ltd,VSTIND,VST Industries Limited,BSE,stock,INE710A01016,Consumer Non-Durables,Tobacco,Consumer Staples,accept
VSTTILLERS,BSE_IN,VST Tillers Tractors Ltd,VSTTILLERS,VST Tillers Tractors Limited,BSE,stock,INE764D01017,Producer Manufacturing,Trucks/Construction/Farm Machinery,Industrials,accept
VTAG,XETRA,Voltatron AG,,,,,,,,,no_tradingview_match
VTL,BSE_IN,Vardhman Textiles Ltd,VTL,Vardhman Textiles Limited,BSE,stock,INE825A01020,Process Industries,Textiles,Materials,accept
VTMLTD,NSE_IN,VTM Limited,VTMLTD,VTM Limited,NSE,stock,INE222F01029,Process Industries,Textiles,Materials,accept
W7D,XETRA,"WORKDAY INC.CL.A  DL-,001",W7D,"Workday, Inc. Class A",XETR,stock,US98138H1014,Technology Services,Information Technology Services,Information Technology,accept
W8K,XETRA,DESTINY TECH100 INC.,W8K,Destiny Tech100 Inc,XETR,fund,US25063F1075,Miscellaneous,Investment Trusts/Mutual Funds,,asset_type_mismatch
WA3,XETRA,CASELLA WASTE SYS A DL-01,WA3,"Casella Waste Systems, Inc. Class A",XETR,stock,US1474481041,Industrial Services,Environmental Services,Industrials,accept
WAAREEENER,BSE_IN,Waaree Energies Ltd,WAAREEENER,WAAREE Energies Limited,BSE,stock,INE377N01017,Electronic Technology,Semiconductors,Information Technology,accept
WAAREEINDO,BSE_IN,Indosolar Ltd,WAAREEINDO,Indosolar Limited,BSE,stock,INE866K01023,Electronic Technology,Electronic Equipment/Instruments,Information Technology,accept
WAAREERTL,BSE_IN,Waaree Renewable Technologies Ltd,WAAREERTL,Waaree Renewable Technologies Ltd,BSE,stock,INE299N01021,Utilities,Alternative Power Generation,Utilities,accept
WAAREERTL,NSE_IN,Waaree Renewable Technologies Limited,WAAREERTL,Waaree Renewable Technologies Ltd,NSE,stock,INE299N01021,Utilities,Alternative Power Generation,Utilities,accept
WABAG,BSE_IN,VA Tech Wabag Ltd,WABAG,VA Tech Wabag Limited,BSE,stock,INE956G01038,Industrial Services,Engineering & Construction,Industrials,accept
WAKEFIT,BSE_IN,Wakefit Innovations Ltd,WAKEFIT,Wakefit Innovations Limited,BSE,stock,INE0E7301029,Retail Trade,Specialty Stores,Consumer Discretionary,accept
WAKEFIT,NSE_IN,Wakefit Innovations Limited,WAKEFIT,Wakefit Innovations Limited,NSE,stock,INE0E7301029,Retail Trade,Specialty Stores,Consumer Discretionary,accept
WALCHANNAG,BSE_IN,Walchandnagar Industries Ltd,WALCHANNAG,Walchandnagar Industries Limited,BSE,stock,INE711A01022,Producer Manufacturing,Industrial Machinery,Industrials,accept
WANBURY,NSE_IN,Wanbury Limited,WANBURY,Wanbury Limited,NSE,stock,INE107F01022,Health Technology,Pharmaceuticals: Major,Health Care,accept
WARDINMOBI,NSE_IN,Wardwizard Innovations & Mobility Limited,WARDINMOBI,Wardwizard Innovations & Mobility Ltd.,NSE,stock,INE945P01024,Finance,Real Estate Development,Real Estate,accept
WATERBASE,NSE_IN,Waterbase Limited,WATERBASE,Waterbase Limited,NSE,stock,INE054C01015,Process Industries,Agricultural Commodities/Milling,Consumer Staples,accept
WAZ,XETRA,"WATERS CORP.       DL-,01",WAZ,Waters Corporation,XETR,stock,US9418481035,Health Technology,Medical Specialties,Health Care,accept
WCIL,BSE_IN,Western Carriers (India) Ltd,WCIL,Western Carriers (India) Limited,BSE,stock,INE0CJF01024,Transportation,Air Freight/Couriers,Industrials,accept
WCIL,NSE_IN,Western Carriers (India) Limited,WCIL,Western Carriers (India) Limited,NSE,stock,INE0CJF01024,Transportation,Air Freight/Couriers,Industrials,accept
WDC,XETRA,"WESTN DIGITAL      DL-,01",WDC,Western Digital Corporation,XETR,stock,US9581021055,Electronic Technology,Computer Peripherals,Information Technology,accept
WEA,XETRA,WESTERN ALLIANCE BANC.,WEA,Western Alliance Bancorp,XETR,stock,US9576381092,Finance,Regional Banks,Financials,accept
WEALTH,BSE_IN,Wealth First Portfolio Managers Ltd,WEALTH,Wealth First Portfolio Managers Ltd.,BSE,stock,INE658T01017,Finance,Investment Managers,Financials,accept
WEBELSOLAR,BSE_IN,Websol Energy System Ltd,WEBELSOLAR,Websol Energy System Limited,BSE,stock,INE855C01023,Electronic Technology,Semiconductors,Information Technology,accept
WEIZMANIND,BSE_IN,Weizmann Ltd,WEIZMANIND,Weizmann Limited,BSE,stock,INE080A01014,Process Industries,Textiles,Materials,accept
WEL,BSE_IN,Wonder Electricals Ltd,WEL,Wonder Electricals Limited,BSE,stock,INE02WG01024,Electronic Technology,Electronic Equipment/Instruments,Information Technology,accept
WELCORP,BSE_IN,Welspun Corp Ltd,WELCORP,Welspun Corp Limited,BSE,stock,INE191B01025,Producer Manufacturing,Industrial Machinery,Industrials,accept
WELENT,BSE_IN,Welspun Enterprises Ltd,WELENT,Welspun Enterprises Ltd.,BSE,stock,INE625G01013,Industrial Services,Engineering & Construction,Industrials,accept
WELINV,BSE_IN,Welspun Investments and Commercials Ltd,WELINV,Welspun Investments & Commercials Ltd.,BSE,stock,INE389K01018,Finance,Investment Banks/Brokers,Financials,accept
WELSPLSOL,NSE_IN,Welspun Specialty Solutions Limited,WELSPLSOL,Welspun Specialty Solutions Limited,NSE,stock,INE731F01037,Non-Energy Minerals,Steel,Materials,accept
WELSPUNLIV,BSE_IN,Welspun Living Ltd,WELSPUNLIV,Welspun Living Limited,BSE,stock,INE192B01031,Consumer Non-Durables,Consumer Sundries,Consumer Staples,accept
WENDT,BSE_IN,Wendt (India) Ltd,WENDT,WENDT India Limited,BSE,stock,INE274C01019,Producer Manufacturing,Industrial Machinery,Industrials,accept
WESTLIFE,BSE_IN,Westlife Foodworld Ltd,WESTLIFE,Westlife Foodworld Limited,BSE,stock,INE274F01020,Consumer Services,Restaurants,Consumer Discretionary,accept
WEWIN,BSE_IN,We Win Ltd,WEWIN,We Win Ltd.,BSE,stock,INE082W01014,Commercial Services,Miscellaneous Commercial Services,Industrials,accept
WEWORK,BSE_IN,WeWork India Management Ltd,WEWORK,WeWork India Management Limited,BSE,stock,INE085001019,Finance,Real Estate Development,Real Estate,accept
WEWORK,NSE_IN,WeWork India Management Limited,WEWORK,WeWork India Management Limited,NSE,stock,INE085001019,Finance,Real Estate Development,Real Estate,accept
WF5A,XETRA,KRATOS DEF.+SEC.NEW DL001,WF5A,"Kratos Defense & Security Solutions, Inc.",XETR,stock,US50077B2079,Electronic Technology,Aerospace & Defense,Industrials,accept
WGSA,XETRA,"SS+C TECHNOL.HLDGS DL-,01",WGSA,"SS&C Technologies Holdings, Inc.",XETR,stock,US78467J1007,Technology Services,Packaged Software,Information Technology,accept
WHBRADY,NSE_IN,WH Brady & Company Limited,WHBRADY,W H Brady and Company Limited,NSE,stock,INE855A01019,Producer Manufacturing,Industrial Machinery,Industrials,accept
WHEELS,BSE_IN,Wheels India Ltd,WHEELS,Wheels India Limited,BSE,stock,INE715A01015,Producer Manufacturing,Auto Parts: OEM,Industrials,accept
WHIRLPOOL,BSE_IN,Whirlpool of India Ltd,WHIRLPOOL,Whirlpool Of India Limited,BSE,stock,INE716A01013,Consumer Durables,Electronics/Appliances,Consumer Discretionary,accept
WIC,XETRA,WEC ENERGY GRP      DL 10,WIC,WEC Energy Group Inc,XETR,stock,US92939U1060,Utilities,Electric Utilities,Utilities,accept
WILLAMAGOR,BSE_IN,Williamson Magor & Company Ltd,WILLAMAGOR,Williamson Magor & Co.Ltd.,BSE,stock,INE210A01017,Finance,Financial Conglomerates,,unsupported_sector
WINDLAS,BSE_IN,Windlas Biotech Ltd,WINDLAS,Windlas Biotech Ltd.,BSE,stock,INE0H5O01029,Health Technology,Pharmaceuticals: Major,Health Care,accept
WINDMACHIN,BSE_IN,Windsor Machines Ltd,WINDMACHIN,Windsor Machines Limited,BSE,stock,INE052A01021,Producer Manufacturing,Industrial Machinery,Industrials,accept
WINS,TSXV,Winshear Gold Corp,WINS,Winshear Metals Corp.,TSXV,stock,CA9749101015,Non-Energy Minerals,Precious Metals,,name_mismatch
WIPRO,BSE_IN,Wipro Ltd,WIPRO,Wipro Limited,BSE,stock,INE075A01022,Technology Services,Information Technology Services,Information Technology,accept
WJ4,XETRA,"WARRIOR MET COAL  DL -,01",WJ4,"Warrior Met Coal, Inc.",XETR,stock,US93627C1018,Energy Minerals,Coal,Energy,accept
WL9,XETRA,"WEX INC.          DL -,01",WL9,WEX Inc.,XETR,stock,US96208T1043,Commercial Services,Miscellaneous Commercial Services,Industrials,accept
WLCO,NASDAQ,Wilco 63 Corporation - Class A Ordinary Shares,WLCO,Wilco 63 Corp Class A,NASDAQ,stock,KYG9640P1046,Finance,Financial Conglomerates,,unsupported_sector
WM1,XETRA,WILLIAMS-SONOMA INC.DL-01,WM1,"Williams-Sonoma, Inc.",XETR,stock,US9699041011,Retail Trade,Specialty Stores,Consumer Discretionary,accept
WMB,XETRA,WILLIAMS COS INC.    DL 1,WMB,"Williams Companies, Inc.",XETR,stock,US9694571004,Industrial Services,Oil & Gas Pipelines,Industrials,accept
WOCKPHARMA,BSE_IN,Wockhardt Ltd,WOCKPHARMA,Wockhardt Limited,BSE,stock,INE049B01025,Health Technology,Pharmaceuticals: Major,Health Care,accept
WONDERLA,BSE_IN,Wonderla Holidays Ltd,WONDERLA,Wonderla Holidays Ltd.,BSE,stock,INE066O01014,Consumer Services,Movies/Entertainment,Communication Services,accept
WORTHPERI,BSE_IN,Worth Peripherals Ltd,WORTHPERI,Worth Peripherals Ltd.,BSE,stock,INE196Y01018,Process Industries,Containers/Packaging,Materials,accept
WP7,XETRA,"WESCO INTL INC.    DL-,01",WP7,"WESCO International, Inc.",XETR,stock,US95082P1057,Distribution Services,Wholesale Distributors,Industrials,accept
WPIL,NSE_IN,WPIL Limited,WPIL,WPIL Limited,NSE,stock,INE765D01022,Producer Manufacturing,Industrial Machinery,Industrials,accept
WSTCSTPAPR,BSE_IN,West Coast Paper Mills Ltd,WSTCSTPAPR,West Coast Paper Mills Limited,BSE,stock,INE976A01021,Producer Manufacturing,Office Equipment/Supplies,Industrials,accept
WTY,XETRA,WILLIS TOWERS WATSON,WTY,Willis Towers Watson Public Limited Company,XETR,stock,IE00BDB6Q211,Finance,Insurance Brokers/Services,Financials,accept
X06,XETRA,VERSANT MEDIA GRP A O.N.,X06,"Versant Media Group, Inc. Class A",XETR,stock,US9252831030,Consumer Services,Cable/Satellite TV,Communication Services,accept
X68,XETRA,"RUBRIK INC. A DL-,001",X68,"Rubrik, Inc. Class A",XETR,stock,US7811541090,Technology Services,Information Technology Services,Information Technology,accept
XCHANGING,BSE_IN,Xchanging Solutions Ltd,XCHANGING,Xchanging Solutions Limited,BSE,stock,INE692G01013,Technology Services,Information Technology Services,Information Technology,accept
XELPMOC,BSE_IN,Xelpmoc Design and Tech Ltd,XELPMOC,Xelpmoc Design And Tech Ltd,BSE,stock,INE01P501012,Technology Services,Information Technology Services,Information Technology,accept
XIII,NASDAQ,Churchill Capital Corp XIII - Class A Ordinary Shares,XIII,Churchill Capital Corp. XIII Class A,NASDAQ,stock,KYG2132G1047,Finance,Financial Conglomerates,,unsupported_sector
XLAB,NASDAQ,Exascale Labs Holdings Inc. - Class A Common Stock,XLAB,Exascale Labs Holdings Inc. Class A,NASDAQ,stock,US30066G1022,Finance,Financial Conglomerates,,unsupported_sector
XPH,XETRA,"AMPHENOL CORP.  A DL-,001",XPH,Amphenol Corporation Class A,XETR,stock,US0320951017,Electronic Technology,Electronic Components,Information Technology,accept
XPROINDIA,BSE_IN,Xpro India Ltd,XPROINDIA,XPRO India Limited,BSE,stock,INE445C01015,Process Industries,Industrial Specialties,Materials,accept
XTER,NASDAQ,Karman Line Acquisition Corp. - Class A Ordinary Shares,XTER,Karman Line Acquisition Corp. Class A,NASDAQ,stock,KYG5226N1097,Finance,Financial Conglomerates,,unsupported_sector
XTGLOBAL,NSE_IN,Xtglobal Infotech Limited,XTGLOBAL,XTGlobal Infotech Ltd.,NSE,stock,INE547B01028,Technology Services,Information Technology Services,Information Technology,accept
XTRANET,BSE_IN,Xtranet Technologies Ltd,XTRANET,Xtranet Technologies Limited,BSE,stock,INE0NG701011,Technology Services,Information Technology Services,Information Technology,accept
XTRANET,NSE_IN,Xtranet Technologies Limited,XTRANET,Xtranet Technologies Limited,NSE,stock,INE0NG701011,Technology Services,Information Technology Services,Information Technology,accept
XTY,XETRA,CARPENTER TECHNOLOGY DL 5,XTY,Carpenter Technology Corporation,XETR,stock,US1442851036,Non-Energy Minerals,Other Metals/Minerals,Materials,accept
XXA1,XETRA,"AXCELIS TECHS     DL-,001",XXA1,"Axcelis Technologies, Inc.",XETR,stock,US0545402085,Producer Manufacturing,Industrial Machinery,Industrials,accept
Y5C,XETRA,GE VERNOVA INC.,Y5C,GE Vernova Inc.,XETR,stock,US36828A1016,Producer Manufacturing,Electrical Products,Industrials,accept
Y6G0,XETRA,BITMINE IMMERSION TEC.NEW,Y6G0,BitMine Immersion Technologies Inc,XETR,stock,US09175A2069,Finance,Financial Conglomerates,,unsupported_sector
YAASHVI,BSE_IN,Yaashvi Jewellers Ltd,YAASHVI,Yaashvi Jewellers Ltd.,BSE,stock,INE1T6L01010,Consumer Durables,Other Consumer Specialties,Consumer Discretionary,accept
YASHO,BSE_IN,Yasho Industries Ltd,YASHO,Yasho Industries Ltd.,BSE,stock,INE616Z01012,Consumer Non-Durables,Food: Specialty/Candy,Consumer Staples,accept
YATHARTH,BSE_IN,Yatharth Hospital & Trauma Care Services Ltd,YATHARTH,Yatharth Hospital and Trauma Care Services Limited,BSE,stock,INE0JO301016,Health Services,Hospital/Nursing Management,Health Care,accept
YATRA,BSE_IN,Yatra Online Ltd,YATRA,Yatra Online Limited,BSE,stock,INE0JR601024,Consumer Services,Other Consumer Services,Consumer Discretionary,accept
YDO1,XETRA,"MADRIGAL PHARMAC.  DL-,01",YDO1,"Madrigal Pharmaceuticals, Inc.",XETR,stock,US5588681057,Health Technology,Pharmaceuticals: Major,Health Care,accept
YDX,XETRA,"NEBIUS GROUP CL.A  DL-,01",YDX,Nebius Group N.V. Class A,XETR,stock,NL0009805522,Technology Services,Packaged Software,Information Technology,accept
YESBANK,BSE_IN,Yes Bank Ltd,YESBANK,Yes Bank Limited,BSE,stock,INE528G01035,Finance,Major Banks,Financials,accept
YFOR,NASDAQ,YYForce Inc. - Class A Ordinary Shares,YFOR,YYForce Limited Class A,NASDAQ,stock,VGG9888Q1292,Commercial Services,Miscellaneous Commercial Services,Industrials,accept
YICC,NASDAQ,Yorkville International Capital Corp. - Class A Ordinary Shares,YICC,Yorkville International Capital Corp. Class A,NASDAQ,stock,KYG986651050,Finance,Financial Conglomerates,,unsupported_sector
YL8,XETRA,"SAMSARA INC. A   DL-,0001",YL8,"Samsara, Inc. Class A",XETR,stock,US79589L1061,Technology Services,Packaged Software,Information Technology,accept
YOGI,NSE_IN,Yogi Limited,YOGI,Yogi Limited,NSE,stock,INE290E01011,Finance,Real Estate Development,Real Estate,accept
YUKEN,BSE_IN,Yuken India Ltd,YUKEN,Yuken India Limited,BSE,stock,INE384C01016,Producer Manufacturing,Industrial Machinery,Industrials,accept
YZ8,XETRA,PERMIAN RESOUR. CL.A O.N.,YZ8,Permian Resources Corporation Class A,XETR,stock,US71424F1057,Energy Minerals,Integrated Oil,Energy,accept
Z0Y,XETRA,JACOBS SOLUTIONS INC. DL1,Z0Y,Jacobs Solutions Inc.,XETR,stock,US46982L1089,Technology Services,Data Processing Services,Information Technology,accept
Z5O,XETRA,QNITY ELECTRONICS O.N.,Z5O,"Qnity Electronics, Inc.",XETR,stock,US74743L1008,Electronic Technology,Electronic Equipment/Instruments,Information Technology,accept
Z98,XETRA,"JBS N.N.         EO -,01",Z98,JBS N.V. Class A,XETR,stock,NL0015002J37,Consumer Non-Durables,Food: Meat/Fish/Dairy,Consumer Staples,accept
ZAGGLE,BSE_IN,Zaggle Prepaid Ocean Services Ltd,ZAGGLE,Zaggle Prepaid Ocean Services Limited,BSE,stock,INE07K301024,Technology Services,Packaged Software,Information Technology,accept
ZAGGLE,NSE_IN,Zaggle Prepaid Ocean Services Limited,ZAGGLE,Zaggle Prepaid Ocean Services Limited,NSE,stock,INE07K301024,Technology Services,Packaged Software,Information Technology,accept
ZAS,XETRA,"ASSURANT INC.      DL-,01",ZAS,"Assurant, Inc.",XETR,stock,US04621X1081,Finance,Property/Casualty Insurance,Financials,accept
ZEEL,BSE_IN,Zee Entertainment Enterprises Ltd,ZEEL,Zee Entertainment Enterprises Limited,BSE,stock,INE256A01028,Consumer Services,Broadcasting,Communication Services,accept
ZEELEARN,BSE_IN,Zee Learn Ltd,ZEELEARN,Zee Learn Limited,BSE,stock,INE565L01011,Consumer Services,Other Consumer Services,Consumer Discretionary,accept
ZEEMEDIA,NSE_IN,Zee Media Corporation Limited,ZEEMEDIA,Zee Media Corp. Ltd.,NSE,stock,INE966H01019,Consumer Services,Broadcasting,Communication Services,accept
ZENITHEXPO,BSE_IN,Zenith Exports Ltd,ZENITHEXPO,Zenith Exports Limited,BSE,stock,INE058B01018,Consumer Non-Durables,Apparel/Footwear,Consumer Staples,accept
ZENITHSTL,BSE_IN,Zenith Steel Pipes & Industries Ltd,ZENITHSTL,Zenith Steel Pipes & Industries Limited,BSE,stock,INE318D01020,Non-Energy Minerals,Steel,Materials,accept
ZENSARTECH,BSE_IN,Zensar Technologies Ltd,ZENSARTECH,Zensar Technologies Limited,BSE,stock,INE520A01027,Technology Services,Packaged Software,Information Technology,accept
ZENTEC,BSE_IN,ZEN Technologies Ltd,ZENTEC,Zen Technologies Limited,BSE,stock,INE251B01027,Technology Services,Information Technology Services,Information Technology,accept
ZFCVINDIA,BSE_IN,ZF Commercial Vehicle Control Systems India Ltd,ZFCVINDIA,ZF Commercial Vehicle Control Systems India Limited,BSE,stock,INE342J01019,Producer Manufacturing,Auto Parts: OEM,Industrials,accept
ZFSTEERING,NSE_IN,ZF Steering Gear (India) Limited,ZFSTEERING,Z F Steering Gear (India) Limited,NSE,stock,INE116C01012,Producer Manufacturing,Auto Parts: OEM,Industrials,accept
ZIMLAB,BSE_IN,Zim Laboratories Ltd,ZIMLAB,Zim Laboratories Ltd.,BSE,stock,INE518E01015,Health Technology,Pharmaceuticals: Generic,Health Care,accept
ZODIAC,BSE_IN,Zodiac Energy Ltd,ZODIAC,Zodiac Energy Ltd.,BSE,stock,INE761Y01019,Producer Manufacturing,Building Products,Industrials,accept
ZODIAC,NSE_IN,Zodiac Energy Limited,ZODIAC,Zodiac Energy Ltd.,NSE,stock,INE761Y01019,Producer Manufacturing,Building Products,Industrials,accept
ZODIACLOTH,BSE_IN,Zodiac Clothing Company Ltd,ZODIACLOTH,Zodiac Clothing Company Limited,BSE,stock,INE206B01013,Consumer Non-Durables,Apparel/Footwear,Consumer Staples,accept
ZSARACOM,NSE_IN,Saraswati Commercial India Limited,ZSARACOM,Saraswati Commercial (India) Ltd.,NSE,stock,INE967G01019,Finance,Financial Conglomerates,,unsupported_sector
ZT8,XETRA,"TERAWULF INC.      DL-,10",ZT8,TeraWulf Inc.,XETR,stock,US88080T1043,Technology Services,Data Processing Services,Information Technology,accept
ZUARI,BSE_IN,Zuari Agro Chemicals Ltd,ZUARI,Zuari Agro Chemicals Ltd.,BSE,stock,INE840M01016,Process Industries,Chemicals: Agricultural,Materials,accept
ZUARIIND,BSE_IN,Zuari Industries Ltd,ZUARIIND,Zuari Industries Limited,BSE,stock,INE217A01012,Process Industries,Agricultural Commodities/Milling,Consumer Staples,accept
ZYDUSLIFE,BSE_IN,Zydus Lifesciences Ltd,ZYDUSLIFE,Zydus Lifesciences Limited,BSE,stock,INE010B01027,Health Technology,Pharmaceuticals: Major,Health Care,accept
ZYDUSWELL,BSE_IN,Zydus Wellness Ltd,ZYDUSWELL,Zydus Wellness Limited,BSE,stock,INE768C01028,Consumer Non-Durables,Food: Major Diversified,Consumer Staples,accept
